run_id,method,aug,seed,stage,epoch,lr_used,lr_next,train_loss,val_loss,train_base_loss,val_base_loss,train_aux_ce,val_aux_ce,n_train_units,n_val_units,train_batches,val_batches,skipped_batches,val_bacc,val_auc,val_recall_dead,val_recall_alive,val_precision_dead,val_f1_dead
selfcon__simclr__s42,selfcon,simclr,42,contrastive,1,0.0005,0.0004996573836886434,3.1563482761383055,3.2562411721930444,3.1563482761383055,3.2562411721930444,,,240,166,4,3,0,,,,,,
selfcon__simclr__s42,selfcon,simclr,42,contrastive,2,0.0004996573836886434,0.0004986304738420682,2.6958099524180095,3.3762618403836906,2.6958099524180095,3.3762618403836906,,,240,166,4,3,0,,,,,,
selfcon__simclr__s42,selfcon,simclr,42,contrastive,3,0.0004986304738420682,0.0004969220851487844,2.6785605271657307,3.1391644650195016,2.6785605271657307,3.1391644650195016,,,240,166,4,3,0,,,,,,
selfcon__simclr__s42,selfcon,simclr,42,contrastive,4,0.0004969220851487844,0.0004945369001834514,2.423515955607096,3.0679259041705764,2.423515955607096,3.0679259041705764,,,240,166,4,3,0,,,,,,
selfcon__simclr__s42,selfcon,simclr,42,contrastive,5,0.0004945369001834514,0.0004914814565722671,2.2616310834884645,2.8858086574508484,2.2616310834884645,2.8858086574508484,,,240,166,4,3,0,,,,,,
selfcon__simclr__s42,selfcon,simclr,42,contrastive,6,0.0004914814565722671,0.00048776412907378846,1.97536252339681,2.9000541560621147,1.97536252339681,2.9000541560621147,,,240,166,4,3,0,,,,,,
selfcon__simclr__s42,selfcon,simclr,42,contrastive,7,0.00048776412907378846,0.00048339510662430044,2.1237739721934,2.8485094466841363,2.1237739721934,2.8485094466841363,,,240,166,4,3,0,,,,,,
selfcon__simclr__s42,selfcon,simclr,42,contrastive,8,0.00048339510662430044,0.0004783863644106502,1.9910144567489625,2.674187973321202,1.9910144567489625,2.674187973321202,,,240,166,4,3,0,,,,,,
selfcon__simclr__s42,selfcon,simclr,42,contrastive,9,0.0004783863644106502,0.00047275163104709196,1.9447195847829184,2.699794283832412,1.9447195847829184,2.699794283832412,,,240,166,4,3,0,,,,,,
selfcon__simclr__s42,selfcon,simclr,42,contrastive,10,0.00047275163104709196,0.00046650635094610973,1.6542121330897013,2.5651768173079894,1.6542121330897013,2.5651768173079894,,,240,166,4,3,0,,,,,,
selfcon__simclr__s42,selfcon,simclr,42,contrastive,11,0.00046650635094610973,0.00045966764198635603,1.4871463855107625,2.587907064391906,1.4871463855107625,2.587907064391906,,,240,166,4,3,0,,,,,,
selfcon__simclr__s42,selfcon,simclr,42,contrastive,12,0.00045966764198635603,0.0004522542485937369,1.757498304049174,2.6617180123386612,1.757498304049174,2.6617180123386612,,,240,166,4,3,0,,,,,,
selfcon__simclr__s42,selfcon,simclr,42,contrastive,13,0.0004522542485937369,0.00044428649036424276,1.6017613649368285,2.618694566818605,1.6017613649368285,2.618694566818605,,,240,166,4,3,0,,,,,,
selfcon__simclr__s42,selfcon,simclr,42,contrastive,14,0.00044428649036424276,0.0004357862063693486,1.5640563249588013,2.2840874539800438,1.5640563249588013,2.2840874539800438,,,240,166,4,3,0,,,,,,
selfcon__simclr__s42,selfcon,simclr,42,contrastive,15,0.0004357862063693486,0.00042677669529663696,1.488652761777242,2.096605601080929,1.488652761777242,2.096605601080929,,,240,166,4,3,0,,,,,,
selfcon__simclr__s42,selfcon,simclr,42,contrastive,16,0.00042677669529663696,0.0004172826515897146,1.5302284558614094,2.111783138240676,1.5302284558614094,2.111783138240676,,,240,166,4,3,0,,,,,,
selfcon__simclr__s42,selfcon,simclr,42,contrastive,17,0.0004172826515897146,0.0004073300977624594,1.2001758178075155,2.3039784761796516,1.2001758178075155,2.3039784761796516,,,240,166,4,3,0,,,,,,
selfcon__simclr__s42,selfcon,simclr,42,contrastive,18,0.0004073300977624594,0.0003969463130731183,1.4035430034001668,2.3682617825197885,1.4035430034001668,2.3682617825197885,,,240,166,4,3,0,,,,,,
selfcon__simclr__s42,selfcon,simclr,42,contrastive,19,0.0003969463130731183,0.0003861597587537568,1.3254977146784463,2.2520050255649062,1.3254977146784463,2.2520050255649062,,,240,166,4,3,0,,,,,,
selfcon__simclr__s42,selfcon,simclr,42,contrastive,20,0.0003861597587537568,0.000375,1.1675452788670857,2.3401090883346924,1.1675452788670857,2.3401090883346924,,,240,166,4,3,0,,,,,,
selfcon__simclr__s42,selfcon,simclr,42,contrastive,21,0.000375,0.00036349762493488667,0.9671247482299805,2.0884218718632157,0.9671247482299805,2.0884218718632157,,,240,166,4,3,0,,,,,,
selfcon__simclr__s42,selfcon,simclr,42,contrastive,22,0.00036349762493488667,0.0003516841607689501,0.9628440817197164,2.0575992888714896,0.9628440817197164,2.0575992888714896,,,240,166,4,3,0,,,,,,
selfcon__simclr__s42,selfcon,simclr,42,contrastive,23,0.0003516841607689501,0.00033959198738632514,0.9482872207959493,1.9893075543713856,0.9482872207959493,1.9893075543713856,,,240,166,4,3,0,,,,,,
selfcon__simclr__s42,selfcon,simclr,42,contrastive,24,0.00033959198738632514,0.00032725424859373687,1.1228538195292155,1.9394167589854046,1.1228538195292155,1.9394167589854046,,,240,166,4,3,0,,,,,,
selfcon__simclr__s42,selfcon,simclr,42,contrastive,25,0.00032725424859373687,0.00031470476127563017,0.9166083852450053,1.9829790592193604,0.9166083852450053,1.9829790592193604,,,240,166,4,3,0,,,,,,
selfcon__simclr__s42,selfcon,simclr,42,contrastive,26,0.00031470476127563017,0.00030197792270443975,0.8505346417427063,1.997251088360706,0.8505346417427063,1.997251088360706,,,240,166,4,3,0,,,,,,
selfcon__simclr__s42,selfcon,simclr,42,contrastive,27,0.00030197792270443975,0.0002891086162600577,0.8030019402503967,1.8993439114237407,0.8030019402503967,1.8993439114237407,,,240,166,4,3,0,,,,,,
selfcon__simclr__s42,selfcon,simclr,42,contrastive,28,0.0002891086162600577,0.00027613211581691336,0.8707777619361877,1.8302983289741608,0.8707777619361877,1.8302983289741608,,,240,166,4,3,0,,,,,,
selfcon__simclr__s42,selfcon,simclr,42,contrastive,29,0.00027613211581691336,0.00026308398906073593,0.5871800740559896,1.775080726807376,0.5871800740559896,1.775080726807376,,,240,166,4,3,0,,,,,,
selfcon__simclr__s42,selfcon,simclr,42,contrastive,30,0.00026308398906073593,0.00025000000000000006,0.5980518738428752,1.7247823606054467,0.5980518738428752,1.7247823606054467,,,240,166,4,3,0,,,,,,
selfcon__simclr__s42,selfcon,simclr,42,contrastive,31,0.00025000000000000006,0.00023691601093926408,0.4376647253831228,1.6191068988248527,0.4376647253831228,1.6191068988248527,,,240,166,4,3,0,,,,,,
selfcon__simclr__s42,selfcon,simclr,42,contrastive,32,0.00023691601093926408,0.00022386788418308668,0.7053082446257274,1.6066833892500545,0.7053082446257274,1.6066833892500545,,,240,166,4,3,0,,,,,,
selfcon__simclr__s42,selfcon,simclr,42,contrastive,33,0.00022386788418308668,0.0002108913837399423,0.5201520164807637,1.574222385165203,0.5201520164807637,1.574222385165203,,,240,166,4,3,0,,,,,,
selfcon__simclr__s42,selfcon,simclr,42,contrastive,34,0.0002108913837399423,0.00019802207729556018,0.8549279610315959,1.494730081902929,0.8549279610315959,1.494730081902929,,,240,166,4,3,0,,,,,,
selfcon__simclr__s42,selfcon,simclr,42,contrastive,35,0.00019802207729556018,0.00018529523872436987,0.7490991870562236,1.4820345266755806,0.7490991870562236,1.4820345266755806,,,240,166,4,3,0,,,,,,
selfcon__simclr__s42,selfcon,simclr,42,contrastive,36,0.00018529523872436987,0.0001727457514062632,0.5759632925192515,1.4909766452858246,0.5759632925192515,1.4909766452858246,,,240,166,4,3,0,,,,,,
selfcon__simclr__s42,selfcon,simclr,42,contrastive,37,0.0001727457514062632,0.00016040801261367496,0.5708728909492493,1.486183736697737,0.5708728909492493,1.486183736697737,,,240,166,4,3,0,,,,,,
selfcon__simclr__s42,selfcon,simclr,42,contrastive,38,0.00016040801261367496,0.00014831583923105,0.7105633417765299,1.4718735742281719,0.7105633417765299,1.4718735742281719,,,240,166,4,3,0,,,,,,
selfcon__simclr__s42,selfcon,simclr,42,contrastive,39,0.00014831583923105,0.00013650237506511334,0.5440710167090098,1.4484143522848565,0.5440710167090098,1.4484143522848565,,,240,166,4,3,0,,,,,,
selfcon__simclr__s42,selfcon,simclr,42,contrastive,40,0.00013650237506511334,0.00012500000000000008,0.5135884086290995,1.4434653822197971,0.5135884086290995,1.4434653822197971,,,240,166,4,3,0,,,,,,
selfcon__simclr__s42,selfcon,simclr,42,contrastive,41,0.00012500000000000008,0.00011384024124624333,0.5973346640666326,1.4269792696079575,0.5973346640666326,1.4269792696079575,,,240,166,4,3,0,,,,,,
selfcon__simclr__s42,selfcon,simclr,42,contrastive,42,0.00011384024124624333,0.00010305368692688177,0.5003743896881739,1.4277239872748593,0.5003743896881739,1.4277239872748593,,,240,166,4,3,0,,,,,,
selfcon__simclr__s42,selfcon,simclr,42,contrastive,43,0.00010305368692688177,9.26699022375407e-05,0.5763173619906108,1.3776749271944344,0.5763173619906108,1.3776749271944344,,,240,166,4,3,0,,,,,,
selfcon__simclr__s42,selfcon,simclr,42,contrastive,44,9.26699022375407e-05,8.271734841028555e-05,0.44777845541636146,1.354634386947356,0.44777845541636146,1.354634386947356,,,240,166,4,3,0,,,,,,
selfcon__simclr__s42,selfcon,simclr,42,contrastive,45,8.271734841028555e-05,7.322330470336315e-05,0.6486514846483866,1.347522408129221,0.6486514846483866,1.347522408129221,,,240,166,4,3,0,,,,,,
selfcon__simclr__s42,selfcon,simclr,42,contrastive,46,7.322330470336315e-05,6.421379363065149e-05,0.45659123063087464,1.3370892908199723,0.45659123063087464,1.3370892908199723,,,240,166,4,3,0,,,,,,
selfcon__simclr__s42,selfcon,simclr,42,contrastive,47,6.421379363065149e-05,5.5713509635757295e-05,0.37407068312168124,1.314141502581447,0.37407068312168124,1.314141502581447,,,240,166,4,3,0,,,,,,
selfcon__simclr__s42,selfcon,simclr,42,contrastive,48,5.5713509635757295e-05,4.774575140626318e-05,0.367515974243482,1.31428799643574,0.367515974243482,1.31428799643574,,,240,166,4,3,0,,,,,,
selfcon__simclr__s42,selfcon,simclr,42,contrastive,49,4.774575140626318e-05,4.0332358013644026e-05,0.3128800903757413,1.3169252671391132,0.3128800903757413,1.3169252671391132,,,240,166,4,3,0,,,,,,
selfcon__simclr__s42,selfcon,simclr,42,contrastive,50,4.0332358013644026e-05,3.349364905389033e-05,0.35994155605634054,1.3270679073161389,0.35994155605634054,1.3270679073161389,,,240,166,4,3,0,,,,,,
selfcon__simclr__s42,selfcon,simclr,42,contrastive,51,3.349364905389033e-05,2.724836895290806e-05,0.4203638950983683,1.3086470437337117,0.4203638950983683,1.3086470437337117,,,240,166,4,3,0,,,,,,
selfcon__simclr__s42,selfcon,simclr,42,contrastive,52,2.724836895290806e-05,2.161363558934976e-05,0.37028145988782246,1.307872035417212,0.37028145988782246,1.307872035417212,,,240,166,4,3,0,,,,,,
selfcon__simclr__s42,selfcon,simclr,42,contrastive,53,2.161363558934976e-05,1.6604893375699568e-05,0.2771674493948619,1.3190314109066883,0.2771674493948619,1.3190314109066883,,,240,166,4,3,0,,,,,,
selfcon__simclr__s42,selfcon,simclr,42,contrastive,54,1.6604893375699568e-05,1.2235870926211619e-05,0.34606391986211144,1.3419401911367852,0.34606391986211144,1.3419401911367852,,,240,166,4,3,0,,,,,,
selfcon__simclr__s42,selfcon,simclr,42,contrastive,55,1.2235870926211619e-05,8.518543427732923e-06,0.2855993628501892,1.3147749232958599,0.2855993628501892,1.3147749232958599,,,240,166,4,3,0,,,,,,
selfcon__simclr__s42,selfcon,simclr,42,contrastive,56,8.518543427732923e-06,5.463099816548579e-06,0.4163301448027293,1.3176669966743653,0.4163301448027293,1.3176669966743653,,,240,166,4,3,0,,,,,,
selfcon__simclr__s42,selfcon,simclr,42,contrastive,57,5.463099816548579e-06,3.077914851215586e-06,0.4474699596563975,1.3157552006732987,0.4474699596563975,1.3157552006732987,,,240,166,4,3,0,,,,,,
selfcon__simclr__s42,selfcon,simclr,42,contrastive,58,3.077914851215586e-06,1.3695261579316502e-06,0.23993589182694752,1.3107695766242153,0.23993589182694752,1.3107695766242153,,,240,166,4,3,0,,,,,,
selfcon__simclr__s42,selfcon,simclr,42,contrastive,59,1.3695261579316502e-06,3.4261631135654184e-07,0.5116599331299464,1.3224228871874062,0.5116599331299464,1.3224228871874062,,,240,166,4,3,0,,,,,,
selfcon__simclr__s42,selfcon,simclr,42,contrastive,60,3.4261631135654184e-07,0.0,0.39938984711964926,1.2946292585637196,0.39938984711964926,1.2946292585637196,,,240,166,4,3,0,,,,,,
selfcon__simclr__s42,selfcon,simclr,42,selfcon_probe,1,0.001,0.000998458666866564,0.6726350919744654,0.712191160640141,0.6726350919744654,0.712191160640141,,,120,83,4,3,0,0.5445,0.6527,0.9091,0.18,0.4225,0.5769
selfcon__simclr__s42,selfcon,simclr,42,selfcon_probe,2,0.000998458666866564,0.0009938441702975688,0.5210986830715387,0.6551403160342534,0.5210986830715387,0.6551403160342534,,,120,83,4,3,0,0.6691,0.6715,0.8182,0.52,0.5294,0.6429
selfcon__simclr__s42,selfcon,simclr,42,selfcon_probe,3,0.0009938441702975688,0.0009861849601988382,0.4370049940725945,0.665130195114951,0.4370049940725945,0.665130195114951,,,120,83,4,3,0,0.6839,0.6915,0.7879,0.58,0.5532,0.65
selfcon__simclr__s42,selfcon,simclr,42,selfcon_probe,4,0.0009861849601988382,0.0009755282581475767,0.38080453396892533,0.6772634817566147,0.38080453396892533,0.6772634817566147,,,120,83,4,3,0,0.6539,0.7067,0.7879,0.52,0.52,0.6265
selfcon__simclr__s42,selfcon,simclr,42,selfcon_probe,5,0.0009755282581475767,0.0009619397662556432,0.3464739344835517,0.6901201954968463,0.3464739344835517,0.6901201954968463,,,120,83,4,3,0,0.6539,0.72,0.7879,0.52,0.52,0.6265
selfcon__simclr__s42,selfcon,simclr,42,selfcon_probe,6,0.0009619397662556432,0.0009455032620941838,0.31592396546149565,0.6943055621641028,0.31592396546149565,0.6943055621641028,,,120,83,4,3,0,0.6739,0.7309,0.7879,0.56,0.5417,0.642
selfcon__simclr__s42,selfcon,simclr,42,selfcon_probe,7,0.0009455032620941838,0.000926320082177046,0.30455499431994904,0.700396790842371,0.30455499431994904,0.700396790842371,,,120,83,4,3,0,0.6939,0.7406,0.7879,0.6,0.5652,0.6582
selfcon__simclr__s42,selfcon,simclr,42,selfcon_probe,8,0.000926320082177046,0.0009045084971874736,0.2825994667456593,0.7037260600395566,0.2825994667456593,0.7037260600395566,,,120,83,4,3,0,0.6839,0.7491,0.7879,0.58,0.5532,0.65
selfcon__simclr__s42,selfcon,simclr,42,selfcon_probe,9,0.0009045084971874736,0.0008802029828000154,0.27971820949141807,0.7122755522381518,0.27971820949141807,0.7122755522381518,,,120,83,4,3,0,0.6639,0.7582,0.7879,0.54,0.5306,0.6341
selfcon__simclr__s42,selfcon,simclr,42,selfcon_probe,10,0.0008802029828000154,0.0008535533905932736,0.2563000450401329,0.7104727494275301,0.2563000450401329,0.7104727494275301,,,120,83,4,3,0,0.6839,0.7655,0.7879,0.58,0.5532,0.65
selfcon__simclr__s42,selfcon,simclr,42,selfcon_probe,11,0.0008535533905932736,0.0008247240241650918,0.26371747039312843,0.7136439147329138,0.26371747039312843,0.7136439147329138,,,120,83,4,3,0,0.6839,0.7709,0.7879,0.58,0.5532,0.65
selfcon__simclr__s42,selfcon,simclr,42,selfcon_probe,12,0.0008247240241650918,0.0007938926261462365,0.25278694331924245,0.7162431077737764,0.25278694331924245,0.7162431077737764,,,120,83,4,3,0,0.6839,0.7715,0.7879,0.58,0.5532,0.65
selfcon__simclr__s42,selfcon,simclr,42,selfcon_probe,13,0.0007938926261462365,0.0007612492823579742,0.23628871023964995,0.719442869355005,0.23628871023964995,0.719442869355005,,,120,83,4,3,0,0.6839,0.7727,0.7879,0.58,0.5532,0.65
selfcon__simclr__s42,selfcon,simclr,42,selfcon_probe,14,0.0007612492823579742,0.0007269952498697732,0.24078945150750833,0.7241865616225593,0.24078945150750833,0.7241865616225593,,,120,83,4,3,0,0.6839,0.7752,0.7879,0.58,0.5532,0.65
selfcon__simclr__s42,selfcon,simclr,42,selfcon_probe,15,0.0007269952498697732,0.0006913417161825447,0.2365164950138055,0.7282130163016801,0.2365164950138055,0.7282130163016801,,,120,83,4,3,0,0.6739,0.7758,0.7879,0.56,0.5417,0.642
selfcon__simclr__s42,selfcon,simclr,42,selfcon_probe,16,0.0006913417161825447,0.0006545084971874736,0.22780741654200845,0.7287499462791895,0.22780741654200845,0.7287499462791895,,,120,83,4,3,0,0.6739,0.7745,0.7879,0.56,0.5417,0.642
selfcon__simclr__s42,selfcon,simclr,42,selfcon_probe,17,0.0006545084971874736,0.0006167226819279527,0.22591984429915327,0.7313294978882667,0.22591984429915327,0.7313294978882667,,,120,83,4,3,0,0.7139,0.7745,0.7879,0.64,0.5909,0.6753
selfcon__simclr__s42,selfcon,simclr,42,selfcon_probe,18,0.0006167226819279527,0.0005782172325201154,0.22614744494062128,0.7304669961881542,0.22614744494062128,0.7304669961881542,,,120,83,4,3,0,0.6939,0.7776,0.7879,0.6,0.5652,0.6582
selfcon__simclr__s42,selfcon,simclr,42,selfcon_probe,19,0.0005782172325201154,0.0005392295478639224,0.21193142758510075,0.7327783110478948,0.21193142758510075,0.7327783110478948,,,120,83,4,3,0,0.7139,0.777,0.7879,0.64,0.5909,0.6753
selfcon__simclr__s42,selfcon,simclr,42,selfcon_probe,20,0.0005392295478639224,0.0004999999999999999,0.2138832294940247,0.7342988242709254,0.2138832294940247,0.7342988242709254,,,120,83,4,3,0,0.7139,0.7764,0.7879,0.64,0.5909,0.6753
selfcon__simclr__s42,selfcon,simclr,42,selfcon_probe,21,0.0004999999999999999,0.0004607704521360775,0.21160198907813074,0.7363291702602671,0.21160198907813074,0.7363291702602671,,,120,83,4,3,0,0.7139,0.777,0.7879,0.64,0.5909,0.6753
selfcon__simclr__s42,selfcon,simclr,42,selfcon_probe,22,0.0004607704521360775,0.0004217827674798846,0.22135759836058003,0.7377054616120456,0.22135759836058003,0.7377054616120456,,,120,83,4,3,0,0.7139,0.7794,0.7879,0.64,0.5909,0.6753
selfcon__simclr__s42,selfcon,simclr,42,selfcon_probe,23,0.0004217827674798846,0.0003832773180720472,0.20590068522761318,0.7387292444019766,0.20590068522761318,0.7387292444019766,,,120,83,4,3,0,0.7139,0.7794,0.7879,0.64,0.5909,0.6753
selfcon__simclr__s42,selfcon,simclr,42,selfcon_probe,24,0.0003832773180720472,0.0003454915028125262,0.20529186490813534,0.7409723721326339,0.20529186490813534,0.7409723721326339,,,120,83,4,3,0,0.7139,0.7794,0.7879,0.64,0.5909,0.6753
selfcon__simclr__s42,selfcon,simclr,42,selfcon_probe,25,0.0003454915028125262,0.00030865828381745506,0.1991459317523304,0.7429908763340299,0.1991459317523304,0.7429908763340299,,,120,83,4,3,0,0.7139,0.7782,0.7879,0.64,0.5909,0.6753
selfcon__simclr__s42,selfcon,simclr,42,selfcon_probe,26,0.00030865828381745506,0.0002730047501302265,0.2040610306846702,0.744193011738099,0.2040610306846702,0.744193011738099,,,120,83,4,3,0,0.7139,0.7788,0.7879,0.64,0.5909,0.6753
selfcon__simclr__s42,selfcon,simclr,42,selfcon_probe,27,0.0002730047501302265,0.0002387507176420255,0.19401863702328576,0.7467078048149528,0.19401863702328576,0.7467078048149528,,,120,83,4,3,0,0.7139,0.7764,0.7879,0.64,0.5909,0.6753
selfcon__simclr__s42,selfcon,simclr,42,selfcon_probe,28,0.0002387507176420255,0.0002061073738537634,0.20471596183768098,0.7484250354432459,0.20471596183768098,0.7484250354432459,,,120,83,4,3,0,0.7139,0.7758,0.7879,0.64,0.5909,0.6753
selfcon__simclr__s42,selfcon,simclr,42,selfcon_probe,29,0.0002061073738537634,0.00017527597583490815,0.20197078680325686,0.7494719442326938,0.20197078680325686,0.7494719442326938,,,120,83,4,3,0,0.7139,0.7764,0.7879,0.64,0.5909,0.6753
selfcon__simclr__s42,selfcon,simclr,42,selfcon_probe,30,0.00017527597583490815,0.0001464466094067262,0.20133761226715297,0.7501463765080929,0.20133761226715297,0.7501463765080929,,,120,83,4,3,0,0.7139,0.7764,0.7879,0.64,0.5909,0.6753
selfcon__simclr__s42,selfcon,simclr,42,selfcon_probe,31,0.0001464466094067262,0.00011979701719998447,0.19877853285104738,0.7507712307802402,0.19877853285104738,0.7507712307802402,,,120,83,4,3,0,0.7139,0.7776,0.7879,0.64,0.5909,0.6753
selfcon__simclr__s42,selfcon,simclr,42,selfcon_probe,32,0.00011979701719998447,9.549150281252627e-05,0.19694384899704004,0.751236554012026,0.19694384899704004,0.751236554012026,,,120,83,4,3,0,0.7139,0.7776,0.7879,0.64,0.5909,0.6753
selfcon__simclr__s42,selfcon,simclr,42,selfcon_probe,33,9.549150281252627e-05,7.367991782295387e-05,0.1923566380118054,0.7514667560641978,0.1923566380118054,0.7514667560641978,,,120,83,4,3,0,0.7139,0.7782,0.7879,0.64,0.5909,0.6753
selfcon__simclr__s42,selfcon,simclr,42,selfcon_probe,34,7.367991782295387e-05,5.4496737905816076e-05,0.20686546430915342,0.7516325218984382,0.20686546430915342,0.7516325218984382,,,120,83,4,3,0,0.7139,0.7782,0.7879,0.64,0.5909,0.6753
selfcon__simclr__s42,selfcon,simclr,42,selfcon_probe,35,5.4496737905816076e-05,3.806023374435661e-05,0.20031047121142653,0.7517567379267671,0.20031047121142653,0.7517567379267671,,,120,83,4,3,0,0.7139,0.7782,0.7879,0.64,0.5909,0.6753
selfcon__simclr__s42,selfcon,simclr,42,selfcon_probe,36,3.806023374435661e-05,2.447174185242322e-05,0.1955931159086798,0.7518561357872594,0.1955931159086798,0.7518561357872594,,,120,83,4,3,0,0.7139,0.7776,0.7879,0.64,0.5909,0.6753
selfcon__simclr__s42,selfcon,simclr,42,selfcon_probe,37,2.447174185242322e-05,1.3815039801161714e-05,0.19505250278848418,0.7519749508347001,0.19505250278848418,0.7519749508347001,,,120,83,4,3,0,0.7139,0.7776,0.7879,0.64,0.5909,0.6753
selfcon__simclr__s43,selfcon,simclr,43,contrastive,1,0.0005,0.0004996573836886434,3.251544443766276,3.2386063897466086,3.251544443766276,3.2386063897466086,,,240,166,4,3,0,,,,,,
selfcon__simclr__s43,selfcon,simclr,43,contrastive,2,0.0004996573836886434,0.0004986304738420682,2.962591854731242,3.203204723725836,2.962591854731242,3.203204723725836,,,240,166,4,3,0,,,,,,
selfcon__simclr__s43,selfcon,simclr,43,contrastive,3,0.0004986304738420682,0.0004969220851487844,2.506161991755168,2.8875010128480842,2.506161991755168,2.8875010128480842,,,240,166,4,3,0,,,,,,
selfcon__simclr__s43,selfcon,simclr,43,contrastive,4,0.0004969220851487844,0.0004945369001834514,2.3957881768544516,2.916411787630564,2.3957881768544516,2.916411787630564,,,240,166,4,3,0,,,,,,
selfcon__simclr__s43,selfcon,simclr,43,contrastive,5,0.0004945369001834514,0.0004914814565722671,2.356019957860311,2.8942699719624345,2.356019957860311,2.8942699719624345,,,240,166,4,3,0,,,,,,
selfcon__simclr__s43,selfcon,simclr,43,contrastive,6,0.0004914814565722671,0.00048776412907378846,2.2050514539082844,2.631223333887307,2.2050514539082844,2.631223333887307,,,240,166,4,3,0,,,,,,
selfcon__simclr__s43,selfcon,simclr,43,contrastive,7,0.00048776412907378846,0.00048339510662430044,1.8261058727900188,2.7239061637097093,1.8261058727900188,2.7239061637097093,,,240,166,4,3,0,,,,,,
selfcon__simclr__s43,selfcon,simclr,43,contrastive,8,0.00048339510662430044,0.0004783863644106502,2.121428688367208,2.4577710513609,2.121428688367208,2.4577710513609,,,240,166,4,3,0,,,,,,
selfcon__simclr__s43,selfcon,simclr,43,contrastive,9,0.0004783863644106502,0.00047275163104709196,1.649867304166158,2.3392147127404272,1.649867304166158,2.3392147127404272,,,240,166,4,3,0,,,,,,
selfcon__simclr__s43,selfcon,simclr,43,contrastive,10,0.00047275163104709196,0.00046650635094610973,1.4875491698582968,2.4374236256243234,1.4875491698582968,2.4374236256243234,,,240,166,4,3,0,,,,,,
selfcon__simclr__s43,selfcon,simclr,43,contrastive,11,0.00046650635094610973,0.00045966764198635603,1.4483073155085247,2.3741890062768776,1.4483073155085247,2.3741890062768776,,,240,166,4,3,0,,,,,,
selfcon__simclr__s43,selfcon,simclr,43,contrastive,12,0.00045966764198635603,0.0004522542485937369,1.7396498600641885,2.309506873050368,1.7396498600641885,2.309506873050368,,,240,166,4,3,0,,,,,,
selfcon__simclr__s43,selfcon,simclr,43,contrastive,13,0.0004522542485937369,0.00044428649036424276,1.3544282476107279,2.3394098712737303,1.3544282476107279,2.3394098712737303,,,240,166,4,3,0,,,,,,
selfcon__simclr__s43,selfcon,simclr,43,contrastive,14,0.00044428649036424276,0.0004357862063693486,1.6012293696403503,2.251911513776664,1.6012293696403503,2.251911513776664,,,240,166,4,3,0,,,,,,
selfcon__simclr__s43,selfcon,simclr,43,contrastive,15,0.0004357862063693486,0.00042677669529663696,1.2950247923533122,2.505711724959224,1.2950247923533122,2.505711724959224,,,240,166,4,3,0,,,,,,
selfcon__simclr__s43,selfcon,simclr,43,contrastive,16,0.00042677669529663696,0.0004172826515897146,1.5318783839543662,2.691307145428945,1.5318783839543662,2.691307145428945,,,240,166,4,3,0,,,,,,
selfcon__simclr__s43,selfcon,simclr,43,contrastive,17,0.0004172826515897146,0.0004073300977624594,1.4195064942042033,2.1997858644968056,1.4195064942042033,2.1997858644968056,,,240,166,4,3,0,,,,,,
selfcon__simclr__s43,selfcon,simclr,43,contrastive,18,0.0004073300977624594,0.0003969463130731183,1.2856995979944865,2.126115635216954,1.2856995979944865,2.126115635216954,,,240,166,4,3,0,,,,,,
selfcon__simclr__s43,selfcon,simclr,43,contrastive,19,0.0003969463130731183,0.0003861597587537568,1.1829538424809773,2.085574106997754,1.1829538424809773,2.085574106997754,,,240,166,4,3,0,,,,,,
selfcon__simclr__s43,selfcon,simclr,43,contrastive,20,0.0003861597587537568,0.000375,1.245615299542745,2.229091420231095,1.245615299542745,2.229091420231095,,,240,166,4,3,0,,,,,,
selfcon__simclr__s43,selfcon,simclr,43,contrastive,21,0.000375,0.00036349762493488667,1.0816996256510416,2.0904165994690125,1.0816996256510416,2.0904165994690125,,,240,166,4,3,0,,,,,,
selfcon__simclr__s43,selfcon,simclr,43,contrastive,22,0.00036349762493488667,0.0003516841607689501,0.9917214393615723,2.105800437639995,0.9917214393615723,2.105800437639995,,,240,166,4,3,0,,,,,,
selfcon__simclr__s43,selfcon,simclr,43,contrastive,23,0.0003516841607689501,0.00033959198738632514,0.9680122256278991,2.1857437584773605,0.9680122256278991,2.1857437584773605,,,240,166,4,3,0,,,,,,
selfcon__simclr__s43,selfcon,simclr,43,contrastive,24,0.00033959198738632514,0.00032725424859373687,1.224183471997579,1.899040905826063,1.224183471997579,1.899040905826063,,,240,166,4,3,0,,,,,,
selfcon__simclr__s43,selfcon,simclr,43,contrastive,25,0.00032725424859373687,0.00031470476127563017,1.1187213857968648,2.05576880437782,1.1187213857968648,2.05576880437782,,,240,166,4,3,0,,,,,,
selfcon__simclr__s43,selfcon,simclr,43,contrastive,26,0.00031470476127563017,0.00030197792270443975,0.9278882185618083,2.003087919878672,0.9278882185618083,2.003087919878672,,,240,166,4,3,0,,,,,,
selfcon__simclr__s43,selfcon,simclr,43,contrastive,27,0.00030197792270443975,0.0002891086162600577,0.8309206008911133,1.9929631618132073,0.8309206008911133,1.9929631618132073,,,240,166,4,3,0,,,,,,
selfcon__simclr__s43,selfcon,simclr,43,contrastive,28,0.0002891086162600577,0.00027613211581691336,0.753578515847524,1.9130104191331978,0.753578515847524,1.9130104191331978,,,240,166,4,3,0,,,,,,
selfcon__simclr__s43,selfcon,simclr,43,contrastive,29,0.00027613211581691336,0.00026308398906073593,0.7537516832351685,1.826407775821456,0.7537516832351685,1.826407775821456,,,240,166,4,3,0,,,,,,
selfcon__simclr__s43,selfcon,simclr,43,contrastive,30,0.00026308398906073593,0.00025000000000000006,0.8158467014630636,1.7862127013953335,0.8158467014630636,1.7862127013953335,,,240,166,4,3,0,,,,,,
selfcon__simclr__s43,selfcon,simclr,43,contrastive,31,0.00025000000000000006,0.00023691601093926408,0.5981988112131754,1.885008304952139,0.5981988112131754,1.885008304952139,,,240,166,4,3,0,,,,,,
selfcon__simclr__s43,selfcon,simclr,43,contrastive,32,0.00023691601093926408,0.00022386788418308668,0.7174481829007466,1.8357481769768589,0.7174481829007466,1.8357481769768589,,,240,166,4,3,0,,,,,,
selfcon__simclr__s43,selfcon,simclr,43,contrastive,33,0.00022386788418308668,0.0002108913837399423,0.7423526287078858,1.8123564160013774,0.7423526287078858,1.8123564160013774,,,240,166,4,3,0,,,,,,
selfcon__simclr__s43,selfcon,simclr,43,contrastive,34,0.0002108913837399423,0.00019802207729556018,0.5561811139186223,1.8814573991729553,0.5561811139186223,1.8814573991729553,,,240,166,4,3,0,,,,,,
selfcon__simclr__s43,selfcon,simclr,43,contrastive,35,0.00019802207729556018,0.00018529523872436987,0.9206606527169545,1.6693628868424748,0.9206606527169545,1.6693628868424748,,,240,166,4,3,0,,,,,,
selfcon__simclr__s43,selfcon,simclr,43,contrastive,36,0.00018529523872436987,0.0001727457514062632,0.6208263556162517,1.6465226598532803,0.6208263556162517,1.6465226598532803,,,240,166,4,3,0,,,,,,
selfcon__simclr__s43,selfcon,simclr,43,contrastive,37,0.0001727457514062632,0.00016040801261367496,0.65034672220548,1.6149923873234944,0.65034672220548,1.6149923873234944,,,240,166,4,3,0,,,,,,
selfcon__simclr__s43,selfcon,simclr,43,contrastive,38,0.00016040801261367496,0.00014831583923105,0.6824779192606608,1.7376729106328574,0.6824779192606608,1.7376729106328574,,,240,166,4,3,0,,,,,,
selfcon__simclr__s43,selfcon,simclr,43,contrastive,39,0.00014831583923105,0.00013650237506511334,0.4131138950586319,1.7428491618259843,0.4131138950586319,1.7428491618259843,,,240,166,4,3,0,,,,,,
selfcon__simclr__s43,selfcon,simclr,43,contrastive,40,0.00013650237506511334,0.00012500000000000008,0.35732831358909606,1.6465964977999767,0.35732831358909606,1.6465964977999767,,,240,166,4,3,0,,,,,,
selfcon__simclr__s43,selfcon,simclr,43,contrastive,41,0.00012500000000000008,0.00011384024124624333,0.46441912452379863,1.58380735207753,0.46441912452379863,1.58380735207753,,,240,166,4,3,0,,,,,,
selfcon__simclr__s43,selfcon,simclr,43,contrastive,42,0.00011384024124624333,0.00010305368692688177,0.49926098982493083,1.5418535988014865,0.49926098982493083,1.5418535988014865,,,240,166,4,3,0,,,,,,
selfcon__simclr__s43,selfcon,simclr,43,contrastive,43,0.00010305368692688177,9.26699022375407e-05,0.5152653833230336,1.504166654793613,0.5152653833230336,1.504166654793613,,,240,166,4,3,0,,,,,,
selfcon__simclr__s43,selfcon,simclr,43,contrastive,44,9.26699022375407e-05,8.271734841028555e-05,0.3801213045914968,1.4876435765300888,0.3801213045914968,1.4876435765300888,,,240,166,4,3,0,,,,,,
selfcon__simclr__s43,selfcon,simclr,43,contrastive,45,8.271734841028555e-05,7.322330470336315e-05,0.3680397182703018,1.5184977959437542,0.3680397182703018,1.5184977959437542,,,240,166,4,3,0,,,,,,
selfcon__simclr__s43,selfcon,simclr,43,contrastive,46,7.322330470336315e-05,6.421379363065149e-05,0.349290531873703,1.5192670305091214,0.349290531873703,1.5192670305091214,,,240,166,4,3,0,,,,,,
selfcon__simclr__s43,selfcon,simclr,43,contrastive,47,6.421379363065149e-05,5.5713509635757295e-05,0.3153923551241557,1.4959047443895455,0.3153923551241557,1.4959047443895455,,,240,166,4,3,0,,,,,,
selfcon__simclr__s43,selfcon,simclr,43,contrastive,48,5.5713509635757295e-05,4.774575140626318e-05,0.38909761160612105,1.5040563517306225,0.38909761160612105,1.5040563517306225,,,240,166,4,3,0,,,,,,
selfcon__simclr__s43,selfcon,simclr,43,contrastive,49,4.774575140626318e-05,4.0332358013644026e-05,0.27054096162319186,1.477450218545385,0.27054096162319186,1.477450218545385,,,240,166,4,3,0,,,,,,
selfcon__simclr__s43,selfcon,simclr,43,contrastive,50,4.0332358013644026e-05,3.349364905389033e-05,0.5057667930920918,1.4464000822549843,0.5057667930920918,1.4464000822549843,,,240,166,4,3,0,,,,,,
selfcon__simclr__s43,selfcon,simclr,43,contrastive,51,3.349364905389033e-05,2.724836895290806e-05,0.35052120288213096,1.4278990633516426,0.35052120288213096,1.4278990633516426,,,240,166,4,3,0,,,,,,
selfcon__simclr__s43,selfcon,simclr,43,contrastive,52,2.724836895290806e-05,2.161363558934976e-05,0.36901284456253053,1.4171362871147064,0.36901284456253053,1.4171362871147064,,,240,166,4,3,0,,,,,,
selfcon__simclr__s43,selfcon,simclr,43,contrastive,53,2.161363558934976e-05,1.6604893375699568e-05,0.2779328634341558,1.4107423374451786,0.2779328634341558,1.4107423374451786,,,240,166,4,3,0,,,,,,
selfcon__simclr__s43,selfcon,simclr,43,contrastive,54,1.6604893375699568e-05,1.2235870926211619e-05,0.31895432670911156,1.4199849711843284,0.31895432670911156,1.4199849711843284,,,240,166,4,3,0,,,,,,
selfcon__simclr__s43,selfcon,simclr,43,contrastive,55,1.2235870926211619e-05,8.518543427732923e-06,0.385894309480985,1.401514089251139,0.385894309480985,1.401514089251139,,,240,166,4,3,0,,,,,,
selfcon__simclr__s43,selfcon,simclr,43,contrastive,56,8.518543427732923e-06,5.463099816548579e-06,0.5079449454943339,1.3988771180072463,0.5079449454943339,1.3988771180072463,,,240,166,4,3,0,,,,,,
selfcon__simclr__s43,selfcon,simclr,43,contrastive,57,5.463099816548579e-06,3.077914851215586e-06,0.28819057941436765,1.4114117191498539,0.28819057941436765,1.4114117191498539,,,240,166,4,3,0,,,,,,
selfcon__simclr__s43,selfcon,simclr,43,contrastive,58,3.077914851215586e-06,1.3695261579316502e-06,0.4200716922680537,1.4031130649957313,0.4200716922680537,1.4031130649957313,,,240,166,4,3,0,,,,,,
selfcon__simclr__s43,selfcon,simclr,43,contrastive,59,1.3695261579316502e-06,3.4261631135654184e-07,0.3555600742499034,1.4134503818420043,0.3555600742499034,1.4134503818420043,,,240,166,4,3,0,,,,,,
selfcon__simclr__s43,selfcon,simclr,43,contrastive,60,3.4261631135654184e-07,0.0,0.3526518980662028,1.3975387984011547,0.3526518980662028,1.3975387984011547,,,240,166,4,3,0,,,,,,
selfcon__simclr__s43,selfcon,simclr,43,selfcon_probe,1,0.001,0.000998458666866564,0.7655582765546531,0.6835685287289294,0.7655582765546531,0.6835685287289294,,,120,83,4,3,0,0.5158,0.6685,0.1515,0.88,0.4545,0.2273
selfcon__simclr__s43,selfcon,simclr,43,selfcon_probe,2,0.000998458666866564,0.0009938441702975688,0.5770520489151996,0.6198274908248975,0.5770520489151996,0.6198274908248975,,,120,83,4,3,0,0.653,0.7248,0.6061,0.7,0.5714,0.5882
selfcon__simclr__s43,selfcon,simclr,43,selfcon_probe,3,0.0009938441702975688,0.0009861849601988382,0.4475646068088352,0.6012160419174009,0.4475646068088352,0.6012160419174009,,,120,83,4,3,0,0.6742,0.757,0.8485,0.5,0.5283,0.6512
selfcon__simclr__s43,selfcon,simclr,43,selfcon_probe,4,0.0009861849601988382,0.0009755282581475767,0.3975660626114372,0.608304672185242,0.3975660626114372,0.608304672185242,,,120,83,4,3,0,0.6742,0.7873,0.8485,0.5,0.5283,0.6512
selfcon__simclr__s43,selfcon,simclr,43,selfcon_probe,5,0.0009755282581475767,0.0009619397662556432,0.3692310188359612,0.5785161626369476,0.3692310188359612,0.5785161626369476,,,120,83,4,3,0,0.7042,0.8212,0.8485,0.56,0.56,0.6747
selfcon__simclr__s43,selfcon,simclr,43,selfcon_probe,6,0.0009619397662556432,0.0009455032620941838,0.34254326159878723,0.5712431388385734,0.34254326159878723,0.5712431388385734,,,120,83,4,3,0,0.6891,0.8376,0.8182,0.56,0.551,0.6585
selfcon__simclr__s43,selfcon,simclr,43,selfcon_probe,7,0.0009455032620941838,0.000926320082177046,0.3247834361502555,0.5982407679596534,0.3247834361502555,0.5982407679596534,,,120,83,4,3,0,0.6842,0.8418,0.8485,0.52,0.5385,0.6588
selfcon__simclr__s43,selfcon,simclr,43,selfcon_probe,8,0.000926320082177046,0.0009045084971874736,0.31247576547970707,0.615769809399373,0.31247576547970707,0.615769809399373,,,120,83,4,3,0,0.6642,0.8388,0.8485,0.48,0.5185,0.6437
selfcon__simclr__s43,selfcon,simclr,43,selfcon_probe,9,0.0009045084971874736,0.0008802029828000154,0.30014918990772554,0.5851328000672432,0.30014918990772554,0.5851328000672432,,,120,83,4,3,0,0.6891,0.8364,0.8182,0.56,0.551,0.6585
selfcon__simclr__s43,selfcon,simclr,43,selfcon_probe,10,0.0008802029828000154,0.0008535533905932736,0.28998229691150357,0.5723980320381845,0.28998229691150357,0.5723980320381845,,,120,83,4,3,0,0.7091,0.8364,0.8182,0.6,0.5745,0.675
selfcon__simclr__s43,selfcon,simclr,43,selfcon_probe,11,0.0008535533905932736,0.0008247240241650918,0.2816517205725987,0.5765108299752956,0.2816517205725987,0.5765108299752956,,,120,83,4,3,0,0.6991,0.8352,0.8182,0.58,0.5625,0.6667
selfcon__simclr__s43,selfcon,simclr,43,selfcon_probe,12,0.0008247240241650918,0.0007938926261462365,0.2715812956987036,0.5804976798972502,0.2715812956987036,0.5804976798972502,,,120,83,4,3,0,0.6791,0.8352,0.8182,0.54,0.54,0.6506
selfcon__simclr__s43,selfcon,simclr,43,selfcon_probe,13,0.0007938926261462365,0.0007612492823579742,0.2650867176397393,0.5855522577444908,0.2650867176397393,0.5855522577444908,,,120,83,4,3,0,0.6791,0.837,0.8182,0.54,0.54,0.6506
selfcon__simclr__s43,selfcon,simclr,43,selfcon_probe,14,0.0007612492823579742,0.0007269952498697732,0.2534072852666502,0.5902428256325649,0.2534072852666502,0.5902428256325649,,,120,83,4,3,0,0.6791,0.8364,0.8182,0.54,0.54,0.6506
selfcon__simclr__s43,selfcon,simclr,43,selfcon_probe,15,0.0007269952498697732,0.0006913417161825447,0.25566244190340176,0.5835952865479475,0.25566244190340176,0.5835952865479475,,,120,83,4,3,0,0.6791,0.8364,0.8182,0.54,0.54,0.6506
selfcon__simclr__s43,selfcon,simclr,43,selfcon_probe,16,0.0006913417161825447,0.0006545084971874736,0.24598398209752523,0.5737787799552896,0.24598398209752523,0.5737787799552896,,,120,83,4,3,0,0.6891,0.8382,0.8182,0.56,0.551,0.6585
selfcon__simclr__s43,selfcon,simclr,43,selfcon_probe,17,0.0006545084971874736,0.0006167226819279527,0.23942541539350767,0.5691892901777871,0.23942541539350767,0.5691892901777871,,,120,83,4,3,0,0.7291,0.8418,0.8182,0.64,0.6,0.6923
selfcon__simclr__s43,selfcon,simclr,43,selfcon_probe,18,0.0006167226819279527,0.0005782172325201154,0.2546922465879476,0.5715739099892919,0.2546922465879476,0.5715739099892919,,,120,83,4,3,0,0.7091,0.8412,0.8182,0.6,0.5745,0.675
selfcon__simclr__s43,selfcon,simclr,43,selfcon_probe,19,0.0005782172325201154,0.0005392295478639224,0.23595806967357144,0.5800450356192643,0.23595806967357144,0.5800450356192643,,,120,83,4,3,0,0.6791,0.8442,0.8182,0.54,0.54,0.6506
selfcon__simclr__s43,selfcon,simclr,43,selfcon_probe,20,0.0005392295478639224,0.0004999999999999999,0.23235244379567632,0.5772130056788488,0.23235244379567632,0.5772130056788488,,,120,83,4,3,0,0.6791,0.8448,0.8182,0.54,0.54,0.6506
selfcon__simclr__s43,selfcon,simclr,43,selfcon_probe,21,0.0004999999999999999,0.0004607704521360775,0.23039780639925714,0.5754245782553108,0.23039780639925714,0.5754245782553108,,,120,83,4,3,0,0.6791,0.8436,0.8182,0.54,0.54,0.6506
selfcon__simclr__s43,selfcon,simclr,43,selfcon_probe,22,0.0004607704521360775,0.0004217827674798846,0.22607293889784513,0.5707008777102359,0.22607293889784513,0.5707008777102359,,,120,83,4,3,0,0.6891,0.8455,0.8182,0.56,0.551,0.6585
selfcon__simclr__s43,selfcon,simclr,43,selfcon_probe,23,0.0004217827674798846,0.0003832773180720472,0.2308049028846659,0.5745279463457174,0.2308049028846659,0.5745279463457174,,,120,83,4,3,0,0.6891,0.8442,0.8182,0.56,0.551,0.6585
selfcon__simclr__s43,selfcon,simclr,43,selfcon_probe,24,0.0003832773180720472,0.0003454915028125262,0.21732318380863896,0.5712798050395725,0.21732318380863896,0.5712798050395725,,,120,83,4,3,0,0.6991,0.8442,0.8182,0.58,0.5625,0.6667
selfcon__simclr__s43,selfcon,simclr,43,selfcon_probe,25,0.0003454915028125262,0.00030865828381745506,0.2240057205161264,0.5694823854115434,0.2240057205161264,0.5694823854115434,,,120,83,4,3,0,0.7191,0.8448,0.8182,0.62,0.587,0.6835
selfcon__simclr__s43,selfcon,simclr,43,selfcon_probe,26,0.00030865828381745506,0.0002730047501302265,0.22850186332715255,0.5689596974333114,0.22850186332715255,0.5689596974333114,,,120,83,4,3,0,0.7191,0.8448,0.8182,0.62,0.587,0.6835
selfcon__simclr__s43,selfcon,simclr,43,selfcon_probe,27,0.0002730047501302265,0.0002387507176420255,0.22648737581784198,0.5703650320064779,0.22648737581784198,0.5703650320064779,,,120,83,4,3,0,0.7191,0.8448,0.8182,0.62,0.587,0.6835
selfcon__simclr__s43,selfcon,simclr,43,selfcon_probe,28,0.0002387507176420255,0.0002061073738537634,0.22188213051422145,0.5717246220768192,0.22188213051422145,0.5717246220768192,,,120,83,4,3,0,0.7091,0.8455,0.8182,0.6,0.5745,0.675
selfcon__simclr__s43,selfcon,simclr,43,selfcon_probe,29,0.0002061073738537634,0.00017527597583490815,0.21133070184112887,0.5725986215661196,0.21133070184112887,0.5725986215661196,,,120,83,4,3,0,0.7091,0.8448,0.8182,0.6,0.5745,0.675
selfcon__simclr__s43,selfcon,simclr,43,selfcon_probe,30,0.00017527597583490815,0.0001464466094067262,0.21950497264518457,0.5743950426023877,0.21950497264518457,0.5743950426023877,,,120,83,4,3,0,0.6991,0.8461,0.8182,0.58,0.5625,0.6667
selfcon__simclr__s43,selfcon,simclr,43,selfcon_probe,31,0.0001464466094067262,0.00011979701719998447,0.21172666326885725,0.573165610019378,0.21172666326885725,0.573165610019378,,,120,83,4,3,0,0.6991,0.8467,0.8182,0.58,0.5625,0.6667
selfcon__simclr__s43,selfcon,simclr,43,selfcon_probe,32,0.00011979701719998447,9.549150281252627e-05,0.21199302149032404,0.5720495416092222,0.21199302149032404,0.5720495416092222,,,120,83,4,3,0,0.6991,0.8467,0.8182,0.58,0.5625,0.6667
selfcon__simclr__s44,selfcon,simclr,44,contrastive,1,0.0005,0.0004996573836886434,3.250282605489095,2.790773716317602,3.250282605489095,2.790773716317602,,,240,166,4,3,0,,,,,,
selfcon__simclr__s44,selfcon,simclr,44,contrastive,2,0.0004996573836886434,0.0004986304738420682,2.8121162255605063,2.995760371886104,2.8121162255605063,2.995760371886104,,,240,166,4,3,0,,,,,,
selfcon__simclr__s44,selfcon,simclr,44,contrastive,3,0.0004986304738420682,0.0004969220851487844,2.446014904975891,2.815079904464354,2.446014904975891,2.815079904464354,,,240,166,4,3,0,,,,,,
selfcon__simclr__s44,selfcon,simclr,44,contrastive,4,0.0004969220851487844,0.0004945369001834514,2.498306957880656,2.815662105399442,2.498306957880656,2.815662105399442,,,240,166,4,3,0,,,,,,
selfcon__simclr__s44,selfcon,simclr,44,contrastive,5,0.0004945369001834514,0.0004914814565722671,2.205444169044495,2.620809796344803,2.205444169044495,2.620809796344803,,,240,166,4,3,0,,,,,,
selfcon__simclr__s44,selfcon,simclr,44,contrastive,6,0.0004914814565722671,0.00048776412907378846,2.283355124791463,2.395559580929308,2.283355124791463,2.395559580929308,,,240,166,4,3,0,,,,,,
selfcon__simclr__s44,selfcon,simclr,44,contrastive,7,0.00048776412907378846,0.00048339510662430044,2.3031165679295857,2.269203003630581,2.3031165679295857,2.269203003630581,,,240,166,4,3,0,,,,,,
selfcon__simclr__s44,selfcon,simclr,44,contrastive,8,0.00048339510662430044,0.0004783863644106502,1.7534555117289226,2.2996600708329535,1.7534555117289226,2.2996600708329535,,,240,166,4,3,0,,,,,,
selfcon__simclr__s44,selfcon,simclr,44,contrastive,9,0.0004783863644106502,0.00047275163104709196,2.102423413594564,2.4079279095293527,2.102423413594564,2.4079279095293527,,,240,166,4,3,0,,,,,,
selfcon__simclr__s44,selfcon,simclr,44,contrastive,10,0.00047275163104709196,0.00046650635094610973,2.1949424584706625,2.060102728476007,2.1949424584706625,2.060102728476007,,,240,166,4,3,0,,,,,,
selfcon__simclr__s44,selfcon,simclr,44,contrastive,11,0.00046650635094610973,0.00045966764198635603,1.5789119164148966,2.1874094670077406,1.5789119164148966,2.1874094670077406,,,240,166,4,3,0,,,,,,
selfcon__simclr__s44,selfcon,simclr,44,contrastive,12,0.00045966764198635603,0.0004522542485937369,1.6462934096654256,2.1739822410675416,1.6462934096654256,2.1739822410675416,,,240,166,4,3,0,,,,,,
selfcon__simclr__s44,selfcon,simclr,44,contrastive,13,0.0004522542485937369,0.00044428649036424276,1.6310182332992553,1.8902548479746624,1.6310182332992553,1.8902548479746624,,,240,166,4,3,0,,,,,,
selfcon__simclr__s44,selfcon,simclr,44,contrastive,14,0.00044428649036424276,0.0004357862063693486,1.1563332478205364,1.9799575317336853,1.1563332478205364,1.9799575317336853,,,240,166,4,3,0,,,,,,
selfcon__simclr__s44,selfcon,simclr,44,contrastive,15,0.0004357862063693486,0.00042677669529663696,1.1838464975357055,1.820594431406044,1.1838464975357055,1.820594431406044,,,240,166,4,3,0,,,,,,
selfcon__simclr__s44,selfcon,simclr,44,contrastive,16,0.00042677669529663696,0.0004172826515897146,1.333880035082499,1.6970902738800968,1.333880035082499,1.6970902738800968,,,240,166,4,3,0,,,,,,
selfcon__simclr__s44,selfcon,simclr,44,contrastive,17,0.0004172826515897146,0.0004073300977624594,1.41990354458491,1.74567111716213,1.41990354458491,1.74567111716213,,,240,166,4,3,0,,,,,,
selfcon__simclr__s44,selfcon,simclr,44,contrastive,18,0.0004073300977624594,0.0003969463130731183,1.287217954794566,1.7761170160339539,1.287217954794566,1.7761170160339539,,,240,166,4,3,0,,,,,,
selfcon__simclr__s44,selfcon,simclr,44,contrastive,19,0.0003969463130731183,0.0003861597587537568,1.0294804493586223,1.8129539619009178,1.0294804493586223,1.8129539619009178,,,240,166,4,3,0,,,,,,
selfcon__simclr__s44,selfcon,simclr,44,contrastive,20,0.0003861597587537568,0.000375,1.116856865088145,1.6969823190964848,1.116856865088145,1.6969823190964848,,,240,166,4,3,0,,,,,,
selfcon__simclr__s44,selfcon,simclr,44,contrastive,21,0.000375,0.00036349762493488667,1.0345985889434814,1.5436852351728692,1.0345985889434814,1.5436852351728692,,,240,166,4,3,0,,,,,,
selfcon__simclr__s44,selfcon,simclr,44,contrastive,22,0.00036349762493488667,0.0003516841607689501,1.0052608986695608,1.3870858011475529,1.0052608986695608,1.3870858011475529,,,240,166,4,3,0,,,,,,
selfcon__simclr__s44,selfcon,simclr,44,contrastive,23,0.0003516841607689501,0.00033959198738632514,0.8517222166061401,1.2994319617030132,0.8517222166061401,1.2994319617030132,,,240,166,4,3,0,,,,,,
selfcon__simclr__s44,selfcon,simclr,44,contrastive,24,0.00033959198738632514,0.00032725424859373687,1.1533482233683268,1.337026736822473,1.1533482233683268,1.337026736822473,,,240,166,4,3,0,,,,,,
selfcon__simclr__s44,selfcon,simclr,44,contrastive,25,0.00032725424859373687,0.00031470476127563017,0.6771276533603668,1.393452507903777,0.6771276533603668,1.393452507903777,,,240,166,4,3,0,,,,,,
selfcon__simclr__s44,selfcon,simclr,44,contrastive,26,0.00031470476127563017,0.00030197792270443975,0.8432308048009872,1.443597774907767,0.8432308048009872,1.443597774907767,,,240,166,4,3,0,,,,,,
selfcon__simclr__s44,selfcon,simclr,44,contrastive,27,0.00030197792270443975,0.0002891086162600577,0.8774863362312317,1.4722061846629684,0.8774863362312317,1.4722061846629684,,,240,166,4,3,0,,,,,,
selfcon__simclr__s44,selfcon,simclr,44,contrastive,28,0.0002891086162600577,0.00027613211581691336,0.6788059572378794,1.4306962059204837,0.6788059572378794,1.4306962059204837,,,240,166,4,3,0,,,,,,
selfcon__simclr__s44,selfcon,simclr,44,contrastive,29,0.00027613211581691336,0.00026308398906073593,0.6349491119384766,1.600228078394051,0.6349491119384766,1.600228078394051,,,240,166,4,3,0,,,,,,
selfcon__simclr__s44,selfcon,simclr,44,contrastive,30,0.00026308398906073593,0.00025000000000000006,0.6639267206192017,1.6612260140568378,0.6639267206192017,1.6612260140568378,,,240,166,4,3,0,,,,,,
selfcon__simclr__s44,selfcon,simclr,44,contrastive,31,0.00025000000000000006,0.00023691601093926408,0.7113582114378612,1.5533443646258618,0.7113582114378612,1.5533443646258618,,,240,166,4,3,0,,,,,,
selfcon__simclr__s44,selfcon,simclr,44,contrastive,32,0.00023691601093926408,0.00022386788418308668,0.545977505048116,1.4820784430905998,0.545977505048116,1.4820784430905998,,,240,166,4,3,0,,,,,,
selfcon__simclr__s44,selfcon,simclr,44,contrastive,33,0.00022386788418308668,0.0002108913837399423,0.6336180726687114,1.5452864399875503,0.6336180726687114,1.5452864399875503,,,240,166,4,3,0,,,,,,
selfcon__simclr__s44,selfcon,simclr,44,contrastive,34,0.0002108913837399423,0.00019802207729556018,0.4760164429744085,1.6261927923524235,0.4760164429744085,1.6261927923524235,,,240,166,4,3,0,,,,,,
selfcon__simclr__s44,selfcon,simclr,44,contrastive,35,0.00019802207729556018,0.00018529523872436987,0.7428098877271017,1.6066152834030518,0.7428098877271017,1.6066152834030518,,,240,166,4,3,0,,,,,,
selfcon__simclr__s44,selfcon,simclr,44,contrastive,36,0.00018529523872436987,0.0001727457514062632,0.47394362290700276,1.6003963674407407,0.47394362290700276,1.6003963674407407,,,240,166,4,3,0,,,,,,
selfcon__simclr__s44,selfcon,simclr,44,contrastive,37,0.0001727457514062632,0.00016040801261367496,0.4262340207894643,1.488814302237637,0.4262340207894643,1.488814302237637,,,240,166,4,3,0,,,,,,
selfcon__simclr__s44,selfcon,simclr,44,contrastive,38,0.00016040801261367496,0.00014831583923105,0.8155235568682353,1.463991751153785,0.8155235568682353,1.463991751153785,,,240,166,4,3,0,,,,,,
selfcon__simclr__s44,selfcon,simclr,44,contrastive,39,0.00014831583923105,0.00013650237506511334,0.4416937490304311,1.4134630740407002,0.4416937490304311,1.4134630740407002,,,240,166,4,3,0,,,,,,
selfcon__simclr__s44,selfcon,simclr,44,contrastive,40,0.00013650237506511334,0.00012500000000000008,0.3424657811721166,1.3736738433320839,0.3424657811721166,1.3736738433320839,,,240,166,4,3,0,,,,,,
selfcon__simclr__s44,selfcon,simclr,44,contrastive,41,0.00012500000000000008,0.00011384024124624333,0.3610104521115621,1.3575140999024173,0.3610104521115621,1.3575140999024173,,,240,166,4,3,0,,,,,,
selfcon__simclr__s44,selfcon,simclr,44,contrastive,42,0.00011384024124624333,0.00010305368692688177,0.292451885342598,1.3505584762757084,0.292451885342598,1.3505584762757084,,,240,166,4,3,0,,,,,,
selfcon__simclr__s44,selfcon,simclr,44,contrastive,43,0.00010305368692688177,9.26699022375407e-05,0.3898239940404892,1.3543204069137573,0.3898239940404892,1.3543204069137573,,,240,166,4,3,0,,,,,,
selfcon__simclr__s44,selfcon,simclr,44,contrastive,44,9.26699022375407e-05,8.271734841028555e-05,0.45163432757059735,1.3373000162193573,0.45163432757059735,1.3373000162193573,,,240,166,4,3,0,,,,,,
selfcon__simclr__s44,selfcon,simclr,44,contrastive,45,8.271734841028555e-05,7.322330470336315e-05,0.34943943421045937,1.3374458687851227,0.34943943421045937,1.3374458687851227,,,240,166,4,3,0,,,,,,
selfcon__simclr__s44,selfcon,simclr,44,contrastive,46,7.322330470336315e-05,6.421379363065149e-05,0.28958068986733754,1.3431565646665642,0.28958068986733754,1.3431565646665642,,,240,166,4,3,0,,,,,,
selfcon__simclr__s44,selfcon,simclr,44,contrastive,47,6.421379363065149e-05,5.5713509635757295e-05,0.510116187731425,1.3547624600939003,0.510116187731425,1.3547624600939003,,,240,166,4,3,0,,,,,,
selfcon__simclr__s44,selfcon,simclr,44,contrastive,48,5.5713509635757295e-05,4.774575140626318e-05,0.29340625603993736,1.3514333503792084,0.29340625603993736,1.3514333503792084,,,240,166,4,3,0,,,,,,
selfcon__simclr__s44,selfcon,simclr,44,contrastive,49,4.774575140626318e-05,4.0332358013644026e-05,0.41968828439712524,1.3234311780297612,0.41968828439712524,1.3234311780297612,,,240,166,4,3,0,,,,,,
selfcon__simclr__s44,selfcon,simclr,44,contrastive,50,4.0332358013644026e-05,3.349364905389033e-05,0.3599691609541575,1.3159873858991875,0.3599691609541575,1.3159873858991875,,,240,166,4,3,0,,,,,,
selfcon__simclr__s44,selfcon,simclr,44,contrastive,51,3.349364905389033e-05,2.724836895290806e-05,0.37889151871204374,1.321430370032069,0.37889151871204374,1.321430370032069,,,240,166,4,3,0,,,,,,
selfcon__simclr__s44,selfcon,simclr,44,contrastive,52,2.724836895290806e-05,2.161363558934976e-05,0.3044233977794647,1.2919869243380535,0.3044233977794647,1.2919869243380535,,,240,166,4,3,0,,,,,,
selfcon__simclr__s44,selfcon,simclr,44,contrastive,53,2.161363558934976e-05,1.6604893375699568e-05,0.36414520839850106,1.2717168094163918,0.36414520839850106,1.2717168094163918,,,240,166,4,3,0,,,,,,
selfcon__simclr__s44,selfcon,simclr,44,contrastive,54,1.6604893375699568e-05,1.2235870926211619e-05,0.3281237403551737,1.2879134782825608,0.3281237403551737,1.2879134782825608,,,240,166,4,3,0,,,,,,
selfcon__simclr__s44,selfcon,simclr,44,contrastive,55,1.2235870926211619e-05,8.518543427732923e-06,0.21126573632160822,1.2939985588372471,0.21126573632160822,1.2939985588372471,,,240,166,4,3,0,,,,,,
selfcon__simclr__s44,selfcon,simclr,44,contrastive,56,8.518543427732923e-06,5.463099816548579e-06,0.2886909971634547,1.30144100519548,0.2886909971634547,1.30144100519548,,,240,166,4,3,0,,,,,,
selfcon__simclr__s44,selfcon,simclr,44,contrastive,57,5.463099816548579e-06,3.077914851215586e-06,0.2457971860965093,1.295683210872742,0.2457971860965093,1.295683210872742,,,240,166,4,3,0,,,,,,
selfcon__simclr__s44,selfcon,simclr,44,contrastive,58,3.077914851215586e-06,1.3695261579316502e-06,0.2546850929657618,1.2833587477006108,0.2546850929657618,1.2833587477006108,,,240,166,4,3,0,,,,,,
selfcon__simclr__s44,selfcon,simclr,44,contrastive,59,1.3695261579316502e-06,3.4261631135654184e-07,0.35022122859954835,1.2978773784924702,0.35022122859954835,1.2978773784924702,,,240,166,4,3,0,,,,,,
selfcon__simclr__s44,selfcon,simclr,44,contrastive,60,3.4261631135654184e-07,0.0,0.23394585649172464,1.3007905519152263,0.23394585649172464,1.3007905519152263,,,240,166,4,3,0,,,,,,
selfcon__simclr__s44,selfcon,simclr,44,selfcon_probe,1,0.001,0.000998458666866564,0.8240629438361017,0.7173077402400523,0.8240629438361017,0.7173077402400523,,,120,83,4,3,0,0.5406,0.6206,0.1212,0.96,0.6667,0.2051
selfcon__simclr__s44,selfcon,simclr,44,selfcon_probe,2,0.000998458666866564,0.0009938441702975688,0.5748183463199245,0.6136539035557047,0.5748183463199245,0.6136539035557047,,,120,83,4,3,0,0.6294,0.7818,0.8788,0.38,0.4833,0.6237
selfcon__simclr__s44,selfcon,simclr,44,selfcon_probe,3,0.0009938441702975688,0.0009861849601988382,0.5171029763720026,0.5797091303580777,0.5171029763720026,0.5797091303580777,,,120,83,4,3,0,0.6791,0.7964,0.8182,0.54,0.54,0.6506
selfcon__simclr__s44,selfcon,simclr,44,selfcon_probe,4,0.0009861849601988382,0.0009755282581475767,0.44410465744267896,0.572840698318803,0.44410465744267896,0.572840698318803,,,120,83,4,3,0,0.7739,0.7939,0.7879,0.76,0.6842,0.7324
selfcon__simclr__s44,selfcon,simclr,44,selfcon_probe,5,0.0009755282581475767,0.0009619397662556432,0.3983943454602951,0.5576626256379854,0.3983943454602951,0.5576626256379854,,,120,83,4,3,0,0.7439,0.7939,0.7879,0.7,0.6341,0.7027
selfcon__simclr__s44,selfcon,simclr,44,selfcon_probe,6,0.0009619397662556432,0.0009455032620941838,0.369301511111887,0.5659217919696675,0.369301511111887,0.5659217919696675,,,120,83,4,3,0,0.7191,0.8,0.8182,0.62,0.587,0.6835
selfcon__simclr__s44,selfcon,simclr,44,selfcon_probe,7,0.0009455032620941838,0.000926320082177046,0.35896501070328146,0.5762380915258686,0.35896501070328146,0.5762380915258686,,,120,83,4,3,0,0.7091,0.8121,0.8182,0.6,0.5745,0.675
selfcon__simclr__s44,selfcon,simclr,44,selfcon_probe,8,0.000926320082177046,0.0009045084971874736,0.3404821967183696,0.5585769934722687,0.3404821967183696,0.5585769934722687,,,120,83,4,3,0,0.7191,0.8188,0.8182,0.62,0.587,0.6835
selfcon__simclr__s44,selfcon,simclr,44,selfcon_probe,9,0.0009045084971874736,0.0008802029828000154,0.3321274769723773,0.5476215915212831,0.3321274769723773,0.5476215915212831,,,120,83,4,3,0,0.7539,0.8279,0.7879,0.72,0.65,0.7123
selfcon__simclr__s44,selfcon,simclr,44,selfcon_probe,10,0.0008802029828000154,0.0008535533905932736,0.3327602413418041,0.5467475183523989,0.3327602413418041,0.5467475183523989,,,120,83,4,3,0,0.7239,0.8291,0.7879,0.66,0.6047,0.6842
selfcon__simclr__s44,selfcon,simclr,44,selfcon_probe,11,0.0008535533905932736,0.0008247240241650918,0.29959015273898243,0.5435659813003865,0.29959015273898243,0.5435659813003865,,,120,83,4,3,0,0.7391,0.8315,0.8182,0.66,0.6136,0.7013
selfcon__simclr__s44,selfcon,simclr,44,selfcon_probe,12,0.0008247240241650918,0.0007938926261462365,0.298441900474882,0.539525434760353,0.298441900474882,0.539525434760353,,,120,83,4,3,0,0.7191,0.8358,0.8182,0.62,0.587,0.6835
selfcon__simclr__s44,selfcon,simclr,44,selfcon_probe,13,0.0007938926261462365,0.0007612492823579742,0.292376719435604,0.5316134153675264,0.292376719435604,0.5316134153675264,,,120,83,4,3,0,0.7439,0.8388,0.7879,0.7,0.6341,0.7027
selfcon__simclr__s44,selfcon,simclr,44,selfcon_probe,14,0.0007612492823579742,0.0007269952498697732,0.2847722226263461,0.5263739011752395,0.2847722226263461,0.5263739011752395,,,120,83,4,3,0,0.7591,0.8418,0.8182,0.7,0.6429,0.72
selfcon__simclr__s44,selfcon,simclr,44,selfcon_probe,15,0.0007269952498697732,0.0006913417161825447,0.2766495559546525,0.5234658106114954,0.2766495559546525,0.5234658106114954,,,120,83,4,3,0,0.7491,0.8467,0.8182,0.68,0.6279,0.7105
selfcon__simclr__s44,selfcon,simclr,44,selfcon_probe,16,0.0006913417161825447,0.0006545084971874736,0.277828947571539,0.5206496942297348,0.277828947571539,0.5206496942297348,,,120,83,4,3,0,0.7591,0.8485,0.8182,0.7,0.6429,0.72
selfcon__simclr__s44,selfcon,simclr,44,selfcon_probe,17,0.0006545084971874736,0.0006167226819279527,0.26068552478307017,0.5200257295544197,0.26068552478307017,0.5200257295544197,,,120,83,4,3,0,0.7591,0.8491,0.8182,0.7,0.6429,0.72
selfcon__simclr__s44,selfcon,simclr,44,selfcon_probe,18,0.0006167226819279527,0.0005782172325201154,0.25936348111217344,0.5189826086127697,0.25936348111217344,0.5189826086127697,,,120,83,4,3,0,0.7591,0.8515,0.8182,0.7,0.6429,0.72
selfcon__simclr__s44,selfcon,simclr,44,selfcon_probe,19,0.0005782172325201154,0.0005392295478639224,0.2556599484543293,0.5171342953553384,0.2556599484543293,0.5171342953553384,,,120,83,4,3,0,0.7591,0.8533,0.8182,0.7,0.6429,0.72
supcon__stacked_randaug__s42,supcon,stacked_randaug,42,contrastive,1,0.0005,0.0004996573836886434,4.643001238505046,4.173971877040633,4.643001238505046,4.173971877040633,,,240,166,4,3,0,,,,,,
supcon__stacked_randaug__s42,supcon,stacked_randaug,42,contrastive,2,0.0004996573836886434,0.0004986304738420682,4.168350601196289,4.084332221961883,4.168350601196289,4.084332221961883,,,240,166,4,3,0,,,,,,
supcon__stacked_randaug__s42,supcon,stacked_randaug,42,contrastive,3,0.0004986304738420682,0.0004969220851487844,4.062328847249349,4.070031341299953,4.062328847249349,4.070031341299953,,,240,166,4,3,0,,,,,,
supcon__stacked_randaug__s42,supcon,stacked_randaug,42,contrastive,4,0.0004969220851487844,0.0004945369001834514,3.949503453572591,4.009605875934463,3.949503453572591,4.009605875934463,,,240,166,4,3,0,,,,,,
supcon__stacked_randaug__s42,supcon,stacked_randaug,42,contrastive,5,0.0004945369001834514,0.0004914814565722671,3.873080571492513,4.076963869922133,3.873080571492513,4.076963869922133,,,240,166,4,3,0,,,,,,
supcon__stacked_randaug__s42,supcon,stacked_randaug,42,contrastive,6,0.0004914814565722671,0.00048776412907378846,4.004563156763712,4.159452688263123,4.004563156763712,4.159452688263123,,,240,166,4,3,0,,,,,,
supcon__stacked_randaug__s42,supcon,stacked_randaug,42,contrastive,7,0.00048776412907378846,0.00048339510662430044,3.889394728342692,4.155279116458203,3.889394728342692,4.155279116458203,,,240,166,4,3,0,,,,,,
supcon__stacked_randaug__s42,supcon,stacked_randaug,42,contrastive,8,0.00048339510662430044,0.0004783863644106502,3.86970108350118,4.024280424577644,3.86970108350118,4.024280424577644,,,240,166,4,3,0,,,,,,
supcon__stacked_randaug__s42,supcon,stacked_randaug,42,contrastive,9,0.0004783863644106502,0.00047275163104709196,3.93977910677592,3.995425405272518,3.93977910677592,3.995425405272518,,,240,166,4,3,0,,,,,,
supcon__stacked_randaug__s42,supcon,stacked_randaug,42,contrastive,10,0.00047275163104709196,0.00046650635094610973,3.8390634695688886,4.065918511654957,3.8390634695688886,4.065918511654957,,,240,166,4,3,0,,,,,,
supcon__stacked_randaug__s42,supcon,stacked_randaug,42,contrastive,11,0.00046650635094610973,0.00045966764198635603,3.855104351043701,4.054898988769715,3.855104351043701,4.054898988769715,,,240,166,4,3,0,,,,,,
supcon__stacked_randaug__s42,supcon,stacked_randaug,42,contrastive,12,0.00045966764198635603,0.0004522542485937369,3.769569460550944,4.073187779231244,3.769569460550944,4.073187779231244,,,240,166,4,3,0,,,,,,
supcon__stacked_randaug__s42,supcon,stacked_randaug,42,contrastive,13,0.0004522542485937369,0.00044428649036424276,3.7505447546641033,4.168458573789482,3.7505447546641033,4.168458573789482,,,240,166,4,3,0,,,,,,
supcon__stacked_randaug__s42,supcon,stacked_randaug,42,contrastive,14,0.00044428649036424276,0.0004357862063693486,3.860948657989502,4.135812061378755,3.860948657989502,4.135812061378755,,,240,166,4,3,0,,,,,,
supcon__stacked_randaug__s42,supcon,stacked_randaug,42,contrastive,15,0.0004357862063693486,0.00042677669529663696,3.7478854179382326,4.093584566231233,3.7478854179382326,4.093584566231233,,,240,166,4,3,0,,,,,,
supcon__stacked_randaug__s42,supcon,stacked_randaug,42,contrastive,16,0.00042677669529663696,0.0004172826515897146,3.6942532221476236,4.178999777299812,3.6942532221476236,4.178999777299812,,,240,166,4,3,0,,,,,,
supcon__stacked_randaug__s42,supcon,stacked_randaug,42,contrastive,17,0.0004172826515897146,0.0004073300977624594,3.7142398357391357,4.190393315740378,3.7142398357391357,4.190393315740378,,,240,166,4,3,0,,,,,,
supcon__stacked_randaug__s42,supcon,stacked_randaug,42,contrastive,18,0.0004073300977624594,0.0003969463130731183,3.76840394337972,4.193456471684468,3.76840394337972,4.193456471684468,,,240,166,4,3,0,,,,,,
supcon__stacked_randaug__s42,supcon,stacked_randaug,42,contrastive,19,0.0003969463130731183,0.0003861597587537568,3.806831200917562,4.188326361667679,3.806831200917562,4.188326361667679,,,240,166,4,3,0,,,,,,
supcon__stacked_randaug__s42,supcon,stacked_randaug,42,contrastive,20,0.0003861597587537568,0.000375,3.7042271296183267,4.3249267124267945,3.7042271296183267,4.3249267124267945,,,240,166,4,3,0,,,,,,
supcon__stacked_randaug__s42,supcon,stacked_randaug,42,contrastive,21,0.000375,0.00036349762493488667,3.807588783899943,4.140764006649155,3.807588783899943,4.140764006649155,,,240,166,4,3,0,,,,,,
supcon__stacked_randaug__s42,supcon,stacked_randaug,42,contrastive,22,0.00036349762493488667,0.0003516841607689501,3.7166853586832684,4.082268143274698,3.7166853586832684,4.082268143274698,,,240,166,4,3,0,,,,,,
supcon__stacked_randaug__s42,supcon,stacked_randaug,42,contrastive,23,0.0003516841607689501,0.00033959198738632514,3.7896538734436036,4.151436779872481,3.7896538734436036,4.151436779872481,,,240,166,4,3,0,,,,,,
supcon__stacked_randaug__s42,supcon,stacked_randaug,42,contrastive,24,0.00033959198738632514,0.00032725424859373687,3.7668417771657308,4.073730488857591,3.7668417771657308,4.073730488857591,,,240,166,4,3,0,,,,,,
supcon__stacked_randaug__s42,supcon,stacked_randaug,42,contrastive,25,0.00032725424859373687,0.00031470476127563017,3.6664307594299315,4.040303155600307,3.6664307594299315,4.040303155600307,,,240,166,4,3,0,,,,,,
supcon__stacked_randaug__s42,supcon,stacked_randaug,42,contrastive,26,0.00031470476127563017,0.00030197792270443975,3.7082974910736084,4.046974638858473,3.7082974910736084,4.046974638858473,,,240,166,4,3,0,,,,,,
supcon__stacked_randaug__s42,supcon,stacked_randaug,42,contrastive,27,0.00030197792270443975,0.0002891086162600577,3.697386932373047,4.0623618522322325,3.697386932373047,4.0623618522322325,,,240,166,4,3,0,,,,,,
supcon__stacked_randaug__s42,supcon,stacked_randaug,42,contrastive,28,0.0002891086162600577,0.00027613211581691336,3.6347627957661945,4.191079564841397,3.6347627957661945,4.191079564841397,,,240,166,4,3,0,,,,,,
supcon__stacked_randaug__s42,supcon,stacked_randaug,42,contrastive,29,0.00027613211581691336,0.00026308398906073593,3.6014403184254964,4.184194220117776,3.6014403184254964,4.184194220117776,,,240,166,4,3,0,,,,,,
supcon__stacked_randaug__s42,supcon,stacked_randaug,42,contrastive,30,0.00026308398906073593,0.00025000000000000006,3.6845191955566405,4.194366205169494,3.6845191955566405,4.194366205169494,,,240,166,4,3,0,,,,,,
supcon__stacked_randaug__s42,supcon,stacked_randaug,42,contrastive,31,0.00025000000000000006,0.00023691601093926408,3.6374635060628253,4.299149852201163,3.6374635060628253,4.299149852201163,,,240,166,4,3,0,,,,,,
supcon__stacked_randaug__s42,supcon,stacked_randaug,42,contrastive,32,0.00023691601093926408,0.00022386788418308668,3.71507568359375,4.155795913144766,3.71507568359375,4.155795913144766,,,240,166,4,3,0,,,,,,
supcon__stacked_randaug__s42,supcon,stacked_randaug,42,contrastive,33,0.00022386788418308668,0.0002108913837399423,3.647693157196045,4.083972781537527,3.647693157196045,4.083972781537527,,,240,166,4,3,0,,,,,,
supcon__stacked_randaug__s42,supcon,stacked_randaug,42,contrastive,34,0.0002108913837399423,0.00019802207729556018,3.6139214833577475,4.094640944377486,3.6139214833577475,4.094640944377486,,,240,166,4,3,0,,,,,,
supcon__stacked_randaug__s42,supcon,stacked_randaug,42,contrastive,35,0.00019802207729556018,0.00018529523872436987,3.65591934521993,4.152095898088202,3.65591934521993,4.152095898088202,,,240,166,4,3,0,,,,,,
supcon__stacked_randaug__s42,supcon,stacked_randaug,42,contrastive,36,0.00018529523872436987,0.0001727457514062632,3.683829387029012,4.1946793981345305,3.683829387029012,4.1946793981345305,,,240,166,4,3,0,,,,,,
supcon__stacked_randaug__s42,supcon,stacked_randaug,42,contrastive,37,0.0001727457514062632,0.00016040801261367496,3.6501476923624674,4.223160737968353,3.6501476923624674,4.223160737968353,,,240,166,4,3,0,,,,,,
supcon__stacked_randaug__s42,supcon,stacked_randaug,42,contrastive,38,0.00016040801261367496,0.00014831583923105,3.639859612782796,4.193255579615214,3.639859612782796,4.193255579615214,,,240,166,4,3,0,,,,,,
supcon__stacked_randaug__s42,supcon,stacked_randaug,42,contrastive,39,0.00014831583923105,0.00013650237506511334,3.596118609110514,4.172179675963988,3.596118609110514,4.172179675963988,,,240,166,4,3,0,,,,,,
supcon__stacked_randaug__s42,supcon,stacked_randaug,42,contrastive,40,0.00013650237506511334,0.00012500000000000008,3.5196665128072104,4.137877337903862,3.5196665128072104,4.137877337903862,,,240,166,4,3,0,,,,,,
supcon__stacked_randaug__s42,supcon,stacked_randaug,42,contrastive,41,0.00012500000000000008,0.00011384024124624333,3.6149341265360513,4.125846213605031,3.6149341265360513,4.125846213605031,,,240,166,4,3,0,,,,,,
supcon__stacked_randaug__s42,supcon,stacked_randaug,42,contrastive,42,0.00011384024124624333,0.00010305368692688177,3.64031507174174,4.1669885135558715,3.64031507174174,4.1669885135558715,,,240,166,4,3,0,,,,,,
supcon__stacked_randaug__s42,supcon,stacked_randaug,42,contrastive,43,0.00010305368692688177,9.26699022375407e-05,3.555201784769694,4.207347266645317,3.555201784769694,4.207347266645317,,,240,166,4,3,0,,,,,,
supcon__stacked_randaug__s42,supcon,stacked_randaug,42,contrastive,44,9.26699022375407e-05,8.271734841028555e-05,3.527294365564982,4.236270019807011,3.527294365564982,4.236270019807011,,,240,166,4,3,0,,,,,,
supcon__stacked_randaug__s42,supcon,stacked_randaug,42,contrastive,45,8.271734841028555e-05,7.322330470336315e-05,3.5350719769795735,4.223809839731239,3.5350719769795735,4.223809839731239,,,240,166,4,3,0,,,,,,
supcon__stacked_randaug__s42,supcon,stacked_randaug,42,contrastive,46,7.322330470336315e-05,6.421379363065149e-05,3.550386889775594,4.2466499202222705,3.550386889775594,4.2466499202222705,,,240,166,4,3,0,,,,,,
supcon__stacked_randaug__s42,supcon,stacked_randaug,42,contrastive,47,6.421379363065149e-05,5.5713509635757295e-05,3.516846243540446,4.273382215614778,3.516846243540446,4.273382215614778,,,240,166,4,3,0,,,,,,
supcon__stacked_randaug__s42,supcon,stacked_randaug,42,contrastive,48,5.5713509635757295e-05,4.774575140626318e-05,3.5479397773742676,4.280095669160406,3.5479397773742676,4.280095669160406,,,240,166,4,3,0,,,,,,
supcon__stacked_randaug__s42,supcon,stacked_randaug,42,contrastive,49,4.774575140626318e-05,4.0332358013644026e-05,3.5837782541910808,4.271434513919325,3.5837782541910808,4.271434513919325,,,240,166,4,3,0,,,,,,
supcon__stacked_randaug__s42,supcon,stacked_randaug,42,contrastive,50,4.0332358013644026e-05,3.349364905389033e-05,3.5730141480763753,4.276204999670925,3.5730141480763753,4.276204999670925,,,240,166,4,3,0,,,,,,
supcon__stacked_randaug__s42,supcon,stacked_randaug,42,contrastive,51,3.349364905389033e-05,2.724836895290806e-05,3.57404203414917,4.275358791810921,3.57404203414917,4.275358791810921,,,240,166,4,3,0,,,,,,
supcon__stacked_randaug__s42,supcon,stacked_randaug,42,contrastive,52,2.724836895290806e-05,2.161363558934976e-05,3.6005663871765137,4.266190712710461,3.6005663871765137,4.266190712710461,,,240,166,4,3,0,,,,,,
supcon__stacked_randaug__s42,supcon,stacked_randaug,42,contrastive,53,2.161363558934976e-05,1.6604893375699568e-05,3.5053356488545737,4.24560371651707,3.5053356488545737,4.24560371651707,,,240,166,4,3,0,,,,,,
supcon__stacked_randaug__s42,supcon,stacked_randaug,42,contrastive,54,1.6604893375699568e-05,1.2235870926211619e-05,3.6948644320170083,4.253831774355417,3.6948644320170083,4.253831774355417,,,240,166,4,3,0,,,,,,
supcon__stacked_randaug__s42,supcon,stacked_randaug,42,contrastive,55,1.2235870926211619e-05,8.518543427732923e-06,3.5642875830332437,4.224944654717503,3.5642875830332437,4.224944654717503,,,240,166,4,3,0,,,,,,
supcon__stacked_randaug__s42,supcon,stacked_randaug,42,contrastive,56,8.518543427732923e-06,5.463099816548579e-06,3.6037535508473715,4.219993579818542,3.6037535508473715,4.219993579818542,,,240,166,4,3,0,,,,,,
supcon__stacked_randaug__s42,supcon,stacked_randaug,42,contrastive,57,5.463099816548579e-06,3.077914851215586e-06,3.529704761505127,4.208009742828737,3.529704761505127,4.208009742828737,,,240,166,4,3,0,,,,,,
supcon__stacked_randaug__s42,supcon,stacked_randaug,42,contrastive,58,3.077914851215586e-06,1.3695261579316502e-06,3.455423863728841,4.207884937883859,3.455423863728841,4.207884937883859,,,240,166,4,3,0,,,,,,
supcon__stacked_randaug__s42,supcon,stacked_randaug,42,contrastive,59,1.3695261579316502e-06,3.4261631135654184e-07,3.52772699991862,4.218233036707683,3.52772699991862,4.218233036707683,,,240,166,4,3,0,,,,,,
supcon__stacked_randaug__s42,supcon,stacked_randaug,42,contrastive,60,3.4261631135654184e-07,0.0,3.5222522099812825,4.204932856272502,3.5222522099812825,4.204932856272502,,,240,166,4,3,0,,,,,,
supcon__stacked_randaug__s42,supcon,stacked_randaug,42,supcon_probe,1,0.001,0.000998458666866564,0.4667429887743898,0.4627698129350643,0.4667429887743898,0.4627698129350643,,,120,83,4,3,0,0.8088,0.8509,0.7576,0.86,0.7812,0.7692
supcon__stacked_randaug__s42,supcon,stacked_randaug,42,supcon_probe,2,0.000998458666866564,0.0009938441702975688,0.10686196857797149,0.5107931021893489,0.10686196857797149,0.5107931021893489,,,120,83,4,3,0,0.7988,0.8497,0.7576,0.84,0.7576,0.7576
supcon__stacked_randaug__s42,supcon,stacked_randaug,42,supcon_probe,3,0.0009938441702975688,0.0009861849601988382,0.0404631275489463,0.5982075116829301,0.0404631275489463,0.5982075116829301,,,120,83,4,3,0,0.8188,0.8503,0.7576,0.88,0.8065,0.7812
supcon__stacked_randaug__s42,supcon,stacked_randaug,42,supcon_probe,4,0.0009861849601988382,0.0009755282581475767,0.015808702558317952,0.6789031034022117,0.015808702558317952,0.6789031034022117,,,120,83,4,3,0,0.8188,0.8497,0.7576,0.88,0.8065,0.7812
supcon__stacked_randaug__s42,supcon,stacked_randaug,42,supcon_probe,5,0.0009755282581475767,0.0009619397662556432,0.010814998233406889,0.74262082740269,0.010814998233406889,0.74262082740269,,,120,83,4,3,0,0.8288,0.8491,0.7576,0.9,0.8333,0.7937
supcon__stacked_randaug__s42,supcon,stacked_randaug,42,supcon_probe,6,0.0009619397662556432,0.0009455032620941838,0.005895285353803731,0.7914972278997963,0.005895285353803731,0.7914972278997963,,,120,83,4,3,0,0.8288,0.8491,0.7576,0.9,0.8333,0.7937
supcon__stacked_randaug__s42,supcon,stacked_randaug,42,supcon_probe,7,0.0009455032620941838,0.000926320082177046,0.005052928037940815,0.826971421328584,0.005052928037940815,0.826971421328584,,,120,83,4,3,0,0.8288,0.8491,0.7576,0.9,0.8333,0.7937
supcon__stacked_randaug__s42,supcon,stacked_randaug,42,supcon_probe,8,0.000926320082177046,0.0009045084971874736,0.0035496826206403726,0.8534511789320629,0.0035496826206403726,0.8534511789320629,,,120,83,4,3,0,0.8288,0.8491,0.7576,0.9,0.8333,0.7937
supcon__stacked_randaug__s42,supcon,stacked_randaug,42,supcon_probe,9,0.0009045084971874736,0.0008802029828000154,0.0026808323189410057,0.8727521502623933,0.0026808323189410057,0.8727521502623933,,,120,83,4,3,0,0.8288,0.8491,0.7576,0.9,0.8333,0.7937
supcon__stacked_randaug__s42,supcon,stacked_randaug,42,supcon_probe,10,0.0008802029828000154,0.0008535533905932736,0.0028484953979611106,0.8873029566079632,0.0028484953979611106,0.8873029566079632,,,120,83,4,3,0,0.8288,0.8491,0.7576,0.9,0.8333,0.7937
supcon__stacked_randaug__s42,supcon,stacked_randaug,42,supcon_probe,11,0.0008535533905932736,0.0008247240241650918,0.0037673274872962815,0.8974095025814836,0.0037673274872962815,0.8974095025814836,,,120,83,4,3,0,0.8288,0.8491,0.7576,0.9,0.8333,0.7937
supcon__stacked_randaug__s42,supcon,stacked_randaug,42,supcon_probe,12,0.0008247240241650918,0.0007938926261462365,0.0026804396736284275,0.9048758095083278,0.0026804396736284275,0.9048758095083278,,,120,83,4,3,0,0.8288,0.8491,0.7576,0.9,0.8333,0.7937
supcon__stacked_randaug__s42,supcon,stacked_randaug,42,supcon_probe,13,0.0007938926261462365,0.0007612492823579742,0.0025235534834602822,0.9103187351263057,0.0025235534834602822,0.9103187351263057,,,120,83,4,3,0,0.8288,0.8485,0.7576,0.9,0.8333,0.7937
supcon__stacked_randaug__s42,supcon,stacked_randaug,42,supcon_probe,14,0.0007612492823579742,0.0007269952498697732,0.0032876915633698414,0.9137969584622141,0.0032876915633698414,0.9137969584622141,,,120,83,4,3,0,0.8288,0.8485,0.7576,0.9,0.8333,0.7937
supcon__stacked_randaug__s42,supcon,stacked_randaug,42,supcon_probe,15,0.0007269952498697732,0.0006913417161825447,0.003693817396450302,0.9161511396803541,0.003693817396450302,0.9161511396803541,,,120,83,4,3,0,0.8288,0.8485,0.7576,0.9,0.8333,0.7937
supcon__stacked_randaug__s42,supcon,stacked_randaug,42,supcon_probe,16,0.0006913417161825447,0.0006545084971874736,0.0024651315608992664,0.9181440394713325,0.0024651315608992664,0.9181440394713325,,,120,83,4,3,0,0.8288,0.8485,0.7576,0.9,0.8333,0.7937
supcon__stacked_randaug__s42,supcon,stacked_randaug,42,supcon_probe,17,0.0006545084971874736,0.0006167226819279527,0.003121670634207336,0.9197747466995984,0.003121670634207336,0.9197747466995984,,,120,83,4,3,0,0.8288,0.8479,0.7576,0.9,0.8333,0.7937
supcon__stacked_randaug__s42,supcon,stacked_randaug,42,supcon_probe,18,0.0006167226819279527,0.0005782172325201154,0.0017171422882913845,0.9209095353820747,0.0017171422882913845,0.9209095353820747,,,120,83,4,3,0,0.8288,0.8479,0.7576,0.9,0.8333,0.7937
supcon__stacked_randaug__s42,supcon,stacked_randaug,42,supcon_probe,19,0.0005782172325201154,0.0005392295478639224,0.0022401550827845754,0.9224501379080544,0.0022401550827845754,0.9224501379080544,,,120,83,4,3,0,0.8288,0.8479,0.7576,0.9,0.8333,0.7937
supcon__stacked_randaug__s42,supcon,stacked_randaug,42,supcon_probe,20,0.0005392295478639224,0.0004999999999999999,0.0026026851762972676,0.923972274033478,0.0026026851762972676,0.923972274033478,,,120,83,4,3,0,0.8288,0.8479,0.7576,0.9,0.8333,0.7937
supcon__stacked_randaug__s43,supcon,stacked_randaug,43,contrastive,1,0.0005,0.0004996573836886434,4.74709742863973,4.225983613944916,4.74709742863973,4.225983613944916,,,240,166,4,3,0,,,,,,
supcon__stacked_randaug__s43,supcon,stacked_randaug,43,contrastive,2,0.0004996573836886434,0.0004986304738420682,4.1309144496917725,4.105264520070639,4.1309144496917725,4.105264520070639,,,240,166,4,3,0,,,,,,
supcon__stacked_randaug__s43,supcon,stacked_randaug,43,contrastive,3,0.0004986304738420682,0.0004969220851487844,3.983187373479207,4.0746386625680575,3.983187373479207,4.0746386625680575,,,240,166,4,3,0,,,,,,
supcon__stacked_randaug__s43,supcon,stacked_randaug,43,contrastive,4,0.0004969220851487844,0.0004945369001834514,3.9679368495941163,4.17152257137988,3.9679368495941163,4.17152257137988,,,240,166,4,3,0,,,,,,
supcon__stacked_randaug__s43,supcon,stacked_randaug,43,contrastive,5,0.0004945369001834514,0.0004914814565722671,3.941756184895833,4.055704317897199,3.941756184895833,4.055704317897199,,,240,166,4,3,0,,,,,,
supcon__stacked_randaug__s43,supcon,stacked_randaug,43,contrastive,6,0.0004914814565722671,0.00048776412907378846,3.8826095898946127,4.041667645236096,3.8826095898946127,4.041667645236096,,,240,166,4,3,0,,,,,,
supcon__stacked_randaug__s43,supcon,stacked_randaug,43,contrastive,7,0.00048776412907378846,0.00048339510662430044,3.920239067077637,4.059870447020933,3.920239067077637,4.059870447020933,,,240,166,4,3,0,,,,,,
supcon__stacked_randaug__s43,supcon,stacked_randaug,43,contrastive,8,0.00048339510662430044,0.0004783863644106502,3.817891581853231,4.04957343871335,3.817891581853231,4.04957343871335,,,240,166,4,3,0,,,,,,
supcon__stacked_randaug__s43,supcon,stacked_randaug,43,contrastive,9,0.0004783863644106502,0.00047275163104709196,3.858412822087606,4.025893794484885,3.858412822087606,4.025893794484885,,,240,166,4,3,0,,,,,,
supcon__stacked_randaug__s43,supcon,stacked_randaug,43,contrastive,10,0.00047275163104709196,0.00046650635094610973,3.860087792078654,4.0499780752572665,3.860087792078654,4.0499780752572665,,,240,166,4,3,0,,,,,,
supcon__stacked_randaug__s43,supcon,stacked_randaug,43,contrastive,11,0.00046650635094610973,0.00045966764198635603,3.8382600784301757,4.090965463454465,3.8382600784301757,4.090965463454465,,,240,166,4,3,0,,,,,,
supcon__stacked_randaug__s43,supcon,stacked_randaug,43,contrastive,12,0.00045966764198635603,0.0004522542485937369,3.839466365178426,4.084065664245422,3.839466365178426,4.084065664245422,,,240,166,4,3,0,,,,,,
supcon__stacked_randaug__s43,supcon,stacked_randaug,43,contrastive,13,0.0004522542485937369,0.00044428649036424276,3.8118027687072753,4.16750177417893,3.8118027687072753,4.16750177417893,,,240,166,4,3,0,,,,,,
supcon__stacked_randaug__s43,supcon,stacked_randaug,43,contrastive,14,0.00044428649036424276,0.0004357862063693486,3.8681052684783936,4.102591546185045,3.8681052684783936,4.102591546185045,,,240,166,4,3,0,,,,,,
supcon__stacked_randaug__s43,supcon,stacked_randaug,43,contrastive,15,0.0004357862063693486,0.00042677669529663696,3.7633257865905763,4.075898983392371,3.7633257865905763,4.075898983392371,,,240,166,4,3,0,,,,,,
supcon__stacked_randaug__s43,supcon,stacked_randaug,43,contrastive,16,0.00042677669529663696,0.0004172826515897146,3.75651273727417,4.131725265319089,3.75651273727417,4.131725265319089,,,240,166,4,3,0,,,,,,
supcon__stacked_randaug__s43,supcon,stacked_randaug,43,contrastive,17,0.0004172826515897146,0.0004073300977624594,3.757687568664551,4.271845165505467,3.757687568664551,4.271845165505467,,,240,166,4,3,0,,,,,,
supcon__stacked_randaug__s43,supcon,stacked_randaug,43,contrastive,18,0.0004073300977624594,0.0003969463130731183,3.7083016872406005,4.197900622724051,3.7083016872406005,4.197900622724051,,,240,166,4,3,0,,,,,,
supcon__stacked_randaug__s43,supcon,stacked_randaug,43,contrastive,19,0.0003969463130731183,0.0003861597587537568,3.7810378710428876,4.227521859019635,3.7810378710428876,4.227521859019635,,,240,166,4,3,0,,,,,,
supcon__stacked_randaug__s43,supcon,stacked_randaug,43,contrastive,20,0.0003861597587537568,0.000375,3.668708101908366,4.146801761834018,3.668708101908366,4.146801761834018,,,240,166,4,3,0,,,,,,
supcon__stacked_randaug__s43,supcon,stacked_randaug,43,contrastive,21,0.000375,0.00036349762493488667,3.7174524625142413,4.190447721136621,3.7174524625142413,4.190447721136621,,,240,166,4,3,0,,,,,,
supcon__stacked_randaug__s43,supcon,stacked_randaug,43,contrastive,22,0.00036349762493488667,0.0003516841607689501,3.7085214932759603,4.359630492796381,3.7085214932759603,4.359630492796381,,,240,166,4,3,0,,,,,,
supcon__stacked_randaug__s43,supcon,stacked_randaug,43,contrastive,23,0.0003516841607689501,0.00033959198738632514,3.7542004426320394,4.322651317320674,3.7542004426320394,4.322651317320674,,,240,166,4,3,0,,,,,,
supcon__stacked_randaug__s43,supcon,stacked_randaug,43,contrastive,24,0.00033959198738632514,0.00032725424859373687,3.7509250322977703,4.174069588442883,3.7509250322977703,4.174069588442883,,,240,166,4,3,0,,,,,,
supcon__stacked_randaug__s43,supcon,stacked_randaug,43,contrastive,25,0.00032725424859373687,0.00031470476127563017,3.6265756766001385,4.171252362699394,3.6265756766001385,4.171252362699394,,,240,166,4,3,0,,,,,,
supcon__stacked_randaug__s43,supcon,stacked_randaug,43,contrastive,26,0.00031470476127563017,0.00030197792270443975,3.683280070622762,4.195037163883807,3.683280070622762,4.195037163883807,,,240,166,4,3,0,,,,,,
supcon__stacked_randaug__s43,supcon,stacked_randaug,43,contrastive,27,0.00030197792270443975,0.0002891086162600577,3.6585028648376463,4.202780473663147,3.6585028648376463,4.202780473663147,,,240,166,4,3,0,,,,,,
supcon__stacked_randaug__s43,supcon,stacked_randaug,43,contrastive,28,0.0002891086162600577,0.00027613211581691336,3.6706928412119546,4.312270716012242,3.6706928412119546,4.312270716012242,,,240,166,4,3,0,,,,,,
supcon__stacked_randaug__s43,supcon,stacked_randaug,43,contrastive,29,0.00027613211581691336,0.00026308398906073593,3.5917169094085692,4.333316337631409,3.5917169094085692,4.333316337631409,,,240,166,4,3,0,,,,,,
supcon__stacked_randaug__s43,supcon,stacked_randaug,43,contrastive,30,0.00026308398906073593,0.00025000000000000006,3.598719676335653,4.362662815185915,3.598719676335653,4.362662815185915,,,240,166,4,3,0,,,,,,
supcon__stacked_randaug__s43,supcon,stacked_randaug,43,contrastive,31,0.00025000000000000006,0.00023691601093926408,3.7129868507385253,4.257263999387442,3.7129868507385253,4.257263999387442,,,240,166,4,3,0,,,,,,
supcon__stacked_randaug__s43,supcon,stacked_randaug,43,contrastive,32,0.00023691601093926408,0.00022386788418308668,3.6390591939290364,4.254046595240214,3.6390591939290364,4.254046595240214,,,240,166,4,3,0,,,,,,
supcon__stacked_randaug__s43,supcon,stacked_randaug,43,contrastive,33,0.00022386788418308668,0.0002108913837399423,3.6258255004882813,4.3426927371197435,3.6258255004882813,4.3426927371197435,,,240,166,4,3,0,,,,,,
supcon__stacked_randaug__s43,supcon,stacked_randaug,43,contrastive,34,0.0002108913837399423,0.00019802207729556018,3.653056796391805,4.1992671518440705,3.653056796391805,4.1992671518440705,,,240,166,4,3,0,,,,,,
supcon__stacked_randaug__s43,supcon,stacked_randaug,43,contrastive,35,0.00019802207729556018,0.00018529523872436987,3.751517391204834,4.100310900125159,3.751517391204834,4.100310900125159,,,240,166,4,3,0,,,,,,
supcon__stacked_randaug__s43,supcon,stacked_randaug,43,contrastive,36,0.00018529523872436987,0.0001727457514062632,3.6446661949157715,4.113262302904244,3.6446661949157715,4.113262302904244,,,240,166,4,3,0,,,,,,
supcon__stacked_randaug__s43,supcon,stacked_randaug,43,contrastive,37,0.0001727457514062632,0.00016040801261367496,3.573112376530965,4.133041005536734,3.573112376530965,4.133041005536734,,,240,166,4,3,0,,,,,,
supcon__stacked_randaug__s43,supcon,stacked_randaug,43,contrastive,38,0.00016040801261367496,0.00014831583923105,3.6058480580647787,4.1697240909898134,3.6058480580647787,4.1697240909898134,,,240,166,4,3,0,,,,,,
supcon__stacked_randaug__s43,supcon,stacked_randaug,43,contrastive,39,0.00014831583923105,0.00013650237506511334,3.654378954569499,4.165402331984187,3.654378954569499,4.165402331984187,,,240,166,4,3,0,,,,,,
supcon__stacked_randaug__s43,supcon,stacked_randaug,43,contrastive,40,0.00013650237506511334,0.00012500000000000008,3.5878872712453207,4.203839279082884,3.5878872712453207,4.203839279082884,,,240,166,4,3,0,,,,,,
supcon__stacked_randaug__s43,supcon,stacked_randaug,43,contrastive,41,0.00012500000000000008,0.00011384024124624333,3.5183282534281415,4.317687781460314,3.5183282534281415,4.317687781460314,,,240,166,4,3,0,,,,,,
supcon__stacked_randaug__s43,supcon,stacked_randaug,43,contrastive,42,0.00011384024124624333,0.00010305368692688177,3.5566219329833983,4.370863403182432,3.5566219329833983,4.370863403182432,,,240,166,4,3,0,,,,,,
supcon__stacked_randaug__s43,supcon,stacked_randaug,43,contrastive,43,0.00010305368692688177,9.26699022375407e-05,3.684601593017578,4.367308404072221,3.684601593017578,4.367308404072221,,,240,166,4,3,0,,,,,,
supcon__stacked_randaug__s43,supcon,stacked_randaug,43,contrastive,44,9.26699022375407e-05,8.271734841028555e-05,3.551948308944702,4.338574570345592,3.551948308944702,4.338574570345592,,,240,166,4,3,0,,,,,,
supcon__stacked_randaug__s43,supcon,stacked_randaug,43,contrastive,45,8.271734841028555e-05,7.322330470336315e-05,3.5503384431203204,4.327534549207573,3.5503384431203204,4.327534549207573,,,240,166,4,3,0,,,,,,
supcon__stacked_randaug__s43,supcon,stacked_randaug,43,contrastive,46,7.322330470336315e-05,6.421379363065149e-05,3.563358449935913,4.2413068621991625,3.563358449935913,4.2413068621991625,,,240,166,4,3,0,,,,,,
supcon__stacked_randaug__s43,supcon,stacked_randaug,43,contrastive,47,6.421379363065149e-05,5.5713509635757295e-05,3.5353042125701903,4.2301336713584075,3.5353042125701903,4.2301336713584075,,,240,166,4,3,0,,,,,,
supcon__stacked_randaug__s43,supcon,stacked_randaug,43,contrastive,48,5.5713509635757295e-05,4.774575140626318e-05,3.5765682220458985,4.248987255326236,3.5765682220458985,4.248987255326236,,,240,166,4,3,0,,,,,,
supcon__stacked_randaug__s43,supcon,stacked_randaug,43,contrastive,49,4.774575140626318e-05,4.0332358013644026e-05,3.538999382654826,4.281015350157956,3.538999382654826,4.281015350157956,,,240,166,4,3,0,,,,,,
supcon__stacked_randaug__s43,supcon,stacked_randaug,43,contrastive,50,4.0332358013644026e-05,3.349364905389033e-05,3.5327987988789875,4.360320838100939,3.5327987988789875,4.360320838100939,,,240,166,4,3,0,,,,,,
supcon__stacked_randaug__s43,supcon,stacked_randaug,43,contrastive,51,3.349364905389033e-05,2.724836895290806e-05,3.5602394262949626,4.351208376597209,3.5602394262949626,4.351208376597209,,,240,166,4,3,0,,,,,,
supcon__stacked_randaug__s43,supcon,stacked_randaug,43,contrastive,52,2.724836895290806e-05,2.161363558934976e-05,3.5502256552378335,4.3398779961,3.5502256552378335,4.3398779961,,,240,166,4,3,0,,,,,,
supcon__stacked_randaug__s43,supcon,stacked_randaug,43,contrastive,53,2.161363558934976e-05,1.6604893375699568e-05,3.568461306889852,4.317116949931685,3.568461306889852,4.317116949931685,,,240,166,4,3,0,,,,,,
supcon__stacked_randaug__s43,supcon,stacked_randaug,43,contrastive,54,1.6604893375699568e-05,1.2235870926211619e-05,3.5112387498219806,4.304279482508281,3.5112387498219806,4.304279482508281,,,240,166,4,3,0,,,,,,
supcon__stacked_randaug__s43,supcon,stacked_randaug,43,contrastive,55,1.2235870926211619e-05,8.518543427732923e-06,3.5002852280934653,4.307085180857095,3.5002852280934653,4.307085180857095,,,240,166,4,3,0,,,,,,
supcon__stacked_randaug__s43,supcon,stacked_randaug,43,contrastive,56,8.518543427732923e-06,5.463099816548579e-06,3.4973965009053547,4.319008723799005,3.4973965009053547,4.319008723799005,,,240,166,4,3,0,,,,,,
supcon__stacked_randaug__s43,supcon,stacked_randaug,43,contrastive,57,5.463099816548579e-06,3.077914851215586e-06,3.516875489552816,4.323876231549734,3.516875489552816,4.323876231549734,,,240,166,4,3,0,,,,,,
supcon__stacked_randaug__s43,supcon,stacked_randaug,43,contrastive,58,3.077914851215586e-06,1.3695261579316502e-06,3.482482671737671,4.32538193966969,3.482482671737671,4.32538193966969,,,240,166,4,3,0,,,,,,
supcon__stacked_randaug__s43,supcon,stacked_randaug,43,contrastive,59,1.3695261579316502e-06,3.4261631135654184e-07,3.5317981243133545,4.326491172055164,3.5317981243133545,4.326491172055164,,,240,166,4,3,0,,,,,,
supcon__stacked_randaug__s43,supcon,stacked_randaug,43,contrastive,60,3.4261631135654184e-07,0.0,3.5729371388753255,4.340203991855484,3.5729371388753255,4.340203991855484,,,240,166,4,3,0,,,,,,
supcon__stacked_randaug__s43,supcon,stacked_randaug,43,supcon_probe,1,0.001,0.000998458666866564,0.6036043423630549,0.5239547700043348,0.6036043423630549,0.5239547700043348,,,120,83,4,3,0,0.7688,0.8358,0.7576,0.78,0.6944,0.7246
supcon__stacked_randaug__s43,supcon,stacked_randaug,43,supcon_probe,2,0.000998458666866564,0.0009938441702975688,0.1687999347700232,0.5486216804127455,0.1687999347700232,0.5486216804127455,,,120,83,4,3,0,0.7888,0.8424,0.7576,0.82,0.7353,0.7463
supcon__stacked_randaug__s43,supcon,stacked_randaug,43,supcon_probe,3,0.0009938441702975688,0.0009861849601988382,0.06984693738765095,0.6274140355828781,0.06984693738765095,0.6274140355828781,,,120,83,4,3,0,0.7888,0.8424,0.7576,0.82,0.7353,0.7463
supcon__stacked_randaug__s43,supcon,stacked_randaug,43,supcon_probe,4,0.0009861849601988382,0.0009755282581475767,0.03559714887969819,0.6995409028370769,0.03559714887969819,0.6995409028370769,,,120,83,4,3,0,0.7688,0.8418,0.7576,0.78,0.6944,0.7246
supcon__stacked_randaug__s43,supcon,stacked_randaug,43,supcon_probe,5,0.0009755282581475767,0.0009619397662556432,0.025385793585638222,0.7576568435395916,0.025385793585638222,0.7576568435395916,,,120,83,4,3,0,0.7839,0.8436,0.7879,0.78,0.7027,0.7429
supcon__stacked_randaug__s43,supcon,stacked_randaug,43,supcon_probe,6,0.0009619397662556432,0.0009455032620941838,0.020159570245723665,0.8020951133344287,0.020159570245723665,0.8020951133344287,,,120,83,4,3,0,0.7839,0.843,0.7879,0.78,0.7027,0.7429
supcon__stacked_randaug__s43,supcon,stacked_randaug,43,supcon_probe,7,0.0009455032620941838,0.000926320082177046,0.01601254240471537,0.836329410357943,0.01601254240471537,0.836329410357943,,,120,83,4,3,0,0.7839,0.8424,0.7879,0.78,0.7027,0.7429
supcon__stacked_randaug__s43,supcon,stacked_randaug,43,supcon_probe,8,0.000926320082177046,0.0009045084971874736,0.016214674337617443,0.862760434184875,0.016214674337617443,0.862760434184875,,,120,83,4,3,0,0.7839,0.8418,0.7879,0.78,0.7027,0.7429
supcon__stacked_randaug__s43,supcon,stacked_randaug,43,supcon_probe,9,0.0009045084971874736,0.0008802029828000154,0.012947805400684255,0.8831976567691838,0.012947805400684255,0.8831976567691838,,,120,83,4,3,0,0.7839,0.8418,0.7879,0.78,0.7027,0.7429
supcon__stacked_randaug__s43,supcon,stacked_randaug,43,supcon_probe,10,0.0008802029828000154,0.0008535533905932736,0.009780097894755709,0.899378642130627,0.009780097894755709,0.899378642130627,,,120,83,4,3,0,0.7839,0.8418,0.7879,0.78,0.7027,0.7429
supcon__stacked_randaug__s43,supcon,stacked_randaug,43,supcon_probe,11,0.0008535533905932736,0.0008247240241650918,0.010091637812303619,0.9124128631130831,0.010091637812303619,0.9124128631130831,,,120,83,4,3,0,0.7839,0.8436,0.7879,0.78,0.7027,0.7429
supcon__stacked_randaug__s43,supcon,stacked_randaug,43,supcon_probe,12,0.0008247240241650918,0.0007938926261462365,0.009904079611236419,0.9230600921732811,0.009904079611236419,0.9230600921732811,,,120,83,4,3,0,0.7839,0.8436,0.7879,0.78,0.7027,0.7429
supcon__stacked_randaug__s43,supcon,stacked_randaug,43,supcon_probe,13,0.0007938926261462365,0.0007612492823579742,0.010875319484069272,0.9321913282827602,0.010875319484069272,0.9321913282827602,,,120,83,4,3,0,0.7839,0.8436,0.7879,0.78,0.7027,0.7429
supcon__stacked_randaug__s43,supcon,stacked_randaug,43,supcon_probe,14,0.0007612492823579742,0.0007269952498697732,0.011595507261143598,0.9399843933152807,0.011595507261143598,0.9399843933152807,,,120,83,4,3,0,0.7839,0.843,0.7879,0.78,0.7027,0.7429
supcon__stacked_randaug__s43,supcon,stacked_randaug,43,supcon_probe,15,0.0007269952498697732,0.0006913417161825447,0.009683198894213544,0.9470336231687315,0.009683198894213544,0.9470336231687315,,,120,83,4,3,0,0.7839,0.843,0.7879,0.78,0.7027,0.7429
supcon__stacked_randaug__s43,supcon,stacked_randaug,43,supcon_probe,16,0.0006913417161825447,0.0006545084971874736,0.008640707038804743,0.9533967294279039,0.008640707038804743,0.9533967294279039,,,120,83,4,3,0,0.7839,0.8418,0.7879,0.78,0.7027,0.7429
supcon__stacked_randaug__s43,supcon,stacked_randaug,43,supcon_probe,17,0.0006545084971874736,0.0006167226819279527,0.01058942493628788,0.9592178615395558,0.01058942493628788,0.9592178615395558,,,120,83,4,3,0,0.7839,0.8418,0.7879,0.78,0.7027,0.7429
supcon__stacked_randaug__s44,supcon,stacked_randaug,44,contrastive,1,0.0005,0.0004996573836886434,4.628162892659505,4.141191071774586,4.628162892659505,4.141191071774586,,,240,166,4,3,0,,,,,,
supcon__stacked_randaug__s44,supcon,stacked_randaug,44,contrastive,2,0.0004996573836886434,0.0004986304738420682,4.125933345158895,4.042028757463019,4.125933345158895,4.042028757463019,,,240,166,4,3,0,,,,,,
supcon__stacked_randaug__s44,supcon,stacked_randaug,44,contrastive,3,0.0004986304738420682,0.0004969220851487844,4.060213979085287,4.047158479690552,4.060213979085287,4.047158479690552,,,240,166,4,3,0,,,,,,
supcon__stacked_randaug__s44,supcon,stacked_randaug,44,contrastive,4,0.0004969220851487844,0.0004945369001834514,3.938414128621419,4.048322821237955,3.938414128621419,4.048322821237955,,,240,166,4,3,0,,,,,,
supcon__stacked_randaug__s44,supcon,stacked_randaug,44,contrastive,5,0.0004945369001834514,0.0004914814565722671,3.962556902567546,4.105396331074727,3.962556902567546,4.105396331074727,,,240,166,4,3,0,,,,,,
supcon__stacked_randaug__s44,supcon,stacked_randaug,44,contrastive,6,0.0004914814565722671,0.00048776412907378846,3.9375291506449384,4.1133841836308855,3.9375291506449384,4.1133841836308855,,,240,166,4,3,0,,,,,,
supcon__stacked_randaug__s44,supcon,stacked_randaug,44,contrastive,7,0.00048776412907378846,0.00048339510662430044,3.936548455556234,4.105924103633467,3.936548455556234,4.105924103633467,,,240,166,4,3,0,,,,,,
supcon__stacked_randaug__s44,supcon,stacked_randaug,44,contrastive,8,0.00048339510662430044,0.0004783863644106502,3.876332998275757,3.987696483910802,3.876332998275757,3.987696483910802,,,240,166,4,3,0,,,,,,
supcon__stacked_randaug__s44,supcon,stacked_randaug,44,contrastive,9,0.0004783863644106502,0.00047275163104709196,3.869665495554606,4.037731679089098,3.869665495554606,4.037731679089098,,,240,166,4,3,0,,,,,,
supcon__stacked_randaug__s44,supcon,stacked_randaug,44,contrastive,10,0.00047275163104709196,0.00046650635094610973,3.7624881426493326,4.081235793699701,3.7624881426493326,4.081235793699701,,,240,166,4,3,0,,,,,,
supcon__stacked_randaug__s44,supcon,stacked_randaug,44,contrastive,11,0.00046650635094610973,0.00045966764198635603,3.7579404989878338,4.127652179763977,3.7579404989878338,4.127652179763977,,,240,166,4,3,0,,,,,,
supcon__stacked_randaug__s44,supcon,stacked_randaug,44,contrastive,12,0.00045966764198635603,0.0004522542485937369,3.832644160588582,4.151901092873999,3.832644160588582,4.151901092873999,,,240,166,4,3,0,,,,,,
supcon__stacked_randaug__s44,supcon,stacked_randaug,44,contrastive,13,0.0004522542485937369,0.00044428649036424276,3.806875387827555,4.022235206810825,3.806875387827555,4.022235206810825,,,240,166,4,3,0,,,,,,
supcon__stacked_randaug__s44,supcon,stacked_randaug,44,contrastive,14,0.00044428649036424276,0.0004357862063693486,3.7711459000905356,4.0608428616121595,3.7711459000905356,4.0608428616121595,,,240,166,4,3,0,,,,,,
supcon__stacked_randaug__s44,supcon,stacked_randaug,44,contrastive,15,0.0004357862063693486,0.00042677669529663696,3.795347293217977,4.1894141392535476,3.795347293217977,4.1894141392535476,,,240,166,4,3,0,,,,,,
supcon__stacked_randaug__s44,supcon,stacked_randaug,44,contrastive,16,0.00042677669529663696,0.0004172826515897146,3.737089745203654,4.202790771622255,3.737089745203654,4.202790771622255,,,240,166,4,3,0,,,,,,
supcon__stacked_randaug__s44,supcon,stacked_randaug,44,contrastive,17,0.0004172826515897146,0.0004073300977624594,3.673370631535848,4.321543679179915,3.673370631535848,4.321543679179915,,,240,166,4,3,0,,,,,,
supcon__stacked_randaug__s44,supcon,stacked_randaug,44,contrastive,18,0.0004073300977624594,0.0003969463130731183,3.7807695706685385,4.2215837369482205,3.7807695706685385,4.2215837369482205,,,240,166,4,3,0,,,,,,
supcon__stacked_randaug__s44,supcon,stacked_randaug,44,contrastive,19,0.0003969463130731183,0.0003861597587537568,3.7171132723490397,4.32668388320739,3.7171132723490397,4.32668388320739,,,240,166,4,3,0,,,,,,
supcon__stacked_randaug__s44,supcon,stacked_randaug,44,contrastive,20,0.0003861597587537568,0.000375,3.8206376393636066,4.245110534759889,3.8206376393636066,4.245110534759889,,,240,166,4,3,0,,,,,,
supcon__stacked_randaug__s44,supcon,stacked_randaug,44,contrastive,21,0.000375,0.00036349762493488667,3.691222413380941,4.1870816069913195,3.691222413380941,4.1870816069913195,,,240,166,4,3,0,,,,,,
supcon__stacked_randaug__s44,supcon,stacked_randaug,44,contrastive,22,0.00036349762493488667,0.0003516841607689501,3.6849271933237713,4.189295475741467,3.6849271933237713,4.189295475741467,,,240,166,4,3,0,,,,,,
supcon__stacked_randaug__s44,supcon,stacked_randaug,44,contrastive,23,0.0003516841607689501,0.00033959198738632514,3.6886913458506267,4.1452111020145646,3.6886913458506267,4.1452111020145646,,,240,166,4,3,0,,,,,,
supcon__stacked_randaug__s44,supcon,stacked_randaug,44,contrastive,24,0.00033959198738632514,0.00032725424859373687,3.693678538004557,4.200280528470694,3.693678538004557,4.200280528470694,,,240,166,4,3,0,,,,,,
supcon__stacked_randaug__s44,supcon,stacked_randaug,44,contrastive,25,0.00032725424859373687,0.00031470476127563017,3.7676298141479494,4.186682273106403,3.7676298141479494,4.186682273106403,,,240,166,4,3,0,,,,,,
supcon__stacked_randaug__s44,supcon,stacked_randaug,44,contrastive,26,0.00031470476127563017,0.00030197792270443975,3.6440792242685953,4.255939923137067,3.6440792242685953,4.255939923137067,,,240,166,4,3,0,,,,,,
supcon__stacked_randaug__s44,supcon,stacked_randaug,44,contrastive,27,0.00030197792270443975,0.0002891086162600577,3.7002497990926106,4.335274058652211,3.7002497990926106,4.335274058652211,,,240,166,4,3,0,,,,,,
supcon__stacked_randaug__s44,supcon,stacked_randaug,44,contrastive,28,0.0002891086162600577,0.00027613211581691336,3.6689234574635825,4.355565484747829,3.6689234574635825,4.355565484747829,,,240,166,4,3,0,,,,,,
supcon__stacked_randaug__s44,supcon,stacked_randaug,44,contrastive,29,0.00027613211581691336,0.00026308398906073593,3.617619339625041,4.225375244416386,3.617619339625041,4.225375244416386,,,240,166,4,3,0,,,,,,
supcon__stacked_randaug__s44,supcon,stacked_randaug,44,contrastive,30,0.00026308398906073593,0.00025000000000000006,3.7277610460917154,4.174748239747013,3.7277610460917154,4.174748239747013,,,240,166,4,3,0,,,,,,
supcon__stacked_randaug__s44,supcon,stacked_randaug,44,contrastive,31,0.00025000000000000006,0.00023691601093926408,3.6540589809417723,4.078124905207071,3.6540589809417723,4.078124905207071,,,240,166,4,3,0,,,,,,
supcon__stacked_randaug__s44,supcon,stacked_randaug,44,contrastive,32,0.00023691601093926408,0.00022386788418308668,3.608543030420939,4.052016131849174,3.608543030420939,4.052016131849174,,,240,166,4,3,0,,,,,,
supcon__stacked_randaug__s44,supcon,stacked_randaug,44,contrastive,33,0.00022386788418308668,0.0002108913837399423,3.6681280295054117,4.063749192708946,3.6681280295054117,4.063749192708946,,,240,166,4,3,0,,,,,,
supcon__stacked_randaug__s44,supcon,stacked_randaug,44,contrastive,34,0.0002108913837399423,0.00019802207729556018,3.6492830435434978,4.150290980396501,3.6492830435434978,4.150290980396501,,,240,166,4,3,0,,,,,,
supcon__stacked_randaug__s44,supcon,stacked_randaug,44,contrastive,35,0.00019802207729556018,0.00018529523872436987,3.6432957649230957,4.1597808728735135,3.6432957649230957,4.1597808728735135,,,240,166,4,3,0,,,,,,
supcon__stacked_randaug__s44,supcon,stacked_randaug,44,contrastive,36,0.00018529523872436987,0.0001727457514062632,3.62050674756368,4.207674342465688,3.62050674756368,4.207674342465688,,,240,166,4,3,0,,,,,,
supcon__stacked_randaug__s44,supcon,stacked_randaug,44,contrastive,37,0.0001727457514062632,0.00016040801261367496,3.578686014811198,4.271204778947026,3.578686014811198,4.271204778947026,,,240,166,4,3,0,,,,,,
supcon__stacked_randaug__s44,supcon,stacked_randaug,44,contrastive,38,0.00016040801261367496,0.00014831583923105,3.7306304454803465,4.1791005249483035,3.7306304454803465,4.1791005249483035,,,240,166,4,3,0,,,,,,
supcon__stacked_randaug__s44,supcon,stacked_randaug,44,contrastive,39,0.00014831583923105,0.00013650237506511334,3.6224727312723797,4.112628827612084,3.6224727312723797,4.112628827612084,,,240,166,4,3,0,,,,,,
supcon__stacked_randaug__s44,supcon,stacked_randaug,44,contrastive,40,0.00013650237506511334,0.00012500000000000008,3.629845078786214,4.110322639166591,3.629845078786214,4.110322639166591,,,240,166,4,3,0,,,,,,
supcon__stacked_randaug__s44,supcon,stacked_randaug,44,contrastive,41,0.00012500000000000008,0.00011384024124624333,3.6934474309285483,4.115365640226617,3.6934474309285483,4.115365640226617,,,240,166,4,3,0,,,,,,
supcon__stacked_randaug__s44,supcon,stacked_randaug,44,contrastive,42,0.00011384024124624333,0.00010305368692688177,3.512702496846517,4.1174882549837415,3.512702496846517,4.1174882549837415,,,240,166,4,3,0,,,,,,
supcon__stacked_randaug__s44,supcon,stacked_randaug,44,contrastive,43,0.00010305368692688177,9.26699022375407e-05,3.595494842529297,4.1502137701195405,3.595494842529297,4.1502137701195405,,,240,166,4,3,0,,,,,,
supcon__stacked_randaug__s44,supcon,stacked_randaug,44,contrastive,44,9.26699022375407e-05,8.271734841028555e-05,3.5575843334197996,4.159574566117252,3.5575843334197996,4.159574566117252,,,240,166,4,3,0,,,,,,
supcon__stacked_randaug__s44,supcon,stacked_randaug,44,contrastive,45,8.271734841028555e-05,7.322330470336315e-05,3.5298279762268066,4.17233295038522,3.5298279762268066,4.17233295038522,,,240,166,4,3,0,,,,,,
supcon__stacked_randaug__s44,supcon,stacked_randaug,44,contrastive,46,7.322330470336315e-05,6.421379363065149e-05,3.4832867940266925,4.190919560122203,3.4832867940266925,4.190919560122203,,,240,166,4,3,0,,,,,,
supcon__stacked_randaug__s44,supcon,stacked_randaug,44,contrastive,47,6.421379363065149e-05,5.5713509635757295e-05,3.479658317565918,4.2294858392462675,3.479658317565918,4.2294858392462675,,,240,166,4,3,0,,,,,,
supcon__stacked_randaug__s44,supcon,stacked_randaug,44,contrastive,48,5.5713509635757295e-05,4.774575140626318e-05,3.5969900290171304,4.224974115210843,3.5969900290171304,4.224974115210843,,,240,166,4,3,0,,,,,,
supcon__stacked_randaug__s44,supcon,stacked_randaug,44,contrastive,49,4.774575140626318e-05,4.0332358013644026e-05,3.5336114247639974,4.215644359588623,3.5336114247639974,4.215644359588623,,,240,166,4,3,0,,,,,,
supcon__stacked_randaug__s44,supcon,stacked_randaug,44,contrastive,50,4.0332358013644026e-05,3.349364905389033e-05,3.611092122395833,4.216318113258086,3.611092122395833,4.216318113258086,,,240,166,4,3,0,,,,,,
supcon__stacked_randaug__s44,supcon,stacked_randaug,44,contrastive,51,3.349364905389033e-05,2.724836895290806e-05,3.5615554809570313,4.202267928295825,3.5615554809570313,4.202267928295825,,,240,166,4,3,0,,,,,,
supcon__stacked_randaug__s44,supcon,stacked_randaug,44,contrastive,52,2.724836895290806e-05,2.161363558934976e-05,3.489785591761271,4.19571365505816,3.489785591761271,4.19571365505816,,,240,166,4,3,0,,,,,,
supcon__stacked_randaug__s44,supcon,stacked_randaug,44,contrastive,53,2.161363558934976e-05,1.6604893375699568e-05,3.555222272872925,4.203501304948186,3.555222272872925,4.203501304948186,,,240,166,4,3,0,,,,,,
supcon__stacked_randaug__s44,supcon,stacked_randaug,44,contrastive,54,1.6604893375699568e-05,1.2235870926211619e-05,3.526703421274821,4.178351896354951,3.526703421274821,4.178351896354951,,,240,166,4,3,0,,,,,,
supcon__stacked_randaug__s44,supcon,stacked_randaug,44,contrastive,55,1.2235870926211619e-05,8.518543427732923e-06,3.593860451380412,4.16994511363018,3.593860451380412,4.16994511363018,,,240,166,4,3,0,,,,,,
supcon__stacked_randaug__s44,supcon,stacked_randaug,44,contrastive,56,8.518543427732923e-06,5.463099816548579e-06,3.5446040630340576,4.172728001353252,3.5446040630340576,4.172728001353252,,,240,166,4,3,0,,,,,,
supcon__stacked_randaug__s44,supcon,stacked_randaug,44,contrastive,57,5.463099816548579e-06,3.077914851215586e-06,3.4874042669932046,4.170987772654338,3.4874042669932046,4.170987772654338,,,240,166,4,3,0,,,,,,
supcon__stacked_randaug__s44,supcon,stacked_randaug,44,contrastive,58,3.077914851215586e-06,1.3695261579316502e-06,3.51203769048055,4.168996250773051,3.51203769048055,4.168996250773051,,,240,166,4,3,0,,,,,,
supcon__stacked_randaug__s44,supcon,stacked_randaug,44,contrastive,59,1.3695261579316502e-06,3.4261631135654184e-07,3.5933298110961913,4.17139666339001,3.5933298110961913,4.17139666339001,,,240,166,4,3,0,,,,,,
supcon__stacked_randaug__s44,supcon,stacked_randaug,44,contrastive,60,3.4261631135654184e-07,0.0,3.5126408418019612,4.1732572877263445,3.5126408418019612,4.1732572877263445,,,240,166,4,3,0,,,,,,
supcon__stacked_randaug__s44,supcon,stacked_randaug,44,supcon_probe,1,0.001,0.000998458666866564,0.5381129848200333,0.46396074462855713,0.5381129848200333,0.46396074462855713,,,120,83,4,3,0,0.8088,0.8394,0.7576,0.86,0.7812,0.7692
supcon__stacked_randaug__s44,supcon,stacked_randaug,44,supcon_probe,2,0.000998458666866564,0.0009938441702975688,0.13905817027413842,0.47840030369796893,0.13905817027413842,0.47840030369796893,,,120,83,4,3,0,0.8139,0.8448,0.7879,0.84,0.7647,0.7761
supcon__stacked_randaug__s44,supcon,stacked_randaug,44,supcon_probe,3,0.0009938441702975688,0.0009861849601988382,0.05543571983962101,0.5353902991143238,0.05543571983962101,0.5353902991143238,,,120,83,4,3,0,0.8139,0.8448,0.7879,0.84,0.7647,0.7761
supcon__stacked_randaug__s44,supcon,stacked_randaug,44,supcon_probe,4,0.0009861849601988382,0.0009755282581475767,0.031171698058647335,0.5893121844862377,0.031171698058647335,0.5893121844862377,,,120,83,4,3,0,0.8239,0.8473,0.7879,0.86,0.7879,0.7879
supcon__stacked_randaug__s44,supcon,stacked_randaug,44,supcon_probe,5,0.0009755282581475767,0.0009619397662556432,0.03625998740151018,0.6336503508153676,0.03625998740151018,0.6336503508153676,,,120,83,4,3,0,0.8339,0.8479,0.7879,0.88,0.8125,0.8
supcon__stacked_randaug__s44,supcon,stacked_randaug,44,supcon_probe,6,0.0009619397662556432,0.0009455032620941838,0.017101276282341784,0.6695237190514135,0.017101276282341784,0.6695237190514135,,,120,83,4,3,0,0.8439,0.8473,0.7879,0.9,0.8387,0.8125
supcon__stacked_randaug__s44,supcon,stacked_randaug,44,supcon_probe,7,0.0009455032620941838,0.000926320082177046,0.029590700763888714,0.6976345711400295,0.029590700763888714,0.6976345711400295,,,120,83,4,3,0,0.8288,0.8479,0.7576,0.9,0.8333,0.7937
supcon__stacked_randaug__s44,supcon,stacked_randaug,44,supcon_probe,8,0.000926320082177046,0.0009045084971874736,0.029427912758763428,0.719482483835922,0.029427912758763428,0.719482483835922,,,120,83,4,3,0,0.8288,0.8485,0.7576,0.9,0.8333,0.7937
supcon__stacked_randaug__s44,supcon,stacked_randaug,44,supcon_probe,9,0.0009045084971874736,0.0008802029828000154,0.026675383790087794,0.7377041007203635,0.026675383790087794,0.7377041007203635,,,120,83,4,3,0,0.8388,0.8479,0.7576,0.92,0.8621,0.8065
supcon__stacked_randaug__s44,supcon,stacked_randaug,44,supcon_probe,10,0.0008802029828000154,0.0008535533905932736,0.026967231038681004,0.7537852647105808,0.026967231038681004,0.7537852647105808,,,120,83,4,3,0,0.8388,0.8479,0.7576,0.92,0.8621,0.8065
supcon__stacked_randaug__s44,supcon,stacked_randaug,44,supcon_probe,11,0.0008535533905932736,0.0008247240241650918,0.02403471057450748,0.7660832766628297,0.02403471057450748,0.7660832766628297,,,120,83,4,3,0,0.8388,0.8473,0.7576,0.92,0.8621,0.8065
supcon__stacked_randaug__s44,supcon,stacked_randaug,44,supcon_probe,12,0.0008247240241650918,0.0007938926261462365,0.025102159437139063,0.7798485357879774,0.025102159437139063,0.7798485357879774,,,120,83,4,3,0,0.8236,0.8473,0.7273,0.92,0.8571,0.7869
supcon__stacked_randaug__s44,supcon,stacked_randaug,44,supcon_probe,13,0.0007938926261462365,0.0007612492823579742,0.008430783916515599,0.7891355565582588,0.008430783916515599,0.7891355565582588,,,120,83,4,3,0,0.8236,0.8473,0.7273,0.92,0.8571,0.7869
supcon__stacked_randaug__s44,supcon,stacked_randaug,44,supcon_probe,14,0.0007612492823579742,0.0007269952498697732,0.026173860939769387,0.7965917802969504,0.026173860939769387,0.7965917802969504,,,120,83,4,3,0,0.8236,0.8479,0.7273,0.92,0.8571,0.7869
supcon__stacked_randaug__s44,supcon,stacked_randaug,44,supcon_probe,15,0.0007269952498697732,0.0006913417161825447,0.023753519920616983,0.8004249053650339,0.023753519920616983,0.8004249053650339,,,120,83,4,3,0,0.8236,0.8473,0.7273,0.92,0.8571,0.7869
supcon__stacked_randaug__s44,supcon,stacked_randaug,44,supcon_probe,16,0.0006913417161825447,0.0006545084971874736,0.022726828293343274,0.8046300957891368,0.022726828293343274,0.8046300957891368,,,120,83,4,3,0,0.8236,0.8473,0.7273,0.92,0.8571,0.7869
supcon__stacked_randaug__s44,supcon,stacked_randaug,44,supcon_probe,17,0.0006545084971874736,0.0006167226819279527,0.008287129606754028,0.8061458763312186,0.008287129606754028,0.8061458763312186,,,120,83,4,3,0,0.8236,0.8473,0.7273,0.92,0.8571,0.7869
supcon__stacked_randaug__s44,supcon,stacked_randaug,44,supcon_probe,18,0.0006167226819279527,0.0005782172325201154,0.010408204379029106,0.8073149614189097,0.010408204379029106,0.8073149614189097,,,120,83,4,3,0,0.8236,0.8473,0.7273,0.92,0.8571,0.7869
supcon__stacked_randaug__s44,supcon,stacked_randaug,44,supcon_probe,19,0.0005782172325201154,0.0005392295478639224,0.009726760225151251,0.8074740913271253,0.009726760225151251,0.8074740913271253,,,120,83,4,3,0,0.8236,0.8473,0.7273,0.92,0.8571,0.7869
supcon__stacked_randaug__s44,supcon,stacked_randaug,44,supcon_probe,20,0.0005392295478639224,0.0004999999999999999,0.018675143713845186,0.8099100594187082,0.018675143713845186,0.8099100594187082,,,120,83,4,3,0,0.8236,0.8467,0.7273,0.92,0.8571,0.7869
supcon__stacked_randaug__s44,supcon,stacked_randaug,44,supcon_probe,21,0.0004999999999999999,0.0004607704521360775,0.020979853351110626,0.8131984976974387,0.020979853351110626,0.8131984976974387,,,120,83,4,3,0,0.8236,0.8467,0.7273,0.92,0.8571,0.7869
ce__hier_addone__s42,ce,hier_addone,42,ce,1,0.0001,9.99314767377287e-05,0.7466858574910438,0.6988092501777139,0.7466858574910438,0.6988092501777139,,,120,83,4,3,0,0.5976,0.6848,0.5152,0.68,0.5152,0.5152
ce__hier_addone__s42,ce,hier_addone,42,ce,2,9.99314767377287e-05,9.972609476841367e-05,0.5598374097033342,0.6663680781317776,0.5598374097033342,0.6663680781317776,,,120,83,4,3,0,0.7085,0.7473,0.697,0.72,0.6216,0.6571
ce__hier_addone__s42,ce,hier_addone,42,ce,3,9.972609476841367e-05,9.93844170297569e-05,0.42044668731110657,0.6215307349230373,0.42044668731110657,0.6215307349230373,,,120,83,4,3,0,0.7188,0.7679,0.7576,0.68,0.6098,0.6757
ce__hier_addone__s42,ce,hier_addone,42,ce,4,9.93844170297569e-05,9.89073800366903e-05,0.44881673808962813,0.6234118054361557,0.44881673808962813,0.6234118054361557,,,120,83,4,3,0,0.7788,0.7806,0.7576,0.8,0.7143,0.7353
ce__hier_addone__s42,ce,hier_addone,42,ce,5,9.89073800366903e-05,9.829629131445343e-05,0.4386054061431839,0.8190004061907266,0.4386054061431839,0.8190004061907266,,,120,83,4,3,0,0.6573,0.7842,0.4545,0.86,0.6818,0.5455
ce__hier_addone__s42,ce,hier_addone,42,ce,6,9.829629131445343e-05,9.75528258147577e-05,0.33752804874080916,1.2840335327194405,0.33752804874080916,1.2840335327194405,,,120,83,4,3,0,0.5912,0.7594,0.2424,0.94,0.7273,0.3636
ce__hier_addone__s42,ce,hier_addone,42,ce,7,9.75528258147577e-05,9.66790213248601e-05,0.34508513897946363,1.121667611705827,0.34508513897946363,1.121667611705827,,,120,83,4,3,0,0.6418,0.7467,0.3636,0.92,0.75,0.4898
ce__hier_addone__s42,ce,hier_addone,42,ce,8,9.66790213248601e-05,9.567727288213006e-05,0.27805903987094055,0.7309352774039463,0.27805903987094055,0.7309352774039463,,,120,83,4,3,0,0.7236,0.7624,0.7273,0.72,0.6316,0.6761
ce__hier_addone__s42,ce,hier_addone,42,ce,9,9.567727288213006e-05,9.455032620941841e-05,0.32691327610176085,0.7220241162679727,0.32691327610176085,0.7220241162679727,,,120,83,4,3,0,0.7191,0.7873,0.8182,0.62,0.587,0.6835
ce__hier_addone__s42,ce,hier_addone,42,ce,10,9.455032620941841e-05,9.330127018922197e-05,0.23810595310448784,0.6798454531400216,0.23810595310448784,0.6798454531400216,,,120,83,4,3,0,0.7291,0.8012,0.8182,0.64,0.6,0.6923
ce__hier_addone__s42,ce,hier_addone,42,ce,11,9.330127018922197e-05,9.193352839727123e-05,0.2779910256525786,0.663243759850596,0.2779910256525786,0.663243759850596,,,120,83,4,3,0,0.7388,0.8103,0.7576,0.72,0.641,0.6944
ce__hier_addone__s42,ce,hier_addone,42,ce,12,9.193352839727123e-05,9.04508497187474e-05,0.21909857573677496,0.695118714658472,0.21909857573677496,0.695118714658472,,,120,83,4,3,0,0.7485,0.823,0.697,0.8,0.697,0.697
ce__hier_addone__s42,ce,hier_addone,42,ce,13,9.04508497187474e-05,8.885729807284857e-05,0.20300532915481448,0.6488568483487627,0.20300532915481448,0.6488568483487627,,,120,83,4,3,0,0.7688,0.8376,0.7576,0.78,0.6944,0.7246
ce__hier_addone__s42,ce,hier_addone,42,ce,14,8.885729807284857e-05,8.715724127386973e-05,0.2104747855535797,0.6483234432919333,0.2104747855535797,0.6483234432919333,,,120,83,4,3,0,0.8139,0.8467,0.7879,0.84,0.7647,0.7761
ce__hier_addone__s42,ce,hier_addone,42,ce,15,8.715724127386973e-05,8.53553390593274e-05,0.17848688544492616,0.6930088204180952,0.17848688544492616,0.6930088204180952,,,120,83,4,3,0,0.7836,0.8527,0.7273,0.84,0.75,0.7385
ce__hier_addone__s42,ce,hier_addone,42,ce,16,8.53553390593274e-05,8.345653031794293e-05,0.2059674985694498,0.7082866750825305,0.2059674985694498,0.7082866750825305,,,120,83,4,3,0,0.8036,0.8509,0.7273,0.88,0.8,0.7619
ce__hier_addone__s42,ce,hier_addone,42,ce,17,8.345653031794293e-05,8.146601955249189e-05,0.19078478870733556,0.7273566464497705,0.19078478870733556,0.7273566464497705,,,120,83,4,3,0,0.8136,0.84,0.7273,0.9,0.8276,0.7742
ce__hier_addone__s42,ce,hier_addone,42,ce,18,8.146601955249189e-05,7.938926261462367e-05,0.24353223474667327,0.6488961324700963,0.24353223474667327,0.6488961324700963,,,120,83,4,3,0,0.7888,0.8448,0.7576,0.82,0.7353,0.7463
ce__hier_addone__s42,ce,hier_addone,42,ce,19,7.938926261462367e-05,7.723195175075138e-05,0.149527566286333,0.6360580498727733,0.149527566286333,0.6360580498727733,,,120,83,4,3,0,0.7939,0.8497,0.7879,0.8,0.7222,0.7536
ce__hier_addone__s42,ce,hier_addone,42,ce,20,7.723195175075138e-05,7.500000000000002e-05,0.19443902640576638,0.6279832545188226,0.19443902640576638,0.6279832545188226,,,120,83,4,3,0,0.7939,0.8552,0.7879,0.8,0.7222,0.7536
ce__hier_addone__s42,ce,hier_addone,42,ce,21,7.500000000000002e-05,7.269952498697736e-05,0.2027219664272991,0.629032355316763,0.2027219664272991,0.629032355316763,,,120,83,4,3,0,0.7839,0.8552,0.7879,0.78,0.7027,0.7429
ce__hier_addone__s42,ce,hier_addone,42,ce,22,7.269952498697736e-05,7.033683215379003e-05,0.1580598039950602,0.6535908255747106,0.1580598039950602,0.6535908255747106,,,120,83,4,3,0,0.7788,0.8564,0.7576,0.8,0.7143,0.7353
ce__hier_addone__s42,ce,hier_addone,42,ce,23,7.033683215379003e-05,6.791839747726505e-05,0.2006109137482408,0.7297206440678773,0.2006109137482408,0.7297206440678773,,,120,83,4,3,0,0.7685,0.8455,0.697,0.84,0.7419,0.7188
ce__hier_addone__s42,ce,hier_addone,42,ce,24,6.791839747726505e-05,6.54508497187474e-05,0.30517231976249853,0.8373489574792152,0.30517231976249853,0.8373489574792152,,,120,83,4,3,0,0.7933,0.8436,0.6667,0.92,0.8462,0.7458
ce__hier_addone__s42,ce,hier_addone,42,ce,25,6.54508497187474e-05,6.294095225512606e-05,0.12501001534801418,0.7331313339115788,0.12501001534801418,0.7331313339115788,,,120,83,4,3,0,0.7985,0.8491,0.697,0.9,0.8214,0.7541
ce__hier_addone__s42,ce,hier_addone,42,ce,26,6.294095225512606e-05,6.0395584540887984e-05,0.18844293201497678,0.652144355120364,0.18844293201497678,0.652144355120364,,,120,83,4,3,0,0.7788,0.8533,0.7576,0.8,0.7143,0.7353
ce__hier_addone__s42,ce,hier_addone,42,ce,27,6.0395584540887984e-05,5.782172325201157e-05,0.20355617886694335,0.6869763114153932,0.20355617886694335,0.6869763114153932,,,120,83,4,3,0,0.7442,0.8648,0.8485,0.64,0.6087,0.7089
ce__hier_addone__s42,ce,hier_addone,42,ce,28,5.782172325201157e-05,5.52264231633827e-05,0.11002077314528975,0.7237943337911815,0.11002077314528975,0.7237943337911815,,,120,83,4,3,0,0.7342,0.8727,0.8485,0.62,0.5957,0.7
ce__hier_addone__s42,ce,hier_addone,42,ce,29,5.52264231633827e-05,5.261679781214721e-05,0.18023690915016638,0.6714339351144967,0.18023690915016638,0.6714339351144967,,,120,83,4,3,0,0.7542,0.8794,0.8485,0.66,0.6222,0.7179
ce__hier_addone__s43,ce,hier_addone,43,ce,1,0.0001,9.99314767377287e-05,0.6765109170476952,0.611360761627717,0.6765109170476952,0.611360761627717,,,120,83,4,3,0,0.6688,0.7242,0.7576,0.58,0.5435,0.6329
ce__hier_addone__s43,ce,hier_addone,43,ce,2,9.99314767377287e-05,9.972609476841367e-05,0.5789076508174313,0.6496868329705526,0.5789076508174313,0.6496868329705526,,,120,83,4,3,0,0.683,0.7418,0.6061,0.76,0.625,0.6154
ce__hier_addone__s43,ce,hier_addone,43,ce,3,9.972609476841367e-05,9.93844170297569e-05,0.48308088209270134,0.7279163885185191,0.48308088209270134,0.7279163885185191,,,120,83,4,3,0,0.7127,0.78,0.5455,0.88,0.75,0.6316
ce__hier_addone__s43,ce,hier_addone,43,ce,4,9.93844170297569e-05,9.89073800366903e-05,0.4210193343120867,0.9927538472743811,0.4210193343120867,0.9927538472743811,,,120,83,4,3,0,0.6318,0.763,0.3636,0.9,0.7059,0.48
ce__hier_addone__s43,ce,hier_addone,43,ce,5,9.89073800366903e-05,9.829629131445343e-05,0.32269085616736687,0.8109333559443291,0.32269085616736687,0.8109333559443291,,,120,83,4,3,0,0.7582,0.7848,0.6364,0.88,0.7778,0.7
ce__hier_addone__s43,ce,hier_addone,43,ce,6,9.829629131445343e-05,9.75528258147577e-05,0.29571989134864224,0.7156403327876276,0.29571989134864224,0.7156403327876276,,,120,83,4,3,0,0.7588,0.8018,0.7576,0.76,0.6757,0.7143
ce__hier_addone__s43,ce,hier_addone,43,ce,7,9.75528258147577e-05,9.66790213248601e-05,0.29590007456034473,0.7647983444971652,0.29590007456034473,0.7647983444971652,,,120,83,4,3,0,0.7688,0.8012,0.7576,0.78,0.6944,0.7246
ce__hier_addone__s43,ce,hier_addone,43,ce,8,9.66790213248601e-05,9.567727288213006e-05,0.30776530045798206,0.779685742756662,0.30776530045798206,0.779685742756662,,,120,83,4,3,0,0.7688,0.8024,0.7576,0.78,0.6944,0.7246
ce__hier_addone__s43,ce,hier_addone,43,ce,9,9.567727288213006e-05,9.455032620941841e-05,0.3116770884791581,0.7545845432852571,0.3116770884791581,0.7545845432852571,,,120,83,4,3,0,0.8088,0.8133,0.7576,0.86,0.7812,0.7692
ce__hier_addone__s43,ce,hier_addone,43,ce,10,9.455032620941841e-05,9.330127018922197e-05,0.24457702308136473,0.6992596201415108,0.24457702308136473,0.6992596201415108,,,120,83,4,3,0,0.8036,0.8145,0.7273,0.88,0.8,0.7619
ce__hier_addone__s43,ce,hier_addone,43,ce,11,9.330127018922197e-05,9.193352839727123e-05,0.2921913810307209,0.8094258340524731,0.2921913810307209,0.8094258340524731,,,120,83,4,3,0,0.8085,0.8097,0.697,0.92,0.8519,0.7667
ce__hier_addone__s43,ce,hier_addone,43,ce,12,9.193352839727123e-05,9.04508497187474e-05,0.19388770035603722,0.8599437895768963,0.19388770035603722,0.8599437895768963,,,120,83,4,3,0,0.7933,0.8109,0.6667,0.92,0.8462,0.7458
ce__hier_addone__s43,ce,hier_addone,43,ce,13,9.04508497187474e-05,8.885729807284857e-05,0.1851074644835028,0.8458209604734114,0.1851074644835028,0.8458209604734114,,,120,83,4,3,0,0.7782,0.8158,0.6364,0.92,0.84,0.7241
ce__hier_addone__s43,ce,hier_addone,43,ce,14,8.885729807284857e-05,8.715724127386973e-05,0.24769656618691102,0.755902597287722,0.24769656618691102,0.755902597287722,,,120,83,4,3,0,0.8136,0.8261,0.7273,0.9,0.8276,0.7742
ce__hier_addone__s43,ce,hier_addone,43,ce,15,8.715724127386973e-05,8.53553390593274e-05,0.16886226974728039,0.7284184166380708,0.16886226974728039,0.7284184166380708,,,120,83,4,3,0,0.8239,0.8224,0.7879,0.86,0.7879,0.7879
ce__hier_addone__s43,ce,hier_addone,43,ce,16,8.53553390593274e-05,8.345653031794293e-05,0.27945103279628114,0.7562214166512005,0.27945103279628114,0.7562214166512005,,,120,83,4,3,0,0.7839,0.8285,0.7879,0.78,0.7027,0.7429
ce__hier_addone__s43,ce,hier_addone,43,ce,17,8.345653031794293e-05,8.146601955249189e-05,0.22090931241876272,0.7653558193124161,0.22090931241876272,0.7653558193124161,,,120,83,4,3,0,0.7891,0.8376,0.8182,0.76,0.6923,0.75
ce__hier_addone__s43,ce,hier_addone,43,ce,18,8.146601955249189e-05,7.938926261462367e-05,0.23129045790311362,0.8240180021874641,0.23129045790311362,0.8240180021874641,,,120,83,4,3,0,0.7988,0.8412,0.7576,0.84,0.7576,0.7576
ce__hier_addone__s43,ce,hier_addone,43,ce,19,7.938926261462367e-05,7.723195175075138e-05,0.19739351378044356,1.1830631953609585,0.19739351378044356,1.1830631953609585,,,120,83,4,3,0,0.7579,0.8315,0.5758,0.94,0.8636,0.6909
ce__hier_addone__s43,ce,hier_addone,43,ce,20,7.723195175075138e-05,7.500000000000002e-05,0.13260746760046443,1.1477993290408202,0.13260746760046443,1.1477993290408202,,,120,83,4,3,0,0.763,0.8267,0.6061,0.92,0.8333,0.7018
ce__hier_addone__s43,ce,hier_addone,43,ce,21,7.500000000000002e-05,7.269952498697736e-05,0.18104464270656462,0.7883382984841993,0.18104464270656462,0.7883382984841993,,,120,83,4,3,0,0.8088,0.8485,0.7576,0.86,0.7812,0.7692
ce__hier_addone__s43,ce,hier_addone,43,ce,22,7.269952498697736e-05,7.033683215379003e-05,0.10081606572612588,0.816757096232361,0.10081606572612588,0.816757096232361,,,120,83,4,3,0,0.7591,0.8364,0.8182,0.7,0.6429,0.72
ce__hier_addone__s43,ce,hier_addone,43,ce,23,7.033683215379003e-05,6.791839747726505e-05,0.33845858275577,0.7853881058582349,0.33845858275577,0.7853881058582349,,,120,83,4,3,0,0.7691,0.8424,0.8182,0.72,0.6585,0.7297
ce__hier_addone__s43,ce,hier_addone,43,ce,24,6.791839747726505e-05,6.54508497187474e-05,0.18566441128598601,0.6905965624980047,0.18566441128598601,0.6905965624980047,,,120,83,4,3,0,0.8191,0.8509,0.8182,0.82,0.75,0.7826
ce__hier_addone__s43,ce,hier_addone,43,ce,25,6.54508497187474e-05,6.294095225512606e-05,0.16284040754685425,0.6426277780563587,0.16284040754685425,0.6426277780563587,,,120,83,4,3,0,0.8239,0.8582,0.7879,0.86,0.7879,0.7879
ce__hier_addone__s43,ce,hier_addone,43,ce,26,6.294095225512606e-05,6.0395584540887984e-05,0.10992407884722295,0.621230381552993,0.10992407884722295,0.621230381552993,,,120,83,4,3,0,0.8239,0.8667,0.7879,0.86,0.7879,0.7879
ce__hier_addone__s43,ce,hier_addone,43,ce,27,6.0395584540887984e-05,5.782172325201157e-05,0.14983194299630326,0.6253636046880702,0.14983194299630326,0.6253636046880702,,,120,83,4,3,0,0.8239,0.8636,0.7879,0.86,0.7879,0.7879
ce__hier_addone__s43,ce,hier_addone,43,ce,28,5.782172325201157e-05,5.52264231633827e-05,0.15731003511107844,0.6417344091079912,0.15731003511107844,0.6417344091079912,,,120,83,4,3,0,0.8239,0.8624,0.7879,0.86,0.7879,0.7879
ce__hier_addone__s43,ce,hier_addone,43,ce,29,5.52264231633827e-05,5.261679781214721e-05,0.21329306819618415,0.6602711949906177,0.21329306819618415,0.6602711949906177,,,120,83,4,3,0,0.8039,0.8552,0.7879,0.82,0.7429,0.7647
ce__hier_addone__s43,ce,hier_addone,43,ce,30,5.261679781214721e-05,5.0000000000000036e-05,0.29698834445900046,0.7057223088084108,0.29698834445900046,0.7057223088084108,,,120,83,4,3,0,0.8239,0.8442,0.7879,0.86,0.7879,0.7879
ce__hier_addone__s43,ce,hier_addone,43,ce,31,5.0000000000000036e-05,4.738320218785284e-05,0.126478513459912,0.7541047515521777,0.126478513459912,0.7541047515521777,,,120,83,4,3,0,0.8039,0.84,0.7879,0.82,0.7429,0.7647
ce__hier_addone__s43,ce,hier_addone,43,ce,32,4.738320218785284e-05,4.477357683661736e-05,0.16351730575622442,0.762449609389054,0.16351730575622442,0.762449609389054,,,120,83,4,3,0,0.7839,0.8412,0.7879,0.78,0.7027,0.7429
ce__hier_addone__s43,ce,hier_addone,43,ce,33,4.477357683661736e-05,4.217827674798848e-05,0.11325848890115621,0.7874466185051845,0.11325848890115621,0.7874466185051845,,,120,83,4,3,0,0.7791,0.8406,0.8182,0.74,0.675,0.7397
ce__hier_addone__s43,ce,hier_addone,43,ce,34,4.217827674798848e-05,3.9604415459112055e-05,0.15200880895614677,0.8014148809542019,0.15200880895614677,0.8014148809542019,,,120,83,4,3,0,0.7791,0.8412,0.8182,0.74,0.675,0.7397
ce__hier_addone__s43,ce,hier_addone,43,ce,35,3.9604415459112055e-05,3.705904774487399e-05,0.12765487457749647,0.8029190542431345,0.12765487457749647,0.8029190542431345,,,120,83,4,3,0,0.7891,0.8394,0.8182,0.76,0.6923,0.75
ce__hier_addone__s43,ce,hier_addone,43,ce,36,3.705904774487399e-05,3.4549150281252656e-05,0.10310218324802695,0.8058401158159713,0.10310218324802695,0.8058401158159713,,,120,83,4,3,0,0.7891,0.8382,0.8182,0.76,0.6923,0.75
ce__hier_addone__s43,ce,hier_addone,43,ce,37,3.4549150281252656e-05,3.2081602522735006e-05,0.1519172885931812,0.8058784545041033,0.1519172885931812,0.8058784545041033,,,120,83,4,3,0,0.7891,0.84,0.8182,0.76,0.6923,0.75
ce__hier_addone__s43,ce,hier_addone,43,ce,38,3.2081602522735006e-05,2.9663167846210008e-05,0.11867001152374543,0.7948148382704792,0.11867001152374543,0.7948148382704792,,,120,83,4,3,0,0.7891,0.8455,0.8182,0.76,0.6923,0.75
ce__hier_addone__s43,ce,hier_addone,43,ce,39,2.9663167846210008e-05,2.7300475013022676e-05,0.12453785284356016,0.7956530952260037,0.12453785284356016,0.7956530952260037,,,120,83,4,3,0,0.7991,0.8485,0.8182,0.78,0.7105,0.7606
ce__hier_addone__s43,ce,hier_addone,43,ce,40,2.7300475013022676e-05,2.5000000000000025e-05,0.1420226974798556,0.7832489095474617,0.1420226974798556,0.7832489095474617,,,120,83,4,3,0,0.7839,0.8461,0.7879,0.78,0.7027,0.7429
ce__hier_addone__s43,ce,hier_addone,43,ce,41,2.5000000000000025e-05,2.2768048249248675e-05,0.19312786198724075,0.7774867752554283,0.19312786198724075,0.7774867752554283,,,120,83,4,3,0,0.7991,0.8455,0.8182,0.78,0.7105,0.7606
ce__hier_addone__s44,ce,hier_addone,44,ce,1,0.0001,9.99314767377287e-05,0.6725773510221524,0.7344541201976663,0.6725773510221524,0.7344541201976663,,,120,83,4,3,0,0.5709,0.7703,0.1818,0.96,0.75,0.2927
ce__hier_addone__s44,ce,hier_addone,44,ce,2,9.99314767377287e-05,9.972609476841367e-05,0.49824643024410453,0.6123958836393483,0.49824643024410453,0.6123958836393483,,,120,83,4,3,0,0.7279,0.8079,0.5758,0.88,0.76,0.6552
ce__hier_addone__s44,ce,hier_addone,44,ce,3,9.972609476841367e-05,9.93844170297569e-05,0.4753267550147264,0.6353022703783896,0.4753267550147264,0.6353022703783896,,,120,83,4,3,0,0.7382,0.7964,0.6364,0.84,0.7241,0.6774
ce__hier_addone__s44,ce,hier_addone,44,ce,4,9.93844170297569e-05,9.89073800366903e-05,0.4186229021729957,0.842886188691724,0.4186229021729957,0.842886188691724,,,120,83,4,3,0,0.7227,0.7855,0.5455,0.9,0.7826,0.6429
ce__hier_addone__s44,ce,hier_addone,44,ce,5,9.89073800366903e-05,9.829629131445343e-05,0.38675916519523895,0.7147097332030874,0.38675916519523895,0.7147097332030874,,,120,83,4,3,0,0.7282,0.8085,0.6364,0.82,0.7,0.6667
ce__hier_addone__s44,ce,hier_addone,44,ce,6,9.829629131445343e-05,9.75528258147577e-05,0.3309635531195179,0.6615602525254389,0.3309635531195179,0.6615602525254389,,,120,83,4,3,0,0.7591,0.8279,0.8182,0.7,0.6429,0.72
ce__hier_addone__s44,ce,hier_addone,44,ce,7,9.75528258147577e-05,9.66790213248601e-05,0.3755766695451148,0.6162563740831422,0.3755766695451148,0.6162563740831422,,,120,83,4,3,0,0.8188,0.8436,0.7576,0.88,0.8065,0.7812
ce__hier_addone__s44,ce,hier_addone,44,ce,8,9.66790213248601e-05,9.567727288213006e-05,0.2949038648355055,0.9264715292377939,0.2949038648355055,0.9264715292377939,,,120,83,4,3,0,0.7224,0.8491,0.4848,0.96,0.8889,0.6275
ce__hier_addone__s44,ce,hier_addone,44,ce,9,9.567727288213006e-05,9.455032620941841e-05,0.2752900468661985,0.7671009879955899,0.2752900468661985,0.7671009879955899,,,120,83,4,3,0,0.7427,0.8594,0.5455,0.94,0.8571,0.6667
ce__hier_addone__s44,ce,hier_addone,44,ce,10,9.455032620941841e-05,9.330127018922197e-05,0.23275222901968415,0.5616895875933179,0.23275222901968415,0.5616895875933179,,,120,83,4,3,0,0.8591,0.8636,0.8182,0.9,0.8438,0.8308
ce__hier_addone__s44,ce,hier_addone,44,ce,11,9.330127018922197e-05,9.193352839727123e-05,0.2756868343627269,0.5874056700881998,0.2756868343627269,0.5874056700881998,,,120,83,4,3,0,0.7639,0.8515,0.7879,0.74,0.6667,0.7222
ce__hier_addone__s44,ce,hier_addone,44,ce,12,9.193352839727123e-05,9.04508497187474e-05,0.2449823777280263,0.6105448606785374,0.2449823777280263,0.6105448606785374,,,120,83,4,3,0,0.7536,0.8448,0.7273,0.78,0.6857,0.7059
ce__hier_addone__s44,ce,hier_addone,44,ce,13,9.04508497187474e-05,8.885729807284857e-05,0.18287119218511333,0.7420674302635044,0.18287119218511333,0.7420674302635044,,,120,83,4,3,0,0.8082,0.8455,0.6364,0.98,0.9545,0.7636
ce__hier_addone__s44,ce,hier_addone,44,ce,14,8.885729807284857e-05,8.715724127386973e-05,0.22326206975018037,0.7351656773117325,0.22326206975018037,0.7351656773117325,,,120,83,4,3,0,0.7982,0.8564,0.6364,0.96,0.913,0.75
ce__hier_addone__s44,ce,hier_addone,44,ce,15,8.715724127386973e-05,8.53553390593274e-05,0.16988036943673487,0.6273817957932805,0.16988036943673487,0.6273817957932805,,,120,83,4,3,0,0.7885,0.8642,0.697,0.88,0.7931,0.7419
ce__hier_addone__s44,ce,hier_addone,44,ce,16,8.53553390593274e-05,8.345653031794293e-05,0.1631092366551453,0.613310811124204,0.1631092366551453,0.613310811124204,,,120,83,4,3,0,0.8139,0.8661,0.7879,0.84,0.7647,0.7761
ce__hier_addone__s44,ce,hier_addone,44,ce,17,8.345653031794293e-05,8.146601955249189e-05,0.20586152781624645,0.6752987733640268,0.20586152781624645,0.6752987733640268,,,120,83,4,3,0,0.7788,0.8612,0.7576,0.8,0.7143,0.7353
ce__hier_addone__s44,ce,hier_addone,44,ce,18,8.146601955249189e-05,7.938926261462367e-05,0.17746455521200472,0.6855474324218581,0.17746455521200472,0.6855474324218581,,,120,83,4,3,0,0.7939,0.8545,0.7879,0.8,0.7222,0.7536
ce__hier_addone__s44,ce,hier_addone,44,ce,19,7.938926261462367e-05,7.723195175075138e-05,0.15173660642881495,0.6488453356231978,0.15173660642881495,0.6488453356231978,,,120,83,4,3,0,0.7739,0.8624,0.7879,0.76,0.6842,0.7324
ce__hier_addone__s44,ce,hier_addone,44,ce,20,7.723195175075138e-05,7.500000000000002e-05,0.1328051633701457,0.6120935737888815,0.1328051633701457,0.6120935737888815,,,120,83,4,3,0,0.7839,0.8691,0.7879,0.78,0.7027,0.7429
ce__hier_addone__s44,ce,hier_addone,44,ce,21,7.500000000000002e-05,7.269952498697736e-05,0.1438255192281997,0.5720838030463432,0.1438255192281997,0.5720838030463432,,,120,83,4,3,0,0.7988,0.8721,0.7576,0.84,0.7576,0.7576
ce__hier_addone__s44,ce,hier_addone,44,ce,22,7.269952498697736e-05,7.033683215379003e-05,0.1842004429226178,0.5891560950887352,0.1842004429226178,0.5891560950887352,,,120,83,4,3,0,0.8239,0.8679,0.7879,0.86,0.7879,0.7879
ce__hier_addone__s44,ce,hier_addone,44,ce,23,7.033683215379003e-05,6.791839747726505e-05,0.16776895495672003,0.6417821841004734,0.16776895495672003,0.6417821841004734,,,120,83,4,3,0,0.8439,0.8612,0.7879,0.9,0.8387,0.8125
ce__hier_addone__s44,ce,hier_addone,44,ce,24,6.791839747726505e-05,6.54508497187474e-05,0.14979150445833084,0.6688544225655861,0.14979150445833084,0.6688544225655861,,,120,83,4,3,0,0.8139,0.863,0.7879,0.84,0.7647,0.7761
ce__hier_addone__s44,ce,hier_addone,44,ce,25,6.54508497187474e-05,6.294095225512606e-05,0.16776888688371414,0.7014723126108869,0.16776888688371414,0.7014723126108869,,,120,83,4,3,0,0.7791,0.8721,0.8182,0.74,0.675,0.7397
