path,label,label_name,split,source_split,base_image,src_file,bbox,conf,origin,domain
C:/Arib/MASSA AYAM/chicken detection + constrative classification/data/crops_kolektor_gt/test/normal/20000_02623.png,0,normal,test,test,20000,20000.png,"[74, 102, 108, 141]",1.0,kolektor_gt,kolektor_permukaan
C:/Arib/MASSA AYAM/chicken detection + constrative classification/data/crops_kolektor_gt/test/normal/20001_02624.png,0,normal,test,test,20001,20001.png,"[94, 281, 124, 370]",1.0,kolektor_gt,kolektor_permukaan
C:/Arib/MASSA AYAM/chicken detection + constrative classification/data/crops_kolektor_gt/test/normal/20002_02625.png,0,normal,test,test,20002,20002.png,"[13, 475, 145, 566]",1.0,kolektor_gt,kolektor_permukaan
C:/Arib/MASSA AYAM/chicken detection + constrative classification/data/crops_kolektor_gt/test/normal/20003_02626.png,0,normal,test,test,20003,20003.png,"[18, 28, 131, 75]",1.0,kolektor_gt,kolektor_permukaan
C:/Arib/MASSA AYAM/chicken detection + constrative classification/data/crops_kolektor_gt/test/normal/20004_02627.png,0,normal,test,test,20004,20004.png,"[144, 398, 165, 491]",1.0,kolektor_gt,kolektor_permukaan
C:/Arib/MASSA AYAM/chicken detection + constrative classification/data/crops_kolektor_gt/test/normal/20005_02628.png,0,normal,test,test,20005,20005.png,"[4, 455, 131, 555]",1.0,kolektor_gt,kolektor_permukaan
C:/Arib/MASSA AYAM/chicken detection + constrative classification/data/crops_kolektor_gt/test/normal/20006_02629.png,0,normal,test,test,20006,20006.png,"[90, 142, 138, 202]",1.0,kolektor_gt,kolektor_permukaan
C:/Arib/MASSA AYAM/chicken detection + constrative classification/data/crops_kolektor_gt/test/normal/20007_02630.png,0,normal,test,test,20007,20007.png,"[117, 283, 146, 292]",1.0,kolektor_gt,kolektor_permukaan
C:/Arib/MASSA AYAM/chicken detection + constrative classification/data/crops_kolektor_gt/test/normal/20008_02631.png,0,normal,test,test,20008,20008.png,"[91, 512, 116, 566]",1.0,kolektor_gt,kolektor_permukaan
C:/Arib/MASSA AYAM/chicken detection + constrative classification/data/crops_kolektor_gt/test/normal/20009_02632.png,0,normal,test,test,20009,20009.png,"[53, 357, 132, 416]",1.0,kolektor_gt,kolektor_permukaan
C:/Arib/MASSA AYAM/chicken detection + constrative classification/data/crops_kolektor_gt/test/normal/20010_02633.png,0,normal,test,test,20010,20010.png,"[99, 525, 160, 545]",1.0,kolektor_gt,kolektor_permukaan
C:/Arib/MASSA AYAM/chicken detection + constrative classification/data/crops_kolektor_gt/test/normal/20011_02634.png,0,normal,test,test,20011,20011.png,"[9, 180, 182, 426]",1.0,kolektor_gt,kolektor_permukaan
C:/Arib/MASSA AYAM/chicken detection + constrative classification/data/crops_kolektor_gt/test/normal/20012_02635.png,0,normal,test,test,20012,20012.png,"[86, 470, 110, 512]",1.0,kolektor_gt,kolektor_permukaan
C:/Arib/MASSA AYAM/chicken detection + constrative classification/data/crops_kolektor_gt/test/normal/20013_02636.png,0,normal,test,test,20013,20013.png,"[8, 285, 174, 391]",1.0,kolektor_gt,kolektor_permukaan
C:/Arib/MASSA AYAM/chicken detection + constrative classification/data/crops_kolektor_gt/test/normal/20014_02637.png,0,normal,test,test,20014,20014.png,"[77, 403, 161, 431]",1.0,kolektor_gt,kolektor_permukaan
C:/Arib/MASSA AYAM/chicken detection + constrative classification/data/crops_kolektor_gt/test/normal/20015_02638.png,0,normal,test,test,20015,20015.png,"[165, 495, 220, 537]",1.0,kolektor_gt,kolektor_permukaan
C:/Arib/MASSA AYAM/chicken detection + constrative classification/data/crops_kolektor_gt/test/normal/20016_02639.png,0,normal,test,test,20016,20016.png,"[155, 184, 173, 233]",1.0,kolektor_gt,kolektor_permukaan
C:/Arib/MASSA AYAM/chicken detection + constrative classification/data/crops_kolektor_gt/test/normal/20017_02640.png,0,normal,test,test,20017,20017.png,"[64, 538, 191, 609]",1.0,kolektor_gt,kolektor_permukaan
C:/Arib/MASSA AYAM/chicken detection + constrative classification/data/crops_kolektor_gt/test/normal/20018_02641.png,0,normal,test,test,20018,20018.png,"[41, 356, 173, 447]",1.0,kolektor_gt,kolektor_permukaan
C:/Arib/MASSA AYAM/chicken detection + constrative classification/data/crops_kolektor_gt/test/normal/20019_02642.png,0,normal,test,test,20019,20019.png,"[103, 69, 192, 107]",1.0,kolektor_gt,kolektor_permukaan
C:/Arib/MASSA AYAM/chicken detection + constrative classification/data/crops_kolektor_gt/test/normal/20020_02643.png,0,normal,test,test,20020,20020.png,"[40, 237, 108, 308]",1.0,kolektor_gt,kolektor_permukaan
C:/Arib/MASSA AYAM/chicken detection + constrative classification/data/crops_kolektor_gt/test/normal/20021_02644.png,0,normal,test,test,20021,20021.png,"[127, 487, 149, 532]",1.0,kolektor_gt,kolektor_permukaan
C:/Arib/MASSA AYAM/chicken detection + constrative classification/data/crops_kolektor_gt/test/normal/20022_02645.png,0,normal,test,test,20022,20022.png,"[197, 242, 213, 274]",1.0,kolektor_gt,kolektor_permukaan
C:/Arib/MASSA AYAM/chicken detection + constrative classification/data/crops_kolektor_gt/test/normal/20023_02646.png,0,normal,test,test,20023,20023.png,"[44, 393, 78, 484]",1.0,kolektor_gt,kolektor_permukaan
C:/Arib/MASSA AYAM/chicken detection + constrative classification/data/crops_kolektor_gt/test/normal/20024_02647.png,0,normal,test,test,20024,20024.png,"[8, 63, 141, 191]",1.0,kolektor_gt,kolektor_permukaan
C:/Arib/MASSA AYAM/chicken detection + constrative classification/data/crops_kolektor_gt/test/normal/20025_02648.png,0,normal,test,test,20025,20025.png,"[9, 74, 43, 187]",1.0,kolektor_gt,kolektor_permukaan
C:/Arib/MASSA AYAM/chicken detection + constrative classification/data/crops_kolektor_gt/test/normal/20026_02649.png,0,normal,test,test,20026,20026.png,"[155, 30, 182, 100]",1.0,kolektor_gt,kolektor_permukaan
C:/Arib/MASSA AYAM/chicken detection + constrative classification/data/crops_kolektor_gt/test/normal/20027_02650.png,0,normal,test,test,20027,20027.png,"[27, 230, 102, 532]",1.0,kolektor_gt,kolektor_permukaan
C:/Arib/MASSA AYAM/chicken detection + constrative classification/data/crops_kolektor_gt/test/normal/20028_02651.png,0,normal,test,test,20028,20028.png,"[51, 200, 147, 275]",1.0,kolektor_gt,kolektor_permukaan
C:/Arib/MASSA AYAM/chicken detection + constrative classification/data/crops_kolektor_gt/test/normal/20029_02652.png,0,normal,test,test,20029,20029.png,"[173, 292, 215, 310]",1.0,kolektor_gt,kolektor_permukaan
C:/Arib/MASSA AYAM/chicken detection + constrative classification/data/crops_kolektor_gt/test/normal/20030_02653.png,0,normal,test,test,20030,20030.png,"[41, 444, 96, 489]",1.0,kolektor_gt,kolektor_permukaan
C:/Arib/MASSA AYAM/chicken detection + constrative classification/data/crops_kolektor_gt/test/normal/20031_02654.png,0,normal,test,test,20031,20031.png,"[49, 44, 117, 196]",1.0,kolektor_gt,kolektor_permukaan
C:/Arib/MASSA AYAM/chicken detection + constrative classification/data/crops_kolektor_gt/test/normal/20032_02655.png,0,normal,test,test,20032,20032.png,"[85, 98, 198, 185]",1.0,kolektor_gt,kolektor_permukaan
C:/Arib/MASSA AYAM/chicken detection + constrative classification/data/crops_kolektor_gt/test/normal/20033_02656.png,0,normal,test,test,20033,20033.png,"[35, 457, 103, 609]",1.0,kolektor_gt,kolektor_permukaan
C:/Arib/MASSA AYAM/chicken detection + constrative classification/data/crops_kolektor_gt/test/normal/20034_02657.png,0,normal,test,test,20034,20034.png,"[52, 73, 167, 172]",1.0,kolektor_gt,kolektor_permukaan
C:/Arib/MASSA AYAM/chicken detection + constrative classification/data/crops_kolektor_gt/test/normal/20035_02658.png,0,normal,test,test,20035,20035.png,"[135, 508, 204, 594]",1.0,kolektor_gt,kolektor_permukaan
C:/Arib/MASSA AYAM/chicken detection + constrative classification/data/crops_kolektor_gt/test/normal/20036_02659.png,0,normal,test,test,20036,20036.png,"[73, 485, 183, 573]",1.0,kolektor_gt,kolektor_permukaan
C:/Arib/MASSA AYAM/chicken detection + constrative classification/data/crops_kolektor_gt/test/normal/20037_02660.png,0,normal,test,test,20037,20037.png,"[35, 68, 102, 130]",1.0,kolektor_gt,kolektor_permukaan
C:/Arib/MASSA AYAM/chicken detection + constrative classification/data/crops_kolektor_gt/test/normal/20038_02661.png,0,normal,test,test,20038,20038.png,"[48, 72, 161, 159]",1.0,kolektor_gt,kolektor_permukaan
C:/Arib/MASSA AYAM/chicken detection + constrative classification/data/crops_kolektor_gt/test/normal/20039_02662.png,0,normal,test,test,20039,20039.png,"[132, 305, 208, 322]",1.0,kolektor_gt,kolektor_permukaan
C:/Arib/MASSA AYAM/chicken detection + constrative classification/data/crops_kolektor_gt/test/normal/20040_02663.png,0,normal,test,test,20040,20040.png,"[59, 52, 89, 141]",1.0,kolektor_gt,kolektor_permukaan
C:/Arib/MASSA AYAM/chicken detection + constrative classification/data/crops_kolektor_gt/test/normal/20041_02664.png,0,normal,test,test,20041,20041.png,"[2, 114, 130, 270]",1.0,kolektor_gt,kolektor_permukaan
C:/Arib/MASSA AYAM/chicken detection + constrative classification/data/crops_kolektor_gt/test/normal/20042_02666.png,0,normal,test,test,20042,20042.png,"[91, 34, 155, 156]",1.0,kolektor_gt,kolektor_permukaan
C:/Arib/MASSA AYAM/chicken detection + constrative classification/data/crops_kolektor_gt/test/normal/20043_02667.png,0,normal,test,test,20043,20043.png,"[73, 76, 98, 130]",1.0,kolektor_gt,kolektor_permukaan
C:/Arib/MASSA AYAM/chicken detection + constrative classification/data/crops_kolektor_gt/test/normal/20044_02668.png,0,normal,test,test,20044,20044.png,"[132, 512, 177, 558]",1.0,kolektor_gt,kolektor_permukaan
C:/Arib/MASSA AYAM/chicken detection + constrative classification/data/crops_kolektor_gt/test/normal/20045_02669.png,0,normal,test,test,20045,20045.png,"[3, 113, 172, 215]",1.0,kolektor_gt,kolektor_permukaan
C:/Arib/MASSA AYAM/chicken detection + constrative classification/data/crops_kolektor_gt/test/normal/20046_02670.png,0,normal,test,test,20046,20046.png,"[67, 30, 117, 115]",1.0,kolektor_gt,kolektor_permukaan
C:/Arib/MASSA AYAM/chicken detection + constrative classification/data/crops_kolektor_gt/test/normal/20047_02671.png,0,normal,test,test,20047,20047.png,"[33, 102, 166, 230]",1.0,kolektor_gt,kolektor_permukaan
C:/Arib/MASSA AYAM/chicken detection + constrative classification/data/crops_kolektor_gt/test/normal/20048_02672.png,0,normal,test,test,20048,20048.png,"[7, 71, 136, 207]",1.0,kolektor_gt,kolektor_permukaan
C:/Arib/MASSA AYAM/chicken detection + constrative classification/data/crops_kolektor_gt/test/normal/20049_02673.png,0,normal,test,test,20049,20049.png,"[46, 168, 216, 400]",1.0,kolektor_gt,kolektor_permukaan
C:/Arib/MASSA AYAM/chicken detection + constrative classification/data/crops_kolektor_gt/test/normal/20050_02674.png,0,normal,test,test,20050,20050.png,"[15, 241, 99, 269]",1.0,kolektor_gt,kolektor_permukaan
C:/Arib/MASSA AYAM/chicken detection + constrative classification/data/crops_kolektor_gt/test/normal/20051_02675.png,0,normal,test,test,20051,20051.png,"[144, 463, 212, 615]",1.0,kolektor_gt,kolektor_permukaan
C:/Arib/MASSA AYAM/chicken detection + constrative classification/data/crops_kolektor_gt/test/normal/20052_02676.png,0,normal,test,test,20052,20052.png,"[9, 354, 98, 392]",1.0,kolektor_gt,kolektor_permukaan
C:/Arib/MASSA AYAM/chicken detection + constrative classification/data/crops_kolektor_gt/test/normal/20053_02677.png,0,normal,test,test,20053,20053.png,"[76, 378, 209, 506]",1.0,kolektor_gt,kolektor_permukaan
C:/Arib/MASSA AYAM/chicken detection + constrative classification/data/crops_kolektor_gt/test/normal/20054_02678.png,0,normal,test,test,20054,20054.png,"[141, 490, 224, 525]",1.0,kolektor_gt,kolektor_permukaan
C:/Arib/MASSA AYAM/chicken detection + constrative classification/data/crops_kolektor_gt/test/normal/20055_02679.png,0,normal,test,test,20055,20055.png,"[185, 42, 214, 142]",1.0,kolektor_gt,kolektor_permukaan
C:/Arib/MASSA AYAM/chicken detection + constrative classification/data/crops_kolektor_gt/test/normal/20056_02681.png,0,normal,test,test,20056,20056.png,"[9, 508, 31, 553]",1.0,kolektor_gt,kolektor_permukaan
C:/Arib/MASSA AYAM/chicken detection + constrative classification/data/crops_kolektor_gt/test/normal/20057_02682.png,0,normal,test,test,20057,20057.png,"[22, 220, 195, 466]",1.0,kolektor_gt,kolektor_permukaan
C:/Arib/MASSA AYAM/chicken detection + constrative classification/data/crops_kolektor_gt/test/normal/20058_02683.png,0,normal,test,test,20058,20058.png,"[29, 21, 195, 127]",1.0,kolektor_gt,kolektor_permukaan
C:/Arib/MASSA AYAM/chicken detection + constrative classification/data/crops_kolektor_gt/test/normal/20059_02684.png,0,normal,test,test,20059,20059.png,"[25, 547, 172, 590]",1.0,kolektor_gt,kolektor_permukaan
C:/Arib/MASSA AYAM/chicken detection + constrative classification/data/crops_kolektor_gt/test/normal/20060_02685.png,0,normal,test,test,20060,20060.png,"[87, 350, 201, 481]",1.0,kolektor_gt,kolektor_permukaan
C:/Arib/MASSA AYAM/chicken detection + constrative classification/data/crops_kolektor_gt/test/normal/20061_02686.png,0,normal,test,test,20061,20061.png,"[123, 53, 178, 114]",1.0,kolektor_gt,kolektor_permukaan
C:/Arib/MASSA AYAM/chicken detection + constrative classification/data/crops_kolektor_gt/test/normal/20062_02687.png,0,normal,test,test,20062,20062.png,"[89, 64, 203, 195]",1.0,kolektor_gt,kolektor_permukaan
C:/Arib/MASSA AYAM/chicken detection + constrative classification/data/crops_kolektor_gt/test/normal/20063_02688.png,0,normal,test,test,20063,20063.png,"[70, 141, 183, 188]",1.0,kolektor_gt,kolektor_permukaan
C:/Arib/MASSA AYAM/chicken detection + constrative classification/data/crops_kolektor_gt/test/normal/20064_02689.png,0,normal,test,test,20064,20064.png,"[157, 376, 178, 469]",1.0,kolektor_gt,kolektor_permukaan
C:/Arib/MASSA AYAM/chicken detection + constrative classification/data/crops_kolektor_gt/test/normal/20065_02690.png,0,normal,test,test,20065,20065.png,"[111, 59, 126, 108]",1.0,kolektor_gt,kolektor_permukaan
C:/Arib/MASSA AYAM/chicken detection + constrative classification/data/crops_kolektor_gt/test/normal/20066_02691.png,0,normal,test,test,20066,20066.png,"[150, 10, 227, 59]",1.0,kolektor_gt,kolektor_permukaan
C:/Arib/MASSA AYAM/chicken detection + constrative classification/data/crops_kolektor_gt/test/normal/20067_02692.png,0,normal,test,test,20067,20067.png,"[192, 549, 224, 573]",1.0,kolektor_gt,kolektor_permukaan
C:/Arib/MASSA AYAM/chicken detection + constrative classification/data/crops_kolektor_gt/test/normal/20068_02694.png,0,normal,test,test,20068,20068.png,"[11, 15, 35, 57]",1.0,kolektor_gt,kolektor_permukaan
C:/Arib/MASSA AYAM/chicken detection + constrative classification/data/crops_kolektor_gt/test/normal/20069_02695.png,0,normal,test,test,20069,20069.png,"[14, 78, 38, 126]",1.0,kolektor_gt,kolektor_permukaan
C:/Arib/MASSA AYAM/chicken detection + constrative classification/data/crops_kolektor_gt/test/normal/20070_02696.png,0,normal,test,test,20070,20070.png,"[46, 289, 88, 307]",1.0,kolektor_gt,kolektor_permukaan
C:/Arib/MASSA AYAM/chicken detection + constrative classification/data/crops_kolektor_gt/test/normal/20071_02697.png,0,normal,test,test,20071,20071.png,"[154, 250, 198, 294]",1.0,kolektor_gt,kolektor_permukaan
C:/Arib/MASSA AYAM/chicken detection + constrative classification/data/crops_kolektor_gt/test/normal/20072_02698.png,0,normal,test,test,20072,20072.png,"[101, 490, 177, 507]",1.0,kolektor_gt,kolektor_permukaan
C:/Arib/MASSA AYAM/chicken detection + constrative classification/data/crops_kolektor_gt/test/normal/20073_02699.png,0,normal,test,test,20073,20073.png,"[19, 78, 103, 106]",1.0,kolektor_gt,kolektor_permukaan
C:/Arib/MASSA AYAM/chicken detection + constrative classification/data/crops_kolektor_gt/test/normal/20074_02700.png,0,normal,test,test,20074,20074.png,"[52, 506, 140, 541]",1.0,kolektor_gt,kolektor_permukaan
C:/Arib/MASSA AYAM/chicken detection + constrative classification/data/crops_kolektor_gt/test/normal/20075_02701.png,0,normal,test,test,20075,20075.png,"[22, 112, 192, 344]",1.0,kolektor_gt,kolektor_permukaan
C:/Arib/MASSA AYAM/chicken detection + constrative classification/data/crops_kolektor_gt/test/normal/20076_02702.png,0,normal,test,test,20076,20076.png,"[46, 299, 173, 399]",1.0,kolektor_gt,kolektor_permukaan
C:/Arib/MASSA AYAM/chicken detection + constrative classification/data/crops_kolektor_gt/test/normal/20077_02703.png,0,normal,test,test,20077,20077.png,"[134, 273, 158, 321]",1.0,kolektor_gt,kolektor_permukaan
C:/Arib/MASSA AYAM/chicken detection + constrative classification/data/crops_kolektor_gt/test/normal/20078_02704.png,0,normal,test,test,20078,20078.png,"[128, 106, 216, 141]",1.0,kolektor_gt,kolektor_permukaan
C:/Arib/MASSA AYAM/chicken detection + constrative classification/data/crops_kolektor_gt/test/normal/20079_02705.png,0,normal,test,test,20079,20079.png,"[26, 497, 207, 589]",1.0,kolektor_gt,kolektor_permukaan
C:/Arib/MASSA AYAM/chicken detection + constrative classification/data/crops_kolektor_gt/test/normal/20080_02706.png,0,normal,test,test,20080,20080.png,"[116, 140, 226, 228]",1.0,kolektor_gt,kolektor_permukaan
C:/Arib/MASSA AYAM/chicken detection + constrative classification/data/crops_kolektor_gt/test/normal/20081_02707.png,0,normal,test,test,20081,20081.png,"[59, 312, 118, 402]",1.0,kolektor_gt,kolektor_permukaan
C:/Arib/MASSA AYAM/chicken detection + constrative classification/data/crops_kolektor_gt/test/normal/20082_02708.png,0,normal,test,test,20082,20082.png,"[15, 381, 125, 469]",1.0,kolektor_gt,kolektor_permukaan
C:/Arib/MASSA AYAM/chicken detection + constrative classification/data/crops_kolektor_gt/test/normal/20083_02709.png,0,normal,test,test,20083,20083.png,"[9, 36, 175, 142]",1.0,kolektor_gt,kolektor_permukaan
C:/Arib/MASSA AYAM/chicken detection + constrative classification/data/crops_kolektor_gt/test/normal/20084_02711.png,0,normal,test,test,20084,20084.png,"[178, 450, 223, 496]",1.0,kolektor_gt,kolektor_permukaan
C:/Arib/MASSA AYAM/chicken detection + constrative classification/data/crops_kolektor_gt/test/normal/20085_02712.png,0,normal,test,test,20085,20085.png,"[29, 21, 60, 39]",1.0,kolektor_gt,kolektor_permukaan
C:/Arib/MASSA AYAM/chicken detection + constrative classification/data/crops_kolektor_gt/test/normal/20086_02713.png,0,normal,test,test,20086,20086.png,"[69, 284, 151, 392]",1.0,kolektor_gt,kolektor_permukaan
C:/Arib/MASSA AYAM/chicken detection + constrative classification/data/crops_kolektor_gt/test/normal/20087_02714.png,0,normal,test,test,20087,20087.png,"[10, 61, 137, 161]",1.0,kolektor_gt,kolektor_permukaan
C:/Arib/MASSA AYAM/chicken detection + constrative classification/data/crops_kolektor_gt/test/normal/20088_02715.png,0,normal,test,test,20088,20088.png,"[98, 507, 120, 560]",1.0,kolektor_gt,kolektor_permukaan
C:/Arib/MASSA AYAM/chicken detection + constrative classification/data/crops_kolektor_gt/test/normal/20089_02716.png,0,normal,test,test,20089,20089.png,"[49, 227, 163, 358]",1.0,kolektor_gt,kolektor_permukaan
C:/Arib/MASSA AYAM/chicken detection + constrative classification/data/crops_kolektor_gt/test/normal/20090_02717.png,0,normal,test,test,20090,20090.png,"[48, 188, 158, 276]",1.0,kolektor_gt,kolektor_permukaan
C:/Arib/MASSA AYAM/chicken detection + constrative classification/data/crops_kolektor_gt/test/normal/20091_02718.png,0,normal,test,test,20091,20091.png,"[13, 312, 70, 404]",1.0,kolektor_gt,kolektor_permukaan
C:/Arib/MASSA AYAM/chicken detection + constrative classification/data/crops_kolektor_gt/test/normal/20092_02719.png,0,normal,test,test,20092,20092.png,"[44, 479, 173, 615]",1.0,kolektor_gt,kolektor_permukaan
C:/Arib/MASSA AYAM/chicken detection + constrative classification/data/crops_kolektor_gt/test/normal/20093_02720.png,0,normal,test,test,20093,20093.png,"[96, 344, 218, 466]",1.0,kolektor_gt,kolektor_permukaan
C:/Arib/MASSA AYAM/chicken detection + constrative classification/data/crops_kolektor_gt/test/normal/20094_02721.png,0,normal,test,test,20094,20094.png,"[67, 221, 115, 281]",1.0,kolektor_gt,kolektor_permukaan
C:/Arib/MASSA AYAM/chicken detection + constrative classification/data/crops_kolektor_gt/test/normal/20095_02723.png,0,normal,test,test,20095,20095.png,"[7, 349, 85, 443]",1.0,kolektor_gt,kolektor_permukaan
C:/Arib/MASSA AYAM/chicken detection + constrative classification/data/crops_kolektor_gt/test/normal/20096_02724.png,0,normal,test,test,20096,20096.png,"[27, 437, 196, 539]",1.0,kolektor_gt,kolektor_permukaan
C:/Arib/MASSA AYAM/chicken detection + constrative classification/data/crops_kolektor_gt/test/normal/20097_02725.png,0,normal,test,test,20097,20097.png,"[94, 58, 221, 129]",1.0,kolektor_gt,kolektor_permukaan
C:/Arib/MASSA AYAM/chicken detection + constrative classification/data/crops_kolektor_gt/test/normal/20098_02726.png,0,normal,test,test,20098,20098.png,"[99, 294, 154, 355]",1.0,kolektor_gt,kolektor_permukaan
C:/Arib/MASSA AYAM/chicken detection + constrative classification/data/crops_kolektor_gt/test/normal/20099_02728.png,0,normal,test,test,20099,20099.png,"[136, 474, 204, 545]",1.0,kolektor_gt,kolektor_permukaan
C:/Arib/MASSA AYAM/chicken detection + constrative classification/data/crops_kolektor_gt/test/normal/20100_02729.png,0,normal,test,test,20100,20100.png,"[145, 531, 174, 540]",1.0,kolektor_gt,kolektor_permukaan
C:/Arib/MASSA AYAM/chicken detection + constrative classification/data/crops_kolektor_gt/test/normal/20101_02730.png,0,normal,test,test,20101,20101.png,"[59, 381, 173, 512]",1.0,kolektor_gt,kolektor_permukaan
C:/Arib/MASSA AYAM/chicken detection + constrative classification/data/crops_kolektor_gt/test/normal/20102_02731.png,0,normal,test,test,20102,20102.png,"[33, 15, 78, 61]",1.0,kolektor_gt,kolektor_permukaan
C:/Arib/MASSA AYAM/chicken detection + constrative classification/data/crops_kolektor_gt/test/normal/20103_02732.png,0,normal,test,test,20103,20103.png,"[70, 87, 139, 173]",1.0,kolektor_gt,kolektor_permukaan
C:/Arib/MASSA AYAM/chicken detection + constrative classification/data/crops_kolektor_gt/test/normal/20104_02733.png,0,normal,test,test,20104,20104.png,"[34, 302, 220, 361]",1.0,kolektor_gt,kolektor_permukaan
C:/Arib/MASSA AYAM/chicken detection + constrative classification/data/crops_kolektor_gt/test/normal/20105_02734.png,0,normal,test,test,20105,20105.png,"[9, 280, 82, 329]",1.0,kolektor_gt,kolektor_permukaan
C:/Arib/MASSA AYAM/chicken detection + constrative classification/data/crops_kolektor_gt/test/normal/20106_02735.png,0,normal,test,test,20106,20106.png,"[64, 622, 148, 650]",1.0,kolektor_gt,kolektor_permukaan
C:/Arib/MASSA AYAM/chicken detection + constrative classification/data/crops_kolektor_gt/test/normal/20107_02736.png,0,normal,test,test,20107,20107.png,"[145, 328, 210, 394]",1.0,kolektor_gt,kolektor_permukaan
C:/Arib/MASSA AYAM/chicken detection + constrative classification/data/crops_kolektor_gt/test/normal/20108_02737.png,0,normal,test,test,20108,20108.png,"[45, 454, 75, 480]",1.0,kolektor_gt,kolektor_permukaan
C:/Arib/MASSA AYAM/chicken detection + constrative classification/data/crops_kolektor_gt/test/normal/20109_02738.png,0,normal,test,test,20109,20109.png,"[2, 477, 44, 495]",1.0,kolektor_gt,kolektor_permukaan
C:/Arib/MASSA AYAM/chicken detection + constrative classification/data/crops_kolektor_gt/test/normal/20110_02739.png,0,normal,test,test,20110,20110.png,"[122, 569, 189, 631]",1.0,kolektor_gt,kolektor_permukaan
C:/Arib/MASSA AYAM/chicken detection + constrative classification/data/crops_kolektor_gt/test/normal/20111_02740.png,0,normal,test,test,20111,20111.png,"[148, 81, 212, 146]",1.0,kolektor_gt,kolektor_permukaan
C:/Arib/MASSA AYAM/chicken detection + constrative classification/data/crops_kolektor_gt/test/normal/20112_02741.png,0,normal,test,test,20112,20112.png,"[141, 321, 163, 374]",1.0,kolektor_gt,kolektor_permukaan
C:/Arib/MASSA AYAM/chicken detection + constrative classification/data/crops_kolektor_gt/test/normal/20113_02742.png,0,normal,test,test,20113,20113.png,"[46, 264, 88, 282]",1.0,kolektor_gt,kolektor_permukaan
C:/Arib/MASSA AYAM/chicken detection + constrative classification/data/crops_kolektor_gt/test/normal/20114_02743.png,0,normal,test,test,20114,20114.png,"[66, 506, 135, 537]",1.0,kolektor_gt,kolektor_permukaan
C:/Arib/MASSA AYAM/chicken detection + constrative classification/data/crops_kolektor_gt/test/normal/20115_02744.png,0,normal,test,test,20115,20115.png,"[22, 150, 135, 237]",1.0,kolektor_gt,kolektor_permukaan
C:/Arib/MASSA AYAM/chicken detection + constrative classification/data/crops_kolektor_gt/test/normal/20116_02745.png,0,normal,test,test,20116,20116.png,"[3, 119, 176, 365]",1.0,kolektor_gt,kolektor_permukaan
C:/Arib/MASSA AYAM/chicken detection + constrative classification/data/crops_kolektor_gt/test/normal/20117_02748.png,0,normal,test,test,20117,20117.png,"[167, 39, 201, 152]",1.0,kolektor_gt,kolektor_permukaan
C:/Arib/MASSA AYAM/chicken detection + constrative classification/data/crops_kolektor_gt/test/normal/20117_02749.png,0,normal,test,test,20117,20117.png,"[112, 593, 174, 624]",1.0,kolektor_gt,kolektor_permukaan
C:/Arib/MASSA AYAM/chicken detection + constrative classification/data/crops_kolektor_gt/test/normal/20118_02751.png,0,normal,test,test,20118,20118.png,"[0, 283, 229, 498]",1.0,kolektor_gt,kolektor_permukaan
C:/Arib/MASSA AYAM/chicken detection + constrative classification/data/crops_kolektor_gt/test/normal/20119_02752.png,0,normal,test,test,20119,20119.png,"[66, 263, 130, 328]",1.0,kolektor_gt,kolektor_permukaan
C:/Arib/MASSA AYAM/chicken detection + constrative classification/data/crops_kolektor_gt/test/normal/20120_02753.png,0,normal,test,test,20120,20120.png,"[90, 553, 120, 579]",1.0,kolektor_gt,kolektor_permukaan
C:/Arib/MASSA AYAM/chicken detection + constrative classification/data/crops_kolektor_gt/test/normal/20121_02755.png,0,normal,test,test,20121,20121.png,"[5, 240, 164, 348]",1.0,kolektor_gt,kolektor_permukaan
C:/Arib/MASSA AYAM/chicken detection + constrative classification/data/crops_kolektor_gt/test/normal/20122_02756.png,0,normal,test,test,20122,20122.png,"[64, 454, 222, 547]",1.0,kolektor_gt,kolektor_permukaan
C:/Arib/MASSA AYAM/chicken detection + constrative classification/data/crops_kolektor_gt/test/normal/20123_02757.png,0,normal,test,test,20123,20123.png,"[15, 208, 173, 301]",1.0,kolektor_gt,kolektor_permukaan
C:/Arib/MASSA AYAM/chicken detection + constrative classification/data/crops_kolektor_gt/test/normal/20124_02758.png,0,normal,test,test,20124,20124.png,"[174, 425, 201, 495]",1.0,kolektor_gt,kolektor_permukaan
C:/Arib/MASSA AYAM/chicken detection + constrative classification/data/crops_kolektor_gt/test/normal/20125_02760.png,0,normal,test,test,20125,20125.png,"[6, 334, 82, 393]",1.0,kolektor_gt,kolektor_permukaan
C:/Arib/MASSA AYAM/chicken detection + constrative classification/data/crops_kolektor_gt/test/normal/20126_02761.png,0,normal,test,test,20126,20126.png,"[42, 208, 201, 498]",1.0,kolektor_gt,kolektor_permukaan
C:/Arib/MASSA AYAM/chicken detection + constrative classification/data/crops_kolektor_gt/test/normal/20127_02762.png,0,normal,test,test,20127,20127.png,"[120, 301, 147, 371]",1.0,kolektor_gt,kolektor_permukaan
C:/Arib/MASSA AYAM/chicken detection + constrative classification/data/crops_kolektor_gt/test/normal/20128_02763.png,0,normal,test,test,20128,20128.png,"[94, 45, 119, 99]",1.0,kolektor_gt,kolektor_permukaan
C:/Arib/MASSA AYAM/chicken detection + constrative classification/data/crops_kolektor_gt/test/normal/20129_02765.png,0,normal,test,test,20129,20129.png,"[38, 26, 72, 65]",1.0,kolektor_gt,kolektor_permukaan
C:/Arib/MASSA AYAM/chicken detection + constrative classification/data/crops_kolektor_gt/test/normal/20130_02767.png,0,normal,test,test,20130,20130.png,"[155, 216, 177, 261]",1.0,kolektor_gt,kolektor_permukaan
C:/Arib/MASSA AYAM/chicken detection + constrative classification/data/crops_kolektor_gt/test/normal/20131_02768.png,0,normal,test,test,20131,20131.png,"[130, 352, 204, 441]",1.0,kolektor_gt,kolektor_permukaan
C:/Arib/MASSA AYAM/chicken detection + constrative classification/data/crops_kolektor_gt/test/normal/20132_02769.png,0,normal,test,test,20132,20132.png,"[106, 298, 220, 429]",1.0,kolektor_gt,kolektor_permukaan
C:/Arib/MASSA AYAM/chicken detection + constrative classification/data/crops_kolektor_gt/test/normal/20133_02770.png,0,normal,test,test,20133,20133.png,"[38, 390, 67, 399]",1.0,kolektor_gt,kolektor_permukaan
C:/Arib/MASSA AYAM/chicken detection + constrative classification/data/crops_kolektor_gt/test/normal/20134_02771.png,0,normal,test,test,20134,20134.png,"[5, 39, 178, 285]",1.0,kolektor_gt,kolektor_permukaan
C:/Arib/MASSA AYAM/chicken detection + constrative classification/data/crops_kolektor_gt/test/normal/20135_02772.png,0,normal,test,test,20135,20135.png,"[144, 515, 158, 537]",1.0,kolektor_gt,kolektor_permukaan
C:/Arib/MASSA AYAM/chicken detection + constrative classification/data/crops_kolektor_gt/test/normal/20136_02773.png,0,normal,test,test,20136,20136.png,"[70, 428, 183, 515]",1.0,kolektor_gt,kolektor_permukaan
C:/Arib/MASSA AYAM/chicken detection + constrative classification/data/crops_kolektor_gt/test/normal/20137_02774.png,0,normal,test,test,20137,20137.png,"[135, 52, 156, 145]",1.0,kolektor_gt,kolektor_permukaan
C:/Arib/MASSA AYAM/chicken detection + constrative classification/data/crops_kolektor_gt/test/normal/20138_02775.png,0,normal,test,test,20138,20138.png,"[134, 532, 218, 560]",1.0,kolektor_gt,kolektor_permukaan
C:/Arib/MASSA AYAM/chicken detection + constrative classification/data/crops_kolektor_gt/test/normal/20139_02777.png,0,normal,test,test,20139,20139.png,"[81, 275, 123, 293]",1.0,kolektor_gt,kolektor_permukaan
C:/Arib/MASSA AYAM/chicken detection + constrative classification/data/crops_kolektor_gt/test/normal/20140_02778.png,0,normal,test,test,20140,20140.png,"[75, 249, 110, 287]",1.0,kolektor_gt,kolektor_permukaan
C:/Arib/MASSA AYAM/chicken detection + constrative classification/data/crops_kolektor_gt/test/normal/20141_02780.png,0,normal,test,test,20141,20141.png,"[23, 236, 209, 295]",1.0,kolektor_gt,kolektor_permukaan
C:/Arib/MASSA AYAM/chicken detection + constrative classification/data/crops_kolektor_gt/test/normal/20142_02782.png,0,normal,test,test,20142,20142.png,"[80, 118, 111, 136]",1.0,kolektor_gt,kolektor_permukaan
C:/Arib/MASSA AYAM/chicken detection + constrative classification/data/crops_kolektor_gt/test/normal/20143_02783.png,0,normal,test,test,20143,20143.png,"[104, 370, 146, 388]",1.0,kolektor_gt,kolektor_permukaan
C:/Arib/MASSA AYAM/chicken detection + constrative classification/data/crops_kolektor_gt/test/normal/20144_02784.png,0,normal,test,test,20144,20144.png,"[129, 78, 171, 153]",1.0,kolektor_gt,kolektor_permukaan
C:/Arib/MASSA AYAM/chicken detection + constrative classification/data/crops_kolektor_gt/test/normal/20145_02785.png,0,normal,test,test,20145,20145.png,"[30, 309, 203, 555]",1.0,kolektor_gt,kolektor_permukaan
C:/Arib/MASSA AYAM/chicken detection + constrative classification/data/crops_kolektor_gt/test/normal/20146_02786.png,0,normal,test,test,20146,20146.png,"[53, 235, 219, 341]",1.0,kolektor_gt,kolektor_permukaan
C:/Arib/MASSA AYAM/chicken detection + constrative classification/data/crops_kolektor_gt/test/normal/20147_02787.png,0,normal,test,test,20147,20147.png,"[32, 550, 64, 599]",1.0,kolektor_gt,kolektor_permukaan
C:/Arib/MASSA AYAM/chicken detection + constrative classification/data/crops_kolektor_gt/test/normal/20148_02788.png,0,normal,test,test,20148,20148.png,"[104, 141, 152, 201]",1.0,kolektor_gt,kolektor_permukaan
C:/Arib/MASSA AYAM/chicken detection + constrative classification/data/crops_kolektor_gt/test/normal/20149_02789.png,0,normal,test,test,20149,20149.png,"[73, 349, 125, 424]",1.0,kolektor_gt,kolektor_permukaan
C:/Arib/MASSA AYAM/chicken detection + constrative classification/data/crops_kolektor_gt/test/normal/20150_02790.png,0,normal,test,test,20150,20150.png,"[104, 431, 187, 466]",1.0,kolektor_gt,kolektor_permukaan
C:/Arib/MASSA AYAM/chicken detection + constrative classification/data/crops_kolektor_gt/test/normal/20151_02791.png,0,normal,test,test,20151,20151.png,"[147, 506, 223, 565]",1.0,kolektor_gt,kolektor_permukaan
C:/Arib/MASSA AYAM/chicken detection + constrative classification/data/crops_kolektor_gt/test/normal/20152_02792.png,0,normal,test,test,20152,20152.png,"[12, 184, 198, 243]",1.0,kolektor_gt,kolektor_permukaan
C:/Arib/MASSA AYAM/chicken detection + constrative classification/data/crops_kolektor_gt/test/normal/20153_02793.png,0,normal,test,test,20153,20153.png,"[42, 123, 84, 182]",1.0,kolektor_gt,kolektor_permukaan
C:/Arib/MASSA AYAM/chicken detection + constrative classification/data/crops_kolektor_gt/test/normal/20154_02794.png,0,normal,test,test,20154,20154.png,"[70, 364, 199, 500]",1.0,kolektor_gt,kolektor_permukaan
C:/Arib/MASSA AYAM/chicken detection + constrative classification/data/crops_kolektor_gt/test/normal/20155_02796.png,0,normal,test,test,20155,20155.png,"[190, 103, 208, 152]",1.0,kolektor_gt,kolektor_permukaan
C:/Arib/MASSA AYAM/chicken detection + constrative classification/data/crops_kolektor_gt/test/normal/20156_02797.png,0,normal,test,test,20156,20156.png,"[110, 24, 192, 132]",1.0,kolektor_gt,kolektor_permukaan
C:/Arib/MASSA AYAM/chicken detection + constrative classification/data/crops_kolektor_gt/test/normal/20157_02798.png,0,normal,test,test,20157,20157.png,"[8, 527, 166, 620]",1.0,kolektor_gt,kolektor_permukaan
C:/Arib/MASSA AYAM/chicken detection + constrative classification/data/crops_kolektor_gt/test/normal/20158_02800.png,0,normal,test,test,20158,20158.png,"[135, 397, 197, 428]",1.0,kolektor_gt,kolektor_permukaan
C:/Arib/MASSA AYAM/chicken detection + constrative classification/data/crops_kolektor_gt/test/normal/20159_02802.png,0,normal,test,test,20159,20159.png,"[27, 362, 208, 454]",1.0,kolektor_gt,kolektor_permukaan
C:/Arib/MASSA AYAM/chicken detection + constrative classification/data/crops_kolektor_gt/test/normal/20160_02803.png,0,normal,test,test,20160,20160.png,"[71, 247, 203, 338]",1.0,kolektor_gt,kolektor_permukaan
C:/Arib/MASSA AYAM/chicken detection + constrative classification/data/crops_kolektor_gt/test/normal/20161_02804.png,0,normal,test,test,20161,20161.png,"[86, 344, 107, 437]",1.0,kolektor_gt,kolektor_permukaan
C:/Arib/MASSA AYAM/chicken detection + constrative classification/data/crops_kolektor_gt/test/normal/20162_02805.png,0,normal,test,test,20162,20162.png,"[27, 46, 49, 99]",1.0,kolektor_gt,kolektor_permukaan
C:/Arib/MASSA AYAM/chicken detection + constrative classification/data/crops_kolektor_gt/test/normal/20163_02806.png,0,normal,test,test,20163,20163.png,"[90, 459, 140, 544]",1.0,kolektor_gt,kolektor_permukaan
C:/Arib/MASSA AYAM/chicken detection + constrative classification/data/crops_kolektor_gt/test/normal/20164_02807.png,0,normal,test,test,20164,20164.png,"[57, 446, 170, 533]",1.0,kolektor_gt,kolektor_permukaan
C:/Arib/MASSA AYAM/chicken detection + constrative classification/data/crops_kolektor_gt/test/normal/20165_02808.png,0,normal,test,test,20165,20165.png,"[34, 187, 86, 258]",1.0,kolektor_gt,kolektor_permukaan
C:/Arib/MASSA AYAM/chicken detection + constrative classification/data/crops_kolektor_gt/test/normal/20166_02809.png,0,normal,test,test,20166,20166.png,"[130, 42, 194, 239]",1.0,kolektor_gt,kolektor_permukaan
C:/Arib/MASSA AYAM/chicken detection + constrative classification/data/crops_kolektor_gt/test/normal/20167_02810.png,0,normal,test,test,20167,20167.png,"[94, 464, 192, 558]",1.0,kolektor_gt,kolektor_permukaan
C:/Arib/MASSA AYAM/chicken detection + constrative classification/data/crops_kolektor_gt/test/normal/20168_02811.png,0,normal,test,test,20168,20168.png,"[45, 520, 87, 538]",1.0,kolektor_gt,kolektor_permukaan
C:/Arib/MASSA AYAM/chicken detection + constrative classification/data/crops_kolektor_gt/test/normal/20169_02812.png,0,normal,test,test,20169,20169.png,"[24, 237, 93, 268]",1.0,kolektor_gt,kolektor_permukaan
C:/Arib/MASSA AYAM/chicken detection + constrative classification/data/crops_kolektor_gt/test/normal/20170_02813.png,0,normal,test,test,20170,20170.png,"[12, 577, 27, 626]",1.0,kolektor_gt,kolektor_permukaan
C:/Arib/MASSA AYAM/chicken detection + constrative classification/data/crops_kolektor_gt/test/normal/20171_02814.png,0,normal,test,test,20171,20171.png,"[148, 520, 209, 540]",1.0,kolektor_gt,kolektor_permukaan
C:/Arib/MASSA AYAM/chicken detection + constrative classification/data/crops_kolektor_gt/test/normal/20172_02816.png,0,normal,test,test,20172,20172.png,"[109, 292, 139, 318]",1.0,kolektor_gt,kolektor_permukaan
C:/Arib/MASSA AYAM/chicken detection + constrative classification/data/crops_kolektor_gt/test/normal/20173_02817.png,0,normal,test,test,20173,20173.png,"[0, 73, 218, 288]",1.0,kolektor_gt,kolektor_permukaan
C:/Arib/MASSA AYAM/chicken detection + constrative classification/data/crops_kolektor_gt/test/normal/20174_02818.png,0,normal,test,test,20174,20174.png,"[53, 440, 108, 485]",1.0,kolektor_gt,kolektor_permukaan
C:/Arib/MASSA AYAM/chicken detection + constrative classification/data/crops_kolektor_gt/test/normal/20175_02820.png,0,normal,test,test,20175,20175.png,"[71, 321, 130, 411]",1.0,kolektor_gt,kolektor_permukaan
C:/Arib/MASSA AYAM/chicken detection + constrative classification/data/crops_kolektor_gt/test/normal/20176_02821.png,0,normal,test,test,20176,20176.png,"[42, 121, 65, 144]",1.0,kolektor_gt,kolektor_permukaan
C:/Arib/MASSA AYAM/chicken detection + constrative classification/data/crops_kolektor_gt/test/normal/20177_02823.png,0,normal,test,test,20177,20177.png,"[70, 498, 93, 521]",1.0,kolektor_gt,kolektor_permukaan
C:/Arib/MASSA AYAM/chicken detection + constrative classification/data/crops_kolektor_gt/test/normal/20178_02824.png,0,normal,test,test,20178,20178.png,"[43, 295, 110, 328]",1.0,kolektor_gt,kolektor_permukaan
C:/Arib/MASSA AYAM/chicken detection + constrative classification/data/crops_kolektor_gt/test/normal/20179_02825.png,0,normal,test,test,20179,20179.png,"[155, 108, 164, 138]",1.0,kolektor_gt,kolektor_permukaan
C:/Arib/MASSA AYAM/chicken detection + constrative classification/data/crops_kolektor_gt/test/normal/20180_02826.png,0,normal,test,test,20180,20180.png,"[71, 144, 100, 161]",1.0,kolektor_gt,kolektor_permukaan
C:/Arib/MASSA AYAM/chicken detection + constrative classification/data/crops_kolektor_gt/test/normal/20181_02827.png,0,normal,test,test,20181,20181.png,"[130, 172, 185, 233]",1.0,kolektor_gt,kolektor_permukaan
C:/Arib/MASSA AYAM/chicken detection + constrative classification/data/crops_kolektor_gt/test/normal/20182_02828.png,0,normal,test,test,20182,20182.png,"[2, 552, 183, 644]",1.0,kolektor_gt,kolektor_permukaan
C:/Arib/MASSA AYAM/chicken detection + constrative classification/data/crops_kolektor_gt/test/normal/20183_02829.png,0,normal,test,test,20183,20183.png,"[0, 500, 108, 559]",1.0,kolektor_gt,kolektor_permukaan
C:/Arib/MASSA AYAM/chicken detection + constrative classification/data/crops_kolektor_gt/test/normal/20184_02830.png,0,normal,test,test,20184,20184.png,"[47, 208, 194, 251]",1.0,kolektor_gt,kolektor_permukaan
C:/Arib/MASSA AYAM/chicken detection + constrative classification/data/crops_kolektor_gt/test/normal/20185_02831.png,0,normal,test,test,20185,20185.png,"[109, 455, 144, 493]",1.0,kolektor_gt,kolektor_permukaan
C:/Arib/MASSA AYAM/chicken detection + constrative classification/data/crops_kolektor_gt/test/normal/20186_02832.png,0,normal,test,test,20186,20186.png,"[116, 302, 205, 340]",1.0,kolektor_gt,kolektor_permukaan
C:/Arib/MASSA AYAM/chicken detection + constrative classification/data/crops_kolektor_gt/test/normal/20187_02833.png,0,normal,test,test,20187,20187.png,"[15, 455, 174, 563]",1.0,kolektor_gt,kolektor_permukaan
C:/Arib/MASSA AYAM/chicken detection + constrative classification/data/crops_kolektor_gt/test/normal/20188_02834.png,0,normal,test,test,20188,20188.png,"[67, 88, 97, 177]",1.0,kolektor_gt,kolektor_permukaan
C:/Arib/MASSA AYAM/chicken detection + constrative classification/data/crops_kolektor_gt/test/normal/20189_02835.png,0,normal,test,test,20189,20189.png,"[29, 362, 98, 393]",1.0,kolektor_gt,kolektor_permukaan
C:/Arib/MASSA AYAM/chicken detection + constrative classification/data/crops_kolektor_gt/test/normal/20190_02837.png,0,normal,test,test,20190,20190.png,"[20, 227, 52, 270]",1.0,kolektor_gt,kolektor_permukaan
C:/Arib/MASSA AYAM/chicken detection + constrative classification/data/crops_kolektor_gt/test/normal/20191_02838.png,0,normal,test,test,20191,20191.png,"[40, 259, 115, 561]",1.0,kolektor_gt,kolektor_permukaan
C:/Arib/MASSA AYAM/chicken detection + constrative classification/data/crops_kolektor_gt/test/normal/20192_02839.png,0,normal,test,test,20192,20192.png,"[161, 525, 192, 543]",1.0,kolektor_gt,kolektor_permukaan
C:/Arib/MASSA AYAM/chicken detection + constrative classification/data/crops_kolektor_gt/test/normal/20193_02841.png,0,normal,test,test,20193,20193.png,"[18, 322, 78, 360]",1.0,kolektor_gt,kolektor_permukaan
C:/Arib/MASSA AYAM/chicken detection + constrative classification/data/crops_kolektor_gt/test/normal/20194_02842.png,0,normal,test,test,20194,20194.png,"[110, 102, 192, 210]",1.0,kolektor_gt,kolektor_permukaan
C:/Arib/MASSA AYAM/chicken detection + constrative classification/data/crops_kolektor_gt/test/normal/20195_02843.png,0,normal,test,test,20195,20195.png,"[133, 325, 185, 400]",1.0,kolektor_gt,kolektor_permukaan
C:/Arib/MASSA AYAM/chicken detection + constrative classification/data/crops_kolektor_gt/test/normal/20196_02844.png,0,normal,test,test,20196,20196.png,"[169, 36, 211, 111]",1.0,kolektor_gt,kolektor_permukaan
C:/Arib/MASSA AYAM/chicken detection + constrative classification/data/crops_kolektor_gt/test/normal/20197_02845.png,0,normal,test,test,20197,20197.png,"[1, 251, 114, 338]",1.0,kolektor_gt,kolektor_permukaan
C:/Arib/MASSA AYAM/chicken detection + constrative classification/data/crops_kolektor_gt/test/normal/20198_02846.png,0,normal,test,test,20198,20198.png,"[111, 482, 225, 613]",1.0,kolektor_gt,kolektor_permukaan
C:/Arib/MASSA AYAM/chicken detection + constrative classification/data/crops_kolektor_gt/test/normal/20199_02847.png,0,normal,test,test,20199,20199.png,"[33, 481, 193, 571]",1.0,kolektor_gt,kolektor_permukaan
C:/Arib/MASSA AYAM/chicken detection + constrative classification/data/crops_kolektor_gt/test/normal/20200_02848.png,0,normal,test,test,20200,20200.png,"[11, 375, 181, 607]",1.0,kolektor_gt,kolektor_permukaan
C:/Arib/MASSA AYAM/chicken detection + constrative classification/data/crops_kolektor_gt/test/normal/20201_02849.png,0,normal,test,test,20201,20201.png,"[50, 90, 126, 107]",1.0,kolektor_gt,kolektor_permukaan
C:/Arib/MASSA AYAM/chicken detection + constrative classification/data/crops_kolektor_gt/test/normal/20202_02850.png,0,normal,test,test,20202,20202.png,"[54, 3, 122, 74]",1.0,kolektor_gt,kolektor_permukaan
C:/Arib/MASSA AYAM/chicken detection + constrative classification/data/crops_kolektor_gt/test/normal/20203_02851.png,0,normal,test,test,20203,20203.png,"[142, 213, 226, 255]",1.0,kolektor_gt,kolektor_permukaan
C:/Arib/MASSA AYAM/chicken detection + constrative classification/data/crops_kolektor_gt/test/normal/20204_02853.png,0,normal,test,test,20204,20204.png,"[45, 39, 106, 55]",1.0,kolektor_gt,kolektor_permukaan
C:/Arib/MASSA AYAM/chicken detection + constrative classification/data/crops_kolektor_gt/test/normal/20205_02854.png,0,normal,test,test,20205,20205.png,"[157, 389, 166, 419]",1.0,kolektor_gt,kolektor_permukaan
C:/Arib/MASSA AYAM/chicken detection + constrative classification/data/crops_kolektor_gt/test/normal/20206_02855.png,0,normal,test,test,20206,20206.png,"[163, 357, 208, 403]",1.0,kolektor_gt,kolektor_permukaan
C:/Arib/MASSA AYAM/chicken detection + constrative classification/data/crops_kolektor_gt/test/normal/20207_02856.png,0,normal,test,test,20207,20207.png,"[46, 307, 130, 335]",1.0,kolektor_gt,kolektor_permukaan
C:/Arib/MASSA AYAM/chicken detection + constrative classification/data/crops_kolektor_gt/test/normal/20208_02857.png,0,normal,test,test,20208,20208.png,"[74, 496, 108, 587]",1.0,kolektor_gt,kolektor_permukaan
C:/Arib/MASSA AYAM/chicken detection + constrative classification/data/crops_kolektor_gt/test/normal/20209_02859.png,0,normal,test,test,20209,20209.png,"[100, 365, 184, 407]",1.0,kolektor_gt,kolektor_permukaan
C:/Arib/MASSA AYAM/chicken detection + constrative classification/data/crops_kolektor_gt/test/normal/20210_02860.png,0,normal,test,test,20210,20210.png,"[24, 224, 58, 263]",1.0,kolektor_gt,kolektor_permukaan
C:/Arib/MASSA AYAM/chicken detection + constrative classification/data/crops_kolektor_gt/test/normal/20211_02861.png,0,normal,test,test,20211,20211.png,"[193, 294, 227, 385]",1.0,kolektor_gt,kolektor_permukaan
C:/Arib/MASSA AYAM/chicken detection + constrative classification/data/crops_kolektor_gt/test/normal/20212_02862.png,0,normal,test,test,20212,20212.png,"[83, 253, 100, 268]",1.0,kolektor_gt,kolektor_permukaan
C:/Arib/MASSA AYAM/chicken detection + constrative classification/data/crops_kolektor_gt/test/normal/20213_02863.png,0,normal,test,test,20213,20213.png,"[45, 475, 79, 588]",1.0,kolektor_gt,kolektor_permukaan
C:/Arib/MASSA AYAM/chicken detection + constrative classification/data/crops_kolektor_gt/test/normal/20214_02864.png,0,normal,test,test,20214,20214.png,"[29, 355, 113, 383]",1.0,kolektor_gt,kolektor_permukaan
C:/Arib/MASSA AYAM/chicken detection + constrative classification/data/crops_kolektor_gt/test/normal/20215_02865.png,0,normal,test,test,20215,20215.png,"[32, 495, 93, 511]",1.0,kolektor_gt,kolektor_permukaan
C:/Arib/MASSA AYAM/chicken detection + constrative classification/data/crops_kolektor_gt/test/normal/20216_02866.png,0,normal,test,test,20216,20216.png,"[125, 421, 187, 452]",1.0,kolektor_gt,kolektor_permukaan
C:/Arib/MASSA AYAM/chicken detection + constrative classification/data/crops_kolektor_gt/test/normal/20217_02868.png,0,normal,test,test,20217,20217.png,"[60, 29, 129, 115]",1.0,kolektor_gt,kolektor_permukaan
C:/Arib/MASSA AYAM/chicken detection + constrative classification/data/crops_kolektor_gt/test/normal/20218_02869.png,0,normal,test,test,20218,20218.png,"[55, 418, 134, 477]",1.0,kolektor_gt,kolektor_permukaan
C:/Arib/MASSA AYAM/chicken detection + constrative classification/data/crops_kolektor_gt/test/normal/20219_02870.png,0,normal,test,test,20219,20219.png,"[20, 267, 206, 326]",1.0,kolektor_gt,kolektor_permukaan
C:/Arib/MASSA AYAM/chicken detection + constrative classification/data/crops_kolektor_gt/test/normal/20220_02871.png,0,normal,test,test,20220,20220.png,"[25, 414, 212, 620]",1.0,kolektor_gt,kolektor_permukaan
C:/Arib/MASSA AYAM/chicken detection + constrative classification/data/crops_kolektor_gt/test/normal/20221_02872.png,0,normal,test,test,20221,20221.png,"[66, 55, 102, 108]",1.0,kolektor_gt,kolektor_permukaan
C:/Arib/MASSA AYAM/chicken detection + constrative classification/data/crops_kolektor_gt/test/normal/20222_02873.png,0,normal,test,test,20222,20222.png,"[56, 347, 81, 407]",1.0,kolektor_gt,kolektor_permukaan
C:/Arib/MASSA AYAM/chicken detection + constrative classification/data/crops_kolektor_gt/test/normal/20223_02874.png,0,normal,test,test,20223,20223.png,"[78, 458, 165, 513]",1.0,kolektor_gt,kolektor_permukaan
C:/Arib/MASSA AYAM/chicken detection + constrative classification/data/crops_kolektor_gt/test/normal/20224_02875.png,0,normal,test,test,20224,20224.png,"[42, 548, 77, 586]",1.0,kolektor_gt,kolektor_permukaan
C:/Arib/MASSA AYAM/chicken detection + constrative classification/data/crops_kolektor_gt/test/normal/20225_02876.png,0,normal,test,test,20225,20225.png,"[14, 337, 127, 424]",1.0,kolektor_gt,kolektor_permukaan
C:/Arib/MASSA AYAM/chicken detection + constrative classification/data/crops_kolektor_gt/test/normal/20226_02877.png,0,normal,test,test,20226,20226.png,"[5, 21, 93, 56]",1.0,kolektor_gt,kolektor_permukaan
C:/Arib/MASSA AYAM/chicken detection + constrative classification/data/crops_kolektor_gt/test/normal/20227_02878.png,0,normal,test,test,20227,20227.png,"[85, 361, 162, 410]",1.0,kolektor_gt,kolektor_permukaan
C:/Arib/MASSA AYAM/chicken detection + constrative classification/data/crops_kolektor_gt/test/normal/20228_02880.png,0,normal,test,test,20228,20228.png,"[35, 64, 221, 123]",1.0,kolektor_gt,kolektor_permukaan
C:/Arib/MASSA AYAM/chicken detection + constrative classification/data/crops_kolektor_gt/test/normal/20229_02881.png,0,normal,test,test,20229,20229.png,"[53, 370, 112, 460]",1.0,kolektor_gt,kolektor_permukaan
C:/Arib/MASSA AYAM/chicken detection + constrative classification/data/crops_kolektor_gt/test/normal/20230_02882.png,0,normal,test,test,20230,20230.png,"[137, 405, 162, 459]",1.0,kolektor_gt,kolektor_permukaan
C:/Arib/MASSA AYAM/chicken detection + constrative classification/data/crops_kolektor_gt/test/normal/20231_02884.png,0,normal,test,test,20231,20231.png,"[58, 297, 120, 328]",1.0,kolektor_gt,kolektor_permukaan
C:/Arib/MASSA AYAM/chicken detection + constrative classification/data/crops_kolektor_gt/test/normal/20232_02885.png,0,normal,test,test,20232,20232.png,"[95, 339, 143, 399]",1.0,kolektor_gt,kolektor_permukaan
C:/Arib/MASSA AYAM/chicken detection + constrative classification/data/crops_kolektor_gt/test/normal/20233_02886.png,0,normal,test,test,20233,20233.png,"[63, 13, 118, 74]",1.0,kolektor_gt,kolektor_permukaan
C:/Arib/MASSA AYAM/chicken detection + constrative classification/data/crops_kolektor_gt/test/normal/20234_02887.png,0,normal,test,test,20234,20234.png,"[134, 104, 180, 178]",1.0,kolektor_gt,kolektor_permukaan
C:/Arib/MASSA AYAM/chicken detection + constrative classification/data/crops_kolektor_gt/test/normal/20235_02888.png,0,normal,test,test,20235,20235.png,"[124, 43, 176, 118]",1.0,kolektor_gt,kolektor_permukaan
C:/Arib/MASSA AYAM/chicken detection + constrative classification/data/crops_kolektor_gt/test/normal/20236_02890.png,0,normal,test,test,20236,20236.png,"[72, 308, 97, 362]",1.0,kolektor_gt,kolektor_permukaan
C:/Arib/MASSA AYAM/chicken detection + constrative classification/data/crops_kolektor_gt/test/normal/20237_02891.png,0,normal,test,test,20237,20237.png,"[98, 253, 211, 340]",1.0,kolektor_gt,kolektor_permukaan
C:/Arib/MASSA AYAM/chicken detection + constrative classification/data/crops_kolektor_gt/test/normal/20238_02892.png,0,normal,test,test,20238,20238.png,"[31, 386, 63, 410]",1.0,kolektor_gt,kolektor_permukaan
C:/Arib/MASSA AYAM/chicken detection + constrative classification/data/crops_kolektor_gt/test/normal/20239_02893.png,0,normal,test,test,20239,20239.png,"[69, 86, 145, 103]",1.0,kolektor_gt,kolektor_permukaan
C:/Arib/MASSA AYAM/chicken detection + constrative classification/data/crops_kolektor_gt/test/normal/20240_02894.png,0,normal,test,test,20240,20240.png,"[106, 20, 185, 79]",1.0,kolektor_gt,kolektor_permukaan
C:/Arib/MASSA AYAM/chicken detection + constrative classification/data/crops_kolektor_gt/test/normal/20241_02895.png,0,normal,test,test,20241,20241.png,"[138, 155, 227, 193]",1.0,kolektor_gt,kolektor_permukaan
C:/Arib/MASSA AYAM/chicken detection + constrative classification/data/crops_kolektor_gt/test/normal/20242_02896.png,0,normal,test,test,20242,20242.png,"[100, 99, 164, 296]",1.0,kolektor_gt,kolektor_permukaan
C:/Arib/MASSA AYAM/chicken detection + constrative classification/data/crops_kolektor_gt/test/normal/20243_02897.png,0,normal,test,test,20243,20243.png,"[79, 331, 147, 402]",1.0,kolektor_gt,kolektor_permukaan
C:/Arib/MASSA AYAM/chicken detection + constrative classification/data/crops_kolektor_gt/test/normal/20244_02898.png,0,normal,test,test,20244,20244.png,"[5, 309, 37, 333]",1.0,kolektor_gt,kolektor_permukaan
C:/Arib/MASSA AYAM/chicken detection + constrative classification/data/crops_kolektor_gt/test/normal/20245_02899.png,0,normal,test,test,20245,20245.png,"[12, 270, 172, 360]",1.0,kolektor_gt,kolektor_permukaan
C:/Arib/MASSA AYAM/chicken detection + constrative classification/data/crops_kolektor_gt/test/normal/20246_02901.png,0,normal,test,test,20246,20246.png,"[37, 219, 151, 350]",1.0,kolektor_gt,kolektor_permukaan
C:/Arib/MASSA AYAM/chicken detection + constrative classification/data/crops_kolektor_gt/test/normal/20247_02902.png,0,normal,test,test,20247,20247.png,"[35, 142, 222, 348]",1.0,kolektor_gt,kolektor_permukaan
C:/Arib/MASSA AYAM/chicken detection + constrative classification/data/crops_kolektor_gt/test/normal/20248_02903.png,0,normal,test,test,20248,20248.png,"[179, 546, 227, 606]",1.0,kolektor_gt,kolektor_permukaan
C:/Arib/MASSA AYAM/chicken detection + constrative classification/data/crops_kolektor_gt/test/normal/20249_02904.png,0,normal,test,test,20249,20249.png,"[2, 508, 116, 639]",1.0,kolektor_gt,kolektor_permukaan
C:/Arib/MASSA AYAM/chicken detection + constrative classification/data/crops_kolektor_gt/test/normal/20250_02905.png,0,normal,test,test,20250,20250.png,"[95, 559, 168, 608]",1.0,kolektor_gt,kolektor_permukaan
C:/Arib/MASSA AYAM/chicken detection + constrative classification/data/crops_kolektor_gt/test/normal/20251_02906.png,0,normal,test,test,20251,20251.png,"[57, 591, 74, 606]",1.0,kolektor_gt,kolektor_permukaan
C:/Arib/MASSA AYAM/chicken detection + constrative classification/data/crops_kolektor_gt/test/normal/20252_02907.png,0,normal,test,test,20252,20252.png,"[59, 457, 132, 506]",1.0,kolektor_gt,kolektor_permukaan
C:/Arib/MASSA AYAM/chicken detection + constrative classification/data/crops_kolektor_gt/test/normal/20253_02908.png,0,normal,test,test,20253,20253.png,"[27, 318, 51, 360]",1.0,kolektor_gt,kolektor_permukaan
C:/Arib/MASSA AYAM/chicken detection + constrative classification/data/crops_kolektor_gt/test/normal/20254_02909.png,0,normal,test,test,20254,20254.png,"[161, 42, 229, 194]",1.0,kolektor_gt,kolektor_permukaan
C:/Arib/MASSA AYAM/chicken detection + constrative classification/data/crops_kolektor_gt/test/normal/20255_02910.png,0,normal,test,test,20255,20255.png,"[53, 501, 88, 532]",1.0,kolektor_gt,kolektor_permukaan
C:/Arib/MASSA AYAM/chicken detection + constrative classification/data/crops_kolektor_gt/test/normal/20256_02911.png,0,normal,test,test,20256,20256.png,"[36, 412, 119, 447]",1.0,kolektor_gt,kolektor_permukaan
C:/Arib/MASSA AYAM/chicken detection + constrative classification/data/crops_kolektor_gt/test/normal/20257_02912.png,0,normal,test,test,20257,20257.png,"[133, 580, 151, 629]",1.0,kolektor_gt,kolektor_permukaan
C:/Arib/MASSA AYAM/chicken detection + constrative classification/data/crops_kolektor_gt/test/normal/20258_02913.png,0,normal,test,test,20258,20258.png,"[126, 258, 190, 323]",1.0,kolektor_gt,kolektor_permukaan
C:/Arib/MASSA AYAM/chicken detection + constrative classification/data/crops_kolektor_gt/test/normal/20259_02915.png,0,normal,test,test,20259,20259.png,"[38, 37, 53, 86]",1.0,kolektor_gt,kolektor_permukaan
C:/Arib/MASSA AYAM/chicken detection + constrative classification/data/crops_kolektor_gt/test/normal/20260_02916.png,0,normal,test,test,20260,20260.png,"[153, 416, 177, 458]",1.0,kolektor_gt,kolektor_permukaan
C:/Arib/MASSA AYAM/chicken detection + constrative classification/data/crops_kolektor_gt/test/normal/20261_02917.png,0,normal,test,test,20261,20261.png,"[176, 214, 205, 314]",1.0,kolektor_gt,kolektor_permukaan
C:/Arib/MASSA AYAM/chicken detection + constrative classification/data/crops_kolektor_gt/test/normal/20262_02918.png,0,normal,test,test,20262,20262.png,"[125, 558, 177, 633]",1.0,kolektor_gt,kolektor_permukaan
C:/Arib/MASSA AYAM/chicken detection + constrative classification/data/crops_kolektor_gt/test/normal/20263_02919.png,0,normal,test,test,20263,20263.png,"[15, 164, 188, 410]",1.0,kolektor_gt,kolektor_permukaan
C:/Arib/MASSA AYAM/chicken detection + constrative classification/data/crops_kolektor_gt/test/normal/20264_02921.png,0,normal,test,test,20264,20264.png,"[123, 526, 194, 599]",1.0,kolektor_gt,kolektor_permukaan
C:/Arib/MASSA AYAM/chicken detection + constrative classification/data/crops_kolektor_gt/test/normal/20265_02922.png,0,normal,test,test,20265,20265.png,"[20, 107, 75, 152]",1.0,kolektor_gt,kolektor_permukaan
C:/Arib/MASSA AYAM/chicken detection + constrative classification/data/crops_kolektor_gt/test/normal/20266_02923.png,0,normal,test,test,20266,20266.png,"[48, 130, 206, 223]",1.0,kolektor_gt,kolektor_permukaan
C:/Arib/MASSA AYAM/chicken detection + constrative classification/data/crops_kolektor_gt/test/normal/20267_02924.png,0,normal,test,test,20267,20267.png,"[133, 124, 158, 178]",1.0,kolektor_gt,kolektor_permukaan
C:/Arib/MASSA AYAM/chicken detection + constrative classification/data/crops_kolektor_gt/test/normal/20268_02925.png,0,normal,test,test,20268,20268.png,"[29, 39, 71, 57]",1.0,kolektor_gt,kolektor_permukaan
C:/Arib/MASSA AYAM/chicken detection + constrative classification/data/crops_kolektor_gt/test/normal/20269_02926.png,0,normal,test,test,20269,20269.png,"[43, 537, 73, 626]",1.0,kolektor_gt,kolektor_permukaan
C:/Arib/MASSA AYAM/chicken detection + constrative classification/data/crops_kolektor_gt/test/normal/20270_02927.png,0,normal,test,test,20270,20270.png,"[140, 428, 172, 452]",1.0,kolektor_gt,kolektor_permukaan
C:/Arib/MASSA AYAM/chicken detection + constrative classification/data/crops_kolektor_gt/test/normal/20271_02928.png,0,normal,test,test,20271,20271.png,"[30, 445, 64, 484]",1.0,kolektor_gt,kolektor_permukaan
C:/Arib/MASSA AYAM/chicken detection + constrative classification/data/crops_kolektor_gt/test/normal/20272_02929.png,0,normal,test,test,20272,20272.png,"[173, 277, 202, 286]",1.0,kolektor_gt,kolektor_permukaan
C:/Arib/MASSA AYAM/chicken detection + constrative classification/data/crops_kolektor_gt/test/normal/20273_02930.png,0,normal,test,test,20273,20273.png,"[95, 577, 117, 630]",1.0,kolektor_gt,kolektor_permukaan
C:/Arib/MASSA AYAM/chicken detection + constrative classification/data/crops_kolektor_gt/test/normal/20274_02931.png,0,normal,test,test,20274,20274.png,"[74, 535, 150, 594]",1.0,kolektor_gt,kolektor_permukaan
C:/Arib/MASSA AYAM/chicken detection + constrative classification/data/crops_kolektor_gt/test/normal/20275_02933.png,0,normal,test,test,20275,20275.png,"[52, 380, 121, 466]",1.0,kolektor_gt,kolektor_permukaan
C:/Arib/MASSA AYAM/chicken detection + constrative classification/data/crops_kolektor_gt/test/normal/20276_02934.png,0,normal,test,test,20276,20276.png,"[120, 236, 141, 442]",1.0,kolektor_gt,kolektor_permukaan
C:/Arib/MASSA AYAM/chicken detection + constrative classification/data/crops_kolektor_gt/test/normal/20277_02935.png,0,normal,test,test,20277,20277.png,"[95, 368, 223, 524]",1.0,kolektor_gt,kolektor_permukaan
C:/Arib/MASSA AYAM/chicken detection + constrative classification/data/crops_kolektor_gt/test/normal/20278_02936.png,0,normal,test,test,20278,20278.png,"[17, 168, 144, 239]",1.0,kolektor_gt,kolektor_permukaan
C:/Arib/MASSA AYAM/chicken detection + constrative classification/data/crops_kolektor_gt/test/normal/20279_02937.png,0,normal,test,test,20279,20279.png,"[121, 10, 210, 48]",1.0,kolektor_gt,kolektor_permukaan
C:/Arib/MASSA AYAM/chicken detection + constrative classification/data/crops_kolektor_gt/test/normal/20280_02938.png,0,normal,test,test,20280,20280.png,"[19, 481, 139, 581]",1.0,kolektor_gt,kolektor_permukaan
C:/Arib/MASSA AYAM/chicken detection + constrative classification/data/crops_kolektor_gt/test/normal/20281_02940.png,0,normal,test,test,20281,20281.png,"[1, 159, 63, 300]",1.0,kolektor_gt,kolektor_permukaan
C:/Arib/MASSA AYAM/chicken detection + constrative classification/data/crops_kolektor_gt/test/normal/20282_02941.png,0,normal,test,test,20282,20282.png,"[12, 550, 172, 640]",1.0,kolektor_gt,kolektor_permukaan
C:/Arib/MASSA AYAM/chicken detection + constrative classification/data/crops_kolektor_gt/test/normal/20283_02942.png,0,normal,test,test,20283,20283.png,"[15, 479, 50, 572]",1.0,kolektor_gt,kolektor_permukaan
C:/Arib/MASSA AYAM/chicken detection + constrative classification/data/crops_kolektor_gt/test/normal/20284_02943.png,0,normal,test,test,20284,20284.png,"[89, 325, 151, 466]",1.0,kolektor_gt,kolektor_permukaan
C:/Arib/MASSA AYAM/chicken detection + constrative classification/data/crops_kolektor_gt/test/normal/20285_02944.png,0,normal,test,test,20285,20285.png,"[88, 14, 102, 36]",1.0,kolektor_gt,kolektor_permukaan
C:/Arib/MASSA AYAM/chicken detection + constrative classification/data/crops_kolektor_gt/test/normal/20286_02945.png,0,normal,test,test,20286,20286.png,"[72, 436, 141, 467]",1.0,kolektor_gt,kolektor_permukaan
C:/Arib/MASSA AYAM/chicken detection + constrative classification/data/crops_kolektor_gt/test/normal/20287_02946.png,0,normal,test,test,20287,20287.png,"[94, 412, 159, 478]",1.0,kolektor_gt,kolektor_permukaan
C:/Arib/MASSA AYAM/chicken detection + constrative classification/data/crops_kolektor_gt/test/normal/20288_02947.png,0,normal,test,test,20288,20288.png,"[138, 207, 180, 282]",1.0,kolektor_gt,kolektor_permukaan
C:/Arib/MASSA AYAM/chicken detection + constrative classification/data/crops_kolektor_gt/test/normal/20289_02948.png,0,normal,test,test,20289,20289.png,"[26, 221, 71, 285]",1.0,kolektor_gt,kolektor_permukaan
C:/Arib/MASSA AYAM/chicken detection + constrative classification/data/crops_kolektor_gt/test/normal/20290_02949.png,0,normal,test,test,20290,20290.png,"[144, 104, 153, 134]",1.0,kolektor_gt,kolektor_permukaan
C:/Arib/MASSA AYAM/chicken detection + constrative classification/data/crops_kolektor_gt/test/normal/20291_02950.png,0,normal,test,test,20291,20291.png,"[150, 392, 209, 482]",1.0,kolektor_gt,kolektor_permukaan
C:/Arib/MASSA AYAM/chicken detection + constrative classification/data/crops_kolektor_gt/test/normal/20292_02951.png,0,normal,test,test,20292,20292.png,"[37, 283, 223, 342]",1.0,kolektor_gt,kolektor_permukaan
C:/Arib/MASSA AYAM/chicken detection + constrative classification/data/crops_kolektor_gt/test/normal/20293_02952.png,0,normal,test,test,20293,20293.png,"[157, 484, 212, 529]",1.0,kolektor_gt,kolektor_permukaan
C:/Arib/MASSA AYAM/chicken detection + constrative classification/data/crops_kolektor_gt/test/normal/20294_02953.png,0,normal,test,test,20294,20294.png,"[59, 221, 157, 315]",1.0,kolektor_gt,kolektor_permukaan
C:/Arib/MASSA AYAM/chicken detection + constrative classification/data/crops_kolektor_gt/test/normal/20295_02955.png,0,normal,test,test,20295,20295.png,"[37, 146, 114, 195]",1.0,kolektor_gt,kolektor_permukaan
C:/Arib/MASSA AYAM/chicken detection + constrative classification/data/crops_kolektor_gt/test/normal/20296_02956.png,0,normal,test,test,20296,20296.png,"[0, 331, 52, 378]",1.0,kolektor_gt,kolektor_permukaan
C:/Arib/MASSA AYAM/chicken detection + constrative classification/data/crops_kolektor_gt/test/normal/20297_02958.png,0,normal,test,test,20297,20297.png,"[6, 140, 164, 233]",1.0,kolektor_gt,kolektor_permukaan
C:/Arib/MASSA AYAM/chicken detection + constrative classification/data/crops_kolektor_gt/test/normal/20298_02959.png,0,normal,test,test,20298,20298.png,"[108, 483, 150, 501]",1.0,kolektor_gt,kolektor_permukaan
C:/Arib/MASSA AYAM/chicken detection + constrative classification/data/crops_kolektor_gt/test/normal/20299_02960.png,0,normal,test,test,20299,20299.png,"[30, 246, 109, 305]",1.0,kolektor_gt,kolektor_permukaan
C:/Arib/MASSA AYAM/chicken detection + constrative classification/data/crops_kolektor_gt/test/normal/20300_02961.png,0,normal,test,test,20300,20300.png,"[99, 197, 213, 328]",1.0,kolektor_gt,kolektor_permukaan
C:/Arib/MASSA AYAM/chicken detection + constrative classification/data/crops_kolektor_gt/test/normal/20301_02962.png,0,normal,test,test,20301,20301.png,"[79, 534, 146, 596]",1.0,kolektor_gt,kolektor_permukaan
C:/Arib/MASSA AYAM/chicken detection + constrative classification/data/crops_kolektor_gt/test/normal/20302_02963.png,0,normal,test,test,20302,20302.png,"[54, 170, 137, 205]",1.0,kolektor_gt,kolektor_permukaan
C:/Arib/MASSA AYAM/chicken detection + constrative classification/data/crops_kolektor_gt/test/normal/20303_02964.png,0,normal,test,test,20303,20303.png,"[71, 146, 160, 184]",1.0,kolektor_gt,kolektor_permukaan
C:/Arib/MASSA AYAM/chicken detection + constrative classification/data/crops_kolektor_gt/test/normal/20304_02965.png,0,normal,test,test,20304,20304.png,"[113, 501, 155, 576]",1.0,kolektor_gt,kolektor_permukaan
C:/Arib/MASSA AYAM/chicken detection + constrative classification/data/crops_kolektor_gt/test/normal/20305_02966.png,0,normal,test,test,20305,20305.png,"[175, 61, 196, 267]",1.0,kolektor_gt,kolektor_permukaan
C:/Arib/MASSA AYAM/chicken detection + constrative classification/data/crops_kolektor_gt/test/normal/20306_02967.png,0,normal,test,test,20306,20306.png,"[89, 182, 161, 262]",1.0,kolektor_gt,kolektor_permukaan
C:/Arib/MASSA AYAM/chicken detection + constrative classification/data/crops_kolektor_gt/test/normal/20307_02968.png,0,normal,test,test,20307,20307.png,"[59, 343, 218, 633]",1.0,kolektor_gt,kolektor_permukaan
C:/Arib/MASSA AYAM/chicken detection + constrative classification/data/crops_kolektor_gt/test/normal/20308_02969.png,0,normal,test,test,20308,20308.png,"[27, 573, 140, 620]",1.0,kolektor_gt,kolektor_permukaan
C:/Arib/MASSA AYAM/chicken detection + constrative classification/data/crops_kolektor_gt/test/normal/20309_02970.png,0,normal,test,test,20309,20309.png,"[48, 391, 98, 476]",1.0,kolektor_gt,kolektor_permukaan
C:/Arib/MASSA AYAM/chicken detection + constrative classification/data/crops_kolektor_gt/test/normal/20310_02971.png,0,normal,test,test,20310,20310.png,"[2, 200, 34, 224]",1.0,kolektor_gt,kolektor_permukaan
C:/Arib/MASSA AYAM/chicken detection + constrative classification/data/crops_kolektor_gt/test/normal/20311_02972.png,0,normal,test,test,20311,20311.png,"[49, 5, 110, 25]",1.0,kolektor_gt,kolektor_permukaan
C:/Arib/MASSA AYAM/chicken detection + constrative classification/data/crops_kolektor_gt/test/normal/20312_02973.png,0,normal,test,test,20312,20312.png,"[12, 466, 140, 622]",1.0,kolektor_gt,kolektor_permukaan
C:/Arib/MASSA AYAM/chicken detection + constrative classification/data/crops_kolektor_gt/test/normal/20313_02974.png,0,normal,test,test,20313,20313.png,"[128, 6, 149, 212]",1.0,kolektor_gt,kolektor_permukaan
C:/Arib/MASSA AYAM/chicken detection + constrative classification/data/crops_kolektor_gt/test/normal/20314_02975.png,0,normal,test,test,20314,20314.png,"[70, 490, 152, 598]",1.0,kolektor_gt,kolektor_permukaan
C:/Arib/MASSA AYAM/chicken detection + constrative classification/data/crops_kolektor_gt/test/normal/20315_02976.png,0,normal,test,test,20315,20315.png,"[90, 259, 222, 350]",1.0,kolektor_gt,kolektor_permukaan
C:/Arib/MASSA AYAM/chicken detection + constrative classification/data/crops_kolektor_gt/test/normal/20316_02977.png,0,normal,test,test,20316,20316.png,"[146, 31, 210, 96]",1.0,kolektor_gt,kolektor_permukaan
C:/Arib/MASSA AYAM/chicken detection + constrative classification/data/crops_kolektor_gt/test/normal/20317_02978.png,0,normal,test,test,20317,20317.png,"[60, 465, 187, 536]",1.0,kolektor_gt,kolektor_permukaan
C:/Arib/MASSA AYAM/chicken detection + constrative classification/data/crops_kolektor_gt/test/normal/20318_02979.png,0,normal,test,test,20318,20318.png,"[191, 558, 209, 607]",1.0,kolektor_gt,kolektor_permukaan
C:/Arib/MASSA AYAM/chicken detection + constrative classification/data/crops_kolektor_gt/test/normal/20319_02981.png,0,normal,test,test,20319,20319.png,"[26, 19, 94, 171]",1.0,kolektor_gt,kolektor_permukaan
C:/Arib/MASSA AYAM/chicken detection + constrative classification/data/crops_kolektor_gt/test/normal/20320_02982.png,0,normal,test,test,20320,20320.png,"[182, 156, 204, 209]",1.0,kolektor_gt,kolektor_permukaan
C:/Arib/MASSA AYAM/chicken detection + constrative classification/data/crops_kolektor_gt/test/normal/20321_02983.png,0,normal,test,test,20321,20321.png,"[111, 134, 231, 234]",1.0,kolektor_gt,kolektor_permukaan
C:/Arib/MASSA AYAM/chicken detection + constrative classification/data/crops_kolektor_gt/test/normal/20322_02984.png,0,normal,test,test,20322,20322.png,"[30, 57, 119, 95]",1.0,kolektor_gt,kolektor_permukaan
C:/Arib/MASSA AYAM/chicken detection + constrative classification/data/crops_kolektor_gt/test/normal/20323_02985.png,0,normal,test,test,20323,20323.png,"[15, 321, 76, 337]",1.0,kolektor_gt,kolektor_permukaan
C:/Arib/MASSA AYAM/chicken detection + constrative classification/data/crops_kolektor_gt/test/normal/20324_02986.png,0,normal,test,test,20324,20324.png,"[71, 198, 159, 233]",1.0,kolektor_gt,kolektor_permukaan
C:/Arib/MASSA AYAM/chicken detection + constrative classification/data/crops_kolektor_gt/test/normal/20325_02987.png,0,normal,test,test,20325,20325.png,"[4, 340, 59, 385]",1.0,kolektor_gt,kolektor_permukaan
C:/Arib/MASSA AYAM/chicken detection + constrative classification/data/crops_kolektor_gt/test/normal/20326_02988.png,0,normal,test,test,20326,20326.png,"[81, 173, 111, 199]",1.0,kolektor_gt,kolektor_permukaan
C:/Arib/MASSA AYAM/chicken detection + constrative classification/data/crops_kolektor_gt/test/normal/20327_02989.png,0,normal,test,test,20327,20327.png,"[93, 264, 157, 461]",1.0,kolektor_gt,kolektor_permukaan
C:/Arib/MASSA AYAM/chicken detection + constrative classification/data/crops_kolektor_gt/test/normal/20328_02990.png,0,normal,test,test,20328,20328.png,"[103, 426, 132, 443]",1.0,kolektor_gt,kolektor_permukaan
C:/Arib/MASSA AYAM/chicken detection + constrative classification/data/crops_kolektor_gt/test/normal/20329_02991.png,0,normal,test,test,20329,20329.png,"[15, 66, 44, 83]",1.0,kolektor_gt,kolektor_permukaan
C:/Arib/MASSA AYAM/chicken detection + constrative classification/data/crops_kolektor_gt/test/normal/20330_02992.png,0,normal,test,test,20330,20330.png,"[64, 75, 193, 211]",1.0,kolektor_gt,kolektor_permukaan
C:/Arib/MASSA AYAM/chicken detection + constrative classification/data/crops_kolektor_gt/test/normal/20331_02993.png,0,normal,test,test,20331,20331.png,"[44, 454, 127, 489]",1.0,kolektor_gt,kolektor_permukaan
C:/Arib/MASSA AYAM/chicken detection + constrative classification/data/crops_kolektor_gt/test/normal/20332_02994.png,0,normal,test,test,20332,20332.png,"[25, 419, 147, 541]",1.0,kolektor_gt,kolektor_permukaan
C:/Arib/MASSA AYAM/chicken detection + constrative classification/data/crops_kolektor_gt/test/normal/20333_02995.png,0,normal,test,test,20333,20333.png,"[0, 318, 32, 342]",1.0,kolektor_gt,kolektor_permukaan
C:/Arib/MASSA AYAM/chicken detection + constrative classification/data/crops_kolektor_gt/test/normal/20334_02997.png,0,normal,test,test,20334,20334.png,"[143, 359, 212, 390]",1.0,kolektor_gt,kolektor_permukaan
C:/Arib/MASSA AYAM/chicken detection + constrative classification/data/crops_kolektor_gt/test/normal/20335_02998.png,0,normal,test,test,20335,20335.png,"[145, 88, 216, 161]",1.0,kolektor_gt,kolektor_permukaan
C:/Arib/MASSA AYAM/chicken detection + constrative classification/data/crops_kolektor_gt/test/normal/20336_02999.png,0,normal,test,test,20336,20336.png,"[22, 119, 93, 192]",1.0,kolektor_gt,kolektor_permukaan
C:/Arib/MASSA AYAM/chicken detection + constrative classification/data/crops_kolektor_gt/test/normal/20337_03000.png,0,normal,test,test,20337,20337.png,"[46, 44, 221, 337]",1.0,kolektor_gt,kolektor_permukaan
C:/Arib/MASSA AYAM/chicken detection + constrative classification/data/crops_kolektor_gt/test/normal/20338_03001.png,0,normal,test,test,20338,20338.png,"[160, 10, 224, 207]",1.0,kolektor_gt,kolektor_permukaan
C:/Arib/MASSA AYAM/chicken detection + constrative classification/data/crops_kolektor_gt/test/normal/20339_03002.png,0,normal,test,test,20339,20339.png,"[1, 222, 167, 328]",1.0,kolektor_gt,kolektor_permukaan
C:/Arib/MASSA AYAM/chicken detection + constrative classification/data/crops_kolektor_gt/test/normal/20340_03003.png,0,normal,test,test,20340,20340.png,"[20, 252, 51, 270]",1.0,kolektor_gt,kolektor_permukaan
C:/Arib/MASSA AYAM/chicken detection + constrative classification/data/crops_kolektor_gt/test/normal/20341_03004.png,0,normal,test,test,20341,20341.png,"[48, 135, 117, 221]",1.0,kolektor_gt,kolektor_permukaan
C:/Arib/MASSA AYAM/chicken detection + constrative classification/data/crops_kolektor_gt/test/normal/20342_03005.png,0,normal,test,test,20342,20342.png,"[90, 146, 204, 277]",1.0,kolektor_gt,kolektor_permukaan
C:/Arib/MASSA AYAM/chicken detection + constrative classification/data/crops_kolektor_gt/test/normal/20343_03006.png,0,normal,test,test,20343,20343.png,"[72, 161, 181, 417]",1.0,kolektor_gt,kolektor_permukaan
C:/Arib/MASSA AYAM/chicken detection + constrative classification/data/crops_kolektor_gt/test/normal/20344_03007.png,0,normal,test,test,20344,20344.png,"[48, 279, 137, 317]",1.0,kolektor_gt,kolektor_permukaan
C:/Arib/MASSA AYAM/chicken detection + constrative classification/data/crops_kolektor_gt/test/normal/20345_03008.png,0,normal,test,test,20345,20345.png,"[37, 265, 157, 365]",1.0,kolektor_gt,kolektor_permukaan
C:/Arib/MASSA AYAM/chicken detection + constrative classification/data/crops_kolektor_gt/test/normal/20346_03009.png,0,normal,test,test,20346,20346.png,"[23, 501, 32, 531]",1.0,kolektor_gt,kolektor_permukaan
C:/Arib/MASSA AYAM/chicken detection + constrative classification/data/crops_kolektor_gt/test/normal/20347_03010.png,0,normal,test,test,20347,20347.png,"[44, 328, 203, 618]",1.0,kolektor_gt,kolektor_permukaan
C:/Arib/MASSA AYAM/chicken detection + constrative classification/data/crops_kolektor_gt/test/normal/20348_03011.png,0,normal,test,test,20348,20348.png,"[43, 37, 132, 75]",1.0,kolektor_gt,kolektor_permukaan
C:/Arib/MASSA AYAM/chicken detection + constrative classification/data/crops_kolektor_gt/test/normal/20349_03012.png,0,normal,test,test,20349,20349.png,"[98, 159, 151, 197]",1.0,kolektor_gt,kolektor_permukaan
C:/Arib/MASSA AYAM/chicken detection + constrative classification/data/crops_kolektor_gt/test/normal/20350_03013.png,0,normal,test,test,20350,20350.png,"[89, 444, 199, 532]",1.0,kolektor_gt,kolektor_permukaan
C:/Arib/MASSA AYAM/chicken detection + constrative classification/data/crops_kolektor_gt/test/normal/20351_03014.png,0,normal,test,test,20351,20351.png,"[73, 106, 141, 258]",1.0,kolektor_gt,kolektor_permukaan
C:/Arib/MASSA AYAM/chicken detection + constrative classification/data/crops_kolektor_gt/test/normal/20352_03015.png,0,normal,test,test,20352,20352.png,"[141, 275, 220, 334]",1.0,kolektor_gt,kolektor_permukaan
C:/Arib/MASSA AYAM/chicken detection + constrative classification/data/crops_kolektor_gt/test/normal/20353_03016.png,0,normal,test,test,20353,20353.png,"[13, 264, 199, 323]",1.0,kolektor_gt,kolektor_permukaan
C:/Arib/MASSA AYAM/chicken detection + constrative classification/data/crops_kolektor_gt/test/normal/20354_03017.png,0,normal,test,test,20354,20354.png,"[8, 118, 17, 148]",1.0,kolektor_gt,kolektor_permukaan
C:/Arib/MASSA AYAM/chicken detection + constrative classification/data/crops_kolektor_gt/test/normal/20355_03018.png,0,normal,test,test,20355,20355.png,"[23, 486, 136, 573]",1.0,kolektor_gt,kolektor_permukaan
C:/Arib/MASSA AYAM/chicken detection + constrative classification/data/crops_kolektor_gt/test/normal/20356_03019.png,0,normal,test,test,20356,20356.png,"[82, 190, 146, 387]",1.0,kolektor_gt,kolektor_permukaan
C:/Arib/MASSA AYAM/chicken detection + constrative classification/data/crops_kolektor_gt/test/normal/20357_03020.png,0,normal,test,test,20357,20357.png,"[150, 34, 234, 62]",1.0,kolektor_gt,kolektor_permukaan
C:/Arib/MASSA AYAM/chicken detection + constrative classification/data/crops_kolektor_gt/test/normal/20358_03021.png,0,normal,test,test,20358,20358.png,"[161, 367, 183, 412]",1.0,kolektor_gt,kolektor_permukaan
C:/Arib/MASSA AYAM/chicken detection + constrative classification/data/crops_kolektor_gt/test/normal/20359_03022.png,0,normal,test,test,20359,20359.png,"[40, 431, 82, 490]",1.0,kolektor_gt,kolektor_permukaan
C:/Arib/MASSA AYAM/chicken detection + constrative classification/data/crops_kolektor_gt/test/normal/20360_03023.png,0,normal,test,test,20360,20360.png,"[165, 102, 180, 151]",1.0,kolektor_gt,kolektor_permukaan
C:/Arib/MASSA AYAM/chicken detection + constrative classification/data/crops_kolektor_gt/test/normal/20361_03024.png,0,normal,test,test,20361,20361.png,"[78, 166, 145, 228]",1.0,kolektor_gt,kolektor_permukaan
C:/Arib/MASSA AYAM/chicken detection + constrative classification/data/crops_kolektor_gt/test/normal/20362_03025.png,0,normal,test,test,20362,20362.png,"[48, 11, 223, 304]",1.0,kolektor_gt,kolektor_permukaan
C:/Arib/MASSA AYAM/chicken detection + constrative classification/data/crops_kolektor_gt/test/normal/20363_03026.png,0,normal,test,test,20363,20363.png,"[116, 589, 138, 642]",1.0,kolektor_gt,kolektor_permukaan
C:/Arib/MASSA AYAM/chicken detection + constrative classification/data/crops_kolektor_gt/test/normal/20364_03027.png,0,normal,test,test,20364,20364.png,"[102, 484, 127, 544]",1.0,kolektor_gt,kolektor_permukaan
C:/Arib/MASSA AYAM/chicken detection + constrative classification/data/crops_kolektor_gt/test/normal/20365_03028.png,0,normal,test,test,20365,20365.png,"[185, 191, 206, 397]",1.0,kolektor_gt,kolektor_permukaan
C:/Arib/MASSA AYAM/chicken detection + constrative classification/data/crops_kolektor_gt/test/normal/20366_03029.png,0,normal,test,test,20366,20366.png,"[173, 410, 225, 481]",1.0,kolektor_gt,kolektor_permukaan
C:/Arib/MASSA AYAM/chicken detection + constrative classification/data/crops_kolektor_gt/test/normal/20367_03030.png,0,normal,test,test,20367,20367.png,"[29, 519, 156, 590]",1.0,kolektor_gt,kolektor_permukaan
C:/Arib/MASSA AYAM/chicken detection + constrative classification/data/crops_kolektor_gt/test/normal/20368_03031.png,0,normal,test,test,20368,20368.png,"[99, 275, 212, 322]",1.0,kolektor_gt,kolektor_permukaan
C:/Arib/MASSA AYAM/chicken detection + constrative classification/data/crops_kolektor_gt/test/normal/20369_03032.png,0,normal,test,test,20369,20369.png,"[151, 29, 187, 82]",1.0,kolektor_gt,kolektor_permukaan
C:/Arib/MASSA AYAM/chicken detection + constrative classification/data/crops_kolektor_gt/test/normal/20370_03033.png,0,normal,test,test,20370,20370.png,"[76, 536, 111, 567]",1.0,kolektor_gt,kolektor_permukaan
C:/Arib/MASSA AYAM/chicken detection + constrative classification/data/crops_kolektor_gt/test/normal/20371_03034.png,0,normal,test,test,20371,20371.png,"[192, 142, 216, 184]",1.0,kolektor_gt,kolektor_permukaan
C:/Arib/MASSA AYAM/chicken detection + constrative classification/data/crops_kolektor_gt/test/normal/20372_03035.png,0,normal,test,test,20372,20372.png,"[6, 46, 134, 202]",1.0,kolektor_gt,kolektor_permukaan
C:/Arib/MASSA AYAM/chicken detection + constrative classification/data/crops_kolektor_gt/test/normal/20373_03036.png,0,normal,test,test,20373,20373.png,"[9, 354, 195, 413]",1.0,kolektor_gt,kolektor_permukaan
C:/Arib/MASSA AYAM/chicken detection + constrative classification/data/crops_kolektor_gt/test/normal/20374_03037.png,0,normal,test,test,20374,20374.png,"[117, 0, 152, 31]",1.0,kolektor_gt,kolektor_permukaan
C:/Arib/MASSA AYAM/chicken detection + constrative classification/data/crops_kolektor_gt/test/normal/20375_03038.png,0,normal,test,test,20375,20375.png,"[22, 308, 182, 398]",1.0,kolektor_gt,kolektor_permukaan
C:/Arib/MASSA AYAM/chicken detection + constrative classification/data/crops_kolektor_gt/test/normal/20376_03039.png,0,normal,test,test,20376,20376.png,"[15, 104, 190, 397]",1.0,kolektor_gt,kolektor_permukaan
C:/Arib/MASSA AYAM/chicken detection + constrative classification/data/crops_kolektor_gt/test/normal/20377_03040.png,0,normal,test,test,20377,20377.png,"[62, 157, 91, 166]",1.0,kolektor_gt,kolektor_permukaan
C:/Arib/MASSA AYAM/chicken detection + constrative classification/data/crops_kolektor_gt/test/normal/20378_03042.png,0,normal,test,test,20378,20378.png,"[142, 383, 211, 469]",1.0,kolektor_gt,kolektor_permukaan
C:/Arib/MASSA AYAM/chicken detection + constrative classification/data/crops_kolektor_gt/test/normal/20379_03043.png,0,normal,test,test,20379,20379.png,"[88, 102, 113, 156]",1.0,kolektor_gt,kolektor_permukaan
C:/Arib/MASSA AYAM/chicken detection + constrative classification/data/crops_kolektor_gt/test/normal/20380_03044.png,0,normal,test,test,20380,20380.png,"[100, 217, 169, 303]",1.0,kolektor_gt,kolektor_permukaan
C:/Arib/MASSA AYAM/chicken detection + constrative classification/data/crops_kolektor_gt/test/normal/20381_03045.png,0,normal,test,test,20381,20381.png,"[96, 474, 125, 491]",1.0,kolektor_gt,kolektor_permukaan
C:/Arib/MASSA AYAM/chicken detection + constrative classification/data/crops_kolektor_gt/test/normal/20382_03046.png,0,normal,test,test,20382,20382.png,"[12, 198, 141, 334]",1.0,kolektor_gt,kolektor_permukaan
C:/Arib/MASSA AYAM/chicken detection + constrative classification/data/crops_kolektor_gt/test/normal/20383_03047.png,0,normal,test,test,20383,20383.png,"[17, 204, 146, 340]",1.0,kolektor_gt,kolektor_permukaan
C:/Arib/MASSA AYAM/chicken detection + constrative classification/data/crops_kolektor_gt/test/normal/20384_03048.png,0,normal,test,test,20384,20384.png,"[72, 434, 81, 476]",1.0,kolektor_gt,kolektor_permukaan
C:/Arib/MASSA AYAM/chicken detection + constrative classification/data/crops_kolektor_gt/test/normal/20385_03049.png,0,normal,test,test,20385,20385.png,"[18, 355, 75, 447]",1.0,kolektor_gt,kolektor_permukaan
C:/Arib/MASSA AYAM/chicken detection + constrative classification/data/crops_kolektor_gt/test/normal/20386_03050.png,0,normal,test,test,20386,20386.png,"[150, 27, 205, 72]",1.0,kolektor_gt,kolektor_permukaan
C:/Arib/MASSA AYAM/chicken detection + constrative classification/data/crops_kolektor_gt/test/normal/20387_03051.png,0,normal,test,test,20387,20387.png,"[22, 240, 144, 362]",1.0,kolektor_gt,kolektor_permukaan
C:/Arib/MASSA AYAM/chicken detection + constrative classification/data/crops_kolektor_gt/test/normal/20388_03052.png,0,normal,test,test,20388,20388.png,"[128, 1, 143, 50]",1.0,kolektor_gt,kolektor_permukaan
C:/Arib/MASSA AYAM/chicken detection + constrative classification/data/crops_kolektor_gt/test/normal/20389_03053.png,0,normal,test,test,20389,20389.png,"[101, 79, 179, 173]",1.0,kolektor_gt,kolektor_permukaan
C:/Arib/MASSA AYAM/chicken detection + constrative classification/data/crops_kolektor_gt/test/normal/20390_03054.png,0,normal,test,test,20390,20390.png,"[63, 96, 172, 352]",1.0,kolektor_gt,kolektor_permukaan
C:/Arib/MASSA AYAM/chicken detection + constrative classification/data/crops_kolektor_gt/test/normal/20391_03055.png,0,normal,test,test,20391,20391.png,"[55, 95, 182, 195]",1.0,kolektor_gt,kolektor_permukaan
C:/Arib/MASSA AYAM/chicken detection + constrative classification/data/crops_kolektor_gt/test/normal/20392_03057.png,0,normal,test,test,20392,20392.png,"[19, 291, 132, 338]",1.0,kolektor_gt,kolektor_permukaan
C:/Arib/MASSA AYAM/chicken detection + constrative classification/data/crops_kolektor_gt/test/normal/20393_03058.png,0,normal,test,test,20393,20393.png,"[123, 35, 183, 73]",1.0,kolektor_gt,kolektor_permukaan
C:/Arib/MASSA AYAM/chicken detection + constrative classification/data/crops_kolektor_gt/test/normal/20394_03059.png,0,normal,test,test,20394,20394.png,"[22, 167, 155, 295]",1.0,kolektor_gt,kolektor_permukaan
C:/Arib/MASSA AYAM/chicken detection + constrative classification/data/crops_kolektor_gt/test/normal/20395_03060.png,0,normal,test,test,20395,20395.png,"[27, 476, 86, 566]",1.0,kolektor_gt,kolektor_permukaan
C:/Arib/MASSA AYAM/chicken detection + constrative classification/data/crops_kolektor_gt/test/normal/20396_03061.png,0,normal,test,test,20396,20396.png,"[175, 103, 219, 147]",1.0,kolektor_gt,kolektor_permukaan
C:/Arib/MASSA AYAM/chicken detection + constrative classification/data/crops_kolektor_gt/test/normal/20397_03062.png,0,normal,test,test,20397,20397.png,"[3, 164, 39, 217]",1.0,kolektor_gt,kolektor_permukaan
C:/Arib/MASSA AYAM/chicken detection + constrative classification/data/crops_kolektor_gt/test/normal/20398_03063.png,0,normal,test,test,20398,20398.png,"[129, 393, 164, 431]",1.0,kolektor_gt,kolektor_permukaan
C:/Arib/MASSA AYAM/chicken detection + constrative classification/data/crops_kolektor_gt/test/normal/20399_03064.png,0,normal,test,test,20399,20399.png,"[124, 411, 166, 470]",1.0,kolektor_gt,kolektor_permukaan
C:/Arib/MASSA AYAM/chicken detection + constrative classification/data/crops_kolektor_gt/test/normal/20400_03065.png,0,normal,test,test,20400,20400.png,"[77, 435, 109, 476]",1.0,kolektor_gt,kolektor_permukaan
C:/Arib/MASSA AYAM/chicken detection + constrative classification/data/crops_kolektor_gt/test/normal/20401_03066.png,0,normal,test,test,20401,20401.png,"[29, 461, 125, 536]",1.0,kolektor_gt,kolektor_permukaan
C:/Arib/MASSA AYAM/chicken detection + constrative classification/data/crops_kolektor_gt/test/normal/20402_03067.png,0,normal,test,test,20402,20402.png,"[60, 343, 175, 442]",1.0,kolektor_gt,kolektor_permukaan
C:/Arib/MASSA AYAM/chicken detection + constrative classification/data/crops_kolektor_gt/test/normal/20403_03069.png,0,normal,test,test,20403,20403.png,"[136, 373, 166, 399]",1.0,kolektor_gt,kolektor_permukaan
C:/Arib/MASSA AYAM/chicken detection + constrative classification/data/crops_kolektor_gt/test/normal/20404_03070.png,0,normal,test,test,20404,20404.png,"[54, 392, 174, 492]",1.0,kolektor_gt,kolektor_permukaan
C:/Arib/MASSA AYAM/chicken detection + constrative classification/data/crops_kolektor_gt/test/normal/20405_03071.png,0,normal,test,test,20405,20405.png,"[38, 7, 121, 42]",1.0,kolektor_gt,kolektor_permukaan
C:/Arib/MASSA AYAM/chicken detection + constrative classification/data/crops_kolektor_gt/test/normal/20406_03072.png,0,normal,test,test,20406,20406.png,"[151, 264, 212, 280]",1.0,kolektor_gt,kolektor_permukaan
C:/Arib/MASSA AYAM/chicken detection + constrative classification/data/crops_kolektor_gt/test/normal/20407_03073.png,0,normal,test,test,20407,20407.png,"[58, 222, 228, 454]",1.0,kolektor_gt,kolektor_permukaan
C:/Arib/MASSA AYAM/chicken detection + constrative classification/data/crops_kolektor_gt/test/normal/20408_03074.png,0,normal,test,test,20408,20408.png,"[10, 124, 33, 147]",1.0,kolektor_gt,kolektor_permukaan
C:/Arib/MASSA AYAM/chicken detection + constrative classification/data/crops_kolektor_gt/test/normal/20409_03075.png,0,normal,test,test,20409,20409.png,"[93, 51, 124, 69]",1.0,kolektor_gt,kolektor_permukaan
C:/Arib/MASSA AYAM/chicken detection + constrative classification/data/crops_kolektor_gt/test/normal/20410_03076.png,0,normal,test,test,20410,20410.png,"[94, 258, 163, 344]",1.0,kolektor_gt,kolektor_permukaan
C:/Arib/MASSA AYAM/chicken detection + constrative classification/data/crops_kolektor_gt/test/normal/20411_03077.png,0,normal,test,test,20411,20411.png,"[75, 24, 135, 62]",1.0,kolektor_gt,kolektor_permukaan
C:/Arib/MASSA AYAM/chicken detection + constrative classification/data/crops_kolektor_gt/test/normal/20412_03078.png,0,normal,test,test,20412,20412.png,"[37, 365, 157, 465]",1.0,kolektor_gt,kolektor_permukaan
C:/Arib/MASSA AYAM/chicken detection + constrative classification/data/crops_kolektor_gt/test/normal/20413_03079.png,0,normal,test,test,20413,20413.png,"[83, 304, 100, 319]",1.0,kolektor_gt,kolektor_permukaan
C:/Arib/MASSA AYAM/chicken detection + constrative classification/data/crops_kolektor_gt/test/normal/20414_03080.png,0,normal,test,test,20414,20414.png,"[28, 365, 99, 493]",1.0,kolektor_gt,kolektor_permukaan
C:/Arib/MASSA AYAM/chicken detection + constrative classification/data/crops_kolektor_gt/test/normal/20415_03081.png,0,normal,test,test,20415,20415.png,"[101, 254, 158, 346]",1.0,kolektor_gt,kolektor_permukaan
C:/Arib/MASSA AYAM/chicken detection + constrative classification/data/crops_kolektor_gt/test/normal/20416_03083.png,0,normal,test,test,20416,20416.png,"[37, 505, 113, 522]",1.0,kolektor_gt,kolektor_permukaan
C:/Arib/MASSA AYAM/chicken detection + constrative classification/data/crops_kolektor_gt/test/normal/20417_03084.png,0,normal,test,test,20417,20417.png,"[88, 469, 157, 500]",1.0,kolektor_gt,kolektor_permukaan
C:/Arib/MASSA AYAM/chicken detection + constrative classification/data/crops_kolektor_gt/test/normal/20418_03085.png,0,normal,test,test,20418,20418.png,"[187, 536, 211, 584]",1.0,kolektor_gt,kolektor_permukaan
C:/Arib/MASSA AYAM/chicken detection + constrative classification/data/crops_kolektor_gt/test/normal/20419_03086.png,0,normal,test,test,20419,20419.png,"[19, 334, 106, 389]",1.0,kolektor_gt,kolektor_permukaan
C:/Arib/MASSA AYAM/chicken detection + constrative classification/data/crops_kolektor_gt/test/normal/20420_03087.png,0,normal,test,test,20420,20420.png,"[155, 103, 231, 162]",1.0,kolektor_gt,kolektor_permukaan
C:/Arib/MASSA AYAM/chicken detection + constrative classification/data/crops_kolektor_gt/test/normal/20421_03088.png,0,normal,test,test,20421,20421.png,"[20, 345, 49, 354]",1.0,kolektor_gt,kolektor_permukaan
C:/Arib/MASSA AYAM/chicken detection + constrative classification/data/crops_kolektor_gt/test/normal/20422_03089.png,0,normal,test,test,20422,20422.png,"[77, 432, 109, 456]",1.0,kolektor_gt,kolektor_permukaan
C:/Arib/MASSA AYAM/chicken detection + constrative classification/data/crops_kolektor_gt/test/normal/20423_03090.png,0,normal,test,test,20423,20423.png,"[47, 131, 222, 424]",1.0,kolektor_gt,kolektor_permukaan
C:/Arib/MASSA AYAM/chicken detection + constrative classification/data/crops_kolektor_gt/test/normal/20424_03091.png,0,normal,test,test,20424,20424.png,"[20, 443, 52, 467]",1.0,kolektor_gt,kolektor_permukaan
C:/Arib/MASSA AYAM/chicken detection + constrative classification/data/crops_kolektor_gt/test/normal/20425_03092.png,0,normal,test,test,20425,20425.png,"[49, 267, 101, 342]",1.0,kolektor_gt,kolektor_permukaan
C:/Arib/MASSA AYAM/chicken detection + constrative classification/data/crops_kolektor_gt/test/normal/20426_03094.png,0,normal,test,test,20426,20426.png,"[78, 526, 205, 626]",1.0,kolektor_gt,kolektor_permukaan
C:/Arib/MASSA AYAM/chicken detection + constrative classification/data/crops_kolektor_gt/test/normal/20427_03095.png,0,normal,test,test,20427,20427.png,"[62, 50, 114, 125]",1.0,kolektor_gt,kolektor_permukaan
C:/Arib/MASSA AYAM/chicken detection + constrative classification/data/crops_kolektor_gt/test/normal/20428_03097.png,0,normal,test,test,20428,20428.png,"[146, 484, 173, 554]",1.0,kolektor_gt,kolektor_permukaan
C:/Arib/MASSA AYAM/chicken detection + constrative classification/data/crops_kolektor_gt/test/normal/20429_03098.png,0,normal,test,test,20429,20429.png,"[70, 190, 142, 270]",1.0,kolektor_gt,kolektor_permukaan
C:/Arib/MASSA AYAM/chicken detection + constrative classification/data/crops_kolektor_gt/test/normal/20430_03099.png,0,normal,test,test,20430,20430.png,"[11, 408, 40, 425]",1.0,kolektor_gt,kolektor_permukaan
C:/Arib/MASSA AYAM/chicken detection + constrative classification/data/crops_kolektor_gt/test/normal/20431_03100.png,0,normal,test,test,20431,20431.png,"[72, 279, 132, 317]",1.0,kolektor_gt,kolektor_permukaan
C:/Arib/MASSA AYAM/chicken detection + constrative classification/data/crops_kolektor_gt/test/normal/20432_03101.png,0,normal,test,test,20432,20432.png,"[2, 424, 112, 512]",1.0,kolektor_gt,kolektor_permukaan
C:/Arib/MASSA AYAM/chicken detection + constrative classification/data/crops_kolektor_gt/test/normal/20433_03102.png,0,normal,test,test,20433,20433.png,"[68, 473, 137, 504]",1.0,kolektor_gt,kolektor_permukaan
C:/Arib/MASSA AYAM/chicken detection + constrative classification/data/crops_kolektor_gt/test/normal/20434_03104.png,0,normal,test,test,20434,20434.png,"[81, 99, 152, 227]",1.0,kolektor_gt,kolektor_permukaan
C:/Arib/MASSA AYAM/chicken detection + constrative classification/data/crops_kolektor_gt/test/normal/20435_03105.png,0,normal,test,test,20435,20435.png,"[181, 332, 227, 406]",1.0,kolektor_gt,kolektor_permukaan
C:/Arib/MASSA AYAM/chicken detection + constrative classification/data/crops_kolektor_gt/test/normal/20436_03106.png,0,normal,test,test,20436,20436.png,"[73, 471, 95, 524]",1.0,kolektor_gt,kolektor_permukaan
C:/Arib/MASSA AYAM/chicken detection + constrative classification/data/crops_kolektor_gt/test/normal/20437_03107.png,0,normal,test,test,20437,20437.png,"[84, 554, 180, 629]",1.0,kolektor_gt,kolektor_permukaan
C:/Arib/MASSA AYAM/chicken detection + constrative classification/data/crops_kolektor_gt/test/normal/20438_03108.png,0,normal,test,test,20438,20438.png,"[3, 351, 45, 426]",1.0,kolektor_gt,kolektor_permukaan
C:/Arib/MASSA AYAM/chicken detection + constrative classification/data/crops_kolektor_gt/test/normal/20439_03110.png,0,normal,test,test,20439,20439.png,"[81, 354, 96, 403]",1.0,kolektor_gt,kolektor_permukaan
C:/Arib/MASSA AYAM/chicken detection + constrative classification/data/crops_kolektor_gt/test/normal/20440_03111.png,0,normal,test,test,20440,20440.png,"[118, 510, 163, 574]",1.0,kolektor_gt,kolektor_permukaan
C:/Arib/MASSA AYAM/chicken detection + constrative classification/data/crops_kolektor_gt/test/normal/20441_03112.png,0,normal,test,test,20441,20441.png,"[21, 399, 153, 490]",1.0,kolektor_gt,kolektor_permukaan
C:/Arib/MASSA AYAM/chicken detection + constrative classification/data/crops_kolektor_gt/test/normal/20442_03113.png,0,normal,test,test,20442,20442.png,"[20, 498, 102, 606]",1.0,kolektor_gt,kolektor_permukaan
C:/Arib/MASSA AYAM/chicken detection + constrative classification/data/crops_kolektor_gt/test/normal/20443_03114.png,0,normal,test,test,20443,20443.png,"[21, 212, 65, 256]",1.0,kolektor_gt,kolektor_permukaan
C:/Arib/MASSA AYAM/chicken detection + constrative classification/data/crops_kolektor_gt/test/normal/20444_03115.png,0,normal,test,test,20444,20444.png,"[94, 311, 155, 331]",1.0,kolektor_gt,kolektor_permukaan
C:/Arib/MASSA AYAM/chicken detection + constrative classification/data/crops_kolektor_gt/test/normal/20445_03116.png,0,normal,test,test,20445,20445.png,"[1, 345, 232, 560]",1.0,kolektor_gt,kolektor_permukaan
C:/Arib/MASSA AYAM/chicken detection + constrative classification/data/crops_kolektor_gt/test/normal/20446_03117.png,0,normal,test,test,20446,20446.png,"[159, 170, 204, 234]",1.0,kolektor_gt,kolektor_permukaan
C:/Arib/MASSA AYAM/chicken detection + constrative classification/data/crops_kolektor_gt/test/normal/20447_03118.png,0,normal,test,test,20447,20447.png,"[110, 425, 134, 467]",1.0,kolektor_gt,kolektor_permukaan
C:/Arib/MASSA AYAM/chicken detection + constrative classification/data/crops_kolektor_gt/test/normal/20448_03119.png,0,normal,test,test,20448,20448.png,"[72, 569, 118, 643]",1.0,kolektor_gt,kolektor_permukaan
C:/Arib/MASSA AYAM/chicken detection + constrative classification/data/crops_kolektor_gt/test/normal/20449_03120.png,0,normal,test,test,20449,20449.png,"[96, 550, 141, 596]",1.0,kolektor_gt,kolektor_permukaan
C:/Arib/MASSA AYAM/chicken detection + constrative classification/data/crops_kolektor_gt/test/normal/20450_03121.png,0,normal,test,test,20450,20450.png,"[15, 99, 137, 221]",1.0,kolektor_gt,kolektor_permukaan
C:/Arib/MASSA AYAM/chicken detection + constrative classification/data/crops_kolektor_gt/test/normal/20451_03122.png,0,normal,test,test,20451,20451.png,"[28, 584, 37, 597]",1.0,kolektor_gt,kolektor_permukaan
C:/Arib/MASSA AYAM/chicken detection + constrative classification/data/crops_kolektor_gt/test/normal/20452_03124.png,0,normal,test,test,20452,20452.png,"[45, 162, 79, 201]",1.0,kolektor_gt,kolektor_permukaan
C:/Arib/MASSA AYAM/chicken detection + constrative classification/data/crops_kolektor_gt/test/normal/20453_03125.png,0,normal,test,test,20453,20453.png,"[102, 563, 157, 608]",1.0,kolektor_gt,kolektor_permukaan
C:/Arib/MASSA AYAM/chicken detection + constrative classification/data/crops_kolektor_gt/test/normal/20454_03126.png,0,normal,test,test,20454,20454.png,"[55, 428, 133, 522]",1.0,kolektor_gt,kolektor_permukaan
C:/Arib/MASSA AYAM/chicken detection + constrative classification/data/crops_kolektor_gt/test/normal/20455_03127.png,0,normal,test,test,20455,20455.png,"[81, 371, 150, 402]",1.0,kolektor_gt,kolektor_permukaan
C:/Arib/MASSA AYAM/chicken detection + constrative classification/data/crops_kolektor_gt/test/normal/20456_03128.png,0,normal,test,test,20456,20456.png,"[175, 325, 204, 342]",1.0,kolektor_gt,kolektor_permukaan
C:/Arib/MASSA AYAM/chicken detection + constrative classification/data/crops_kolektor_gt/test/normal/20457_03130.png,0,normal,test,test,20457,20457.png,"[137, 545, 216, 604]",1.0,kolektor_gt,kolektor_permukaan
C:/Arib/MASSA AYAM/chicken detection + constrative classification/data/crops_kolektor_gt/test/normal/20458_03131.png,0,normal,test,test,20458,20458.png,"[103, 506, 171, 577]",1.0,kolektor_gt,kolektor_permukaan
C:/Arib/MASSA AYAM/chicken detection + constrative classification/data/crops_kolektor_gt/test/normal/20459_03132.png,0,normal,test,test,20459,20459.png,"[115, 160, 138, 183]",1.0,kolektor_gt,kolektor_permukaan
C:/Arib/MASSA AYAM/chicken detection + constrative classification/data/crops_kolektor_gt/test/normal/20460_03133.png,0,normal,test,test,20460,20460.png,"[51, 295, 171, 395]",1.0,kolektor_gt,kolektor_permukaan
C:/Arib/MASSA AYAM/chicken detection + constrative classification/data/crops_kolektor_gt/test/normal/20461_03134.png,0,normal,test,test,20461,20461.png,"[85, 475, 174, 513]",1.0,kolektor_gt,kolektor_permukaan
C:/Arib/MASSA AYAM/chicken detection + constrative classification/data/crops_kolektor_gt/test/normal/20462_03135.png,0,normal,test,test,20462,20462.png,"[25, 392, 94, 478]",1.0,kolektor_gt,kolektor_permukaan
C:/Arib/MASSA AYAM/chicken detection + constrative classification/data/crops_kolektor_gt/test/normal/20463_03136.png,0,normal,test,test,20463,20463.png,"[53, 210, 186, 338]",1.0,kolektor_gt,kolektor_permukaan
C:/Arib/MASSA AYAM/chicken detection + constrative classification/data/crops_kolektor_gt/test/normal/20464_03137.png,0,normal,test,test,20464,20464.png,"[28, 141, 175, 184]",1.0,kolektor_gt,kolektor_permukaan
C:/Arib/MASSA AYAM/chicken detection + constrative classification/data/crops_kolektor_gt/test/normal/20465_03139.png,0,normal,test,test,20465,20465.png,"[104, 23, 187, 58]",1.0,kolektor_gt,kolektor_permukaan
C:/Arib/MASSA AYAM/chicken detection + constrative classification/data/crops_kolektor_gt/test/normal/20466_03140.png,0,normal,test,test,20466,20466.png,"[42, 582, 66, 630]",1.0,kolektor_gt,kolektor_permukaan
C:/Arib/MASSA AYAM/chicken detection + constrative classification/data/crops_kolektor_gt/test/normal/20467_03141.png,0,normal,test,test,20467,20467.png,"[23, 379, 92, 465]",1.0,kolektor_gt,kolektor_permukaan
C:/Arib/MASSA AYAM/chicken detection + constrative classification/data/crops_kolektor_gt/test/normal/20468_03142.png,0,normal,test,test,20468,20468.png,"[99, 197, 170, 325]",1.0,kolektor_gt,kolektor_permukaan
C:/Arib/MASSA AYAM/chicken detection + constrative classification/data/crops_kolektor_gt/test/normal/20469_03143.png,0,normal,test,test,20469,20469.png,"[117, 377, 142, 431]",1.0,kolektor_gt,kolektor_permukaan
C:/Arib/MASSA AYAM/chicken detection + constrative classification/data/crops_kolektor_gt/test/normal/20470_03144.png,0,normal,test,test,20470,20470.png,"[44, 483, 89, 529]",1.0,kolektor_gt,kolektor_permukaan
C:/Arib/MASSA AYAM/chicken detection + constrative classification/data/crops_kolektor_gt/test/normal/20471_03145.png,0,normal,test,test,20471,20471.png,"[51, 330, 101, 415]",1.0,kolektor_gt,kolektor_permukaan
C:/Arib/MASSA AYAM/chicken detection + constrative classification/data/crops_kolektor_gt/test/normal/20472_03146.png,0,normal,test,test,20472,20472.png,"[7, 105, 69, 246]",1.0,kolektor_gt,kolektor_permukaan
C:/Arib/MASSA AYAM/chicken detection + constrative classification/data/crops_kolektor_gt/test/normal/20473_03147.png,0,normal,test,test,20473,20473.png,"[62, 617, 93, 635]",1.0,kolektor_gt,kolektor_permukaan
C:/Arib/MASSA AYAM/chicken detection + constrative classification/data/crops_kolektor_gt/test/normal/20474_03148.png,0,normal,test,test,20474,20474.png,"[45, 472, 90, 518]",1.0,kolektor_gt,kolektor_permukaan
C:/Arib/MASSA AYAM/chicken detection + constrative classification/data/crops_kolektor_gt/test/normal/20475_03149.png,0,normal,test,test,20475,20475.png,"[154, 339, 188, 452]",1.0,kolektor_gt,kolektor_permukaan
C:/Arib/MASSA AYAM/chicken detection + constrative classification/data/crops_kolektor_gt/test/normal/20476_03150.png,0,normal,test,test,20476,20476.png,"[40, 250, 88, 310]",1.0,kolektor_gt,kolektor_permukaan
C:/Arib/MASSA AYAM/chicken detection + constrative classification/data/crops_kolektor_gt/test/normal/20477_03151.png,0,normal,test,test,20477,20477.png,"[1, 383, 63, 524]",1.0,kolektor_gt,kolektor_permukaan
C:/Arib/MASSA AYAM/chicken detection + constrative classification/data/crops_kolektor_gt/test/normal/20478_03152.png,0,normal,test,test,20478,20478.png,"[104, 532, 164, 570]",1.0,kolektor_gt,kolektor_permukaan
C:/Arib/MASSA AYAM/chicken detection + constrative classification/data/crops_kolektor_gt/test/normal/20479_03153.png,0,normal,test,test,20479,20479.png,"[98, 72, 160, 103]",1.0,kolektor_gt,kolektor_permukaan
C:/Arib/MASSA AYAM/chicken detection + constrative classification/data/crops_kolektor_gt/test/normal/20480_03154.png,0,normal,test,test,20480,20480.png,"[226, 550, 235, 580]",1.0,kolektor_gt,kolektor_permukaan
C:/Arib/MASSA AYAM/chicken detection + constrative classification/data/crops_kolektor_gt/test/normal/20481_03155.png,0,normal,test,test,20481,20481.png,"[77, 546, 192, 645]",1.0,kolektor_gt,kolektor_permukaan
C:/Arib/MASSA AYAM/chicken detection + constrative classification/data/crops_kolektor_gt/test/normal/20482_03156.png,0,normal,test,test,20482,20482.png,"[123, 61, 165, 79]",1.0,kolektor_gt,kolektor_permukaan
C:/Arib/MASSA AYAM/chicken detection + constrative classification/data/crops_kolektor_gt/test/normal/20483_03157.png,0,normal,test,test,20483,20483.png,"[10, 372, 83, 421]",1.0,kolektor_gt,kolektor_permukaan
C:/Arib/MASSA AYAM/chicken detection + constrative classification/data/crops_kolektor_gt/test/normal/20484_03158.png,0,normal,test,test,20484,20484.png,"[65, 450, 192, 521]",1.0,kolektor_gt,kolektor_permukaan
C:/Arib/MASSA AYAM/chicken detection + constrative classification/data/crops_kolektor_gt/test/normal/20485_03159.png,0,normal,test,test,20485,20485.png,"[26, 149, 47, 242]",1.0,kolektor_gt,kolektor_permukaan
C:/Arib/MASSA AYAM/chicken detection + constrative classification/data/crops_kolektor_gt/test/normal/20486_03161.png,0,normal,test,test,20486,20486.png,"[67, 593, 97, 619]",1.0,kolektor_gt,kolektor_permukaan
C:/Arib/MASSA AYAM/chicken detection + constrative classification/data/crops_kolektor_gt/test/normal/20487_03163.png,0,normal,test,test,20487,20487.png,"[28, 173, 106, 267]",1.0,kolektor_gt,kolektor_permukaan
C:/Arib/MASSA AYAM/chicken detection + constrative classification/data/crops_kolektor_gt/test/normal/20488_03164.png,0,normal,test,test,20488,20488.png,"[86, 145, 170, 173]",1.0,kolektor_gt,kolektor_permukaan
C:/Arib/MASSA AYAM/chicken detection + constrative classification/data/crops_kolektor_gt/test/normal/20489_03165.png,0,normal,test,test,20489,20489.png,"[123, 215, 175, 290]",1.0,kolektor_gt,kolektor_permukaan
C:/Arib/MASSA AYAM/chicken detection + constrative classification/data/crops_kolektor_gt/test/normal/20490_03166.png,0,normal,test,test,20490,20490.png,"[82, 355, 210, 511]",1.0,kolektor_gt,kolektor_permukaan
C:/Arib/MASSA AYAM/chicken detection + constrative classification/data/crops_kolektor_gt/test/normal/20491_03167.png,0,normal,test,test,20491,20491.png,"[31, 250, 212, 342]",1.0,kolektor_gt,kolektor_permukaan
C:/Arib/MASSA AYAM/chicken detection + constrative classification/data/crops_kolektor_gt/test/normal/20492_03168.png,0,normal,test,test,20492,20492.png,"[75, 455, 90, 504]",1.0,kolektor_gt,kolektor_permukaan
C:/Arib/MASSA AYAM/chicken detection + constrative classification/data/crops_kolektor_gt/test/normal/20493_03169.png,0,normal,test,test,20493,20493.png,"[179, 264, 196, 279]",1.0,kolektor_gt,kolektor_permukaan
C:/Arib/MASSA AYAM/chicken detection + constrative classification/data/crops_kolektor_gt/test/normal/20494_03170.png,0,normal,test,test,20494,20494.png,"[9, 143, 80, 271]",1.0,kolektor_gt,kolektor_permukaan
C:/Arib/MASSA AYAM/chicken detection + constrative classification/data/crops_kolektor_gt/test/normal/20495_03171.png,0,normal,test,test,20495,20495.png,"[6, 226, 29, 249]",1.0,kolektor_gt,kolektor_permukaan
C:/Arib/MASSA AYAM/chicken detection + constrative classification/data/crops_kolektor_gt/test/normal/20496_03172.png,0,normal,test,test,20496,20496.png,"[92, 298, 116, 340]",1.0,kolektor_gt,kolektor_permukaan
C:/Arib/MASSA AYAM/chicken detection + constrative classification/data/crops_kolektor_gt/test/normal/20497_03173.png,0,normal,test,test,20497,20497.png,"[20, 312, 179, 420]",1.0,kolektor_gt,kolektor_permukaan
C:/Arib/MASSA AYAM/chicken detection + constrative classification/data/crops_kolektor_gt/test/normal/20498_03174.png,0,normal,test,test,20498,20498.png,"[172, 301, 214, 319]",1.0,kolektor_gt,kolektor_permukaan
C:/Arib/MASSA AYAM/chicken detection + constrative classification/data/crops_kolektor_gt/test/normal/20499_03175.png,0,normal,test,test,20499,20499.png,"[32, 75, 100, 227]",1.0,kolektor_gt,kolektor_permukaan
C:/Arib/MASSA AYAM/chicken detection + constrative classification/data/crops_kolektor_gt/test/normal/20500_03176.png,0,normal,test,test,20500,20500.png,"[98, 263, 166, 334]",1.0,kolektor_gt,kolektor_permukaan
C:/Arib/MASSA AYAM/chicken detection + constrative classification/data/crops_kolektor_gt/test/normal/20501_03177.png,0,normal,test,test,20501,20501.png,"[27, 310, 174, 353]",1.0,kolektor_gt,kolektor_permukaan
C:/Arib/MASSA AYAM/chicken detection + constrative classification/data/crops_kolektor_gt/test/normal/20502_03179.png,0,normal,test,test,20502,20502.png,"[149, 12, 225, 71]",1.0,kolektor_gt,kolektor_permukaan
C:/Arib/MASSA AYAM/chicken detection + constrative classification/data/crops_kolektor_gt/test/normal/20503_03180.png,0,normal,test,test,20503,20503.png,"[130, 529, 159, 538]",1.0,kolektor_gt,kolektor_permukaan
C:/Arib/MASSA AYAM/chicken detection + constrative classification/data/crops_kolektor_gt/test/normal/20504_03181.png,0,normal,test,test,20504,20504.png,"[21, 352, 190, 454]",1.0,kolektor_gt,kolektor_permukaan
C:/Arib/MASSA AYAM/chicken detection + constrative classification/data/crops_kolektor_gt/test/normal/20505_03182.png,0,normal,test,test,20505,20505.png,"[128, 160, 192, 357]",1.0,kolektor_gt,kolektor_permukaan
C:/Arib/MASSA AYAM/chicken detection + constrative classification/data/crops_kolektor_gt/test/normal/20506_03183.png,0,normal,test,test,20506,20506.png,"[62, 331, 176, 462]",1.0,kolektor_gt,kolektor_permukaan
C:/Arib/MASSA AYAM/chicken detection + constrative classification/data/crops_kolektor_gt/test/normal/20507_03184.png,0,normal,test,test,20507,20507.png,"[123, 179, 184, 199]",1.0,kolektor_gt,kolektor_permukaan
C:/Arib/MASSA AYAM/chicken detection + constrative classification/data/crops_kolektor_gt/test/normal/20508_03185.png,0,normal,test,test,20508,20508.png,"[1, 342, 115, 473]",1.0,kolektor_gt,kolektor_permukaan
C:/Arib/MASSA AYAM/chicken detection + constrative classification/data/crops_kolektor_gt/test/normal/20509_03186.png,0,normal,test,test,20509,20509.png,"[57, 316, 72, 365]",1.0,kolektor_gt,kolektor_permukaan
C:/Arib/MASSA AYAM/chicken detection + constrative classification/data/crops_kolektor_gt/test/normal/20510_03187.png,0,normal,test,test,20510,20510.png,"[71, 122, 116, 186]",1.0,kolektor_gt,kolektor_permukaan
C:/Arib/MASSA AYAM/chicken detection + constrative classification/data/crops_kolektor_gt/test/normal/20511_03188.png,0,normal,test,test,20511,20511.png,"[127, 470, 194, 532]",1.0,kolektor_gt,kolektor_permukaan
C:/Arib/MASSA AYAM/chicken detection + constrative classification/data/crops_kolektor_gt/test/normal/20512_03189.png,0,normal,test,test,20512,20512.png,"[3, 536, 99, 611]",1.0,kolektor_gt,kolektor_permukaan
C:/Arib/MASSA AYAM/chicken detection + constrative classification/data/crops_kolektor_gt/test/normal/20513_03190.png,0,normal,test,test,20513,20513.png,"[51, 372, 106, 417]",1.0,kolektor_gt,kolektor_permukaan
C:/Arib/MASSA AYAM/chicken detection + constrative classification/data/crops_kolektor_gt/test/normal/20514_03191.png,0,normal,test,test,20514,20514.png,"[160, 101, 196, 154]",1.0,kolektor_gt,kolektor_permukaan
C:/Arib/MASSA AYAM/chicken detection + constrative classification/data/crops_kolektor_gt/test/normal/20515_03192.png,0,normal,test,test,20515,20515.png,"[17, 277, 96, 336]",1.0,kolektor_gt,kolektor_permukaan
C:/Arib/MASSA AYAM/chicken detection + constrative classification/data/crops_kolektor_gt/test/normal/20516_03193.png,0,normal,test,test,20516,20516.png,"[137, 81, 194, 173]",1.0,kolektor_gt,kolektor_permukaan
C:/Arib/MASSA AYAM/chicken detection + constrative classification/data/crops_kolektor_gt/test/normal/20517_03195.png,0,normal,test,test,20517,20517.png,"[14, 457, 46, 500]",1.0,kolektor_gt,kolektor_permukaan
C:/Arib/MASSA AYAM/chicken detection + constrative classification/data/crops_kolektor_gt/test/normal/20518_03196.png,0,normal,test,test,20518,20518.png,"[62, 262, 86, 310]",1.0,kolektor_gt,kolektor_permukaan
C:/Arib/MASSA AYAM/chicken detection + constrative classification/data/crops_kolektor_gt/test/normal/20519_03197.png,0,normal,test,test,20519,20519.png,"[44, 333, 219, 626]",1.0,kolektor_gt,kolektor_permukaan
C:/Arib/MASSA AYAM/chicken detection + constrative classification/data/crops_kolektor_gt/test/normal/20520_03198.png,0,normal,test,test,20520,20520.png,"[176, 467, 192, 499]",1.0,kolektor_gt,kolektor_permukaan
C:/Arib/MASSA AYAM/chicken detection + constrative classification/data/crops_kolektor_gt/test/normal/20521_03199.png,0,normal,test,test,20521,20521.png,"[34, 284, 156, 406]",1.0,kolektor_gt,kolektor_permukaan
C:/Arib/MASSA AYAM/chicken detection + constrative classification/data/crops_kolektor_gt/test/normal/20522_03200.png,0,normal,test,test,20522,20522.png,"[93, 65, 201, 124]",1.0,kolektor_gt,kolektor_permukaan
C:/Arib/MASSA AYAM/chicken detection + constrative classification/data/crops_kolektor_gt/test/normal/20523_03202.png,0,normal,test,test,20523,20523.png,"[8, 535, 189, 627]",1.0,kolektor_gt,kolektor_permukaan
C:/Arib/MASSA AYAM/chicken detection + constrative classification/data/crops_kolektor_gt/test/normal/20524_03203.png,0,normal,test,test,20524,20524.png,"[29, 249, 139, 337]",1.0,kolektor_gt,kolektor_permukaan
C:/Arib/MASSA AYAM/chicken detection + constrative classification/data/crops_kolektor_gt/test/normal/20525_03204.png,0,normal,test,test,20525,20525.png,"[122, 475, 175, 513]",1.0,kolektor_gt,kolektor_permukaan
C:/Arib/MASSA AYAM/chicken detection + constrative classification/data/crops_kolektor_gt/test/normal/20526_03205.png,0,normal,test,test,20526,20526.png,"[13, 326, 47, 417]",1.0,kolektor_gt,kolektor_permukaan
C:/Arib/MASSA AYAM/chicken detection + constrative classification/data/crops_kolektor_gt/test/normal/20527_03206.png,0,normal,test,test,20527,20527.png,"[25, 489, 183, 582]",1.0,kolektor_gt,kolektor_permukaan
C:/Arib/MASSA AYAM/chicken detection + constrative classification/data/crops_kolektor_gt/test/normal/20528_03207.png,0,normal,test,test,20528,20528.png,"[121, 202, 204, 237]",1.0,kolektor_gt,kolektor_permukaan
C:/Arib/MASSA AYAM/chicken detection + constrative classification/data/crops_kolektor_gt/test/normal/20529_03208.png,0,normal,test,test,20529,20529.png,"[55, 306, 119, 503]",1.0,kolektor_gt,kolektor_permukaan
C:/Arib/MASSA AYAM/chicken detection + constrative classification/data/crops_kolektor_gt/test/normal/20530_03209.png,0,normal,test,test,20530,20530.png,"[2, 595, 26, 637]",1.0,kolektor_gt,kolektor_permukaan
C:/Arib/MASSA AYAM/chicken detection + constrative classification/data/crops_kolektor_gt/test/normal/20531_03210.png,0,normal,test,test,20531,20531.png,"[7, 453, 188, 545]",1.0,kolektor_gt,kolektor_permukaan
C:/Arib/MASSA AYAM/chicken detection + constrative classification/data/crops_kolektor_gt/test/normal/20532_03211.png,0,normal,test,test,20532,20532.png,"[75, 467, 183, 526]",1.0,kolektor_gt,kolektor_permukaan
C:/Arib/MASSA AYAM/chicken detection + constrative classification/data/crops_kolektor_gt/test/normal/20533_03212.png,0,normal,test,test,20533,20533.png,"[193, 208, 214, 414]",1.0,kolektor_gt,kolektor_permukaan
C:/Arib/MASSA AYAM/chicken detection + constrative classification/data/crops_kolektor_gt/test/normal/20534_03213.png,0,normal,test,test,20534,20534.png,"[161, 180, 191, 269]",1.0,kolektor_gt,kolektor_permukaan
C:/Arib/MASSA AYAM/chicken detection + constrative classification/data/crops_kolektor_gt/test/normal/20535_03215.png,0,normal,test,test,20535,20535.png,"[72, 306, 146, 395]",1.0,kolektor_gt,kolektor_permukaan
C:/Arib/MASSA AYAM/chicken detection + constrative classification/data/crops_kolektor_gt/test/normal/20536_03216.png,0,normal,test,test,20536,20536.png,"[63, 349, 120, 441]",1.0,kolektor_gt,kolektor_permukaan
C:/Arib/MASSA AYAM/chicken detection + constrative classification/data/crops_kolektor_gt/test/normal/20537_03217.png,0,normal,test,test,20537,20537.png,"[128, 316, 170, 391]",1.0,kolektor_gt,kolektor_permukaan
C:/Arib/MASSA AYAM/chicken detection + constrative classification/data/crops_kolektor_gt/test/normal/20538_03218.png,0,normal,test,test,20538,20538.png,"[193, 186, 227, 299]",1.0,kolektor_gt,kolektor_permukaan
C:/Arib/MASSA AYAM/chicken detection + constrative classification/data/crops_kolektor_gt/test/normal/20539_03219.png,0,normal,test,test,20539,20539.png,"[0, 253, 227, 468]",1.0,kolektor_gt,kolektor_permukaan
C:/Arib/MASSA AYAM/chicken detection + constrative classification/data/crops_kolektor_gt/test/normal/20540_03220.png,0,normal,test,test,20540,20540.png,"[110, 344, 172, 485]",1.0,kolektor_gt,kolektor_permukaan
C:/Arib/MASSA AYAM/chicken detection + constrative classification/data/crops_kolektor_gt/test/normal/20541_03221.png,0,normal,test,test,20541,20541.png,"[56, 350, 183, 421]",1.0,kolektor_gt,kolektor_permukaan
C:/Arib/MASSA AYAM/chicken detection + constrative classification/data/crops_kolektor_gt/test/normal/20542_03222.png,0,normal,test,test,20542,20542.png,"[46, 198, 103, 290]",1.0,kolektor_gt,kolektor_permukaan
C:/Arib/MASSA AYAM/chicken detection + constrative classification/data/crops_kolektor_gt/test/normal/20543_03224.png,0,normal,test,test,20543,20543.png,"[78, 513, 87, 526]",1.0,kolektor_gt,kolektor_permukaan
C:/Arib/MASSA AYAM/chicken detection + constrative classification/data/crops_kolektor_gt/test/normal/20544_03226.png,0,normal,test,test,20544,20544.png,"[81, 543, 146, 609]",1.0,kolektor_gt,kolektor_permukaan
C:/Arib/MASSA AYAM/chicken detection + constrative classification/data/crops_kolektor_gt/test/normal/20545_03227.png,0,normal,test,test,20545,20545.png,"[76, 215, 145, 301]",1.0,kolektor_gt,kolektor_permukaan
C:/Arib/MASSA AYAM/chicken detection + constrative classification/data/crops_kolektor_gt/test/normal/20546_03229.png,0,normal,test,test,20546,20546.png,"[172, 158, 207, 196]",1.0,kolektor_gt,kolektor_permukaan
C:/Arib/MASSA AYAM/chicken detection + constrative classification/data/crops_kolektor_gt/test/normal/20547_03230.png,0,normal,test,test,20547,20547.png,"[98, 405, 206, 464]",1.0,kolektor_gt,kolektor_permukaan
C:/Arib/MASSA AYAM/chicken detection + constrative classification/data/crops_kolektor_gt/test/normal/20548_03231.png,0,normal,test,test,20548,20548.png,"[40, 160, 108, 231]",1.0,kolektor_gt,kolektor_permukaan
C:/Arib/MASSA AYAM/chicken detection + constrative classification/data/crops_kolektor_gt/test/normal/20549_03232.png,0,normal,test,test,20549,20549.png,"[121, 426, 180, 516]",1.0,kolektor_gt,kolektor_permukaan
C:/Arib/MASSA AYAM/chicken detection + constrative classification/data/crops_kolektor_gt/test/normal/20550_03233.png,0,normal,test,test,20550,20550.png,"[58, 269, 87, 369]",1.0,kolektor_gt,kolektor_permukaan
C:/Arib/MASSA AYAM/chicken detection + constrative classification/data/crops_kolektor_gt/test/normal/20551_03234.png,0,normal,test,test,20551,20551.png,"[77, 379, 145, 450]",1.0,kolektor_gt,kolektor_permukaan
C:/Arib/MASSA AYAM/chicken detection + constrative classification/data/crops_kolektor_gt/test/normal/20552_03235.png,0,normal,test,test,20552,20552.png,"[93, 181, 221, 337]",1.0,kolektor_gt,kolektor_permukaan
C:/Arib/MASSA AYAM/chicken detection + constrative classification/data/crops_kolektor_gt/test/normal/20553_03236.png,0,normal,test,test,20553,20553.png,"[3, 157, 234, 372]",1.0,kolektor_gt,kolektor_permukaan
C:/Arib/MASSA AYAM/chicken detection + constrative classification/data/crops_kolektor_gt/test/normal/20554_03237.png,0,normal,test,test,20554,20554.png,"[106, 5, 179, 54]",1.0,kolektor_gt,kolektor_permukaan
C:/Arib/MASSA AYAM/chicken detection + constrative classification/data/crops_kolektor_gt/test/normal/20555_03238.png,0,normal,test,test,20555,20555.png,"[14, 418, 50, 471]",1.0,kolektor_gt,kolektor_permukaan
C:/Arib/MASSA AYAM/chicken detection + constrative classification/data/crops_kolektor_gt/test/normal/20556_03239.png,0,normal,test,test,20556,20556.png,"[35, 233, 103, 385]",1.0,kolektor_gt,kolektor_permukaan
C:/Arib/MASSA AYAM/chicken detection + constrative classification/data/crops_kolektor_gt/test/normal/20557_03240.png,0,normal,test,test,20557,20557.png,"[180, 207, 226, 281]",1.0,kolektor_gt,kolektor_permukaan
C:/Arib/MASSA AYAM/chicken detection + constrative classification/data/crops_kolektor_gt/test/normal/20558_03241.png,0,normal,test,test,20558,20558.png,"[32, 301, 191, 409]",1.0,kolektor_gt,kolektor_permukaan
C:/Arib/MASSA AYAM/chicken detection + constrative classification/data/crops_kolektor_gt/test/normal/20559_03242.png,0,normal,test,test,20559,20559.png,"[41, 437, 188, 480]",1.0,kolektor_gt,kolektor_permukaan
C:/Arib/MASSA AYAM/chicken detection + constrative classification/data/crops_kolektor_gt/test/normal/20560_03243.png,0,normal,test,test,20560,20560.png,"[142, 286, 217, 588]",1.0,kolektor_gt,kolektor_permukaan
C:/Arib/MASSA AYAM/chicken detection + constrative classification/data/crops_kolektor_gt/test/normal/20561_03245.png,0,normal,test,test,20561,20561.png,"[51, 220, 106, 265]",1.0,kolektor_gt,kolektor_permukaan
C:/Arib/MASSA AYAM/chicken detection + constrative classification/data/crops_kolektor_gt/test/normal/20562_03246.png,0,normal,test,test,20562,20562.png,"[70, 109, 112, 127]",1.0,kolektor_gt,kolektor_permukaan
C:/Arib/MASSA AYAM/chicken detection + constrative classification/data/crops_kolektor_gt/test/normal/20563_03247.png,0,normal,test,test,20563,20563.png,"[83, 491, 108, 545]",1.0,kolektor_gt,kolektor_permukaan
C:/Arib/MASSA AYAM/chicken detection + constrative classification/data/crops_kolektor_gt/test/normal/20564_03249.png,0,normal,test,test,20564,20564.png,"[151, 481, 180, 490]",1.0,kolektor_gt,kolektor_permukaan
C:/Arib/MASSA AYAM/chicken detection + constrative classification/data/crops_kolektor_gt/test/normal/20565_03250.png,0,normal,test,test,20565,20565.png,"[99, 498, 186, 553]",1.0,kolektor_gt,kolektor_permukaan
C:/Arib/MASSA AYAM/chicken detection + constrative classification/data/crops_kolektor_gt/test/normal/20566_03251.png,0,normal,test,test,20566,20566.png,"[75, 384, 197, 506]",1.0,kolektor_gt,kolektor_permukaan
C:/Arib/MASSA AYAM/chicken detection + constrative classification/data/crops_kolektor_gt/test/normal/20567_03252.png,0,normal,test,test,20567,20567.png,"[163, 350, 227, 415]",1.0,kolektor_gt,kolektor_permukaan
C:/Arib/MASSA AYAM/chicken detection + constrative classification/data/crops_kolektor_gt/test/normal/20568_03253.png,0,normal,test,test,20568,20568.png,"[112, 291, 139, 361]",1.0,kolektor_gt,kolektor_permukaan
C:/Arib/MASSA AYAM/chicken detection + constrative classification/data/crops_kolektor_gt/test/normal/20569_03254.png,0,normal,test,test,20569,20569.png,"[112, 37, 221, 293]",1.0,kolektor_gt,kolektor_permukaan
C:/Arib/MASSA AYAM/chicken detection + constrative classification/data/crops_kolektor_gt/test/normal/20570_03255.png,0,normal,test,test,20570,20570.png,"[93, 423, 208, 522]",1.0,kolektor_gt,kolektor_permukaan
C:/Arib/MASSA AYAM/chicken detection + constrative classification/data/crops_kolektor_gt/test/normal/20571_03256.png,0,normal,test,test,20571,20571.png,"[38, 306, 90, 353]",1.0,kolektor_gt,kolektor_permukaan
C:/Arib/MASSA AYAM/chicken detection + constrative classification/data/crops_kolektor_gt/test/normal/20572_03257.png,0,normal,test,test,20572,20572.png,"[22, 448, 64, 523]",1.0,kolektor_gt,kolektor_permukaan
C:/Arib/MASSA AYAM/chicken detection + constrative classification/data/crops_kolektor_gt/test/normal/20573_03258.png,0,normal,test,test,20573,20573.png,"[139, 266, 174, 304]",1.0,kolektor_gt,kolektor_permukaan
C:/Arib/MASSA AYAM/chicken detection + constrative classification/data/crops_kolektor_gt/test/normal/20574_03259.png,0,normal,test,test,20574,20574.png,"[18, 353, 188, 585]",1.0,kolektor_gt,kolektor_permukaan
C:/Arib/MASSA AYAM/chicken detection + constrative classification/data/crops_kolektor_gt/test/normal/20575_03260.png,0,normal,test,test,20575,20575.png,"[4, 321, 190, 380]",1.0,kolektor_gt,kolektor_permukaan
C:/Arib/MASSA AYAM/chicken detection + constrative classification/data/crops_kolektor_gt/test/normal/20576_03261.png,0,normal,test,test,20576,20576.png,"[57, 109, 216, 399]",1.0,kolektor_gt,kolektor_permukaan
C:/Arib/MASSA AYAM/chicken detection + constrative classification/data/crops_kolektor_gt/test/normal/20577_03262.png,0,normal,test,test,20577,20577.png,"[58, 471, 129, 544]",1.0,kolektor_gt,kolektor_permukaan
C:/Arib/MASSA AYAM/chicken detection + constrative classification/data/crops_kolektor_gt/test/normal/20578_03263.png,0,normal,test,test,20578,20578.png,"[33, 261, 193, 351]",1.0,kolektor_gt,kolektor_permukaan
C:/Arib/MASSA AYAM/chicken detection + constrative classification/data/crops_kolektor_gt/test/normal/20579_03264.png,0,normal,test,test,20579,20579.png,"[35, 122, 81, 196]",1.0,kolektor_gt,kolektor_permukaan
C:/Arib/MASSA AYAM/chicken detection + constrative classification/data/crops_kolektor_gt/test/normal/20580_03265.png,0,normal,test,test,20580,20580.png,"[50, 498, 163, 545]",1.0,kolektor_gt,kolektor_permukaan
C:/Arib/MASSA AYAM/chicken detection + constrative classification/data/crops_kolektor_gt/test/normal/20581_03266.png,0,normal,test,test,20581,20581.png,"[135, 61, 224, 99]",1.0,kolektor_gt,kolektor_permukaan
C:/Arib/MASSA AYAM/chicken detection + constrative classification/data/crops_kolektor_gt/test/normal/20582_03267.png,0,normal,test,test,20582,20582.png,"[95, 16, 169, 105]",1.0,kolektor_gt,kolektor_permukaan
C:/Arib/MASSA AYAM/chicken detection + constrative classification/data/crops_kolektor_gt/test/normal/20583_03268.png,0,normal,test,test,20583,20583.png,"[129, 334, 211, 442]",1.0,kolektor_gt,kolektor_permukaan
C:/Arib/MASSA AYAM/chicken detection + constrative classification/data/crops_kolektor_gt/test/normal/20584_03269.png,0,normal,test,test,20584,20584.png,"[72, 588, 156, 630]",1.0,kolektor_gt,kolektor_permukaan
C:/Arib/MASSA AYAM/chicken detection + constrative classification/data/crops_kolektor_gt/test/normal/20585_03270.png,0,normal,test,test,20585,20585.png,"[19, 289, 81, 430]",1.0,kolektor_gt,kolektor_permukaan
C:/Arib/MASSA AYAM/chicken detection + constrative classification/data/crops_kolektor_gt/test/normal/20586_03271.png,0,normal,test,test,20586,20586.png,"[28, 544, 70, 619]",1.0,kolektor_gt,kolektor_permukaan
C:/Arib/MASSA AYAM/chicken detection + constrative classification/data/crops_kolektor_gt/test/normal/20587_03273.png,0,normal,test,test,20587,20587.png,"[204, 525, 229, 579]",1.0,kolektor_gt,kolektor_permukaan
C:/Arib/MASSA AYAM/chicken detection + constrative classification/data/crops_kolektor_gt/test/normal/20588_03274.png,0,normal,test,test,20588,20588.png,"[146, 479, 223, 528]",1.0,kolektor_gt,kolektor_permukaan
C:/Arib/MASSA AYAM/chicken detection + constrative classification/data/crops_kolektor_gt/test/normal/20589_03275.png,0,normal,test,test,20589,20589.png,"[18, 441, 126, 500]",1.0,kolektor_gt,kolektor_permukaan
C:/Arib/MASSA AYAM/chicken detection + constrative classification/data/crops_kolektor_gt/test/normal/20590_03276.png,0,normal,test,test,20590,20590.png,"[115, 155, 186, 228]",1.0,kolektor_gt,kolektor_permukaan
C:/Arib/MASSA AYAM/chicken detection + constrative classification/data/crops_kolektor_gt/test/normal/20591_03277.png,0,normal,test,test,20591,20591.png,"[23, 347, 181, 440]",1.0,kolektor_gt,kolektor_permukaan
C:/Arib/MASSA AYAM/chicken detection + constrative classification/data/crops_kolektor_gt/test/normal/20592_03278.png,0,normal,test,test,20592,20592.png,"[88, 442, 203, 541]",1.0,kolektor_gt,kolektor_permukaan
C:/Arib/MASSA AYAM/chicken detection + constrative classification/data/crops_kolektor_gt/test/normal/20593_03279.png,0,normal,test,test,20593,20593.png,"[147, 300, 183, 353]",1.0,kolektor_gt,kolektor_permukaan
C:/Arib/MASSA AYAM/chicken detection + constrative classification/data/crops_kolektor_gt/test/normal/20594_03280.png,0,normal,test,test,20594,20594.png,"[49, 19, 138, 57]",1.0,kolektor_gt,kolektor_permukaan
C:/Arib/MASSA AYAM/chicken detection + constrative classification/data/crops_kolektor_gt/test/normal/20595_03281.png,0,normal,test,test,20595,20595.png,"[109, 77, 184, 379]",1.0,kolektor_gt,kolektor_permukaan
C:/Arib/MASSA AYAM/chicken detection + constrative classification/data/crops_kolektor_gt/test/normal/20596_03282.png,0,normal,test,test,20596,20596.png,"[149, 334, 163, 356]",1.0,kolektor_gt,kolektor_permukaan
C:/Arib/MASSA AYAM/chicken detection + constrative classification/data/crops_kolektor_gt/test/normal/20597_03283.png,0,normal,test,test,20597,20597.png,"[42, 102, 215, 348]",1.0,kolektor_gt,kolektor_permukaan
C:/Arib/MASSA AYAM/chicken detection + constrative classification/data/crops_kolektor_gt/test/normal/20598_03284.png,0,normal,test,test,20598,20598.png,"[90, 590, 125, 628]",1.0,kolektor_gt,kolektor_permukaan
C:/Arib/MASSA AYAM/chicken detection + constrative classification/data/crops_kolektor_gt/test/normal/20599_03287.png,0,normal,test,test,20599,20599.png,"[48, 151, 93, 215]",1.0,kolektor_gt,kolektor_permukaan
C:/Arib/MASSA AYAM/chicken detection + constrative classification/data/crops_kolektor_gt/test/normal/20599_03288.png,0,normal,test,test,20599,20599.png,"[6, 546, 41, 639]",1.0,kolektor_gt,kolektor_permukaan
C:/Arib/MASSA AYAM/chicken detection + constrative classification/data/crops_kolektor_gt/test/normal/20600_03290.png,0,normal,test,test,20600,20600.png,"[108, 40, 230, 162]",1.0,kolektor_gt,kolektor_permukaan
C:/Arib/MASSA AYAM/chicken detection + constrative classification/data/crops_kolektor_gt/test/normal/20601_03291.png,0,normal,test,test,20601,20601.png,"[89, 70, 177, 105]",1.0,kolektor_gt,kolektor_permukaan
C:/Arib/MASSA AYAM/chicken detection + constrative classification/data/crops_kolektor_gt/test/normal/20602_03292.png,0,normal,test,test,20602,20602.png,"[0, 336, 231, 551]",1.0,kolektor_gt,kolektor_permukaan
C:/Arib/MASSA AYAM/chicken detection + constrative classification/data/crops_kolektor_gt/test/normal/20603_03293.png,0,normal,test,test,20603,20603.png,"[20, 434, 147, 534]",1.0,kolektor_gt,kolektor_permukaan
C:/Arib/MASSA AYAM/chicken detection + constrative classification/data/crops_kolektor_gt/test/normal/20604_03294.png,0,normal,test,test,20604,20604.png,"[55, 363, 71, 395]",1.0,kolektor_gt,kolektor_permukaan
C:/Arib/MASSA AYAM/chicken detection + constrative classification/data/crops_kolektor_gt/test/normal/20605_03295.png,0,normal,test,test,20605,20605.png,"[112, 126, 146, 217]",1.0,kolektor_gt,kolektor_permukaan
C:/Arib/MASSA AYAM/chicken detection + constrative classification/data/crops_kolektor_gt/test/normal/20606_03296.png,0,normal,test,test,20606,20606.png,"[3, 454, 117, 585]",1.0,kolektor_gt,kolektor_permukaan
C:/Arib/MASSA AYAM/chicken detection + constrative classification/data/crops_kolektor_gt/test/normal/20607_03297.png,0,normal,test,test,20607,20607.png,"[53, 389, 121, 460]",1.0,kolektor_gt,kolektor_permukaan
C:/Arib/MASSA AYAM/chicken detection + constrative classification/data/crops_kolektor_gt/test/normal/20608_03298.png,0,normal,test,test,20608,20608.png,"[102, 203, 144, 221]",1.0,kolektor_gt,kolektor_permukaan
C:/Arib/MASSA AYAM/chicken detection + constrative classification/data/crops_kolektor_gt/test/normal/20609_03299.png,0,normal,test,test,20609,20609.png,"[75, 417, 189, 548]",1.0,kolektor_gt,kolektor_permukaan
C:/Arib/MASSA AYAM/chicken detection + constrative classification/data/crops_kolektor_gt/test/normal/20610_03300.png,0,normal,test,test,20610,20610.png,"[64, 528, 184, 628]",1.0,kolektor_gt,kolektor_permukaan
C:/Arib/MASSA AYAM/chicken detection + constrative classification/data/crops_kolektor_gt/test/normal/20611_03301.png,0,normal,test,test,20611,20611.png,"[53, 123, 131, 217]",1.0,kolektor_gt,kolektor_permukaan
C:/Arib/MASSA AYAM/chicken detection + constrative classification/data/crops_kolektor_gt/test/normal/20612_03302.png,0,normal,test,test,20612,20612.png,"[154, 366, 209, 411]",1.0,kolektor_gt,kolektor_permukaan
C:/Arib/MASSA AYAM/chicken detection + constrative classification/data/crops_kolektor_gt/test/normal/20613_03303.png,0,normal,test,test,20613,20613.png,"[0, 97, 229, 312]",1.0,kolektor_gt,kolektor_permukaan
C:/Arib/MASSA AYAM/chicken detection + constrative classification/data/crops_kolektor_gt/test/normal/20614_03304.png,0,normal,test,test,20614,20614.png,"[129, 368, 206, 417]",1.0,kolektor_gt,kolektor_permukaan
C:/Arib/MASSA AYAM/chicken detection + constrative classification/data/crops_kolektor_gt/test/normal/20615_03305.png,0,normal,test,test,20615,20615.png,"[28, 467, 102, 556]",1.0,kolektor_gt,kolektor_permukaan
C:/Arib/MASSA AYAM/chicken detection + constrative classification/data/crops_kolektor_gt/test/normal/20616_03306.png,0,normal,test,test,20616,20616.png,"[102, 215, 216, 346]",1.0,kolektor_gt,kolektor_permukaan
C:/Arib/MASSA AYAM/chicken detection + constrative classification/data/crops_kolektor_gt/test/normal/20617_03307.png,0,normal,test,test,20617,20617.png,"[25, 363, 93, 434]",1.0,kolektor_gt,kolektor_permukaan
C:/Arib/MASSA AYAM/chicken detection + constrative classification/data/crops_kolektor_gt/test/normal/20618_03308.png,0,normal,test,test,20618,20618.png,"[16, 444, 81, 510]",1.0,kolektor_gt,kolektor_permukaan
C:/Arib/MASSA AYAM/chicken detection + constrative classification/data/crops_kolektor_gt/test/normal/20619_03309.png,0,normal,test,test,20619,20619.png,"[19, 117, 192, 363]",1.0,kolektor_gt,kolektor_permukaan
C:/Arib/MASSA AYAM/chicken detection + constrative classification/data/crops_kolektor_gt/test/normal/20620_03310.png,0,normal,test,test,20620,20620.png,"[99, 482, 182, 517]",1.0,kolektor_gt,kolektor_permukaan
C:/Arib/MASSA AYAM/chicken detection + constrative classification/data/crops_kolektor_gt/test/normal/20621_03311.png,0,normal,test,test,20621,20621.png,"[82, 46, 151, 77]",1.0,kolektor_gt,kolektor_permukaan
C:/Arib/MASSA AYAM/chicken detection + constrative classification/data/crops_kolektor_gt/test/normal/20622_03312.png,0,normal,test,test,20622,20622.png,"[45, 578, 69, 626]",1.0,kolektor_gt,kolektor_permukaan
C:/Arib/MASSA AYAM/chicken detection + constrative classification/data/crops_kolektor_gt/test/normal/20623_03313.png,0,normal,test,test,20623,20623.png,"[39, 143, 98, 233]",1.0,kolektor_gt,kolektor_permukaan
C:/Arib/MASSA AYAM/chicken detection + constrative classification/data/crops_kolektor_gt/test/normal/20624_03315.png,0,normal,test,test,20624,20624.png,"[60, 39, 188, 153]",1.0,kolektor_gt,kolektor_permukaan
C:/Arib/MASSA AYAM/chicken detection + constrative classification/data/crops_kolektor_gt/test/normal/20625_03317.png,0,normal,test,test,20625,20625.png,"[152, 214, 216, 279]",1.0,kolektor_gt,kolektor_permukaan
C:/Arib/MASSA AYAM/chicken detection + constrative classification/data/crops_kolektor_gt/test/normal/20626_03318.png,0,normal,test,test,20626,20626.png,"[75, 380, 159, 408]",1.0,kolektor_gt,kolektor_permukaan
C:/Arib/MASSA AYAM/chicken detection + constrative classification/data/crops_kolektor_gt/test/normal/20627_03319.png,0,normal,test,test,20627,20627.png,"[40, 429, 72, 478]",1.0,kolektor_gt,kolektor_permukaan
C:/Arib/MASSA AYAM/chicken detection + constrative classification/data/crops_kolektor_gt/test/normal/20628_03320.png,0,normal,test,test,20628,20628.png,"[38, 185, 97, 275]",1.0,kolektor_gt,kolektor_permukaan
C:/Arib/MASSA AYAM/chicken detection + constrative classification/data/crops_kolektor_gt/test/normal/20629_03321.png,0,normal,test,test,20629,20629.png,"[14, 166, 141, 237]",1.0,kolektor_gt,kolektor_permukaan
C:/Arib/MASSA AYAM/chicken detection + constrative classification/data/crops_kolektor_gt/test/normal/20630_03322.png,0,normal,test,test,20630,20630.png,"[39, 413, 149, 501]",1.0,kolektor_gt,kolektor_permukaan
C:/Arib/MASSA AYAM/chicken detection + constrative classification/data/crops_kolektor_gt/test/normal/20631_03323.png,0,normal,test,test,20631,20631.png,"[67, 328, 115, 388]",1.0,kolektor_gt,kolektor_permukaan
C:/Arib/MASSA AYAM/chicken detection + constrative classification/data/crops_kolektor_gt/test/normal/20632_03325.png,0,normal,test,test,20632,20632.png,"[60, 35, 207, 78]",1.0,kolektor_gt,kolektor_permukaan
C:/Arib/MASSA AYAM/chicken detection + constrative classification/data/crops_kolektor_gt/test/normal/20633_03326.png,0,normal,test,test,20633,20633.png,"[104, 47, 180, 106]",1.0,kolektor_gt,kolektor_permukaan
C:/Arib/MASSA AYAM/chicken detection + constrative classification/data/crops_kolektor_gt/test/normal/20634_03327.png,0,normal,test,test,20634,20634.png,"[76, 369, 205, 505]",1.0,kolektor_gt,kolektor_permukaan
C:/Arib/MASSA AYAM/chicken detection + constrative classification/data/crops_kolektor_gt/test/normal/20635_03328.png,0,normal,test,test,20635,20635.png,"[25, 15, 50, 69]",1.0,kolektor_gt,kolektor_permukaan
C:/Arib/MASSA AYAM/chicken detection + constrative classification/data/crops_kolektor_gt/test/normal/20636_03329.png,0,normal,test,test,20636,20636.png,"[23, 429, 37, 451]",1.0,kolektor_gt,kolektor_permukaan
C:/Arib/MASSA AYAM/chicken detection + constrative classification/data/crops_kolektor_gt/test/normal/20637_03330.png,0,normal,test,test,20637,20637.png,"[121, 475, 155, 588]",1.0,kolektor_gt,kolektor_permukaan
C:/Arib/MASSA AYAM/chicken detection + constrative classification/data/crops_kolektor_gt/test/normal/20638_03331.png,0,normal,test,test,20638,20638.png,"[137, 450, 205, 521]",1.0,kolektor_gt,kolektor_permukaan
C:/Arib/MASSA AYAM/chicken detection + constrative classification/data/crops_kolektor_gt/test/normal/20639_03332.png,0,normal,test,test,20639,20639.png,"[103, 326, 225, 448]",1.0,kolektor_gt,kolektor_permukaan
C:/Arib/MASSA AYAM/chicken detection + constrative classification/data/crops_kolektor_gt/test/normal/20640_03334.png,0,normal,test,test,20640,20640.png,"[79, 487, 177, 581]",1.0,kolektor_gt,kolektor_permukaan
C:/Arib/MASSA AYAM/chicken detection + constrative classification/data/crops_kolektor_gt/test/normal/20641_03335.png,0,normal,test,test,20641,20641.png,"[16, 131, 197, 223]",1.0,kolektor_gt,kolektor_permukaan
C:/Arib/MASSA AYAM/chicken detection + constrative classification/data/crops_kolektor_gt/test/normal/20642_03336.png,0,normal,test,test,20642,20642.png,"[93, 98, 181, 133]",1.0,kolektor_gt,kolektor_permukaan
C:/Arib/MASSA AYAM/chicken detection + constrative classification/data/crops_kolektor_gt/test/normal/20643_03337.png,0,normal,test,test,20643,20643.png,"[146, 200, 178, 224]",1.0,kolektor_gt,kolektor_permukaan
C:/Arib/MASSA AYAM/chicken detection + constrative classification/data/crops_kolektor_gt/test/normal/20644_03338.png,0,normal,test,test,20644,20644.png,"[33, 146, 107, 235]",1.0,kolektor_gt,kolektor_permukaan
C:/Arib/MASSA AYAM/chicken detection + constrative classification/data/crops_kolektor_gt/test/normal/20645_03339.png,0,normal,test,test,20645,20645.png,"[24, 413, 107, 448]",1.0,kolektor_gt,kolektor_permukaan
C:/Arib/MASSA AYAM/chicken detection + constrative classification/data/crops_kolektor_gt/test/normal/20646_03341.png,0,normal,test,test,20646,20646.png,"[157, 107, 180, 130]",1.0,kolektor_gt,kolektor_permukaan
C:/Arib/MASSA AYAM/chicken detection + constrative classification/data/crops_kolektor_gt/test/normal/20647_03342.png,0,normal,test,test,20647,20647.png,"[47, 373, 68, 579]",1.0,kolektor_gt,kolektor_permukaan
C:/Arib/MASSA AYAM/chicken detection + constrative classification/data/crops_kolektor_gt/test/normal/20648_03343.png,0,normal,test,test,20648,20648.png,"[90, 236, 218, 392]",1.0,kolektor_gt,kolektor_permukaan
C:/Arib/MASSA AYAM/chicken detection + constrative classification/data/crops_kolektor_gt/test/normal/20649_03344.png,0,normal,test,test,20649,20649.png,"[132, 273, 191, 363]",1.0,kolektor_gt,kolektor_permukaan
C:/Arib/MASSA AYAM/chicken detection + constrative classification/data/crops_kolektor_gt/test/normal/20650_03345.png,0,normal,test,test,20650,20650.png,"[83, 432, 159, 449]",1.0,kolektor_gt,kolektor_permukaan
C:/Arib/MASSA AYAM/chicken detection + constrative classification/data/crops_kolektor_gt/test/normal/20651_03346.png,0,normal,test,test,20651,20651.png,"[148, 35, 224, 94]",1.0,kolektor_gt,kolektor_permukaan
C:/Arib/MASSA AYAM/chicken detection + constrative classification/data/crops_kolektor_gt/test/normal/20652_03347.png,0,normal,test,test,20652,20652.png,"[98, 49, 130, 92]",1.0,kolektor_gt,kolektor_permukaan
C:/Arib/MASSA AYAM/chicken detection + constrative classification/data/crops_kolektor_gt/test/normal/20653_03348.png,0,normal,test,test,20653,20653.png,"[0, 73, 175, 366]",1.0,kolektor_gt,kolektor_permukaan
C:/Arib/MASSA AYAM/chicken detection + constrative classification/data/crops_kolektor_gt/test/normal/20654_03349.png,0,normal,test,test,20654,20654.png,"[60, 165, 149, 203]",1.0,kolektor_gt,kolektor_permukaan
C:/Arib/MASSA AYAM/chicken detection + constrative classification/data/crops_kolektor_gt/test/normal/20655_03350.png,0,normal,test,test,20655,20655.png,"[146, 492, 188, 551]",1.0,kolektor_gt,kolektor_permukaan
C:/Arib/MASSA AYAM/chicken detection + constrative classification/data/crops_kolektor_gt/test/normal/20656_03351.png,0,normal,test,test,20656,20656.png,"[48, 591, 92, 635]",1.0,kolektor_gt,kolektor_permukaan
C:/Arib/MASSA AYAM/chicken detection + constrative classification/data/crops_kolektor_gt/test/normal/20657_03352.png,0,normal,test,test,20657,20657.png,"[116, 269, 125, 282]",1.0,kolektor_gt,kolektor_permukaan
C:/Arib/MASSA AYAM/chicken detection + constrative classification/data/crops_kolektor_gt/test/normal/20658_03353.png,0,normal,test,test,20658,20658.png,"[190, 286, 211, 379]",1.0,kolektor_gt,kolektor_permukaan
C:/Arib/MASSA AYAM/chicken detection + constrative classification/data/crops_kolektor_gt/test/normal/20659_03354.png,0,normal,test,test,20659,20659.png,"[86, 345, 160, 434]",1.0,kolektor_gt,kolektor_permukaan
C:/Arib/MASSA AYAM/chicken detection + constrative classification/data/crops_kolektor_gt/test/normal/20660_03356.png,0,normal,test,test,20660,20660.png,"[47, 261, 56, 303]",1.0,kolektor_gt,kolektor_permukaan
C:/Arib/MASSA AYAM/chicken detection + constrative classification/data/crops_kolektor_gt/test/normal/20661_03357.png,0,normal,test,test,20661,20661.png,"[124, 562, 176, 609]",1.0,kolektor_gt,kolektor_permukaan
C:/Arib/MASSA AYAM/chicken detection + constrative classification/data/crops_kolektor_gt/test/normal/20662_03358.png,0,normal,test,test,20662,20662.png,"[171, 350, 206, 443]",1.0,kolektor_gt,kolektor_permukaan
C:/Arib/MASSA AYAM/chicken detection + constrative classification/data/crops_kolektor_gt/test/normal/20663_03359.png,0,normal,test,test,20663,20663.png,"[16, 374, 25, 404]",1.0,kolektor_gt,kolektor_permukaan
C:/Arib/MASSA AYAM/chicken detection + constrative classification/data/crops_kolektor_gt/test/normal/20664_03360.png,0,normal,test,test,20664,20664.png,"[69, 129, 216, 172]",1.0,kolektor_gt,kolektor_permukaan
C:/Arib/MASSA AYAM/chicken detection + constrative classification/data/crops_kolektor_gt/test/normal/20665_03364.png,0,normal,test,test,20665,20665.png,"[58, 468, 93, 561]",1.0,kolektor_gt,kolektor_permukaan
C:/Arib/MASSA AYAM/chicken detection + constrative classification/data/crops_kolektor_gt/test/normal/20665_03365.png,0,normal,test,test,20665,20665.png,"[28, 123, 117, 161]",1.0,kolektor_gt,kolektor_permukaan
C:/Arib/MASSA AYAM/chicken detection + constrative classification/data/crops_kolektor_gt/test/normal/20665_03366.png,0,normal,test,test,20665,20665.png,"[111, 566, 128, 581]",1.0,kolektor_gt,kolektor_permukaan
C:/Arib/MASSA AYAM/chicken detection + constrative classification/data/crops_kolektor_gt/test/normal/20666_03367.png,0,normal,test,test,20666,20666.png,"[129, 186, 212, 221]",1.0,kolektor_gt,kolektor_permukaan
C:/Arib/MASSA AYAM/chicken detection + constrative classification/data/crops_kolektor_gt/test/normal/20667_03369.png,0,normal,test,test,20667,20667.png,"[130, 199, 203, 248]",1.0,kolektor_gt,kolektor_permukaan
C:/Arib/MASSA AYAM/chicken detection + constrative classification/data/crops_kolektor_gt/test/normal/20668_03370.png,0,normal,test,test,20668,20668.png,"[56, 17, 125, 103]",1.0,kolektor_gt,kolektor_permukaan
C:/Arib/MASSA AYAM/chicken detection + constrative classification/data/crops_kolektor_gt/test/normal/20669_03372.png,0,normal,test,test,20669,20669.png,"[45, 538, 205, 628]",1.0,kolektor_gt,kolektor_permukaan
C:/Arib/MASSA AYAM/chicken detection + constrative classification/data/crops_kolektor_gt/test/normal/20670_03373.png,0,normal,test,test,20670,20670.png,"[144, 543, 189, 607]",1.0,kolektor_gt,kolektor_permukaan
C:/Arib/MASSA AYAM/chicken detection + constrative classification/data/crops_kolektor_gt/test/normal/20671_03376.png,0,normal,test,test,20671,20671.png,"[12, 545, 73, 565]",1.0,kolektor_gt,kolektor_permukaan
C:/Arib/MASSA AYAM/chicken detection + constrative classification/data/crops_kolektor_gt/test/normal/20671_03377.png,0,normal,test,test,20671,20671.png,"[40, 102, 67, 172]",1.0,kolektor_gt,kolektor_permukaan
C:/Arib/MASSA AYAM/chicken detection + constrative classification/data/crops_kolektor_gt/test/normal/20672_03379.png,0,normal,test,test,20672,20672.png,"[42, 231, 111, 317]",1.0,kolektor_gt,kolektor_permukaan
C:/Arib/MASSA AYAM/chicken detection + constrative classification/data/crops_kolektor_gt/test/normal/20673_03380.png,0,normal,test,test,20673,20673.png,"[38, 434, 116, 528]",1.0,kolektor_gt,kolektor_permukaan
C:/Arib/MASSA AYAM/chicken detection + constrative classification/data/crops_kolektor_gt/test/normal/20674_03381.png,0,normal,test,test,20674,20674.png,"[12, 410, 81, 441]",1.0,kolektor_gt,kolektor_permukaan
C:/Arib/MASSA AYAM/chicken detection + constrative classification/data/crops_kolektor_gt/test/normal/20675_03382.png,0,normal,test,test,20675,20675.png,"[33, 431, 214, 523]",1.0,kolektor_gt,kolektor_permukaan
C:/Arib/MASSA AYAM/chicken detection + constrative classification/data/crops_kolektor_gt/test/normal/20676_03383.png,0,normal,test,test,20676,20676.png,"[82, 139, 153, 212]",1.0,kolektor_gt,kolektor_permukaan
C:/Arib/MASSA AYAM/chicken detection + constrative classification/data/crops_kolektor_gt/test/normal/20677_03384.png,0,normal,test,test,20677,20677.png,"[0, 76, 127, 176]",1.0,kolektor_gt,kolektor_permukaan
C:/Arib/MASSA AYAM/chicken detection + constrative classification/data/crops_kolektor_gt/test/normal/20678_03385.png,0,normal,test,test,20678,20678.png,"[171, 319, 213, 394]",1.0,kolektor_gt,kolektor_permukaan
C:/Arib/MASSA AYAM/chicken detection + constrative classification/data/crops_kolektor_gt/test/normal/20679_03386.png,0,normal,test,test,20679,20679.png,"[156, 68, 181, 128]",1.0,kolektor_gt,kolektor_permukaan
C:/Arib/MASSA AYAM/chicken detection + constrative classification/data/crops_kolektor_gt/test/normal/20680_03387.png,0,normal,test,test,20680,20680.png,"[8, 73, 195, 279]",1.0,kolektor_gt,kolektor_permukaan
C:/Arib/MASSA AYAM/chicken detection + constrative classification/data/crops_kolektor_gt/test/normal/20681_03388.png,0,normal,test,test,20681,20681.png,"[195, 248, 220, 302]",1.0,kolektor_gt,kolektor_permukaan
C:/Arib/MASSA AYAM/chicken detection + constrative classification/data/crops_kolektor_gt/test/normal/20682_03390.png,0,normal,test,test,20682,20682.png,"[40, 429, 113, 478]",1.0,kolektor_gt,kolektor_permukaan
C:/Arib/MASSA AYAM/chicken detection + constrative classification/data/crops_kolektor_gt/test/normal/20683_03391.png,0,normal,test,test,20683,20683.png,"[31, 358, 139, 417]",1.0,kolektor_gt,kolektor_permukaan
C:/Arib/MASSA AYAM/chicken detection + constrative classification/data/crops_kolektor_gt/test/normal/20684_03392.png,0,normal,test,test,20684,20684.png,"[35, 411, 104, 442]",1.0,kolektor_gt,kolektor_permukaan
C:/Arib/MASSA AYAM/chicken detection + constrative classification/data/crops_kolektor_gt/test/normal/20685_03394.png,0,normal,test,test,20685,20685.png,"[185, 155, 206, 248]",1.0,kolektor_gt,kolektor_permukaan
C:/Arib/MASSA AYAM/chicken detection + constrative classification/data/crops_kolektor_gt/test/normal/20686_03395.png,0,normal,test,test,20686,20686.png,"[70, 335, 146, 394]",1.0,kolektor_gt,kolektor_permukaan
C:/Arib/MASSA AYAM/chicken detection + constrative classification/data/crops_kolektor_gt/test/normal/20687_03396.png,0,normal,test,test,20687,20687.png,"[133, 318, 154, 411]",1.0,kolektor_gt,kolektor_permukaan
C:/Arib/MASSA AYAM/chicken detection + constrative classification/data/crops_kolektor_gt/test/normal/20688_03397.png,0,normal,test,test,20688,20688.png,"[20, 482, 206, 541]",1.0,kolektor_gt,kolektor_permukaan
C:/Arib/MASSA AYAM/chicken detection + constrative classification/data/crops_kolektor_gt/test/normal/20689_03398.png,0,normal,test,test,20689,20689.png,"[76, 127, 118, 145]",1.0,kolektor_gt,kolektor_permukaan
C:/Arib/MASSA AYAM/chicken detection + constrative classification/data/crops_kolektor_gt/test/normal/20690_03399.png,0,normal,test,test,20690,20690.png,"[116, 157, 138, 210]",1.0,kolektor_gt,kolektor_permukaan
C:/Arib/MASSA AYAM/chicken detection + constrative classification/data/crops_kolektor_gt/test/normal/20691_03400.png,0,normal,test,test,20691,20691.png,"[87, 278, 165, 372]",1.0,kolektor_gt,kolektor_permukaan
C:/Arib/MASSA AYAM/chicken detection + constrative classification/data/crops_kolektor_gt/test/normal/20692_03401.png,0,normal,test,test,20692,20692.png,"[97, 261, 184, 316]",1.0,kolektor_gt,kolektor_permukaan
C:/Arib/MASSA AYAM/chicken detection + constrative classification/data/crops_kolektor_gt/test/normal/20693_03402.png,0,normal,test,test,20693,20693.png,"[109, 172, 180, 245]",1.0,kolektor_gt,kolektor_permukaan
C:/Arib/MASSA AYAM/chicken detection + constrative classification/data/crops_kolektor_gt/test/normal/20694_03403.png,0,normal,test,test,20694,20694.png,"[62, 298, 190, 412]",1.0,kolektor_gt,kolektor_permukaan
C:/Arib/MASSA AYAM/chicken detection + constrative classification/data/crops_kolektor_gt/test/normal/20695_03404.png,0,normal,test,test,20695,20695.png,"[22, 371, 44, 416]",1.0,kolektor_gt,kolektor_permukaan
C:/Arib/MASSA AYAM/chicken detection + constrative classification/data/crops_kolektor_gt/test/normal/20696_03405.png,0,normal,test,test,20696,20696.png,"[170, 506, 200, 532]",1.0,kolektor_gt,kolektor_permukaan
C:/Arib/MASSA AYAM/chicken detection + constrative classification/data/crops_kolektor_gt/test/normal/20697_03406.png,0,normal,test,test,20697,20697.png,"[107, 58, 179, 138]",1.0,kolektor_gt,kolektor_permukaan
C:/Arib/MASSA AYAM/chicken detection + constrative classification/data/crops_kolektor_gt/test/normal/20698_03407.png,0,normal,test,test,20698,20698.png,"[71, 282, 133, 313]",1.0,kolektor_gt,kolektor_permukaan
C:/Arib/MASSA AYAM/chicken detection + constrative classification/data/crops_kolektor_gt/test/normal/20699_03408.png,0,normal,test,test,20699,20699.png,"[130, 336, 226, 411]",1.0,kolektor_gt,kolektor_permukaan
C:/Arib/MASSA AYAM/chicken detection + constrative classification/data/crops_kolektor_gt/test/normal/20700_03409.png,0,normal,test,test,20700,20700.png,"[64, 365, 119, 407]",1.0,kolektor_gt,kolektor_permukaan
C:/Arib/MASSA AYAM/chicken detection + constrative classification/data/crops_kolektor_gt/test/normal/20701_03410.png,0,normal,test,test,20701,20701.png,"[182, 497, 217, 590]",1.0,kolektor_gt,kolektor_permukaan
C:/Arib/MASSA AYAM/chicken detection + constrative classification/data/crops_kolektor_gt/test/normal/20702_03411.png,0,normal,test,test,20702,20702.png,"[56, 444, 86, 533]",1.0,kolektor_gt,kolektor_permukaan
C:/Arib/MASSA AYAM/chicken detection + constrative classification/data/crops_kolektor_gt/test/normal/20703_03412.png,0,normal,test,test,20703,20703.png,"[199, 499, 221, 544]",1.0,kolektor_gt,kolektor_permukaan
C:/Arib/MASSA AYAM/chicken detection + constrative classification/data/crops_kolektor_gt/test/normal/20704_03413.png,0,normal,test,test,20704,20704.png,"[144, 384, 199, 426]",1.0,kolektor_gt,kolektor_permukaan
C:/Arib/MASSA AYAM/chicken detection + constrative classification/data/crops_kolektor_gt/test/normal/20705_03414.png,0,normal,test,test,20705,20705.png,"[170, 391, 222, 438]",1.0,kolektor_gt,kolektor_permukaan
C:/Arib/MASSA AYAM/chicken detection + constrative classification/data/crops_kolektor_gt/test/normal/20706_03415.png,0,normal,test,test,20706,20706.png,"[151, 100, 173, 145]",1.0,kolektor_gt,kolektor_permukaan
C:/Arib/MASSA AYAM/chicken detection + constrative classification/data/crops_kolektor_gt/test/normal/20707_03416.png,0,normal,test,test,20707,20707.png,"[195, 244, 216, 337]",1.0,kolektor_gt,kolektor_permukaan
C:/Arib/MASSA AYAM/chicken detection + constrative classification/data/crops_kolektor_gt/test/normal/20708_03417.png,0,normal,test,test,20708,20708.png,"[154, 431, 214, 469]",1.0,kolektor_gt,kolektor_permukaan
C:/Arib/MASSA AYAM/chicken detection + constrative classification/data/crops_kolektor_gt/test/normal/20709_03418.png,0,normal,test,test,20709,20709.png,"[5, 355, 164, 463]",1.0,kolektor_gt,kolektor_permukaan
C:/Arib/MASSA AYAM/chicken detection + constrative classification/data/crops_kolektor_gt/test/normal/20710_03419.png,0,normal,test,test,20710,20710.png,"[117, 587, 159, 605]",1.0,kolektor_gt,kolektor_permukaan
C:/Arib/MASSA AYAM/chicken detection + constrative classification/data/crops_kolektor_gt/test/normal/20711_03420.png,0,normal,test,test,20711,20711.png,"[102, 442, 184, 550]",1.0,kolektor_gt,kolektor_permukaan
C:/Arib/MASSA AYAM/chicken detection + constrative classification/data/crops_kolektor_gt/test/normal/20712_03421.png,0,normal,test,test,20712,20712.png,"[27, 580, 174, 623]",1.0,kolektor_gt,kolektor_permukaan
C:/Arib/MASSA AYAM/chicken detection + constrative classification/data/crops_kolektor_gt/test/normal/20713_03422.png,0,normal,test,test,20713,20713.png,"[121, 336, 234, 423]",1.0,kolektor_gt,kolektor_permukaan
C:/Arib/MASSA AYAM/chicken detection + constrative classification/data/crops_kolektor_gt/test/normal/20714_03423.png,0,normal,test,test,20714,20714.png,"[105, 29, 155, 114]",1.0,kolektor_gt,kolektor_permukaan
C:/Arib/MASSA AYAM/chicken detection + constrative classification/data/crops_kolektor_gt/test/normal/20715_03424.png,0,normal,test,test,20715,20715.png,"[64, 367, 94, 393]",1.0,kolektor_gt,kolektor_permukaan
C:/Arib/MASSA AYAM/chicken detection + constrative classification/data/crops_kolektor_gt/test/normal/20716_03425.png,0,normal,test,test,20716,20716.png,"[90, 254, 134, 298]",1.0,kolektor_gt,kolektor_permukaan
C:/Arib/MASSA AYAM/chicken detection + constrative classification/data/crops_kolektor_gt/test/normal/20717_03426.png,0,normal,test,test,20717,20717.png,"[3, 332, 169, 438]",1.0,kolektor_gt,kolektor_permukaan
C:/Arib/MASSA AYAM/chicken detection + constrative classification/data/crops_kolektor_gt/test/normal/20718_03427.png,0,normal,test,test,20718,20718.png,"[67, 164, 163, 239]",1.0,kolektor_gt,kolektor_permukaan
C:/Arib/MASSA AYAM/chicken detection + constrative classification/data/crops_kolektor_gt/test/normal/20719_03428.png,0,normal,test,test,20719,20719.png,"[17, 329, 203, 388]",1.0,kolektor_gt,kolektor_permukaan
C:/Arib/MASSA AYAM/chicken detection + constrative classification/data/crops_kolektor_gt/test/normal/20720_03429.png,0,normal,test,test,20720,20720.png,"[89, 176, 167, 270]",1.0,kolektor_gt,kolektor_permukaan
C:/Arib/MASSA AYAM/chicken detection + constrative classification/data/crops_kolektor_gt/test/normal/20721_03430.png,0,normal,test,test,20721,20721.png,"[22, 341, 90, 412]",1.0,kolektor_gt,kolektor_permukaan
C:/Arib/MASSA AYAM/chicken detection + constrative classification/data/crops_kolektor_gt/test/normal/20722_03431.png,0,normal,test,test,20722,20722.png,"[58, 324, 115, 416]",1.0,kolektor_gt,kolektor_permukaan
C:/Arib/MASSA AYAM/chicken detection + constrative classification/data/crops_kolektor_gt/test/normal/20723_03432.png,0,normal,test,test,20723,20723.png,"[184, 92, 219, 185]",1.0,kolektor_gt,kolektor_permukaan
C:/Arib/MASSA AYAM/chicken detection + constrative classification/data/crops_kolektor_gt/test/normal/20724_03434.png,0,normal,test,test,20724,20724.png,"[103, 320, 199, 395]",1.0,kolektor_gt,kolektor_permukaan
C:/Arib/MASSA AYAM/chicken detection + constrative classification/data/crops_kolektor_gt/test/normal/20725_03435.png,0,normal,test,test,20725,20725.png,"[47, 391, 143, 466]",1.0,kolektor_gt,kolektor_permukaan
C:/Arib/MASSA AYAM/chicken detection + constrative classification/data/crops_kolektor_gt/test/normal/20726_03436.png,0,normal,test,test,20726,20726.png,"[124, 359, 192, 430]",1.0,kolektor_gt,kolektor_permukaan
C:/Arib/MASSA AYAM/chicken detection + constrative classification/data/crops_kolektor_gt/test/normal/20727_03437.png,0,normal,test,test,20727,20727.png,"[92, 163, 134, 181]",1.0,kolektor_gt,kolektor_permukaan
C:/Arib/MASSA AYAM/chicken detection + constrative classification/data/crops_kolektor_gt/test/normal/20728_03438.png,0,normal,test,test,20728,20728.png,"[4, 57, 79, 359]",1.0,kolektor_gt,kolektor_permukaan
C:/Arib/MASSA AYAM/chicken detection + constrative classification/data/crops_kolektor_gt/test/normal/20729_03439.png,0,normal,test,test,20729,20729.png,"[129, 303, 194, 369]",1.0,kolektor_gt,kolektor_permukaan
C:/Arib/MASSA AYAM/chicken detection + constrative classification/data/crops_kolektor_gt/test/normal/20730_03440.png,0,normal,test,test,20730,20730.png,"[45, 407, 102, 499]",1.0,kolektor_gt,kolektor_permukaan
C:/Arib/MASSA AYAM/chicken detection + constrative classification/data/crops_kolektor_gt/test/normal/20731_03441.png,0,normal,test,test,20731,20731.png,"[25, 95, 183, 188]",1.0,kolektor_gt,kolektor_permukaan
C:/Arib/MASSA AYAM/chicken detection + constrative classification/data/crops_kolektor_gt/test/normal/20732_03442.png,0,normal,test,test,20732,20732.png,"[103, 436, 174, 564]",1.0,kolektor_gt,kolektor_permukaan
C:/Arib/MASSA AYAM/chicken detection + constrative classification/data/crops_kolektor_gt/test/normal/20733_03443.png,0,normal,test,test,20733,20733.png,"[43, 362, 202, 470]",1.0,kolektor_gt,kolektor_permukaan
C:/Arib/MASSA AYAM/chicken detection + constrative classification/data/crops_kolektor_gt/test/normal/20734_03444.png,0,normal,test,test,20734,20734.png,"[98, 106, 148, 191]",1.0,kolektor_gt,kolektor_permukaan
C:/Arib/MASSA AYAM/chicken detection + constrative classification/data/crops_kolektor_gt/test/normal/20735_03445.png,0,normal,test,test,20735,20735.png,"[75, 583, 130, 628]",1.0,kolektor_gt,kolektor_permukaan
C:/Arib/MASSA AYAM/chicken detection + constrative classification/data/crops_kolektor_gt/test/normal/20736_03446.png,0,normal,test,test,20736,20736.png,"[57, 226, 132, 528]",1.0,kolektor_gt,kolektor_permukaan
C:/Arib/MASSA AYAM/chicken detection + constrative classification/data/crops_kolektor_gt/test/normal/20737_03447.png,0,normal,test,test,20737,20737.png,"[140, 158, 164, 206]",1.0,kolektor_gt,kolektor_permukaan
C:/Arib/MASSA AYAM/chicken detection + constrative classification/data/crops_kolektor_gt/test/normal/20738_03449.png,0,normal,test,test,20738,20738.png,"[70, 26, 99, 43]",1.0,kolektor_gt,kolektor_permukaan
C:/Arib/MASSA AYAM/chicken detection + constrative classification/data/crops_kolektor_gt/test/normal/20739_03450.png,0,normal,test,test,20739,20739.png,"[56, 251, 145, 289]",1.0,kolektor_gt,kolektor_permukaan
C:/Arib/MASSA AYAM/chicken detection + constrative classification/data/crops_kolektor_gt/test/normal/20740_03451.png,0,normal,test,test,20740,20740.png,"[165, 221, 207, 239]",1.0,kolektor_gt,kolektor_permukaan
C:/Arib/MASSA AYAM/chicken detection + constrative classification/data/crops_kolektor_gt/test/normal/20741_03452.png,0,normal,test,test,20741,20741.png,"[62, 21, 96, 60]",1.0,kolektor_gt,kolektor_permukaan
C:/Arib/MASSA AYAM/chicken detection + constrative classification/data/crops_kolektor_gt/test/normal/20742_03453.png,0,normal,test,test,20742,20742.png,"[112, 424, 164, 495]",1.0,kolektor_gt,kolektor_permukaan
C:/Arib/MASSA AYAM/chicken detection + constrative classification/data/crops_kolektor_gt/test/normal/20743_03454.png,0,normal,test,test,20743,20743.png,"[49, 422, 73, 464]",1.0,kolektor_gt,kolektor_permukaan
C:/Arib/MASSA AYAM/chicken detection + constrative classification/data/crops_kolektor_gt/test/normal/20744_03456.png,0,normal,test,test,20744,20744.png,"[160, 396, 196, 449]",1.0,kolektor_gt,kolektor_permukaan
C:/Arib/MASSA AYAM/chicken detection + constrative classification/data/crops_kolektor_gt/test/normal/20745_03457.png,0,normal,test,test,20745,20745.png,"[93, 269, 154, 285]",1.0,kolektor_gt,kolektor_permukaan
C:/Arib/MASSA AYAM/chicken detection + constrative classification/data/crops_kolektor_gt/test/normal/20746_03458.png,0,normal,test,test,20746,20746.png,"[30, 163, 189, 453]",1.0,kolektor_gt,kolektor_permukaan
C:/Arib/MASSA AYAM/chicken detection + constrative classification/data/crops_kolektor_gt/test/normal/20747_03460.png,0,normal,test,test,20747,20747.png,"[91, 78, 179, 113]",1.0,kolektor_gt,kolektor_permukaan
C:/Arib/MASSA AYAM/chicken detection + constrative classification/data/crops_kolektor_gt/test/normal/20748_03461.png,0,normal,test,test,20748,20748.png,"[41, 359, 150, 615]",1.0,kolektor_gt,kolektor_permukaan
C:/Arib/MASSA AYAM/chicken detection + constrative classification/data/crops_kolektor_gt/test/normal/20749_03462.png,0,normal,test,test,20749,20749.png,"[148, 131, 205, 223]",1.0,kolektor_gt,kolektor_permukaan
C:/Arib/MASSA AYAM/chicken detection + constrative classification/data/crops_kolektor_gt/test/normal/20750_03463.png,0,normal,test,test,20750,20750.png,"[129, 487, 179, 572]",1.0,kolektor_gt,kolektor_permukaan
C:/Arib/MASSA AYAM/chicken detection + constrative classification/data/crops_kolektor_gt/test/normal/20751_03464.png,0,normal,test,test,20751,20751.png,"[206, 233, 228, 278]",1.0,kolektor_gt,kolektor_permukaan
C:/Arib/MASSA AYAM/chicken detection + constrative classification/data/crops_kolektor_gt/test/normal/20752_03465.png,0,normal,test,test,20752,20752.png,"[70, 229, 229, 337]",1.0,kolektor_gt,kolektor_permukaan
C:/Arib/MASSA AYAM/chicken detection + constrative classification/data/crops_kolektor_gt/test/normal/20753_03466.png,0,normal,test,test,20753,20753.png,"[13, 471, 48, 509]",1.0,kolektor_gt,kolektor_permukaan
C:/Arib/MASSA AYAM/chicken detection + constrative classification/data/crops_kolektor_gt/test/normal/20754_03468.png,0,normal,test,test,20754,20754.png,"[111, 33, 175, 230]",1.0,kolektor_gt,kolektor_permukaan
C:/Arib/MASSA AYAM/chicken detection + constrative classification/data/crops_kolektor_gt/test/normal/20755_03469.png,0,normal,test,test,20755,20755.png,"[5, 573, 40, 604]",1.0,kolektor_gt,kolektor_permukaan
C:/Arib/MASSA AYAM/chicken detection + constrative classification/data/crops_kolektor_gt/test/normal/20756_03470.png,0,normal,test,test,20756,20756.png,"[3, 177, 176, 423]",1.0,kolektor_gt,kolektor_permukaan
C:/Arib/MASSA AYAM/chicken detection + constrative classification/data/crops_kolektor_gt/test/normal/20757_03471.png,0,normal,test,test,20757,20757.png,"[37, 65, 98, 81]",1.0,kolektor_gt,kolektor_permukaan
C:/Arib/MASSA AYAM/chicken detection + constrative classification/data/crops_kolektor_gt/test/normal/20758_03472.png,0,normal,test,test,20758,20758.png,"[70, 291, 132, 432]",1.0,kolektor_gt,kolektor_permukaan
C:/Arib/MASSA AYAM/chicken detection + constrative classification/data/crops_kolektor_gt/test/normal/20759_03473.png,0,normal,test,test,20759,20759.png,"[186, 28, 195, 70]",1.0,kolektor_gt,kolektor_permukaan
C:/Arib/MASSA AYAM/chicken detection + constrative classification/data/crops_kolektor_gt/test/normal/20760_03474.png,0,normal,test,test,20760,20760.png,"[110, 136, 194, 178]",1.0,kolektor_gt,kolektor_permukaan
C:/Arib/MASSA AYAM/chicken detection + constrative classification/data/crops_kolektor_gt/test/normal/20761_03475.png,0,normal,test,test,20761,20761.png,"[169, 462, 178, 475]",1.0,kolektor_gt,kolektor_permukaan
C:/Arib/MASSA AYAM/chicken detection + constrative classification/data/crops_kolektor_gt/test/normal/20762_03476.png,0,normal,test,test,20762,20762.png,"[86, 311, 218, 402]",1.0,kolektor_gt,kolektor_permukaan
C:/Arib/MASSA AYAM/chicken detection + constrative classification/data/crops_kolektor_gt/test/normal/20763_03477.png,0,normal,test,test,20763,20763.png,"[204, 520, 228, 562]",1.0,kolektor_gt,kolektor_permukaan
C:/Arib/MASSA AYAM/chicken detection + constrative classification/data/crops_kolektor_gt/test/normal/20764_03478.png,0,normal,test,test,20764,20764.png,"[138, 322, 214, 381]",1.0,kolektor_gt,kolektor_permukaan
C:/Arib/MASSA AYAM/chicken detection + constrative classification/data/crops_kolektor_gt/test/normal/20765_03480.png,0,normal,test,test,20765,20765.png,"[1, 54, 63, 85]",1.0,kolektor_gt,kolektor_permukaan
C:/Arib/MASSA AYAM/chicken detection + constrative classification/data/crops_kolektor_gt/test/normal/20766_03481.png,0,normal,test,test,20766,20766.png,"[150, 122, 217, 184]",1.0,kolektor_gt,kolektor_permukaan
C:/Arib/MASSA AYAM/chicken detection + constrative classification/data/crops_kolektor_gt/test/normal/20767_03482.png,0,normal,test,test,20767,20767.png,"[8, 423, 166, 516]",1.0,kolektor_gt,kolektor_permukaan
C:/Arib/MASSA AYAM/chicken detection + constrative classification/data/crops_kolektor_gt/test/normal/20768_03483.png,0,normal,test,test,20768,20768.png,"[49, 254, 74, 314]",1.0,kolektor_gt,kolektor_permukaan
C:/Arib/MASSA AYAM/chicken detection + constrative classification/data/crops_kolektor_gt/test/normal/20769_03484.png,0,normal,test,test,20769,20769.png,"[97, 183, 212, 282]",1.0,kolektor_gt,kolektor_permukaan
C:/Arib/MASSA AYAM/chicken detection + constrative classification/data/crops_kolektor_gt/test/normal/20770_03485.png,0,normal,test,test,20770,20770.png,"[63, 122, 210, 165]",1.0,kolektor_gt,kolektor_permukaan
C:/Arib/MASSA AYAM/chicken detection + constrative classification/data/crops_kolektor_gt/test/normal/20771_03486.png,0,normal,test,test,20771,20771.png,"[103, 396, 138, 489]",1.0,kolektor_gt,kolektor_permukaan
C:/Arib/MASSA AYAM/chicken detection + constrative classification/data/crops_kolektor_gt/test/normal/20772_03488.png,0,normal,test,test,20772,20772.png,"[104, 195, 172, 347]",1.0,kolektor_gt,kolektor_permukaan
C:/Arib/MASSA AYAM/chicken detection + constrative classification/data/crops_kolektor_gt/test/normal/20773_03489.png,0,normal,test,test,20773,20773.png,"[108, 175, 217, 431]",1.0,kolektor_gt,kolektor_permukaan
C:/Arib/MASSA AYAM/chicken detection + constrative classification/data/crops_kolektor_gt/test/normal/20774_03490.png,0,normal,test,test,20774,20774.png,"[90, 181, 155, 247]",1.0,kolektor_gt,kolektor_permukaan
C:/Arib/MASSA AYAM/chicken detection + constrative classification/data/crops_kolektor_gt/test/normal/20775_03491.png,0,normal,test,test,20775,20775.png,"[64, 511, 98, 602]",1.0,kolektor_gt,kolektor_permukaan
C:/Arib/MASSA AYAM/chicken detection + constrative classification/data/crops_kolektor_gt/test/normal/20776_03492.png,0,normal,test,test,20776,20776.png,"[102, 205, 111, 235]",1.0,kolektor_gt,kolektor_permukaan
C:/Arib/MASSA AYAM/chicken detection + constrative classification/data/crops_kolektor_gt/test/normal/20777_03493.png,0,normal,test,test,20777,20777.png,"[162, 83, 209, 120]",1.0,kolektor_gt,kolektor_permukaan
C:/Arib/MASSA AYAM/chicken detection + constrative classification/data/crops_kolektor_gt/test/normal/20778_03494.png,0,normal,test,test,20778,20778.png,"[24, 536, 102, 630]",1.0,kolektor_gt,kolektor_permukaan
C:/Arib/MASSA AYAM/chicken detection + constrative classification/data/crops_kolektor_gt/test/normal/20779_03495.png,0,normal,test,test,20779,20779.png,"[155, 62, 189, 153]",1.0,kolektor_gt,kolektor_permukaan
C:/Arib/MASSA AYAM/chicken detection + constrative classification/data/crops_kolektor_gt/test/normal/20780_03496.png,0,normal,test,test,20780,20780.png,"[95, 97, 159, 162]",1.0,kolektor_gt,kolektor_permukaan
C:/Arib/MASSA AYAM/chicken detection + constrative classification/data/crops_kolektor_gt/test/normal/20781_03497.png,0,normal,test,test,20781,20781.png,"[3, 4, 64, 24]",1.0,kolektor_gt,kolektor_permukaan
C:/Arib/MASSA AYAM/chicken detection + constrative classification/data/crops_kolektor_gt/test/normal/20782_03498.png,0,normal,test,test,20782,20782.png,"[7, 383, 72, 449]",1.0,kolektor_gt,kolektor_permukaan
C:/Arib/MASSA AYAM/chicken detection + constrative classification/data/crops_kolektor_gt/test/normal/20783_03499.png,0,normal,test,test,20783,20783.png,"[24, 510, 144, 610]",1.0,kolektor_gt,kolektor_permukaan
C:/Arib/MASSA AYAM/chicken detection + constrative classification/data/crops_kolektor_gt/test/normal/20784_03501.png,0,normal,test,test,20784,20784.png,"[24, 158, 68, 202]",1.0,kolektor_gt,kolektor_permukaan
C:/Arib/MASSA AYAM/chicken detection + constrative classification/data/crops_kolektor_gt/test/normal/20785_03503.png,0,normal,test,test,20785,20785.png,"[112, 181, 121, 223]",1.0,kolektor_gt,kolektor_permukaan
C:/Arib/MASSA AYAM/chicken detection + constrative classification/data/crops_kolektor_gt/test/normal/20786_03504.png,0,normal,test,test,20786,20786.png,"[52, 227, 222, 459]",1.0,kolektor_gt,kolektor_permukaan
C:/Arib/MASSA AYAM/chicken detection + constrative classification/data/crops_kolektor_gt/test/normal/20787_03505.png,0,normal,test,test,20787,20787.png,"[137, 123, 219, 231]",1.0,kolektor_gt,kolektor_permukaan
C:/Arib/MASSA AYAM/chicken detection + constrative classification/data/crops_kolektor_gt/test/normal/20788_03506.png,0,normal,test,test,20788,20788.png,"[74, 110, 139, 176]",1.0,kolektor_gt,kolektor_permukaan
C:/Arib/MASSA AYAM/chicken detection + constrative classification/data/crops_kolektor_gt/test/normal/20789_03507.png,0,normal,test,test,20789,20789.png,"[37, 265, 212, 558]",1.0,kolektor_gt,kolektor_permukaan
C:/Arib/MASSA AYAM/chicken detection + constrative classification/data/crops_kolektor_gt/test/normal/20790_03508.png,0,normal,test,test,20790,20790.png,"[127, 197, 162, 290]",1.0,kolektor_gt,kolektor_permukaan
C:/Arib/MASSA AYAM/chicken detection + constrative classification/data/crops_kolektor_gt/test/normal/20791_03509.png,0,normal,test,test,20791,20791.png,"[86, 465, 108, 518]",1.0,kolektor_gt,kolektor_permukaan
C:/Arib/MASSA AYAM/chicken detection + constrative classification/data/crops_kolektor_gt/test/normal/20792_03510.png,0,normal,test,test,20792,20792.png,"[99, 458, 154, 519]",1.0,kolektor_gt,kolektor_permukaan
C:/Arib/MASSA AYAM/chicken detection + constrative classification/data/crops_kolektor_gt/test/normal/20793_03511.png,0,normal,test,test,20793,20793.png,"[141, 67, 170, 84]",1.0,kolektor_gt,kolektor_permukaan
C:/Arib/MASSA AYAM/chicken detection + constrative classification/data/crops_kolektor_gt/test/normal/20794_03512.png,0,normal,test,test,20794,20794.png,"[18, 122, 177, 412]",1.0,kolektor_gt,kolektor_permukaan
C:/Arib/MASSA AYAM/chicken detection + constrative classification/data/crops_kolektor_gt/test/normal/20795_03513.png,0,normal,test,test,20795,20795.png,"[48, 413, 132, 455]",1.0,kolektor_gt,kolektor_permukaan
C:/Arib/MASSA AYAM/chicken detection + constrative classification/data/crops_kolektor_gt/test/normal/20796_03514.png,0,normal,test,test,20796,20796.png,"[122, 101, 186, 166]",1.0,kolektor_gt,kolektor_permukaan
C:/Arib/MASSA AYAM/chicken detection + constrative classification/data/crops_kolektor_gt/test/normal/20797_03515.png,0,normal,test,test,20797,20797.png,"[82, 539, 159, 588]",1.0,kolektor_gt,kolektor_permukaan
C:/Arib/MASSA AYAM/chicken detection + constrative classification/data/crops_kolektor_gt/test/normal/20798_03516.png,0,normal,test,test,20798,20798.png,"[68, 534, 200, 625]",1.0,kolektor_gt,kolektor_permukaan
C:/Arib/MASSA AYAM/chicken detection + constrative classification/data/crops_kolektor_gt/test/normal/20799_03517.png,0,normal,test,test,20799,20799.png,"[51, 289, 139, 324]",1.0,kolektor_gt,kolektor_permukaan
C:/Arib/MASSA AYAM/chicken detection + constrative classification/data/crops_kolektor_gt/test/normal/20800_03518.png,0,normal,test,test,20800,20800.png,"[195, 202, 212, 217]",1.0,kolektor_gt,kolektor_permukaan
C:/Arib/MASSA AYAM/chicken detection + constrative classification/data/crops_kolektor_gt/test/normal/20801_03520.png,0,normal,test,test,20801,20801.png,"[160, 436, 194, 475]",1.0,kolektor_gt,kolektor_permukaan
C:/Arib/MASSA AYAM/chicken detection + constrative classification/data/crops_kolektor_gt/test/normal/20802_03521.png,0,normal,test,test,20802,20802.png,"[10, 502, 124, 633]",1.0,kolektor_gt,kolektor_permukaan
C:/Arib/MASSA AYAM/chicken detection + constrative classification/data/crops_kolektor_gt/test/normal/20803_03522.png,0,normal,test,test,20803,20803.png,"[82, 574, 104, 619]",1.0,kolektor_gt,kolektor_permukaan
C:/Arib/MASSA AYAM/chicken detection + constrative classification/data/crops_kolektor_gt/test/normal/20804_03524.png,0,normal,test,test,20804,20804.png,"[156, 398, 208, 469]",1.0,kolektor_gt,kolektor_permukaan
C:/Arib/MASSA AYAM/chicken detection + constrative classification/data/crops_kolektor_gt/test/normal/20805_03525.png,0,normal,test,test,20805,20805.png,"[36, 56, 202, 162]",1.0,kolektor_gt,kolektor_permukaan
C:/Arib/MASSA AYAM/chicken detection + constrative classification/data/crops_kolektor_gt/test/normal/20806_03526.png,0,normal,test,test,20806,20806.png,"[48, 91, 135, 146]",1.0,kolektor_gt,kolektor_permukaan
C:/Arib/MASSA AYAM/chicken detection + constrative classification/data/crops_kolektor_gt/test/normal/20807_03527.png,0,normal,test,test,20807,20807.png,"[146, 277, 210, 474]",1.0,kolektor_gt,kolektor_permukaan
C:/Arib/MASSA AYAM/chicken detection + constrative classification/data/crops_kolektor_gt/test/normal/20808_03528.png,0,normal,test,test,20808,20808.png,"[0, 273, 225, 488]",1.0,kolektor_gt,kolektor_permukaan
C:/Arib/MASSA AYAM/chicken detection + constrative classification/data/crops_kolektor_gt/test/normal/20809_03529.png,0,normal,test,test,20809,20809.png,"[49, 192, 176, 292]",1.0,kolektor_gt,kolektor_permukaan
C:/Arib/MASSA AYAM/chicken detection + constrative classification/data/crops_kolektor_gt/test/normal/20810_03530.png,0,normal,test,test,20810,20810.png,"[13, 444, 70, 536]",1.0,kolektor_gt,kolektor_permukaan
C:/Arib/MASSA AYAM/chicken detection + constrative classification/data/crops_kolektor_gt/test/normal/20811_03531.png,0,normal,test,test,20811,20811.png,"[45, 520, 106, 540]",1.0,kolektor_gt,kolektor_permukaan
C:/Arib/MASSA AYAM/chicken detection + constrative classification/data/crops_kolektor_gt/test/normal/20812_03532.png,0,normal,test,test,20812,20812.png,"[5, 219, 137, 310]",1.0,kolektor_gt,kolektor_permukaan
C:/Arib/MASSA AYAM/chicken detection + constrative classification/data/crops_kolektor_gt/test/normal/20813_03533.png,0,normal,test,test,20813,20813.png,"[14, 163, 189, 456]",1.0,kolektor_gt,kolektor_permukaan
C:/Arib/MASSA AYAM/chicken detection + constrative classification/data/crops_kolektor_gt/test/normal/20814_03534.png,0,normal,test,test,20814,20814.png,"[63, 211, 173, 299]",1.0,kolektor_gt,kolektor_permukaan
C:/Arib/MASSA AYAM/chicken detection + constrative classification/data/crops_kolektor_gt/test/normal/20815_03535.png,0,normal,test,test,20815,20815.png,"[3, 46, 25, 99]",1.0,kolektor_gt,kolektor_permukaan
C:/Arib/MASSA AYAM/chicken detection + constrative classification/data/crops_kolektor_gt/test/normal/20816_03537.png,0,normal,test,test,20816,20816.png,"[48, 210, 175, 281]",1.0,kolektor_gt,kolektor_permukaan
C:/Arib/MASSA AYAM/chicken detection + constrative classification/data/crops_kolektor_gt/test/normal/20817_03538.png,0,normal,test,test,20817,20817.png,"[74, 4, 108, 117]",1.0,kolektor_gt,kolektor_permukaan
C:/Arib/MASSA AYAM/chicken detection + constrative classification/data/crops_kolektor_gt/test/normal/20818_03539.png,0,normal,test,test,20818,20818.png,"[84, 181, 168, 209]",1.0,kolektor_gt,kolektor_permukaan
C:/Arib/MASSA AYAM/chicken detection + constrative classification/data/crops_kolektor_gt/test/normal/20819_03540.png,0,normal,test,test,20819,20819.png,"[58, 380, 90, 429]",1.0,kolektor_gt,kolektor_permukaan
C:/Arib/MASSA AYAM/chicken detection + constrative classification/data/crops_kolektor_gt/test/normal/20820_03541.png,0,normal,test,test,20820,20820.png,"[11, 159, 47, 212]",1.0,kolektor_gt,kolektor_permukaan
C:/Arib/MASSA AYAM/chicken detection + constrative classification/data/crops_kolektor_gt/test/normal/20821_03543.png,0,normal,test,test,20821,20821.png,"[153, 252, 229, 311]",1.0,kolektor_gt,kolektor_permukaan
C:/Arib/MASSA AYAM/chicken detection + constrative classification/data/crops_kolektor_gt/test/normal/20822_03544.png,0,normal,test,test,20822,20822.png,"[108, 584, 117, 614]",1.0,kolektor_gt,kolektor_permukaan
C:/Arib/MASSA AYAM/chicken detection + constrative classification/data/crops_kolektor_gt/test/normal/20823_03545.png,0,normal,test,test,20823,20823.png,"[40, 317, 221, 409]",1.0,kolektor_gt,kolektor_permukaan
C:/Arib/MASSA AYAM/chicken detection + constrative classification/data/crops_kolektor_gt/test/normal/20824_03546.png,0,normal,test,test,20824,20824.png,"[167, 279, 201, 370]",1.0,kolektor_gt,kolektor_permukaan
C:/Arib/MASSA AYAM/chicken detection + constrative classification/data/crops_kolektor_gt/test/normal/20825_03547.png,0,normal,test,test,20825,20825.png,"[106, 423, 148, 482]",1.0,kolektor_gt,kolektor_permukaan
C:/Arib/MASSA AYAM/chicken detection + constrative classification/data/crops_kolektor_gt/test/normal/20826_03548.png,0,normal,test,test,20826,20826.png,"[48, 499, 103, 541]",1.0,kolektor_gt,kolektor_permukaan
C:/Arib/MASSA AYAM/chicken detection + constrative classification/data/crops_kolektor_gt/test/normal/20827_03550.png,0,normal,test,test,20827,20827.png,"[153, 5, 174, 211]",1.0,kolektor_gt,kolektor_permukaan
C:/Arib/MASSA AYAM/chicken detection + constrative classification/data/crops_kolektor_gt/test/normal/20828_03551.png,0,normal,test,test,20828,20828.png,"[10, 459, 83, 508]",1.0,kolektor_gt,kolektor_permukaan
C:/Arib/MASSA AYAM/chicken detection + constrative classification/data/crops_kolektor_gt/test/normal/20829_03553.png,0,normal,test,test,20829,20829.png,"[57, 72, 133, 89]",1.0,kolektor_gt,kolektor_permukaan
C:/Arib/MASSA AYAM/chicken detection + constrative classification/data/crops_kolektor_gt/test/normal/20830_03554.png,0,normal,test,test,20830,20830.png,"[40, 500, 74, 613]",1.0,kolektor_gt,kolektor_permukaan
C:/Arib/MASSA AYAM/chicken detection + constrative classification/data/crops_kolektor_gt/test/normal/20831_03555.png,0,normal,test,test,20831,20831.png,"[83, 171, 140, 263]",1.0,kolektor_gt,kolektor_permukaan
C:/Arib/MASSA AYAM/chicken detection + constrative classification/data/crops_kolektor_gt/test/normal/20832_03556.png,0,normal,test,test,20832,20832.png,"[174, 366, 195, 572]",1.0,kolektor_gt,kolektor_permukaan
C:/Arib/MASSA AYAM/chicken detection + constrative classification/data/crops_kolektor_gt/test/normal/20833_03557.png,0,normal,test,test,20833,20833.png,"[72, 549, 145, 598]",1.0,kolektor_gt,kolektor_permukaan
C:/Arib/MASSA AYAM/chicken detection + constrative classification/data/crops_kolektor_gt/test/normal/20834_03559.png,0,normal,test,test,20834,20834.png,"[72, 583, 95, 606]",1.0,kolektor_gt,kolektor_permukaan
C:/Arib/MASSA AYAM/chicken detection + constrative classification/data/crops_kolektor_gt/test/normal/20835_03560.png,0,normal,test,test,20835,20835.png,"[15, 202, 144, 338]",1.0,kolektor_gt,kolektor_permukaan
C:/Arib/MASSA AYAM/chicken detection + constrative classification/data/crops_kolektor_gt/test/normal/20836_03561.png,0,normal,test,test,20836,20836.png,"[51, 88, 118, 121]",1.0,kolektor_gt,kolektor_permukaan
C:/Arib/MASSA AYAM/chicken detection + constrative classification/data/crops_kolektor_gt/test/normal/20837_03562.png,0,normal,test,test,20837,20837.png,"[51, 130, 81, 219]",1.0,kolektor_gt,kolektor_permukaan
C:/Arib/MASSA AYAM/chicken detection + constrative classification/data/crops_kolektor_gt/test/normal/20838_03563.png,0,normal,test,test,20838,20838.png,"[120, 490, 202, 598]",1.0,kolektor_gt,kolektor_permukaan
C:/Arib/MASSA AYAM/chicken detection + constrative classification/data/crops_kolektor_gt/test/normal/20839_03564.png,0,normal,test,test,20839,20839.png,"[9, 397, 25, 429]",1.0,kolektor_gt,kolektor_permukaan
C:/Arib/MASSA AYAM/chicken detection + constrative classification/data/crops_kolektor_gt/test/normal/20840_03565.png,0,normal,test,test,20840,20840.png,"[88, 412, 217, 548]",1.0,kolektor_gt,kolektor_permukaan
C:/Arib/MASSA AYAM/chicken detection + constrative classification/data/crops_kolektor_gt/test/normal/20841_03566.png,0,normal,test,test,20841,20841.png,"[157, 379, 229, 459]",1.0,kolektor_gt,kolektor_permukaan
C:/Arib/MASSA AYAM/chicken detection + constrative classification/data/crops_kolektor_gt/test/normal/20842_03567.png,0,normal,test,test,20842,20842.png,"[113, 42, 189, 101]",1.0,kolektor_gt,kolektor_permukaan
C:/Arib/MASSA AYAM/chicken detection + constrative classification/data/crops_kolektor_gt/test/normal/20843_03568.png,0,normal,test,test,20843,20843.png,"[48, 215, 127, 274]",1.0,kolektor_gt,kolektor_permukaan
C:/Arib/MASSA AYAM/chicken detection + constrative classification/data/crops_kolektor_gt/test/normal/20844_03569.png,0,normal,test,test,20844,20844.png,"[145, 14, 232, 69]",1.0,kolektor_gt,kolektor_permukaan
C:/Arib/MASSA AYAM/chicken detection + constrative classification/data/crops_kolektor_gt/test/normal/20845_03570.png,0,normal,test,test,20845,20845.png,"[64, 179, 79, 228]",1.0,kolektor_gt,kolektor_permukaan
C:/Arib/MASSA AYAM/chicken detection + constrative classification/data/crops_kolektor_gt/test/normal/20846_03571.png,0,normal,test,test,20846,20846.png,"[7, 400, 167, 490]",1.0,kolektor_gt,kolektor_permukaan
C:/Arib/MASSA AYAM/chicken detection + constrative classification/data/crops_kolektor_gt/test/normal/20847_03572.png,0,normal,test,test,20847,20847.png,"[129, 65, 163, 104]",1.0,kolektor_gt,kolektor_permukaan
C:/Arib/MASSA AYAM/chicken detection + constrative classification/data/crops_kolektor_gt/test/normal/20848_03574.png,0,normal,test,test,20848,20848.png,"[47, 199, 61, 221]",1.0,kolektor_gt,kolektor_permukaan
C:/Arib/MASSA AYAM/chicken detection + constrative classification/data/crops_kolektor_gt/test/normal/20849_03575.png,0,normal,test,test,20849,20849.png,"[112, 25, 141, 34]",1.0,kolektor_gt,kolektor_permukaan
C:/Arib/MASSA AYAM/chicken detection + constrative classification/data/crops_kolektor_gt/test/normal/20850_03576.png,0,normal,test,test,20850,20850.png,"[62, 308, 124, 449]",1.0,kolektor_gt,kolektor_permukaan
C:/Arib/MASSA AYAM/chicken detection + constrative classification/data/crops_kolektor_gt/test/normal/20851_03577.png,0,normal,test,test,20851,20851.png,"[41, 146, 83, 221]",1.0,kolektor_gt,kolektor_permukaan
C:/Arib/MASSA AYAM/chicken detection + constrative classification/data/crops_kolektor_gt/test/normal/20852_03578.png,0,normal,test,test,20852,20852.png,"[0, 57, 229, 272]",1.0,kolektor_gt,kolektor_permukaan
C:/Arib/MASSA AYAM/chicken detection + constrative classification/data/crops_kolektor_gt/test/normal/20853_03579.png,0,normal,test,test,20853,20853.png,"[33, 273, 220, 479]",1.0,kolektor_gt,kolektor_permukaan
C:/Arib/MASSA AYAM/chicken detection + constrative classification/data/crops_kolektor_gt/test/normal/20854_03580.png,0,normal,test,test,20854,20854.png,"[43, 329, 72, 338]",1.0,kolektor_gt,kolektor_permukaan
C:/Arib/MASSA AYAM/chicken detection + constrative classification/data/crops_kolektor_gt/test/normal/20855_03581.png,0,normal,test,test,20855,20855.png,"[26, 239, 102, 298]",1.0,kolektor_gt,kolektor_permukaan
C:/Arib/MASSA AYAM/chicken detection + constrative classification/data/crops_kolektor_gt/test/normal/20856_03582.png,0,normal,test,test,20856,20856.png,"[14, 396, 112, 490]",1.0,kolektor_gt,kolektor_permukaan
C:/Arib/MASSA AYAM/chicken detection + constrative classification/data/crops_kolektor_gt/test/normal/20857_03584.png,0,normal,test,test,20857,20857.png,"[36, 122, 222, 181]",1.0,kolektor_gt,kolektor_permukaan
C:/Arib/MASSA AYAM/chicken detection + constrative classification/data/crops_kolektor_gt/test/normal/20858_03585.png,0,normal,test,test,20858,20858.png,"[80, 18, 209, 154]",1.0,kolektor_gt,kolektor_permukaan
C:/Arib/MASSA AYAM/chicken detection + constrative classification/data/crops_kolektor_gt/test/normal/20859_03586.png,0,normal,test,test,20859,20859.png,"[2, 487, 160, 580]",1.0,kolektor_gt,kolektor_permukaan
C:/Arib/MASSA AYAM/chicken detection + constrative classification/data/crops_kolektor_gt/test/normal/20860_03587.png,0,normal,test,test,20860,20860.png,"[98, 289, 145, 326]",1.0,kolektor_gt,kolektor_permukaan
C:/Arib/MASSA AYAM/chicken detection + constrative classification/data/crops_kolektor_gt/test/normal/20861_03588.png,0,normal,test,test,20861,20861.png,"[115, 466, 179, 588]",1.0,kolektor_gt,kolektor_permukaan
C:/Arib/MASSA AYAM/chicken detection + constrative classification/data/crops_kolektor_gt/test/normal/20862_03589.png,0,normal,test,test,20862,20862.png,"[125, 256, 194, 342]",1.0,kolektor_gt,kolektor_permukaan
C:/Arib/MASSA AYAM/chicken detection + constrative classification/data/crops_kolektor_gt/test/normal/20863_03590.png,0,normal,test,test,20863,20863.png,"[116, 490, 212, 565]",1.0,kolektor_gt,kolektor_permukaan
C:/Arib/MASSA AYAM/chicken detection + constrative classification/data/crops_kolektor_gt/test/normal/20864_03591.png,0,normal,test,test,20864,20864.png,"[116, 549, 161, 613]",1.0,kolektor_gt,kolektor_permukaan
C:/Arib/MASSA AYAM/chicken detection + constrative classification/data/crops_kolektor_gt/test/normal/20865_03592.png,0,normal,test,test,20865,20865.png,"[36, 293, 50, 315]",1.0,kolektor_gt,kolektor_permukaan
C:/Arib/MASSA AYAM/chicken detection + constrative classification/data/crops_kolektor_gt/test/normal/20866_03593.png,0,normal,test,test,20866,20866.png,"[49, 263, 169, 363]",1.0,kolektor_gt,kolektor_permukaan
C:/Arib/MASSA AYAM/chicken detection + constrative classification/data/crops_kolektor_gt/test/normal/20867_03594.png,0,normal,test,test,20867,20867.png,"[189, 21, 216, 91]",1.0,kolektor_gt,kolektor_permukaan
C:/Arib/MASSA AYAM/chicken detection + constrative classification/data/crops_kolektor_gt/test/normal/20868_03595.png,0,normal,test,test,20868,20868.png,"[18, 43, 145, 143]",1.0,kolektor_gt,kolektor_permukaan
C:/Arib/MASSA AYAM/chicken detection + constrative classification/data/crops_kolektor_gt/test/normal/20869_03596.png,0,normal,test,test,20869,20869.png,"[138, 232, 199, 248]",1.0,kolektor_gt,kolektor_permukaan
C:/Arib/MASSA AYAM/chicken detection + constrative classification/data/crops_kolektor_gt/test/normal/20870_03598.png,0,normal,test,test,20870,20870.png,"[32, 361, 68, 414]",1.0,kolektor_gt,kolektor_permukaan
C:/Arib/MASSA AYAM/chicken detection + constrative classification/data/crops_kolektor_gt/test/normal/20871_03599.png,0,normal,test,test,20871,20871.png,"[107, 427, 143, 480]",1.0,kolektor_gt,kolektor_permukaan
C:/Arib/MASSA AYAM/chicken detection + constrative classification/data/crops_kolektor_gt/test/normal/20872_03600.png,0,normal,test,test,20872,20872.png,"[113, 397, 130, 412]",1.0,kolektor_gt,kolektor_permukaan
C:/Arib/MASSA AYAM/chicken detection + constrative classification/data/crops_kolektor_gt/test/normal/20873_03601.png,0,normal,test,test,20873,20873.png,"[83, 408, 98, 457]",1.0,kolektor_gt,kolektor_permukaan
C:/Arib/MASSA AYAM/chicken detection + constrative classification/data/crops_kolektor_gt/test/normal/20874_03602.png,0,normal,test,test,20874,20874.png,"[52, 251, 113, 271]",1.0,kolektor_gt,kolektor_permukaan
C:/Arib/MASSA AYAM/chicken detection + constrative classification/data/crops_kolektor_gt/test/normal/20875_03603.png,0,normal,test,test,20875,20875.png,"[72, 199, 180, 258]",1.0,kolektor_gt,kolektor_permukaan
C:/Arib/MASSA AYAM/chicken detection + constrative classification/data/crops_kolektor_gt/test/normal/20876_03604.png,0,normal,test,test,20876,20876.png,"[168, 372, 193, 432]",1.0,kolektor_gt,kolektor_permukaan
C:/Arib/MASSA AYAM/chicken detection + constrative classification/data/crops_kolektor_gt/test/normal/20877_03605.png,0,normal,test,test,20877,20877.png,"[104, 383, 159, 444]",1.0,kolektor_gt,kolektor_permukaan
C:/Arib/MASSA AYAM/chicken detection + constrative classification/data/crops_kolektor_gt/test/normal/20878_03606.png,0,normal,test,test,20878,20878.png,"[100, 144, 109, 157]",1.0,kolektor_gt,kolektor_permukaan
C:/Arib/MASSA AYAM/chicken detection + constrative classification/data/crops_kolektor_gt/test/normal/20879_03607.png,0,normal,test,test,20879,20879.png,"[115, 307, 203, 342]",1.0,kolektor_gt,kolektor_permukaan
C:/Arib/MASSA AYAM/chicken detection + constrative classification/data/crops_kolektor_gt/test/normal/20880_03608.png,0,normal,test,test,20880,20880.png,"[111, 422, 226, 521]",1.0,kolektor_gt,kolektor_permukaan
C:/Arib/MASSA AYAM/chicken detection + constrative classification/data/crops_kolektor_gt/test/normal/20881_03610.png,0,normal,test,test,20881,20881.png,"[51, 222, 83, 263]",1.0,kolektor_gt,kolektor_permukaan
C:/Arib/MASSA AYAM/chicken detection + constrative classification/data/crops_kolektor_gt/test/normal/20882_03614.png,0,normal,test,test,20882,20882.png,"[141, 160, 156, 209]",1.0,kolektor_gt,kolektor_permukaan
C:/Arib/MASSA AYAM/chicken detection + constrative classification/data/crops_kolektor_gt/test/normal/20882_03615.png,0,normal,test,test,20882,20882.png,"[98, 529, 182, 557]",1.0,kolektor_gt,kolektor_permukaan
C:/Arib/MASSA AYAM/chicken detection + constrative classification/data/crops_kolektor_gt/test/normal/20882_03616.png,0,normal,test,test,20882,20882.png,"[170, 176, 194, 218]",1.0,kolektor_gt,kolektor_permukaan
C:/Arib/MASSA AYAM/chicken detection + constrative classification/data/crops_kolektor_gt/test/normal/20883_03617.png,0,normal,test,test,20883,20883.png,"[174, 576, 206, 600]",1.0,kolektor_gt,kolektor_permukaan
C:/Arib/MASSA AYAM/chicken detection + constrative classification/data/crops_kolektor_gt/test/normal/20884_03619.png,0,normal,test,test,20884,20884.png,"[9, 411, 195, 470]",1.0,kolektor_gt,kolektor_permukaan
C:/Arib/MASSA AYAM/chicken detection + constrative classification/data/crops_kolektor_gt/test/normal/20885_03620.png,0,normal,test,test,20885,20885.png,"[50, 154, 82, 197]",1.0,kolektor_gt,kolektor_permukaan
C:/Arib/MASSA AYAM/chicken detection + constrative classification/data/crops_kolektor_gt/test/normal/20886_03621.png,0,normal,test,test,20886,20886.png,"[62, 133, 133, 206]",1.0,kolektor_gt,kolektor_permukaan
C:/Arib/MASSA AYAM/chicken detection + constrative classification/data/crops_kolektor_gt/test/normal/20887_03622.png,0,normal,test,test,20887,20887.png,"[80, 543, 164, 585]",1.0,kolektor_gt,kolektor_permukaan
C:/Arib/MASSA AYAM/chicken detection + constrative classification/data/crops_kolektor_gt/test/normal/20888_03623.png,0,normal,test,test,20888,20888.png,"[9, 99, 43, 190]",1.0,kolektor_gt,kolektor_permukaan
C:/Arib/MASSA AYAM/chicken detection + constrative classification/data/crops_kolektor_gt/test/normal/20889_03624.png,0,normal,test,test,20889,20889.png,"[5, 8, 88, 43]",1.0,kolektor_gt,kolektor_permukaan
C:/Arib/MASSA AYAM/chicken detection + constrative classification/data/crops_kolektor_gt/test/normal/20890_03625.png,0,normal,test,test,20890,20890.png,"[13, 339, 65, 386]",1.0,kolektor_gt,kolektor_permukaan
C:/Arib/MASSA AYAM/chicken detection + constrative classification/data/crops_kolektor_gt/test/normal/20891_03627.png,0,normal,test,test,20891,20891.png,"[23, 320, 91, 391]",1.0,kolektor_gt,kolektor_permukaan
C:/Arib/MASSA AYAM/chicken detection + constrative classification/data/crops_kolektor_gt/test/normal/20892_03629.png,0,normal,test,test,20892,20892.png,"[38, 218, 70, 242]",1.0,kolektor_gt,kolektor_permukaan
C:/Arib/MASSA AYAM/chicken detection + constrative classification/data/crops_kolektor_gt/test/normal/20893_03630.png,0,normal,test,test,20893,20893.png,"[92, 319, 154, 460]",1.0,kolektor_gt,kolektor_permukaan
C:/Arib/MASSA AYAM/chicken detection + constrative classification/data/crops_kolektor_gt/test/normal/20894_03631.png,0,normal,test,test,20894,20894.png,"[114, 486, 167, 524]",1.0,kolektor_gt,kolektor_permukaan
C:/Arib/MASSA AYAM/chicken detection + constrative classification/data/crops_kolektor_gt/test/normal/20895_03633.png,0,normal,test,test,20895,20895.png,"[180, 179, 195, 228]",1.0,kolektor_gt,kolektor_permukaan
C:/Arib/MASSA AYAM/chicken detection + constrative classification/data/crops_kolektor_gt/test/normal/20896_03634.png,0,normal,test,test,20896,20896.png,"[143, 163, 178, 256]",1.0,kolektor_gt,kolektor_permukaan
C:/Arib/MASSA AYAM/chicken detection + constrative classification/data/crops_kolektor_gt/test/normal/20897_03635.png,0,normal,test,test,20897,20897.png,"[41, 425, 86, 489]",1.0,kolektor_gt,kolektor_permukaan
C:/Arib/MASSA AYAM/chicken detection + constrative classification/data/crops_kolektor_gt/test/normal/20898_03636.png,0,normal,test,test,20898,20898.png,"[158, 419, 206, 479]",1.0,kolektor_gt,kolektor_permukaan
C:/Arib/MASSA AYAM/chicken detection + constrative classification/data/crops_kolektor_gt/test/normal/20899_03637.png,0,normal,test,test,20899,20899.png,"[160, 480, 215, 541]",1.0,kolektor_gt,kolektor_permukaan
C:/Arib/MASSA AYAM/chicken detection + constrative classification/data/crops_kolektor_gt/test/normal/20900_03638.png,0,normal,test,test,20900,20900.png,"[63, 116, 132, 147]",1.0,kolektor_gt,kolektor_permukaan
C:/Arib/MASSA AYAM/chicken detection + constrative classification/data/crops_kolektor_gt/test/normal/20901_03639.png,0,normal,test,test,20901,20901.png,"[113, 99, 189, 158]",1.0,kolektor_gt,kolektor_permukaan
C:/Arib/MASSA AYAM/chicken detection + constrative classification/data/crops_kolektor_gt/test/normal/20902_03642.png,0,normal,test,test,20902,20902.png,"[10, 138, 88, 232]",1.0,kolektor_gt,kolektor_permukaan
C:/Arib/MASSA AYAM/chicken detection + constrative classification/data/crops_kolektor_gt/test/normal/20902_03643.png,0,normal,test,test,20902,20902.png,"[97, 484, 131, 575]",1.0,kolektor_gt,kolektor_permukaan
C:/Arib/MASSA AYAM/chicken detection + constrative classification/data/crops_kolektor_gt/test/normal/20903_03644.png,0,normal,test,test,20903,20903.png,"[5, 600, 40, 631]",1.0,kolektor_gt,kolektor_permukaan
C:/Arib/MASSA AYAM/chicken detection + constrative classification/data/crops_kolektor_gt/test/normal/20904_03645.png,0,normal,test,test,20904,20904.png,"[23, 225, 193, 457]",1.0,kolektor_gt,kolektor_permukaan
C:/Arib/MASSA AYAM/chicken detection + constrative classification/data/crops_kolektor_gt/test/normal/20905_03646.png,0,normal,test,test,20905,20905.png,"[28, 10, 203, 303]",1.0,kolektor_gt,kolektor_permukaan
C:/Arib/MASSA AYAM/chicken detection + constrative classification/data/crops_kolektor_gt/test/normal/20906_03647.png,0,normal,test,test,20906,20906.png,"[145, 352, 174, 369]",1.0,kolektor_gt,kolektor_permukaan
C:/Arib/MASSA AYAM/chicken detection + constrative classification/data/crops_kolektor_gt/test/normal/20907_03648.png,0,normal,test,test,20907,20907.png,"[94, 70, 177, 105]",1.0,kolektor_gt,kolektor_permukaan
C:/Arib/MASSA AYAM/chicken detection + constrative classification/data/crops_kolektor_gt/test/normal/20908_03649.png,0,normal,test,test,20908,20908.png,"[19, 346, 188, 448]",1.0,kolektor_gt,kolektor_permukaan
C:/Arib/MASSA AYAM/chicken detection + constrative classification/data/crops_kolektor_gt/test/normal/20909_03650.png,0,normal,test,test,20909,20909.png,"[28, 201, 73, 265]",1.0,kolektor_gt,kolektor_permukaan
C:/Arib/MASSA AYAM/chicken detection + constrative classification/data/crops_kolektor_gt/test/normal/20910_03651.png,0,normal,test,test,20910,20910.png,"[74, 42, 149, 344]",1.0,kolektor_gt,kolektor_permukaan
C:/Arib/MASSA AYAM/chicken detection + constrative classification/data/crops_kolektor_gt/test/normal/20911_03652.png,0,normal,test,test,20911,20911.png,"[126, 16, 158, 59]",1.0,kolektor_gt,kolektor_permukaan
C:/Arib/MASSA AYAM/chicken detection + constrative classification/data/crops_kolektor_gt/test/normal/20912_03654.png,0,normal,test,test,20912,20912.png,"[57, 427, 226, 529]",1.0,kolektor_gt,kolektor_permukaan
C:/Arib/MASSA AYAM/chicken detection + constrative classification/data/crops_kolektor_gt/test/normal/20913_03655.png,0,normal,test,test,20913,20913.png,"[32, 98, 191, 388]",1.0,kolektor_gt,kolektor_permukaan
C:/Arib/MASSA AYAM/chicken detection + constrative classification/data/crops_kolektor_gt/test/normal/20914_03656.png,0,normal,test,test,20914,20914.png,"[6, 501, 65, 591]",1.0,kolektor_gt,kolektor_permukaan
C:/Arib/MASSA AYAM/chicken detection + constrative classification/data/crops_kolektor_gt/test/normal/20915_03657.png,0,normal,test,test,20915,20915.png,"[13, 244, 48, 275]",1.0,kolektor_gt,kolektor_permukaan
C:/Arib/MASSA AYAM/chicken detection + constrative classification/data/crops_kolektor_gt/test/normal/20916_03658.png,0,normal,test,test,20916,20916.png,"[114, 443, 123, 473]",1.0,kolektor_gt,kolektor_permukaan
C:/Arib/MASSA AYAM/chicken detection + constrative classification/data/crops_kolektor_gt/test/normal/20917_03659.png,0,normal,test,test,20917,20917.png,"[191, 469, 220, 569]",1.0,kolektor_gt,kolektor_permukaan
C:/Arib/MASSA AYAM/chicken detection + constrative classification/data/crops_kolektor_gt/test/normal/20918_03660.png,0,normal,test,test,20918,20918.png,"[70, 16, 198, 172]",1.0,kolektor_gt,kolektor_permukaan
C:/Arib/MASSA AYAM/chicken detection + constrative classification/data/crops_kolektor_gt/test/normal/20919_03661.png,0,normal,test,test,20919,20919.png,"[79, 10, 206, 81]",1.0,kolektor_gt,kolektor_permukaan
C:/Arib/MASSA AYAM/chicken detection + constrative classification/data/crops_kolektor_gt/test/normal/20920_03662.png,0,normal,test,test,20920,20920.png,"[77, 389, 123, 463]",1.0,kolektor_gt,kolektor_permukaan
C:/Arib/MASSA AYAM/chicken detection + constrative classification/data/crops_kolektor_gt/test/normal/20921_03663.png,0,normal,test,test,20921,20921.png,"[97, 397, 115, 446]",1.0,kolektor_gt,kolektor_permukaan
C:/Arib/MASSA AYAM/chicken detection + constrative classification/data/crops_kolektor_gt/test/normal/20922_03666.png,0,normal,test,test,20922,20922.png,"[69, 356, 151, 464]",1.0,kolektor_gt,kolektor_permukaan
C:/Arib/MASSA AYAM/chicken detection + constrative classification/data/crops_kolektor_gt/test/normal/20922_03667.png,0,normal,test,test,20922,20922.png,"[21, 67, 208, 273]",1.0,kolektor_gt,kolektor_permukaan
C:/Arib/MASSA AYAM/chicken detection + constrative classification/data/crops_kolektor_gt/test/normal/20923_03668.png,0,normal,test,test,20923,20923.png,"[66, 565, 95, 574]",1.0,kolektor_gt,kolektor_permukaan
C:/Arib/MASSA AYAM/chicken detection + constrative classification/data/crops_kolektor_gt/test/normal/20924_03669.png,0,normal,test,test,20924,20924.png,"[68, 85, 91, 108]",1.0,kolektor_gt,kolektor_permukaan
C:/Arib/MASSA AYAM/chicken detection + constrative classification/data/crops_kolektor_gt/test/normal/20925_03670.png,0,normal,test,test,20925,20925.png,"[171, 86, 221, 171]",1.0,kolektor_gt,kolektor_permukaan
C:/Arib/MASSA AYAM/chicken detection + constrative classification/data/crops_kolektor_gt/test/normal/20926_03671.png,0,normal,test,test,20926,20926.png,"[81, 521, 129, 581]",1.0,kolektor_gt,kolektor_permukaan
C:/Arib/MASSA AYAM/chicken detection + constrative classification/data/crops_kolektor_gt/test/normal/20927_03672.png,0,normal,test,test,20927,20927.png,"[32, 109, 78, 183]",1.0,kolektor_gt,kolektor_permukaan
C:/Arib/MASSA AYAM/chicken detection + constrative classification/data/crops_kolektor_gt/test/normal/20928_03673.png,0,normal,test,test,20928,20928.png,"[47, 66, 167, 166]",1.0,kolektor_gt,kolektor_permukaan
C:/Arib/MASSA AYAM/chicken detection + constrative classification/data/crops_kolektor_gt/test/normal/20929_03674.png,0,normal,test,test,20929,20929.png,"[60, 89, 92, 132]",1.0,kolektor_gt,kolektor_permukaan
C:/Arib/MASSA AYAM/chicken detection + constrative classification/data/crops_kolektor_gt/test/normal/20930_03675.png,0,normal,test,test,20930,20930.png,"[185, 13, 227, 72]",1.0,kolektor_gt,kolektor_permukaan
C:/Arib/MASSA AYAM/chicken detection + constrative classification/data/crops_kolektor_gt/test/normal/20931_03676.png,0,normal,test,test,20931,20931.png,"[158, 72, 173, 121]",1.0,kolektor_gt,kolektor_permukaan
C:/Arib/MASSA AYAM/chicken detection + constrative classification/data/crops_kolektor_gt/test/normal/20932_03677.png,0,normal,test,test,20932,20932.png,"[111, 471, 224, 558]",1.0,kolektor_gt,kolektor_permukaan
C:/Arib/MASSA AYAM/chicken detection + constrative classification/data/crops_kolektor_gt/test/normal/20933_03678.png,0,normal,test,test,20933,20933.png,"[100, 340, 228, 496]",1.0,kolektor_gt,kolektor_permukaan
C:/Arib/MASSA AYAM/chicken detection + constrative classification/data/crops_kolektor_gt/test/normal/20934_03679.png,0,normal,test,test,20934,20934.png,"[14, 142, 35, 235]",1.0,kolektor_gt,kolektor_permukaan
C:/Arib/MASSA AYAM/chicken detection + constrative classification/data/crops_kolektor_gt/test/normal/20935_03680.png,0,normal,test,test,20935,20935.png,"[20, 190, 52, 214]",1.0,kolektor_gt,kolektor_permukaan
C:/Arib/MASSA AYAM/chicken detection + constrative classification/data/crops_kolektor_gt/test/normal/20936_03681.png,0,normal,test,test,20936,20936.png,"[0, 443, 77, 492]",1.0,kolektor_gt,kolektor_permukaan
C:/Arib/MASSA AYAM/chicken detection + constrative classification/data/crops_kolektor_gt/test/normal/20937_03682.png,0,normal,test,test,20937,20937.png,"[53, 51, 69, 83]",1.0,kolektor_gt,kolektor_permukaan
C:/Arib/MASSA AYAM/chicken detection + constrative classification/data/crops_kolektor_gt/test/normal/20938_03683.png,0,normal,test,test,20938,20938.png,"[82, 320, 146, 442]",1.0,kolektor_gt,kolektor_permukaan
C:/Arib/MASSA AYAM/chicken detection + constrative classification/data/crops_kolektor_gt/test/normal/20939_03684.png,0,normal,test,test,20939,20939.png,"[209, 202, 227, 251]",1.0,kolektor_gt,kolektor_permukaan
C:/Arib/MASSA AYAM/chicken detection + constrative classification/data/crops_kolektor_gt/test/normal/20940_03685.png,0,normal,test,test,20940,20940.png,"[154, 190, 184, 279]",1.0,kolektor_gt,kolektor_permukaan
C:/Arib/MASSA AYAM/chicken detection + constrative classification/data/crops_kolektor_gt/test/normal/20941_03687.png,0,normal,test,test,20941,20941.png,"[73, 62, 91, 111]",1.0,kolektor_gt,kolektor_permukaan
C:/Arib/MASSA AYAM/chicken detection + constrative classification/data/crops_kolektor_gt/test/normal/20942_03689.png,0,normal,test,test,20942,20942.png,"[47, 519, 89, 537]",1.0,kolektor_gt,kolektor_permukaan
C:/Arib/MASSA AYAM/chicken detection + constrative classification/data/crops_kolektor_gt/test/normal/20943_03690.png,0,normal,test,test,20943,20943.png,"[25, 269, 145, 369]",1.0,kolektor_gt,kolektor_permukaan
C:/Arib/MASSA AYAM/chicken detection + constrative classification/data/crops_kolektor_gt/test/normal/20944_03691.png,0,normal,test,test,20944,20944.png,"[48, 126, 136, 161]",1.0,kolektor_gt,kolektor_permukaan
C:/Arib/MASSA AYAM/chicken detection + constrative classification/data/crops_kolektor_gt/test/normal/20945_03692.png,0,normal,test,test,20945,20945.png,"[24, 191, 182, 284]",1.0,kolektor_gt,kolektor_permukaan
C:/Arib/MASSA AYAM/chicken detection + constrative classification/data/crops_kolektor_gt/test/normal/20946_03693.png,0,normal,test,test,20946,20946.png,"[58, 166, 136, 260]",1.0,kolektor_gt,kolektor_permukaan
C:/Arib/MASSA AYAM/chicken detection + constrative classification/data/crops_kolektor_gt/test/normal/20947_03694.png,0,normal,test,test,20947,20947.png,"[151, 303, 206, 345]",1.0,kolektor_gt,kolektor_permukaan
C:/Arib/MASSA AYAM/chicken detection + constrative classification/data/crops_kolektor_gt/test/normal/20948_03695.png,0,normal,test,test,20948,20948.png,"[73, 223, 152, 282]",1.0,kolektor_gt,kolektor_permukaan
C:/Arib/MASSA AYAM/chicken detection + constrative classification/data/crops_kolektor_gt/test/normal/20949_03696.png,0,normal,test,test,20949,20949.png,"[88, 246, 120, 295]",1.0,kolektor_gt,kolektor_permukaan
C:/Arib/MASSA AYAM/chicken detection + constrative classification/data/crops_kolektor_gt/test/normal/20950_03697.png,0,normal,test,test,20950,20950.png,"[43, 128, 216, 374]",1.0,kolektor_gt,kolektor_permukaan
C:/Arib/MASSA AYAM/chicken detection + constrative classification/data/crops_kolektor_gt/test/normal/20951_03698.png,0,normal,test,test,20951,20951.png,"[16, 63, 41, 117]",1.0,kolektor_gt,kolektor_permukaan
C:/Arib/MASSA AYAM/chicken detection + constrative classification/data/crops_kolektor_gt/test/normal/20952_03700.png,0,normal,test,test,20952,20952.png,"[126, 176, 188, 317]",1.0,kolektor_gt,kolektor_permukaan
C:/Arib/MASSA AYAM/chicken detection + constrative classification/data/crops_kolektor_gt/test/normal/20953_03701.png,0,normal,test,test,20953,20953.png,"[158, 440, 222, 505]",1.0,kolektor_gt,kolektor_permukaan
C:/Arib/MASSA AYAM/chicken detection + constrative classification/data/crops_kolektor_gt/test/normal/20954_03702.png,0,normal,test,test,20954,20954.png,"[91, 228, 220, 364]",1.0,kolektor_gt,kolektor_permukaan
C:/Arib/MASSA AYAM/chicken detection + constrative classification/data/crops_kolektor_gt/test/normal/20955_03703.png,0,normal,test,test,20955,20955.png,"[172, 90, 204, 114]",1.0,kolektor_gt,kolektor_permukaan
C:/Arib/MASSA AYAM/chicken detection + constrative classification/data/crops_kolektor_gt/test/normal/20956_03705.png,0,normal,test,test,20956,20956.png,"[155, 67, 224, 153]",1.0,kolektor_gt,kolektor_permukaan
C:/Arib/MASSA AYAM/chicken detection + constrative classification/data/crops_kolektor_gt/test/normal/20957_03706.png,0,normal,test,test,20957,20957.png,"[81, 461, 106, 521]",1.0,kolektor_gt,kolektor_permukaan
C:/Arib/MASSA AYAM/chicken detection + constrative classification/data/crops_kolektor_gt/test/normal/20958_03707.png,0,normal,test,test,20958,20958.png,"[122, 189, 190, 341]",1.0,kolektor_gt,kolektor_permukaan
C:/Arib/MASSA AYAM/chicken detection + constrative classification/data/crops_kolektor_gt/test/normal/20959_03709.png,0,normal,test,test,20959,20959.png,"[76, 500, 106, 589]",1.0,kolektor_gt,kolektor_permukaan
C:/Arib/MASSA AYAM/chicken detection + constrative classification/data/crops_kolektor_gt/test/normal/20960_03710.png,0,normal,test,test,20960,20960.png,"[48, 233, 80, 257]",1.0,kolektor_gt,kolektor_permukaan
C:/Arib/MASSA AYAM/chicken detection + constrative classification/data/crops_kolektor_gt/test/normal/20961_03711.png,0,normal,test,test,20961,20961.png,"[90, 419, 177, 474]",1.0,kolektor_gt,kolektor_permukaan
C:/Arib/MASSA AYAM/chicken detection + constrative classification/data/crops_kolektor_gt/test/normal/20962_03712.png,0,normal,test,test,20962,20962.png,"[83, 412, 154, 485]",1.0,kolektor_gt,kolektor_permukaan
C:/Arib/MASSA AYAM/chicken detection + constrative classification/data/crops_kolektor_gt/test/normal/20963_03713.png,0,normal,test,test,20963,20963.png,"[29, 463, 210, 555]",1.0,kolektor_gt,kolektor_permukaan
C:/Arib/MASSA AYAM/chicken detection + constrative classification/data/crops_kolektor_gt/test/normal/20964_03714.png,0,normal,test,test,20964,20964.png,"[98, 429, 153, 474]",1.0,kolektor_gt,kolektor_permukaan
C:/Arib/MASSA AYAM/chicken detection + constrative classification/data/crops_kolektor_gt/test/normal/20965_03715.png,0,normal,test,test,20965,20965.png,"[35, 324, 87, 371]",1.0,kolektor_gt,kolektor_permukaan
C:/Arib/MASSA AYAM/chicken detection + constrative classification/data/crops_kolektor_gt/test/normal/20966_03716.png,0,normal,test,test,20966,20966.png,"[161, 152, 213, 199]",1.0,kolektor_gt,kolektor_permukaan
C:/Arib/MASSA AYAM/chicken detection + constrative classification/data/crops_kolektor_gt/test/normal/20967_03717.png,0,normal,test,test,20967,20967.png,"[111, 176, 153, 235]",1.0,kolektor_gt,kolektor_permukaan
C:/Arib/MASSA AYAM/chicken detection + constrative classification/data/crops_kolektor_gt/test/normal/20968_03718.png,0,normal,test,test,20968,20968.png,"[13, 48, 188, 341]",1.0,kolektor_gt,kolektor_permukaan
C:/Arib/MASSA AYAM/chicken detection + constrative classification/data/crops_kolektor_gt/test/normal/20969_03720.png,0,normal,test,test,20969,20969.png,"[100, 483, 146, 557]",1.0,kolektor_gt,kolektor_permukaan
C:/Arib/MASSA AYAM/chicken detection + constrative classification/data/crops_kolektor_gt/test/normal/20970_03721.png,0,normal,test,test,20970,20970.png,"[50, 22, 65, 71]",1.0,kolektor_gt,kolektor_permukaan
C:/Arib/MASSA AYAM/chicken detection + constrative classification/data/crops_kolektor_gt/test/normal/20971_03722.png,0,normal,test,test,20971,20971.png,"[77, 562, 102, 616]",1.0,kolektor_gt,kolektor_permukaan
C:/Arib/MASSA AYAM/chicken detection + constrative classification/data/crops_kolektor_gt/test/normal/20972_03723.png,0,normal,test,test,20972,20972.png,"[62, 511, 170, 570]",1.0,kolektor_gt,kolektor_permukaan
C:/Arib/MASSA AYAM/chicken detection + constrative classification/data/crops_kolektor_gt/test/normal/20973_03724.png,0,normal,test,test,20973,20973.png,"[40, 499, 108, 570]",1.0,kolektor_gt,kolektor_permukaan
C:/Arib/MASSA AYAM/chicken detection + constrative classification/data/crops_kolektor_gt/test/normal/20974_03725.png,0,normal,test,test,20974,20974.png,"[90, 108, 154, 173]",1.0,kolektor_gt,kolektor_permukaan
C:/Arib/MASSA AYAM/chicken detection + constrative classification/data/crops_kolektor_gt/test/normal/20975_03726.png,0,normal,test,test,20975,20975.png,"[122, 311, 197, 613]",1.0,kolektor_gt,kolektor_permukaan
C:/Arib/MASSA AYAM/chicken detection + constrative classification/data/crops_kolektor_gt/test/normal/20976_03727.png,0,normal,test,test,20976,20976.png,"[132, 506, 177, 552]",1.0,kolektor_gt,kolektor_permukaan
C:/Arib/MASSA AYAM/chicken detection + constrative classification/data/crops_kolektor_gt/test/normal/20977_03728.png,0,normal,test,test,20977,20977.png,"[62, 6, 195, 134]",1.0,kolektor_gt,kolektor_permukaan
C:/Arib/MASSA AYAM/chicken detection + constrative classification/data/crops_kolektor_gt/test/normal/20978_03729.png,0,normal,test,test,20978,20978.png,"[20, 346, 133, 433]",1.0,kolektor_gt,kolektor_permukaan
C:/Arib/MASSA AYAM/chicken detection + constrative classification/data/crops_kolektor_gt/test/normal/20979_03730.png,0,normal,test,test,20979,20979.png,"[158, 439, 227, 525]",1.0,kolektor_gt,kolektor_permukaan
C:/Arib/MASSA AYAM/chicken detection + constrative classification/data/crops_kolektor_gt/test/normal/20980_03731.png,0,normal,test,test,20980,20980.png,"[33, 288, 104, 416]",1.0,kolektor_gt,kolektor_permukaan
C:/Arib/MASSA AYAM/chicken detection + constrative classification/data/crops_kolektor_gt/test/normal/20981_03732.png,0,normal,test,test,20981,20981.png,"[176, 131, 203, 201]",1.0,kolektor_gt,kolektor_permukaan
C:/Arib/MASSA AYAM/chicken detection + constrative classification/data/crops_kolektor_gt/test/normal/20982_03733.png,0,normal,test,test,20982,20982.png,"[16, 18, 34, 67]",1.0,kolektor_gt,kolektor_permukaan
C:/Arib/MASSA AYAM/chicken detection + constrative classification/data/crops_kolektor_gt/test/normal/20983_03734.png,0,normal,test,test,20983,20983.png,"[31, 107, 164, 235]",1.0,kolektor_gt,kolektor_permukaan
C:/Arib/MASSA AYAM/chicken detection + constrative classification/data/crops_kolektor_gt/test/normal/20984_03735.png,0,normal,test,test,20984,20984.png,"[29, 320, 157, 434]",1.0,kolektor_gt,kolektor_permukaan
C:/Arib/MASSA AYAM/chicken detection + constrative classification/data/crops_kolektor_gt/test/normal/20985_03736.png,0,normal,test,test,20985,20985.png,"[30, 287, 211, 379]",1.0,kolektor_gt,kolektor_permukaan
C:/Arib/MASSA AYAM/chicken detection + constrative classification/data/crops_kolektor_gt/test/normal/20986_03737.png,0,normal,test,test,20986,20986.png,"[84, 199, 119, 237]",1.0,kolektor_gt,kolektor_permukaan
C:/Arib/MASSA AYAM/chicken detection + constrative classification/data/crops_kolektor_gt/test/normal/20987_03738.png,0,normal,test,test,20987,20987.png,"[146, 117, 221, 419]",1.0,kolektor_gt,kolektor_permukaan
C:/Arib/MASSA AYAM/chicken detection + constrative classification/data/crops_kolektor_gt/test/normal/20988_03739.png,0,normal,test,test,20988,20988.png,"[60, 255, 82, 308]",1.0,kolektor_gt,kolektor_permukaan
C:/Arib/MASSA AYAM/chicken detection + constrative classification/data/crops_kolektor_gt/test/normal/20989_03740.png,0,normal,test,test,20989,20989.png,"[4, 320, 22, 369]",1.0,kolektor_gt,kolektor_permukaan
C:/Arib/MASSA AYAM/chicken detection + constrative classification/data/crops_kolektor_gt/test/normal/20990_03741.png,0,normal,test,test,20990,20990.png,"[98, 151, 133, 244]",1.0,kolektor_gt,kolektor_permukaan
C:/Arib/MASSA AYAM/chicken detection + constrative classification/data/crops_kolektor_gt/test/normal/20991_03742.png,0,normal,test,test,20991,20991.png,"[135, 502, 218, 537]",1.0,kolektor_gt,kolektor_permukaan
C:/Arib/MASSA AYAM/chicken detection + constrative classification/data/crops_kolektor_gt/test/normal/20992_03743.png,0,normal,test,test,20992,20992.png,"[46, 272, 227, 364]",1.0,kolektor_gt,kolektor_permukaan
C:/Arib/MASSA AYAM/chicken detection + constrative classification/data/crops_kolektor_gt/test/normal/20993_03744.png,0,normal,test,test,20993,20993.png,"[49, 282, 113, 404]",1.0,kolektor_gt,kolektor_permukaan
C:/Arib/MASSA AYAM/chicken detection + constrative classification/data/crops_kolektor_gt/test/normal/20994_03745.png,0,normal,test,test,20994,20994.png,"[7, 242, 166, 532]",1.0,kolektor_gt,kolektor_permukaan
C:/Arib/MASSA AYAM/chicken detection + constrative classification/data/crops_kolektor_gt/test/normal/20995_03746.png,0,normal,test,test,20995,20995.png,"[0, 335, 96, 410]",1.0,kolektor_gt,kolektor_permukaan
C:/Arib/MASSA AYAM/chicken detection + constrative classification/data/crops_kolektor_gt/test/normal/20996_03747.png,0,normal,test,test,20996,20996.png,"[30, 149, 199, 251]",1.0,kolektor_gt,kolektor_permukaan
C:/Arib/MASSA AYAM/chicken detection + constrative classification/data/crops_kolektor_gt/test/normal/20997_03748.png,0,normal,test,test,20997,20997.png,"[0, 160, 229, 375]",1.0,kolektor_gt,kolektor_permukaan
C:/Arib/MASSA AYAM/chicken detection + constrative classification/data/crops_kolektor_gt/test/normal/20998_03749.png,0,normal,test,test,20998,20998.png,"[51, 192, 108, 284]",1.0,kolektor_gt,kolektor_permukaan
C:/Arib/MASSA AYAM/chicken detection + constrative classification/data/crops_kolektor_gt/test/normal/20999_03750.png,0,normal,test,test,20999,20999.png,"[154, 123, 225, 251]",1.0,kolektor_gt,kolektor_permukaan
C:/Arib/MASSA AYAM/chicken detection + constrative classification/data/crops_kolektor_gt/test/normal/21000_03751.png,0,normal,test,test,21000,21000.png,"[49, 536, 113, 601]",1.0,kolektor_gt,kolektor_permukaan
C:/Arib/MASSA AYAM/chicken detection + constrative classification/data/crops_kolektor_gt/test/normal/21001_03752.png,0,normal,test,test,21001,21001.png,"[63, 385, 86, 408]",1.0,kolektor_gt,kolektor_permukaan
C:/Arib/MASSA AYAM/chicken detection + constrative classification/data/crops_kolektor_gt/test/normal/21002_03753.png,0,normal,test,test,21002,21002.png,"[54, 5, 224, 237]",1.0,kolektor_gt,kolektor_permukaan
C:/Arib/MASSA AYAM/chicken detection + constrative classification/data/crops_kolektor_gt/test/normal/21003_03754.png,0,normal,test,test,21003,21003.png,"[18, 303, 128, 391]",1.0,kolektor_gt,kolektor_permukaan
C:/Arib/MASSA AYAM/chicken detection + constrative classification/data/crops_kolektor_gt/test/cacat/20042_02665.png,1,cacat,test,test,20042,20042.png,"[0, 247, 98, 341]",1.0,kolektor_gt,kolektor_permukaan
C:/Arib/MASSA AYAM/chicken detection + constrative classification/data/crops_kolektor_gt/test/cacat/20056_02680.png,1,cacat,test,test,20056,20056.png,"[0, 262, 42, 321]",1.0,kolektor_gt,kolektor_permukaan
C:/Arib/MASSA AYAM/chicken detection + constrative classification/data/crops_kolektor_gt/test/cacat/20068_02693.png,1,cacat,test,test,20068,20068.png,"[138, 431, 184, 505]",1.0,kolektor_gt,kolektor_permukaan
C:/Arib/MASSA AYAM/chicken detection + constrative classification/data/crops_kolektor_gt/test/cacat/20084_02710.png,1,cacat,test,test,20084,20084.png,"[82, 166, 229, 209]",1.0,kolektor_gt,kolektor_permukaan
C:/Arib/MASSA AYAM/chicken detection + constrative classification/data/crops_kolektor_gt/test/cacat/20095_02722.png,1,cacat,test,test,20095,20095.png,"[0, 233, 82, 341]",1.0,kolektor_gt,kolektor_permukaan
C:/Arib/MASSA AYAM/chicken detection + constrative classification/data/crops_kolektor_gt/test/cacat/20099_02727.png,1,cacat,test,test,20099,20099.png,"[0, 275, 87, 330]",1.0,kolektor_gt,kolektor_permukaan
C:/Arib/MASSA AYAM/chicken detection + constrative classification/data/crops_kolektor_gt/test/cacat/20117_02746.png,1,cacat,test,test,20117,20117.png,"[187, 478, 219, 519]",1.0,kolektor_gt,kolektor_permukaan
C:/Arib/MASSA AYAM/chicken detection + constrative classification/data/crops_kolektor_gt/test/cacat/20117_02747.png,1,cacat,test,test,20117,20117.png,"[117, 367, 181, 432]",1.0,kolektor_gt,kolektor_permukaan
C:/Arib/MASSA AYAM/chicken detection + constrative classification/data/crops_kolektor_gt/test/cacat/20118_02750.png,1,cacat,test,test,20118,20118.png,"[0, 1, 62, 142]",1.0,kolektor_gt,kolektor_permukaan
C:/Arib/MASSA AYAM/chicken detection + constrative classification/data/crops_kolektor_gt/test/cacat/20121_02754.png,1,cacat,test,test,20121,20121.png,"[22, 124, 180, 217]",1.0,kolektor_gt,kolektor_permukaan
C:/Arib/MASSA AYAM/chicken detection + constrative classification/data/crops_kolektor_gt/test/cacat/20125_02759.png,1,cacat,test,test,20125,20125.png,"[152, 294, 235, 329]",1.0,kolektor_gt,kolektor_permukaan
C:/Arib/MASSA AYAM/chicken detection + constrative classification/data/crops_kolektor_gt/test/cacat/20129_02764.png,1,cacat,test,test,20129,20129.png,"[3, 213, 80, 262]",1.0,kolektor_gt,kolektor_permukaan
C:/Arib/MASSA AYAM/chicken detection + constrative classification/data/crops_kolektor_gt/test/cacat/20130_02766.png,1,cacat,test,test,20130,20130.png,"[58, 543, 93, 636]",1.0,kolektor_gt,kolektor_permukaan
C:/Arib/MASSA AYAM/chicken detection + constrative classification/data/crops_kolektor_gt/test/cacat/20139_02776.png,1,cacat,test,test,20139,20139.png,"[123, 158, 145, 203]",1.0,kolektor_gt,kolektor_permukaan
C:/Arib/MASSA AYAM/chicken detection + constrative classification/data/crops_kolektor_gt/test/cacat/20141_02779.png,1,cacat,test,test,20141,20141.png,"[41, 514, 75, 627]",1.0,kolektor_gt,kolektor_permukaan
C:/Arib/MASSA AYAM/chicken detection + constrative classification/data/crops_kolektor_gt/test/cacat/20142_02781.png,1,cacat,test,test,20142,20142.png,"[0, 0, 21, 93]",1.0,kolektor_gt,kolektor_permukaan
C:/Arib/MASSA AYAM/chicken detection + constrative classification/data/crops_kolektor_gt/test/cacat/20155_02795.png,1,cacat,test,test,20155,20155.png,"[0, 273, 76, 290]",1.0,kolektor_gt,kolektor_permukaan
C:/Arib/MASSA AYAM/chicken detection + constrative classification/data/crops_kolektor_gt/test/cacat/20158_02799.png,1,cacat,test,test,20158,20158.png,"[23, 385, 132, 641]",1.0,kolektor_gt,kolektor_permukaan
C:/Arib/MASSA AYAM/chicken detection + constrative classification/data/crops_kolektor_gt/test/cacat/20159_02801.png,1,cacat,test,test,20159,20159.png,"[157, 218, 233, 277]",1.0,kolektor_gt,kolektor_permukaan
C:/Arib/MASSA AYAM/chicken detection + constrative classification/data/crops_kolektor_gt/test/cacat/20172_02815.png,1,cacat,test,test,20172,20172.png,"[162, 471, 207, 535]",1.0,kolektor_gt,kolektor_permukaan
C:/Arib/MASSA AYAM/chicken detection + constrative classification/data/crops_kolektor_gt/test/cacat/20175_02819.png,1,cacat,test,test,20175,20175.png,"[109, 499, 134, 553]",1.0,kolektor_gt,kolektor_permukaan
C:/Arib/MASSA AYAM/chicken detection + constrative classification/data/crops_kolektor_gt/test/cacat/20177_02822.png,1,cacat,test,test,20177,20177.png,"[9, 523, 44, 554]",1.0,kolektor_gt,kolektor_permukaan
C:/Arib/MASSA AYAM/chicken detection + constrative classification/data/crops_kolektor_gt/test/cacat/20190_02836.png,1,cacat,test,test,20190,20190.png,"[116, 338, 236, 438]",1.0,kolektor_gt,kolektor_permukaan
C:/Arib/MASSA AYAM/chicken detection + constrative classification/data/crops_kolektor_gt/test/cacat/20193_02840.png,1,cacat,test,test,20193,20193.png,"[53, 0, 228, 293]",1.0,kolektor_gt,kolektor_permukaan
C:/Arib/MASSA AYAM/chicken detection + constrative classification/data/crops_kolektor_gt/test/cacat/20204_02852.png,1,cacat,test,test,20204,20204.png,"[123, 297, 231, 356]",1.0,kolektor_gt,kolektor_permukaan
C:/Arib/MASSA AYAM/chicken detection + constrative classification/data/crops_kolektor_gt/test/cacat/20209_02858.png,1,cacat,test,test,20209,20209.png,"[63, 33, 223, 123]",1.0,kolektor_gt,kolektor_permukaan
C:/Arib/MASSA AYAM/chicken detection + constrative classification/data/crops_kolektor_gt/test/cacat/20217_02867.png,1,cacat,test,test,20217,20217.png,"[39, 315, 149, 403]",1.0,kolektor_gt,kolektor_permukaan
C:/Arib/MASSA AYAM/chicken detection + constrative classification/data/crops_kolektor_gt/test/cacat/20228_02879.png,1,cacat,test,test,20228,20228.png,"[173, 153, 182, 166]",1.0,kolektor_gt,kolektor_permukaan
C:/Arib/MASSA AYAM/chicken detection + constrative classification/data/crops_kolektor_gt/test/cacat/20231_02883.png,1,cacat,test,test,20231,20231.png,"[11, 275, 25, 297]",1.0,kolektor_gt,kolektor_permukaan
C:/Arib/MASSA AYAM/chicken detection + constrative classification/data/crops_kolektor_gt/test/cacat/20236_02889.png,1,cacat,test,test,20236,20236.png,"[4, 0, 20, 32]",1.0,kolektor_gt,kolektor_permukaan
C:/Arib/MASSA AYAM/chicken detection + constrative classification/data/crops_kolektor_gt/test/cacat/20246_02900.png,1,cacat,test,test,20246,20246.png,"[176, 267, 221, 313]",1.0,kolektor_gt,kolektor_permukaan
C:/Arib/MASSA AYAM/chicken detection + constrative classification/data/crops_kolektor_gt/test/cacat/20259_02914.png,1,cacat,test,test,20259,20259.png,"[90, 384, 114, 432]",1.0,kolektor_gt,kolektor_permukaan
C:/Arib/MASSA AYAM/chicken detection + constrative classification/data/crops_kolektor_gt/test/cacat/20264_02920.png,1,cacat,test,test,20264,20264.png,"[0, 423, 21, 629]",1.0,kolektor_gt,kolektor_permukaan
C:/Arib/MASSA AYAM/chicken detection + constrative classification/data/crops_kolektor_gt/test/cacat/20275_02932.png,1,cacat,test,test,20275,20275.png,"[17, 178, 26, 208]",1.0,kolektor_gt,kolektor_permukaan
C:/Arib/MASSA AYAM/chicken detection + constrative classification/data/crops_kolektor_gt/test/cacat/20281_02939.png,1,cacat,test,test,20281,20281.png,"[154, 80, 183, 180]",1.0,kolektor_gt,kolektor_permukaan
C:/Arib/MASSA AYAM/chicken detection + constrative classification/data/crops_kolektor_gt/test/cacat/20295_02954.png,1,cacat,test,test,20295,20295.png,"[129, 328, 198, 359]",1.0,kolektor_gt,kolektor_permukaan
C:/Arib/MASSA AYAM/chicken detection + constrative classification/data/crops_kolektor_gt/test/cacat/20297_02957.png,1,cacat,test,test,20297,20297.png,"[180, 17, 203, 40]",1.0,kolektor_gt,kolektor_permukaan
C:/Arib/MASSA AYAM/chicken detection + constrative classification/data/crops_kolektor_gt/test/cacat/20319_02980.png,1,cacat,test,test,20319,20319.png,"[0, 600, 34, 639]",1.0,kolektor_gt,kolektor_permukaan
C:/Arib/MASSA AYAM/chicken detection + constrative classification/data/crops_kolektor_gt/test/cacat/20334_02996.png,1,cacat,test,test,20334,20334.png,"[76, 510, 203, 610]",1.0,kolektor_gt,kolektor_permukaan
C:/Arib/MASSA AYAM/chicken detection + constrative classification/data/crops_kolektor_gt/test/cacat/20378_03041.png,1,cacat,test,test,20378,20378.png,"[148, 0, 213, 66]",1.0,kolektor_gt,kolektor_permukaan
C:/Arib/MASSA AYAM/chicken detection + constrative classification/data/crops_kolektor_gt/test/cacat/20392_03056.png,1,cacat,test,test,20392,20392.png,"[0, 16, 231, 231]",1.0,kolektor_gt,kolektor_permukaan
C:/Arib/MASSA AYAM/chicken detection + constrative classification/data/crops_kolektor_gt/test/cacat/20403_03068.png,1,cacat,test,test,20403,20403.png,"[37, 24, 112, 326]",1.0,kolektor_gt,kolektor_permukaan
C:/Arib/MASSA AYAM/chicken detection + constrative classification/data/crops_kolektor_gt/test/cacat/20416_03082.png,1,cacat,test,test,20416,20416.png,"[0, 5, 128, 161]",1.0,kolektor_gt,kolektor_permukaan
C:/Arib/MASSA AYAM/chicken detection + constrative classification/data/crops_kolektor_gt/test/cacat/20426_03093.png,1,cacat,test,test,20426,20426.png,"[15, 591, 30, 640]",1.0,kolektor_gt,kolektor_permukaan
C:/Arib/MASSA AYAM/chicken detection + constrative classification/data/crops_kolektor_gt/test/cacat/20428_03096.png,1,cacat,test,test,20428,20428.png,"[185, 312, 229, 356]",1.0,kolektor_gt,kolektor_permukaan
C:/Arib/MASSA AYAM/chicken detection + constrative classification/data/crops_kolektor_gt/test/cacat/20434_03103.png,1,cacat,test,test,20434,20434.png,"[13, 211, 80, 273]",1.0,kolektor_gt,kolektor_permukaan
C:/Arib/MASSA AYAM/chicken detection + constrative classification/data/crops_kolektor_gt/test/cacat/20439_03109.png,1,cacat,test,test,20439,20439.png,"[6, 38, 165, 328]",1.0,kolektor_gt,kolektor_permukaan
C:/Arib/MASSA AYAM/chicken detection + constrative classification/data/crops_kolektor_gt/test/cacat/20452_03123.png,1,cacat,test,test,20452,20452.png,"[144, 456, 171, 526]",1.0,kolektor_gt,kolektor_permukaan
C:/Arib/MASSA AYAM/chicken detection + constrative classification/data/crops_kolektor_gt/test/cacat/20457_03129.png,1,cacat,test,test,20457,20457.png,"[118, 145, 232, 276]",1.0,kolektor_gt,kolektor_permukaan
C:/Arib/MASSA AYAM/chicken detection + constrative classification/data/crops_kolektor_gt/test/cacat/20465_03138.png,1,cacat,test,test,20465,20465.png,"[121, 511, 185, 633]",1.0,kolektor_gt,kolektor_permukaan
C:/Arib/MASSA AYAM/chicken detection + constrative classification/data/crops_kolektor_gt/test/cacat/20486_03160.png,1,cacat,test,test,20486,20486.png,"[155, 339, 228, 388]",1.0,kolektor_gt,kolektor_permukaan
C:/Arib/MASSA AYAM/chicken detection + constrative classification/data/crops_kolektor_gt/test/cacat/20487_03162.png,1,cacat,test,test,20487,20487.png,"[30, 296, 66, 349]",1.0,kolektor_gt,kolektor_permukaan
C:/Arib/MASSA AYAM/chicken detection + constrative classification/data/crops_kolektor_gt/test/cacat/20502_03178.png,1,cacat,test,test,20502,20502.png,"[21, 412, 208, 618]",1.0,kolektor_gt,kolektor_permukaan
C:/Arib/MASSA AYAM/chicken detection + constrative classification/data/crops_kolektor_gt/test/cacat/20517_03194.png,1,cacat,test,test,20517,20517.png,"[47, 249, 180, 377]",1.0,kolektor_gt,kolektor_permukaan
C:/Arib/MASSA AYAM/chicken detection + constrative classification/data/crops_kolektor_gt/test/cacat/20523_03201.png,1,cacat,test,test,20523,20523.png,"[103, 62, 216, 109]",1.0,kolektor_gt,kolektor_permukaan
C:/Arib/MASSA AYAM/chicken detection + constrative classification/data/crops_kolektor_gt/test/cacat/20535_03214.png,1,cacat,test,test,20535,20535.png,"[0, 282, 72, 362]",1.0,kolektor_gt,kolektor_permukaan
C:/Arib/MASSA AYAM/chicken detection + constrative classification/data/crops_kolektor_gt/test/cacat/20543_03223.png,1,cacat,test,test,20543,20543.png,"[31, 313, 73, 331]",1.0,kolektor_gt,kolektor_permukaan
C:/Arib/MASSA AYAM/chicken detection + constrative classification/data/crops_kolektor_gt/test/cacat/20544_03225.png,1,cacat,test,test,20544,20544.png,"[128, 67, 145, 82]",1.0,kolektor_gt,kolektor_permukaan
C:/Arib/MASSA AYAM/chicken detection + constrative classification/data/crops_kolektor_gt/test/cacat/20546_03228.png,1,cacat,test,test,20546,20546.png,"[201, 308, 232, 326]",1.0,kolektor_gt,kolektor_permukaan
C:/Arib/MASSA AYAM/chicken detection + constrative classification/data/crops_kolektor_gt/test/cacat/20561_03244.png,1,cacat,test,test,20561,20561.png,"[30, 519, 101, 592]",1.0,kolektor_gt,kolektor_permukaan
C:/Arib/MASSA AYAM/chicken detection + constrative classification/data/crops_kolektor_gt/test/cacat/20564_03248.png,1,cacat,test,test,20564,20564.png,"[6, 201, 24, 250]",1.0,kolektor_gt,kolektor_permukaan
C:/Arib/MASSA AYAM/chicken detection + constrative classification/data/crops_kolektor_gt/test/cacat/20587_03272.png,1,cacat,test,test,20587,20587.png,"[185, 253, 237, 324]",1.0,kolektor_gt,kolektor_permukaan
C:/Arib/MASSA AYAM/chicken detection + constrative classification/data/crops_kolektor_gt/test/cacat/20599_03285.png,1,cacat,test,test,20599,20599.png,"[143, 274, 227, 316]",1.0,kolektor_gt,kolektor_permukaan
C:/Arib/MASSA AYAM/chicken detection + constrative classification/data/crops_kolektor_gt/test/cacat/20599_03286.png,1,cacat,test,test,20599,20599.png,"[0, 78, 30, 167]",1.0,kolektor_gt,kolektor_permukaan
C:/Arib/MASSA AYAM/chicken detection + constrative classification/data/crops_kolektor_gt/test/cacat/20600_03289.png,1,cacat,test,test,20600,20600.png,"[154, 268, 233, 327]",1.0,kolektor_gt,kolektor_permukaan
C:/Arib/MASSA AYAM/chicken detection + constrative classification/data/crops_kolektor_gt/test/cacat/20624_03314.png,1,cacat,test,test,20624,20624.png,"[141, 364, 215, 453]",1.0,kolektor_gt,kolektor_permukaan
C:/Arib/MASSA AYAM/chicken detection + constrative classification/data/crops_kolektor_gt/test/cacat/20625_03316.png,1,cacat,test,test,20625,20625.png,"[13, 549, 72, 639]",1.0,kolektor_gt,kolektor_permukaan
C:/Arib/MASSA AYAM/chicken detection + constrative classification/data/crops_kolektor_gt/test/cacat/20632_03324.png,1,cacat,test,test,20632,20632.png,"[1, 348, 62, 368]",1.0,kolektor_gt,kolektor_permukaan
C:/Arib/MASSA AYAM/chicken detection + constrative classification/data/crops_kolektor_gt/test/cacat/20640_03333.png,1,cacat,test,test,20640,20640.png,"[171, 115, 228, 207]",1.0,kolektor_gt,kolektor_permukaan
C:/Arib/MASSA AYAM/chicken detection + constrative classification/data/crops_kolektor_gt/test/cacat/20646_03340.png,1,cacat,test,test,20646,20646.png,"[73, 266, 161, 301]",1.0,kolektor_gt,kolektor_permukaan
C:/Arib/MASSA AYAM/chicken detection + constrative classification/data/crops_kolektor_gt/test/cacat/20660_03355.png,1,cacat,test,test,20660,20660.png,"[75, 121, 130, 182]",1.0,kolektor_gt,kolektor_permukaan
C:/Arib/MASSA AYAM/chicken detection + constrative classification/data/crops_kolektor_gt/test/cacat/20665_03361.png,1,cacat,test,test,20665,20665.png,"[57, 571, 99, 646]",1.0,kolektor_gt,kolektor_permukaan
C:/Arib/MASSA AYAM/chicken detection + constrative classification/data/crops_kolektor_gt/test/cacat/20665_03362.png,1,cacat,test,test,20665,20665.png,"[0, 342, 24, 384]",1.0,kolektor_gt,kolektor_permukaan
C:/Arib/MASSA AYAM/chicken detection + constrative classification/data/crops_kolektor_gt/test/cacat/20665_03363.png,1,cacat,test,test,20665,20665.png,"[110, 312, 145, 350]",1.0,kolektor_gt,kolektor_permukaan
C:/Arib/MASSA AYAM/chicken detection + constrative classification/data/crops_kolektor_gt/test/cacat/20667_03368.png,1,cacat,test,test,20667,20667.png,"[175, 373, 228, 411]",1.0,kolektor_gt,kolektor_permukaan
C:/Arib/MASSA AYAM/chicken detection + constrative classification/data/crops_kolektor_gt/test/cacat/20669_03371.png,1,cacat,test,test,20669,20669.png,"[78, 0, 142, 197]",1.0,kolektor_gt,kolektor_permukaan
C:/Arib/MASSA AYAM/chicken detection + constrative classification/data/crops_kolektor_gt/test/cacat/20671_03374.png,1,cacat,test,test,20671,20671.png,"[0, 302, 71, 430]",1.0,kolektor_gt,kolektor_permukaan
C:/Arib/MASSA AYAM/chicken detection + constrative classification/data/crops_kolektor_gt/test/cacat/20671_03375.png,1,cacat,test,test,20671,20671.png,"[0, 176, 122, 298]",1.0,kolektor_gt,kolektor_permukaan
C:/Arib/MASSA AYAM/chicken detection + constrative classification/data/crops_kolektor_gt/test/cacat/20672_03378.png,1,cacat,test,test,20672,20672.png,"[29, 0, 51, 53]",1.0,kolektor_gt,kolektor_permukaan
C:/Arib/MASSA AYAM/chicken detection + constrative classification/data/crops_kolektor_gt/test/cacat/20682_03389.png,1,cacat,test,test,20682,20682.png,"[39, 112, 208, 214]",1.0,kolektor_gt,kolektor_permukaan
C:/Arib/MASSA AYAM/chicken detection + constrative classification/data/crops_kolektor_gt/test/cacat/20685_03393.png,1,cacat,test,test,20685,20685.png,"[69, 436, 182, 523]",1.0,kolektor_gt,kolektor_permukaan
C:/Arib/MASSA AYAM/chicken detection + constrative classification/data/crops_kolektor_gt/test/cacat/20724_03433.png,1,cacat,test,test,20724,20724.png,"[0, 564, 96, 639]",1.0,kolektor_gt,kolektor_permukaan
C:/Arib/MASSA AYAM/chicken detection + constrative classification/data/crops_kolektor_gt/test/cacat/20738_03448.png,1,cacat,test,test,20738,20738.png,"[148, 5, 195, 42]",1.0,kolektor_gt,kolektor_permukaan
C:/Arib/MASSA AYAM/chicken detection + constrative classification/data/crops_kolektor_gt/test/cacat/20744_03455.png,1,cacat,test,test,20744,20744.png,"[33, 77, 206, 323]",1.0,kolektor_gt,kolektor_permukaan
C:/Arib/MASSA AYAM/chicken detection + constrative classification/data/crops_kolektor_gt/test/cacat/20747_03459.png,1,cacat,test,test,20747,20747.png,"[84, 270, 168, 298]",1.0,kolektor_gt,kolektor_permukaan
C:/Arib/MASSA AYAM/chicken detection + constrative classification/data/crops_kolektor_gt/test/cacat/20754_03467.png,1,cacat,test,test,20754,20754.png,"[0, 543, 29, 560]",1.0,kolektor_gt,kolektor_permukaan
C:/Arib/MASSA AYAM/chicken detection + constrative classification/data/crops_kolektor_gt/test/cacat/20765_03479.png,1,cacat,test,test,20765,20765.png,"[13, 191, 73, 229]",1.0,kolektor_gt,kolektor_permukaan
C:/Arib/MASSA AYAM/chicken detection + constrative classification/data/crops_kolektor_gt/test/cacat/20772_03487.png,1,cacat,test,test,20772,20772.png,"[137, 14, 206, 100]",1.0,kolektor_gt,kolektor_permukaan
C:/Arib/MASSA AYAM/chicken detection + constrative classification/data/crops_kolektor_gt/test/cacat/20784_03500.png,1,cacat,test,test,20784,20784.png,"[13, 223, 141, 337]",1.0,kolektor_gt,kolektor_permukaan
C:/Arib/MASSA AYAM/chicken detection + constrative classification/data/crops_kolektor_gt/test/cacat/20785_03502.png,1,cacat,test,test,20785,20785.png,"[95, 249, 227, 340]",1.0,kolektor_gt,kolektor_permukaan
C:/Arib/MASSA AYAM/chicken detection + constrative classification/data/crops_kolektor_gt/test/cacat/20801_03519.png,1,cacat,test,test,20801,20801.png,"[0, 44, 61, 60]",1.0,kolektor_gt,kolektor_permukaan
C:/Arib/MASSA AYAM/chicken detection + constrative classification/data/crops_kolektor_gt/test/cacat/20804_03523.png,1,cacat,test,test,20804,20804.png,"[70, 0, 229, 108]",1.0,kolektor_gt,kolektor_permukaan
C:/Arib/MASSA AYAM/chicken detection + constrative classification/data/crops_kolektor_gt/test/cacat/20816_03536.png,1,cacat,test,test,20816,20816.png,"[0, 600, 29, 609]",1.0,kolektor_gt,kolektor_permukaan
C:/Arib/MASSA AYAM/chicken detection + constrative classification/data/crops_kolektor_gt/test/cacat/20821_03542.png,1,cacat,test,test,20821,20821.png,"[206, 0, 231, 60]",1.0,kolektor_gt,kolektor_permukaan
C:/Arib/MASSA AYAM/chicken detection + constrative classification/data/crops_kolektor_gt/test/cacat/20827_03549.png,1,cacat,test,test,20827,20827.png,"[175, 268, 230, 313]",1.0,kolektor_gt,kolektor_permukaan
C:/Arib/MASSA AYAM/chicken detection + constrative classification/data/crops_kolektor_gt/test/cacat/20829_03552.png,1,cacat,test,test,20829,20829.png,"[0, 565, 32, 589]",1.0,kolektor_gt,kolektor_permukaan
C:/Arib/MASSA AYAM/chicken detection + constrative classification/data/crops_kolektor_gt/test/cacat/20834_03558.png,1,cacat,test,test,20834,20834.png,"[128, 118, 206, 212]",1.0,kolektor_gt,kolektor_permukaan
C:/Arib/MASSA AYAM/chicken detection + constrative classification/data/crops_kolektor_gt/test/cacat/20848_03573.png,1,cacat,test,test,20848,20848.png,"[102, 0, 231, 136]",1.0,kolektor_gt,kolektor_permukaan
C:/Arib/MASSA AYAM/chicken detection + constrative classification/data/crops_kolektor_gt/test/cacat/20857_03583.png,1,cacat,test,test,20857,20857.png,"[37, 317, 223, 376]",1.0,kolektor_gt,kolektor_permukaan
C:/Arib/MASSA AYAM/chicken detection + constrative classification/data/crops_kolektor_gt/test/cacat/20870_03597.png,1,cacat,test,test,20870,20870.png,"[115, 515, 230, 614]",1.0,kolektor_gt,kolektor_permukaan
C:/Arib/MASSA AYAM/chicken detection + constrative classification/data/crops_kolektor_gt/test/cacat/20881_03609.png,1,cacat,test,test,20881,20881.png,"[62, 481, 228, 587]",1.0,kolektor_gt,kolektor_permukaan
C:/Arib/MASSA AYAM/chicken detection + constrative classification/data/crops_kolektor_gt/test/cacat/20882_03611.png,1,cacat,test,test,20882,20882.png,"[0, 441, 52, 516]",1.0,kolektor_gt,kolektor_permukaan
C:/Arib/MASSA AYAM/chicken detection + constrative classification/data/crops_kolektor_gt/test/cacat/20882_03612.png,1,cacat,test,test,20882,20882.png,"[104, 405, 136, 448]",1.0,kolektor_gt,kolektor_permukaan
C:/Arib/MASSA AYAM/chicken detection + constrative classification/data/crops_kolektor_gt/test/cacat/20882_03613.png,1,cacat,test,test,20882,20882.png,"[0, 0, 68, 152]",1.0,kolektor_gt,kolektor_permukaan
C:/Arib/MASSA AYAM/chicken detection + constrative classification/data/crops_kolektor_gt/test/cacat/20884_03618.png,1,cacat,test,test,20884,20884.png,"[60, 32, 230, 264]",1.0,kolektor_gt,kolektor_permukaan
C:/Arib/MASSA AYAM/chicken detection + constrative classification/data/crops_kolektor_gt/test/cacat/20891_03626.png,1,cacat,test,test,20891,20891.png,"[56, 580, 88, 629]",1.0,kolektor_gt,kolektor_permukaan
C:/Arib/MASSA AYAM/chicken detection + constrative classification/data/crops_kolektor_gt/test/cacat/20892_03628.png,1,cacat,test,test,20892,20892.png,"[119, 290, 208, 328]",1.0,kolektor_gt,kolektor_permukaan
C:/Arib/MASSA AYAM/chicken detection + constrative classification/data/crops_kolektor_gt/test/cacat/20895_03632.png,1,cacat,test,test,20895,20895.png,"[139, 0, 194, 42]",1.0,kolektor_gt,kolektor_permukaan
C:/Arib/MASSA AYAM/chicken detection + constrative classification/data/crops_kolektor_gt/test/cacat/20902_03640.png,1,cacat,test,test,20902,20902.png,"[82, 298, 112, 324]",1.0,kolektor_gt,kolektor_permukaan
C:/Arib/MASSA AYAM/chicken detection + constrative classification/data/crops_kolektor_gt/test/cacat/20902_03641.png,1,cacat,test,test,20902,20902.png,"[161, 284, 229, 355]",1.0,kolektor_gt,kolektor_permukaan
C:/Arib/MASSA AYAM/chicken detection + constrative classification/data/crops_kolektor_gt/test/cacat/20912_03653.png,1,cacat,test,test,20912,20912.png,"[167, 292, 229, 323]",1.0,kolektor_gt,kolektor_permukaan
C:/Arib/MASSA AYAM/chicken detection + constrative classification/data/crops_kolektor_gt/test/cacat/20922_03664.png,1,cacat,test,test,20922,20922.png,"[0, 479, 52, 526]",1.0,kolektor_gt,kolektor_permukaan
C:/Arib/MASSA AYAM/chicken detection + constrative classification/data/crops_kolektor_gt/test/cacat/20922_03665.png,1,cacat,test,test,20922,20922.png,"[26, 285, 60, 376]",1.0,kolektor_gt,kolektor_permukaan
C:/Arib/MASSA AYAM/chicken detection + constrative classification/data/crops_kolektor_gt/test/cacat/20941_03686.png,1,cacat,test,test,20941,20941.png,"[65, 374, 132, 407]",1.0,kolektor_gt,kolektor_permukaan
C:/Arib/MASSA AYAM/chicken detection + constrative classification/data/crops_kolektor_gt/test/cacat/20942_03688.png,1,cacat,test,test,20942,20942.png,"[30, 232, 39, 274]",1.0,kolektor_gt,kolektor_permukaan
C:/Arib/MASSA AYAM/chicken detection + constrative classification/data/crops_kolektor_gt/test/cacat/20952_03699.png,1,cacat,test,test,20952,20952.png,"[49, 69, 230, 161]",1.0,kolektor_gt,kolektor_permukaan
C:/Arib/MASSA AYAM/chicken detection + constrative classification/data/crops_kolektor_gt/test/cacat/20956_03704.png,1,cacat,test,test,20956,20956.png,"[23, 402, 71, 462]",1.0,kolektor_gt,kolektor_permukaan
C:/Arib/MASSA AYAM/chicken detection + constrative classification/data/crops_kolektor_gt/test/cacat/20959_03708.png,1,cacat,test,test,20959,20959.png,"[181, 471, 231, 556]",1.0,kolektor_gt,kolektor_permukaan
C:/Arib/MASSA AYAM/chicken detection + constrative classification/data/crops_kolektor_gt/test/cacat/20969_03719.png,1,cacat,test,test,20969,20969.png,"[42, 380, 169, 451]",1.0,kolektor_gt,kolektor_permukaan
C:/Arib/MASSA AYAM/chicken detection + constrative classification/data/crops_kolektor_gt/train/normal/10000_00000.png,0,normal,train,train,10000,10000.png,"[115, 563, 178, 618]",1.0,kolektor_gt,kolektor_permukaan
C:/Arib/MASSA AYAM/chicken detection + constrative classification/data/crops_kolektor_gt/train/normal/10002_00002.png,0,normal,train,train,10002,10002.png,"[71, 374, 184, 472]",1.0,kolektor_gt,kolektor_permukaan
C:/Arib/MASSA AYAM/chicken detection + constrative classification/data/crops_kolektor_gt/train/normal/10003_00003.png,0,normal,train,train,10003,10003.png,"[154, 521, 175, 610]",1.0,kolektor_gt,kolektor_permukaan
C:/Arib/MASSA AYAM/chicken detection + constrative classification/data/crops_kolektor_gt/train/normal/10005_00005.png,0,normal,train,train,10005,10005.png,"[60, 531, 189, 556]",1.0,kolektor_gt,kolektor_permukaan
C:/Arib/MASSA AYAM/chicken detection + constrative classification/data/crops_kolektor_gt/train/normal/10006_00006.png,0,normal,train,train,10006,10006.png,"[17, 167, 156, 311]",1.0,kolektor_gt,kolektor_permukaan
C:/Arib/MASSA AYAM/chicken detection + constrative classification/data/crops_kolektor_gt/train/normal/10007_00007.png,0,normal,train,train,10007,10007.png,"[20, 402, 131, 511]",1.0,kolektor_gt,kolektor_permukaan
C:/Arib/MASSA AYAM/chicken detection + constrative classification/data/crops_kolektor_gt/train/normal/10008_00008.png,0,normal,train,train,10008,10008.png,"[86, 519, 183, 584]",1.0,kolektor_gt,kolektor_permukaan
C:/Arib/MASSA AYAM/chicken detection + constrative classification/data/crops_kolektor_gt/train/normal/10011_00011.png,0,normal,train,train,10011,10011.png,"[149, 315, 171, 342]",1.0,kolektor_gt,kolektor_permukaan
C:/Arib/MASSA AYAM/chicken detection + constrative classification/data/crops_kolektor_gt/train/normal/10012_00012.png,0,normal,train,train,10012,10012.png,"[152, 242, 226, 503]",1.0,kolektor_gt,kolektor_permukaan
C:/Arib/MASSA AYAM/chicken detection + constrative classification/data/crops_kolektor_gt/train/normal/10013_00013.png,0,normal,train,train,10013,10013.png,"[13, 491, 68, 543]",1.0,kolektor_gt,kolektor_permukaan
C:/Arib/MASSA AYAM/chicken detection + constrative classification/data/crops_kolektor_gt/train/normal/10015_00015.png,0,normal,train,train,10015,10015.png,"[48, 19, 126, 44]",1.0,kolektor_gt,kolektor_permukaan
C:/Arib/MASSA AYAM/chicken detection + constrative classification/data/crops_kolektor_gt/train/normal/10016_00016.png,0,normal,train,train,10016,10016.png,"[38, 422, 93, 536]",1.0,kolektor_gt,kolektor_permukaan
C:/Arib/MASSA AYAM/chicken detection + constrative classification/data/crops_kolektor_gt/train/normal/10019_00019.png,0,normal,train,train,10019,10019.png,"[169, 489, 223, 564]",1.0,kolektor_gt,kolektor_permukaan
C:/Arib/MASSA AYAM/chicken detection + constrative classification/data/crops_kolektor_gt/train/normal/10020_00020.png,0,normal,train,train,10020,10020.png,"[122, 177, 225, 217]",1.0,kolektor_gt,kolektor_permukaan
C:/Arib/MASSA AYAM/chicken detection + constrative classification/data/crops_kolektor_gt/train/normal/10021_00022.png,0,normal,train,train,10021,10021.png,"[136, 350, 216, 368]",1.0,kolektor_gt,kolektor_permukaan
C:/Arib/MASSA AYAM/chicken detection + constrative classification/data/crops_kolektor_gt/train/normal/10025_00026.png,0,normal,train,train,10025,10025.png,"[81, 491, 156, 581]",1.0,kolektor_gt,kolektor_permukaan
C:/Arib/MASSA AYAM/chicken detection + constrative classification/data/crops_kolektor_gt/train/normal/10026_00027.png,0,normal,train,train,10026,10026.png,"[2, 124, 228, 252]",1.0,kolektor_gt,kolektor_permukaan
C:/Arib/MASSA AYAM/chicken detection + constrative classification/data/crops_kolektor_gt/train/normal/10028_00030.png,0,normal,train,train,10028,10028.png,"[37, 43, 158, 77]",1.0,kolektor_gt,kolektor_permukaan
C:/Arib/MASSA AYAM/chicken detection + constrative classification/data/crops_kolektor_gt/train/normal/10029_00031.png,0,normal,train,train,10029,10029.png,"[88, 452, 148, 534]",1.0,kolektor_gt,kolektor_permukaan
C:/Arib/MASSA AYAM/chicken detection + constrative classification/data/crops_kolektor_gt/train/normal/10031_00033.png,0,normal,train,train,10031,10031.png,"[143, 278, 190, 335]",1.0,kolektor_gt,kolektor_permukaan
C:/Arib/MASSA AYAM/chicken detection + constrative classification/data/crops_kolektor_gt/train/normal/10033_00035.png,0,normal,train,train,10033,10033.png,"[163, 238, 194, 315]",1.0,kolektor_gt,kolektor_permukaan
C:/Arib/MASSA AYAM/chicken detection + constrative classification/data/crops_kolektor_gt/train/normal/10035_00037.png,0,normal,train,train,10035,10035.png,"[1, 563, 71, 597]",1.0,kolektor_gt,kolektor_permukaan
C:/Arib/MASSA AYAM/chicken detection + constrative classification/data/crops_kolektor_gt/train/normal/10038_00040.png,0,normal,train,train,10038,10038.png,"[22, 587, 103, 619]",1.0,kolektor_gt,kolektor_permukaan
C:/Arib/MASSA AYAM/chicken detection + constrative classification/data/crops_kolektor_gt/train/normal/10039_00041.png,0,normal,train,train,10039,10039.png,"[44, 427, 88, 490]",1.0,kolektor_gt,kolektor_permukaan
C:/Arib/MASSA AYAM/chicken detection + constrative classification/data/crops_kolektor_gt/train/normal/10040_00042.png,0,normal,train,train,10040,10040.png,"[9, 406, 80, 504]",1.0,kolektor_gt,kolektor_permukaan
C:/Arib/MASSA AYAM/chicken detection + constrative classification/data/crops_kolektor_gt/train/normal/10041_00043.png,0,normal,train,train,10041,10041.png,"[74, 38, 151, 165]",1.0,kolektor_gt,kolektor_permukaan
C:/Arib/MASSA AYAM/chicken detection + constrative classification/data/crops_kolektor_gt/train/normal/10042_00044.png,0,normal,train,train,10042,10042.png,"[85, 291, 122, 407]",1.0,kolektor_gt,kolektor_permukaan
C:/Arib/MASSA AYAM/chicken detection + constrative classification/data/crops_kolektor_gt/train/normal/10043_00045.png,0,normal,train,train,10043,10043.png,"[17, 516, 184, 604]",1.0,kolektor_gt,kolektor_permukaan
C:/Arib/MASSA AYAM/chicken detection + constrative classification/data/crops_kolektor_gt/train/normal/10044_00046.png,0,normal,train,train,10044,10044.png,"[14, 338, 147, 368]",1.0,kolektor_gt,kolektor_permukaan
C:/Arib/MASSA AYAM/chicken detection + constrative classification/data/crops_kolektor_gt/train/normal/10046_00048.png,0,normal,train,train,10046,10046.png,"[75, 290, 116, 551]",1.0,kolektor_gt,kolektor_permukaan
C:/Arib/MASSA AYAM/chicken detection + constrative classification/data/crops_kolektor_gt/train/normal/10047_00050.png,0,normal,train,train,10047,10047.png,"[131, 335, 162, 355]",1.0,kolektor_gt,kolektor_permukaan
C:/Arib/MASSA AYAM/chicken detection + constrative classification/data/crops_kolektor_gt/train/normal/10048_00051.png,0,normal,train,train,10048,10048.png,"[47, 143, 93, 188]",1.0,kolektor_gt,kolektor_permukaan
C:/Arib/MASSA AYAM/chicken detection + constrative classification/data/crops_kolektor_gt/train/normal/10050_00053.png,0,normal,train,train,10050,10050.png,"[68, 337, 143, 355]",1.0,kolektor_gt,kolektor_permukaan
C:/Arib/MASSA AYAM/chicken detection + constrative classification/data/crops_kolektor_gt/train/normal/10051_00054.png,0,normal,train,train,10051,10051.png,"[66, 368, 134, 434]",1.0,kolektor_gt,kolektor_permukaan
C:/Arib/MASSA AYAM/chicken detection + constrative classification/data/crops_kolektor_gt/train/normal/10052_00055.png,0,normal,train,train,10052,10052.png,"[170, 121, 199, 139]",1.0,kolektor_gt,kolektor_permukaan
C:/Arib/MASSA AYAM/chicken detection + constrative classification/data/crops_kolektor_gt/train/normal/10053_00056.png,0,normal,train,train,10053,10053.png,"[103, 514, 143, 553]",1.0,kolektor_gt,kolektor_permukaan
C:/Arib/MASSA AYAM/chicken detection + constrative classification/data/crops_kolektor_gt/train/normal/10055_00058.png,0,normal,train,train,10055,10055.png,"[94, 226, 166, 325]",1.0,kolektor_gt,kolektor_permukaan
C:/Arib/MASSA AYAM/chicken detection + constrative classification/data/crops_kolektor_gt/train/normal/10056_00059.png,0,normal,train,train,10056,10056.png,"[122, 156, 205, 196]",1.0,kolektor_gt,kolektor_permukaan
C:/Arib/MASSA AYAM/chicken detection + constrative classification/data/crops_kolektor_gt/train/normal/10057_00061.png,0,normal,train,train,10057,10057.png,"[191, 382, 210, 409]",1.0,kolektor_gt,kolektor_permukaan
C:/Arib/MASSA AYAM/chicken detection + constrative classification/data/crops_kolektor_gt/train/normal/10058_00062.png,0,normal,train,train,10058,10058.png,"[137, 223, 187, 284]",1.0,kolektor_gt,kolektor_permukaan
C:/Arib/MASSA AYAM/chicken detection + constrative classification/data/crops_kolektor_gt/train/normal/10059_00063.png,0,normal,train,train,10059,10059.png,"[134, 457, 176, 531]",1.0,kolektor_gt,kolektor_permukaan
C:/Arib/MASSA AYAM/chicken detection + constrative classification/data/crops_kolektor_gt/train/normal/10060_00065.png,0,normal,train,train,10060,10060.png,"[19, 577, 36, 587]",1.0,kolektor_gt,kolektor_permukaan
C:/Arib/MASSA AYAM/chicken detection + constrative classification/data/crops_kolektor_gt/train/normal/10061_00066.png,0,normal,train,train,10061,10061.png,"[51, 549, 114, 604]",1.0,kolektor_gt,kolektor_permukaan
C:/Arib/MASSA AYAM/chicken detection + constrative classification/data/crops_kolektor_gt/train/normal/10062_00067.png,0,normal,train,train,10062,10062.png,"[133, 452, 153, 556]",1.0,kolektor_gt,kolektor_permukaan
C:/Arib/MASSA AYAM/chicken detection + constrative classification/data/crops_kolektor_gt/train/normal/10063_00068.png,0,normal,train,train,10063,10063.png,"[183, 500, 216, 550]",1.0,kolektor_gt,kolektor_permukaan
C:/Arib/MASSA AYAM/chicken detection + constrative classification/data/crops_kolektor_gt/train/normal/10065_00071.png,0,normal,train,train,10065,10065.png,"[33, 525, 52, 552]",1.0,kolektor_gt,kolektor_permukaan
C:/Arib/MASSA AYAM/chicken detection + constrative classification/data/crops_kolektor_gt/train/normal/10066_00072.png,0,normal,train,train,10066,10066.png,"[143, 473, 212, 572]",1.0,kolektor_gt,kolektor_permukaan
C:/Arib/MASSA AYAM/chicken detection + constrative classification/data/crops_kolektor_gt/train/normal/10067_00073.png,0,normal,train,train,10067,10067.png,"[185, 22, 218, 45]",1.0,kolektor_gt,kolektor_permukaan
C:/Arib/MASSA AYAM/chicken detection + constrative classification/data/crops_kolektor_gt/train/normal/10068_00074.png,0,normal,train,train,10068,10068.png,"[55, 592, 137, 628]",1.0,kolektor_gt,kolektor_permukaan
C:/Arib/MASSA AYAM/chicken detection + constrative classification/data/crops_kolektor_gt/train/normal/10069_00075.png,0,normal,train,train,10069,10069.png,"[44, 65, 205, 146]",1.0,kolektor_gt,kolektor_permukaan
C:/Arib/MASSA AYAM/chicken detection + constrative classification/data/crops_kolektor_gt/train/normal/10070_00076.png,0,normal,train,train,10070,10070.png,"[17, 483, 98, 515]",1.0,kolektor_gt,kolektor_permukaan
C:/Arib/MASSA AYAM/chicken detection + constrative classification/data/crops_kolektor_gt/train/normal/10071_00077.png,0,normal,train,train,10071,10071.png,"[46, 393, 84, 548]",1.0,kolektor_gt,kolektor_permukaan
C:/Arib/MASSA AYAM/chicken detection + constrative classification/data/crops_kolektor_gt/train/normal/10073_00079.png,0,normal,train,train,10073,10073.png,"[96, 82, 114, 146]",1.0,kolektor_gt,kolektor_permukaan
C:/Arib/MASSA AYAM/chicken detection + constrative classification/data/crops_kolektor_gt/train/normal/10075_00081.png,0,normal,train,train,10075,10075.png,"[135, 130, 203, 204]",1.0,kolektor_gt,kolektor_permukaan
C:/Arib/MASSA AYAM/chicken detection + constrative classification/data/crops_kolektor_gt/train/normal/10076_00082.png,0,normal,train,train,10076,10076.png,"[0, 23, 34, 57]",1.0,kolektor_gt,kolektor_permukaan
C:/Arib/MASSA AYAM/chicken detection + constrative classification/data/crops_kolektor_gt/train/normal/10077_00083.png,0,normal,train,train,10077,10077.png,"[86, 557, 229, 610]",1.0,kolektor_gt,kolektor_permukaan
C:/Arib/MASSA AYAM/chicken detection + constrative classification/data/crops_kolektor_gt/train/normal/10078_00084.png,0,normal,train,train,10078,10078.png,"[58, 253, 84, 341]",1.0,kolektor_gt,kolektor_permukaan
C:/Arib/MASSA AYAM/chicken detection + constrative classification/data/crops_kolektor_gt/train/normal/10079_00085.png,0,normal,train,train,10079,10079.png,"[70, 193, 81, 202]",1.0,kolektor_gt,kolektor_permukaan
C:/Arib/MASSA AYAM/chicken detection + constrative classification/data/crops_kolektor_gt/train/normal/10080_00086.png,0,normal,train,train,10080,10080.png,"[8, 429, 71, 456]",1.0,kolektor_gt,kolektor_permukaan
C:/Arib/MASSA AYAM/chicken detection + constrative classification/data/crops_kolektor_gt/train/normal/10081_00087.png,0,normal,train,train,10081,10081.png,"[61, 211, 130, 314]",1.0,kolektor_gt,kolektor_permukaan
C:/Arib/MASSA AYAM/chicken detection + constrative classification/data/crops_kolektor_gt/train/normal/10082_00088.png,0,normal,train,train,10082,10082.png,"[114, 49, 155, 110]",1.0,kolektor_gt,kolektor_permukaan
C:/Arib/MASSA AYAM/chicken detection + constrative classification/data/crops_kolektor_gt/train/normal/10083_00089.png,0,normal,train,train,10083,10083.png,"[102, 224, 158, 397]",1.0,kolektor_gt,kolektor_permukaan
C:/Arib/MASSA AYAM/chicken detection + constrative classification/data/crops_kolektor_gt/train/normal/10084_00091.png,0,normal,train,train,10084,10084.png,"[2, 257, 224, 499]",1.0,kolektor_gt,kolektor_permukaan
C:/Arib/MASSA AYAM/chicken detection + constrative classification/data/crops_kolektor_gt/train/normal/10085_00092.png,0,normal,train,train,10085,10085.png,"[93, 294, 227, 448]",1.0,kolektor_gt,kolektor_permukaan
C:/Arib/MASSA AYAM/chicken detection + constrative classification/data/crops_kolektor_gt/train/normal/10086_00093.png,0,normal,train,train,10086,10086.png,"[60, 309, 104, 335]",1.0,kolektor_gt,kolektor_permukaan
C:/Arib/MASSA AYAM/chicken detection + constrative classification/data/crops_kolektor_gt/train/normal/10087_00094.png,0,normal,train,train,10087,10087.png,"[56, 423, 96, 460]",1.0,kolektor_gt,kolektor_permukaan
C:/Arib/MASSA AYAM/chicken detection + constrative classification/data/crops_kolektor_gt/train/normal/10089_00096.png,0,normal,train,train,10089,10089.png,"[80, 437, 188, 522]",1.0,kolektor_gt,kolektor_permukaan
C:/Arib/MASSA AYAM/chicken detection + constrative classification/data/crops_kolektor_gt/train/normal/10090_00098.png,0,normal,train,train,10090,10090.png,"[12, 352, 59, 386]",1.0,kolektor_gt,kolektor_permukaan
C:/Arib/MASSA AYAM/chicken detection + constrative classification/data/crops_kolektor_gt/train/normal/10092_00100.png,0,normal,train,train,10092,10092.png,"[38, 153, 76, 308]",1.0,kolektor_gt,kolektor_permukaan
C:/Arib/MASSA AYAM/chicken detection + constrative classification/data/crops_kolektor_gt/train/normal/10093_00101.png,0,normal,train,train,10093,10093.png,"[61, 230, 72, 288]",1.0,kolektor_gt,kolektor_permukaan
C:/Arib/MASSA AYAM/chicken detection + constrative classification/data/crops_kolektor_gt/train/normal/10094_00102.png,0,normal,train,train,10094,10094.png,"[118, 59, 146, 82]",1.0,kolektor_gt,kolektor_permukaan
C:/Arib/MASSA AYAM/chicken detection + constrative classification/data/crops_kolektor_gt/train/normal/10095_00103.png,0,normal,train,train,10095,10095.png,"[142, 542, 164, 569]",1.0,kolektor_gt,kolektor_permukaan
C:/Arib/MASSA AYAM/chicken detection + constrative classification/data/crops_kolektor_gt/train/normal/10097_00105.png,0,normal,train,train,10097,10097.png,"[115, 379, 175, 461]",1.0,kolektor_gt,kolektor_permukaan
C:/Arib/MASSA AYAM/chicken detection + constrative classification/data/crops_kolektor_gt/train/normal/10098_00106.png,0,normal,train,train,10098,10098.png,"[13, 274, 26, 283]",1.0,kolektor_gt,kolektor_permukaan
C:/Arib/MASSA AYAM/chicken detection + constrative classification/data/crops_kolektor_gt/train/normal/10099_00107.png,0,normal,train,train,10099,10099.png,"[4, 192, 179, 281]",1.0,kolektor_gt,kolektor_permukaan
C:/Arib/MASSA AYAM/chicken detection + constrative classification/data/crops_kolektor_gt/train/normal/10100_00108.png,0,normal,train,train,10100,10100.png,"[122, 213, 163, 332]",1.0,kolektor_gt,kolektor_permukaan
C:/Arib/MASSA AYAM/chicken detection + constrative classification/data/crops_kolektor_gt/train/normal/10101_00109.png,0,normal,train,train,10101,10101.png,"[38, 15, 167, 40]",1.0,kolektor_gt,kolektor_permukaan
C:/Arib/MASSA AYAM/chicken detection + constrative classification/data/crops_kolektor_gt/train/normal/10102_00110.png,0,normal,train,train,10102,10102.png,"[189, 120, 202, 129]",1.0,kolektor_gt,kolektor_permukaan
C:/Arib/MASSA AYAM/chicken detection + constrative classification/data/crops_kolektor_gt/train/normal/10104_00112.png,0,normal,train,train,10104,10104.png,"[101, 245, 146, 282]",1.0,kolektor_gt,kolektor_permukaan
C:/Arib/MASSA AYAM/chicken detection + constrative classification/data/crops_kolektor_gt/train/normal/10105_00113.png,0,normal,train,train,10105,10105.png,"[97, 477, 126, 547]",1.0,kolektor_gt,kolektor_permukaan
C:/Arib/MASSA AYAM/chicken detection + constrative classification/data/crops_kolektor_gt/train/normal/10106_00114.png,0,normal,train,train,10106,10106.png,"[78, 267, 105, 287]",1.0,kolektor_gt,kolektor_permukaan
C:/Arib/MASSA AYAM/chicken detection + constrative classification/data/crops_kolektor_gt/train/normal/10108_00116.png,0,normal,train,train,10108,10108.png,"[194, 327, 229, 360]",1.0,kolektor_gt,kolektor_permukaan
C:/Arib/MASSA AYAM/chicken detection + constrative classification/data/crops_kolektor_gt/train/normal/10109_00117.png,0,normal,train,train,10109,10109.png,"[80, 423, 159, 536]",1.0,kolektor_gt,kolektor_permukaan
C:/Arib/MASSA AYAM/chicken detection + constrative classification/data/crops_kolektor_gt/train/normal/10110_00118.png,0,normal,train,train,10110,10110.png,"[37, 16, 88, 70]",1.0,kolektor_gt,kolektor_permukaan
C:/Arib/MASSA AYAM/chicken detection + constrative classification/data/crops_kolektor_gt/train/normal/10111_00119.png,0,normal,train,train,10111,10111.png,"[75, 156, 97, 183]",1.0,kolektor_gt,kolektor_permukaan
C:/Arib/MASSA AYAM/chicken detection + constrative classification/data/crops_kolektor_gt/train/normal/10112_00120.png,0,normal,train,train,10112,10112.png,"[97, 251, 146, 361]",1.0,kolektor_gt,kolektor_permukaan
C:/Arib/MASSA AYAM/chicken detection + constrative classification/data/crops_kolektor_gt/train/normal/10113_00121.png,0,normal,train,train,10113,10113.png,"[65, 250, 106, 511]",1.0,kolektor_gt,kolektor_permukaan
C:/Arib/MASSA AYAM/chicken detection + constrative classification/data/crops_kolektor_gt/train/normal/10114_00122.png,0,normal,train,train,10114,10114.png,"[117, 172, 164, 228]",1.0,kolektor_gt,kolektor_permukaan
C:/Arib/MASSA AYAM/chicken detection + constrative classification/data/crops_kolektor_gt/train/normal/10116_00124.png,0,normal,train,train,10116,10116.png,"[47, 60, 122, 150]",1.0,kolektor_gt,kolektor_permukaan
C:/Arib/MASSA AYAM/chicken detection + constrative classification/data/crops_kolektor_gt/train/normal/10117_00125.png,0,normal,train,train,10117,10117.png,"[12, 6, 69, 21]",1.0,kolektor_gt,kolektor_permukaan
C:/Arib/MASSA AYAM/chicken detection + constrative classification/data/crops_kolektor_gt/train/normal/10118_00126.png,0,normal,train,train,10118,10118.png,"[17, 362, 51, 526]",1.0,kolektor_gt,kolektor_permukaan
C:/Arib/MASSA AYAM/chicken detection + constrative classification/data/crops_kolektor_gt/train/normal/10122_00130.png,0,normal,train,train,10122,10122.png,"[4, 293, 230, 421]",1.0,kolektor_gt,kolektor_permukaan
C:/Arib/MASSA AYAM/chicken detection + constrative classification/data/crops_kolektor_gt/train/normal/10123_00131.png,0,normal,train,train,10123,10123.png,"[45, 109, 110, 145]",1.0,kolektor_gt,kolektor_permukaan
C:/Arib/MASSA AYAM/chicken detection + constrative classification/data/crops_kolektor_gt/train/normal/10125_00133.png,0,normal,train,train,10125,10125.png,"[90, 273, 123, 338]",1.0,kolektor_gt,kolektor_permukaan
C:/Arib/MASSA AYAM/chicken detection + constrative classification/data/crops_kolektor_gt/train/normal/10127_00135.png,0,normal,train,train,10127,10127.png,"[178, 231, 198, 246]",1.0,kolektor_gt,kolektor_permukaan
C:/Arib/MASSA AYAM/chicken detection + constrative classification/data/crops_kolektor_gt/train/normal/10128_00136.png,0,normal,train,train,10128,10128.png,"[167, 32, 209, 106]",1.0,kolektor_gt,kolektor_permukaan
C:/Arib/MASSA AYAM/chicken detection + constrative classification/data/crops_kolektor_gt/train/normal/10129_00137.png,0,normal,train,train,10129,10129.png,"[96, 487, 122, 575]",1.0,kolektor_gt,kolektor_permukaan
C:/Arib/MASSA AYAM/chicken detection + constrative classification/data/crops_kolektor_gt/train/normal/10130_00138.png,0,normal,train,train,10130,10130.png,"[43, 84, 96, 133]",1.0,kolektor_gt,kolektor_permukaan
C:/Arib/MASSA AYAM/chicken detection + constrative classification/data/crops_kolektor_gt/train/normal/10131_00139.png,0,normal,train,train,10131,10131.png,"[165, 339, 190, 351]",1.0,kolektor_gt,kolektor_permukaan
C:/Arib/MASSA AYAM/chicken detection + constrative classification/data/crops_kolektor_gt/train/normal/10132_00140.png,0,normal,train,train,10132,10132.png,"[135, 43, 181, 88]",1.0,kolektor_gt,kolektor_permukaan
C:/Arib/MASSA AYAM/chicken detection + constrative classification/data/crops_kolektor_gt/train/normal/10133_00141.png,0,normal,train,train,10133,10133.png,"[34, 47, 146, 90]",1.0,kolektor_gt,kolektor_permukaan
C:/Arib/MASSA AYAM/chicken detection + constrative classification/data/crops_kolektor_gt/train/normal/10134_00142.png,0,normal,train,train,10134,10134.png,"[139, 288, 161, 449]",1.0,kolektor_gt,kolektor_permukaan
C:/Arib/MASSA AYAM/chicken detection + constrative classification/data/crops_kolektor_gt/train/normal/10138_00147.png,0,normal,train,train,10138,10138.png,"[145, 398, 179, 489]",1.0,kolektor_gt,kolektor_permukaan
C:/Arib/MASSA AYAM/chicken detection + constrative classification/data/crops_kolektor_gt/train/normal/10140_00149.png,0,normal,train,train,10140,10140.png,"[128, 354, 188, 436]",1.0,kolektor_gt,kolektor_permukaan
C:/Arib/MASSA AYAM/chicken detection + constrative classification/data/crops_kolektor_gt/train/normal/10141_00150.png,0,normal,train,train,10141,10141.png,"[59, 77, 94, 150]",1.0,kolektor_gt,kolektor_permukaan
C:/Arib/MASSA AYAM/chicken detection + constrative classification/data/crops_kolektor_gt/train/normal/10142_00151.png,0,normal,train,train,10142,10142.png,"[83, 30, 137, 88]",1.0,kolektor_gt,kolektor_permukaan
C:/Arib/MASSA AYAM/chicken detection + constrative classification/data/crops_kolektor_gt/train/normal/10143_00152.png,0,normal,train,train,10143,10143.png,"[125, 233, 215, 291]",1.0,kolektor_gt,kolektor_permukaan
C:/Arib/MASSA AYAM/chicken detection + constrative classification/data/crops_kolektor_gt/train/normal/10145_00155.png,0,normal,train,train,10145,10145.png,"[21, 302, 47, 390]",1.0,kolektor_gt,kolektor_permukaan
C:/Arib/MASSA AYAM/chicken detection + constrative classification/data/crops_kolektor_gt/train/normal/10146_00156.png,0,normal,train,train,10146,10146.png,"[21, 274, 79, 324]",1.0,kolektor_gt,kolektor_permukaan
C:/Arib/MASSA AYAM/chicken detection + constrative classification/data/crops_kolektor_gt/train/normal/10148_00158.png,0,normal,train,train,10148,10148.png,"[0, 315, 205, 394]",1.0,kolektor_gt,kolektor_permukaan
C:/Arib/MASSA AYAM/chicken detection + constrative classification/data/crops_kolektor_gt/train/normal/10149_00159.png,0,normal,train,train,10149,10149.png,"[26, 135, 73, 192]",1.0,kolektor_gt,kolektor_permukaan
C:/Arib/MASSA AYAM/chicken detection + constrative classification/data/crops_kolektor_gt/train/normal/10151_00161.png,0,normal,train,train,10151,10151.png,"[26, 26, 39, 56]",1.0,kolektor_gt,kolektor_permukaan
C:/Arib/MASSA AYAM/chicken detection + constrative classification/data/crops_kolektor_gt/train/normal/10153_00163.png,0,normal,train,train,10153,10153.png,"[74, 423, 98, 496]",1.0,kolektor_gt,kolektor_permukaan
C:/Arib/MASSA AYAM/chicken detection + constrative classification/data/crops_kolektor_gt/train/normal/10154_00164.png,0,normal,train,train,10154,10154.png,"[143, 248, 212, 280]",1.0,kolektor_gt,kolektor_permukaan
C:/Arib/MASSA AYAM/chicken detection + constrative classification/data/crops_kolektor_gt/train/normal/10155_00165.png,0,normal,train,train,10155,10155.png,"[97, 173, 161, 192]",1.0,kolektor_gt,kolektor_permukaan
C:/Arib/MASSA AYAM/chicken detection + constrative classification/data/crops_kolektor_gt/train/normal/10156_00166.png,0,normal,train,train,10156,10156.png,"[68, 504, 106, 582]",1.0,kolektor_gt,kolektor_permukaan
C:/Arib/MASSA AYAM/chicken detection + constrative classification/data/crops_kolektor_gt/train/normal/10158_00169.png,0,normal,train,train,10158,10158.png,"[76, 495, 88, 508]",1.0,kolektor_gt,kolektor_permukaan
C:/Arib/MASSA AYAM/chicken detection + constrative classification/data/crops_kolektor_gt/train/normal/10159_00171.png,0,normal,train,train,10159,10159.png,"[184, 507, 228, 603]",1.0,kolektor_gt,kolektor_permukaan
C:/Arib/MASSA AYAM/chicken detection + constrative classification/data/crops_kolektor_gt/train/normal/10161_00173.png,0,normal,train,train,10161,10161.png,"[101, 340, 143, 401]",1.0,kolektor_gt,kolektor_permukaan
C:/Arib/MASSA AYAM/chicken detection + constrative classification/data/crops_kolektor_gt/train/normal/10162_00174.png,0,normal,train,train,10162,10162.png,"[84, 450, 110, 538]",1.0,kolektor_gt,kolektor_permukaan
C:/Arib/MASSA AYAM/chicken detection + constrative classification/data/crops_kolektor_gt/train/normal/10164_00176.png,0,normal,train,train,10164,10164.png,"[30, 321, 225, 403]",1.0,kolektor_gt,kolektor_permukaan
C:/Arib/MASSA AYAM/chicken detection + constrative classification/data/crops_kolektor_gt/train/normal/10165_00177.png,0,normal,train,train,10165,10165.png,"[81, 298, 135, 356]",1.0,kolektor_gt,kolektor_permukaan
C:/Arib/MASSA AYAM/chicken detection + constrative classification/data/crops_kolektor_gt/train/normal/10166_00178.png,0,normal,train,train,10166,10166.png,"[147, 248, 194, 304]",1.0,kolektor_gt,kolektor_permukaan
C:/Arib/MASSA AYAM/chicken detection + constrative classification/data/crops_kolektor_gt/train/normal/10167_00179.png,0,normal,train,train,10167,10167.png,"[201, 201, 223, 362]",1.0,kolektor_gt,kolektor_permukaan
C:/Arib/MASSA AYAM/chicken detection + constrative classification/data/crops_kolektor_gt/train/normal/10171_00183.png,0,normal,train,train,10171,10171.png,"[81, 155, 184, 349]",1.0,kolektor_gt,kolektor_permukaan
C:/Arib/MASSA AYAM/chicken detection + constrative classification/data/crops_kolektor_gt/train/normal/10172_00184.png,0,normal,train,train,10172,10172.png,"[108, 386, 165, 485]",1.0,kolektor_gt,kolektor_permukaan
C:/Arib/MASSA AYAM/chicken detection + constrative classification/data/crops_kolektor_gt/train/normal/10173_00185.png,0,normal,train,train,10173,10173.png,"[74, 205, 214, 399]",1.0,kolektor_gt,kolektor_permukaan
C:/Arib/MASSA AYAM/chicken detection + constrative classification/data/crops_kolektor_gt/train/normal/10174_00186.png,0,normal,train,train,10174,10174.png,"[139, 37, 194, 151]",1.0,kolektor_gt,kolektor_permukaan
C:/Arib/MASSA AYAM/chicken detection + constrative classification/data/crops_kolektor_gt/train/normal/10175_00187.png,0,normal,train,train,10175,10175.png,"[89, 458, 203, 603]",1.0,kolektor_gt,kolektor_permukaan
C:/Arib/MASSA AYAM/chicken detection + constrative classification/data/crops_kolektor_gt/train/normal/10177_00189.png,0,normal,train,train,10177,10177.png,"[42, 45, 79, 86]",1.0,kolektor_gt,kolektor_permukaan
C:/Arib/MASSA AYAM/chicken detection + constrative classification/data/crops_kolektor_gt/train/normal/10178_00190.png,0,normal,train,train,10178,10178.png,"[84, 440, 130, 515]",1.0,kolektor_gt,kolektor_permukaan
C:/Arib/MASSA AYAM/chicken detection + constrative classification/data/crops_kolektor_gt/train/normal/10179_00191.png,0,normal,train,train,10179,10179.png,"[66, 227, 87, 262]",1.0,kolektor_gt,kolektor_permukaan
C:/Arib/MASSA AYAM/chicken detection + constrative classification/data/crops_kolektor_gt/train/normal/10180_00192.png,0,normal,train,train,10180,10180.png,"[142, 226, 214, 344]",1.0,kolektor_gt,kolektor_permukaan
C:/Arib/MASSA AYAM/chicken detection + constrative classification/data/crops_kolektor_gt/train/normal/10181_00193.png,0,normal,train,train,10181,10181.png,"[118, 395, 152, 563]",1.0,kolektor_gt,kolektor_permukaan
C:/Arib/MASSA AYAM/chicken detection + constrative classification/data/crops_kolektor_gt/train/normal/10184_00196.png,0,normal,train,train,10184,10184.png,"[29, 145, 98, 177]",1.0,kolektor_gt,kolektor_permukaan
C:/Arib/MASSA AYAM/chicken detection + constrative classification/data/crops_kolektor_gt/train/normal/10185_00197.png,0,normal,train,train,10185,10185.png,"[58, 211, 223, 306]",1.0,kolektor_gt,kolektor_permukaan
C:/Arib/MASSA AYAM/chicken detection + constrative classification/data/crops_kolektor_gt/train/normal/10186_00198.png,0,normal,train,train,10186,10186.png,"[121, 99, 155, 144]",1.0,kolektor_gt,kolektor_permukaan
C:/Arib/MASSA AYAM/chicken detection + constrative classification/data/crops_kolektor_gt/train/normal/10187_00199.png,0,normal,train,train,10187,10187.png,"[81, 68, 102, 108]",1.0,kolektor_gt,kolektor_permukaan
C:/Arib/MASSA AYAM/chicken detection + constrative classification/data/crops_kolektor_gt/train/normal/10189_00201.png,0,normal,train,train,10189,10189.png,"[189, 249, 205, 264]",1.0,kolektor_gt,kolektor_permukaan
C:/Arib/MASSA AYAM/chicken detection + constrative classification/data/crops_kolektor_gt/train/normal/10190_00202.png,0,normal,train,train,10190,10190.png,"[84, 573, 124, 612]",1.0,kolektor_gt,kolektor_permukaan
C:/Arib/MASSA AYAM/chicken detection + constrative classification/data/crops_kolektor_gt/train/normal/10191_00203.png,0,normal,train,train,10191,10191.png,"[14, 207, 197, 498]",1.0,kolektor_gt,kolektor_permukaan
C:/Arib/MASSA AYAM/chicken detection + constrative classification/data/crops_kolektor_gt/train/normal/10192_00204.png,0,normal,train,train,10192,10192.png,"[110, 202, 187, 329]",1.0,kolektor_gt,kolektor_permukaan
C:/Arib/MASSA AYAM/chicken detection + constrative classification/data/crops_kolektor_gt/train/normal/10194_00206.png,0,normal,train,train,10194,10194.png,"[6, 142, 205, 274]",1.0,kolektor_gt,kolektor_permukaan
C:/Arib/MASSA AYAM/chicken detection + constrative classification/data/crops_kolektor_gt/train/normal/10198_00210.png,0,normal,train,train,10198,10198.png,"[99, 401, 202, 441]",1.0,kolektor_gt,kolektor_permukaan
C:/Arib/MASSA AYAM/chicken detection + constrative classification/data/crops_kolektor_gt/train/normal/10201_00214.png,0,normal,train,train,10201,10201.png,"[130, 397, 172, 436]",1.0,kolektor_gt,kolektor_permukaan
C:/Arib/MASSA AYAM/chicken detection + constrative classification/data/crops_kolektor_gt/train/normal/10202_00215.png,0,normal,train,train,10202,10202.png,"[147, 392, 217, 426]",1.0,kolektor_gt,kolektor_permukaan
C:/Arib/MASSA AYAM/chicken detection + constrative classification/data/crops_kolektor_gt/train/normal/10203_00216.png,0,normal,train,train,10203,10203.png,"[162, 275, 227, 410]",1.0,kolektor_gt,kolektor_permukaan
C:/Arib/MASSA AYAM/chicken detection + constrative classification/data/crops_kolektor_gt/train/normal/10204_00217.png,0,normal,train,train,10204,10204.png,"[142, 170, 156, 238]",1.0,kolektor_gt,kolektor_permukaan
C:/Arib/MASSA AYAM/chicken detection + constrative classification/data/crops_kolektor_gt/train/normal/10205_00218.png,0,normal,train,train,10205,10205.png,"[47, 161, 150, 355]",1.0,kolektor_gt,kolektor_permukaan
C:/Arib/MASSA AYAM/chicken detection + constrative classification/data/crops_kolektor_gt/train/normal/10207_00221.png,0,normal,train,train,10207,10207.png,"[17, 199, 124, 241]",1.0,kolektor_gt,kolektor_permukaan
C:/Arib/MASSA AYAM/chicken detection + constrative classification/data/crops_kolektor_gt/train/normal/10208_00223.png,0,normal,train,train,10208,10208.png,"[143, 258, 179, 458]",1.0,kolektor_gt,kolektor_permukaan
C:/Arib/MASSA AYAM/chicken detection + constrative classification/data/crops_kolektor_gt/train/normal/10209_00224.png,0,normal,train,train,10209,10209.png,"[175, 251, 213, 406]",1.0,kolektor_gt,kolektor_permukaan
C:/Arib/MASSA AYAM/chicken detection + constrative classification/data/crops_kolektor_gt/train/normal/10210_00225.png,0,normal,train,train,10210,10210.png,"[125, 171, 152, 276]",1.0,kolektor_gt,kolektor_permukaan
C:/Arib/MASSA AYAM/chicken detection + constrative classification/data/crops_kolektor_gt/train/normal/10212_00227.png,0,normal,train,train,10212,10212.png,"[0, 275, 226, 403]",1.0,kolektor_gt,kolektor_permukaan
C:/Arib/MASSA AYAM/chicken detection + constrative classification/data/crops_kolektor_gt/train/normal/10214_00229.png,0,normal,train,train,10214,10214.png,"[140, 523, 187, 557]",1.0,kolektor_gt,kolektor_permukaan
C:/Arib/MASSA AYAM/chicken detection + constrative classification/data/crops_kolektor_gt/train/normal/10216_00231.png,0,normal,train,train,10216,10216.png,"[194, 451, 209, 476]",1.0,kolektor_gt,kolektor_permukaan
C:/Arib/MASSA AYAM/chicken detection + constrative classification/data/crops_kolektor_gt/train/normal/10217_00232.png,0,normal,train,train,10217,10217.png,"[26, 376, 66, 592]",1.0,kolektor_gt,kolektor_permukaan
C:/Arib/MASSA AYAM/chicken detection + constrative classification/data/crops_kolektor_gt/train/normal/10218_00233.png,0,normal,train,train,10218,10218.png,"[76, 33, 120, 129]",1.0,kolektor_gt,kolektor_permukaan
C:/Arib/MASSA AYAM/chicken detection + constrative classification/data/crops_kolektor_gt/train/normal/10219_00234.png,0,normal,train,train,10219,10219.png,"[22, 449, 56, 494]",1.0,kolektor_gt,kolektor_permukaan
C:/Arib/MASSA AYAM/chicken detection + constrative classification/data/crops_kolektor_gt/train/normal/10220_00235.png,0,normal,train,train,10220,10220.png,"[30, 214, 166, 292]",1.0,kolektor_gt,kolektor_permukaan
C:/Arib/MASSA AYAM/chicken detection + constrative classification/data/crops_kolektor_gt/train/normal/10221_00236.png,0,normal,train,train,10221,10221.png,"[109, 84, 190, 224]",1.0,kolektor_gt,kolektor_permukaan
C:/Arib/MASSA AYAM/chicken detection + constrative classification/data/crops_kolektor_gt/train/normal/10222_00237.png,0,normal,train,train,10222,10222.png,"[52, 60, 85, 110]",1.0,kolektor_gt,kolektor_permukaan
C:/Arib/MASSA AYAM/chicken detection + constrative classification/data/crops_kolektor_gt/train/normal/10225_00241.png,0,normal,train,train,10225,10225.png,"[179, 135, 203, 183]",1.0,kolektor_gt,kolektor_permukaan
C:/Arib/MASSA AYAM/chicken detection + constrative classification/data/crops_kolektor_gt/train/normal/10226_00242.png,0,normal,train,train,10226,10226.png,"[63, 402, 107, 428]",1.0,kolektor_gt,kolektor_permukaan
C:/Arib/MASSA AYAM/chicken detection + constrative classification/data/crops_kolektor_gt/train/normal/10229_00245.png,0,normal,train,train,10229,10229.png,"[88, 377, 196, 412]",1.0,kolektor_gt,kolektor_permukaan
C:/Arib/MASSA AYAM/chicken detection + constrative classification/data/crops_kolektor_gt/train/normal/10231_00247.png,0,normal,train,train,10231,10231.png,"[187, 469, 216, 525]",1.0,kolektor_gt,kolektor_permukaan
C:/Arib/MASSA AYAM/chicken detection + constrative classification/data/crops_kolektor_gt/train/normal/10232_00248.png,0,normal,train,train,10232,10232.png,"[16, 547, 43, 567]",1.0,kolektor_gt,kolektor_permukaan
C:/Arib/MASSA AYAM/chicken detection + constrative classification/data/crops_kolektor_gt/train/normal/10233_00249.png,0,normal,train,train,10233,10233.png,"[26, 108, 230, 235]",1.0,kolektor_gt,kolektor_permukaan
C:/Arib/MASSA AYAM/chicken detection + constrative classification/data/crops_kolektor_gt/train/normal/10234_00250.png,0,normal,train,train,10234,10234.png,"[212, 290, 224, 313]",1.0,kolektor_gt,kolektor_permukaan
C:/Arib/MASSA AYAM/chicken detection + constrative classification/data/crops_kolektor_gt/train/normal/10235_00252.png,0,normal,train,train,10235,10235.png,"[6, 47, 171, 142]",1.0,kolektor_gt,kolektor_permukaan
C:/Arib/MASSA AYAM/chicken detection + constrative classification/data/crops_kolektor_gt/train/normal/10236_00253.png,0,normal,train,train,10236,10236.png,"[4, 127, 84, 145]",1.0,kolektor_gt,kolektor_permukaan
C:/Arib/MASSA AYAM/chicken detection + constrative classification/data/crops_kolektor_gt/train/normal/10237_00254.png,0,normal,train,train,10237,10237.png,"[112, 467, 166, 532]",1.0,kolektor_gt,kolektor_permukaan
C:/Arib/MASSA AYAM/chicken detection + constrative classification/data/crops_kolektor_gt/train/normal/10238_00255.png,0,normal,train,train,10238,10238.png,"[6, 352, 210, 479]",1.0,kolektor_gt,kolektor_permukaan
C:/Arib/MASSA AYAM/chicken detection + constrative classification/data/crops_kolektor_gt/train/normal/10239_00256.png,0,normal,train,train,10239,10239.png,"[40, 280, 78, 358]",1.0,kolektor_gt,kolektor_permukaan
C:/Arib/MASSA AYAM/chicken detection + constrative classification/data/crops_kolektor_gt/train/normal/10240_00257.png,0,normal,train,train,10240,10240.png,"[32, 42, 146, 187]",1.0,kolektor_gt,kolektor_permukaan
C:/Arib/MASSA AYAM/chicken detection + constrative classification/data/crops_kolektor_gt/train/normal/10241_00258.png,0,normal,train,train,10241,10241.png,"[13, 405, 29, 420]",1.0,kolektor_gt,kolektor_permukaan
C:/Arib/MASSA AYAM/chicken detection + constrative classification/data/crops_kolektor_gt/train/normal/10242_00259.png,0,normal,train,train,10242,10242.png,"[54, 335, 188, 489]",1.0,kolektor_gt,kolektor_permukaan
C:/Arib/MASSA AYAM/chicken detection + constrative classification/data/crops_kolektor_gt/train/normal/10243_00260.png,0,normal,train,train,10243,10243.png,"[0, 218, 46, 263]",1.0,kolektor_gt,kolektor_permukaan
C:/Arib/MASSA AYAM/chicken detection + constrative classification/data/crops_kolektor_gt/train/normal/10244_00262.png,0,normal,train,train,10244,10244.png,"[19, 135, 65, 266]",1.0,kolektor_gt,kolektor_permukaan
C:/Arib/MASSA AYAM/chicken detection + constrative classification/data/crops_kolektor_gt/train/normal/10247_00266.png,0,normal,train,train,10247,10247.png,"[122, 72, 177, 143]",1.0,kolektor_gt,kolektor_permukaan
C:/Arib/MASSA AYAM/chicken detection + constrative classification/data/crops_kolektor_gt/train/normal/10248_00267.png,0,normal,train,train,10248,10248.png,"[93, 104, 217, 182]",1.0,kolektor_gt,kolektor_permukaan
C:/Arib/MASSA AYAM/chicken detection + constrative classification/data/crops_kolektor_gt/train/normal/10249_00268.png,0,normal,train,train,10249,10249.png,"[76, 70, 152, 192]",1.0,kolektor_gt,kolektor_permukaan
C:/Arib/MASSA AYAM/chicken detection + constrative classification/data/crops_kolektor_gt/train/normal/10253_00272.png,0,normal,train,train,10253,10253.png,"[55, 88, 75, 134]",1.0,kolektor_gt,kolektor_permukaan
C:/Arib/MASSA AYAM/chicken detection + constrative classification/data/crops_kolektor_gt/train/normal/10254_00274.png,0,normal,train,train,10254,10254.png,"[35, 126, 77, 234]",1.0,kolektor_gt,kolektor_permukaan
C:/Arib/MASSA AYAM/chicken detection + constrative classification/data/crops_kolektor_gt/train/normal/10255_00275.png,0,normal,train,train,10255,10255.png,"[89, 219, 125, 419]",1.0,kolektor_gt,kolektor_permukaan
C:/Arib/MASSA AYAM/chicken detection + constrative classification/data/crops_kolektor_gt/train/normal/10256_00276.png,0,normal,train,train,10256,10256.png,"[31, 141, 134, 335]",1.0,kolektor_gt,kolektor_permukaan
C:/Arib/MASSA AYAM/chicken detection + constrative classification/data/crops_kolektor_gt/train/normal/10258_00279.png,0,normal,train,train,10258,10258.png,"[155, 521, 227, 639]",1.0,kolektor_gt,kolektor_permukaan
C:/Arib/MASSA AYAM/chicken detection + constrative classification/data/crops_kolektor_gt/train/normal/10259_00280.png,0,normal,train,train,10259,10259.png,"[75, 330, 109, 498]",1.0,kolektor_gt,kolektor_permukaan
C:/Arib/MASSA AYAM/chicken detection + constrative classification/data/crops_kolektor_gt/train/normal/10260_00281.png,0,normal,train,train,10260,10260.png,"[63, 197, 179, 373]",1.0,kolektor_gt,kolektor_permukaan
C:/Arib/MASSA AYAM/chicken detection + constrative classification/data/crops_kolektor_gt/train/normal/10261_00282.png,0,normal,train,train,10261,10261.png,"[152, 72, 225, 104]",1.0,kolektor_gt,kolektor_permukaan
C:/Arib/MASSA AYAM/chicken detection + constrative classification/data/crops_kolektor_gt/train/normal/10262_00283.png,0,normal,train,train,10262,10262.png,"[92, 324, 116, 397]",1.0,kolektor_gt,kolektor_permukaan
C:/Arib/MASSA AYAM/chicken detection + constrative classification/data/crops_kolektor_gt/train/normal/10267_00289.png,0,normal,train,train,10267,10267.png,"[51, 84, 212, 165]",1.0,kolektor_gt,kolektor_permukaan
C:/Arib/MASSA AYAM/chicken detection + constrative classification/data/crops_kolektor_gt/train/normal/10268_00290.png,0,normal,train,train,10268,10268.png,"[71, 85, 128, 184]",1.0,kolektor_gt,kolektor_permukaan
C:/Arib/MASSA AYAM/chicken detection + constrative classification/data/crops_kolektor_gt/train/normal/10269_00291.png,0,normal,train,train,10269,10269.png,"[52, 159, 89, 220]",1.0,kolektor_gt,kolektor_permukaan
C:/Arib/MASSA AYAM/chicken detection + constrative classification/data/crops_kolektor_gt/train/normal/10270_00292.png,0,normal,train,train,10270,10270.png,"[150, 324, 184, 492]",1.0,kolektor_gt,kolektor_permukaan
C:/Arib/MASSA AYAM/chicken detection + constrative classification/data/crops_kolektor_gt/train/normal/10271_00293.png,0,normal,train,train,10271,10271.png,"[79, 447, 116, 491]",1.0,kolektor_gt,kolektor_permukaan
C:/Arib/MASSA AYAM/chicken detection + constrative classification/data/crops_kolektor_gt/train/normal/10273_00296.png,0,normal,train,train,10273,10273.png,"[156, 56, 175, 83]",1.0,kolektor_gt,kolektor_permukaan
C:/Arib/MASSA AYAM/chicken detection + constrative classification/data/crops_kolektor_gt/train/normal/10275_00298.png,0,normal,train,train,10275,10275.png,"[41, 508, 109, 574]",1.0,kolektor_gt,kolektor_permukaan
C:/Arib/MASSA AYAM/chicken detection + constrative classification/data/crops_kolektor_gt/train/normal/10276_00299.png,0,normal,train,train,10276,10276.png,"[132, 265, 217, 303]",1.0,kolektor_gt,kolektor_permukaan
C:/Arib/MASSA AYAM/chicken detection + constrative classification/data/crops_kolektor_gt/train/normal/10277_00300.png,0,normal,train,train,10277,10277.png,"[191, 275, 215, 323]",1.0,kolektor_gt,kolektor_permukaan
C:/Arib/MASSA AYAM/chicken detection + constrative classification/data/crops_kolektor_gt/train/normal/10278_00301.png,0,normal,train,train,10278,10278.png,"[3, 343, 139, 421]",1.0,kolektor_gt,kolektor_permukaan
C:/Arib/MASSA AYAM/chicken detection + constrative classification/data/crops_kolektor_gt/train/normal/10279_00302.png,0,normal,train,train,10279,10279.png,"[134, 65, 186, 138]",1.0,kolektor_gt,kolektor_permukaan
C:/Arib/MASSA AYAM/chicken detection + constrative classification/data/crops_kolektor_gt/train/normal/10280_00303.png,0,normal,train,train,10280,10280.png,"[63, 466, 205, 591]",1.0,kolektor_gt,kolektor_permukaan
C:/Arib/MASSA AYAM/chicken detection + constrative classification/data/crops_kolektor_gt/train/normal/10281_00305.png,0,normal,train,train,10281,10281.png,"[92, 56, 129, 117]",1.0,kolektor_gt,kolektor_permukaan
C:/Arib/MASSA AYAM/chicken detection + constrative classification/data/crops_kolektor_gt/train/normal/10282_00306.png,0,normal,train,train,10282,10282.png,"[47, 161, 155, 250]",1.0,kolektor_gt,kolektor_permukaan
C:/Arib/MASSA AYAM/chicken detection + constrative classification/data/crops_kolektor_gt/train/normal/10283_00307.png,0,normal,train,train,10283,10283.png,"[114, 118, 220, 215]",1.0,kolektor_gt,kolektor_permukaan
C:/Arib/MASSA AYAM/chicken detection + constrative classification/data/crops_kolektor_gt/train/normal/10284_00308.png,0,normal,train,train,10284,10284.png,"[0, 45, 16, 55]",1.0,kolektor_gt,kolektor_permukaan
C:/Arib/MASSA AYAM/chicken detection + constrative classification/data/crops_kolektor_gt/train/normal/10285_00309.png,0,normal,train,train,10285,10285.png,"[62, 47, 86, 120]",1.0,kolektor_gt,kolektor_permukaan
C:/Arib/MASSA AYAM/chicken detection + constrative classification/data/crops_kolektor_gt/train/normal/10286_00310.png,0,normal,train,train,10286,10286.png,"[38, 91, 74, 291]",1.0,kolektor_gt,kolektor_permukaan
C:/Arib/MASSA AYAM/chicken detection + constrative classification/data/crops_kolektor_gt/train/normal/10288_00312.png,0,normal,train,train,10288,10288.png,"[184, 327, 206, 354]",1.0,kolektor_gt,kolektor_permukaan
C:/Arib/MASSA AYAM/chicken detection + constrative classification/data/crops_kolektor_gt/train/normal/10290_00314.png,0,normal,train,train,10290,10290.png,"[22, 114, 140, 353]",1.0,kolektor_gt,kolektor_permukaan
C:/Arib/MASSA AYAM/chicken detection + constrative classification/data/crops_kolektor_gt/train/normal/10291_00315.png,0,normal,train,train,10291,10291.png,"[102, 70, 182, 145]",1.0,kolektor_gt,kolektor_permukaan
C:/Arib/MASSA AYAM/chicken detection + constrative classification/data/crops_kolektor_gt/train/normal/10292_00316.png,0,normal,train,train,10292,10292.png,"[198, 318, 227, 388]",1.0,kolektor_gt,kolektor_permukaan
C:/Arib/MASSA AYAM/chicken detection + constrative classification/data/crops_kolektor_gt/train/normal/10293_00317.png,0,normal,train,train,10293,10293.png,"[2, 377, 47, 450]",1.0,kolektor_gt,kolektor_permukaan
C:/Arib/MASSA AYAM/chicken detection + constrative classification/data/crops_kolektor_gt/train/normal/10294_00318.png,0,normal,train,train,10294,10294.png,"[159, 248, 198, 292]",1.0,kolektor_gt,kolektor_permukaan
C:/Arib/MASSA AYAM/chicken detection + constrative classification/data/crops_kolektor_gt/train/normal/10295_00319.png,0,normal,train,train,10295,10295.png,"[25, 251, 192, 339]",1.0,kolektor_gt,kolektor_permukaan
C:/Arib/MASSA AYAM/chicken detection + constrative classification/data/crops_kolektor_gt/train/normal/10296_00320.png,0,normal,train,train,10296,10296.png,"[6, 119, 44, 274]",1.0,kolektor_gt,kolektor_permukaan
C:/Arib/MASSA AYAM/chicken detection + constrative classification/data/crops_kolektor_gt/train/normal/10297_00321.png,0,normal,train,train,10297,10297.png,"[85, 1, 138, 50]",1.0,kolektor_gt,kolektor_permukaan
C:/Arib/MASSA AYAM/chicken detection + constrative classification/data/crops_kolektor_gt/train/normal/10298_00322.png,0,normal,train,train,10298,10298.png,"[78, 106, 138, 151]",1.0,kolektor_gt,kolektor_permukaan
C:/Arib/MASSA AYAM/chicken detection + constrative classification/data/crops_kolektor_gt/train/normal/10300_00324.png,0,normal,train,train,10300,10300.png,"[182, 286, 224, 325]",1.0,kolektor_gt,kolektor_permukaan
C:/Arib/MASSA AYAM/chicken detection + constrative classification/data/crops_kolektor_gt/train/normal/10301_00326.png,0,normal,train,train,10301,10301.png,"[11, 237, 40, 293]",1.0,kolektor_gt,kolektor_permukaan
C:/Arib/MASSA AYAM/chicken detection + constrative classification/data/crops_kolektor_gt/train/normal/10302_00327.png,0,normal,train,train,10302,10302.png,"[105, 381, 145, 418]",1.0,kolektor_gt,kolektor_permukaan
C:/Arib/MASSA AYAM/chicken detection + constrative classification/data/crops_kolektor_gt/train/normal/10303_00328.png,0,normal,train,train,10303,10303.png,"[24, 517, 93, 549]",1.0,kolektor_gt,kolektor_permukaan
C:/Arib/MASSA AYAM/chicken detection + constrative classification/data/crops_kolektor_gt/train/normal/10304_00330.png,0,normal,train,train,10304,10304.png,"[100, 76, 183, 116]",1.0,kolektor_gt,kolektor_permukaan
C:/Arib/MASSA AYAM/chicken detection + constrative classification/data/crops_kolektor_gt/train/normal/10305_00331.png,0,normal,train,train,10305,10305.png,"[111, 133, 140, 151]",1.0,kolektor_gt,kolektor_permukaan
C:/Arib/MASSA AYAM/chicken detection + constrative classification/data/crops_kolektor_gt/train/normal/10308_00336.png,0,normal,train,train,10308,10308.png,"[69, 239, 90, 279]",1.0,kolektor_gt,kolektor_permukaan
C:/Arib/MASSA AYAM/chicken detection + constrative classification/data/crops_kolektor_gt/train/normal/10310_00339.png,0,normal,train,train,10310,10310.png,"[39, 108, 53, 130]",1.0,kolektor_gt,kolektor_permukaan
C:/Arib/MASSA AYAM/chicken detection + constrative classification/data/crops_kolektor_gt/train/normal/10311_00340.png,0,normal,train,train,10311,10311.png,"[80, 416, 134, 464]",1.0,kolektor_gt,kolektor_permukaan
C:/Arib/MASSA AYAM/chicken detection + constrative classification/data/crops_kolektor_gt/train/normal/10312_00343.png,0,normal,train,train,10312,10312.png,"[137, 366, 179, 424]",1.0,kolektor_gt,kolektor_permukaan
C:/Arib/MASSA AYAM/chicken detection + constrative classification/data/crops_kolektor_gt/train/normal/10312_00344.png,0,normal,train,train,10312,10312.png,"[57, 315, 164, 345]",1.0,kolektor_gt,kolektor_permukaan
C:/Arib/MASSA AYAM/chicken detection + constrative classification/data/crops_kolektor_gt/train/normal/10313_00345.png,0,normal,train,train,10313,10313.png,"[23, 161, 65, 219]",1.0,kolektor_gt,kolektor_permukaan
C:/Arib/MASSA AYAM/chicken detection + constrative classification/data/crops_kolektor_gt/train/normal/10315_00347.png,0,normal,train,train,10315,10315.png,"[37, 93, 57, 197]",1.0,kolektor_gt,kolektor_permukaan
C:/Arib/MASSA AYAM/chicken detection + constrative classification/data/crops_kolektor_gt/train/normal/10316_00348.png,0,normal,train,train,10316,10316.png,"[101, 525, 138, 549]",1.0,kolektor_gt,kolektor_permukaan
C:/Arib/MASSA AYAM/chicken detection + constrative classification/data/crops_kolektor_gt/train/normal/10317_00349.png,0,normal,train,train,10317,10317.png,"[66, 178, 163, 243]",1.0,kolektor_gt,kolektor_permukaan
C:/Arib/MASSA AYAM/chicken detection + constrative classification/data/crops_kolektor_gt/train/normal/10318_00350.png,0,normal,train,train,10318,10318.png,"[115, 255, 148, 344]",1.0,kolektor_gt,kolektor_permukaan
C:/Arib/MASSA AYAM/chicken detection + constrative classification/data/crops_kolektor_gt/train/normal/10319_00351.png,0,normal,train,train,10319,10319.png,"[102, 143, 208, 240]",1.0,kolektor_gt,kolektor_permukaan
C:/Arib/MASSA AYAM/chicken detection + constrative classification/data/crops_kolektor_gt/train/normal/10320_00352.png,0,normal,train,train,10320,10320.png,"[56, 133, 85, 151]",1.0,kolektor_gt,kolektor_permukaan
C:/Arib/MASSA AYAM/chicken detection + constrative classification/data/crops_kolektor_gt/train/normal/10321_00353.png,0,normal,train,train,10321,10321.png,"[95, 86, 137, 134]",1.0,kolektor_gt,kolektor_permukaan
C:/Arib/MASSA AYAM/chicken detection + constrative classification/data/crops_kolektor_gt/train/normal/10322_00354.png,0,normal,train,train,10322,10322.png,"[0, 11, 230, 253]",1.0,kolektor_gt,kolektor_permukaan
C:/Arib/MASSA AYAM/chicken detection + constrative classification/data/crops_kolektor_gt/train/normal/10323_00355.png,0,normal,train,train,10323,10323.png,"[165, 454, 186, 543]",1.0,kolektor_gt,kolektor_permukaan
C:/Arib/MASSA AYAM/chicken detection + constrative classification/data/crops_kolektor_gt/train/normal/10324_00356.png,0,normal,train,train,10324,10324.png,"[84, 125, 113, 181]",1.0,kolektor_gt,kolektor_permukaan
C:/Arib/MASSA AYAM/chicken detection + constrative classification/data/crops_kolektor_gt/train/normal/10325_00357.png,0,normal,train,train,10325,10325.png,"[3, 86, 186, 377]",1.0,kolektor_gt,kolektor_permukaan
C:/Arib/MASSA AYAM/chicken detection + constrative classification/data/crops_kolektor_gt/train/normal/10326_00358.png,0,normal,train,train,10326,10326.png,"[101, 508, 155, 523]",1.0,kolektor_gt,kolektor_permukaan
C:/Arib/MASSA AYAM/chicken detection + constrative classification/data/crops_kolektor_gt/train/normal/10328_00360.png,0,normal,train,train,10328,10328.png,"[70, 286, 147, 413]",1.0,kolektor_gt,kolektor_permukaan
C:/Arib/MASSA AYAM/chicken detection + constrative classification/data/crops_kolektor_gt/train/normal/10329_00361.png,0,normal,train,train,10329,10329.png,"[4, 251, 116, 291]",1.0,kolektor_gt,kolektor_permukaan
C:/Arib/MASSA AYAM/chicken detection + constrative classification/data/crops_kolektor_gt/train/normal/10330_00362.png,0,normal,train,train,10330,10330.png,"[105, 563, 178, 595]",1.0,kolektor_gt,kolektor_permukaan
C:/Arib/MASSA AYAM/chicken detection + constrative classification/data/crops_kolektor_gt/train/normal/10331_00363.png,0,normal,train,train,10331,10331.png,"[71, 392, 93, 468]",1.0,kolektor_gt,kolektor_permukaan
C:/Arib/MASSA AYAM/chicken detection + constrative classification/data/crops_kolektor_gt/train/normal/10332_00364.png,0,normal,train,train,10332,10332.png,"[33, 255, 228, 337]",1.0,kolektor_gt,kolektor_permukaan
C:/Arib/MASSA AYAM/chicken detection + constrative classification/data/crops_kolektor_gt/train/normal/10335_00368.png,0,normal,train,train,10335,10335.png,"[82, 397, 104, 474]",1.0,kolektor_gt,kolektor_permukaan
C:/Arib/MASSA AYAM/chicken detection + constrative classification/data/crops_kolektor_gt/train/normal/10336_00369.png,0,normal,train,train,10336,10336.png,"[81, 305, 155, 566]",1.0,kolektor_gt,kolektor_permukaan
C:/Arib/MASSA AYAM/chicken detection + constrative classification/data/crops_kolektor_gt/train/normal/10337_00371.png,0,normal,train,train,10337,10337.png,"[7, 287, 36, 320]",1.0,kolektor_gt,kolektor_permukaan
C:/Arib/MASSA AYAM/chicken detection + constrative classification/data/crops_kolektor_gt/train/normal/10338_00372.png,0,normal,train,train,10338,10338.png,"[135, 366, 185, 427]",1.0,kolektor_gt,kolektor_permukaan
C:/Arib/MASSA AYAM/chicken detection + constrative classification/data/crops_kolektor_gt/train/normal/10339_00373.png,0,normal,train,train,10339,10339.png,"[20, 51, 154, 205]",1.0,kolektor_gt,kolektor_permukaan
C:/Arib/MASSA AYAM/chicken detection + constrative classification/data/crops_kolektor_gt/train/normal/10340_00374.png,0,normal,train,train,10340,10340.png,"[68, 546, 102, 637]",1.0,kolektor_gt,kolektor_permukaan
C:/Arib/MASSA AYAM/chicken detection + constrative classification/data/crops_kolektor_gt/train/normal/10341_00375.png,0,normal,train,train,10341,10341.png,"[0, 294, 222, 536]",1.0,kolektor_gt,kolektor_permukaan
C:/Arib/MASSA AYAM/chicken detection + constrative classification/data/crops_kolektor_gt/train/normal/10343_00377.png,0,normal,train,train,10343,10343.png,"[45, 242, 59, 310]",1.0,kolektor_gt,kolektor_permukaan
C:/Arib/MASSA AYAM/chicken detection + constrative classification/data/crops_kolektor_gt/train/normal/10347_00383.png,0,normal,train,train,10347,10347.png,"[39, 179, 206, 267]",1.0,kolektor_gt,kolektor_permukaan
C:/Arib/MASSA AYAM/chicken detection + constrative classification/data/crops_kolektor_gt/train/normal/10348_00384.png,0,normal,train,train,10348,10348.png,"[0, 238, 229, 317]",1.0,kolektor_gt,kolektor_permukaan
C:/Arib/MASSA AYAM/chicken detection + constrative classification/data/crops_kolektor_gt/train/normal/10349_00385.png,0,normal,train,train,10349,10349.png,"[134, 244, 196, 394]",1.0,kolektor_gt,kolektor_permukaan
C:/Arib/MASSA AYAM/chicken detection + constrative classification/data/crops_kolektor_gt/train/normal/10350_00386.png,0,normal,train,train,10350,10350.png,"[206, 133, 220, 142]",1.0,kolektor_gt,kolektor_permukaan
C:/Arib/MASSA AYAM/chicken detection + constrative classification/data/crops_kolektor_gt/train/normal/10353_00392.png,0,normal,train,train,10353,10353.png,"[34, 161, 46, 184]",1.0,kolektor_gt,kolektor_permukaan
C:/Arib/MASSA AYAM/chicken detection + constrative classification/data/crops_kolektor_gt/train/normal/10355_00395.png,0,normal,train,train,10355,10355.png,"[90, 365, 198, 450]",1.0,kolektor_gt,kolektor_permukaan
C:/Arib/MASSA AYAM/chicken detection + constrative classification/data/crops_kolektor_gt/train/normal/10356_00396.png,0,normal,train,train,10356,10356.png,"[48, 314, 156, 399]",1.0,kolektor_gt,kolektor_permukaan
C:/Arib/MASSA AYAM/chicken detection + constrative classification/data/crops_kolektor_gt/train/normal/10357_00397.png,0,normal,train,train,10357,10357.png,"[32, 181, 121, 298]",1.0,kolektor_gt,kolektor_permukaan
C:/Arib/MASSA AYAM/chicken detection + constrative classification/data/crops_kolektor_gt/train/normal/10358_00398.png,0,normal,train,train,10358,10358.png,"[145, 16, 179, 184]",1.0,kolektor_gt,kolektor_permukaan
C:/Arib/MASSA AYAM/chicken detection + constrative classification/data/crops_kolektor_gt/train/normal/10359_00399.png,0,normal,train,train,10359,10359.png,"[207, 226, 226, 249]",1.0,kolektor_gt,kolektor_permukaan
C:/Arib/MASSA AYAM/chicken detection + constrative classification/data/crops_kolektor_gt/train/normal/10360_00400.png,0,normal,train,train,10360,10360.png,"[127, 144, 171, 163]",1.0,kolektor_gt,kolektor_permukaan
C:/Arib/MASSA AYAM/chicken detection + constrative classification/data/crops_kolektor_gt/train/normal/10362_00402.png,0,normal,train,train,10362,10362.png,"[81, 90, 189, 179]",1.0,kolektor_gt,kolektor_permukaan
C:/Arib/MASSA AYAM/chicken detection + constrative classification/data/crops_kolektor_gt/train/normal/10365_00405.png,0,normal,train,train,10365,10365.png,"[184, 1, 198, 23]",1.0,kolektor_gt,kolektor_permukaan
C:/Arib/MASSA AYAM/chicken detection + constrative classification/data/crops_kolektor_gt/train/normal/10366_00406.png,0,normal,train,train,10366,10366.png,"[187, 429, 217, 487]",1.0,kolektor_gt,kolektor_permukaan
C:/Arib/MASSA AYAM/chicken detection + constrative classification/data/crops_kolektor_gt/train/normal/10367_00408.png,0,normal,train,train,10367,10367.png,"[113, 423, 221, 512]",1.0,kolektor_gt,kolektor_permukaan
C:/Arib/MASSA AYAM/chicken detection + constrative classification/data/crops_kolektor_gt/train/normal/10368_00409.png,0,normal,train,train,10368,10368.png,"[89, 559, 107, 623]",1.0,kolektor_gt,kolektor_permukaan
C:/Arib/MASSA AYAM/chicken detection + constrative classification/data/crops_kolektor_gt/train/normal/10370_00411.png,0,normal,train,train,10370,10370.png,"[41, 462, 72, 539]",1.0,kolektor_gt,kolektor_permukaan
C:/Arib/MASSA AYAM/chicken detection + constrative classification/data/crops_kolektor_gt/train/normal/10371_00412.png,0,normal,train,train,10371,10371.png,"[75, 20, 116, 81]",1.0,kolektor_gt,kolektor_permukaan
C:/Arib/MASSA AYAM/chicken detection + constrative classification/data/crops_kolektor_gt/train/normal/10372_00413.png,0,normal,train,train,10372,10372.png,"[18, 350, 62, 369]",1.0,kolektor_gt,kolektor_permukaan
C:/Arib/MASSA AYAM/chicken detection + constrative classification/data/crops_kolektor_gt/train/normal/10376_00417.png,0,normal,train,train,10376,10376.png,"[84, 210, 126, 318]",1.0,kolektor_gt,kolektor_permukaan
C:/Arib/MASSA AYAM/chicken detection + constrative classification/data/crops_kolektor_gt/train/normal/10377_00418.png,0,normal,train,train,10377,10377.png,"[178, 283, 216, 438]",1.0,kolektor_gt,kolektor_permukaan
C:/Arib/MASSA AYAM/chicken detection + constrative classification/data/crops_kolektor_gt/train/normal/10378_00419.png,0,normal,train,train,10378,10378.png,"[84, 288, 198, 345]",1.0,kolektor_gt,kolektor_permukaan
C:/Arib/MASSA AYAM/chicken detection + constrative classification/data/crops_kolektor_gt/train/normal/10379_00420.png,0,normal,train,train,10379,10379.png,"[12, 402, 59, 447]",1.0,kolektor_gt,kolektor_permukaan
C:/Arib/MASSA AYAM/chicken detection + constrative classification/data/crops_kolektor_gt/train/normal/10381_00422.png,0,normal,train,train,10381,10381.png,"[22, 301, 53, 321]",1.0,kolektor_gt,kolektor_permukaan
C:/Arib/MASSA AYAM/chicken detection + constrative classification/data/crops_kolektor_gt/train/normal/10382_00424.png,0,normal,train,train,10382,10382.png,"[20, 484, 116, 520]",1.0,kolektor_gt,kolektor_permukaan
C:/Arib/MASSA AYAM/chicken detection + constrative classification/data/crops_kolektor_gt/train/normal/10383_00426.png,0,normal,train,train,10383,10383.png,"[78, 407, 149, 523]",1.0,kolektor_gt,kolektor_permukaan
C:/Arib/MASSA AYAM/chicken detection + constrative classification/data/crops_kolektor_gt/train/normal/10384_00427.png,0,normal,train,train,10384,10384.png,"[11, 557, 125, 614]",1.0,kolektor_gt,kolektor_permukaan
C:/Arib/MASSA AYAM/chicken detection + constrative classification/data/crops_kolektor_gt/train/normal/10385_00428.png,0,normal,train,train,10385,10385.png,"[97, 378, 176, 491]",1.0,kolektor_gt,kolektor_permukaan
C:/Arib/MASSA AYAM/chicken detection + constrative classification/data/crops_kolektor_gt/train/normal/10386_00429.png,0,normal,train,train,10386,10386.png,"[67, 225, 123, 398]",1.0,kolektor_gt,kolektor_permukaan
C:/Arib/MASSA AYAM/chicken detection + constrative classification/data/crops_kolektor_gt/train/normal/10389_00432.png,0,normal,train,train,10389,10389.png,"[150, 232, 194, 274]",1.0,kolektor_gt,kolektor_permukaan
C:/Arib/MASSA AYAM/chicken detection + constrative classification/data/crops_kolektor_gt/train/normal/10390_00433.png,0,normal,train,train,10390,10390.png,"[107, 274, 208, 465]",1.0,kolektor_gt,kolektor_permukaan
C:/Arib/MASSA AYAM/chicken detection + constrative classification/data/crops_kolektor_gt/train/normal/10391_00434.png,0,normal,train,train,10391,10391.png,"[73, 241, 185, 284]",1.0,kolektor_gt,kolektor_permukaan
C:/Arib/MASSA AYAM/chicken detection + constrative classification/data/crops_kolektor_gt/train/normal/10392_00435.png,0,normal,train,train,10392,10392.png,"[101, 35, 161, 117]",1.0,kolektor_gt,kolektor_permukaan
C:/Arib/MASSA AYAM/chicken detection + constrative classification/data/crops_kolektor_gt/train/normal/10393_00436.png,0,normal,train,train,10393,10393.png,"[146, 150, 210, 236]",1.0,kolektor_gt,kolektor_permukaan
C:/Arib/MASSA AYAM/chicken detection + constrative classification/data/crops_kolektor_gt/train/normal/10394_00437.png,0,normal,train,train,10394,10394.png,"[44, 85, 133, 233]",1.0,kolektor_gt,kolektor_permukaan
C:/Arib/MASSA AYAM/chicken detection + constrative classification/data/crops_kolektor_gt/train/normal/10395_00438.png,0,normal,train,train,10395,10395.png,"[16, 43, 149, 73]",1.0,kolektor_gt,kolektor_permukaan
C:/Arib/MASSA AYAM/chicken detection + constrative classification/data/crops_kolektor_gt/train/normal/10396_00440.png,0,normal,train,train,10396,10396.png,"[10, 445, 171, 526]",1.0,kolektor_gt,kolektor_permukaan
C:/Arib/MASSA AYAM/chicken detection + constrative classification/data/crops_kolektor_gt/train/normal/10397_00441.png,0,normal,train,train,10397,10397.png,"[152, 264, 204, 293]",1.0,kolektor_gt,kolektor_permukaan
C:/Arib/MASSA AYAM/chicken detection + constrative classification/data/crops_kolektor_gt/train/normal/10398_00442.png,0,normal,train,train,10398,10398.png,"[22, 397, 52, 429]",1.0,kolektor_gt,kolektor_permukaan
C:/Arib/MASSA AYAM/chicken detection + constrative classification/data/crops_kolektor_gt/train/normal/10401_00446.png,0,normal,train,train,10401,10401.png,"[28, 424, 83, 538]",1.0,kolektor_gt,kolektor_permukaan
C:/Arib/MASSA AYAM/chicken detection + constrative classification/data/crops_kolektor_gt/train/normal/10403_00450.png,0,normal,train,train,10403,10403.png,"[27, 103, 69, 211]",1.0,kolektor_gt,kolektor_permukaan
C:/Arib/MASSA AYAM/chicken detection + constrative classification/data/crops_kolektor_gt/train/normal/10404_00451.png,0,normal,train,train,10404,10404.png,"[105, 270, 170, 345]",1.0,kolektor_gt,kolektor_permukaan
C:/Arib/MASSA AYAM/chicken detection + constrative classification/data/crops_kolektor_gt/train/normal/10405_00452.png,0,normal,train,train,10405,10405.png,"[73, 484, 180, 526]",1.0,kolektor_gt,kolektor_permukaan
C:/Arib/MASSA AYAM/chicken detection + constrative classification/data/crops_kolektor_gt/train/normal/10406_00453.png,0,normal,train,train,10406,10406.png,"[103, 147, 164, 167]",1.0,kolektor_gt,kolektor_permukaan
C:/Arib/MASSA AYAM/chicken detection + constrative classification/data/crops_kolektor_gt/train/normal/10407_00454.png,0,normal,train,train,10407,10407.png,"[9, 405, 51, 453]",1.0,kolektor_gt,kolektor_permukaan
C:/Arib/MASSA AYAM/chicken detection + constrative classification/data/crops_kolektor_gt/train/normal/10408_00455.png,0,normal,train,train,10408,10408.png,"[176, 243, 201, 273]",1.0,kolektor_gt,kolektor_permukaan
C:/Arib/MASSA AYAM/chicken detection + constrative classification/data/crops_kolektor_gt/train/normal/10409_00456.png,0,normal,train,train,10409,10409.png,"[117, 275, 229, 318]",1.0,kolektor_gt,kolektor_permukaan
C:/Arib/MASSA AYAM/chicken detection + constrative classification/data/crops_kolektor_gt/train/normal/10410_00457.png,0,normal,train,train,10410,10410.png,"[86, 418, 148, 568]",1.0,kolektor_gt,kolektor_permukaan
C:/Arib/MASSA AYAM/chicken detection + constrative classification/data/crops_kolektor_gt/train/normal/10411_00458.png,0,normal,train,train,10411,10411.png,"[71, 503, 101, 523]",1.0,kolektor_gt,kolektor_permukaan
C:/Arib/MASSA AYAM/chicken detection + constrative classification/data/crops_kolektor_gt/train/normal/10413_00460.png,0,normal,train,train,10413,10413.png,"[198, 328, 218, 374]",1.0,kolektor_gt,kolektor_permukaan
C:/Arib/MASSA AYAM/chicken detection + constrative classification/data/crops_kolektor_gt/train/normal/10414_00462.png,0,normal,train,train,10414,10414.png,"[186, 426, 204, 437]",1.0,kolektor_gt,kolektor_permukaan
C:/Arib/MASSA AYAM/chicken detection + constrative classification/data/crops_kolektor_gt/train/normal/10416_00464.png,0,normal,train,train,10416,10416.png,"[189, 496, 202, 526]",1.0,kolektor_gt,kolektor_permukaan
C:/Arib/MASSA AYAM/chicken detection + constrative classification/data/crops_kolektor_gt/train/normal/10417_00465.png,0,normal,train,train,10417,10417.png,"[14, 527, 68, 555]",1.0,kolektor_gt,kolektor_permukaan
C:/Arib/MASSA AYAM/chicken detection + constrative classification/data/crops_kolektor_gt/train/normal/10418_00466.png,0,normal,train,train,10418,10418.png,"[79, 518, 116, 562]",1.0,kolektor_gt,kolektor_permukaan
C:/Arib/MASSA AYAM/chicken detection + constrative classification/data/crops_kolektor_gt/train/normal/10419_00467.png,0,normal,train,train,10419,10419.png,"[22, 197, 158, 288]",1.0,kolektor_gt,kolektor_permukaan
C:/Arib/MASSA AYAM/chicken detection + constrative classification/data/crops_kolektor_gt/train/normal/10420_00468.png,0,normal,train,train,10420,10420.png,"[3, 255, 198, 337]",1.0,kolektor_gt,kolektor_permukaan
C:/Arib/MASSA AYAM/chicken detection + constrative classification/data/crops_kolektor_gt/train/normal/10423_00474.png,0,normal,train,train,10423,10423.png,"[7, 247, 79, 370]",1.0,kolektor_gt,kolektor_permukaan
C:/Arib/MASSA AYAM/chicken detection + constrative classification/data/crops_kolektor_gt/train/normal/10423_00475.png,0,normal,train,train,10423,10423.png,"[125, 608, 155, 637]",1.0,kolektor_gt,kolektor_permukaan
C:/Arib/MASSA AYAM/chicken detection + constrative classification/data/crops_kolektor_gt/train/normal/10424_00476.png,0,normal,train,train,10424,10424.png,"[150, 564, 161, 622]",1.0,kolektor_gt,kolektor_permukaan
C:/Arib/MASSA AYAM/chicken detection + constrative classification/data/crops_kolektor_gt/train/normal/10425_00477.png,0,normal,train,train,10425,10425.png,"[66, 92, 96, 124]",1.0,kolektor_gt,kolektor_permukaan
C:/Arib/MASSA AYAM/chicken detection + constrative classification/data/crops_kolektor_gt/train/normal/10427_00480.png,0,normal,train,train,10427,10427.png,"[14, 331, 213, 463]",1.0,kolektor_gt,kolektor_permukaan
C:/Arib/MASSA AYAM/chicken detection + constrative classification/data/crops_kolektor_gt/train/normal/10429_00482.png,0,normal,train,train,10429,10429.png,"[121, 135, 174, 184]",1.0,kolektor_gt,kolektor_permukaan
C:/Arib/MASSA AYAM/chicken detection + constrative classification/data/crops_kolektor_gt/train/normal/10430_00483.png,0,normal,train,train,10430,10430.png,"[57, 258, 110, 307]",1.0,kolektor_gt,kolektor_permukaan
C:/Arib/MASSA AYAM/chicken detection + constrative classification/data/crops_kolektor_gt/train/normal/10431_00484.png,0,normal,train,train,10431,10431.png,"[182, 281, 202, 318]",1.0,kolektor_gt,kolektor_permukaan
C:/Arib/MASSA AYAM/chicken detection + constrative classification/data/crops_kolektor_gt/train/normal/10432_00485.png,0,normal,train,train,10432,10432.png,"[89, 470, 149, 515]",1.0,kolektor_gt,kolektor_permukaan
C:/Arib/MASSA AYAM/chicken detection + constrative classification/data/crops_kolektor_gt/train/normal/10433_00486.png,0,normal,train,train,10433,10433.png,"[77, 533, 131, 581]",1.0,kolektor_gt,kolektor_permukaan
C:/Arib/MASSA AYAM/chicken detection + constrative classification/data/crops_kolektor_gt/train/normal/10434_00487.png,0,normal,train,train,10434,10434.png,"[149, 104, 203, 162]",1.0,kolektor_gt,kolektor_permukaan
C:/Arib/MASSA AYAM/chicken detection + constrative classification/data/crops_kolektor_gt/train/normal/10435_00488.png,0,normal,train,train,10435,10435.png,"[143, 289, 197, 317]",1.0,kolektor_gt,kolektor_permukaan
C:/Arib/MASSA AYAM/chicken detection + constrative classification/data/crops_kolektor_gt/train/normal/10436_00489.png,0,normal,train,train,10436,10436.png,"[123, 65, 137, 87]",1.0,kolektor_gt,kolektor_permukaan
C:/Arib/MASSA AYAM/chicken detection + constrative classification/data/crops_kolektor_gt/train/normal/10437_00490.png,0,normal,train,train,10437,10437.png,"[163, 332, 224, 352]",1.0,kolektor_gt,kolektor_permukaan
C:/Arib/MASSA AYAM/chicken detection + constrative classification/data/crops_kolektor_gt/train/normal/10438_00491.png,0,normal,train,train,10438,10438.png,"[76, 192, 153, 295]",1.0,kolektor_gt,kolektor_permukaan
C:/Arib/MASSA AYAM/chicken detection + constrative classification/data/crops_kolektor_gt/train/normal/10439_00492.png,0,normal,train,train,10439,10439.png,"[14, 413, 48, 504]",1.0,kolektor_gt,kolektor_permukaan
C:/Arib/MASSA AYAM/chicken detection + constrative classification/data/crops_kolektor_gt/train/normal/10440_00493.png,0,normal,train,train,10440,10440.png,"[92, 13, 195, 207]",1.0,kolektor_gt,kolektor_permukaan
C:/Arib/MASSA AYAM/chicken detection + constrative classification/data/crops_kolektor_gt/train/normal/10442_00495.png,0,normal,train,train,10442,10442.png,"[48, 351, 149, 459]",1.0,kolektor_gt,kolektor_permukaan
C:/Arib/MASSA AYAM/chicken detection + constrative classification/data/crops_kolektor_gt/train/normal/10443_00496.png,0,normal,train,train,10443,10443.png,"[175, 547, 226, 601]",1.0,kolektor_gt,kolektor_permukaan
C:/Arib/MASSA AYAM/chicken detection + constrative classification/data/crops_kolektor_gt/train/normal/10446_00499.png,0,normal,train,train,10446,10446.png,"[120, 131, 167, 176]",1.0,kolektor_gt,kolektor_permukaan
C:/Arib/MASSA AYAM/chicken detection + constrative classification/data/crops_kolektor_gt/train/normal/10447_00500.png,0,normal,train,train,10447,10447.png,"[85, 91, 148, 218]",1.0,kolektor_gt,kolektor_permukaan
C:/Arib/MASSA AYAM/chicken detection + constrative classification/data/crops_kolektor_gt/train/normal/10448_00501.png,0,normal,train,train,10448,10448.png,"[190, 314, 224, 348]",1.0,kolektor_gt,kolektor_permukaan
C:/Arib/MASSA AYAM/chicken detection + constrative classification/data/crops_kolektor_gt/train/normal/10449_00502.png,0,normal,train,train,10449,10449.png,"[95, 266, 120, 296]",1.0,kolektor_gt,kolektor_permukaan
C:/Arib/MASSA AYAM/chicken detection + constrative classification/data/crops_kolektor_gt/train/normal/10450_00503.png,0,normal,train,train,10450,10450.png,"[15, 481, 158, 534]",1.0,kolektor_gt,kolektor_permukaan
C:/Arib/MASSA AYAM/chicken detection + constrative classification/data/crops_kolektor_gt/train/normal/10451_00504.png,0,normal,train,train,10451,10451.png,"[120, 199, 171, 234]",1.0,kolektor_gt,kolektor_permukaan
C:/Arib/MASSA AYAM/chicken detection + constrative classification/data/crops_kolektor_gt/train/normal/10452_00505.png,0,normal,train,train,10452,10452.png,"[135, 305, 199, 405]",1.0,kolektor_gt,kolektor_permukaan
C:/Arib/MASSA AYAM/chicken detection + constrative classification/data/crops_kolektor_gt/train/normal/10453_00506.png,0,normal,train,train,10453,10453.png,"[35, 205, 90, 248]",1.0,kolektor_gt,kolektor_permukaan
C:/Arib/MASSA AYAM/chicken detection + constrative classification/data/crops_kolektor_gt/train/normal/10454_00507.png,0,normal,train,train,10454,10454.png,"[18, 161, 158, 320]",1.0,kolektor_gt,kolektor_permukaan
C:/Arib/MASSA AYAM/chicken detection + constrative classification/data/crops_kolektor_gt/train/normal/10455_00508.png,0,normal,train,train,10455,10455.png,"[20, 499, 75, 526]",1.0,kolektor_gt,kolektor_permukaan
C:/Arib/MASSA AYAM/chicken detection + constrative classification/data/crops_kolektor_gt/train/normal/10456_00509.png,0,normal,train,train,10456,10456.png,"[80, 59, 151, 157]",1.0,kolektor_gt,kolektor_permukaan
C:/Arib/MASSA AYAM/chicken detection + constrative classification/data/crops_kolektor_gt/train/normal/10458_00512.png,0,normal,train,train,10458,10458.png,"[147, 162, 211, 181]",1.0,kolektor_gt,kolektor_permukaan
C:/Arib/MASSA AYAM/chicken detection + constrative classification/data/crops_kolektor_gt/train/normal/10459_00513.png,0,normal,train,train,10459,10459.png,"[16, 444, 140, 522]",1.0,kolektor_gt,kolektor_permukaan
C:/Arib/MASSA AYAM/chicken detection + constrative classification/data/crops_kolektor_gt/train/normal/10460_00514.png,0,normal,train,train,10460,10460.png,"[109, 488, 137, 588]",1.0,kolektor_gt,kolektor_permukaan
C:/Arib/MASSA AYAM/chicken detection + constrative classification/data/crops_kolektor_gt/train/normal/10462_00516.png,0,normal,train,train,10462,10462.png,"[82, 543, 126, 566]",1.0,kolektor_gt,kolektor_permukaan
C:/Arib/MASSA AYAM/chicken detection + constrative classification/data/crops_kolektor_gt/train/normal/10464_00518.png,0,normal,train,train,10464,10464.png,"[79, 132, 144, 207]",1.0,kolektor_gt,kolektor_permukaan
C:/Arib/MASSA AYAM/chicken detection + constrative classification/data/crops_kolektor_gt/train/normal/10465_00519.png,0,normal,train,train,10465,10465.png,"[150, 313, 172, 390]",1.0,kolektor_gt,kolektor_permukaan
C:/Arib/MASSA AYAM/chicken detection + constrative classification/data/crops_kolektor_gt/train/normal/10466_00521.png,0,normal,train,train,10466,10466.png,"[8, 46, 116, 135]",1.0,kolektor_gt,kolektor_permukaan
C:/Arib/MASSA AYAM/chicken detection + constrative classification/data/crops_kolektor_gt/train/normal/10468_00523.png,0,normal,train,train,10468,10468.png,"[111, 351, 152, 612]",1.0,kolektor_gt,kolektor_permukaan
C:/Arib/MASSA AYAM/chicken detection + constrative classification/data/crops_kolektor_gt/train/normal/10469_00524.png,0,normal,train,train,10469,10469.png,"[62, 367, 227, 462]",1.0,kolektor_gt,kolektor_permukaan
C:/Arib/MASSA AYAM/chicken detection + constrative classification/data/crops_kolektor_gt/train/normal/10470_00525.png,0,normal,train,train,10470,10470.png,"[207, 413, 223, 428]",1.0,kolektor_gt,kolektor_permukaan
C:/Arib/MASSA AYAM/chicken detection + constrative classification/data/crops_kolektor_gt/train/normal/10471_00526.png,0,normal,train,train,10471,10471.png,"[186, 134, 220, 168]",1.0,kolektor_gt,kolektor_permukaan
C:/Arib/MASSA AYAM/chicken detection + constrative classification/data/crops_kolektor_gt/train/normal/10472_00527.png,0,normal,train,train,10472,10472.png,"[75, 258, 184, 524]",1.0,kolektor_gt,kolektor_permukaan
C:/Arib/MASSA AYAM/chicken detection + constrative classification/data/crops_kolektor_gt/train/normal/10473_00528.png,0,normal,train,train,10473,10473.png,"[166, 38, 196, 76]",1.0,kolektor_gt,kolektor_permukaan
C:/Arib/MASSA AYAM/chicken detection + constrative classification/data/crops_kolektor_gt/train/normal/10474_00529.png,0,normal,train,train,10474,10474.png,"[136, 49, 228, 109]",1.0,kolektor_gt,kolektor_permukaan
C:/Arib/MASSA AYAM/chicken detection + constrative classification/data/crops_kolektor_gt/train/normal/10475_00530.png,0,normal,train,train,10475,10475.png,"[84, 110, 203, 172]",1.0,kolektor_gt,kolektor_permukaan
C:/Arib/MASSA AYAM/chicken detection + constrative classification/data/crops_kolektor_gt/train/normal/10478_00534.png,0,normal,train,train,10478,10478.png,"[121, 156, 154, 221]",1.0,kolektor_gt,kolektor_permukaan
C:/Arib/MASSA AYAM/chicken detection + constrative classification/data/crops_kolektor_gt/train/normal/10480_00536.png,0,normal,train,train,10480,10480.png,"[69, 140, 109, 177]",1.0,kolektor_gt,kolektor_permukaan
C:/Arib/MASSA AYAM/chicken detection + constrative classification/data/crops_kolektor_gt/train/normal/10481_00537.png,0,normal,train,train,10481,10481.png,"[130, 120, 174, 139]",1.0,kolektor_gt,kolektor_permukaan
C:/Arib/MASSA AYAM/chicken detection + constrative classification/data/crops_kolektor_gt/train/normal/10484_00540.png,0,normal,train,train,10484,10484.png,"[41, 40, 113, 139]",1.0,kolektor_gt,kolektor_permukaan
C:/Arib/MASSA AYAM/chicken detection + constrative classification/data/crops_kolektor_gt/train/normal/10485_00541.png,0,normal,train,train,10485,10485.png,"[88, 492, 195, 522]",1.0,kolektor_gt,kolektor_permukaan
C:/Arib/MASSA AYAM/chicken detection + constrative classification/data/crops_kolektor_gt/train/normal/10487_00544.png,0,normal,train,train,10487,10487.png,"[126, 152, 204, 177]",1.0,kolektor_gt,kolektor_permukaan
C:/Arib/MASSA AYAM/chicken detection + constrative classification/data/crops_kolektor_gt/train/normal/10488_00545.png,0,normal,train,train,10488,10488.png,"[19, 103, 56, 164]",1.0,kolektor_gt,kolektor_permukaan
C:/Arib/MASSA AYAM/chicken detection + constrative classification/data/crops_kolektor_gt/train/normal/10489_00546.png,0,normal,train,train,10489,10489.png,"[116, 151, 150, 315]",1.0,kolektor_gt,kolektor_permukaan
C:/Arib/MASSA AYAM/chicken detection + constrative classification/data/crops_kolektor_gt/train/normal/10490_00547.png,0,normal,train,train,10490,10490.png,"[25, 178, 81, 192]",1.0,kolektor_gt,kolektor_permukaan
C:/Arib/MASSA AYAM/chicken detection + constrative classification/data/crops_kolektor_gt/train/normal/10491_00548.png,0,normal,train,train,10491,10491.png,"[92, 320, 112, 416]",1.0,kolektor_gt,kolektor_permukaan
C:/Arib/MASSA AYAM/chicken detection + constrative classification/data/crops_kolektor_gt/train/normal/10492_00549.png,0,normal,train,train,10492,10492.png,"[24, 46, 95, 162]",1.0,kolektor_gt,kolektor_permukaan
C:/Arib/MASSA AYAM/chicken detection + constrative classification/data/crops_kolektor_gt/train/normal/10493_00550.png,0,normal,train,train,10493,10493.png,"[43, 336, 113, 370]",1.0,kolektor_gt,kolektor_permukaan
C:/Arib/MASSA AYAM/chicken detection + constrative classification/data/crops_kolektor_gt/train/normal/10494_00551.png,0,normal,train,train,10494,10494.png,"[159, 274, 189, 332]",1.0,kolektor_gt,kolektor_permukaan
C:/Arib/MASSA AYAM/chicken detection + constrative classification/data/crops_kolektor_gt/train/normal/10495_00552.png,0,normal,train,train,10495,10495.png,"[95, 350, 124, 406]",1.0,kolektor_gt,kolektor_permukaan
C:/Arib/MASSA AYAM/chicken detection + constrative classification/data/crops_kolektor_gt/train/normal/10497_00554.png,0,normal,train,train,10497,10497.png,"[122, 431, 198, 459]",1.0,kolektor_gt,kolektor_permukaan
C:/Arib/MASSA AYAM/chicken detection + constrative classification/data/crops_kolektor_gt/train/normal/10498_00555.png,0,normal,train,train,10498,10498.png,"[14, 135, 122, 224]",1.0,kolektor_gt,kolektor_permukaan
C:/Arib/MASSA AYAM/chicken detection + constrative classification/data/crops_kolektor_gt/train/normal/10499_00557.png,0,normal,train,train,10499,10499.png,"[40, 106, 121, 138]",1.0,kolektor_gt,kolektor_permukaan
C:/Arib/MASSA AYAM/chicken detection + constrative classification/data/crops_kolektor_gt/train/normal/10500_00558.png,0,normal,train,train,10500,10500.png,"[205, 448, 231, 517]",1.0,kolektor_gt,kolektor_permukaan
C:/Arib/MASSA AYAM/chicken detection + constrative classification/data/crops_kolektor_gt/train/normal/10501_00559.png,0,normal,train,train,10501,10501.png,"[199, 367, 225, 455]",1.0,kolektor_gt,kolektor_permukaan
C:/Arib/MASSA AYAM/chicken detection + constrative classification/data/crops_kolektor_gt/train/normal/10502_00561.png,0,normal,train,train,10502,10502.png,"[87, 133, 223, 224]",1.0,kolektor_gt,kolektor_permukaan
C:/Arib/MASSA AYAM/chicken detection + constrative classification/data/crops_kolektor_gt/train/normal/10504_00563.png,0,normal,train,train,10504,10504.png,"[16, 267, 96, 342]",1.0,kolektor_gt,kolektor_permukaan
C:/Arib/MASSA AYAM/chicken detection + constrative classification/data/crops_kolektor_gt/train/normal/10505_00564.png,0,normal,train,train,10505,10505.png,"[180, 537, 204, 610]",1.0,kolektor_gt,kolektor_permukaan
C:/Arib/MASSA AYAM/chicken detection + constrative classification/data/crops_kolektor_gt/train/normal/10506_00566.png,0,normal,train,train,10506,10506.png,"[171, 346, 205, 380]",1.0,kolektor_gt,kolektor_permukaan
C:/Arib/MASSA AYAM/chicken detection + constrative classification/data/crops_kolektor_gt/train/normal/10508_00568.png,0,normal,train,train,10508,10508.png,"[38, 571, 114, 599]",1.0,kolektor_gt,kolektor_permukaan
C:/Arib/MASSA AYAM/chicken detection + constrative classification/data/crops_kolektor_gt/train/normal/10509_00569.png,0,normal,train,train,10509,10509.png,"[1, 329, 95, 489]",1.0,kolektor_gt,kolektor_permukaan
C:/Arib/MASSA AYAM/chicken detection + constrative classification/data/crops_kolektor_gt/train/normal/10510_00570.png,0,normal,train,train,10510,10510.png,"[120, 507, 183, 562]",1.0,kolektor_gt,kolektor_permukaan
C:/Arib/MASSA AYAM/chicken detection + constrative classification/data/crops_kolektor_gt/train/normal/10511_00571.png,0,normal,train,train,10511,10511.png,"[125, 328, 182, 343]",1.0,kolektor_gt,kolektor_permukaan
C:/Arib/MASSA AYAM/chicken detection + constrative classification/data/crops_kolektor_gt/train/normal/10512_00572.png,0,normal,train,train,10512,10512.png,"[6, 519, 114, 554]",1.0,kolektor_gt,kolektor_permukaan
C:/Arib/MASSA AYAM/chicken detection + constrative classification/data/crops_kolektor_gt/train/normal/10513_00573.png,0,normal,train,train,10513,10513.png,"[103, 240, 121, 304]",1.0,kolektor_gt,kolektor_permukaan
C:/Arib/MASSA AYAM/chicken detection + constrative classification/data/crops_kolektor_gt/train/normal/10514_00575.png,0,normal,train,train,10514,10514.png,"[117, 454, 177, 536]",1.0,kolektor_gt,kolektor_permukaan
C:/Arib/MASSA AYAM/chicken detection + constrative classification/data/crops_kolektor_gt/train/normal/10515_00576.png,0,normal,train,train,10515,10515.png,"[22, 438, 111, 586]",1.0,kolektor_gt,kolektor_permukaan
C:/Arib/MASSA AYAM/chicken detection + constrative classification/data/crops_kolektor_gt/train/normal/10516_00578.png,0,normal,train,train,10516,10516.png,"[114, 323, 187, 355]",1.0,kolektor_gt,kolektor_permukaan
C:/Arib/MASSA AYAM/chicken detection + constrative classification/data/crops_kolektor_gt/train/normal/10517_00579.png,0,normal,train,train,10517,10517.png,"[4, 52, 99, 187]",1.0,kolektor_gt,kolektor_permukaan
C:/Arib/MASSA AYAM/chicken detection + constrative classification/data/crops_kolektor_gt/train/normal/10519_00581.png,0,normal,train,train,10519,10519.png,"[130, 575, 169, 619]",1.0,kolektor_gt,kolektor_permukaan
C:/Arib/MASSA AYAM/chicken detection + constrative classification/data/crops_kolektor_gt/train/normal/10520_00582.png,0,normal,train,train,10520,10520.png,"[87, 372, 132, 445]",1.0,kolektor_gt,kolektor_permukaan
C:/Arib/MASSA AYAM/chicken detection + constrative classification/data/crops_kolektor_gt/train/normal/10521_00583.png,0,normal,train,train,10521,10521.png,"[116, 339, 150, 373]",1.0,kolektor_gt,kolektor_permukaan
C:/Arib/MASSA AYAM/chicken detection + constrative classification/data/crops_kolektor_gt/train/normal/10522_00584.png,0,normal,train,train,10522,10522.png,"[183, 372, 194, 430]",1.0,kolektor_gt,kolektor_permukaan
C:/Arib/MASSA AYAM/chicken detection + constrative classification/data/crops_kolektor_gt/train/normal/10524_00586.png,0,normal,train,train,10524,10524.png,"[162, 298, 199, 339]",1.0,kolektor_gt,kolektor_permukaan
C:/Arib/MASSA AYAM/chicken detection + constrative classification/data/crops_kolektor_gt/train/normal/10525_00587.png,0,normal,train,train,10525,10525.png,"[27, 46, 81, 74]",1.0,kolektor_gt,kolektor_permukaan
C:/Arib/MASSA AYAM/chicken detection + constrative classification/data/crops_kolektor_gt/train/normal/10526_00588.png,0,normal,train,train,10526,10526.png,"[8, 419, 175, 507]",1.0,kolektor_gt,kolektor_permukaan
C:/Arib/MASSA AYAM/chicken detection + constrative classification/data/crops_kolektor_gt/train/normal/10529_00591.png,0,normal,train,train,10529,10529.png,"[183, 346, 196, 355]",1.0,kolektor_gt,kolektor_permukaan
C:/Arib/MASSA AYAM/chicken detection + constrative classification/data/crops_kolektor_gt/train/normal/10530_00592.png,0,normal,train,train,10530,10530.png,"[11, 474, 88, 600]",1.0,kolektor_gt,kolektor_permukaan
C:/Arib/MASSA AYAM/chicken detection + constrative classification/data/crops_kolektor_gt/train/normal/10532_00594.png,0,normal,train,train,10532,10532.png,"[34, 510, 97, 565]",1.0,kolektor_gt,kolektor_permukaan
C:/Arib/MASSA AYAM/chicken detection + constrative classification/data/crops_kolektor_gt/train/normal/10533_00595.png,0,normal,train,train,10533,10533.png,"[70, 443, 189, 505]",1.0,kolektor_gt,kolektor_permukaan
C:/Arib/MASSA AYAM/chicken detection + constrative classification/data/crops_kolektor_gt/train/normal/10534_00596.png,0,normal,train,train,10534,10534.png,"[130, 181, 156, 250]",1.0,kolektor_gt,kolektor_permukaan
C:/Arib/MASSA AYAM/chicken detection + constrative classification/data/crops_kolektor_gt/train/normal/10536_00599.png,0,normal,train,train,10536,10536.png,"[99, 614, 143, 633]",1.0,kolektor_gt,kolektor_permukaan
C:/Arib/MASSA AYAM/chicken detection + constrative classification/data/crops_kolektor_gt/train/normal/10538_00601.png,0,normal,train,train,10538,10538.png,"[70, 407, 92, 440]",1.0,kolektor_gt,kolektor_permukaan
C:/Arib/MASSA AYAM/chicken detection + constrative classification/data/crops_kolektor_gt/train/normal/10539_00602.png,0,normal,train,train,10539,10539.png,"[115, 136, 204, 253]",1.0,kolektor_gt,kolektor_permukaan
C:/Arib/MASSA AYAM/chicken detection + constrative classification/data/crops_kolektor_gt/train/normal/10540_00603.png,0,normal,train,train,10540,10540.png,"[76, 560, 177, 622]",1.0,kolektor_gt,kolektor_permukaan
C:/Arib/MASSA AYAM/chicken detection + constrative classification/data/crops_kolektor_gt/train/normal/10541_00604.png,0,normal,train,train,10541,10541.png,"[51, 107, 92, 226]",1.0,kolektor_gt,kolektor_permukaan
C:/Arib/MASSA AYAM/chicken detection + constrative classification/data/crops_kolektor_gt/train/normal/10542_00605.png,0,normal,train,train,10542,10542.png,"[175, 353, 195, 449]",1.0,kolektor_gt,kolektor_permukaan
C:/Arib/MASSA AYAM/chicken detection + constrative classification/data/crops_kolektor_gt/train/normal/10543_00606.png,0,normal,train,train,10543,10543.png,"[166, 182, 221, 253]",1.0,kolektor_gt,kolektor_permukaan
C:/Arib/MASSA AYAM/chicken detection + constrative classification/data/crops_kolektor_gt/train/normal/10544_00607.png,0,normal,train,train,10544,10544.png,"[181, 118, 193, 141]",1.0,kolektor_gt,kolektor_permukaan
C:/Arib/MASSA AYAM/chicken detection + constrative classification/data/crops_kolektor_gt/train/normal/10545_00608.png,0,normal,train,train,10545,10545.png,"[74, 292, 214, 486]",1.0,kolektor_gt,kolektor_permukaan
C:/Arib/MASSA AYAM/chicken detection + constrative classification/data/crops_kolektor_gt/train/normal/10546_00609.png,0,normal,train,train,10546,10546.png,"[172, 546, 194, 573]",1.0,kolektor_gt,kolektor_permukaan
C:/Arib/MASSA AYAM/chicken detection + constrative classification/data/crops_kolektor_gt/train/normal/10547_00610.png,0,normal,train,train,10547,10547.png,"[1, 535, 162, 616]",1.0,kolektor_gt,kolektor_permukaan
C:/Arib/MASSA AYAM/chicken detection + constrative classification/data/crops_kolektor_gt/train/normal/10549_00612.png,0,normal,train,train,10549,10549.png,"[17, 164, 212, 246]",1.0,kolektor_gt,kolektor_permukaan
C:/Arib/MASSA AYAM/chicken detection + constrative classification/data/crops_kolektor_gt/train/normal/10550_00613.png,0,normal,train,train,10550,10550.png,"[37, 63, 122, 168]",1.0,kolektor_gt,kolektor_permukaan
C:/Arib/MASSA AYAM/chicken detection + constrative classification/data/crops_kolektor_gt/train/normal/10551_00614.png,0,normal,train,train,10551,10551.png,"[52, 33, 124, 132]",1.0,kolektor_gt,kolektor_permukaan
C:/Arib/MASSA AYAM/chicken detection + constrative classification/data/crops_kolektor_gt/train/normal/10553_00616.png,0,normal,train,train,10553,10553.png,"[60, 523, 129, 584]",1.0,kolektor_gt,kolektor_permukaan
C:/Arib/MASSA AYAM/chicken detection + constrative classification/data/crops_kolektor_gt/train/normal/10554_00618.png,0,normal,train,train,10554,10554.png,"[177, 48, 208, 71]",1.0,kolektor_gt,kolektor_permukaan
C:/Arib/MASSA AYAM/chicken detection + constrative classification/data/crops_kolektor_gt/train/normal/10556_00620.png,0,normal,train,train,10556,10556.png,"[13, 13, 116, 53]",1.0,kolektor_gt,kolektor_permukaan
C:/Arib/MASSA AYAM/chicken detection + constrative classification/data/crops_kolektor_gt/train/normal/10557_00622.png,0,normal,train,train,10557,10557.png,"[51, 453, 136, 558]",1.0,kolektor_gt,kolektor_permukaan
C:/Arib/MASSA AYAM/chicken detection + constrative classification/data/crops_kolektor_gt/train/normal/10558_00623.png,0,normal,train,train,10558,10558.png,"[139, 201, 215, 323]",1.0,kolektor_gt,kolektor_permukaan
C:/Arib/MASSA AYAM/chicken detection + constrative classification/data/crops_kolektor_gt/train/normal/10559_00624.png,0,normal,train,train,10559,10559.png,"[37, 459, 154, 543]",1.0,kolektor_gt,kolektor_permukaan
C:/Arib/MASSA AYAM/chicken detection + constrative classification/data/crops_kolektor_gt/train/normal/10561_00626.png,0,normal,train,train,10561,10561.png,"[96, 41, 138, 99]",1.0,kolektor_gt,kolektor_permukaan
C:/Arib/MASSA AYAM/chicken detection + constrative classification/data/crops_kolektor_gt/train/normal/10562_00627.png,0,normal,train,train,10562,10562.png,"[16, 164, 130, 221]",1.0,kolektor_gt,kolektor_permukaan
C:/Arib/MASSA AYAM/chicken detection + constrative classification/data/crops_kolektor_gt/train/normal/10564_00629.png,0,normal,train,train,10564,10564.png,"[10, 157, 21, 166]",1.0,kolektor_gt,kolektor_permukaan
C:/Arib/MASSA AYAM/chicken detection + constrative classification/data/crops_kolektor_gt/train/normal/10565_00630.png,0,normal,train,train,10565,10565.png,"[99, 320, 217, 559]",1.0,kolektor_gt,kolektor_permukaan
C:/Arib/MASSA AYAM/chicken detection + constrative classification/data/crops_kolektor_gt/train/normal/10566_00631.png,0,normal,train,train,10566,10566.png,"[125, 366, 163, 444]",1.0,kolektor_gt,kolektor_permukaan
C:/Arib/MASSA AYAM/chicken detection + constrative classification/data/crops_kolektor_gt/train/normal/10567_00632.png,0,normal,train,train,10567,10567.png,"[134, 225, 153, 248]",1.0,kolektor_gt,kolektor_permukaan
C:/Arib/MASSA AYAM/chicken detection + constrative classification/data/crops_kolektor_gt/train/normal/10569_00635.png,0,normal,train,train,10569,10569.png,"[23, 357, 51, 457]",1.0,kolektor_gt,kolektor_permukaan
C:/Arib/MASSA AYAM/chicken detection + constrative classification/data/crops_kolektor_gt/train/normal/10570_00636.png,0,normal,train,train,10570,10570.png,"[21, 169, 220, 301]",1.0,kolektor_gt,kolektor_permukaan
C:/Arib/MASSA AYAM/chicken detection + constrative classification/data/crops_kolektor_gt/train/normal/10571_00637.png,0,normal,train,train,10571,10571.png,"[158, 486, 199, 605]",1.0,kolektor_gt,kolektor_permukaan
C:/Arib/MASSA AYAM/chicken detection + constrative classification/data/crops_kolektor_gt/train/normal/10572_00638.png,0,normal,train,train,10572,10572.png,"[29, 354, 82, 403]",1.0,kolektor_gt,kolektor_permukaan
C:/Arib/MASSA AYAM/chicken detection + constrative classification/data/crops_kolektor_gt/train/normal/10574_00641.png,0,normal,train,train,10574,10574.png,"[29, 395, 93, 495]",1.0,kolektor_gt,kolektor_permukaan
C:/Arib/MASSA AYAM/chicken detection + constrative classification/data/crops_kolektor_gt/train/normal/10575_00642.png,0,normal,train,train,10575,10575.png,"[6, 529, 35, 599]",1.0,kolektor_gt,kolektor_permukaan
C:/Arib/MASSA AYAM/chicken detection + constrative classification/data/crops_kolektor_gt/train/normal/10577_00644.png,0,normal,train,train,10577,10577.png,"[75, 459, 131, 632]",1.0,kolektor_gt,kolektor_permukaan
C:/Arib/MASSA AYAM/chicken detection + constrative classification/data/crops_kolektor_gt/train/normal/10578_00645.png,0,normal,train,train,10578,10578.png,"[131, 84, 175, 110]",1.0,kolektor_gt,kolektor_permukaan
C:/Arib/MASSA AYAM/chicken detection + constrative classification/data/crops_kolektor_gt/train/normal/10579_00646.png,0,normal,train,train,10579,10579.png,"[124, 550, 232, 639]",1.0,kolektor_gt,kolektor_permukaan
C:/Arib/MASSA AYAM/chicken detection + constrative classification/data/crops_kolektor_gt/train/normal/10581_00648.png,0,normal,train,train,10581,10581.png,"[26, 105, 66, 321]",1.0,kolektor_gt,kolektor_permukaan
C:/Arib/MASSA AYAM/chicken detection + constrative classification/data/crops_kolektor_gt/train/normal/10582_00649.png,0,normal,train,train,10582,10582.png,"[165, 73, 190, 85]",1.0,kolektor_gt,kolektor_permukaan
C:/Arib/MASSA AYAM/chicken detection + constrative classification/data/crops_kolektor_gt/train/normal/10583_00651.png,0,normal,train,train,10583,10583.png,"[6, 470, 63, 569]",1.0,kolektor_gt,kolektor_permukaan
C:/Arib/MASSA AYAM/chicken detection + constrative classification/data/crops_kolektor_gt/train/normal/10585_00654.png,0,normal,train,train,10585,10585.png,"[45, 406, 139, 566]",1.0,kolektor_gt,kolektor_permukaan
C:/Arib/MASSA AYAM/chicken detection + constrative classification/data/crops_kolektor_gt/train/normal/10586_00655.png,0,normal,train,train,10586,10586.png,"[147, 233, 198, 268]",1.0,kolektor_gt,kolektor_permukaan
C:/Arib/MASSA AYAM/chicken detection + constrative classification/data/crops_kolektor_gt/train/normal/10587_00656.png,0,normal,train,train,10587,10587.png,"[99, 461, 112, 491]",1.0,kolektor_gt,kolektor_permukaan
C:/Arib/MASSA AYAM/chicken detection + constrative classification/data/crops_kolektor_gt/train/normal/10588_00657.png,0,normal,train,train,10588,10588.png,"[80, 17, 134, 32]",1.0,kolektor_gt,kolektor_permukaan
C:/Arib/MASSA AYAM/chicken detection + constrative classification/data/crops_kolektor_gt/train/normal/10589_00658.png,0,normal,train,train,10589,10589.png,"[68, 6, 204, 84]",1.0,kolektor_gt,kolektor_permukaan
C:/Arib/MASSA AYAM/chicken detection + constrative classification/data/crops_kolektor_gt/train/normal/10590_00659.png,0,normal,train,train,10590,10590.png,"[193, 46, 218, 143]",1.0,kolektor_gt,kolektor_permukaan
C:/Arib/MASSA AYAM/chicken detection + constrative classification/data/crops_kolektor_gt/train/normal/10591_00660.png,0,normal,train,train,10591,10591.png,"[91, 514, 149, 564]",1.0,kolektor_gt,kolektor_permukaan
C:/Arib/MASSA AYAM/chicken detection + constrative classification/data/crops_kolektor_gt/train/normal/10593_00662.png,0,normal,train,train,10593,10593.png,"[97, 404, 127, 462]",1.0,kolektor_gt,kolektor_permukaan
C:/Arib/MASSA AYAM/chicken detection + constrative classification/data/crops_kolektor_gt/train/normal/10596_00665.png,0,normal,train,train,10596,10596.png,"[36, 305, 108, 404]",1.0,kolektor_gt,kolektor_permukaan
C:/Arib/MASSA AYAM/chicken detection + constrative classification/data/crops_kolektor_gt/train/normal/10597_00666.png,0,normal,train,train,10597,10597.png,"[2, 566, 56, 594]",1.0,kolektor_gt,kolektor_permukaan
C:/Arib/MASSA AYAM/chicken detection + constrative classification/data/crops_kolektor_gt/train/normal/10598_00667.png,0,normal,train,train,10598,10598.png,"[31, 42, 73, 81]",1.0,kolektor_gt,kolektor_permukaan
C:/Arib/MASSA AYAM/chicken detection + constrative classification/data/crops_kolektor_gt/train/normal/10599_00668.png,0,normal,train,train,10599,10599.png,"[137, 87, 205, 161]",1.0,kolektor_gt,kolektor_permukaan
C:/Arib/MASSA AYAM/chicken detection + constrative classification/data/crops_kolektor_gt/train/normal/10600_00669.png,0,normal,train,train,10600,10600.png,"[54, 422, 119, 497]",1.0,kolektor_gt,kolektor_permukaan
C:/Arib/MASSA AYAM/chicken detection + constrative classification/data/crops_kolektor_gt/train/normal/10601_00670.png,0,normal,train,train,10601,10601.png,"[36, 164, 137, 226]",1.0,kolektor_gt,kolektor_permukaan
C:/Arib/MASSA AYAM/chicken detection + constrative classification/data/crops_kolektor_gt/train/normal/10602_00672.png,0,normal,train,train,10602,10602.png,"[49, 117, 82, 182]",1.0,kolektor_gt,kolektor_permukaan
C:/Arib/MASSA AYAM/chicken detection + constrative classification/data/crops_kolektor_gt/train/normal/10603_00673.png,0,normal,train,train,10603,10603.png,"[118, 330, 212, 490]",1.0,kolektor_gt,kolektor_permukaan
C:/Arib/MASSA AYAM/chicken detection + constrative classification/data/crops_kolektor_gt/train/normal/10604_00674.png,0,normal,train,train,10604,10604.png,"[171, 68, 191, 164]",1.0,kolektor_gt,kolektor_permukaan
C:/Arib/MASSA AYAM/chicken detection + constrative classification/data/crops_kolektor_gt/train/normal/10605_00675.png,0,normal,train,train,10605,10605.png,"[185, 498, 206, 587]",1.0,kolektor_gt,kolektor_permukaan
C:/Arib/MASSA AYAM/chicken detection + constrative classification/data/crops_kolektor_gt/train/normal/10606_00676.png,0,normal,train,train,10606,10606.png,"[32, 240, 69, 264]",1.0,kolektor_gt,kolektor_permukaan
C:/Arib/MASSA AYAM/chicken detection + constrative classification/data/crops_kolektor_gt/train/normal/10607_00677.png,0,normal,train,train,10607,10607.png,"[49, 325, 116, 352]",1.0,kolektor_gt,kolektor_permukaan
C:/Arib/MASSA AYAM/chicken detection + constrative classification/data/crops_kolektor_gt/train/normal/10608_00678.png,0,normal,train,train,10608,10608.png,"[157, 313, 187, 391]",1.0,kolektor_gt,kolektor_permukaan
C:/Arib/MASSA AYAM/chicken detection + constrative classification/data/crops_kolektor_gt/train/normal/10610_00680.png,0,normal,train,train,10610,10610.png,"[5, 4, 209, 131]",1.0,kolektor_gt,kolektor_permukaan
C:/Arib/MASSA AYAM/chicken detection + constrative classification/data/crops_kolektor_gt/train/normal/10611_00681.png,0,normal,train,train,10611,10611.png,"[164, 446, 215, 500]",1.0,kolektor_gt,kolektor_permukaan
C:/Arib/MASSA AYAM/chicken detection + constrative classification/data/crops_kolektor_gt/train/normal/10612_00683.png,0,normal,train,train,10612,10612.png,"[92, 137, 153, 157]",1.0,kolektor_gt,kolektor_permukaan
C:/Arib/MASSA AYAM/chicken detection + constrative classification/data/crops_kolektor_gt/train/normal/10613_00684.png,0,normal,train,train,10613,10613.png,"[122, 473, 147, 503]",1.0,kolektor_gt,kolektor_permukaan
C:/Arib/MASSA AYAM/chicken detection + constrative classification/data/crops_kolektor_gt/train/normal/10614_00685.png,0,normal,train,train,10614,10614.png,"[124, 564, 144, 601]",1.0,kolektor_gt,kolektor_permukaan
C:/Arib/MASSA AYAM/chicken detection + constrative classification/data/crops_kolektor_gt/train/normal/10615_00686.png,0,normal,train,train,10615,10615.png,"[71, 143, 113, 217]",1.0,kolektor_gt,kolektor_permukaan
C:/Arib/MASSA AYAM/chicken detection + constrative classification/data/crops_kolektor_gt/train/normal/10616_00687.png,0,normal,train,train,10616,10616.png,"[67, 78, 108, 134]",1.0,kolektor_gt,kolektor_permukaan
C:/Arib/MASSA AYAM/chicken detection + constrative classification/data/crops_kolektor_gt/train/normal/10617_00688.png,0,normal,train,train,10617,10617.png,"[129, 31, 164, 77]",1.0,kolektor_gt,kolektor_permukaan
C:/Arib/MASSA AYAM/chicken detection + constrative classification/data/crops_kolektor_gt/train/normal/10618_00690.png,0,normal,train,train,10618,10618.png,"[66, 483, 167, 591]",1.0,kolektor_gt,kolektor_permukaan
C:/Arib/MASSA AYAM/chicken detection + constrative classification/data/crops_kolektor_gt/train/normal/10619_00691.png,0,normal,train,train,10619,10619.png,"[46, 401, 158, 441]",1.0,kolektor_gt,kolektor_permukaan
C:/Arib/MASSA AYAM/chicken detection + constrative classification/data/crops_kolektor_gt/train/normal/10621_00693.png,0,normal,train,train,10621,10621.png,"[3, 372, 233, 451]",1.0,kolektor_gt,kolektor_permukaan
C:/Arib/MASSA AYAM/chicken detection + constrative classification/data/crops_kolektor_gt/train/normal/10622_00694.png,0,normal,train,train,10622,10622.png,"[108, 412, 224, 588]",1.0,kolektor_gt,kolektor_permukaan
C:/Arib/MASSA AYAM/chicken detection + constrative classification/data/crops_kolektor_gt/train/normal/10623_00695.png,0,normal,train,train,10623,10623.png,"[193, 526, 209, 541]",1.0,kolektor_gt,kolektor_permukaan
C:/Arib/MASSA AYAM/chicken detection + constrative classification/data/crops_kolektor_gt/train/normal/10625_00697.png,0,normal,train,train,10625,10625.png,"[94, 495, 215, 529]",1.0,kolektor_gt,kolektor_permukaan
C:/Arib/MASSA AYAM/chicken detection + constrative classification/data/crops_kolektor_gt/train/normal/10626_00698.png,0,normal,train,train,10626,10626.png,"[14, 499, 189, 588]",1.0,kolektor_gt,kolektor_permukaan
C:/Arib/MASSA AYAM/chicken detection + constrative classification/data/crops_kolektor_gt/train/normal/10627_00699.png,0,normal,train,train,10627,10627.png,"[47, 239, 161, 296]",1.0,kolektor_gt,kolektor_permukaan
C:/Arib/MASSA AYAM/chicken detection + constrative classification/data/crops_kolektor_gt/train/normal/10628_00701.png,0,normal,train,train,10628,10628.png,"[171, 211, 186, 236]",1.0,kolektor_gt,kolektor_permukaan
C:/Arib/MASSA AYAM/chicken detection + constrative classification/data/crops_kolektor_gt/train/normal/10629_00702.png,0,normal,train,train,10629,10629.png,"[49, 240, 163, 385]",1.0,kolektor_gt,kolektor_permukaan
C:/Arib/MASSA AYAM/chicken detection + constrative classification/data/crops_kolektor_gt/train/normal/10630_00703.png,0,normal,train,train,10630,10630.png,"[10, 331, 90, 406]",1.0,kolektor_gt,kolektor_permukaan
C:/Arib/MASSA AYAM/chicken detection + constrative classification/data/crops_kolektor_gt/train/normal/10631_00704.png,0,normal,train,train,10631,10631.png,"[162, 280, 202, 317]",1.0,kolektor_gt,kolektor_permukaan
C:/Arib/MASSA AYAM/chicken detection + constrative classification/data/crops_kolektor_gt/train/normal/10632_00705.png,0,normal,train,train,10632,10632.png,"[74, 557, 176, 610]",1.0,kolektor_gt,kolektor_permukaan
C:/Arib/MASSA AYAM/chicken detection + constrative classification/data/crops_kolektor_gt/train/normal/10633_00706.png,0,normal,train,train,10633,10633.png,"[96, 374, 156, 419]",1.0,kolektor_gt,kolektor_permukaan
C:/Arib/MASSA AYAM/chicken detection + constrative classification/data/crops_kolektor_gt/train/normal/10634_00707.png,0,normal,train,train,10634,10634.png,"[66, 128, 208, 253]",1.0,kolektor_gt,kolektor_permukaan
C:/Arib/MASSA AYAM/chicken detection + constrative classification/data/crops_kolektor_gt/train/normal/10635_00708.png,0,normal,train,train,10635,10635.png,"[132, 415, 166, 449]",1.0,kolektor_gt,kolektor_permukaan
C:/Arib/MASSA AYAM/chicken detection + constrative classification/data/crops_kolektor_gt/train/normal/10636_00709.png,0,normal,train,train,10636,10636.png,"[124, 493, 189, 568]",1.0,kolektor_gt,kolektor_permukaan
C:/Arib/MASSA AYAM/chicken detection + constrative classification/data/crops_kolektor_gt/train/normal/10637_00711.png,0,normal,train,train,10637,10637.png,"[128, 142, 170, 203]",1.0,kolektor_gt,kolektor_permukaan
C:/Arib/MASSA AYAM/chicken detection + constrative classification/data/crops_kolektor_gt/train/normal/10638_00713.png,0,normal,train,train,10638,10638.png,"[42, 235, 106, 308]",1.0,kolektor_gt,kolektor_permukaan
C:/Arib/MASSA AYAM/chicken detection + constrative classification/data/crops_kolektor_gt/train/normal/10639_00714.png,0,normal,train,train,10639,10639.png,"[54, 76, 76, 237]",1.0,kolektor_gt,kolektor_permukaan
C:/Arib/MASSA AYAM/chicken detection + constrative classification/data/crops_kolektor_gt/train/normal/10642_00717.png,0,normal,train,train,10642,10642.png,"[61, 107, 201, 301]",1.0,kolektor_gt,kolektor_permukaan
C:/Arib/MASSA AYAM/chicken detection + constrative classification/data/crops_kolektor_gt/train/normal/10643_00718.png,0,normal,train,train,10643,10643.png,"[2, 124, 114, 390]",1.0,kolektor_gt,kolektor_permukaan
C:/Arib/MASSA AYAM/chicken detection + constrative classification/data/crops_kolektor_gt/train/normal/10644_00719.png,0,normal,train,train,10644,10644.png,"[34, 524, 56, 549]",1.0,kolektor_gt,kolektor_permukaan
C:/Arib/MASSA AYAM/chicken detection + constrative classification/data/crops_kolektor_gt/train/normal/10646_00721.png,0,normal,train,train,10646,10646.png,"[132, 415, 187, 442]",1.0,kolektor_gt,kolektor_permukaan
C:/Arib/MASSA AYAM/chicken detection + constrative classification/data/crops_kolektor_gt/train/normal/10647_00723.png,0,normal,train,train,10647,10647.png,"[184, 290, 219, 336]",1.0,kolektor_gt,kolektor_permukaan
C:/Arib/MASSA AYAM/chicken detection + constrative classification/data/crops_kolektor_gt/train/normal/10648_00725.png,0,normal,train,train,10648,10648.png,"[55, 459, 124, 491]",1.0,kolektor_gt,kolektor_permukaan
C:/Arib/MASSA AYAM/chicken detection + constrative classification/data/crops_kolektor_gt/train/normal/10649_00726.png,0,normal,train,train,10649,10649.png,"[123, 174, 173, 235]",1.0,kolektor_gt,kolektor_permukaan
C:/Arib/MASSA AYAM/chicken detection + constrative classification/data/crops_kolektor_gt/train/normal/10651_00728.png,0,normal,train,train,10651,10651.png,"[159, 337, 222, 464]",1.0,kolektor_gt,kolektor_permukaan
C:/Arib/MASSA AYAM/chicken detection + constrative classification/data/crops_kolektor_gt/train/normal/10653_00730.png,0,normal,train,train,10653,10653.png,"[58, 387, 125, 414]",1.0,kolektor_gt,kolektor_permukaan
C:/Arib/MASSA AYAM/chicken detection + constrative classification/data/crops_kolektor_gt/train/normal/10654_00732.png,0,normal,train,train,10654,10654.png,"[33, 111, 109, 139]",1.0,kolektor_gt,kolektor_permukaan
C:/Arib/MASSA AYAM/chicken detection + constrative classification/data/crops_kolektor_gt/train/normal/10655_00733.png,0,normal,train,train,10655,10655.png,"[129, 429, 214, 467]",1.0,kolektor_gt,kolektor_permukaan
C:/Arib/MASSA AYAM/chicken detection + constrative classification/data/crops_kolektor_gt/train/normal/10657_00735.png,0,normal,train,train,10657,10657.png,"[136, 515, 180, 578]",1.0,kolektor_gt,kolektor_permukaan
C:/Arib/MASSA AYAM/chicken detection + constrative classification/data/crops_kolektor_gt/train/normal/10658_00736.png,0,normal,train,train,10658,10658.png,"[123, 133, 152, 189]",1.0,kolektor_gt,kolektor_permukaan
C:/Arib/MASSA AYAM/chicken detection + constrative classification/data/crops_kolektor_gt/train/normal/10659_00738.png,0,normal,train,train,10659,10659.png,"[110, 430, 177, 529]",1.0,kolektor_gt,kolektor_permukaan
C:/Arib/MASSA AYAM/chicken detection + constrative classification/data/crops_kolektor_gt/train/normal/10660_00739.png,0,normal,train,train,10660,10660.png,"[135, 219, 191, 392]",1.0,kolektor_gt,kolektor_permukaan
C:/Arib/MASSA AYAM/chicken detection + constrative classification/data/crops_kolektor_gt/train/normal/10661_00741.png,0,normal,train,train,10661,10661.png,"[123, 390, 172, 500]",1.0,kolektor_gt,kolektor_permukaan
C:/Arib/MASSA AYAM/chicken detection + constrative classification/data/crops_kolektor_gt/train/normal/10662_00742.png,0,normal,train,train,10662,10662.png,"[108, 137, 129, 172]",1.0,kolektor_gt,kolektor_permukaan
C:/Arib/MASSA AYAM/chicken detection + constrative classification/data/crops_kolektor_gt/train/normal/10664_00745.png,0,normal,train,train,10664,10664.png,"[72, 418, 160, 520]",1.0,kolektor_gt,kolektor_permukaan
C:/Arib/MASSA AYAM/chicken detection + constrative classification/data/crops_kolektor_gt/train/normal/10665_00746.png,0,normal,train,train,10665,10665.png,"[45, 380, 233, 587]",1.0,kolektor_gt,kolektor_permukaan
C:/Arib/MASSA AYAM/chicken detection + constrative classification/data/crops_kolektor_gt/train/normal/10666_00747.png,0,normal,train,train,10666,10666.png,"[30, 532, 115, 570]",1.0,kolektor_gt,kolektor_permukaan
C:/Arib/MASSA AYAM/chicken detection + constrative classification/data/crops_kolektor_gt/train/normal/10668_00749.png,0,normal,train,train,10668,10668.png,"[39, 436, 76, 552]",1.0,kolektor_gt,kolektor_permukaan
C:/Arib/MASSA AYAM/chicken detection + constrative classification/data/crops_kolektor_gt/train/normal/10669_00750.png,0,normal,train,train,10669,10669.png,"[66, 548, 99, 613]",1.0,kolektor_gt,kolektor_permukaan
C:/Arib/MASSA AYAM/chicken detection + constrative classification/data/crops_kolektor_gt/train/normal/10670_00751.png,0,normal,train,train,10670,10670.png,"[156, 282, 186, 320]",1.0,kolektor_gt,kolektor_permukaan
C:/Arib/MASSA AYAM/chicken detection + constrative classification/data/crops_kolektor_gt/train/normal/10671_00752.png,0,normal,train,train,10671,10671.png,"[52, 423, 106, 481]",1.0,kolektor_gt,kolektor_permukaan
C:/Arib/MASSA AYAM/chicken detection + constrative classification/data/crops_kolektor_gt/train/normal/10672_00754.png,0,normal,train,train,10672,10672.png,"[45, 379, 71, 448]",1.0,kolektor_gt,kolektor_permukaan
C:/Arib/MASSA AYAM/chicken detection + constrative classification/data/crops_kolektor_gt/train/normal/10673_00755.png,0,normal,train,train,10673,10673.png,"[64, 314, 90, 383]",1.0,kolektor_gt,kolektor_permukaan
C:/Arib/MASSA AYAM/chicken detection + constrative classification/data/crops_kolektor_gt/train/normal/10674_00756.png,0,normal,train,train,10674,10674.png,"[35, 121, 89, 179]",1.0,kolektor_gt,kolektor_permukaan
C:/Arib/MASSA AYAM/chicken detection + constrative classification/data/crops_kolektor_gt/train/normal/10675_00757.png,0,normal,train,train,10675,10675.png,"[41, 102, 116, 120]",1.0,kolektor_gt,kolektor_permukaan
C:/Arib/MASSA AYAM/chicken detection + constrative classification/data/crops_kolektor_gt/train/normal/10676_00758.png,0,normal,train,train,10676,10676.png,"[86, 563, 128, 611]",1.0,kolektor_gt,kolektor_permukaan
C:/Arib/MASSA AYAM/chicken detection + constrative classification/data/crops_kolektor_gt/train/normal/10677_00760.png,0,normal,train,train,10677,10677.png,"[20, 199, 138, 438]",1.0,kolektor_gt,kolektor_permukaan
C:/Arib/MASSA AYAM/chicken detection + constrative classification/data/crops_kolektor_gt/train/normal/10678_00762.png,0,normal,train,train,10678,10678.png,"[5, 421, 193, 628]",1.0,kolektor_gt,kolektor_permukaan
C:/Arib/MASSA AYAM/chicken detection + constrative classification/data/crops_kolektor_gt/train/normal/10679_00763.png,0,normal,train,train,10679,10679.png,"[22, 65, 47, 77]",1.0,kolektor_gt,kolektor_permukaan
C:/Arib/MASSA AYAM/chicken detection + constrative classification/data/crops_kolektor_gt/train/normal/10680_00764.png,0,normal,train,train,10680,10680.png,"[20, 38, 99, 151]",1.0,kolektor_gt,kolektor_permukaan
C:/Arib/MASSA AYAM/chicken detection + constrative classification/data/crops_kolektor_gt/train/normal/10681_00765.png,0,normal,train,train,10681,10681.png,"[157, 533, 199, 581]",1.0,kolektor_gt,kolektor_permukaan
C:/Arib/MASSA AYAM/chicken detection + constrative classification/data/crops_kolektor_gt/train/normal/10682_00766.png,0,normal,train,train,10682,10682.png,"[44, 506, 113, 605]",1.0,kolektor_gt,kolektor_permukaan
C:/Arib/MASSA AYAM/chicken detection + constrative classification/data/crops_kolektor_gt/train/normal/10683_00767.png,0,normal,train,train,10683,10683.png,"[217, 530, 231, 539]",1.0,kolektor_gt,kolektor_permukaan
C:/Arib/MASSA AYAM/chicken detection + constrative classification/data/crops_kolektor_gt/train/normal/10686_00770.png,0,normal,train,train,10686,10686.png,"[30, 335, 144, 480]",1.0,kolektor_gt,kolektor_permukaan
C:/Arib/MASSA AYAM/chicken detection + constrative classification/data/crops_kolektor_gt/train/normal/10687_00771.png,0,normal,train,train,10687,10687.png,"[22, 282, 76, 347]",1.0,kolektor_gt,kolektor_permukaan
C:/Arib/MASSA AYAM/chicken detection + constrative classification/data/crops_kolektor_gt/train/normal/10688_00772.png,0,normal,train,train,10688,10688.png,"[101, 415, 200, 478]",1.0,kolektor_gt,kolektor_permukaan
C:/Arib/MASSA AYAM/chicken detection + constrative classification/data/crops_kolektor_gt/train/normal/10690_00774.png,0,normal,train,train,10690,10690.png,"[185, 572, 200, 600]",1.0,kolektor_gt,kolektor_permukaan
C:/Arib/MASSA AYAM/chicken detection + constrative classification/data/crops_kolektor_gt/train/normal/10691_00775.png,0,normal,train,train,10691,10691.png,"[88, 283, 122, 328]",1.0,kolektor_gt,kolektor_permukaan
C:/Arib/MASSA AYAM/chicken detection + constrative classification/data/crops_kolektor_gt/train/normal/10693_00777.png,0,normal,train,train,10693,10693.png,"[44, 416, 121, 519]",1.0,kolektor_gt,kolektor_permukaan
C:/Arib/MASSA AYAM/chicken detection + constrative classification/data/crops_kolektor_gt/train/normal/10694_00778.png,0,normal,train,train,10694,10694.png,"[128, 301, 186, 351]",1.0,kolektor_gt,kolektor_permukaan
C:/Arib/MASSA AYAM/chicken detection + constrative classification/data/crops_kolektor_gt/train/normal/10696_00783.png,0,normal,train,train,10696,10696.png,"[144, 495, 162, 559]",1.0,kolektor_gt,kolektor_permukaan
C:/Arib/MASSA AYAM/chicken detection + constrative classification/data/crops_kolektor_gt/train/normal/10697_00784.png,0,normal,train,train,10697,10697.png,"[99, 469, 212, 567]",1.0,kolektor_gt,kolektor_permukaan
C:/Arib/MASSA AYAM/chicken detection + constrative classification/data/crops_kolektor_gt/train/normal/10698_00785.png,0,normal,train,train,10698,10698.png,"[61, 119, 197, 210]",1.0,kolektor_gt,kolektor_permukaan
C:/Arib/MASSA AYAM/chicken detection + constrative classification/data/crops_kolektor_gt/train/normal/10700_00787.png,0,normal,train,train,10700,10700.png,"[80, 422, 129, 532]",1.0,kolektor_gt,kolektor_permukaan
C:/Arib/MASSA AYAM/chicken detection + constrative classification/data/crops_kolektor_gt/train/normal/10702_00789.png,0,normal,train,train,10702,10702.png,"[63, 294, 165, 347]",1.0,kolektor_gt,kolektor_permukaan
C:/Arib/MASSA AYAM/chicken detection + constrative classification/data/crops_kolektor_gt/train/normal/10703_00790.png,0,normal,train,train,10703,10703.png,"[9, 182, 174, 277]",1.0,kolektor_gt,kolektor_permukaan
C:/Arib/MASSA AYAM/chicken detection + constrative classification/data/crops_kolektor_gt/train/normal/10704_00791.png,0,normal,train,train,10704,10704.png,"[55, 587, 92, 628]",1.0,kolektor_gt,kolektor_permukaan
C:/Arib/MASSA AYAM/chicken detection + constrative classification/data/crops_kolektor_gt/train/normal/10706_00793.png,0,normal,train,train,10706,10706.png,"[67, 211, 101, 302]",1.0,kolektor_gt,kolektor_permukaan
C:/Arib/MASSA AYAM/chicken detection + constrative classification/data/crops_kolektor_gt/train/normal/10707_00795.png,0,normal,train,train,10707,10707.png,"[51, 255, 100, 365]",1.0,kolektor_gt,kolektor_permukaan
C:/Arib/MASSA AYAM/chicken detection + constrative classification/data/crops_kolektor_gt/train/normal/10708_00796.png,0,normal,train,train,10708,10708.png,"[39, 109, 76, 133]",1.0,kolektor_gt,kolektor_permukaan
C:/Arib/MASSA AYAM/chicken detection + constrative classification/data/crops_kolektor_gt/train/normal/10710_00798.png,0,normal,train,train,10710,10710.png,"[123, 380, 138, 405]",1.0,kolektor_gt,kolektor_permukaan
C:/Arib/MASSA AYAM/chicken detection + constrative classification/data/crops_kolektor_gt/train/normal/10711_00800.png,0,normal,train,train,10711,10711.png,"[126, 588, 197, 607]",1.0,kolektor_gt,kolektor_permukaan
C:/Arib/MASSA AYAM/chicken detection + constrative classification/data/crops_kolektor_gt/train/normal/10712_00802.png,0,normal,train,train,10712,10712.png,"[3, 93, 229, 221]",1.0,kolektor_gt,kolektor_permukaan
C:/Arib/MASSA AYAM/chicken detection + constrative classification/data/crops_kolektor_gt/train/normal/10713_00803.png,0,normal,train,train,10713,10713.png,"[71, 407, 108, 468]",1.0,kolektor_gt,kolektor_permukaan
C:/Arib/MASSA AYAM/chicken detection + constrative classification/data/crops_kolektor_gt/train/normal/10716_00807.png,0,normal,train,train,10716,10716.png,"[44, 468, 112, 542]",1.0,kolektor_gt,kolektor_permukaan
C:/Arib/MASSA AYAM/chicken detection + constrative classification/data/crops_kolektor_gt/train/normal/10718_00809.png,0,normal,train,train,10718,10718.png,"[172, 215, 196, 288]",1.0,kolektor_gt,kolektor_permukaan
C:/Arib/MASSA AYAM/chicken detection + constrative classification/data/crops_kolektor_gt/train/normal/10719_00810.png,0,normal,train,train,10719,10719.png,"[83, 370, 125, 478]",1.0,kolektor_gt,kolektor_permukaan
C:/Arib/MASSA AYAM/chicken detection + constrative classification/data/crops_kolektor_gt/train/normal/10720_00811.png,0,normal,train,train,10720,10720.png,"[0, 280, 223, 522]",1.0,kolektor_gt,kolektor_permukaan
C:/Arib/MASSA AYAM/chicken detection + constrative classification/data/crops_kolektor_gt/train/normal/10721_00812.png,0,normal,train,train,10721,10721.png,"[120, 351, 138, 362]",1.0,kolektor_gt,kolektor_permukaan
C:/Arib/MASSA AYAM/chicken detection + constrative classification/data/crops_kolektor_gt/train/normal/10724_00815.png,0,normal,train,train,10724,10724.png,"[146, 134, 201, 161]",1.0,kolektor_gt,kolektor_permukaan
C:/Arib/MASSA AYAM/chicken detection + constrative classification/data/crops_kolektor_gt/train/normal/10726_00817.png,0,normal,train,train,10726,10726.png,"[97, 200, 151, 215]",1.0,kolektor_gt,kolektor_permukaan
C:/Arib/MASSA AYAM/chicken detection + constrative classification/data/crops_kolektor_gt/train/normal/10728_00820.png,0,normal,train,train,10728,10728.png,"[45, 431, 98, 480]",1.0,kolektor_gt,kolektor_permukaan
C:/Arib/MASSA AYAM/chicken detection + constrative classification/data/crops_kolektor_gt/train/normal/10729_00822.png,0,normal,train,train,10729,10729.png,"[34, 529, 107, 561]",1.0,kolektor_gt,kolektor_permukaan
C:/Arib/MASSA AYAM/chicken detection + constrative classification/data/crops_kolektor_gt/train/normal/10731_00824.png,0,normal,train,train,10731,10731.png,"[50, 101, 169, 163]",1.0,kolektor_gt,kolektor_permukaan
C:/Arib/MASSA AYAM/chicken detection + constrative classification/data/crops_kolektor_gt/train/normal/10732_00825.png,0,normal,train,train,10732,10732.png,"[55, 260, 136, 292]",1.0,kolektor_gt,kolektor_permukaan
C:/Arib/MASSA AYAM/chicken detection + constrative classification/data/crops_kolektor_gt/train/normal/10734_00827.png,0,normal,train,train,10734,10734.png,"[71, 285, 185, 430]",1.0,kolektor_gt,kolektor_permukaan
C:/Arib/MASSA AYAM/chicken detection + constrative classification/data/crops_kolektor_gt/train/normal/10735_00828.png,0,normal,train,train,10735,10735.png,"[88, 20, 177, 92]",1.0,kolektor_gt,kolektor_permukaan
C:/Arib/MASSA AYAM/chicken detection + constrative classification/data/crops_kolektor_gt/train/normal/10738_00831.png,0,normal,train,train,10738,10738.png,"[124, 457, 161, 518]",1.0,kolektor_gt,kolektor_permukaan
C:/Arib/MASSA AYAM/chicken detection + constrative classification/data/crops_kolektor_gt/train/normal/10739_00832.png,0,normal,train,train,10739,10739.png,"[157, 293, 221, 393]",1.0,kolektor_gt,kolektor_permukaan
C:/Arib/MASSA AYAM/chicken detection + constrative classification/data/crops_kolektor_gt/train/normal/10740_00833.png,0,normal,train,train,10740,10740.png,"[21, 345, 142, 379]",1.0,kolektor_gt,kolektor_permukaan
C:/Arib/MASSA AYAM/chicken detection + constrative classification/data/crops_kolektor_gt/train/normal/10741_00834.png,0,normal,train,train,10741,10741.png,"[18, 81, 51, 170]",1.0,kolektor_gt,kolektor_permukaan
C:/Arib/MASSA AYAM/chicken detection + constrative classification/data/crops_kolektor_gt/train/normal/10743_00837.png,0,normal,train,train,10743,10743.png,"[68, 404, 164, 440]",1.0,kolektor_gt,kolektor_permukaan
C:/Arib/MASSA AYAM/chicken detection + constrative classification/data/crops_kolektor_gt/train/normal/10744_00838.png,0,normal,train,train,10744,10744.png,"[199, 371, 226, 476]",1.0,kolektor_gt,kolektor_permukaan
C:/Arib/MASSA AYAM/chicken detection + constrative classification/data/crops_kolektor_gt/train/normal/10745_00839.png,0,normal,train,train,10745,10745.png,"[115, 423, 155, 460]",1.0,kolektor_gt,kolektor_permukaan
C:/Arib/MASSA AYAM/chicken detection + constrative classification/data/crops_kolektor_gt/train/normal/10746_00840.png,0,normal,train,train,10746,10746.png,"[16, 120, 125, 386]",1.0,kolektor_gt,kolektor_permukaan
C:/Arib/MASSA AYAM/chicken detection + constrative classification/data/crops_kolektor_gt/train/normal/10747_00841.png,0,normal,train,train,10747,10747.png,"[53, 170, 113, 252]",1.0,kolektor_gt,kolektor_permukaan
C:/Arib/MASSA AYAM/chicken detection + constrative classification/data/crops_kolektor_gt/train/normal/10749_00843.png,0,normal,train,train,10749,10749.png,"[101, 268, 175, 529]",1.0,kolektor_gt,kolektor_permukaan
C:/Arib/MASSA AYAM/chicken detection + constrative classification/data/crops_kolektor_gt/train/normal/10750_00844.png,0,normal,train,train,10750,10750.png,"[26, 268, 114, 370]",1.0,kolektor_gt,kolektor_permukaan
C:/Arib/MASSA AYAM/chicken detection + constrative classification/data/crops_kolektor_gt/train/normal/10751_00845.png,0,normal,train,train,10751,10751.png,"[99, 316, 168, 348]",1.0,kolektor_gt,kolektor_permukaan
C:/Arib/MASSA AYAM/chicken detection + constrative classification/data/crops_kolektor_gt/train/normal/10754_00848.png,0,normal,train,train,10754,10754.png,"[121, 478, 175, 553]",1.0,kolektor_gt,kolektor_permukaan
C:/Arib/MASSA AYAM/chicken detection + constrative classification/data/crops_kolektor_gt/train/normal/10755_00849.png,0,normal,train,train,10755,10755.png,"[140, 455, 192, 528]",1.0,kolektor_gt,kolektor_permukaan
C:/Arib/MASSA AYAM/chicken detection + constrative classification/data/crops_kolektor_gt/train/normal/10756_00851.png,0,normal,train,train,10756,10756.png,"[178, 276, 218, 413]",1.0,kolektor_gt,kolektor_permukaan
C:/Arib/MASSA AYAM/chicken detection + constrative classification/data/crops_kolektor_gt/train/normal/10757_00852.png,0,normal,train,train,10757,10757.png,"[161, 445, 206, 518]",1.0,kolektor_gt,kolektor_permukaan
C:/Arib/MASSA AYAM/chicken detection + constrative classification/data/crops_kolektor_gt/train/normal/10758_00853.png,0,normal,train,train,10758,10758.png,"[88, 493, 190, 556]",1.0,kolektor_gt,kolektor_permukaan
C:/Arib/MASSA AYAM/chicken detection + constrative classification/data/crops_kolektor_gt/train/normal/10759_00854.png,0,normal,train,train,10759,10759.png,"[56, 315, 180, 393]",1.0,kolektor_gt,kolektor_permukaan
C:/Arib/MASSA AYAM/chicken detection + constrative classification/data/crops_kolektor_gt/train/normal/10760_00855.png,0,normal,train,train,10760,10760.png,"[39, 310, 116, 413]",1.0,kolektor_gt,kolektor_permukaan
C:/Arib/MASSA AYAM/chicken detection + constrative classification/data/crops_kolektor_gt/train/normal/10761_00856.png,0,normal,train,train,10761,10761.png,"[34, 352, 119, 390]",1.0,kolektor_gt,kolektor_permukaan
C:/Arib/MASSA AYAM/chicken detection + constrative classification/data/crops_kolektor_gt/train/normal/10762_00857.png,0,normal,train,train,10762,10762.png,"[176, 503, 229, 552]",1.0,kolektor_gt,kolektor_permukaan
C:/Arib/MASSA AYAM/chicken detection + constrative classification/data/crops_kolektor_gt/train/normal/10763_00858.png,0,normal,train,train,10763,10763.png,"[76, 4, 122, 135]",1.0,kolektor_gt,kolektor_permukaan
C:/Arib/MASSA AYAM/chicken detection + constrative classification/data/crops_kolektor_gt/train/normal/10765_00860.png,0,normal,train,train,10765,10765.png,"[52, 451, 152, 584]",1.0,kolektor_gt,kolektor_permukaan
C:/Arib/MASSA AYAM/chicken detection + constrative classification/data/crops_kolektor_gt/train/normal/10767_00862.png,0,normal,train,train,10767,10767.png,"[96, 225, 165, 286]",1.0,kolektor_gt,kolektor_permukaan
C:/Arib/MASSA AYAM/chicken detection + constrative classification/data/crops_kolektor_gt/train/normal/10768_00863.png,0,normal,train,train,10768,10768.png,"[40, 245, 201, 326]",1.0,kolektor_gt,kolektor_permukaan
C:/Arib/MASSA AYAM/chicken detection + constrative classification/data/crops_kolektor_gt/train/normal/10772_00868.png,0,normal,train,train,10772,10772.png,"[158, 463, 203, 536]",1.0,kolektor_gt,kolektor_permukaan
C:/Arib/MASSA AYAM/chicken detection + constrative classification/data/crops_kolektor_gt/train/normal/10774_00871.png,0,normal,train,train,10774,10774.png,"[38, 50, 73, 96]",1.0,kolektor_gt,kolektor_permukaan
C:/Arib/MASSA AYAM/chicken detection + constrative classification/data/crops_kolektor_gt/train/normal/10776_00873.png,0,normal,train,train,10776,10776.png,"[183, 448, 207, 496]",1.0,kolektor_gt,kolektor_permukaan
C:/Arib/MASSA AYAM/chicken detection + constrative classification/data/crops_kolektor_gt/train/normal/10777_00874.png,0,normal,train,train,10777,10777.png,"[11, 77, 145, 231]",1.0,kolektor_gt,kolektor_permukaan
C:/Arib/MASSA AYAM/chicken detection + constrative classification/data/crops_kolektor_gt/train/normal/10778_00875.png,0,normal,train,train,10778,10778.png,"[87, 430, 128, 549]",1.0,kolektor_gt,kolektor_permukaan
C:/Arib/MASSA AYAM/chicken detection + constrative classification/data/crops_kolektor_gt/train/normal/10779_00876.png,0,normal,train,train,10779,10779.png,"[95, 474, 168, 506]",1.0,kolektor_gt,kolektor_permukaan
C:/Arib/MASSA AYAM/chicken detection + constrative classification/data/crops_kolektor_gt/train/normal/10780_00877.png,0,normal,train,train,10780,10780.png,"[42, 41, 192, 278]",1.0,kolektor_gt,kolektor_permukaan
C:/Arib/MASSA AYAM/chicken detection + constrative classification/data/crops_kolektor_gt/train/normal/10781_00878.png,0,normal,train,train,10781,10781.png,"[7, 272, 128, 306]",1.0,kolektor_gt,kolektor_permukaan
C:/Arib/MASSA AYAM/chicken detection + constrative classification/data/crops_kolektor_gt/train/normal/10783_00880.png,0,normal,train,train,10783,10783.png,"[97, 12, 182, 117]",1.0,kolektor_gt,kolektor_permukaan
C:/Arib/MASSA AYAM/chicken detection + constrative classification/data/crops_kolektor_gt/train/normal/10784_00881.png,0,normal,train,train,10784,10784.png,"[98, 453, 120, 486]",1.0,kolektor_gt,kolektor_permukaan
C:/Arib/MASSA AYAM/chicken detection + constrative classification/data/crops_kolektor_gt/train/normal/10785_00882.png,0,normal,train,train,10785,10785.png,"[50, 471, 91, 532]",1.0,kolektor_gt,kolektor_permukaan
C:/Arib/MASSA AYAM/chicken detection + constrative classification/data/crops_kolektor_gt/train/normal/10786_00883.png,0,normal,train,train,10786,10786.png,"[133, 213, 179, 258]",1.0,kolektor_gt,kolektor_permukaan
C:/Arib/MASSA AYAM/chicken detection + constrative classification/data/crops_kolektor_gt/train/normal/10787_00884.png,0,normal,train,train,10787,10787.png,"[82, 162, 112, 182]",1.0,kolektor_gt,kolektor_permukaan
C:/Arib/MASSA AYAM/chicken detection + constrative classification/data/crops_kolektor_gt/train/normal/10788_00885.png,0,normal,train,train,10788,10788.png,"[190, 562, 205, 587]",1.0,kolektor_gt,kolektor_permukaan
C:/Arib/MASSA AYAM/chicken detection + constrative classification/data/crops_kolektor_gt/train/normal/10790_00887.png,0,normal,train,train,10790,10790.png,"[85, 111, 203, 350]",1.0,kolektor_gt,kolektor_permukaan
C:/Arib/MASSA AYAM/chicken detection + constrative classification/data/crops_kolektor_gt/train/normal/10791_00888.png,0,normal,train,train,10791,10791.png,"[162, 444, 187, 480]",1.0,kolektor_gt,kolektor_permukaan
C:/Arib/MASSA AYAM/chicken detection + constrative classification/data/crops_kolektor_gt/train/normal/10792_00889.png,0,normal,train,train,10792,10792.png,"[101, 282, 209, 371]",1.0,kolektor_gt,kolektor_permukaan
C:/Arib/MASSA AYAM/chicken detection + constrative classification/data/crops_kolektor_gt/train/normal/10796_00893.png,0,normal,train,train,10796,10796.png,"[23, 346, 96, 378]",1.0,kolektor_gt,kolektor_permukaan
C:/Arib/MASSA AYAM/chicken detection + constrative classification/data/crops_kolektor_gt/train/normal/10797_00895.png,0,normal,train,train,10797,10797.png,"[15, 364, 96, 396]",1.0,kolektor_gt,kolektor_permukaan
C:/Arib/MASSA AYAM/chicken detection + constrative classification/data/crops_kolektor_gt/train/normal/10798_00896.png,0,normal,train,train,10798,10798.png,"[32, 499, 69, 615]",1.0,kolektor_gt,kolektor_permukaan
C:/Arib/MASSA AYAM/chicken detection + constrative classification/data/crops_kolektor_gt/train/normal/10800_00898.png,0,normal,train,train,10800,10800.png,"[96, 183, 158, 333]",1.0,kolektor_gt,kolektor_permukaan
C:/Arib/MASSA AYAM/chicken detection + constrative classification/data/crops_kolektor_gt/train/normal/10802_00900.png,0,normal,train,train,10802,10802.png,"[138, 501, 227, 618]",1.0,kolektor_gt,kolektor_permukaan
C:/Arib/MASSA AYAM/chicken detection + constrative classification/data/crops_kolektor_gt/train/normal/10805_00903.png,0,normal,train,train,10805,10805.png,"[115, 302, 126, 311]",1.0,kolektor_gt,kolektor_permukaan
C:/Arib/MASSA AYAM/chicken detection + constrative classification/data/crops_kolektor_gt/train/normal/10806_00904.png,0,normal,train,train,10806,10806.png,"[116, 0, 146, 38]",1.0,kolektor_gt,kolektor_permukaan
C:/Arib/MASSA AYAM/chicken detection + constrative classification/data/crops_kolektor_gt/train/normal/10807_00905.png,0,normal,train,train,10807,10807.png,"[97, 189, 159, 255]",1.0,kolektor_gt,kolektor_permukaan
C:/Arib/MASSA AYAM/chicken detection + constrative classification/data/crops_kolektor_gt/train/normal/10808_00907.png,0,normal,train,train,10808,10808.png,"[24, 535, 102, 560]",1.0,kolektor_gt,kolektor_permukaan
C:/Arib/MASSA AYAM/chicken detection + constrative classification/data/crops_kolektor_gt/train/normal/10809_00908.png,0,normal,train,train,10809,10809.png,"[33, 91, 89, 264]",1.0,kolektor_gt,kolektor_permukaan
C:/Arib/MASSA AYAM/chicken detection + constrative classification/data/crops_kolektor_gt/train/normal/10810_00909.png,0,normal,train,train,10810,10810.png,"[27, 497, 41, 506]",1.0,kolektor_gt,kolektor_permukaan
C:/Arib/MASSA AYAM/chicken detection + constrative classification/data/crops_kolektor_gt/train/normal/10812_00911.png,0,normal,train,train,10812,10812.png,"[134, 262, 209, 352]",1.0,kolektor_gt,kolektor_permukaan
C:/Arib/MASSA AYAM/chicken detection + constrative classification/data/crops_kolektor_gt/train/normal/10813_00912.png,0,normal,train,train,10813,10813.png,"[155, 72, 206, 126]",1.0,kolektor_gt,kolektor_permukaan
C:/Arib/MASSA AYAM/chicken detection + constrative classification/data/crops_kolektor_gt/train/normal/10814_00913.png,0,normal,train,train,10814,10814.png,"[83, 503, 190, 533]",1.0,kolektor_gt,kolektor_permukaan
C:/Arib/MASSA AYAM/chicken detection + constrative classification/data/crops_kolektor_gt/train/normal/10816_00915.png,0,normal,train,train,10816,10816.png,"[94, 406, 171, 532]",1.0,kolektor_gt,kolektor_permukaan
C:/Arib/MASSA AYAM/chicken detection + constrative classification/data/crops_kolektor_gt/train/normal/10817_00916.png,0,normal,train,train,10817,10817.png,"[135, 41, 224, 67]",1.0,kolektor_gt,kolektor_permukaan
C:/Arib/MASSA AYAM/chicken detection + constrative classification/data/crops_kolektor_gt/train/normal/10818_00917.png,0,normal,train,train,10818,10818.png,"[19, 221, 58, 265]",1.0,kolektor_gt,kolektor_permukaan
C:/Arib/MASSA AYAM/chicken detection + constrative classification/data/crops_kolektor_gt/train/normal/10820_00919.png,0,normal,train,train,10820,10820.png,"[49, 538, 62, 547]",1.0,kolektor_gt,kolektor_permukaan
C:/Arib/MASSA AYAM/chicken detection + constrative classification/data/crops_kolektor_gt/train/normal/10822_00924.png,0,normal,train,train,10822,10822.png,"[26, 170, 57, 190]",1.0,kolektor_gt,kolektor_permukaan
C:/Arib/MASSA AYAM/chicken detection + constrative classification/data/crops_kolektor_gt/train/normal/10823_00925.png,0,normal,train,train,10823,10823.png,"[129, 345, 171, 393]",1.0,kolektor_gt,kolektor_permukaan
C:/Arib/MASSA AYAM/chicken detection + constrative classification/data/crops_kolektor_gt/train/normal/10824_00926.png,0,normal,train,train,10824,10824.png,"[90, 322, 110, 368]",1.0,kolektor_gt,kolektor_permukaan
C:/Arib/MASSA AYAM/chicken detection + constrative classification/data/crops_kolektor_gt/train/normal/10825_00927.png,0,normal,train,train,10825,10825.png,"[95, 422, 149, 497]",1.0,kolektor_gt,kolektor_permukaan
C:/Arib/MASSA AYAM/chicken detection + constrative classification/data/crops_kolektor_gt/train/normal/10826_00928.png,0,normal,train,train,10826,10826.png,"[82, 246, 147, 282]",1.0,kolektor_gt,kolektor_permukaan
C:/Arib/MASSA AYAM/chicken detection + constrative classification/data/crops_kolektor_gt/train/normal/10827_00929.png,0,normal,train,train,10827,10827.png,"[12, 392, 211, 524]",1.0,kolektor_gt,kolektor_permukaan
C:/Arib/MASSA AYAM/chicken detection + constrative classification/data/crops_kolektor_gt/train/normal/10828_00930.png,0,normal,train,train,10828,10828.png,"[92, 463, 184, 523]",1.0,kolektor_gt,kolektor_permukaan
C:/Arib/MASSA AYAM/chicken detection + constrative classification/data/crops_kolektor_gt/train/normal/10831_00933.png,0,normal,train,train,10831,10831.png,"[1, 307, 39, 385]",1.0,kolektor_gt,kolektor_permukaan
C:/Arib/MASSA AYAM/chicken detection + constrative classification/data/crops_kolektor_gt/train/normal/10832_00934.png,0,normal,train,train,10832,10832.png,"[27, 161, 226, 293]",1.0,kolektor_gt,kolektor_permukaan
C:/Arib/MASSA AYAM/chicken detection + constrative classification/data/crops_kolektor_gt/train/normal/10833_00935.png,0,normal,train,train,10833,10833.png,"[141, 523, 202, 543]",1.0,kolektor_gt,kolektor_permukaan
C:/Arib/MASSA AYAM/chicken detection + constrative classification/data/crops_kolektor_gt/train/normal/10834_00936.png,0,normal,train,train,10834,10834.png,"[24, 38, 35, 47]",1.0,kolektor_gt,kolektor_permukaan
C:/Arib/MASSA AYAM/chicken detection + constrative classification/data/crops_kolektor_gt/train/normal/10835_00937.png,0,normal,train,train,10835,10835.png,"[35, 271, 46, 280]",1.0,kolektor_gt,kolektor_permukaan
C:/Arib/MASSA AYAM/chicken detection + constrative classification/data/crops_kolektor_gt/train/normal/10836_00938.png,0,normal,train,train,10836,10836.png,"[59, 262, 81, 295]",1.0,kolektor_gt,kolektor_permukaan
C:/Arib/MASSA AYAM/chicken detection + constrative classification/data/crops_kolektor_gt/train/normal/10837_00939.png,0,normal,train,train,10837,10837.png,"[146, 409, 175, 465]",1.0,kolektor_gt,kolektor_permukaan
C:/Arib/MASSA AYAM/chicken detection + constrative classification/data/crops_kolektor_gt/train/normal/10838_00940.png,0,normal,train,train,10838,10838.png,"[187, 79, 228, 198]",1.0,kolektor_gt,kolektor_permukaan
C:/Arib/MASSA AYAM/chicken detection + constrative classification/data/crops_kolektor_gt/train/normal/10839_00941.png,0,normal,train,train,10839,10839.png,"[44, 499, 70, 568]",1.0,kolektor_gt,kolektor_permukaan
C:/Arib/MASSA AYAM/chicken detection + constrative classification/data/crops_kolektor_gt/train/normal/10840_00942.png,0,normal,train,train,10840,10840.png,"[152, 307, 198, 352]",1.0,kolektor_gt,kolektor_permukaan
C:/Arib/MASSA AYAM/chicken detection + constrative classification/data/crops_kolektor_gt/train/normal/10841_00943.png,0,normal,train,train,10841,10841.png,"[20, 57, 84, 157]",1.0,kolektor_gt,kolektor_permukaan
C:/Arib/MASSA AYAM/chicken detection + constrative classification/data/crops_kolektor_gt/train/normal/10843_00945.png,0,normal,train,train,10843,10843.png,"[58, 11, 100, 69]",1.0,kolektor_gt,kolektor_permukaan
C:/Arib/MASSA AYAM/chicken detection + constrative classification/data/crops_kolektor_gt/train/normal/10844_00947.png,0,normal,train,train,10844,10844.png,"[13, 312, 77, 412]",1.0,kolektor_gt,kolektor_permukaan
C:/Arib/MASSA AYAM/chicken detection + constrative classification/data/crops_kolektor_gt/train/normal/10845_00949.png,0,normal,train,train,10845,10845.png,"[81, 552, 96, 577]",1.0,kolektor_gt,kolektor_permukaan
C:/Arib/MASSA AYAM/chicken detection + constrative classification/data/crops_kolektor_gt/train/normal/10846_00951.png,0,normal,train,train,10846,10846.png,"[41, 514, 153, 554]",1.0,kolektor_gt,kolektor_permukaan
C:/Arib/MASSA AYAM/chicken detection + constrative classification/data/crops_kolektor_gt/train/normal/10847_00952.png,0,normal,train,train,10847,10847.png,"[12, 402, 69, 501]",1.0,kolektor_gt,kolektor_permukaan
C:/Arib/MASSA AYAM/chicken detection + constrative classification/data/crops_kolektor_gt/train/normal/10848_00953.png,0,normal,train,train,10848,10848.png,"[23, 227, 86, 282]",1.0,kolektor_gt,kolektor_permukaan
C:/Arib/MASSA AYAM/chicken detection + constrative classification/data/crops_kolektor_gt/train/normal/10849_00956.png,0,normal,train,train,10849,10849.png,"[74, 403, 128, 418]",1.0,kolektor_gt,kolektor_permukaan
C:/Arib/MASSA AYAM/chicken detection + constrative classification/data/crops_kolektor_gt/train/normal/10849_00957.png,0,normal,train,train,10849,10849.png,"[33, 344, 85, 373]",1.0,kolektor_gt,kolektor_permukaan
C:/Arib/MASSA AYAM/chicken detection + constrative classification/data/crops_kolektor_gt/train/normal/10850_00958.png,0,normal,train,train,10850,10850.png,"[140, 408, 196, 422]",1.0,kolektor_gt,kolektor_permukaan
C:/Arib/MASSA AYAM/chicken detection + constrative classification/data/crops_kolektor_gt/train/normal/10851_00959.png,0,normal,train,train,10851,10851.png,"[128, 444, 174, 519]",1.0,kolektor_gt,kolektor_permukaan
C:/Arib/MASSA AYAM/chicken detection + constrative classification/data/crops_kolektor_gt/train/normal/10852_00960.png,0,normal,train,train,10852,10852.png,"[34, 492, 98, 526]",1.0,kolektor_gt,kolektor_permukaan
C:/Arib/MASSA AYAM/chicken detection + constrative classification/data/crops_kolektor_gt/train/normal/10853_00961.png,0,normal,train,train,10853,10853.png,"[101, 333, 166, 468]",1.0,kolektor_gt,kolektor_permukaan
C:/Arib/MASSA AYAM/chicken detection + constrative classification/data/crops_kolektor_gt/train/normal/10854_00962.png,0,normal,train,train,10854,10854.png,"[62, 73, 106, 169]",1.0,kolektor_gt,kolektor_permukaan
C:/Arib/MASSA AYAM/chicken detection + constrative classification/data/crops_kolektor_gt/train/normal/10857_00965.png,0,normal,train,train,10857,10857.png,"[88, 24, 132, 50]",1.0,kolektor_gt,kolektor_permukaan
C:/Arib/MASSA AYAM/chicken detection + constrative classification/data/crops_kolektor_gt/train/normal/10858_00966.png,0,normal,train,train,10858,10858.png,"[89, 452, 153, 471]",1.0,kolektor_gt,kolektor_permukaan
C:/Arib/MASSA AYAM/chicken detection + constrative classification/data/crops_kolektor_gt/train/normal/10860_00968.png,0,normal,train,train,10860,10860.png,"[39, 87, 93, 115]",1.0,kolektor_gt,kolektor_permukaan
C:/Arib/MASSA AYAM/chicken detection + constrative classification/data/crops_kolektor_gt/train/normal/10861_00969.png,0,normal,train,train,10861,10861.png,"[62, 317, 156, 477]",1.0,kolektor_gt,kolektor_permukaan
C:/Arib/MASSA AYAM/chicken detection + constrative classification/data/crops_kolektor_gt/train/normal/10863_00971.png,0,normal,train,train,10863,10863.png,"[78, 460, 156, 485]",1.0,kolektor_gt,kolektor_permukaan
C:/Arib/MASSA AYAM/chicken detection + constrative classification/data/crops_kolektor_gt/train/normal/10864_00972.png,0,normal,train,train,10864,10864.png,"[53, 550, 78, 580]",1.0,kolektor_gt,kolektor_permukaan
C:/Arib/MASSA AYAM/chicken detection + constrative classification/data/crops_kolektor_gt/train/normal/10866_00974.png,0,normal,train,train,10866,10866.png,"[177, 18, 219, 57]",1.0,kolektor_gt,kolektor_permukaan
C:/Arib/MASSA AYAM/chicken detection + constrative classification/data/crops_kolektor_gt/train/normal/10867_00975.png,0,normal,train,train,10867,10867.png,"[65, 87, 121, 260]",1.0,kolektor_gt,kolektor_permukaan
C:/Arib/MASSA AYAM/chicken detection + constrative classification/data/crops_kolektor_gt/train/normal/10868_00976.png,0,normal,train,train,10868,10868.png,"[17, 54, 212, 136]",1.0,kolektor_gt,kolektor_permukaan
C:/Arib/MASSA AYAM/chicken detection + constrative classification/data/crops_kolektor_gt/train/normal/10870_00979.png,0,normal,train,train,10870,10870.png,"[169, 368, 216, 425]",1.0,kolektor_gt,kolektor_permukaan
C:/Arib/MASSA AYAM/chicken detection + constrative classification/data/crops_kolektor_gt/train/normal/10871_00980.png,0,normal,train,train,10871,10871.png,"[74, 395, 109, 441]",1.0,kolektor_gt,kolektor_permukaan
C:/Arib/MASSA AYAM/chicken detection + constrative classification/data/crops_kolektor_gt/train/normal/10872_00981.png,0,normal,train,train,10872,10872.png,"[130, 101, 156, 189]",1.0,kolektor_gt,kolektor_permukaan
C:/Arib/MASSA AYAM/chicken detection + constrative classification/data/crops_kolektor_gt/train/normal/10873_00982.png,0,normal,train,train,10873,10873.png,"[110, 544, 217, 586]",1.0,kolektor_gt,kolektor_permukaan
C:/Arib/MASSA AYAM/chicken detection + constrative classification/data/crops_kolektor_gt/train/normal/10874_00984.png,0,normal,train,train,10874,10874.png,"[23, 203, 147, 281]",1.0,kolektor_gt,kolektor_permukaan
C:/Arib/MASSA AYAM/chicken detection + constrative classification/data/crops_kolektor_gt/train/normal/10875_00985.png,0,normal,train,train,10875,10875.png,"[71, 364, 211, 523]",1.0,kolektor_gt,kolektor_permukaan
C:/Arib/MASSA AYAM/chicken detection + constrative classification/data/crops_kolektor_gt/train/normal/10877_00987.png,0,normal,train,train,10877,10877.png,"[40, 18, 108, 92]",1.0,kolektor_gt,kolektor_permukaan
C:/Arib/MASSA AYAM/chicken detection + constrative classification/data/crops_kolektor_gt/train/normal/10878_00988.png,0,normal,train,train,10878,10878.png,"[90, 309, 189, 372]",1.0,kolektor_gt,kolektor_permukaan
C:/Arib/MASSA AYAM/chicken detection + constrative classification/data/crops_kolektor_gt/train/normal/10879_00989.png,0,normal,train,train,10879,10879.png,"[35, 63, 141, 106]",1.0,kolektor_gt,kolektor_permukaan
C:/Arib/MASSA AYAM/chicken detection + constrative classification/data/crops_kolektor_gt/train/normal/10880_00990.png,0,normal,train,train,10880,10880.png,"[113, 417, 214, 608]",1.0,kolektor_gt,kolektor_permukaan
C:/Arib/MASSA AYAM/chicken detection + constrative classification/data/crops_kolektor_gt/train/normal/10881_00991.png,0,normal,train,train,10881,10881.png,"[57, 77, 79, 238]",1.0,kolektor_gt,kolektor_permukaan
C:/Arib/MASSA AYAM/chicken detection + constrative classification/data/crops_kolektor_gt/train/normal/10882_00992.png,0,normal,train,train,10882,10882.png,"[35, 89, 103, 163]",1.0,kolektor_gt,kolektor_permukaan
C:/Arib/MASSA AYAM/chicken detection + constrative classification/data/crops_kolektor_gt/train/normal/10883_00993.png,0,normal,train,train,10883,10883.png,"[173, 232, 213, 269]",1.0,kolektor_gt,kolektor_permukaan
C:/Arib/MASSA AYAM/chicken detection + constrative classification/data/crops_kolektor_gt/train/normal/10884_00994.png,0,normal,train,train,10884,10884.png,"[109, 319, 166, 418]",1.0,kolektor_gt,kolektor_permukaan
C:/Arib/MASSA AYAM/chicken detection + constrative classification/data/crops_kolektor_gt/train/normal/10887_00997.png,0,normal,train,train,10887,10887.png,"[35, 316, 49, 325]",1.0,kolektor_gt,kolektor_permukaan
C:/Arib/MASSA AYAM/chicken detection + constrative classification/data/crops_kolektor_gt/train/normal/10888_00998.png,0,normal,train,train,10888,10888.png,"[110, 465, 150, 602]",1.0,kolektor_gt,kolektor_permukaan
C:/Arib/MASSA AYAM/chicken detection + constrative classification/data/crops_kolektor_gt/train/normal/10889_00999.png,0,normal,train,train,10889,10889.png,"[83, 578, 204, 612]",1.0,kolektor_gt,kolektor_permukaan
C:/Arib/MASSA AYAM/chicken detection + constrative classification/data/crops_kolektor_gt/train/normal/10890_01000.png,0,normal,train,train,10890,10890.png,"[17, 570, 36, 593]",1.0,kolektor_gt,kolektor_permukaan
C:/Arib/MASSA AYAM/chicken detection + constrative classification/data/crops_kolektor_gt/train/normal/10891_01001.png,0,normal,train,train,10891,10891.png,"[23, 325, 159, 403]",1.0,kolektor_gt,kolektor_permukaan
C:/Arib/MASSA AYAM/chicken detection + constrative classification/data/crops_kolektor_gt/train/normal/10892_01002.png,0,normal,train,train,10892,10892.png,"[93, 30, 214, 64]",1.0,kolektor_gt,kolektor_permukaan
C:/Arib/MASSA AYAM/chicken detection + constrative classification/data/crops_kolektor_gt/train/normal/10893_01004.png,0,normal,train,train,10893,10893.png,"[112, 423, 223, 532]",1.0,kolektor_gt,kolektor_permukaan
C:/Arib/MASSA AYAM/chicken detection + constrative classification/data/crops_kolektor_gt/train/normal/10894_01005.png,0,normal,train,train,10894,10894.png,"[113, 280, 152, 324]",1.0,kolektor_gt,kolektor_permukaan
C:/Arib/MASSA AYAM/chicken detection + constrative classification/data/crops_kolektor_gt/train/normal/10895_01006.png,0,normal,train,train,10895,10895.png,"[13, 67, 113, 200]",1.0,kolektor_gt,kolektor_permukaan
C:/Arib/MASSA AYAM/chicken detection + constrative classification/data/crops_kolektor_gt/train/normal/10896_01007.png,0,normal,train,train,10896,10896.png,"[59, 610, 148, 636]",1.0,kolektor_gt,kolektor_permukaan
C:/Arib/MASSA AYAM/chicken detection + constrative classification/data/crops_kolektor_gt/train/normal/10897_01008.png,0,normal,train,train,10897,10897.png,"[91, 40, 165, 301]",1.0,kolektor_gt,kolektor_permukaan
C:/Arib/MASSA AYAM/chicken detection + constrative classification/data/crops_kolektor_gt/train/normal/10898_01009.png,0,normal,train,train,10898,10898.png,"[34, 480, 80, 611]",1.0,kolektor_gt,kolektor_permukaan
C:/Arib/MASSA AYAM/chicken detection + constrative classification/data/crops_kolektor_gt/train/normal/10899_01010.png,0,normal,train,train,10899,10899.png,"[47, 396, 101, 424]",1.0,kolektor_gt,kolektor_permukaan
C:/Arib/MASSA AYAM/chicken detection + constrative classification/data/crops_kolektor_gt/train/normal/10900_01012.png,0,normal,train,train,10900,10900.png,"[121, 140, 168, 196]",1.0,kolektor_gt,kolektor_permukaan
C:/Arib/MASSA AYAM/chicken detection + constrative classification/data/crops_kolektor_gt/train/normal/10901_01013.png,0,normal,train,train,10901,10901.png,"[8, 418, 39, 495]",1.0,kolektor_gt,kolektor_permukaan
C:/Arib/MASSA AYAM/chicken detection + constrative classification/data/crops_kolektor_gt/train/normal/10902_01014.png,0,normal,train,train,10902,10902.png,"[69, 422, 113, 445]",1.0,kolektor_gt,kolektor_permukaan
C:/Arib/MASSA AYAM/chicken detection + constrative classification/data/crops_kolektor_gt/train/normal/10904_01016.png,0,normal,train,train,10904,10904.png,"[157, 501, 187, 559]",1.0,kolektor_gt,kolektor_permukaan
C:/Arib/MASSA AYAM/chicken detection + constrative classification/data/crops_kolektor_gt/train/normal/10905_01018.png,0,normal,train,train,10905,10905.png,"[103, 42, 134, 62]",1.0,kolektor_gt,kolektor_permukaan
C:/Arib/MASSA AYAM/chicken detection + constrative classification/data/crops_kolektor_gt/train/normal/10906_01019.png,0,normal,train,train,10906,10906.png,"[184, 320, 210, 408]",1.0,kolektor_gt,kolektor_permukaan
C:/Arib/MASSA AYAM/chicken detection + constrative classification/data/crops_kolektor_gt/train/normal/10908_01022.png,0,normal,train,train,10908,10908.png,"[62, 531, 77, 556]",1.0,kolektor_gt,kolektor_permukaan
C:/Arib/MASSA AYAM/chicken detection + constrative classification/data/crops_kolektor_gt/train/normal/10909_01023.png,0,normal,train,train,10909,10909.png,"[35, 396, 210, 485]",1.0,kolektor_gt,kolektor_permukaan
C:/Arib/MASSA AYAM/chicken detection + constrative classification/data/crops_kolektor_gt/train/normal/10913_01027.png,0,normal,train,train,10913,10913.png,"[23, 512, 44, 552]",1.0,kolektor_gt,kolektor_permukaan
C:/Arib/MASSA AYAM/chicken detection + constrative classification/data/crops_kolektor_gt/train/normal/10914_01028.png,0,normal,train,train,10914,10914.png,"[100, 211, 140, 348]",1.0,kolektor_gt,kolektor_permukaan
C:/Arib/MASSA AYAM/chicken detection + constrative classification/data/crops_kolektor_gt/train/normal/10917_01031.png,0,normal,train,train,10917,10917.png,"[183, 126, 213, 158]",1.0,kolektor_gt,kolektor_permukaan
C:/Arib/MASSA AYAM/chicken detection + constrative classification/data/crops_kolektor_gt/train/normal/10920_01034.png,0,normal,train,train,10920,10920.png,"[96, 563, 136, 602]",1.0,kolektor_gt,kolektor_permukaan
C:/Arib/MASSA AYAM/chicken detection + constrative classification/data/crops_kolektor_gt/train/normal/10921_01035.png,0,normal,train,train,10921,10921.png,"[85, 579, 108, 611]",1.0,kolektor_gt,kolektor_permukaan
C:/Arib/MASSA AYAM/chicken detection + constrative classification/data/crops_kolektor_gt/train/normal/10922_01036.png,0,normal,train,train,10922,10922.png,"[20, 148, 132, 188]",1.0,kolektor_gt,kolektor_permukaan
C:/Arib/MASSA AYAM/chicken detection + constrative classification/data/crops_kolektor_gt/train/normal/10923_01037.png,0,normal,train,train,10923,10923.png,"[53, 157, 171, 396]",1.0,kolektor_gt,kolektor_permukaan
C:/Arib/MASSA AYAM/chicken detection + constrative classification/data/crops_kolektor_gt/train/normal/10925_01039.png,0,normal,train,train,10925,10925.png,"[51, 3, 106, 74]",1.0,kolektor_gt,kolektor_permukaan
C:/Arib/MASSA AYAM/chicken detection + constrative classification/data/crops_kolektor_gt/train/normal/10929_01043.png,0,normal,train,train,10929,10929.png,"[58, 419, 170, 462]",1.0,kolektor_gt,kolektor_permukaan
C:/Arib/MASSA AYAM/chicken detection + constrative classification/data/crops_kolektor_gt/train/normal/10931_01045.png,0,normal,train,train,10931,10931.png,"[6, 189, 113, 219]",1.0,kolektor_gt,kolektor_permukaan
C:/Arib/MASSA AYAM/chicken detection + constrative classification/data/crops_kolektor_gt/train/normal/10932_01046.png,0,normal,train,train,10932,10932.png,"[9, 148, 43, 193]",1.0,kolektor_gt,kolektor_permukaan
C:/Arib/MASSA AYAM/chicken detection + constrative classification/data/crops_kolektor_gt/train/normal/10933_01047.png,0,normal,train,train,10933,10933.png,"[84, 89, 118, 117]",1.0,kolektor_gt,kolektor_permukaan
C:/Arib/MASSA AYAM/chicken detection + constrative classification/data/crops_kolektor_gt/train/normal/10934_01048.png,0,normal,train,train,10934,10934.png,"[45, 165, 67, 192]",1.0,kolektor_gt,kolektor_permukaan
C:/Arib/MASSA AYAM/chicken detection + constrative classification/data/crops_kolektor_gt/train/normal/10935_01049.png,0,normal,train,train,10935,10935.png,"[116, 368, 187, 466]",1.0,kolektor_gt,kolektor_permukaan
C:/Arib/MASSA AYAM/chicken detection + constrative classification/data/crops_kolektor_gt/train/normal/10936_01050.png,0,normal,train,train,10936,10936.png,"[196, 306, 225, 362]",1.0,kolektor_gt,kolektor_permukaan
C:/Arib/MASSA AYAM/chicken detection + constrative classification/data/crops_kolektor_gt/train/normal/10937_01051.png,0,normal,train,train,10937,10937.png,"[17, 437, 43, 525]",1.0,kolektor_gt,kolektor_permukaan
C:/Arib/MASSA AYAM/chicken detection + constrative classification/data/crops_kolektor_gt/train/normal/10938_01052.png,0,normal,train,train,10938,10938.png,"[74, 482, 111, 526]",1.0,kolektor_gt,kolektor_permukaan
C:/Arib/MASSA AYAM/chicken detection + constrative classification/data/crops_kolektor_gt/train/normal/10941_01055.png,0,normal,train,train,10941,10941.png,"[123, 294, 145, 370]",1.0,kolektor_gt,kolektor_permukaan
C:/Arib/MASSA AYAM/chicken detection + constrative classification/data/crops_kolektor_gt/train/normal/10942_01056.png,0,normal,train,train,10942,10942.png,"[66, 538, 85, 561]",1.0,kolektor_gt,kolektor_permukaan
C:/Arib/MASSA AYAM/chicken detection + constrative classification/data/crops_kolektor_gt/train/normal/10944_01058.png,0,normal,train,train,10944,10944.png,"[126, 413, 221, 548]",1.0,kolektor_gt,kolektor_permukaan
C:/Arib/MASSA AYAM/chicken detection + constrative classification/data/crops_kolektor_gt/train/normal/10945_01059.png,0,normal,train,train,10945,10945.png,"[90, 148, 224, 302]",1.0,kolektor_gt,kolektor_permukaan
C:/Arib/MASSA AYAM/chicken detection + constrative classification/data/crops_kolektor_gt/train/normal/10946_01060.png,0,normal,train,train,10946,10946.png,"[30, 24, 97, 123]",1.0,kolektor_gt,kolektor_permukaan
C:/Arib/MASSA AYAM/chicken detection + constrative classification/data/crops_kolektor_gt/train/normal/10948_01062.png,0,normal,train,train,10948,10948.png,"[44, 573, 173, 598]",1.0,kolektor_gt,kolektor_permukaan
C:/Arib/MASSA AYAM/chicken detection + constrative classification/data/crops_kolektor_gt/train/normal/10950_01064.png,0,normal,train,train,10950,10950.png,"[17, 315, 109, 375]",1.0,kolektor_gt,kolektor_permukaan
C:/Arib/MASSA AYAM/chicken detection + constrative classification/data/crops_kolektor_gt/train/normal/10951_01066.png,0,normal,train,train,10951,10951.png,"[129, 563, 226, 628]",1.0,kolektor_gt,kolektor_permukaan
C:/Arib/MASSA AYAM/chicken detection + constrative classification/data/crops_kolektor_gt/train/normal/10952_01068.png,0,normal,train,train,10952,10952.png,"[196, 6, 208, 29]",1.0,kolektor_gt,kolektor_permukaan
C:/Arib/MASSA AYAM/chicken detection + constrative classification/data/crops_kolektor_gt/train/normal/10953_01069.png,0,normal,train,train,10953,10953.png,"[43, 405, 172, 430]",1.0,kolektor_gt,kolektor_permukaan
C:/Arib/MASSA AYAM/chicken detection + constrative classification/data/crops_kolektor_gt/train/normal/10954_01070.png,0,normal,train,train,10954,10954.png,"[22, 198, 158, 289]",1.0,kolektor_gt,kolektor_permukaan
C:/Arib/MASSA AYAM/chicken detection + constrative classification/data/crops_kolektor_gt/train/normal/10955_01071.png,0,normal,train,train,10955,10955.png,"[86, 490, 199, 588]",1.0,kolektor_gt,kolektor_permukaan
C:/Arib/MASSA AYAM/chicken detection + constrative classification/data/crops_kolektor_gt/train/normal/10956_01072.png,0,normal,train,train,10956,10956.png,"[82, 139, 183, 247]",1.0,kolektor_gt,kolektor_permukaan
C:/Arib/MASSA AYAM/chicken detection + constrative classification/data/crops_kolektor_gt/train/normal/10957_01073.png,0,normal,train,train,10957,10957.png,"[114, 549, 194, 567]",1.0,kolektor_gt,kolektor_permukaan
C:/Arib/MASSA AYAM/chicken detection + constrative classification/data/crops_kolektor_gt/train/normal/10958_01074.png,0,normal,train,train,10958,10958.png,"[26, 28, 209, 319]",1.0,kolektor_gt,kolektor_permukaan
C:/Arib/MASSA AYAM/chicken detection + constrative classification/data/crops_kolektor_gt/train/normal/10959_01075.png,0,normal,train,train,10959,10959.png,"[80, 568, 177, 633]",1.0,kolektor_gt,kolektor_permukaan
C:/Arib/MASSA AYAM/chicken detection + constrative classification/data/crops_kolektor_gt/train/normal/10961_01077.png,0,normal,train,train,10961,10961.png,"[16, 152, 53, 193]",1.0,kolektor_gt,kolektor_permukaan
C:/Arib/MASSA AYAM/chicken detection + constrative classification/data/crops_kolektor_gt/train/normal/10962_01078.png,0,normal,train,train,10962,10962.png,"[43, 384, 169, 487]",1.0,kolektor_gt,kolektor_permukaan
C:/Arib/MASSA AYAM/chicken detection + constrative classification/data/crops_kolektor_gt/train/normal/10963_01079.png,0,normal,train,train,10963,10963.png,"[146, 620, 162, 635]",1.0,kolektor_gt,kolektor_permukaan
C:/Arib/MASSA AYAM/chicken detection + constrative classification/data/crops_kolektor_gt/train/normal/10964_01080.png,0,normal,train,train,10964,10964.png,"[78, 322, 149, 438]",1.0,kolektor_gt,kolektor_permukaan
C:/Arib/MASSA AYAM/chicken detection + constrative classification/data/crops_kolektor_gt/train/normal/10965_01081.png,0,normal,train,train,10965,10965.png,"[105, 88, 157, 161]",1.0,kolektor_gt,kolektor_permukaan
C:/Arib/MASSA AYAM/chicken detection + constrative classification/data/crops_kolektor_gt/train/normal/10967_01083.png,0,normal,train,train,10967,10967.png,"[55, 537, 93, 615]",1.0,kolektor_gt,kolektor_permukaan
C:/Arib/MASSA AYAM/chicken detection + constrative classification/data/crops_kolektor_gt/train/normal/10968_01084.png,0,normal,train,train,10968,10968.png,"[95, 38, 158, 65]",1.0,kolektor_gt,kolektor_permukaan
C:/Arib/MASSA AYAM/chicken detection + constrative classification/data/crops_kolektor_gt/train/normal/10969_01085.png,0,normal,train,train,10969,10969.png,"[113, 518, 142, 574]",1.0,kolektor_gt,kolektor_permukaan
C:/Arib/MASSA AYAM/chicken detection + constrative classification/data/crops_kolektor_gt/train/normal/10972_01088.png,0,normal,train,train,10972,10972.png,"[36, 100, 56, 204]",1.0,kolektor_gt,kolektor_permukaan
C:/Arib/MASSA AYAM/chicken detection + constrative classification/data/crops_kolektor_gt/train/normal/10973_01089.png,0,normal,train,train,10973,10973.png,"[33, 210, 97, 296]",1.0,kolektor_gt,kolektor_permukaan
C:/Arib/MASSA AYAM/chicken detection + constrative classification/data/crops_kolektor_gt/train/normal/10974_01090.png,0,normal,train,train,10974,10974.png,"[99, 534, 179, 552]",1.0,kolektor_gt,kolektor_permukaan
C:/Arib/MASSA AYAM/chicken detection + constrative classification/data/crops_kolektor_gt/train/normal/10975_01091.png,0,normal,train,train,10975,10975.png,"[11, 608, 41, 628]",1.0,kolektor_gt,kolektor_permukaan
C:/Arib/MASSA AYAM/chicken detection + constrative classification/data/crops_kolektor_gt/train/normal/10976_01092.png,0,normal,train,train,10976,10976.png,"[59, 47, 188, 72]",1.0,kolektor_gt,kolektor_permukaan
C:/Arib/MASSA AYAM/chicken detection + constrative classification/data/crops_kolektor_gt/train/normal/10977_01093.png,0,normal,train,train,10977,10977.png,"[5, 591, 35, 611]",1.0,kolektor_gt,kolektor_permukaan
C:/Arib/MASSA AYAM/chicken detection + constrative classification/data/crops_kolektor_gt/train/normal/10978_01094.png,0,normal,train,train,10978,10978.png,"[5, 102, 231, 249]",1.0,kolektor_gt,kolektor_permukaan
C:/Arib/MASSA AYAM/chicken detection + constrative classification/data/crops_kolektor_gt/train/normal/10979_01095.png,0,normal,train,train,10979,10979.png,"[136, 326, 197, 346]",1.0,kolektor_gt,kolektor_permukaan
C:/Arib/MASSA AYAM/chicken detection + constrative classification/data/crops_kolektor_gt/train/normal/10980_01096.png,0,normal,train,train,10980,10980.png,"[34, 152, 170, 230]",1.0,kolektor_gt,kolektor_permukaan
C:/Arib/MASSA AYAM/chicken detection + constrative classification/data/crops_kolektor_gt/train/normal/10982_01098.png,0,normal,train,train,10982,10982.png,"[140, 163, 221, 303]",1.0,kolektor_gt,kolektor_permukaan
C:/Arib/MASSA AYAM/chicken detection + constrative classification/data/crops_kolektor_gt/train/normal/10985_01101.png,0,normal,train,train,10985,10985.png,"[33, 29, 89, 43]",1.0,kolektor_gt,kolektor_permukaan
C:/Arib/MASSA AYAM/chicken detection + constrative classification/data/crops_kolektor_gt/train/normal/10986_01102.png,0,normal,train,train,10986,10986.png,"[27, 392, 83, 406]",1.0,kolektor_gt,kolektor_permukaan
C:/Arib/MASSA AYAM/chicken detection + constrative classification/data/crops_kolektor_gt/train/normal/10988_01104.png,0,normal,train,train,10988,10988.png,"[157, 364, 232, 382]",1.0,kolektor_gt,kolektor_permukaan
C:/Arib/MASSA AYAM/chicken detection + constrative classification/data/crops_kolektor_gt/train/normal/10989_01105.png,0,normal,train,train,10989,10989.png,"[182, 546, 203, 635]",1.0,kolektor_gt,kolektor_permukaan
C:/Arib/MASSA AYAM/chicken detection + constrative classification/data/crops_kolektor_gt/train/normal/10990_01106.png,0,normal,train,train,10990,10990.png,"[145, 134, 199, 182]",1.0,kolektor_gt,kolektor_permukaan
C:/Arib/MASSA AYAM/chicken detection + constrative classification/data/crops_kolektor_gt/train/normal/10991_01107.png,0,normal,train,train,10991,10991.png,"[24, 466, 102, 506]",1.0,kolektor_gt,kolektor_permukaan
C:/Arib/MASSA AYAM/chicken detection + constrative classification/data/crops_kolektor_gt/train/normal/10992_01108.png,0,normal,train,train,10992,10992.png,"[120, 237, 174, 285]",1.0,kolektor_gt,kolektor_permukaan
C:/Arib/MASSA AYAM/chicken detection + constrative classification/data/crops_kolektor_gt/train/normal/10994_01110.png,0,normal,train,train,10994,10994.png,"[46, 358, 80, 526]",1.0,kolektor_gt,kolektor_permukaan
C:/Arib/MASSA AYAM/chicken detection + constrative classification/data/crops_kolektor_gt/train/normal/10995_01111.png,0,normal,train,train,10995,10995.png,"[201, 332, 226, 362]",1.0,kolektor_gt,kolektor_permukaan
C:/Arib/MASSA AYAM/chicken detection + constrative classification/data/crops_kolektor_gt/train/normal/10997_01113.png,0,normal,train,train,10997,10997.png,"[59, 433, 199, 627]",1.0,kolektor_gt,kolektor_permukaan
C:/Arib/MASSA AYAM/chicken detection + constrative classification/data/crops_kolektor_gt/train/normal/10998_01114.png,0,normal,train,train,10998,10998.png,"[154, 130, 188, 175]",1.0,kolektor_gt,kolektor_permukaan
C:/Arib/MASSA AYAM/chicken detection + constrative classification/data/crops_kolektor_gt/train/normal/10999_01115.png,0,normal,train,train,10999,10999.png,"[182, 109, 215, 198]",1.0,kolektor_gt,kolektor_permukaan
C:/Arib/MASSA AYAM/chicken detection + constrative classification/data/crops_kolektor_gt/train/normal/11000_01116.png,0,normal,train,train,11000,11000.png,"[77, 545, 128, 580]",1.0,kolektor_gt,kolektor_permukaan
C:/Arib/MASSA AYAM/chicken detection + constrative classification/data/crops_kolektor_gt/train/normal/11001_01117.png,0,normal,train,train,11001,11001.png,"[61, 249, 105, 291]",1.0,kolektor_gt,kolektor_permukaan
C:/Arib/MASSA AYAM/chicken detection + constrative classification/data/crops_kolektor_gt/train/normal/11002_01119.png,0,normal,train,train,11002,11002.png,"[123, 393, 163, 432]",1.0,kolektor_gt,kolektor_permukaan
C:/Arib/MASSA AYAM/chicken detection + constrative classification/data/crops_kolektor_gt/train/normal/11003_01121.png,0,normal,train,train,11003,11003.png,"[87, 213, 124, 257]",1.0,kolektor_gt,kolektor_permukaan
C:/Arib/MASSA AYAM/chicken detection + constrative classification/data/crops_kolektor_gt/train/normal/11005_01123.png,0,normal,train,train,11005,11005.png,"[44, 79, 69, 115]",1.0,kolektor_gt,kolektor_permukaan
C:/Arib/MASSA AYAM/chicken detection + constrative classification/data/crops_kolektor_gt/train/normal/11006_01124.png,0,normal,train,train,11006,11006.png,"[29, 303, 94, 438]",1.0,kolektor_gt,kolektor_permukaan
C:/Arib/MASSA AYAM/chicken detection + constrative classification/data/crops_kolektor_gt/train/normal/11007_01125.png,0,normal,train,train,11007,11007.png,"[142, 99, 196, 174]",1.0,kolektor_gt,kolektor_permukaan
C:/Arib/MASSA AYAM/chicken detection + constrative classification/data/crops_kolektor_gt/train/normal/11008_01126.png,0,normal,train,train,11008,11008.png,"[78, 415, 149, 513]",1.0,kolektor_gt,kolektor_permukaan
C:/Arib/MASSA AYAM/chicken detection + constrative classification/data/crops_kolektor_gt/train/normal/11009_01127.png,0,normal,train,train,11009,11009.png,"[175, 610, 189, 632]",1.0,kolektor_gt,kolektor_permukaan
C:/Arib/MASSA AYAM/chicken detection + constrative classification/data/crops_kolektor_gt/train/normal/11010_01128.png,0,normal,train,train,11010,11010.png,"[83, 506, 109, 594]",1.0,kolektor_gt,kolektor_permukaan
C:/Arib/MASSA AYAM/chicken detection + constrative classification/data/crops_kolektor_gt/train/normal/11011_01129.png,0,normal,train,train,11011,11011.png,"[23, 222, 52, 240]",1.0,kolektor_gt,kolektor_permukaan
C:/Arib/MASSA AYAM/chicken detection + constrative classification/data/crops_kolektor_gt/train/normal/11012_01131.png,0,normal,train,train,11012,11012.png,"[113, 297, 216, 491]",1.0,kolektor_gt,kolektor_permukaan
C:/Arib/MASSA AYAM/chicken detection + constrative classification/data/crops_kolektor_gt/train/normal/11013_01132.png,0,normal,train,train,11013,11013.png,"[37, 152, 104, 251]",1.0,kolektor_gt,kolektor_permukaan
C:/Arib/MASSA AYAM/chicken detection + constrative classification/data/crops_kolektor_gt/train/normal/11014_01133.png,0,normal,train,train,11014,11014.png,"[99, 591, 195, 627]",1.0,kolektor_gt,kolektor_permukaan
C:/Arib/MASSA AYAM/chicken detection + constrative classification/data/crops_kolektor_gt/train/normal/11015_01134.png,0,normal,train,train,11015,11015.png,"[174, 324, 207, 374]",1.0,kolektor_gt,kolektor_permukaan
C:/Arib/MASSA AYAM/chicken detection + constrative classification/data/crops_kolektor_gt/train/normal/11017_01136.png,0,normal,train,train,11017,11017.png,"[156, 522, 209, 571]",1.0,kolektor_gt,kolektor_permukaan
C:/Arib/MASSA AYAM/chicken detection + constrative classification/data/crops_kolektor_gt/train/normal/11018_01137.png,0,normal,train,train,11018,11018.png,"[18, 63, 210, 148]",1.0,kolektor_gt,kolektor_permukaan
C:/Arib/MASSA AYAM/chicken detection + constrative classification/data/crops_kolektor_gt/train/normal/11019_01138.png,0,normal,train,train,11019,11019.png,"[0, 360, 94, 520]",1.0,kolektor_gt,kolektor_permukaan
C:/Arib/MASSA AYAM/chicken detection + constrative classification/data/crops_kolektor_gt/train/normal/11020_01139.png,0,normal,train,train,11020,11020.png,"[28, 288, 55, 308]",1.0,kolektor_gt,kolektor_permukaan
C:/Arib/MASSA AYAM/chicken detection + constrative classification/data/crops_kolektor_gt/train/normal/11023_01142.png,0,normal,train,train,11023,11023.png,"[44, 486, 113, 523]",1.0,kolektor_gt,kolektor_permukaan
C:/Arib/MASSA AYAM/chicken detection + constrative classification/data/crops_kolektor_gt/train/normal/11024_01143.png,0,normal,train,train,11024,11024.png,"[92, 430, 128, 630]",1.0,kolektor_gt,kolektor_permukaan
C:/Arib/MASSA AYAM/chicken detection + constrative classification/data/crops_kolektor_gt/train/normal/11025_01145.png,0,normal,train,train,11025,11025.png,"[39, 295, 61, 322]",1.0,kolektor_gt,kolektor_permukaan
C:/Arib/MASSA AYAM/chicken detection + constrative classification/data/crops_kolektor_gt/train/normal/11026_01146.png,0,normal,train,train,11026,11026.png,"[34, 11, 58, 59]",1.0,kolektor_gt,kolektor_permukaan
C:/Arib/MASSA AYAM/chicken detection + constrative classification/data/crops_kolektor_gt/train/normal/11027_01147.png,0,normal,train,train,11027,11027.png,"[36, 498, 105, 601]",1.0,kolektor_gt,kolektor_permukaan
C:/Arib/MASSA AYAM/chicken detection + constrative classification/data/crops_kolektor_gt/train/normal/11028_01148.png,0,normal,train,train,11028,11028.png,"[21, 70, 61, 207]",1.0,kolektor_gt,kolektor_permukaan
C:/Arib/MASSA AYAM/chicken detection + constrative classification/data/crops_kolektor_gt/train/normal/11029_01149.png,0,normal,train,train,11029,11029.png,"[116, 435, 193, 561]",1.0,kolektor_gt,kolektor_permukaan
C:/Arib/MASSA AYAM/chicken detection + constrative classification/data/crops_kolektor_gt/train/normal/11031_01151.png,0,normal,train,train,11031,11031.png,"[98, 363, 188, 421]",1.0,kolektor_gt,kolektor_permukaan
C:/Arib/MASSA AYAM/chicken detection + constrative classification/data/crops_kolektor_gt/train/normal/11032_01152.png,0,normal,train,train,11032,11032.png,"[154, 3, 194, 219]",1.0,kolektor_gt,kolektor_permukaan
C:/Arib/MASSA AYAM/chicken detection + constrative classification/data/crops_kolektor_gt/train/normal/11033_01153.png,0,normal,train,train,11033,11033.png,"[182, 513, 233, 545]",1.0,kolektor_gt,kolektor_permukaan
C:/Arib/MASSA AYAM/chicken detection + constrative classification/data/crops_kolektor_gt/train/normal/11034_01154.png,0,normal,train,train,11034,11034.png,"[8, 38, 38, 76]",1.0,kolektor_gt,kolektor_permukaan
C:/Arib/MASSA AYAM/chicken detection + constrative classification/data/crops_kolektor_gt/train/normal/11035_01155.png,0,normal,train,train,11035,11035.png,"[28, 493, 104, 615]",1.0,kolektor_gt,kolektor_permukaan
C:/Arib/MASSA AYAM/chicken detection + constrative classification/data/crops_kolektor_gt/train/normal/11036_01156.png,0,normal,train,train,11036,11036.png,"[36, 539, 96, 621]",1.0,kolektor_gt,kolektor_permukaan
C:/Arib/MASSA AYAM/chicken detection + constrative classification/data/crops_kolektor_gt/train/normal/11037_01157.png,0,normal,train,train,11037,11037.png,"[119, 264, 141, 425]",1.0,kolektor_gt,kolektor_permukaan
C:/Arib/MASSA AYAM/chicken detection + constrative classification/data/crops_kolektor_gt/train/normal/11038_01158.png,0,normal,train,train,11038,11038.png,"[31, 483, 155, 561]",1.0,kolektor_gt,kolektor_permukaan
C:/Arib/MASSA AYAM/chicken detection + constrative classification/data/crops_kolektor_gt/train/normal/11039_01159.png,0,normal,train,train,11039,11039.png,"[87, 319, 229, 444]",1.0,kolektor_gt,kolektor_permukaan
C:/Arib/MASSA AYAM/chicken detection + constrative classification/data/crops_kolektor_gt/train/normal/11040_01161.png,0,normal,train,train,11040,11040.png,"[87, 273, 181, 433]",1.0,kolektor_gt,kolektor_permukaan
C:/Arib/MASSA AYAM/chicken detection + constrative classification/data/crops_kolektor_gt/train/normal/11042_01163.png,0,normal,train,train,11042,11042.png,"[107, 361, 132, 391]",1.0,kolektor_gt,kolektor_permukaan
C:/Arib/MASSA AYAM/chicken detection + constrative classification/data/crops_kolektor_gt/train/normal/11043_01164.png,0,normal,train,train,11043,11043.png,"[74, 171, 163, 288]",1.0,kolektor_gt,kolektor_permukaan
C:/Arib/MASSA AYAM/chicken detection + constrative classification/data/crops_kolektor_gt/train/normal/11046_01167.png,0,normal,train,train,11046,11046.png,"[6, 293, 102, 329]",1.0,kolektor_gt,kolektor_permukaan
C:/Arib/MASSA AYAM/chicken detection + constrative classification/data/crops_kolektor_gt/train/normal/11047_01168.png,0,normal,train,train,11047,11047.png,"[129, 78, 153, 126]",1.0,kolektor_gt,kolektor_permukaan
C:/Arib/MASSA AYAM/chicken detection + constrative classification/data/crops_kolektor_gt/train/normal/11050_01171.png,0,normal,train,train,11050,11050.png,"[116, 154, 224, 239]",1.0,kolektor_gt,kolektor_permukaan
C:/Arib/MASSA AYAM/chicken detection + constrative classification/data/crops_kolektor_gt/train/normal/11052_01175.png,0,normal,train,train,11052,11052.png,"[124, 185, 149, 221]",1.0,kolektor_gt,kolektor_permukaan
C:/Arib/MASSA AYAM/chicken detection + constrative classification/data/crops_kolektor_gt/train/normal/11052_01176.png,0,normal,train,train,11052,11052.png,"[105, 392, 152, 426]",1.0,kolektor_gt,kolektor_permukaan
C:/Arib/MASSA AYAM/chicken detection + constrative classification/data/crops_kolektor_gt/train/normal/11053_01177.png,0,normal,train,train,11053,11053.png,"[163, 171, 227, 244]",1.0,kolektor_gt,kolektor_permukaan
C:/Arib/MASSA AYAM/chicken detection + constrative classification/data/crops_kolektor_gt/train/normal/11054_01178.png,0,normal,train,train,11054,11054.png,"[13, 270, 78, 345]",1.0,kolektor_gt,kolektor_permukaan
C:/Arib/MASSA AYAM/chicken detection + constrative classification/data/crops_kolektor_gt/train/normal/11055_01179.png,0,normal,train,train,11055,11055.png,"[13, 171, 84, 287]",1.0,kolektor_gt,kolektor_permukaan
C:/Arib/MASSA AYAM/chicken detection + constrative classification/data/crops_kolektor_gt/train/normal/11058_01182.png,0,normal,train,train,11058,11058.png,"[67, 148, 78, 206]",1.0,kolektor_gt,kolektor_permukaan
C:/Arib/MASSA AYAM/chicken detection + constrative classification/data/crops_kolektor_gt/train/normal/11059_01183.png,0,normal,train,train,11059,11059.png,"[3, 295, 28, 307]",1.0,kolektor_gt,kolektor_permukaan
C:/Arib/MASSA AYAM/chicken detection + constrative classification/data/crops_kolektor_gt/train/normal/11060_01184.png,0,normal,train,train,11060,11060.png,"[97, 347, 186, 495]",1.0,kolektor_gt,kolektor_permukaan
C:/Arib/MASSA AYAM/chicken detection + constrative classification/data/crops_kolektor_gt/train/normal/11061_01186.png,0,normal,train,train,11061,11061.png,"[135, 42, 206, 61]",1.0,kolektor_gt,kolektor_permukaan
C:/Arib/MASSA AYAM/chicken detection + constrative classification/data/crops_kolektor_gt/train/normal/11062_01187.png,0,normal,train,train,11062,11062.png,"[110, 279, 147, 320]",1.0,kolektor_gt,kolektor_permukaan
C:/Arib/MASSA AYAM/chicken detection + constrative classification/data/crops_kolektor_gt/train/normal/11064_01189.png,0,normal,train,train,11064,11064.png,"[118, 395, 152, 563]",1.0,kolektor_gt,kolektor_permukaan
C:/Arib/MASSA AYAM/chicken detection + constrative classification/data/crops_kolektor_gt/train/normal/11065_01190.png,0,normal,train,train,11065,11065.png,"[187, 199, 221, 290]",1.0,kolektor_gt,kolektor_permukaan
C:/Arib/MASSA AYAM/chicken detection + constrative classification/data/crops_kolektor_gt/train/normal/11067_01192.png,0,normal,train,train,11067,11067.png,"[17, 12, 70, 61]",1.0,kolektor_gt,kolektor_permukaan
C:/Arib/MASSA AYAM/chicken detection + constrative classification/data/crops_kolektor_gt/train/normal/11068_01193.png,0,normal,train,train,11068,11068.png,"[175, 456, 219, 475]",1.0,kolektor_gt,kolektor_permukaan
C:/Arib/MASSA AYAM/chicken detection + constrative classification/data/crops_kolektor_gt/train/normal/11069_01194.png,0,normal,train,train,11069,11069.png,"[64, 197, 79, 225]",1.0,kolektor_gt,kolektor_permukaan
C:/Arib/MASSA AYAM/chicken detection + constrative classification/data/crops_kolektor_gt/train/normal/11070_01195.png,0,normal,train,train,11070,11070.png,"[14, 222, 43, 278]",1.0,kolektor_gt,kolektor_permukaan
C:/Arib/MASSA AYAM/chicken detection + constrative classification/data/crops_kolektor_gt/train/normal/11071_01196.png,0,normal,train,train,11071,11071.png,"[90, 61, 214, 217]",1.0,kolektor_gt,kolektor_permukaan
C:/Arib/MASSA AYAM/chicken detection + constrative classification/data/crops_kolektor_gt/train/normal/11072_01197.png,0,normal,train,train,11072,11072.png,"[96, 579, 160, 613]",1.0,kolektor_gt,kolektor_permukaan
C:/Arib/MASSA AYAM/chicken detection + constrative classification/data/crops_kolektor_gt/train/normal/11074_01200.png,0,normal,train,train,11074,11074.png,"[64, 150, 167, 428]",1.0,kolektor_gt,kolektor_permukaan
C:/Arib/MASSA AYAM/chicken detection + constrative classification/data/crops_kolektor_gt/train/normal/11075_01201.png,0,normal,train,train,11075,11075.png,"[163, 464, 220, 479]",1.0,kolektor_gt,kolektor_permukaan
C:/Arib/MASSA AYAM/chicken detection + constrative classification/data/crops_kolektor_gt/train/normal/11076_01202.png,0,normal,train,train,11076,11076.png,"[109, 331, 170, 351]",1.0,kolektor_gt,kolektor_permukaan
C:/Arib/MASSA AYAM/chicken detection + constrative classification/data/crops_kolektor_gt/train/normal/11077_01203.png,0,normal,train,train,11077,11077.png,"[70, 63, 128, 113]",1.0,kolektor_gt,kolektor_permukaan
C:/Arib/MASSA AYAM/chicken detection + constrative classification/data/crops_kolektor_gt/train/normal/11078_01204.png,0,normal,train,train,11078,11078.png,"[7, 264, 136, 289]",1.0,kolektor_gt,kolektor_permukaan
C:/Arib/MASSA AYAM/chicken detection + constrative classification/data/crops_kolektor_gt/train/normal/11079_01205.png,0,normal,train,train,11079,11079.png,"[22, 451, 136, 508]",1.0,kolektor_gt,kolektor_permukaan
C:/Arib/MASSA AYAM/chicken detection + constrative classification/data/crops_kolektor_gt/train/normal/11082_01208.png,0,normal,train,train,11082,11082.png,"[157, 108, 198, 227]",1.0,kolektor_gt,kolektor_permukaan
C:/Arib/MASSA AYAM/chicken detection + constrative classification/data/crops_kolektor_gt/train/normal/11083_01209.png,0,normal,train,train,11083,11083.png,"[0, 17, 231, 259]",1.0,kolektor_gt,kolektor_permukaan
C:/Arib/MASSA AYAM/chicken detection + constrative classification/data/crops_kolektor_gt/train/normal/11084_01210.png,0,normal,train,train,11084,11084.png,"[114, 19, 199, 124]",1.0,kolektor_gt,kolektor_permukaan
C:/Arib/MASSA AYAM/chicken detection + constrative classification/data/crops_kolektor_gt/train/normal/11085_01211.png,0,normal,train,train,11085,11085.png,"[83, 0, 195, 40]",1.0,kolektor_gt,kolektor_permukaan
C:/Arib/MASSA AYAM/chicken detection + constrative classification/data/crops_kolektor_gt/train/normal/11086_01212.png,0,normal,train,train,11086,11086.png,"[68, 155, 137, 216]",1.0,kolektor_gt,kolektor_permukaan
C:/Arib/MASSA AYAM/chicken detection + constrative classification/data/crops_kolektor_gt/train/normal/11087_01213.png,0,normal,train,train,11087,11087.png,"[147, 1, 181, 169]",1.0,kolektor_gt,kolektor_permukaan
C:/Arib/MASSA AYAM/chicken detection + constrative classification/data/crops_kolektor_gt/train/normal/11089_01216.png,0,normal,train,train,11089,11089.png,"[111, 413, 157, 544]",1.0,kolektor_gt,kolektor_permukaan
C:/Arib/MASSA AYAM/chicken detection + constrative classification/data/crops_kolektor_gt/train/normal/11090_01217.png,0,normal,train,train,11090,11090.png,"[138, 231, 205, 258]",1.0,kolektor_gt,kolektor_permukaan
C:/Arib/MASSA AYAM/chicken detection + constrative classification/data/crops_kolektor_gt/train/normal/11091_01218.png,0,normal,train,train,11091,11091.png,"[31, 367, 98, 487]",1.0,kolektor_gt,kolektor_permukaan
C:/Arib/MASSA AYAM/chicken detection + constrative classification/data/crops_kolektor_gt/train/normal/11092_01219.png,0,normal,train,train,11092,11092.png,"[102, 56, 141, 100]",1.0,kolektor_gt,kolektor_permukaan
C:/Arib/MASSA AYAM/chicken detection + constrative classification/data/crops_kolektor_gt/train/normal/11093_01221.png,0,normal,train,train,11093,11093.png,"[2, 547, 232, 626]",1.0,kolektor_gt,kolektor_permukaan
C:/Arib/MASSA AYAM/chicken detection + constrative classification/data/crops_kolektor_gt/train/normal/11094_01223.png,0,normal,train,train,11094,11094.png,"[10, 470, 139, 519]",1.0,kolektor_gt,kolektor_permukaan
C:/Arib/MASSA AYAM/chicken detection + constrative classification/data/crops_kolektor_gt/train/normal/11096_01225.png,0,normal,train,train,11096,11096.png,"[24, 195, 199, 284]",1.0,kolektor_gt,kolektor_permukaan
C:/Arib/MASSA AYAM/chicken detection + constrative classification/data/crops_kolektor_gt/train/normal/11097_01226.png,0,normal,train,train,11097,11097.png,"[27, 367, 96, 428]",1.0,kolektor_gt,kolektor_permukaan
C:/Arib/MASSA AYAM/chicken detection + constrative classification/data/crops_kolektor_gt/train/normal/11098_01227.png,0,normal,train,train,11098,11098.png,"[188, 194, 218, 252]",1.0,kolektor_gt,kolektor_permukaan
C:/Arib/MASSA AYAM/chicken detection + constrative classification/data/crops_kolektor_gt/train/normal/11099_01228.png,0,normal,train,train,11099,11099.png,"[3, 244, 136, 274]",1.0,kolektor_gt,kolektor_permukaan
C:/Arib/MASSA AYAM/chicken detection + constrative classification/data/crops_kolektor_gt/train/normal/11100_01229.png,0,normal,train,train,11100,11100.png,"[202, 315, 227, 412]",1.0,kolektor_gt,kolektor_permukaan
C:/Arib/MASSA AYAM/chicken detection + constrative classification/data/crops_kolektor_gt/train/normal/11101_01231.png,0,normal,train,train,11101,11101.png,"[136, 460, 209, 492]",1.0,kolektor_gt,kolektor_permukaan
C:/Arib/MASSA AYAM/chicken detection + constrative classification/data/crops_kolektor_gt/train/normal/11102_01232.png,0,normal,train,train,11102,11102.png,"[9, 347, 78, 450]",1.0,kolektor_gt,kolektor_permukaan
C:/Arib/MASSA AYAM/chicken detection + constrative classification/data/crops_kolektor_gt/train/normal/11103_01233.png,0,normal,train,train,11103,11103.png,"[103, 121, 118, 146]",1.0,kolektor_gt,kolektor_permukaan
C:/Arib/MASSA AYAM/chicken detection + constrative classification/data/crops_kolektor_gt/train/normal/11104_01234.png,0,normal,train,train,11104,11104.png,"[117, 549, 202, 587]",1.0,kolektor_gt,kolektor_permukaan
C:/Arib/MASSA AYAM/chicken detection + constrative classification/data/crops_kolektor_gt/train/normal/11105_01235.png,0,normal,train,train,11105,11105.png,"[4, 18, 138, 172]",1.0,kolektor_gt,kolektor_permukaan
C:/Arib/MASSA AYAM/chicken detection + constrative classification/data/crops_kolektor_gt/train/normal/11106_01236.png,0,normal,train,train,11106,11106.png,"[4, 482, 79, 572]",1.0,kolektor_gt,kolektor_permukaan
C:/Arib/MASSA AYAM/chicken detection + constrative classification/data/crops_kolektor_gt/train/normal/11107_01237.png,0,normal,train,train,11107,11107.png,"[62, 133, 142, 208]",1.0,kolektor_gt,kolektor_permukaan
C:/Arib/MASSA AYAM/chicken detection + constrative classification/data/crops_kolektor_gt/train/normal/11108_01238.png,0,normal,train,train,11108,11108.png,"[78, 99, 134, 113]",1.0,kolektor_gt,kolektor_permukaan
C:/Arib/MASSA AYAM/chicken detection + constrative classification/data/crops_kolektor_gt/train/normal/11110_01240.png,0,normal,train,train,11110,11110.png,"[29, 509, 66, 625]",1.0,kolektor_gt,kolektor_permukaan
C:/Arib/MASSA AYAM/chicken detection + constrative classification/data/crops_kolektor_gt/train/normal/11111_01241.png,0,normal,train,train,11111,11111.png,"[16, 207, 45, 240]",1.0,kolektor_gt,kolektor_permukaan
C:/Arib/MASSA AYAM/chicken detection + constrative classification/data/crops_kolektor_gt/train/normal/11112_01242.png,0,normal,train,train,11112,11112.png,"[83, 123, 125, 171]",1.0,kolektor_gt,kolektor_permukaan
C:/Arib/MASSA AYAM/chicken detection + constrative classification/data/crops_kolektor_gt/train/normal/11114_01244.png,0,normal,train,train,11114,11114.png,"[85, 64, 99, 132]",1.0,kolektor_gt,kolektor_permukaan
C:/Arib/MASSA AYAM/chicken detection + constrative classification/data/crops_kolektor_gt/train/normal/11115_01245.png,0,normal,train,train,11115,11115.png,"[106, 172, 148, 211]",1.0,kolektor_gt,kolektor_permukaan
C:/Arib/MASSA AYAM/chicken detection + constrative classification/data/crops_kolektor_gt/train/normal/11116_01246.png,0,normal,train,train,11116,11116.png,"[112, 249, 128, 264]",1.0,kolektor_gt,kolektor_permukaan
C:/Arib/MASSA AYAM/chicken detection + constrative classification/data/crops_kolektor_gt/train/normal/11117_01247.png,0,normal,train,train,11117,11117.png,"[8, 102, 183, 191]",1.0,kolektor_gt,kolektor_permukaan
C:/Arib/MASSA AYAM/chicken detection + constrative classification/data/crops_kolektor_gt/train/normal/11118_01248.png,0,normal,train,train,11118,11118.png,"[40, 16, 100, 61]",1.0,kolektor_gt,kolektor_permukaan
C:/Arib/MASSA AYAM/chicken detection + constrative classification/data/crops_kolektor_gt/train/normal/11119_01249.png,0,normal,train,train,11119,11119.png,"[1, 7, 43, 81]",1.0,kolektor_gt,kolektor_permukaan
C:/Arib/MASSA AYAM/chicken detection + constrative classification/data/crops_kolektor_gt/train/normal/11120_01250.png,0,normal,train,train,11120,11120.png,"[90, 290, 214, 368]",1.0,kolektor_gt,kolektor_permukaan
C:/Arib/MASSA AYAM/chicken detection + constrative classification/data/crops_kolektor_gt/train/normal/11121_01251.png,0,normal,train,train,11121,11121.png,"[32, 211, 144, 254]",1.0,kolektor_gt,kolektor_permukaan
C:/Arib/MASSA AYAM/chicken detection + constrative classification/data/crops_kolektor_gt/train/normal/11122_01252.png,0,normal,train,train,11122,11122.png,"[133, 461, 180, 518]",1.0,kolektor_gt,kolektor_permukaan
C:/Arib/MASSA AYAM/chicken detection + constrative classification/data/crops_kolektor_gt/train/normal/11124_01254.png,0,normal,train,train,11124,11124.png,"[22, 308, 95, 340]",1.0,kolektor_gt,kolektor_permukaan
C:/Arib/MASSA AYAM/chicken detection + constrative classification/data/crops_kolektor_gt/train/normal/11126_01256.png,0,normal,train,train,11126,11126.png,"[158, 370, 204, 415]",1.0,kolektor_gt,kolektor_permukaan
C:/Arib/MASSA AYAM/chicken detection + constrative classification/data/crops_kolektor_gt/train/normal/11127_01257.png,0,normal,train,train,11127,11127.png,"[56, 475, 118, 541]",1.0,kolektor_gt,kolektor_permukaan
C:/Arib/MASSA AYAM/chicken detection + constrative classification/data/crops_kolektor_gt/train/normal/11128_01258.png,0,normal,train,train,11128,11128.png,"[70, 54, 177, 84]",1.0,kolektor_gt,kolektor_permukaan
C:/Arib/MASSA AYAM/chicken detection + constrative classification/data/crops_kolektor_gt/train/normal/11129_01259.png,0,normal,train,train,11129,11129.png,"[87, 485, 199, 525]",1.0,kolektor_gt,kolektor_permukaan
C:/Arib/MASSA AYAM/chicken detection + constrative classification/data/crops_kolektor_gt/train/normal/11130_01260.png,0,normal,train,train,11130,11130.png,"[171, 44, 211, 83]",1.0,kolektor_gt,kolektor_permukaan
C:/Arib/MASSA AYAM/chicken detection + constrative classification/data/crops_kolektor_gt/train/normal/11131_01261.png,0,normal,train,train,11131,11131.png,"[72, 214, 98, 225]",1.0,kolektor_gt,kolektor_permukaan
C:/Arib/MASSA AYAM/chicken detection + constrative classification/data/crops_kolektor_gt/train/normal/11133_01263.png,0,normal,train,train,11133,11133.png,"[68, 90, 186, 329]",1.0,kolektor_gt,kolektor_permukaan
C:/Arib/MASSA AYAM/chicken detection + constrative classification/data/crops_kolektor_gt/train/normal/11135_01266.png,0,normal,train,train,11135,11135.png,"[151, 333, 178, 438]",1.0,kolektor_gt,kolektor_permukaan
C:/Arib/MASSA AYAM/chicken detection + constrative classification/data/crops_kolektor_gt/train/normal/11136_01267.png,0,normal,train,train,11136,11136.png,"[58, 112, 112, 187]",1.0,kolektor_gt,kolektor_permukaan
C:/Arib/MASSA AYAM/chicken detection + constrative classification/data/crops_kolektor_gt/train/normal/11137_01268.png,0,normal,train,train,11137,11137.png,"[60, 422, 81, 457]",1.0,kolektor_gt,kolektor_permukaan
C:/Arib/MASSA AYAM/chicken detection + constrative classification/data/crops_kolektor_gt/train/normal/11138_01269.png,0,normal,train,train,11138,11138.png,"[56, 75, 116, 120]",1.0,kolektor_gt,kolektor_permukaan
C:/Arib/MASSA AYAM/chicken detection + constrative classification/data/crops_kolektor_gt/train/normal/11139_01273.png,0,normal,train,train,11139,11139.png,"[149, 496, 199, 557]",1.0,kolektor_gt,kolektor_permukaan
C:/Arib/MASSA AYAM/chicken detection + constrative classification/data/crops_kolektor_gt/train/normal/11139_01274.png,0,normal,train,train,11139,11139.png,"[69, 207, 96, 227]",1.0,kolektor_gt,kolektor_permukaan
C:/Arib/MASSA AYAM/chicken detection + constrative classification/data/crops_kolektor_gt/train/normal/11139_01275.png,0,normal,train,train,11139,11139.png,"[16, 32, 123, 75]",1.0,kolektor_gt,kolektor_permukaan
C:/Arib/MASSA AYAM/chicken detection + constrative classification/data/crops_kolektor_gt/train/normal/11140_01276.png,0,normal,train,train,11140,11140.png,"[71, 139, 152, 171]",1.0,kolektor_gt,kolektor_permukaan
C:/Arib/MASSA AYAM/chicken detection + constrative classification/data/crops_kolektor_gt/train/normal/11141_01277.png,0,normal,train,train,11141,11141.png,"[117, 428, 171, 476]",1.0,kolektor_gt,kolektor_permukaan
C:/Arib/MASSA AYAM/chicken detection + constrative classification/data/crops_kolektor_gt/train/normal/11142_01278.png,0,normal,train,train,11142,11142.png,"[28, 302, 193, 397]",1.0,kolektor_gt,kolektor_permukaan
C:/Arib/MASSA AYAM/chicken detection + constrative classification/data/crops_kolektor_gt/train/normal/11143_01279.png,0,normal,train,train,11143,11143.png,"[147, 566, 170, 598]",1.0,kolektor_gt,kolektor_permukaan
C:/Arib/MASSA AYAM/chicken detection + constrative classification/data/crops_kolektor_gt/train/normal/11144_01280.png,0,normal,train,train,11144,11144.png,"[105, 534, 127, 610]",1.0,kolektor_gt,kolektor_permukaan
C:/Arib/MASSA AYAM/chicken detection + constrative classification/data/crops_kolektor_gt/train/normal/11145_01281.png,0,normal,train,train,11145,11145.png,"[121, 473, 213, 511]",1.0,kolektor_gt,kolektor_permukaan
C:/Arib/MASSA AYAM/chicken detection + constrative classification/data/crops_kolektor_gt/train/normal/11146_01282.png,0,normal,train,train,11146,11146.png,"[23, 252, 227, 379]",1.0,kolektor_gt,kolektor_permukaan
C:/Arib/MASSA AYAM/chicken detection + constrative classification/data/crops_kolektor_gt/train/normal/11147_01283.png,0,normal,train,train,11147,11147.png,"[148, 227, 173, 239]",1.0,kolektor_gt,kolektor_permukaan
C:/Arib/MASSA AYAM/chicken detection + constrative classification/data/crops_kolektor_gt/train/normal/11148_01284.png,0,normal,train,train,11148,11148.png,"[73, 5, 185, 45]",1.0,kolektor_gt,kolektor_permukaan
C:/Arib/MASSA AYAM/chicken detection + constrative classification/data/crops_kolektor_gt/train/normal/11149_01285.png,0,normal,train,train,11149,11149.png,"[10, 240, 66, 413]",1.0,kolektor_gt,kolektor_permukaan
C:/Arib/MASSA AYAM/chicken detection + constrative classification/data/crops_kolektor_gt/train/normal/11150_01286.png,0,normal,train,train,11150,11150.png,"[8, 435, 71, 490]",1.0,kolektor_gt,kolektor_permukaan
C:/Arib/MASSA AYAM/chicken detection + constrative classification/data/crops_kolektor_gt/train/normal/11151_01287.png,0,normal,train,train,11151,11151.png,"[12, 231, 152, 425]",1.0,kolektor_gt,kolektor_permukaan
C:/Arib/MASSA AYAM/chicken detection + constrative classification/data/crops_kolektor_gt/train/normal/11152_01288.png,0,normal,train,train,11152,11152.png,"[3, 416, 91, 518]",1.0,kolektor_gt,kolektor_permukaan
C:/Arib/MASSA AYAM/chicken detection + constrative classification/data/crops_kolektor_gt/train/normal/11153_01289.png,0,normal,train,train,11153,11153.png,"[91, 302, 146, 373]",1.0,kolektor_gt,kolektor_permukaan
C:/Arib/MASSA AYAM/chicken detection + constrative classification/data/crops_kolektor_gt/train/normal/11155_01291.png,0,normal,train,train,11155,11155.png,"[180, 470, 202, 495]",1.0,kolektor_gt,kolektor_permukaan
C:/Arib/MASSA AYAM/chicken detection + constrative classification/data/crops_kolektor_gt/train/normal/11156_01292.png,0,normal,train,train,11156,11156.png,"[58, 237, 182, 395]",1.0,kolektor_gt,kolektor_permukaan
C:/Arib/MASSA AYAM/chicken detection + constrative classification/data/crops_kolektor_gt/train/normal/11158_01294.png,0,normal,train,train,11158,11158.png,"[160, 72, 227, 171]",1.0,kolektor_gt,kolektor_permukaan
C:/Arib/MASSA AYAM/chicken detection + constrative classification/data/crops_kolektor_gt/train/normal/11159_01295.png,0,normal,train,train,11159,11159.png,"[67, 33, 196, 58]",1.0,kolektor_gt,kolektor_permukaan
C:/Arib/MASSA AYAM/chicken detection + constrative classification/data/crops_kolektor_gt/train/normal/11160_01296.png,0,normal,train,train,11160,11160.png,"[178, 555, 225, 612]",1.0,kolektor_gt,kolektor_permukaan
C:/Arib/MASSA AYAM/chicken detection + constrative classification/data/crops_kolektor_gt/train/normal/11161_01297.png,0,normal,train,train,11161,11161.png,"[100, 82, 207, 112]",1.0,kolektor_gt,kolektor_permukaan
C:/Arib/MASSA AYAM/chicken detection + constrative classification/data/crops_kolektor_gt/train/normal/11163_01299.png,0,normal,train,train,11163,11163.png,"[13, 113, 39, 124]",1.0,kolektor_gt,kolektor_permukaan
C:/Arib/MASSA AYAM/chicken detection + constrative classification/data/crops_kolektor_gt/train/normal/11164_01300.png,0,normal,train,train,11164,11164.png,"[158, 41, 212, 89]",1.0,kolektor_gt,kolektor_permukaan
C:/Arib/MASSA AYAM/chicken detection + constrative classification/data/crops_kolektor_gt/train/normal/11165_01301.png,0,normal,train,train,11165,11165.png,"[82, 68, 190, 153]",1.0,kolektor_gt,kolektor_permukaan
C:/Arib/MASSA AYAM/chicken detection + constrative classification/data/crops_kolektor_gt/train/normal/11167_01303.png,0,normal,train,train,11167,11167.png,"[83, 489, 210, 579]",1.0,kolektor_gt,kolektor_permukaan
C:/Arib/MASSA AYAM/chicken detection + constrative classification/data/crops_kolektor_gt/train/normal/11168_01304.png,0,normal,train,train,11168,11168.png,"[3, 164, 229, 311]",1.0,kolektor_gt,kolektor_permukaan
C:/Arib/MASSA AYAM/chicken detection + constrative classification/data/crops_kolektor_gt/train/normal/11171_01308.png,0,normal,train,train,11171,11171.png,"[124, 513, 145, 553]",1.0,kolektor_gt,kolektor_permukaan
C:/Arib/MASSA AYAM/chicken detection + constrative classification/data/crops_kolektor_gt/train/normal/11172_01309.png,0,normal,train,train,11172,11172.png,"[60, 363, 184, 519]",1.0,kolektor_gt,kolektor_permukaan
C:/Arib/MASSA AYAM/chicken detection + constrative classification/data/crops_kolektor_gt/train/normal/11175_01312.png,0,normal,train,train,11175,11175.png,"[45, 147, 79, 315]",1.0,kolektor_gt,kolektor_permukaan
C:/Arib/MASSA AYAM/chicken detection + constrative classification/data/crops_kolektor_gt/train/normal/11176_01313.png,0,normal,train,train,11176,11176.png,"[13, 168, 155, 293]",1.0,kolektor_gt,kolektor_permukaan
C:/Arib/MASSA AYAM/chicken detection + constrative classification/data/crops_kolektor_gt/train/normal/11177_01314.png,0,normal,train,train,11177,11177.png,"[127, 154, 179, 183]",1.0,kolektor_gt,kolektor_permukaan
C:/Arib/MASSA AYAM/chicken detection + constrative classification/data/crops_kolektor_gt/train/normal/11178_01316.png,0,normal,train,train,11178,11178.png,"[133, 23, 178, 60]",1.0,kolektor_gt,kolektor_permukaan
C:/Arib/MASSA AYAM/chicken detection + constrative classification/data/crops_kolektor_gt/train/normal/11179_01317.png,0,normal,train,train,11179,11179.png,"[121, 355, 176, 426]",1.0,kolektor_gt,kolektor_permukaan
C:/Arib/MASSA AYAM/chicken detection + constrative classification/data/crops_kolektor_gt/train/normal/11180_01318.png,0,normal,train,train,11180,11180.png,"[74, 96, 136, 246]",1.0,kolektor_gt,kolektor_permukaan
C:/Arib/MASSA AYAM/chicken detection + constrative classification/data/crops_kolektor_gt/train/normal/11181_01319.png,0,normal,train,train,11181,11181.png,"[133, 330, 167, 494]",1.0,kolektor_gt,kolektor_permukaan
C:/Arib/MASSA AYAM/chicken detection + constrative classification/data/crops_kolektor_gt/train/normal/11185_01323.png,0,normal,train,train,11185,11185.png,"[73, 48, 103, 77]",1.0,kolektor_gt,kolektor_permukaan
C:/Arib/MASSA AYAM/chicken detection + constrative classification/data/crops_kolektor_gt/train/normal/11187_01326.png,0,normal,train,train,11187,11187.png,"[182, 548, 204, 573]",1.0,kolektor_gt,kolektor_permukaan
C:/Arib/MASSA AYAM/chicken detection + constrative classification/data/crops_kolektor_gt/train/normal/11189_01328.png,0,normal,train,train,11189,11189.png,"[10, 324, 81, 440]",1.0,kolektor_gt,kolektor_permukaan
C:/Arib/MASSA AYAM/chicken detection + constrative classification/data/crops_kolektor_gt/train/normal/11191_01331.png,0,normal,train,train,11191,11191.png,"[95, 459, 147, 488]",1.0,kolektor_gt,kolektor_permukaan
C:/Arib/MASSA AYAM/chicken detection + constrative classification/data/crops_kolektor_gt/train/normal/11192_01332.png,0,normal,train,train,11192,11192.png,"[136, 308, 166, 340]",1.0,kolektor_gt,kolektor_permukaan
C:/Arib/MASSA AYAM/chicken detection + constrative classification/data/crops_kolektor_gt/train/normal/11195_01336.png,0,normal,train,train,11195,11195.png,"[47, 279, 235, 486]",1.0,kolektor_gt,kolektor_permukaan
C:/Arib/MASSA AYAM/chicken detection + constrative classification/data/crops_kolektor_gt/train/normal/11196_01337.png,0,normal,train,train,11196,11196.png,"[165, 302, 190, 332]",1.0,kolektor_gt,kolektor_permukaan
C:/Arib/MASSA AYAM/chicken detection + constrative classification/data/crops_kolektor_gt/train/normal/11197_01338.png,0,normal,train,train,11197,11197.png,"[193, 150, 213, 246]",1.0,kolektor_gt,kolektor_permukaan
C:/Arib/MASSA AYAM/chicken detection + constrative classification/data/crops_kolektor_gt/train/normal/11198_01339.png,0,normal,train,train,11198,11198.png,"[86, 115, 106, 161]",1.0,kolektor_gt,kolektor_permukaan
C:/Arib/MASSA AYAM/chicken detection + constrative classification/data/crops_kolektor_gt/train/normal/11199_01340.png,0,normal,train,train,11199,11199.png,"[8, 119, 183, 208]",1.0,kolektor_gt,kolektor_permukaan
C:/Arib/MASSA AYAM/chicken detection + constrative classification/data/crops_kolektor_gt/train/normal/11200_01341.png,0,normal,train,train,11200,11200.png,"[158, 225, 200, 273]",1.0,kolektor_gt,kolektor_permukaan
C:/Arib/MASSA AYAM/chicken detection + constrative classification/data/crops_kolektor_gt/train/normal/11202_01343.png,0,normal,train,train,11202,11202.png,"[74, 539, 191, 623]",1.0,kolektor_gt,kolektor_permukaan
C:/Arib/MASSA AYAM/chicken detection + constrative classification/data/crops_kolektor_gt/train/normal/11204_01345.png,0,normal,train,train,11204,11204.png,"[22, 524, 97, 542]",1.0,kolektor_gt,kolektor_permukaan
C:/Arib/MASSA AYAM/chicken detection + constrative classification/data/crops_kolektor_gt/train/normal/11205_01346.png,0,normal,train,train,11205,11205.png,"[81, 523, 128, 579]",1.0,kolektor_gt,kolektor_permukaan
C:/Arib/MASSA AYAM/chicken detection + constrative classification/data/crops_kolektor_gt/train/normal/11207_01348.png,0,normal,train,train,11207,11207.png,"[94, 395, 125, 415]",1.0,kolektor_gt,kolektor_permukaan
C:/Arib/MASSA AYAM/chicken detection + constrative classification/data/crops_kolektor_gt/train/normal/11208_01349.png,0,normal,train,train,11208,11208.png,"[88, 359, 103, 387]",1.0,kolektor_gt,kolektor_permukaan
C:/Arib/MASSA AYAM/chicken detection + constrative classification/data/crops_kolektor_gt/train/normal/11209_01350.png,0,normal,train,train,11209,11209.png,"[143, 89, 218, 107]",1.0,kolektor_gt,kolektor_permukaan
C:/Arib/MASSA AYAM/chicken detection + constrative classification/data/crops_kolektor_gt/train/normal/11210_01351.png,0,normal,train,train,11210,11210.png,"[189, 425, 216, 530]",1.0,kolektor_gt,kolektor_permukaan
C:/Arib/MASSA AYAM/chicken detection + constrative classification/data/crops_kolektor_gt/train/normal/11212_01353.png,0,normal,train,train,11212,11212.png,"[35, 427, 112, 553]",1.0,kolektor_gt,kolektor_permukaan
C:/Arib/MASSA AYAM/chicken detection + constrative classification/data/crops_kolektor_gt/train/normal/11213_01354.png,0,normal,train,train,11213,11213.png,"[36, 212, 58, 288]",1.0,kolektor_gt,kolektor_permukaan
C:/Arib/MASSA AYAM/chicken detection + constrative classification/data/crops_kolektor_gt/train/normal/11214_01356.png,0,normal,train,train,11214,11214.png,"[121, 537, 160, 581]",1.0,kolektor_gt,kolektor_permukaan
C:/Arib/MASSA AYAM/chicken detection + constrative classification/data/crops_kolektor_gt/train/normal/11215_01357.png,0,normal,train,train,11215,11215.png,"[151, 384, 188, 428]",1.0,kolektor_gt,kolektor_permukaan
C:/Arib/MASSA AYAM/chicken detection + constrative classification/data/crops_kolektor_gt/train/normal/11216_01358.png,0,normal,train,train,11216,11216.png,"[163, 468, 201, 623]",1.0,kolektor_gt,kolektor_permukaan
C:/Arib/MASSA AYAM/chicken detection + constrative classification/data/crops_kolektor_gt/train/normal/11218_01360.png,0,normal,train,train,11218,11218.png,"[51, 190, 121, 224]",1.0,kolektor_gt,kolektor_permukaan
C:/Arib/MASSA AYAM/chicken detection + constrative classification/data/crops_kolektor_gt/train/normal/11219_01361.png,0,normal,train,train,11219,11219.png,"[141, 502, 161, 598]",1.0,kolektor_gt,kolektor_permukaan
C:/Arib/MASSA AYAM/chicken detection + constrative classification/data/crops_kolektor_gt/train/normal/11220_01362.png,0,normal,train,train,11220,11220.png,"[149, 311, 187, 389]",1.0,kolektor_gt,kolektor_permukaan
C:/Arib/MASSA AYAM/chicken detection + constrative classification/data/crops_kolektor_gt/train/normal/11221_01363.png,0,normal,train,train,11221,11221.png,"[28, 27, 171, 80]",1.0,kolektor_gt,kolektor_permukaan
C:/Arib/MASSA AYAM/chicken detection + constrative classification/data/crops_kolektor_gt/train/normal/11222_01364.png,0,normal,train,train,11222,11222.png,"[67, 307, 124, 406]",1.0,kolektor_gt,kolektor_permukaan
C:/Arib/MASSA AYAM/chicken detection + constrative classification/data/crops_kolektor_gt/train/normal/11223_01365.png,0,normal,train,train,11223,11223.png,"[31, 294, 81, 355]",1.0,kolektor_gt,kolektor_permukaan
C:/Arib/MASSA AYAM/chicken detection + constrative classification/data/crops_kolektor_gt/train/normal/11224_01366.png,0,normal,train,train,11224,11224.png,"[176, 250, 223, 306]",1.0,kolektor_gt,kolektor_permukaan
C:/Arib/MASSA AYAM/chicken detection + constrative classification/data/crops_kolektor_gt/train/normal/11227_01369.png,0,normal,train,train,11227,11227.png,"[0, 355, 229, 597]",1.0,kolektor_gt,kolektor_permukaan
C:/Arib/MASSA AYAM/chicken detection + constrative classification/data/crops_kolektor_gt/train/normal/11228_01371.png,0,normal,train,train,11228,11228.png,"[95, 524, 137, 582]",1.0,kolektor_gt,kolektor_permukaan
C:/Arib/MASSA AYAM/chicken detection + constrative classification/data/crops_kolektor_gt/train/normal/11229_01372.png,0,normal,train,train,11229,11229.png,"[66, 166, 135, 269]",1.0,kolektor_gt,kolektor_permukaan
C:/Arib/MASSA AYAM/chicken detection + constrative classification/data/crops_kolektor_gt/train/normal/11230_01373.png,0,normal,train,train,11230,11230.png,"[40, 472, 161, 506]",1.0,kolektor_gt,kolektor_permukaan
C:/Arib/MASSA AYAM/chicken detection + constrative classification/data/crops_kolektor_gt/train/normal/11231_01374.png,0,normal,train,train,11231,11231.png,"[91, 83, 131, 220]",1.0,kolektor_gt,kolektor_permukaan
C:/Arib/MASSA AYAM/chicken detection + constrative classification/data/crops_kolektor_gt/train/normal/11232_01375.png,0,normal,train,train,11232,11232.png,"[53, 325, 167, 470]",1.0,kolektor_gt,kolektor_permukaan
C:/Arib/MASSA AYAM/chicken detection + constrative classification/data/crops_kolektor_gt/train/normal/11233_01376.png,0,normal,train,train,11233,11233.png,"[12, 296, 49, 320]",1.0,kolektor_gt,kolektor_permukaan
C:/Arib/MASSA AYAM/chicken detection + constrative classification/data/crops_kolektor_gt/train/normal/11235_01378.png,0,normal,train,train,11235,11235.png,"[24, 171, 87, 298]",1.0,kolektor_gt,kolektor_permukaan
C:/Arib/MASSA AYAM/chicken detection + constrative classification/data/crops_kolektor_gt/train/normal/11236_01379.png,0,normal,train,train,11236,11236.png,"[77, 277, 148, 296]",1.0,kolektor_gt,kolektor_permukaan
C:/Arib/MASSA AYAM/chicken detection + constrative classification/data/crops_kolektor_gt/train/normal/11238_01381.png,0,normal,train,train,11238,11238.png,"[3, 140, 31, 163]",1.0,kolektor_gt,kolektor_permukaan
C:/Arib/MASSA AYAM/chicken detection + constrative classification/data/crops_kolektor_gt/train/normal/11240_01383.png,0,normal,train,train,11240,11240.png,"[26, 223, 56, 255]",1.0,kolektor_gt,kolektor_permukaan
C:/Arib/MASSA AYAM/chicken detection + constrative classification/data/crops_kolektor_gt/train/normal/11241_01384.png,0,normal,train,train,11241,11241.png,"[48, 572, 99, 626]",1.0,kolektor_gt,kolektor_permukaan
C:/Arib/MASSA AYAM/chicken detection + constrative classification/data/crops_kolektor_gt/train/normal/11242_01386.png,0,normal,train,train,11242,11242.png,"[14, 134, 156, 259]",1.0,kolektor_gt,kolektor_permukaan
C:/Arib/MASSA AYAM/chicken detection + constrative classification/data/crops_kolektor_gt/train/normal/11243_01387.png,0,normal,train,train,11243,11243.png,"[44, 159, 184, 353]",1.0,kolektor_gt,kolektor_permukaan
C:/Arib/MASSA AYAM/chicken detection + constrative classification/data/crops_kolektor_gt/train/normal/11245_01389.png,0,normal,train,train,11245,11245.png,"[87, 176, 172, 214]",1.0,kolektor_gt,kolektor_permukaan
C:/Arib/MASSA AYAM/chicken detection + constrative classification/data/crops_kolektor_gt/train/normal/11247_01391.png,0,normal,train,train,11247,11247.png,"[176, 232, 218, 271]",1.0,kolektor_gt,kolektor_permukaan
C:/Arib/MASSA AYAM/chicken detection + constrative classification/data/crops_kolektor_gt/train/normal/11248_01392.png,0,normal,train,train,11248,11248.png,"[1, 40, 227, 187]",1.0,kolektor_gt,kolektor_permukaan
C:/Arib/MASSA AYAM/chicken detection + constrative classification/data/crops_kolektor_gt/train/normal/11249_01393.png,0,normal,train,train,11249,11249.png,"[19, 19, 82, 46]",1.0,kolektor_gt,kolektor_permukaan
C:/Arib/MASSA AYAM/chicken detection + constrative classification/data/crops_kolektor_gt/train/normal/11251_01396.png,0,normal,train,train,11251,11251.png,"[15, 480, 116, 542]",1.0,kolektor_gt,kolektor_permukaan
C:/Arib/MASSA AYAM/chicken detection + constrative classification/data/crops_kolektor_gt/train/normal/11252_01397.png,0,normal,train,train,11252,11252.png,"[11, 67, 44, 132]",1.0,kolektor_gt,kolektor_permukaan
C:/Arib/MASSA AYAM/chicken detection + constrative classification/data/crops_kolektor_gt/train/normal/11253_01398.png,0,normal,train,train,11253,11253.png,"[24, 126, 92, 192]",1.0,kolektor_gt,kolektor_permukaan
C:/Arib/MASSA AYAM/chicken detection + constrative classification/data/crops_kolektor_gt/train/normal/11254_01399.png,0,normal,train,train,11254,11254.png,"[150, 204, 183, 254]",1.0,kolektor_gt,kolektor_permukaan
C:/Arib/MASSA AYAM/chicken detection + constrative classification/data/crops_kolektor_gt/train/normal/11255_01400.png,0,normal,train,train,11255,11255.png,"[7, 46, 88, 186]",1.0,kolektor_gt,kolektor_permukaan
C:/Arib/MASSA AYAM/chicken detection + constrative classification/data/crops_kolektor_gt/train/normal/11256_01401.png,0,normal,train,train,11256,11256.png,"[74, 356, 182, 391]",1.0,kolektor_gt,kolektor_permukaan
C:/Arib/MASSA AYAM/chicken detection + constrative classification/data/crops_kolektor_gt/train/normal/11259_01405.png,0,normal,train,train,11259,11259.png,"[135, 222, 179, 245]",1.0,kolektor_gt,kolektor_permukaan
C:/Arib/MASSA AYAM/chicken detection + constrative classification/data/crops_kolektor_gt/train/normal/11260_01406.png,0,normal,train,train,11260,11260.png,"[43, 550, 72, 620]",1.0,kolektor_gt,kolektor_permukaan
C:/Arib/MASSA AYAM/chicken detection + constrative classification/data/crops_kolektor_gt/train/normal/11261_01407.png,0,normal,train,train,11261,11261.png,"[54, 516, 75, 551]",1.0,kolektor_gt,kolektor_permukaan
C:/Arib/MASSA AYAM/chicken detection + constrative classification/data/crops_kolektor_gt/train/normal/11263_01409.png,0,normal,train,train,11263,11263.png,"[46, 363, 83, 479]",1.0,kolektor_gt,kolektor_permukaan
C:/Arib/MASSA AYAM/chicken detection + constrative classification/data/crops_kolektor_gt/train/normal/11264_01410.png,0,normal,train,train,11264,11264.png,"[54, 263, 94, 479]",1.0,kolektor_gt,kolektor_permukaan
C:/Arib/MASSA AYAM/chicken detection + constrative classification/data/crops_kolektor_gt/train/normal/11266_01412.png,0,normal,train,train,11266,11266.png,"[34, 507, 74, 544]",1.0,kolektor_gt,kolektor_permukaan
C:/Arib/MASSA AYAM/chicken detection + constrative classification/data/crops_kolektor_gt/train/normal/11268_01414.png,0,normal,train,train,11268,11268.png,"[14, 394, 181, 482]",1.0,kolektor_gt,kolektor_permukaan
C:/Arib/MASSA AYAM/chicken detection + constrative classification/data/crops_kolektor_gt/train/normal/11269_01416.png,0,normal,train,train,11269,11269.png,"[116, 614, 131, 642]",1.0,kolektor_gt,kolektor_permukaan
C:/Arib/MASSA AYAM/chicken detection + constrative classification/data/crops_kolektor_gt/train/normal/11271_01418.png,0,normal,train,train,11271,11271.png,"[6, 71, 210, 198]",1.0,kolektor_gt,kolektor_permukaan
C:/Arib/MASSA AYAM/chicken detection + constrative classification/data/crops_kolektor_gt/train/normal/11272_01419.png,0,normal,train,train,11272,11272.png,"[120, 376, 232, 419]",1.0,kolektor_gt,kolektor_permukaan
C:/Arib/MASSA AYAM/chicken detection + constrative classification/data/crops_kolektor_gt/train/normal/11273_01420.png,0,normal,train,train,11273,11273.png,"[172, 107, 219, 163]",1.0,kolektor_gt,kolektor_permukaan
C:/Arib/MASSA AYAM/chicken detection + constrative classification/data/crops_kolektor_gt/train/normal/11274_01421.png,0,normal,train,train,11274,11274.png,"[21, 122, 106, 160]",1.0,kolektor_gt,kolektor_permukaan
C:/Arib/MASSA AYAM/chicken detection + constrative classification/data/crops_kolektor_gt/train/normal/11275_01422.png,0,normal,train,train,11275,11275.png,"[177, 104, 219, 152]",1.0,kolektor_gt,kolektor_permukaan
C:/Arib/MASSA AYAM/chicken detection + constrative classification/data/crops_kolektor_gt/train/normal/11276_01423.png,0,normal,train,train,11276,11276.png,"[16, 372, 80, 391]",1.0,kolektor_gt,kolektor_permukaan
C:/Arib/MASSA AYAM/chicken detection + constrative classification/data/crops_kolektor_gt/train/normal/11277_01424.png,0,normal,train,train,11277,11277.png,"[25, 413, 138, 511]",1.0,kolektor_gt,kolektor_permukaan
C:/Arib/MASSA AYAM/chicken detection + constrative classification/data/crops_kolektor_gt/train/normal/11279_01426.png,0,normal,train,train,11279,11279.png,"[164, 409, 216, 482]",1.0,kolektor_gt,kolektor_permukaan
C:/Arib/MASSA AYAM/chicken detection + constrative classification/data/crops_kolektor_gt/train/normal/11280_01427.png,0,normal,train,train,11280,11280.png,"[124, 523, 157, 612]",1.0,kolektor_gt,kolektor_permukaan
C:/Arib/MASSA AYAM/chicken detection + constrative classification/data/crops_kolektor_gt/train/normal/11281_01428.png,0,normal,train,train,11281,11281.png,"[27, 125, 46, 152]",1.0,kolektor_gt,kolektor_permukaan
C:/Arib/MASSA AYAM/chicken detection + constrative classification/data/crops_kolektor_gt/train/normal/11282_01430.png,0,normal,train,train,11282,11282.png,"[125, 509, 210, 614]",1.0,kolektor_gt,kolektor_permukaan
C:/Arib/MASSA AYAM/chicken detection + constrative classification/data/crops_kolektor_gt/train/normal/11283_01431.png,0,normal,train,train,11283,11283.png,"[7, 101, 90, 141]",1.0,kolektor_gt,kolektor_permukaan
C:/Arib/MASSA AYAM/chicken detection + constrative classification/data/crops_kolektor_gt/train/normal/11284_01432.png,0,normal,train,train,11284,11284.png,"[127, 27, 157, 59]",1.0,kolektor_gt,kolektor_permukaan
C:/Arib/MASSA AYAM/chicken detection + constrative classification/data/crops_kolektor_gt/train/normal/11285_01433.png,0,normal,train,train,11285,11285.png,"[154, 334, 218, 434]",1.0,kolektor_gt,kolektor_permukaan
C:/Arib/MASSA AYAM/chicken detection + constrative classification/data/crops_kolektor_gt/train/normal/11286_01434.png,0,normal,train,train,11286,11286.png,"[19, 532, 66, 577]",1.0,kolektor_gt,kolektor_permukaan
C:/Arib/MASSA AYAM/chicken detection + constrative classification/data/crops_kolektor_gt/train/normal/11287_01435.png,0,normal,train,train,11287,11287.png,"[51, 300, 105, 348]",1.0,kolektor_gt,kolektor_permukaan
C:/Arib/MASSA AYAM/chicken detection + constrative classification/data/crops_kolektor_gt/train/normal/11288_01436.png,0,normal,train,train,11288,11288.png,"[129, 267, 176, 323]",1.0,kolektor_gt,kolektor_permukaan
C:/Arib/MASSA AYAM/chicken detection + constrative classification/data/crops_kolektor_gt/train/normal/11289_01437.png,0,normal,train,train,11289,11289.png,"[195, 32, 230, 78]",1.0,kolektor_gt,kolektor_permukaan
C:/Arib/MASSA AYAM/chicken detection + constrative classification/data/crops_kolektor_gt/train/normal/11291_01439.png,0,normal,train,train,11291,11291.png,"[113, 470, 173, 515]",1.0,kolektor_gt,kolektor_permukaan
C:/Arib/MASSA AYAM/chicken detection + constrative classification/data/crops_kolektor_gt/train/normal/11292_01440.png,0,normal,train,train,11292,11292.png,"[142, 310, 213, 408]",1.0,kolektor_gt,kolektor_permukaan
C:/Arib/MASSA AYAM/chicken detection + constrative classification/data/crops_kolektor_gt/train/normal/11295_01443.png,0,normal,train,train,11295,11295.png,"[168, 567, 215, 623]",1.0,kolektor_gt,kolektor_permukaan
C:/Arib/MASSA AYAM/chicken detection + constrative classification/data/crops_kolektor_gt/train/normal/11296_01444.png,0,normal,train,train,11296,11296.png,"[121, 575, 156, 608]",1.0,kolektor_gt,kolektor_permukaan
C:/Arib/MASSA AYAM/chicken detection + constrative classification/data/crops_kolektor_gt/train/normal/11297_01445.png,0,normal,train,train,11297,11297.png,"[14, 400, 76, 466]",1.0,kolektor_gt,kolektor_permukaan
C:/Arib/MASSA AYAM/chicken detection + constrative classification/data/crops_kolektor_gt/train/normal/11298_01446.png,0,normal,train,train,11298,11298.png,"[157, 361, 175, 425]",1.0,kolektor_gt,kolektor_permukaan
C:/Arib/MASSA AYAM/chicken detection + constrative classification/data/crops_kolektor_gt/train/normal/11299_01448.png,0,normal,train,train,11299,11299.png,"[82, 62, 97, 90]",1.0,kolektor_gt,kolektor_permukaan
C:/Arib/MASSA AYAM/chicken detection + constrative classification/data/crops_kolektor_gt/train/normal/11300_01449.png,0,normal,train,train,11300,11300.png,"[32, 375, 112, 450]",1.0,kolektor_gt,kolektor_permukaan
C:/Arib/MASSA AYAM/chicken detection + constrative classification/data/crops_kolektor_gt/train/normal/11301_01450.png,0,normal,train,train,11301,11301.png,"[87, 194, 161, 455]",1.0,kolektor_gt,kolektor_permukaan
C:/Arib/MASSA AYAM/chicken detection + constrative classification/data/crops_kolektor_gt/train/normal/11302_01451.png,0,normal,train,train,11302,11302.png,"[91, 421, 156, 496]",1.0,kolektor_gt,kolektor_permukaan
C:/Arib/MASSA AYAM/chicken detection + constrative classification/data/crops_kolektor_gt/train/normal/11303_01452.png,0,normal,train,train,11303,11303.png,"[63, 240, 111, 316]",1.0,kolektor_gt,kolektor_permukaan
C:/Arib/MASSA AYAM/chicken detection + constrative classification/data/crops_kolektor_gt/train/normal/11304_01453.png,0,normal,train,train,11304,11304.png,"[16, 312, 85, 344]",1.0,kolektor_gt,kolektor_permukaan
C:/Arib/MASSA AYAM/chicken detection + constrative classification/data/crops_kolektor_gt/train/normal/11305_01454.png,0,normal,train,train,11305,11305.png,"[5, 551, 69, 570]",1.0,kolektor_gt,kolektor_permukaan
C:/Arib/MASSA AYAM/chicken detection + constrative classification/data/crops_kolektor_gt/train/normal/11306_01455.png,0,normal,train,train,11306,11306.png,"[108, 581, 188, 599]",1.0,kolektor_gt,kolektor_permukaan
C:/Arib/MASSA AYAM/chicken detection + constrative classification/data/crops_kolektor_gt/train/normal/11308_01457.png,0,normal,train,train,11308,11308.png,"[40, 193, 149, 459]",1.0,kolektor_gt,kolektor_permukaan
C:/Arib/MASSA AYAM/chicken detection + constrative classification/data/crops_kolektor_gt/train/normal/11309_01458.png,0,normal,train,train,11309,11309.png,"[146, 100, 158, 123]",1.0,kolektor_gt,kolektor_permukaan
C:/Arib/MASSA AYAM/chicken detection + constrative classification/data/crops_kolektor_gt/train/normal/11310_01459.png,0,normal,train,train,11310,11310.png,"[176, 210, 218, 318]",1.0,kolektor_gt,kolektor_permukaan
C:/Arib/MASSA AYAM/chicken detection + constrative classification/data/crops_kolektor_gt/train/normal/11311_01460.png,0,normal,train,train,11311,11311.png,"[207, 347, 229, 424]",1.0,kolektor_gt,kolektor_permukaan
C:/Arib/MASSA AYAM/chicken detection + constrative classification/data/crops_kolektor_gt/train/normal/11313_01462.png,0,normal,train,train,11313,11313.png,"[137, 219, 194, 234]",1.0,kolektor_gt,kolektor_permukaan
C:/Arib/MASSA AYAM/chicken detection + constrative classification/data/crops_kolektor_gt/train/normal/11314_01463.png,0,normal,train,train,11314,11314.png,"[38, 411, 157, 473]",1.0,kolektor_gt,kolektor_permukaan
C:/Arib/MASSA AYAM/chicken detection + constrative classification/data/crops_kolektor_gt/train/normal/11316_01466.png,0,normal,train,train,11316,11316.png,"[151, 344, 197, 389]",1.0,kolektor_gt,kolektor_permukaan
C:/Arib/MASSA AYAM/chicken detection + constrative classification/data/crops_kolektor_gt/train/normal/11317_01467.png,0,normal,train,train,11317,11317.png,"[54, 214, 166, 257]",1.0,kolektor_gt,kolektor_permukaan
C:/Arib/MASSA AYAM/chicken detection + constrative classification/data/crops_kolektor_gt/train/normal/11319_01469.png,0,normal,train,train,11319,11319.png,"[110, 552, 207, 617]",1.0,kolektor_gt,kolektor_permukaan
C:/Arib/MASSA AYAM/chicken detection + constrative classification/data/crops_kolektor_gt/train/normal/11320_01470.png,0,normal,train,train,11320,11320.png,"[102, 257, 179, 383]",1.0,kolektor_gt,kolektor_permukaan
C:/Arib/MASSA AYAM/chicken detection + constrative classification/data/crops_kolektor_gt/train/normal/11322_01472.png,0,normal,train,train,11322,11322.png,"[160, 528, 195, 574]",1.0,kolektor_gt,kolektor_permukaan
C:/Arib/MASSA AYAM/chicken detection + constrative classification/data/crops_kolektor_gt/train/normal/11324_01474.png,0,normal,train,train,11324,11324.png,"[144, 61, 169, 73]",1.0,kolektor_gt,kolektor_permukaan
C:/Arib/MASSA AYAM/chicken detection + constrative classification/data/crops_kolektor_gt/train/normal/11325_01475.png,0,normal,train,train,11325,11325.png,"[118, 151, 144, 162]",1.0,kolektor_gt,kolektor_permukaan
C:/Arib/MASSA AYAM/chicken detection + constrative classification/data/crops_kolektor_gt/train/normal/11326_01476.png,0,normal,train,train,11326,11326.png,"[111, 420, 208, 485]",1.0,kolektor_gt,kolektor_permukaan
C:/Arib/MASSA AYAM/chicken detection + constrative classification/data/crops_kolektor_gt/train/normal/11327_01477.png,0,normal,train,train,11327,11327.png,"[162, 208, 187, 305]",1.0,kolektor_gt,kolektor_permukaan
C:/Arib/MASSA AYAM/chicken detection + constrative classification/data/crops_kolektor_gt/train/normal/11328_01478.png,0,normal,train,train,11328,11328.png,"[73, 164, 162, 190]",1.0,kolektor_gt,kolektor_permukaan
C:/Arib/MASSA AYAM/chicken detection + constrative classification/data/crops_kolektor_gt/train/normal/11330_01480.png,0,normal,train,train,11330,11330.png,"[3, 251, 136, 281]",1.0,kolektor_gt,kolektor_permukaan
C:/Arib/MASSA AYAM/chicken detection + constrative classification/data/crops_kolektor_gt/train/normal/11331_01481.png,0,normal,train,train,11331,11331.png,"[59, 497, 161, 560]",1.0,kolektor_gt,kolektor_permukaan
C:/Arib/MASSA AYAM/chicken detection + constrative classification/data/crops_kolektor_gt/train/normal/11332_01482.png,0,normal,train,train,11332,11332.png,"[108, 37, 143, 110]",1.0,kolektor_gt,kolektor_permukaan
C:/Arib/MASSA AYAM/chicken detection + constrative classification/data/crops_kolektor_gt/train/normal/11333_01483.png,0,normal,train,train,11333,11333.png,"[34, 29, 86, 102]",1.0,kolektor_gt,kolektor_permukaan
C:/Arib/MASSA AYAM/chicken detection + constrative classification/data/crops_kolektor_gt/train/normal/11334_01484.png,0,normal,train,train,11334,11334.png,"[84, 563, 192, 598]",1.0,kolektor_gt,kolektor_permukaan
C:/Arib/MASSA AYAM/chicken detection + constrative classification/data/crops_kolektor_gt/train/normal/11335_01485.png,0,normal,train,train,11335,11335.png,"[184, 497, 199, 522]",1.0,kolektor_gt,kolektor_permukaan
C:/Arib/MASSA AYAM/chicken detection + constrative classification/data/crops_kolektor_gt/train/normal/11336_01486.png,0,normal,train,train,11336,11336.png,"[1, 160, 223, 402]",1.0,kolektor_gt,kolektor_permukaan
C:/Arib/MASSA AYAM/chicken detection + constrative classification/data/crops_kolektor_gt/train/normal/11339_01490.png,0,normal,train,train,11339,11339.png,"[28, 584, 53, 620]",1.0,kolektor_gt,kolektor_permukaan
C:/Arib/MASSA AYAM/chicken detection + constrative classification/data/crops_kolektor_gt/train/normal/11340_01491.png,0,normal,train,train,11340,11340.png,"[133, 537, 175, 595]",1.0,kolektor_gt,kolektor_permukaan
C:/Arib/MASSA AYAM/chicken detection + constrative classification/data/crops_kolektor_gt/train/normal/11341_01492.png,0,normal,train,train,11341,11341.png,"[0, 125, 227, 204]",1.0,kolektor_gt,kolektor_permukaan
C:/Arib/MASSA AYAM/chicken detection + constrative classification/data/crops_kolektor_gt/train/normal/11342_01493.png,0,normal,train,train,11342,11342.png,"[84, 399, 187, 439]",1.0,kolektor_gt,kolektor_permukaan
C:/Arib/MASSA AYAM/chicken detection + constrative classification/data/crops_kolektor_gt/train/normal/11343_01494.png,0,normal,train,train,11343,11343.png,"[108, 223, 133, 259]",1.0,kolektor_gt,kolektor_permukaan
C:/Arib/MASSA AYAM/chicken detection + constrative classification/data/crops_kolektor_gt/train/normal/11344_01495.png,0,normal,train,train,11344,11344.png,"[27, 281, 135, 366]",1.0,kolektor_gt,kolektor_permukaan
C:/Arib/MASSA AYAM/chicken detection + constrative classification/data/crops_kolektor_gt/train/normal/11345_01496.png,0,normal,train,train,11345,11345.png,"[14, 502, 106, 562]",1.0,kolektor_gt,kolektor_permukaan
C:/Arib/MASSA AYAM/chicken detection + constrative classification/data/crops_kolektor_gt/train/normal/11346_01497.png,0,normal,train,train,11346,11346.png,"[81, 558, 144, 585]",1.0,kolektor_gt,kolektor_permukaan
C:/Arib/MASSA AYAM/chicken detection + constrative classification/data/crops_kolektor_gt/train/normal/11347_01498.png,0,normal,train,train,11347,11347.png,"[71, 148, 115, 244]",1.0,kolektor_gt,kolektor_permukaan
C:/Arib/MASSA AYAM/chicken detection + constrative classification/data/crops_kolektor_gt/train/normal/11349_01500.png,0,normal,train,train,11349,11349.png,"[189, 55, 230, 116]",1.0,kolektor_gt,kolektor_permukaan
C:/Arib/MASSA AYAM/chicken detection + constrative classification/data/crops_kolektor_gt/train/normal/11351_01504.png,0,normal,train,train,11351,11351.png,"[113, 397, 164, 429]",1.0,kolektor_gt,kolektor_permukaan
C:/Arib/MASSA AYAM/chicken detection + constrative classification/data/crops_kolektor_gt/train/normal/11352_01505.png,0,normal,train,train,11352,11352.png,"[65, 308, 133, 382]",1.0,kolektor_gt,kolektor_permukaan
C:/Arib/MASSA AYAM/chicken detection + constrative classification/data/crops_kolektor_gt/train/normal/11353_01506.png,0,normal,train,train,11353,11353.png,"[76, 215, 101, 251]",1.0,kolektor_gt,kolektor_permukaan
C:/Arib/MASSA AYAM/chicken detection + constrative classification/data/crops_kolektor_gt/train/normal/11354_01507.png,0,normal,train,train,11354,11354.png,"[112, 324, 134, 349]",1.0,kolektor_gt,kolektor_permukaan
C:/Arib/MASSA AYAM/chicken detection + constrative classification/data/crops_kolektor_gt/train/normal/11356_01509.png,0,normal,train,train,11356,11356.png,"[125, 482, 167, 556]",1.0,kolektor_gt,kolektor_permukaan
C:/Arib/MASSA AYAM/chicken detection + constrative classification/data/crops_kolektor_gt/train/normal/11357_01510.png,0,normal,train,train,11357,11357.png,"[91, 432, 220, 457]",1.0,kolektor_gt,kolektor_permukaan
C:/Arib/MASSA AYAM/chicken detection + constrative classification/data/crops_kolektor_gt/train/normal/11358_01511.png,0,normal,train,train,11358,11358.png,"[41, 267, 83, 375]",1.0,kolektor_gt,kolektor_permukaan
C:/Arib/MASSA AYAM/chicken detection + constrative classification/data/crops_kolektor_gt/train/normal/11359_01512.png,0,normal,train,train,11359,11359.png,"[53, 560, 152, 623]",1.0,kolektor_gt,kolektor_permukaan
C:/Arib/MASSA AYAM/chicken detection + constrative classification/data/crops_kolektor_gt/train/normal/11360_01514.png,0,normal,train,train,11360,11360.png,"[116, 28, 136, 132]",1.0,kolektor_gt,kolektor_permukaan
C:/Arib/MASSA AYAM/chicken detection + constrative classification/data/crops_kolektor_gt/train/normal/11361_01515.png,0,normal,train,train,11361,11361.png,"[113, 328, 216, 606]",1.0,kolektor_gt,kolektor_permukaan
C:/Arib/MASSA AYAM/chicken detection + constrative classification/data/crops_kolektor_gt/train/normal/11364_01522.png,0,normal,train,train,11364,11364.png,"[57, 489, 168, 598]",1.0,kolektor_gt,kolektor_permukaan
C:/Arib/MASSA AYAM/chicken detection + constrative classification/data/crops_kolektor_gt/train/normal/11365_01523.png,0,normal,train,train,11365,11365.png,"[66, 177, 149, 217]",1.0,kolektor_gt,kolektor_permukaan
C:/Arib/MASSA AYAM/chicken detection + constrative classification/data/crops_kolektor_gt/train/normal/11366_01524.png,0,normal,train,train,11366,11366.png,"[204, 288, 224, 392]",1.0,kolektor_gt,kolektor_permukaan
C:/Arib/MASSA AYAM/chicken detection + constrative classification/data/crops_kolektor_gt/train/normal/11367_01525.png,0,normal,train,train,11367,11367.png,"[94, 93, 171, 219]",1.0,kolektor_gt,kolektor_permukaan
C:/Arib/MASSA AYAM/chicken detection + constrative classification/data/crops_kolektor_gt/train/normal/11368_01526.png,0,normal,train,train,11368,11368.png,"[213, 229, 231, 293]",1.0,kolektor_gt,kolektor_permukaan
C:/Arib/MASSA AYAM/chicken detection + constrative classification/data/crops_kolektor_gt/train/normal/11369_01527.png,0,normal,train,train,11369,11369.png,"[118, 285, 227, 551]",1.0,kolektor_gt,kolektor_permukaan
C:/Arib/MASSA AYAM/chicken detection + constrative classification/data/crops_kolektor_gt/train/normal/11370_01528.png,0,normal,train,train,11370,11370.png,"[22, 473, 71, 583]",1.0,kolektor_gt,kolektor_permukaan
C:/Arib/MASSA AYAM/chicken detection + constrative classification/data/crops_kolektor_gt/train/normal/11371_01529.png,0,normal,train,train,11371,11371.png,"[12, 410, 76, 429]",1.0,kolektor_gt,kolektor_permukaan
C:/Arib/MASSA AYAM/chicken detection + constrative classification/data/crops_kolektor_gt/train/normal/11373_01531.png,0,normal,train,train,11373,11373.png,"[145, 120, 168, 152]",1.0,kolektor_gt,kolektor_permukaan
C:/Arib/MASSA AYAM/chicken detection + constrative classification/data/crops_kolektor_gt/train/normal/11374_01532.png,0,normal,train,train,11374,11374.png,"[197, 464, 222, 476]",1.0,kolektor_gt,kolektor_permukaan
C:/Arib/MASSA AYAM/chicken detection + constrative classification/data/crops_kolektor_gt/train/normal/11375_01533.png,0,normal,train,train,11375,11375.png,"[30, 229, 77, 263]",1.0,kolektor_gt,kolektor_permukaan
C:/Arib/MASSA AYAM/chicken detection + constrative classification/data/crops_kolektor_gt/train/normal/11377_01535.png,0,normal,train,train,11377,11377.png,"[97, 133, 144, 167]",1.0,kolektor_gt,kolektor_permukaan
C:/Arib/MASSA AYAM/chicken detection + constrative classification/data/crops_kolektor_gt/train/normal/11378_01536.png,0,normal,train,train,11378,11378.png,"[153, 220, 186, 270]",1.0,kolektor_gt,kolektor_permukaan
C:/Arib/MASSA AYAM/chicken detection + constrative classification/data/crops_kolektor_gt/train/normal/11379_01537.png,0,normal,train,train,11379,11379.png,"[186, 193, 215, 263]",1.0,kolektor_gt,kolektor_permukaan
C:/Arib/MASSA AYAM/chicken detection + constrative classification/data/crops_kolektor_gt/train/normal/11380_01538.png,0,normal,train,train,11380,11380.png,"[37, 14, 75, 169]",1.0,kolektor_gt,kolektor_permukaan
C:/Arib/MASSA AYAM/chicken detection + constrative classification/data/crops_kolektor_gt/train/normal/11381_01539.png,0,normal,train,train,11381,11381.png,"[60, 461, 162, 514]",1.0,kolektor_gt,kolektor_permukaan
C:/Arib/MASSA AYAM/chicken detection + constrative classification/data/crops_kolektor_gt/train/normal/11382_01540.png,0,normal,train,train,11382,11382.png,"[149, 469, 228, 582]",1.0,kolektor_gt,kolektor_permukaan
C:/Arib/MASSA AYAM/chicken detection + constrative classification/data/crops_kolektor_gt/train/normal/11383_01541.png,0,normal,train,train,11383,11383.png,"[34, 331, 69, 364]",1.0,kolektor_gt,kolektor_permukaan
C:/Arib/MASSA AYAM/chicken detection + constrative classification/data/crops_kolektor_gt/train/normal/11384_01542.png,0,normal,train,train,11384,11384.png,"[175, 217, 229, 275]",1.0,kolektor_gt,kolektor_permukaan
C:/Arib/MASSA AYAM/chicken detection + constrative classification/data/crops_kolektor_gt/train/normal/11385_01543.png,0,normal,train,train,11385,11385.png,"[32, 74, 193, 155]",1.0,kolektor_gt,kolektor_permukaan
C:/Arib/MASSA AYAM/chicken detection + constrative classification/data/crops_kolektor_gt/train/normal/11386_01545.png,0,normal,train,train,11386,11386.png,"[142, 60, 188, 105]",1.0,kolektor_gt,kolektor_permukaan
C:/Arib/MASSA AYAM/chicken detection + constrative classification/data/crops_kolektor_gt/train/normal/11387_01546.png,0,normal,train,train,11387,11387.png,"[120, 362, 145, 398]",1.0,kolektor_gt,kolektor_permukaan
C:/Arib/MASSA AYAM/chicken detection + constrative classification/data/crops_kolektor_gt/train/normal/11388_01548.png,0,normal,train,train,11388,11388.png,"[1, 259, 81, 334]",1.0,kolektor_gt,kolektor_permukaan
C:/Arib/MASSA AYAM/chicken detection + constrative classification/data/crops_kolektor_gt/train/normal/11389_01549.png,0,normal,train,train,11389,11389.png,"[77, 404, 141, 504]",1.0,kolektor_gt,kolektor_permukaan
C:/Arib/MASSA AYAM/chicken detection + constrative classification/data/crops_kolektor_gt/train/normal/11390_01550.png,0,normal,train,train,11390,11390.png,"[143, 42, 198, 113]",1.0,kolektor_gt,kolektor_permukaan
C:/Arib/MASSA AYAM/chicken detection + constrative classification/data/crops_kolektor_gt/train/normal/11391_01551.png,0,normal,train,train,11391,11391.png,"[43, 515, 120, 618]",1.0,kolektor_gt,kolektor_permukaan
C:/Arib/MASSA AYAM/chicken detection + constrative classification/data/crops_kolektor_gt/train/normal/11392_01552.png,0,normal,train,train,11392,11392.png,"[112, 479, 225, 577]",1.0,kolektor_gt,kolektor_permukaan
C:/Arib/MASSA AYAM/chicken detection + constrative classification/data/crops_kolektor_gt/train/normal/11393_01553.png,0,normal,train,train,11393,11393.png,"[181, 543, 200, 566]",1.0,kolektor_gt,kolektor_permukaan
C:/Arib/MASSA AYAM/chicken detection + constrative classification/data/crops_kolektor_gt/train/normal/11394_01554.png,0,normal,train,train,11394,11394.png,"[29, 320, 106, 423]",1.0,kolektor_gt,kolektor_permukaan
C:/Arib/MASSA AYAM/chicken detection + constrative classification/data/crops_kolektor_gt/train/normal/11396_01556.png,0,normal,train,train,11396,11396.png,"[72, 269, 137, 305]",1.0,kolektor_gt,kolektor_permukaan
C:/Arib/MASSA AYAM/chicken detection + constrative classification/data/crops_kolektor_gt/train/normal/11398_01559.png,0,normal,train,train,11398,11398.png,"[42, 323, 77, 396]",1.0,kolektor_gt,kolektor_permukaan
C:/Arib/MASSA AYAM/chicken detection + constrative classification/data/crops_kolektor_gt/train/normal/11401_01562.png,0,normal,train,train,11401,11401.png,"[46, 36, 95, 146]",1.0,kolektor_gt,kolektor_permukaan
C:/Arib/MASSA AYAM/chicken detection + constrative classification/data/crops_kolektor_gt/train/normal/11402_01563.png,0,normal,train,train,11402,11402.png,"[180, 478, 210, 510]",1.0,kolektor_gt,kolektor_permukaan
C:/Arib/MASSA AYAM/chicken detection + constrative classification/data/crops_kolektor_gt/train/normal/11403_01564.png,0,normal,train,train,11403,11403.png,"[10, 452, 57, 486]",1.0,kolektor_gt,kolektor_permukaan
C:/Arib/MASSA AYAM/chicken detection + constrative classification/data/crops_kolektor_gt/train/normal/11404_01566.png,0,normal,train,train,11404,11404.png,"[181, 574, 218, 598]",1.0,kolektor_gt,kolektor_permukaan
C:/Arib/MASSA AYAM/chicken detection + constrative classification/data/crops_kolektor_gt/train/normal/11405_01567.png,0,normal,train,train,11405,11405.png,"[7, 151, 174, 239]",1.0,kolektor_gt,kolektor_permukaan
C:/Arib/MASSA AYAM/chicken detection + constrative classification/data/crops_kolektor_gt/train/normal/11406_01568.png,0,normal,train,train,11406,11406.png,"[52, 290, 81, 346]",1.0,kolektor_gt,kolektor_permukaan
C:/Arib/MASSA AYAM/chicken detection + constrative classification/data/crops_kolektor_gt/train/normal/11407_01569.png,0,normal,train,train,11407,11407.png,"[130, 279, 194, 298]",1.0,kolektor_gt,kolektor_permukaan
C:/Arib/MASSA AYAM/chicken detection + constrative classification/data/crops_kolektor_gt/train/normal/11408_01570.png,0,normal,train,train,11408,11408.png,"[149, 4, 218, 41]",1.0,kolektor_gt,kolektor_permukaan
C:/Arib/MASSA AYAM/chicken detection + constrative classification/data/crops_kolektor_gt/train/normal/11409_01571.png,0,normal,train,train,11409,11409.png,"[106, 78, 161, 105]",1.0,kolektor_gt,kolektor_permukaan
C:/Arib/MASSA AYAM/chicken detection + constrative classification/data/crops_kolektor_gt/train/normal/11410_01572.png,0,normal,train,train,11410,11410.png,"[24, 336, 97, 368]",1.0,kolektor_gt,kolektor_permukaan
C:/Arib/MASSA AYAM/chicken detection + constrative classification/data/crops_kolektor_gt/train/normal/11413_01575.png,0,normal,train,train,11413,11413.png,"[122, 464, 202, 482]",1.0,kolektor_gt,kolektor_permukaan
C:/Arib/MASSA AYAM/chicken detection + constrative classification/data/crops_kolektor_gt/train/normal/11414_01576.png,0,normal,train,train,11414,11414.png,"[152, 5, 170, 16]",1.0,kolektor_gt,kolektor_permukaan
C:/Arib/MASSA AYAM/chicken detection + constrative classification/data/crops_kolektor_gt/train/normal/11415_01577.png,0,normal,train,train,11415,11415.png,"[167, 318, 223, 491]",1.0,kolektor_gt,kolektor_permukaan
C:/Arib/MASSA AYAM/chicken detection + constrative classification/data/crops_kolektor_gt/train/normal/11416_01578.png,0,normal,train,train,11416,11416.png,"[145, 132, 199, 207]",1.0,kolektor_gt,kolektor_permukaan
C:/Arib/MASSA AYAM/chicken detection + constrative classification/data/crops_kolektor_gt/train/normal/11417_01580.png,0,normal,train,train,11417,11417.png,"[12, 289, 81, 326]",1.0,kolektor_gt,kolektor_permukaan
C:/Arib/MASSA AYAM/chicken detection + constrative classification/data/crops_kolektor_gt/train/normal/11419_01582.png,0,normal,train,train,11419,11419.png,"[23, 408, 87, 508]",1.0,kolektor_gt,kolektor_permukaan
C:/Arib/MASSA AYAM/chicken detection + constrative classification/data/crops_kolektor_gt/train/normal/11420_01583.png,0,normal,train,train,11420,11420.png,"[98, 443, 214, 619]",1.0,kolektor_gt,kolektor_permukaan
C:/Arib/MASSA AYAM/chicken detection + constrative classification/data/crops_kolektor_gt/train/normal/11421_01584.png,0,normal,train,train,11421,11421.png,"[53, 83, 115, 233]",1.0,kolektor_gt,kolektor_permukaan
C:/Arib/MASSA AYAM/chicken detection + constrative classification/data/crops_kolektor_gt/train/normal/11423_01586.png,0,normal,train,train,11423,11423.png,"[110, 317, 157, 373]",1.0,kolektor_gt,kolektor_permukaan
C:/Arib/MASSA AYAM/chicken detection + constrative classification/data/crops_kolektor_gt/train/normal/11424_01587.png,0,normal,train,train,11424,11424.png,"[91, 98, 146, 169]",1.0,kolektor_gt,kolektor_permukaan
C:/Arib/MASSA AYAM/chicken detection + constrative classification/data/crops_kolektor_gt/train/normal/11425_01588.png,0,normal,train,train,11425,11425.png,"[51, 501, 152, 563]",1.0,kolektor_gt,kolektor_permukaan
C:/Arib/MASSA AYAM/chicken detection + constrative classification/data/crops_kolektor_gt/train/normal/11426_01589.png,0,normal,train,train,11426,11426.png,"[121, 137, 222, 328]",1.0,kolektor_gt,kolektor_permukaan
C:/Arib/MASSA AYAM/chicken detection + constrative classification/data/crops_kolektor_gt/train/normal/11427_01590.png,0,normal,train,train,11427,11427.png,"[11, 432, 172, 513]",1.0,kolektor_gt,kolektor_permukaan
C:/Arib/MASSA AYAM/chicken detection + constrative classification/data/crops_kolektor_gt/train/normal/11429_01592.png,0,normal,train,train,11429,11429.png,"[43, 474, 144, 536]",1.0,kolektor_gt,kolektor_permukaan
C:/Arib/MASSA AYAM/chicken detection + constrative classification/data/crops_kolektor_gt/train/normal/11430_01594.png,0,normal,train,train,11430,11430.png,"[165, 158, 199, 192]",1.0,kolektor_gt,kolektor_permukaan
C:/Arib/MASSA AYAM/chicken detection + constrative classification/data/crops_kolektor_gt/train/normal/11431_01595.png,0,normal,train,train,11431,11431.png,"[74, 479, 162, 581]",1.0,kolektor_gt,kolektor_permukaan
C:/Arib/MASSA AYAM/chicken detection + constrative classification/data/crops_kolektor_gt/train/normal/11432_01597.png,0,normal,train,train,11432,11432.png,"[20, 489, 55, 562]",1.0,kolektor_gt,kolektor_permukaan
C:/Arib/MASSA AYAM/chicken detection + constrative classification/data/crops_kolektor_gt/train/normal/11436_01601.png,0,normal,train,train,11436,11436.png,"[24, 475, 68, 517]",1.0,kolektor_gt,kolektor_permukaan
C:/Arib/MASSA AYAM/chicken detection + constrative classification/data/crops_kolektor_gt/train/normal/11439_01604.png,0,normal,train,train,11439,11439.png,"[11, 93, 194, 384]",1.0,kolektor_gt,kolektor_permukaan
C:/Arib/MASSA AYAM/chicken detection + constrative classification/data/crops_kolektor_gt/train/normal/11440_01605.png,0,normal,train,train,11440,11440.png,"[21, 426, 101, 501]",1.0,kolektor_gt,kolektor_permukaan
C:/Arib/MASSA AYAM/chicken detection + constrative classification/data/crops_kolektor_gt/train/normal/11443_01608.png,0,normal,train,train,11443,11443.png,"[54, 189, 131, 316]",1.0,kolektor_gt,kolektor_permukaan
C:/Arib/MASSA AYAM/chicken detection + constrative classification/data/crops_kolektor_gt/train/normal/11445_01615.png,0,normal,train,train,11445,11445.png,"[168, 498, 201, 587]",1.0,kolektor_gt,kolektor_permukaan
C:/Arib/MASSA AYAM/chicken detection + constrative classification/data/crops_kolektor_gt/train/normal/11446_01616.png,0,normal,train,train,11446,11446.png,"[88, 344, 202, 489]",1.0,kolektor_gt,kolektor_permukaan
C:/Arib/MASSA AYAM/chicken detection + constrative classification/data/crops_kolektor_gt/train/normal/11447_01618.png,0,normal,train,train,11447,11447.png,"[102, 154, 225, 279]",1.0,kolektor_gt,kolektor_permukaan
C:/Arib/MASSA AYAM/chicken detection + constrative classification/data/crops_kolektor_gt/train/normal/11448_01619.png,0,normal,train,train,11448,11448.png,"[3, 97, 43, 234]",1.0,kolektor_gt,kolektor_permukaan
C:/Arib/MASSA AYAM/chicken detection + constrative classification/data/crops_kolektor_gt/train/normal/11451_01622.png,0,normal,train,train,11451,11451.png,"[22, 308, 35, 317]",1.0,kolektor_gt,kolektor_permukaan
C:/Arib/MASSA AYAM/chicken detection + constrative classification/data/crops_kolektor_gt/train/normal/11453_01624.png,0,normal,train,train,11453,11453.png,"[115, 156, 223, 245]",1.0,kolektor_gt,kolektor_permukaan
C:/Arib/MASSA AYAM/chicken detection + constrative classification/data/crops_kolektor_gt/train/normal/11454_01625.png,0,normal,train,train,11454,11454.png,"[124, 482, 151, 587]",1.0,kolektor_gt,kolektor_permukaan
C:/Arib/MASSA AYAM/chicken detection + constrative classification/data/crops_kolektor_gt/train/normal/11455_01626.png,0,normal,train,train,11455,11455.png,"[62, 206, 152, 264]",1.0,kolektor_gt,kolektor_permukaan
C:/Arib/MASSA AYAM/chicken detection + constrative classification/data/crops_kolektor_gt/train/normal/11456_01627.png,0,normal,train,train,11456,11456.png,"[13, 170, 47, 338]",1.0,kolektor_gt,kolektor_permukaan
C:/Arib/MASSA AYAM/chicken detection + constrative classification/data/crops_kolektor_gt/train/normal/11457_01628.png,0,normal,train,train,11457,11457.png,"[106, 507, 160, 522]",1.0,kolektor_gt,kolektor_permukaan
C:/Arib/MASSA AYAM/chicken detection + constrative classification/data/crops_kolektor_gt/train/normal/11458_01630.png,0,normal,train,train,11458,11458.png,"[9, 499, 29, 595]",1.0,kolektor_gt,kolektor_permukaan
C:/Arib/MASSA AYAM/chicken detection + constrative classification/data/crops_kolektor_gt/train/normal/11459_01631.png,0,normal,train,train,11459,11459.png,"[75, 499, 176, 561]",1.0,kolektor_gt,kolektor_permukaan
C:/Arib/MASSA AYAM/chicken detection + constrative classification/data/crops_kolektor_gt/train/normal/11461_01633.png,0,normal,train,train,11461,11461.png,"[141, 65, 212, 84]",1.0,kolektor_gt,kolektor_permukaan
C:/Arib/MASSA AYAM/chicken detection + constrative classification/data/crops_kolektor_gt/train/normal/11462_01634.png,0,normal,train,train,11462,11462.png,"[121, 119, 143, 146]",1.0,kolektor_gt,kolektor_permukaan
C:/Arib/MASSA AYAM/chicken detection + constrative classification/data/crops_kolektor_gt/train/normal/11463_01635.png,0,normal,train,train,11463,11463.png,"[57, 178, 183, 601]",1.0,kolektor_gt,kolektor_permukaan
C:/Arib/MASSA AYAM/chicken detection + constrative classification/data/crops_kolektor_gt/train/normal/11464_01636.png,0,normal,train,train,11464,11464.png,"[73, 196, 95, 221]",1.0,kolektor_gt,kolektor_permukaan
C:/Arib/MASSA AYAM/chicken detection + constrative classification/data/crops_kolektor_gt/train/normal/11466_01638.png,0,normal,train,train,11466,11466.png,"[77, 479, 190, 577]",1.0,kolektor_gt,kolektor_permukaan
C:/Arib/MASSA AYAM/chicken detection + constrative classification/data/crops_kolektor_gt/train/normal/11469_01641.png,0,normal,train,train,11469,11469.png,"[159, 212, 181, 237]",1.0,kolektor_gt,kolektor_permukaan
C:/Arib/MASSA AYAM/chicken detection + constrative classification/data/crops_kolektor_gt/train/normal/11470_01642.png,0,normal,train,train,11470,11470.png,"[170, 494, 192, 570]",1.0,kolektor_gt,kolektor_permukaan
C:/Arib/MASSA AYAM/chicken detection + constrative classification/data/crops_kolektor_gt/train/normal/11471_01643.png,0,normal,train,train,11471,11471.png,"[10, 503, 205, 585]",1.0,kolektor_gt,kolektor_permukaan
C:/Arib/MASSA AYAM/chicken detection + constrative classification/data/crops_kolektor_gt/train/normal/11472_01644.png,0,normal,train,train,11472,11472.png,"[126, 310, 203, 436]",1.0,kolektor_gt,kolektor_permukaan
C:/Arib/MASSA AYAM/chicken detection + constrative classification/data/crops_kolektor_gt/train/normal/11473_01645.png,0,normal,train,train,11473,11473.png,"[2, 367, 121, 429]",1.0,kolektor_gt,kolektor_permukaan
C:/Arib/MASSA AYAM/chicken detection + constrative classification/data/crops_kolektor_gt/train/normal/11474_01646.png,0,normal,train,train,11474,11474.png,"[173, 162, 210, 186]",1.0,kolektor_gt,kolektor_permukaan
C:/Arib/MASSA AYAM/chicken detection + constrative classification/data/crops_kolektor_gt/train/normal/11476_01648.png,0,normal,train,train,11476,11476.png,"[79, 232, 206, 322]",1.0,kolektor_gt,kolektor_permukaan
C:/Arib/MASSA AYAM/chicken detection + constrative classification/data/crops_kolektor_gt/train/normal/11477_01650.png,0,normal,train,train,11477,11477.png,"[143, 229, 185, 287]",1.0,kolektor_gt,kolektor_permukaan
C:/Arib/MASSA AYAM/chicken detection + constrative classification/data/crops_kolektor_gt/train/normal/11478_01651.png,0,normal,train,train,11478,11478.png,"[100, 363, 229, 412]",1.0,kolektor_gt,kolektor_permukaan
C:/Arib/MASSA AYAM/chicken detection + constrative classification/data/crops_kolektor_gt/train/normal/11479_01652.png,0,normal,train,train,11479,11479.png,"[38, 527, 127, 553]",1.0,kolektor_gt,kolektor_permukaan
C:/Arib/MASSA AYAM/chicken detection + constrative classification/data/crops_kolektor_gt/train/normal/11480_01653.png,0,normal,train,train,11480,11480.png,"[180, 51, 224, 70]",1.0,kolektor_gt,kolektor_permukaan
C:/Arib/MASSA AYAM/chicken detection + constrative classification/data/crops_kolektor_gt/train/normal/11481_01655.png,0,normal,train,train,11481,11481.png,"[117, 113, 147, 171]",1.0,kolektor_gt,kolektor_permukaan
C:/Arib/MASSA AYAM/chicken detection + constrative classification/data/crops_kolektor_gt/train/normal/11482_01657.png,0,normal,train,train,11482,11482.png,"[156, 104, 193, 220]",1.0,kolektor_gt,kolektor_permukaan
C:/Arib/MASSA AYAM/chicken detection + constrative classification/data/crops_kolektor_gt/train/normal/11483_01658.png,0,normal,train,train,11483,11483.png,"[129, 107, 144, 132]",1.0,kolektor_gt,kolektor_permukaan
C:/Arib/MASSA AYAM/chicken detection + constrative classification/data/crops_kolektor_gt/train/normal/11484_01659.png,0,normal,train,train,11484,11484.png,"[26, 370, 162, 448]",1.0,kolektor_gt,kolektor_permukaan
C:/Arib/MASSA AYAM/chicken detection + constrative classification/data/crops_kolektor_gt/train/normal/11485_01660.png,0,normal,train,train,11485,11485.png,"[113, 518, 209, 554]",1.0,kolektor_gt,kolektor_permukaan
C:/Arib/MASSA AYAM/chicken detection + constrative classification/data/crops_kolektor_gt/train/normal/11486_01661.png,0,normal,train,train,11486,11486.png,"[39, 372, 60, 407]",1.0,kolektor_gt,kolektor_permukaan
C:/Arib/MASSA AYAM/chicken detection + constrative classification/data/crops_kolektor_gt/train/normal/11487_01662.png,0,normal,train,train,11487,11487.png,"[31, 206, 101, 240]",1.0,kolektor_gt,kolektor_permukaan
C:/Arib/MASSA AYAM/chicken detection + constrative classification/data/crops_kolektor_gt/train/normal/11488_01663.png,0,normal,train,train,11488,11488.png,"[1, 251, 78, 377]",1.0,kolektor_gt,kolektor_permukaan
C:/Arib/MASSA AYAM/chicken detection + constrative classification/data/crops_kolektor_gt/train/normal/11489_01664.png,0,normal,train,train,11489,11489.png,"[87, 293, 98, 351]",1.0,kolektor_gt,kolektor_permukaan
C:/Arib/MASSA AYAM/chicken detection + constrative classification/data/crops_kolektor_gt/train/normal/11491_01666.png,0,normal,train,train,11491,11491.png,"[92, 251, 169, 377]",1.0,kolektor_gt,kolektor_permukaan
C:/Arib/MASSA AYAM/chicken detection + constrative classification/data/crops_kolektor_gt/train/normal/11492_01667.png,0,normal,train,train,11492,11492.png,"[201, 233, 213, 246]",1.0,kolektor_gt,kolektor_permukaan
C:/Arib/MASSA AYAM/chicken detection + constrative classification/data/crops_kolektor_gt/train/normal/11493_01668.png,0,normal,train,train,11493,11493.png,"[13, 419, 217, 546]",1.0,kolektor_gt,kolektor_permukaan
C:/Arib/MASSA AYAM/chicken detection + constrative classification/data/crops_kolektor_gt/train/normal/11494_01669.png,0,normal,train,train,11494,11494.png,"[92, 30, 156, 116]",1.0,kolektor_gt,kolektor_permukaan
C:/Arib/MASSA AYAM/chicken detection + constrative classification/data/crops_kolektor_gt/train/normal/11495_01670.png,0,normal,train,train,11495,11495.png,"[132, 71, 200, 137]",1.0,kolektor_gt,kolektor_permukaan
C:/Arib/MASSA AYAM/chicken detection + constrative classification/data/crops_kolektor_gt/train/normal/11496_01671.png,0,normal,train,train,11496,11496.png,"[102, 168, 173, 187]",1.0,kolektor_gt,kolektor_permukaan
C:/Arib/MASSA AYAM/chicken detection + constrative classification/data/crops_kolektor_gt/train/normal/11497_01672.png,0,normal,train,train,11497,11497.png,"[9, 154, 77, 228]",1.0,kolektor_gt,kolektor_permukaan
C:/Arib/MASSA AYAM/chicken detection + constrative classification/data/crops_kolektor_gt/train/normal/11499_01674.png,0,normal,train,train,11499,11499.png,"[102, 311, 157, 425]",1.0,kolektor_gt,kolektor_permukaan
C:/Arib/MASSA AYAM/chicken detection + constrative classification/data/crops_kolektor_gt/train/normal/11500_01676.png,0,normal,train,train,11500,11500.png,"[116, 352, 219, 392]",1.0,kolektor_gt,kolektor_permukaan
C:/Arib/MASSA AYAM/chicken detection + constrative classification/data/crops_kolektor_gt/train/normal/11501_01677.png,0,normal,train,train,11501,11501.png,"[135, 312, 157, 473]",1.0,kolektor_gt,kolektor_permukaan
C:/Arib/MASSA AYAM/chicken detection + constrative classification/data/crops_kolektor_gt/train/normal/11502_01678.png,0,normal,train,train,11502,11502.png,"[114, 210, 142, 310]",1.0,kolektor_gt,kolektor_permukaan
C:/Arib/MASSA AYAM/chicken detection + constrative classification/data/crops_kolektor_gt/train/normal/11503_01679.png,0,normal,train,train,11503,11503.png,"[178, 353, 198, 399]",1.0,kolektor_gt,kolektor_permukaan
C:/Arib/MASSA AYAM/chicken detection + constrative classification/data/crops_kolektor_gt/train/normal/11504_01680.png,0,normal,train,train,11504,11504.png,"[50, 308, 83, 397]",1.0,kolektor_gt,kolektor_permukaan
C:/Arib/MASSA AYAM/chicken detection + constrative classification/data/crops_kolektor_gt/train/normal/11505_01681.png,0,normal,train,train,11505,11505.png,"[49, 129, 156, 172]",1.0,kolektor_gt,kolektor_permukaan
C:/Arib/MASSA AYAM/chicken detection + constrative classification/data/crops_kolektor_gt/train/normal/11506_01683.png,0,normal,train,train,11506,11506.png,"[138, 290, 178, 327]",1.0,kolektor_gt,kolektor_permukaan
C:/Arib/MASSA AYAM/chicken detection + constrative classification/data/crops_kolektor_gt/train/normal/11507_01684.png,0,normal,train,train,11507,11507.png,"[141, 319, 178, 380]",1.0,kolektor_gt,kolektor_permukaan
C:/Arib/MASSA AYAM/chicken detection + constrative classification/data/crops_kolektor_gt/train/normal/11508_01685.png,0,normal,train,train,11508,11508.png,"[5, 28, 45, 67]",1.0,kolektor_gt,kolektor_permukaan
C:/Arib/MASSA AYAM/chicken detection + constrative classification/data/crops_kolektor_gt/train/normal/11509_01686.png,0,normal,train,train,11509,11509.png,"[0, 155, 224, 397]",1.0,kolektor_gt,kolektor_permukaan
C:/Arib/MASSA AYAM/chicken detection + constrative classification/data/crops_kolektor_gt/train/normal/11510_01687.png,0,normal,train,train,11510,11510.png,"[28, 61, 91, 116]",1.0,kolektor_gt,kolektor_permukaan
C:/Arib/MASSA AYAM/chicken detection + constrative classification/data/crops_kolektor_gt/train/normal/11511_01688.png,0,normal,train,train,11511,11511.png,"[0, 63, 231, 305]",1.0,kolektor_gt,kolektor_permukaan
C:/Arib/MASSA AYAM/chicken detection + constrative classification/data/crops_kolektor_gt/train/normal/11512_01690.png,0,normal,train,train,11512,11512.png,"[96, 127, 215, 189]",1.0,kolektor_gt,kolektor_permukaan
C:/Arib/MASSA AYAM/chicken detection + constrative classification/data/crops_kolektor_gt/train/normal/11514_01692.png,0,normal,train,train,11514,11514.png,"[44, 153, 178, 307]",1.0,kolektor_gt,kolektor_permukaan
C:/Arib/MASSA AYAM/chicken detection + constrative classification/data/crops_kolektor_gt/train/normal/11516_01694.png,0,normal,train,train,11516,11516.png,"[26, 335, 70, 431]",1.0,kolektor_gt,kolektor_permukaan
C:/Arib/MASSA AYAM/chicken detection + constrative classification/data/crops_kolektor_gt/train/normal/11517_01695.png,0,normal,train,train,11517,11517.png,"[46, 465, 179, 495]",1.0,kolektor_gt,kolektor_permukaan
C:/Arib/MASSA AYAM/chicken detection + constrative classification/data/crops_kolektor_gt/train/normal/11518_01696.png,0,normal,train,train,11518,11518.png,"[105, 41, 145, 257]",1.0,kolektor_gt,kolektor_permukaan
C:/Arib/MASSA AYAM/chicken detection + constrative classification/data/crops_kolektor_gt/train/normal/11519_01697.png,0,normal,train,train,11519,11519.png,"[33, 243, 73, 459]",1.0,kolektor_gt,kolektor_permukaan
C:/Arib/MASSA AYAM/chicken detection + constrative classification/data/crops_kolektor_gt/train/normal/11520_01698.png,0,normal,train,train,11520,11520.png,"[47, 412, 189, 537]",1.0,kolektor_gt,kolektor_permukaan
C:/Arib/MASSA AYAM/chicken detection + constrative classification/data/crops_kolektor_gt/train/normal/11521_01699.png,0,normal,train,train,11521,11521.png,"[101, 270, 173, 388]",1.0,kolektor_gt,kolektor_permukaan
C:/Arib/MASSA AYAM/chicken detection + constrative classification/data/crops_kolektor_gt/train/normal/11522_01700.png,0,normal,train,train,11522,11522.png,"[56, 501, 217, 582]",1.0,kolektor_gt,kolektor_permukaan
C:/Arib/MASSA AYAM/chicken detection + constrative classification/data/crops_kolektor_gt/train/normal/11523_01701.png,0,normal,train,train,11523,11523.png,"[210, 166, 232, 193]",1.0,kolektor_gt,kolektor_permukaan
C:/Arib/MASSA AYAM/chicken detection + constrative classification/data/crops_kolektor_gt/train/normal/11525_01703.png,0,normal,train,train,11525,11525.png,"[30, 217, 131, 279]",1.0,kolektor_gt,kolektor_permukaan
C:/Arib/MASSA AYAM/chicken detection + constrative classification/data/crops_kolektor_gt/train/normal/11527_01705.png,0,normal,train,train,11527,11527.png,"[77, 418, 213, 496]",1.0,kolektor_gt,kolektor_permukaan
C:/Arib/MASSA AYAM/chicken detection + constrative classification/data/crops_kolektor_gt/train/normal/11529_01707.png,0,normal,train,train,11529,11529.png,"[30, 380, 87, 479]",1.0,kolektor_gt,kolektor_permukaan
C:/Arib/MASSA AYAM/chicken detection + constrative classification/data/crops_kolektor_gt/train/normal/11530_01708.png,0,normal,train,train,11530,11530.png,"[77, 301, 131, 329]",1.0,kolektor_gt,kolektor_permukaan
C:/Arib/MASSA AYAM/chicken detection + constrative classification/data/crops_kolektor_gt/train/normal/11531_01709.png,0,normal,train,train,11531,11531.png,"[36, 603, 64, 626]",1.0,kolektor_gt,kolektor_permukaan
C:/Arib/MASSA AYAM/chicken detection + constrative classification/data/crops_kolektor_gt/train/normal/11532_01710.png,0,normal,train,train,11532,11532.png,"[72, 220, 92, 257]",1.0,kolektor_gt,kolektor_permukaan
C:/Arib/MASSA AYAM/chicken detection + constrative classification/data/crops_kolektor_gt/train/normal/11534_01712.png,0,normal,train,train,11534,11534.png,"[11, 427, 41, 459]",1.0,kolektor_gt,kolektor_permukaan
C:/Arib/MASSA AYAM/chicken detection + constrative classification/data/crops_kolektor_gt/train/normal/11537_01715.png,0,normal,train,train,11537,11537.png,"[162, 471, 225, 526]",1.0,kolektor_gt,kolektor_permukaan
C:/Arib/MASSA AYAM/chicken detection + constrative classification/data/crops_kolektor_gt/train/normal/11538_01716.png,0,normal,train,train,11538,11538.png,"[38, 443, 127, 591]",1.0,kolektor_gt,kolektor_permukaan
C:/Arib/MASSA AYAM/chicken detection + constrative classification/data/crops_kolektor_gt/train/normal/11539_01717.png,0,normal,train,train,11539,11539.png,"[102, 419, 226, 497]",1.0,kolektor_gt,kolektor_permukaan
C:/Arib/MASSA AYAM/chicken detection + constrative classification/data/crops_kolektor_gt/train/normal/11540_01718.png,0,normal,train,train,11540,11540.png,"[43, 46, 166, 171]",1.0,kolektor_gt,kolektor_permukaan
C:/Arib/MASSA AYAM/chicken detection + constrative classification/data/crops_kolektor_gt/train/normal/11543_01722.png,0,normal,train,train,11543,11543.png,"[31, 87, 133, 150]",1.0,kolektor_gt,kolektor_permukaan
C:/Arib/MASSA AYAM/chicken detection + constrative classification/data/crops_kolektor_gt/train/normal/11544_01723.png,0,normal,train,train,11544,11544.png,"[133, 96, 227, 256]",1.0,kolektor_gt,kolektor_permukaan
C:/Arib/MASSA AYAM/chicken detection + constrative classification/data/crops_kolektor_gt/train/normal/11545_01724.png,0,normal,train,train,11545,11545.png,"[4, 123, 26, 200]",1.0,kolektor_gt,kolektor_permukaan
C:/Arib/MASSA AYAM/chicken detection + constrative classification/data/crops_kolektor_gt/train/normal/11546_01725.png,0,normal,train,train,11546,11546.png,"[4, 281, 59, 308]",1.0,kolektor_gt,kolektor_permukaan
C:/Arib/MASSA AYAM/chicken detection + constrative classification/data/crops_kolektor_gt/train/normal/11548_01727.png,0,normal,train,train,11548,11548.png,"[102, 603, 146, 629]",1.0,kolektor_gt,kolektor_permukaan
C:/Arib/MASSA AYAM/chicken detection + constrative classification/data/crops_kolektor_gt/train/normal/11550_01732.png,0,normal,train,train,11550,11550.png,"[97, 263, 116, 286]",1.0,kolektor_gt,kolektor_permukaan
C:/Arib/MASSA AYAM/chicken detection + constrative classification/data/crops_kolektor_gt/train/normal/11551_01733.png,0,normal,train,train,11551,11551.png,"[138, 172, 159, 207]",1.0,kolektor_gt,kolektor_permukaan
C:/Arib/MASSA AYAM/chicken detection + constrative classification/data/crops_kolektor_gt/train/normal/11552_01734.png,0,normal,train,train,11552,11552.png,"[65, 91, 128, 218]",1.0,kolektor_gt,kolektor_permukaan
C:/Arib/MASSA AYAM/chicken detection + constrative classification/data/crops_kolektor_gt/train/normal/11554_01737.png,0,normal,train,train,11554,11554.png,"[83, 185, 164, 217]",1.0,kolektor_gt,kolektor_permukaan
C:/Arib/MASSA AYAM/chicken detection + constrative classification/data/crops_kolektor_gt/train/normal/11555_01738.png,0,normal,train,train,11555,11555.png,"[76, 399, 145, 498]",1.0,kolektor_gt,kolektor_permukaan
C:/Arib/MASSA AYAM/chicken detection + constrative classification/data/crops_kolektor_gt/train/normal/11556_01739.png,0,normal,train,train,11556,11556.png,"[105, 331, 147, 370]",1.0,kolektor_gt,kolektor_permukaan
C:/Arib/MASSA AYAM/chicken detection + constrative classification/data/crops_kolektor_gt/train/normal/11557_01740.png,0,normal,train,train,11557,11557.png,"[13, 207, 55, 265]",1.0,kolektor_gt,kolektor_permukaan
C:/Arib/MASSA AYAM/chicken detection + constrative classification/data/crops_kolektor_gt/train/normal/11558_01741.png,0,normal,train,train,11558,11558.png,"[126, 520, 177, 552]",1.0,kolektor_gt,kolektor_permukaan
C:/Arib/MASSA AYAM/chicken detection + constrative classification/data/crops_kolektor_gt/train/normal/11559_01742.png,0,normal,train,train,11559,11559.png,"[29, 275, 105, 303]",1.0,kolektor_gt,kolektor_permukaan
C:/Arib/MASSA AYAM/chicken detection + constrative classification/data/crops_kolektor_gt/train/normal/11563_01746.png,0,normal,train,train,11563,11563.png,"[63, 128, 105, 236]",1.0,kolektor_gt,kolektor_permukaan
C:/Arib/MASSA AYAM/chicken detection + constrative classification/data/crops_kolektor_gt/train/normal/11564_01747.png,0,normal,train,train,11564,11564.png,"[114, 85, 127, 115]",1.0,kolektor_gt,kolektor_permukaan
C:/Arib/MASSA AYAM/chicken detection + constrative classification/data/crops_kolektor_gt/train/normal/11566_01749.png,0,normal,train,train,11566,11566.png,"[62, 550, 126, 569]",1.0,kolektor_gt,kolektor_permukaan
C:/Arib/MASSA AYAM/chicken detection + constrative classification/data/crops_kolektor_gt/train/normal/11567_01750.png,0,normal,train,train,11567,11567.png,"[10, 1, 31, 41]",1.0,kolektor_gt,kolektor_permukaan
C:/Arib/MASSA AYAM/chicken detection + constrative classification/data/crops_kolektor_gt/train/normal/11568_01752.png,0,normal,train,train,11568,11568.png,"[79, 296, 222, 349]",1.0,kolektor_gt,kolektor_permukaan
C:/Arib/MASSA AYAM/chicken detection + constrative classification/data/crops_kolektor_gt/train/normal/11569_01753.png,0,normal,train,train,11569,11569.png,"[0, 61, 108, 150]",1.0,kolektor_gt,kolektor_permukaan
C:/Arib/MASSA AYAM/chicken detection + constrative classification/data/crops_kolektor_gt/train/normal/11570_01754.png,0,normal,train,train,11570,11570.png,"[69, 256, 136, 376]",1.0,kolektor_gt,kolektor_permukaan
C:/Arib/MASSA AYAM/chicken detection + constrative classification/data/crops_kolektor_gt/train/normal/11572_01756.png,0,normal,train,train,11572,11572.png,"[72, 46, 109, 107]",1.0,kolektor_gt,kolektor_permukaan
C:/Arib/MASSA AYAM/chicken detection + constrative classification/data/crops_kolektor_gt/train/normal/11573_01758.png,0,normal,train,train,11573,11573.png,"[189, 546, 211, 571]",1.0,kolektor_gt,kolektor_permukaan
C:/Arib/MASSA AYAM/chicken detection + constrative classification/data/crops_kolektor_gt/train/normal/11574_01760.png,0,normal,train,train,11574,11574.png,"[76, 91, 143, 118]",1.0,kolektor_gt,kolektor_permukaan
C:/Arib/MASSA AYAM/chicken detection + constrative classification/data/crops_kolektor_gt/train/normal/11575_01761.png,0,normal,train,train,11575,11575.png,"[17, 371, 141, 527]",1.0,kolektor_gt,kolektor_permukaan
C:/Arib/MASSA AYAM/chicken detection + constrative classification/data/crops_kolektor_gt/train/normal/11576_01762.png,0,normal,train,train,11576,11576.png,"[110, 107, 132, 268]",1.0,kolektor_gt,kolektor_permukaan
C:/Arib/MASSA AYAM/chicken detection + constrative classification/data/crops_kolektor_gt/train/normal/11577_01763.png,0,normal,train,train,11577,11577.png,"[174, 350, 193, 373]",1.0,kolektor_gt,kolektor_permukaan
C:/Arib/MASSA AYAM/chicken detection + constrative classification/data/crops_kolektor_gt/train/normal/11579_01765.png,0,normal,train,train,11579,11579.png,"[87, 215, 131, 241]",1.0,kolektor_gt,kolektor_permukaan
C:/Arib/MASSA AYAM/chicken detection + constrative classification/data/crops_kolektor_gt/train/normal/11580_01766.png,0,normal,train,train,11580,11580.png,"[4, 136, 34, 214]",1.0,kolektor_gt,kolektor_permukaan
C:/Arib/MASSA AYAM/chicken detection + constrative classification/data/crops_kolektor_gt/train/normal/11583_01769.png,0,normal,train,train,11583,11583.png,"[166, 79, 208, 153]",1.0,kolektor_gt,kolektor_permukaan
C:/Arib/MASSA AYAM/chicken detection + constrative classification/data/crops_kolektor_gt/train/normal/11584_01771.png,0,normal,train,train,11584,11584.png,"[85, 455, 211, 558]",1.0,kolektor_gt,kolektor_permukaan
C:/Arib/MASSA AYAM/chicken detection + constrative classification/data/crops_kolektor_gt/train/normal/11585_01773.png,0,normal,train,train,11585,11585.png,"[153, 366, 213, 411]",1.0,kolektor_gt,kolektor_permukaan
C:/Arib/MASSA AYAM/chicken detection + constrative classification/data/crops_kolektor_gt/train/normal/11586_01774.png,0,normal,train,train,11586,11586.png,"[31, 473, 84, 522]",1.0,kolektor_gt,kolektor_permukaan
C:/Arib/MASSA AYAM/chicken detection + constrative classification/data/crops_kolektor_gt/train/normal/11587_01775.png,0,normal,train,train,11587,11587.png,"[56, 9, 189, 39]",1.0,kolektor_gt,kolektor_permukaan
C:/Arib/MASSA AYAM/chicken detection + constrative classification/data/crops_kolektor_gt/train/normal/11588_01776.png,0,normal,train,train,11588,11588.png,"[71, 348, 133, 498]",1.0,kolektor_gt,kolektor_permukaan
C:/Arib/MASSA AYAM/chicken detection + constrative classification/data/crops_kolektor_gt/train/normal/11590_01779.png,0,normal,train,train,11590,11590.png,"[183, 226, 222, 270]",1.0,kolektor_gt,kolektor_permukaan
C:/Arib/MASSA AYAM/chicken detection + constrative classification/data/crops_kolektor_gt/train/normal/11592_01781.png,0,normal,train,train,11592,11592.png,"[0, 100, 226, 247]",1.0,kolektor_gt,kolektor_permukaan
C:/Arib/MASSA AYAM/chicken detection + constrative classification/data/crops_kolektor_gt/train/normal/11594_01783.png,0,normal,train,train,11594,11594.png,"[10, 565, 177, 653]",1.0,kolektor_gt,kolektor_permukaan
C:/Arib/MASSA AYAM/chicken detection + constrative classification/data/crops_kolektor_gt/train/normal/11596_01785.png,0,normal,train,train,11596,11596.png,"[16, 233, 208, 318]",1.0,kolektor_gt,kolektor_permukaan
C:/Arib/MASSA AYAM/chicken detection + constrative classification/data/crops_kolektor_gt/train/normal/11597_01786.png,0,normal,train,train,11597,11597.png,"[3, 23, 229, 151]",1.0,kolektor_gt,kolektor_permukaan
C:/Arib/MASSA AYAM/chicken detection + constrative classification/data/crops_kolektor_gt/train/normal/11599_01788.png,0,normal,train,train,11599,11599.png,"[164, 53, 195, 73]",1.0,kolektor_gt,kolektor_permukaan
C:/Arib/MASSA AYAM/chicken detection + constrative classification/data/crops_kolektor_gt/train/normal/11600_01789.png,0,normal,train,train,11600,11600.png,"[110, 416, 122, 439]",1.0,kolektor_gt,kolektor_permukaan
C:/Arib/MASSA AYAM/chicken detection + constrative classification/data/crops_kolektor_gt/train/normal/11601_01791.png,0,normal,train,train,11601,11601.png,"[1, 477, 227, 605]",1.0,kolektor_gt,kolektor_permukaan
C:/Arib/MASSA AYAM/chicken detection + constrative classification/data/crops_kolektor_gt/train/normal/11602_01792.png,0,normal,train,train,11602,11602.png,"[11, 229, 75, 315]",1.0,kolektor_gt,kolektor_permukaan
C:/Arib/MASSA AYAM/chicken detection + constrative classification/data/crops_kolektor_gt/train/normal/11603_01793.png,0,normal,train,train,11603,11603.png,"[136, 459, 148, 472]",1.0,kolektor_gt,kolektor_permukaan
C:/Arib/MASSA AYAM/chicken detection + constrative classification/data/crops_kolektor_gt/train/normal/11604_01794.png,0,normal,train,train,11604,11604.png,"[49, 171, 83, 339]",1.0,kolektor_gt,kolektor_permukaan
C:/Arib/MASSA AYAM/chicken detection + constrative classification/data/crops_kolektor_gt/train/normal/11605_01795.png,0,normal,train,train,11605,11605.png,"[94, 115, 218, 273]",1.0,kolektor_gt,kolektor_permukaan
C:/Arib/MASSA AYAM/chicken detection + constrative classification/data/crops_kolektor_gt/train/normal/11606_01796.png,0,normal,train,train,11606,11606.png,"[9, 255, 170, 336]",1.0,kolektor_gt,kolektor_permukaan
C:/Arib/MASSA AYAM/chicken detection + constrative classification/data/crops_kolektor_gt/train/normal/11607_01797.png,0,normal,train,train,11607,11607.png,"[79, 64, 109, 142]",1.0,kolektor_gt,kolektor_permukaan
C:/Arib/MASSA AYAM/chicken detection + constrative classification/data/crops_kolektor_gt/train/normal/11609_01799.png,0,normal,train,train,11609,11609.png,"[75, 408, 199, 566]",1.0,kolektor_gt,kolektor_permukaan
C:/Arib/MASSA AYAM/chicken detection + constrative classification/data/crops_kolektor_gt/train/normal/11610_01800.png,0,normal,train,train,11610,11610.png,"[107, 256, 214, 299]",1.0,kolektor_gt,kolektor_permukaan
C:/Arib/MASSA AYAM/chicken detection + constrative classification/data/crops_kolektor_gt/train/normal/11611_01801.png,0,normal,train,train,11611,11611.png,"[61, 348, 72, 406]",1.0,kolektor_gt,kolektor_permukaan
C:/Arib/MASSA AYAM/chicken detection + constrative classification/data/crops_kolektor_gt/train/normal/11612_01803.png,0,normal,train,train,11612,11612.png,"[18, 449, 69, 481]",1.0,kolektor_gt,kolektor_permukaan
C:/Arib/MASSA AYAM/chicken detection + constrative classification/data/crops_kolektor_gt/train/normal/11613_01804.png,0,normal,train,train,11613,11613.png,"[148, 127, 223, 145]",1.0,kolektor_gt,kolektor_permukaan
C:/Arib/MASSA AYAM/chicken detection + constrative classification/data/crops_kolektor_gt/train/normal/11614_01805.png,0,normal,train,train,11614,11614.png,"[8, 386, 37, 404]",1.0,kolektor_gt,kolektor_permukaan
C:/Arib/MASSA AYAM/chicken detection + constrative classification/data/crops_kolektor_gt/train/normal/11618_01810.png,0,normal,train,train,11618,11618.png,"[37, 195, 155, 434]",1.0,kolektor_gt,kolektor_permukaan
C:/Arib/MASSA AYAM/chicken detection + constrative classification/data/crops_kolektor_gt/train/normal/11619_01811.png,0,normal,train,train,11619,11619.png,"[29, 306, 141, 572]",1.0,kolektor_gt,kolektor_permukaan
C:/Arib/MASSA AYAM/chicken detection + constrative classification/data/crops_kolektor_gt/train/normal/11620_01812.png,0,normal,train,train,11620,11620.png,"[116, 393, 184, 459]",1.0,kolektor_gt,kolektor_permukaan
C:/Arib/MASSA AYAM/chicken detection + constrative classification/data/crops_kolektor_gt/train/normal/11621_01813.png,0,normal,train,train,11621,11621.png,"[19, 317, 223, 444]",1.0,kolektor_gt,kolektor_permukaan
C:/Arib/MASSA AYAM/chicken detection + constrative classification/data/crops_kolektor_gt/train/normal/11622_01814.png,0,normal,train,train,11622,11622.png,"[116, 264, 190, 525]",1.0,kolektor_gt,kolektor_permukaan
C:/Arib/MASSA AYAM/chicken detection + constrative classification/data/crops_kolektor_gt/train/normal/11624_01816.png,0,normal,train,train,11624,11624.png,"[151, 198, 181, 230]",1.0,kolektor_gt,kolektor_permukaan
C:/Arib/MASSA AYAM/chicken detection + constrative classification/data/crops_kolektor_gt/train/normal/11625_01817.png,0,normal,train,train,11625,11625.png,"[163, 521, 187, 569]",1.0,kolektor_gt,kolektor_permukaan
C:/Arib/MASSA AYAM/chicken detection + constrative classification/data/crops_kolektor_gt/train/normal/11627_01819.png,0,normal,train,train,11627,11627.png,"[11, 61, 81, 95]",1.0,kolektor_gt,kolektor_permukaan
C:/Arib/MASSA AYAM/chicken detection + constrative classification/data/crops_kolektor_gt/train/normal/11628_01820.png,0,normal,train,train,11628,11628.png,"[131, 366, 166, 439]",1.0,kolektor_gt,kolektor_permukaan
C:/Arib/MASSA AYAM/chicken detection + constrative classification/data/crops_kolektor_gt/train/normal/11629_01823.png,0,normal,train,train,11629,11629.png,"[18, 480, 139, 514]",1.0,kolektor_gt,kolektor_permukaan
C:/Arib/MASSA AYAM/chicken detection + constrative classification/data/crops_kolektor_gt/train/normal/11629_01824.png,0,normal,train,train,11629,11629.png,"[94, 8, 190, 44]",1.0,kolektor_gt,kolektor_permukaan
C:/Arib/MASSA AYAM/chicken detection + constrative classification/data/crops_kolektor_gt/train/normal/11630_01825.png,0,normal,train,train,11630,11630.png,"[7, 243, 128, 277]",1.0,kolektor_gt,kolektor_permukaan
C:/Arib/MASSA AYAM/chicken detection + constrative classification/data/crops_kolektor_gt/train/normal/11631_01826.png,0,normal,train,train,11631,11631.png,"[108, 176, 202, 336]",1.0,kolektor_gt,kolektor_permukaan
C:/Arib/MASSA AYAM/chicken detection + constrative classification/data/crops_kolektor_gt/train/normal/11632_01828.png,0,normal,train,train,11632,11632.png,"[51, 206, 92, 262]",1.0,kolektor_gt,kolektor_permukaan
C:/Arib/MASSA AYAM/chicken detection + constrative classification/data/crops_kolektor_gt/train/normal/11633_01829.png,0,normal,train,train,11633,11633.png,"[24, 487, 153, 536]",1.0,kolektor_gt,kolektor_permukaan
C:/Arib/MASSA AYAM/chicken detection + constrative classification/data/crops_kolektor_gt/train/normal/11634_01830.png,0,normal,train,train,11634,11634.png,"[84, 592, 162, 632]",1.0,kolektor_gt,kolektor_permukaan
C:/Arib/MASSA AYAM/chicken detection + constrative classification/data/crops_kolektor_gt/train/normal/11635_01831.png,0,normal,train,train,11635,11635.png,"[78, 306, 185, 349]",1.0,kolektor_gt,kolektor_permukaan
C:/Arib/MASSA AYAM/chicken detection + constrative classification/data/crops_kolektor_gt/train/normal/11636_01832.png,0,normal,train,train,11636,11636.png,"[26, 465, 56, 497]",1.0,kolektor_gt,kolektor_permukaan
C:/Arib/MASSA AYAM/chicken detection + constrative classification/data/crops_kolektor_gt/train/normal/11638_01834.png,0,normal,train,train,11638,11638.png,"[177, 235, 211, 269]",1.0,kolektor_gt,kolektor_permukaan
C:/Arib/MASSA AYAM/chicken detection + constrative classification/data/crops_kolektor_gt/train/normal/11640_01836.png,0,normal,train,train,11640,11640.png,"[189, 384, 214, 414]",1.0,kolektor_gt,kolektor_permukaan
C:/Arib/MASSA AYAM/chicken detection + constrative classification/data/crops_kolektor_gt/train/normal/11641_01839.png,0,normal,train,train,11641,11641.png,"[102, 188, 135, 238]",1.0,kolektor_gt,kolektor_permukaan
C:/Arib/MASSA AYAM/chicken detection + constrative classification/data/crops_kolektor_gt/train/normal/11641_01840.png,0,normal,train,train,11641,11641.png,"[92, 10, 134, 71]",1.0,kolektor_gt,kolektor_permukaan
C:/Arib/MASSA AYAM/chicken detection + constrative classification/data/crops_kolektor_gt/train/normal/11642_01842.png,0,normal,train,train,11642,11642.png,"[18, 297, 145, 387]",1.0,kolektor_gt,kolektor_permukaan
C:/Arib/MASSA AYAM/chicken detection + constrative classification/data/crops_kolektor_gt/train/normal/11643_01844.png,0,normal,train,train,11643,11643.png,"[49, 368, 113, 441]",1.0,kolektor_gt,kolektor_permukaan
C:/Arib/MASSA AYAM/chicken detection + constrative classification/data/crops_kolektor_gt/train/normal/11645_01846.png,0,normal,train,train,11645,11645.png,"[67, 178, 96, 211]",1.0,kolektor_gt,kolektor_permukaan
C:/Arib/MASSA AYAM/chicken detection + constrative classification/data/crops_kolektor_gt/train/normal/11646_01847.png,0,normal,train,train,11646,11646.png,"[45, 200, 93, 276]",1.0,kolektor_gt,kolektor_permukaan
C:/Arib/MASSA AYAM/chicken detection + constrative classification/data/crops_kolektor_gt/train/normal/11648_01849.png,0,normal,train,train,11648,11648.png,"[97, 113, 167, 147]",1.0,kolektor_gt,kolektor_permukaan
C:/Arib/MASSA AYAM/chicken detection + constrative classification/data/crops_kolektor_gt/train/normal/11649_01850.png,0,normal,train,train,11649,11649.png,"[1, 233, 227, 380]",1.0,kolektor_gt,kolektor_permukaan
C:/Arib/MASSA AYAM/chicken detection + constrative classification/data/crops_kolektor_gt/train/normal/11650_01851.png,0,normal,train,train,11650,11650.png,"[169, 175, 199, 204]",1.0,kolektor_gt,kolektor_permukaan
C:/Arib/MASSA AYAM/chicken detection + constrative classification/data/crops_kolektor_gt/train/normal/11651_01852.png,0,normal,train,train,11651,11651.png,"[182, 66, 207, 78]",1.0,kolektor_gt,kolektor_permukaan
C:/Arib/MASSA AYAM/chicken detection + constrative classification/data/crops_kolektor_gt/train/normal/11652_01853.png,0,normal,train,train,11652,11652.png,"[48, 196, 112, 230]",1.0,kolektor_gt,kolektor_permukaan
C:/Arib/MASSA AYAM/chicken detection + constrative classification/data/crops_kolektor_gt/train/normal/11653_01854.png,0,normal,train,train,11653,11653.png,"[81, 439, 135, 467]",1.0,kolektor_gt,kolektor_permukaan
C:/Arib/MASSA AYAM/chicken detection + constrative classification/data/crops_kolektor_gt/train/normal/11654_01855.png,0,normal,train,train,11654,11654.png,"[11, 193, 59, 269]",1.0,kolektor_gt,kolektor_permukaan
C:/Arib/MASSA AYAM/chicken detection + constrative classification/data/crops_kolektor_gt/train/normal/11655_01856.png,0,normal,train,train,11655,11655.png,"[38, 335, 127, 452]",1.0,kolektor_gt,kolektor_permukaan
C:/Arib/MASSA AYAM/chicken detection + constrative classification/data/crops_kolektor_gt/train/normal/11657_01858.png,0,normal,train,train,11657,11657.png,"[53, 83, 128, 173]",1.0,kolektor_gt,kolektor_permukaan
C:/Arib/MASSA AYAM/chicken detection + constrative classification/data/crops_kolektor_gt/train/normal/11660_01862.png,0,normal,train,train,11660,11660.png,"[22, 329, 165, 382]",1.0,kolektor_gt,kolektor_permukaan
C:/Arib/MASSA AYAM/chicken detection + constrative classification/data/crops_kolektor_gt/train/normal/11661_01863.png,0,normal,train,train,11661,11661.png,"[183, 506, 209, 575]",1.0,kolektor_gt,kolektor_permukaan
C:/Arib/MASSA AYAM/chicken detection + constrative classification/data/crops_kolektor_gt/train/normal/11662_01865.png,0,normal,train,train,11662,11662.png,"[68, 410, 79, 468]",1.0,kolektor_gt,kolektor_permukaan
C:/Arib/MASSA AYAM/chicken detection + constrative classification/data/crops_kolektor_gt/train/normal/11664_01867.png,0,normal,train,train,11664,11664.png,"[60, 405, 81, 445]",1.0,kolektor_gt,kolektor_permukaan
C:/Arib/MASSA AYAM/chicken detection + constrative classification/data/crops_kolektor_gt/train/normal/11665_01868.png,0,normal,train,train,11665,11665.png,"[96, 292, 136, 508]",1.0,kolektor_gt,kolektor_permukaan
C:/Arib/MASSA AYAM/chicken detection + constrative classification/data/crops_kolektor_gt/train/normal/11666_01869.png,0,normal,train,train,11666,11666.png,"[65, 563, 119, 591]",1.0,kolektor_gt,kolektor_permukaan
C:/Arib/MASSA AYAM/chicken detection + constrative classification/data/crops_kolektor_gt/train/normal/11667_01870.png,0,normal,train,train,11667,11667.png,"[75, 455, 144, 487]",1.0,kolektor_gt,kolektor_permukaan
C:/Arib/MASSA AYAM/chicken detection + constrative classification/data/crops_kolektor_gt/train/normal/11668_01871.png,0,normal,train,train,11668,11668.png,"[149, 42, 198, 152]",1.0,kolektor_gt,kolektor_permukaan
C:/Arib/MASSA AYAM/chicken detection + constrative classification/data/crops_kolektor_gt/train/normal/11669_01873.png,0,normal,train,train,11669,11669.png,"[131, 344, 185, 392]",1.0,kolektor_gt,kolektor_permukaan
C:/Arib/MASSA AYAM/chicken detection + constrative classification/data/crops_kolektor_gt/train/normal/11672_01877.png,0,normal,train,train,11672,11672.png,"[22, 226, 146, 384]",1.0,kolektor_gt,kolektor_permukaan
C:/Arib/MASSA AYAM/chicken detection + constrative classification/data/crops_kolektor_gt/train/normal/11673_01878.png,0,normal,train,train,11673,11673.png,"[91, 84, 148, 99]",1.0,kolektor_gt,kolektor_permukaan
C:/Arib/MASSA AYAM/chicken detection + constrative classification/data/crops_kolektor_gt/train/normal/11674_01879.png,0,normal,train,train,11674,11674.png,"[65, 559, 171, 602]",1.0,kolektor_gt,kolektor_permukaan
C:/Arib/MASSA AYAM/chicken detection + constrative classification/data/crops_kolektor_gt/train/normal/11675_01880.png,0,normal,train,train,11675,11675.png,"[58, 100, 119, 120]",1.0,kolektor_gt,kolektor_permukaan
C:/Arib/MASSA AYAM/chicken detection + constrative classification/data/crops_kolektor_gt/train/normal/11676_01881.png,0,normal,train,train,11676,11676.png,"[4, 279, 118, 424]",1.0,kolektor_gt,kolektor_permukaan
C:/Arib/MASSA AYAM/chicken detection + constrative classification/data/crops_kolektor_gt/train/normal/11677_01882.png,0,normal,train,train,11677,11677.png,"[172, 337, 213, 393]",1.0,kolektor_gt,kolektor_permukaan
C:/Arib/MASSA AYAM/chicken detection + constrative classification/data/crops_kolektor_gt/train/normal/11678_01883.png,0,normal,train,train,11678,11678.png,"[1, 361, 227, 489]",1.0,kolektor_gt,kolektor_permukaan
C:/Arib/MASSA AYAM/chicken detection + constrative classification/data/crops_kolektor_gt/train/normal/11680_01885.png,0,normal,train,train,11680,11680.png,"[72, 354, 169, 419]",1.0,kolektor_gt,kolektor_permukaan
C:/Arib/MASSA AYAM/chicken detection + constrative classification/data/crops_kolektor_gt/train/normal/11681_01886.png,0,normal,train,train,11681,11681.png,"[103, 12, 131, 112]",1.0,kolektor_gt,kolektor_permukaan
C:/Arib/MASSA AYAM/chicken detection + constrative classification/data/crops_kolektor_gt/train/normal/11683_01888.png,0,normal,train,train,11683,11683.png,"[0, 119, 224, 266]",1.0,kolektor_gt,kolektor_permukaan
C:/Arib/MASSA AYAM/chicken detection + constrative classification/data/crops_kolektor_gt/train/normal/11684_01889.png,0,normal,train,train,11684,11684.png,"[118, 348, 196, 388]",1.0,kolektor_gt,kolektor_permukaan
C:/Arib/MASSA AYAM/chicken detection + constrative classification/data/crops_kolektor_gt/train/normal/11685_01890.png,0,normal,train,train,11685,11685.png,"[48, 439, 151, 479]",1.0,kolektor_gt,kolektor_permukaan
C:/Arib/MASSA AYAM/chicken detection + constrative classification/data/crops_kolektor_gt/train/normal/11687_01892.png,0,normal,train,train,11687,11687.png,"[47, 142, 173, 245]",1.0,kolektor_gt,kolektor_permukaan
C:/Arib/MASSA AYAM/chicken detection + constrative classification/data/crops_kolektor_gt/train/normal/11688_01893.png,0,normal,train,train,11688,11688.png,"[19, 9, 211, 94]",1.0,kolektor_gt,kolektor_permukaan
C:/Arib/MASSA AYAM/chicken detection + constrative classification/data/crops_kolektor_gt/train/normal/11689_01894.png,0,normal,train,train,11689,11689.png,"[86, 230, 123, 271]",1.0,kolektor_gt,kolektor_permukaan
C:/Arib/MASSA AYAM/chicken detection + constrative classification/data/crops_kolektor_gt/train/normal/11690_01895.png,0,normal,train,train,11690,11690.png,"[195, 306, 223, 406]",1.0,kolektor_gt,kolektor_permukaan
C:/Arib/MASSA AYAM/chicken detection + constrative classification/data/crops_kolektor_gt/train/normal/11691_01896.png,0,normal,train,train,11691,11691.png,"[72, 16, 181, 282]",1.0,kolektor_gt,kolektor_permukaan
C:/Arib/MASSA AYAM/chicken detection + constrative classification/data/crops_kolektor_gt/train/normal/11692_01897.png,0,normal,train,train,11692,11692.png,"[84, 400, 141, 499]",1.0,kolektor_gt,kolektor_permukaan
C:/Arib/MASSA AYAM/chicken detection + constrative classification/data/crops_kolektor_gt/train/normal/11694_01899.png,0,normal,train,train,11694,11694.png,"[60, 55, 160, 188]",1.0,kolektor_gt,kolektor_permukaan
C:/Arib/MASSA AYAM/chicken detection + constrative classification/data/crops_kolektor_gt/train/normal/11696_01902.png,0,normal,train,train,11696,11696.png,"[23, 175, 62, 219]",1.0,kolektor_gt,kolektor_permukaan
C:/Arib/MASSA AYAM/chicken detection + constrative classification/data/crops_kolektor_gt/train/normal/11697_01903.png,0,normal,train,train,11697,11697.png,"[8, 500, 79, 598]",1.0,kolektor_gt,kolektor_permukaan
C:/Arib/MASSA AYAM/chicken detection + constrative classification/data/crops_kolektor_gt/train/normal/11698_01904.png,0,normal,train,train,11698,11698.png,"[17, 395, 38, 484]",1.0,kolektor_gt,kolektor_permukaan
C:/Arib/MASSA AYAM/chicken detection + constrative classification/data/crops_kolektor_gt/train/normal/11701_01907.png,0,normal,train,train,11701,11701.png,"[83, 420, 106, 452]",1.0,kolektor_gt,kolektor_permukaan
C:/Arib/MASSA AYAM/chicken detection + constrative classification/data/crops_kolektor_gt/train/normal/11702_01908.png,0,normal,train,train,11702,11702.png,"[33, 549, 111, 574]",1.0,kolektor_gt,kolektor_permukaan
C:/Arib/MASSA AYAM/chicken detection + constrative classification/data/crops_kolektor_gt/train/normal/11703_01909.png,0,normal,train,train,11703,11703.png,"[99, 211, 166, 238]",1.0,kolektor_gt,kolektor_permukaan
C:/Arib/MASSA AYAM/chicken detection + constrative classification/data/crops_kolektor_gt/train/normal/11707_01913.png,0,normal,train,train,11707,11707.png,"[36, 456, 78, 517]",1.0,kolektor_gt,kolektor_permukaan
C:/Arib/MASSA AYAM/chicken detection + constrative classification/data/crops_kolektor_gt/train/normal/11709_01915.png,0,normal,train,train,11709,11709.png,"[117, 473, 164, 529]",1.0,kolektor_gt,kolektor_permukaan
C:/Arib/MASSA AYAM/chicken detection + constrative classification/data/crops_kolektor_gt/train/normal/11711_01918.png,0,normal,train,train,11711,11711.png,"[100, 179, 134, 207]",1.0,kolektor_gt,kolektor_permukaan
C:/Arib/MASSA AYAM/chicken detection + constrative classification/data/crops_kolektor_gt/train/normal/11712_01919.png,0,normal,train,train,11712,11712.png,"[158, 442, 202, 476]",1.0,kolektor_gt,kolektor_permukaan
C:/Arib/MASSA AYAM/chicken detection + constrative classification/data/crops_kolektor_gt/train/normal/11713_01921.png,0,normal,train,train,11713,11713.png,"[49, 466, 189, 625]",1.0,kolektor_gt,kolektor_permukaan
C:/Arib/MASSA AYAM/chicken detection + constrative classification/data/crops_kolektor_gt/train/normal/11714_01922.png,0,normal,train,train,11714,11714.png,"[100, 44, 146, 89]",1.0,kolektor_gt,kolektor_permukaan
C:/Arib/MASSA AYAM/chicken detection + constrative classification/data/crops_kolektor_gt/train/normal/11717_01925.png,0,normal,train,train,11717,11717.png,"[70, 62, 182, 328]",1.0,kolektor_gt,kolektor_permukaan
C:/Arib/MASSA AYAM/chicken detection + constrative classification/data/crops_kolektor_gt/train/normal/11718_01926.png,0,normal,train,train,11718,11718.png,"[13, 258, 155, 383]",1.0,kolektor_gt,kolektor_permukaan
C:/Arib/MASSA AYAM/chicken detection + constrative classification/data/crops_kolektor_gt/train/normal/11719_01927.png,0,normal,train,train,11719,11719.png,"[104, 461, 158, 536]",1.0,kolektor_gt,kolektor_permukaan
C:/Arib/MASSA AYAM/chicken detection + constrative classification/data/crops_kolektor_gt/train/normal/11720_01928.png,0,normal,train,train,11720,11720.png,"[64, 45, 171, 75]",1.0,kolektor_gt,kolektor_permukaan
C:/Arib/MASSA AYAM/chicken detection + constrative classification/data/crops_kolektor_gt/train/normal/11721_01929.png,0,normal,train,train,11721,11721.png,"[163, 472, 221, 522]",1.0,kolektor_gt,kolektor_permukaan
C:/Arib/MASSA AYAM/chicken detection + constrative classification/data/crops_kolektor_gt/train/normal/11722_01930.png,0,normal,train,train,11722,11722.png,"[49, 406, 95, 481]",1.0,kolektor_gt,kolektor_permukaan
C:/Arib/MASSA AYAM/chicken detection + constrative classification/data/crops_kolektor_gt/train/normal/11723_01931.png,0,normal,train,train,11723,11723.png,"[29, 139, 114, 244]",1.0,kolektor_gt,kolektor_permukaan
C:/Arib/MASSA AYAM/chicken detection + constrative classification/data/crops_kolektor_gt/train/normal/11724_01932.png,0,normal,train,train,11724,11724.png,"[62, 472, 205, 525]",1.0,kolektor_gt,kolektor_permukaan
C:/Arib/MASSA AYAM/chicken detection + constrative classification/data/crops_kolektor_gt/train/normal/11727_01935.png,0,normal,train,train,11727,11727.png,"[155, 102, 190, 148]",1.0,kolektor_gt,kolektor_permukaan
C:/Arib/MASSA AYAM/chicken detection + constrative classification/data/crops_kolektor_gt/train/normal/11728_01936.png,0,normal,train,train,11728,11728.png,"[136, 400, 208, 523]",1.0,kolektor_gt,kolektor_permukaan
C:/Arib/MASSA AYAM/chicken detection + constrative classification/data/crops_kolektor_gt/train/normal/11729_01937.png,0,normal,train,train,11729,11729.png,"[69, 157, 137, 223]",1.0,kolektor_gt,kolektor_permukaan
C:/Arib/MASSA AYAM/chicken detection + constrative classification/data/crops_kolektor_gt/train/normal/11731_01939.png,0,normal,train,train,11731,11731.png,"[113, 48, 205, 86]",1.0,kolektor_gt,kolektor_permukaan
C:/Arib/MASSA AYAM/chicken detection + constrative classification/data/crops_kolektor_gt/train/normal/11732_01940.png,0,normal,train,train,11732,11732.png,"[26, 399, 111, 437]",1.0,kolektor_gt,kolektor_permukaan
C:/Arib/MASSA AYAM/chicken detection + constrative classification/data/crops_kolektor_gt/train/normal/11733_01941.png,0,normal,train,train,11733,11733.png,"[13, 4, 40, 109]",1.0,kolektor_gt,kolektor_permukaan
C:/Arib/MASSA AYAM/chicken detection + constrative classification/data/crops_kolektor_gt/train/normal/11734_01942.png,0,normal,train,train,11734,11734.png,"[196, 206, 214, 270]",1.0,kolektor_gt,kolektor_permukaan
C:/Arib/MASSA AYAM/chicken detection + constrative classification/data/crops_kolektor_gt/train/normal/11735_01943.png,0,normal,train,train,11735,11735.png,"[61, 204, 115, 232]",1.0,kolektor_gt,kolektor_permukaan
C:/Arib/MASSA AYAM/chicken detection + constrative classification/data/crops_kolektor_gt/train/normal/11736_01944.png,0,normal,train,train,11736,11736.png,"[7, 14, 19, 27]",1.0,kolektor_gt,kolektor_permukaan
C:/Arib/MASSA AYAM/chicken detection + constrative classification/data/crops_kolektor_gt/train/normal/11738_01946.png,0,normal,train,train,11738,11738.png,"[170, 171, 217, 216]",1.0,kolektor_gt,kolektor_permukaan
C:/Arib/MASSA AYAM/chicken detection + constrative classification/data/crops_kolektor_gt/train/normal/11740_01949.png,0,normal,train,train,11740,11740.png,"[82, 287, 102, 391]",1.0,kolektor_gt,kolektor_permukaan
C:/Arib/MASSA AYAM/chicken detection + constrative classification/data/crops_kolektor_gt/train/normal/11741_01950.png,0,normal,train,train,11741,11741.png,"[119, 554, 226, 584]",1.0,kolektor_gt,kolektor_permukaan
C:/Arib/MASSA AYAM/chicken detection + constrative classification/data/crops_kolektor_gt/train/normal/11743_01952.png,0,normal,train,train,11743,11743.png,"[82, 177, 119, 201]",1.0,kolektor_gt,kolektor_permukaan
C:/Arib/MASSA AYAM/chicken detection + constrative classification/data/crops_kolektor_gt/train/normal/11744_01953.png,0,normal,train,train,11744,11744.png,"[3, 398, 74, 417]",1.0,kolektor_gt,kolektor_permukaan
C:/Arib/MASSA AYAM/chicken detection + constrative classification/data/crops_kolektor_gt/train/normal/11745_01954.png,0,normal,train,train,11745,11745.png,"[16, 285, 45, 318]",1.0,kolektor_gt,kolektor_permukaan
C:/Arib/MASSA AYAM/chicken detection + constrative classification/data/crops_kolektor_gt/train/normal/11746_01957.png,0,normal,train,train,11746,11746.png,"[11, 68, 87, 190]",1.0,kolektor_gt,kolektor_permukaan
C:/Arib/MASSA AYAM/chicken detection + constrative classification/data/crops_kolektor_gt/train/normal/11746_01958.png,0,normal,train,train,11746,11746.png,"[105, 308, 146, 427]",1.0,kolektor_gt,kolektor_permukaan
C:/Arib/MASSA AYAM/chicken detection + constrative classification/data/crops_kolektor_gt/train/normal/11747_01959.png,0,normal,train,train,11747,11747.png,"[26, 549, 99, 581]",1.0,kolektor_gt,kolektor_permukaan
C:/Arib/MASSA AYAM/chicken detection + constrative classification/data/crops_kolektor_gt/train/normal/11748_01960.png,0,normal,train,train,11748,11748.png,"[64, 97, 87, 129]",1.0,kolektor_gt,kolektor_permukaan
C:/Arib/MASSA AYAM/chicken detection + constrative classification/data/crops_kolektor_gt/train/normal/11750_01963.png,0,normal,train,train,11750,11750.png,"[81, 325, 189, 410]",1.0,kolektor_gt,kolektor_permukaan
C:/Arib/MASSA AYAM/chicken detection + constrative classification/data/crops_kolektor_gt/train/normal/11751_01964.png,0,normal,train,train,11751,11751.png,"[17, 343, 84, 463]",1.0,kolektor_gt,kolektor_permukaan
C:/Arib/MASSA AYAM/chicken detection + constrative classification/data/crops_kolektor_gt/train/normal/11753_01966.png,0,normal,train,train,11753,11753.png,"[64, 300, 198, 454]",1.0,kolektor_gt,kolektor_permukaan
C:/Arib/MASSA AYAM/chicken detection + constrative classification/data/crops_kolektor_gt/train/normal/11754_01967.png,0,normal,train,train,11754,11754.png,"[59, 21, 83, 94]",1.0,kolektor_gt,kolektor_permukaan
C:/Arib/MASSA AYAM/chicken detection + constrative classification/data/crops_kolektor_gt/train/normal/11756_01970.png,0,normal,train,train,11756,11756.png,"[51, 155, 123, 254]",1.0,kolektor_gt,kolektor_permukaan
C:/Arib/MASSA AYAM/chicken detection + constrative classification/data/crops_kolektor_gt/train/normal/11757_01971.png,0,normal,train,train,11757,11757.png,"[60, 454, 104, 517]",1.0,kolektor_gt,kolektor_permukaan
C:/Arib/MASSA AYAM/chicken detection + constrative classification/data/crops_kolektor_gt/train/normal/11758_01972.png,0,normal,train,train,11758,11758.png,"[34, 284, 64, 362]",1.0,kolektor_gt,kolektor_permukaan
C:/Arib/MASSA AYAM/chicken detection + constrative classification/data/crops_kolektor_gt/train/normal/11759_01973.png,0,normal,train,train,11759,11759.png,"[33, 424, 208, 513]",1.0,kolektor_gt,kolektor_permukaan
C:/Arib/MASSA AYAM/chicken detection + constrative classification/data/crops_kolektor_gt/train/normal/11760_01974.png,0,normal,train,train,11760,11760.png,"[192, 24, 223, 47]",1.0,kolektor_gt,kolektor_permukaan
C:/Arib/MASSA AYAM/chicken detection + constrative classification/data/crops_kolektor_gt/train/normal/11761_01975.png,0,normal,train,train,11761,11761.png,"[87, 248, 112, 278]",1.0,kolektor_gt,kolektor_permukaan
C:/Arib/MASSA AYAM/chicken detection + constrative classification/data/crops_kolektor_gt/train/normal/11762_01976.png,0,normal,train,train,11762,11762.png,"[63, 410, 157, 570]",1.0,kolektor_gt,kolektor_permukaan
C:/Arib/MASSA AYAM/chicken detection + constrative classification/data/crops_kolektor_gt/train/normal/11763_01977.png,0,normal,train,train,11763,11763.png,"[155, 390, 206, 444]",1.0,kolektor_gt,kolektor_permukaan
C:/Arib/MASSA AYAM/chicken detection + constrative classification/data/crops_kolektor_gt/train/normal/11765_01979.png,0,normal,train,train,11765,11765.png,"[17, 197, 64, 253]",1.0,kolektor_gt,kolektor_permukaan
C:/Arib/MASSA AYAM/chicken detection + constrative classification/data/crops_kolektor_gt/train/normal/11769_01983.png,0,normal,train,train,11769,11769.png,"[108, 180, 156, 256]",1.0,kolektor_gt,kolektor_permukaan
C:/Arib/MASSA AYAM/chicken detection + constrative classification/data/crops_kolektor_gt/train/normal/11770_01985.png,0,normal,train,train,11770,11770.png,"[77, 292, 99, 325]",1.0,kolektor_gt,kolektor_permukaan
C:/Arib/MASSA AYAM/chicken detection + constrative classification/data/crops_kolektor_gt/train/normal/11772_01987.png,0,normal,train,train,11772,11772.png,"[50, 193, 164, 338]",1.0,kolektor_gt,kolektor_permukaan
C:/Arib/MASSA AYAM/chicken detection + constrative classification/data/crops_kolektor_gt/train/normal/11773_01988.png,0,normal,train,train,11773,11773.png,"[108, 517, 172, 590]",1.0,kolektor_gt,kolektor_permukaan
C:/Arib/MASSA AYAM/chicken detection + constrative classification/data/crops_kolektor_gt/train/normal/11774_01989.png,0,normal,train,train,11774,11774.png,"[39, 493, 93, 508]",1.0,kolektor_gt,kolektor_permukaan
C:/Arib/MASSA AYAM/chicken detection + constrative classification/data/crops_kolektor_gt/train/normal/11775_01991.png,0,normal,train,train,11775,11775.png,"[97, 218, 159, 368]",1.0,kolektor_gt,kolektor_permukaan
C:/Arib/MASSA AYAM/chicken detection + constrative classification/data/crops_kolektor_gt/train/normal/11777_01993.png,0,normal,train,train,11777,11777.png,"[97, 474, 186, 546]",1.0,kolektor_gt,kolektor_permukaan
C:/Arib/MASSA AYAM/chicken detection + constrative classification/data/crops_kolektor_gt/train/normal/11780_01996.png,0,normal,train,train,11780,11780.png,"[39, 194, 80, 250]",1.0,kolektor_gt,kolektor_permukaan
C:/Arib/MASSA AYAM/chicken detection + constrative classification/data/crops_kolektor_gt/train/normal/11784_02000.png,0,normal,train,train,11784,11784.png,"[104, 39, 155, 74]",1.0,kolektor_gt,kolektor_permukaan
C:/Arib/MASSA AYAM/chicken detection + constrative classification/data/crops_kolektor_gt/train/normal/11785_02001.png,0,normal,train,train,11785,11785.png,"[98, 477, 170, 600]",1.0,kolektor_gt,kolektor_permukaan
C:/Arib/MASSA AYAM/chicken detection + constrative classification/data/crops_kolektor_gt/train/normal/11786_02002.png,0,normal,train,train,11786,11786.png,"[97, 446, 214, 530]",1.0,kolektor_gt,kolektor_permukaan
C:/Arib/MASSA AYAM/chicken detection + constrative classification/data/crops_kolektor_gt/train/normal/11788_02004.png,0,normal,train,train,11788,11788.png,"[14, 394, 90, 516]",1.0,kolektor_gt,kolektor_permukaan
C:/Arib/MASSA AYAM/chicken detection + constrative classification/data/crops_kolektor_gt/train/normal/11789_02005.png,0,normal,train,train,11789,11789.png,"[62, 489, 106, 585]",1.0,kolektor_gt,kolektor_permukaan
C:/Arib/MASSA AYAM/chicken detection + constrative classification/data/crops_kolektor_gt/train/normal/11790_02006.png,0,normal,train,train,11790,11790.png,"[161, 28, 178, 38]",1.0,kolektor_gt,kolektor_permukaan
C:/Arib/MASSA AYAM/chicken detection + constrative classification/data/crops_kolektor_gt/train/normal/11791_02007.png,0,normal,train,train,11791,11791.png,"[66, 466, 118, 495]",1.0,kolektor_gt,kolektor_permukaan
C:/Arib/MASSA AYAM/chicken detection + constrative classification/data/crops_kolektor_gt/train/normal/11792_02008.png,0,normal,train,train,11792,11792.png,"[65, 253, 117, 282]",1.0,kolektor_gt,kolektor_permukaan
C:/Arib/MASSA AYAM/chicken detection + constrative classification/data/crops_kolektor_gt/train/normal/11793_02009.png,0,normal,train,train,11793,11793.png,"[3, 119, 25, 144]",1.0,kolektor_gt,kolektor_permukaan
C:/Arib/MASSA AYAM/chicken detection + constrative classification/data/crops_kolektor_gt/train/normal/11794_02010.png,0,normal,train,train,11794,11794.png,"[101, 361, 137, 561]",1.0,kolektor_gt,kolektor_permukaan
C:/Arib/MASSA AYAM/chicken detection + constrative classification/data/crops_kolektor_gt/train/normal/11796_02012.png,0,normal,train,train,11796,11796.png,"[212, 437, 228, 452]",1.0,kolektor_gt,kolektor_permukaan
C:/Arib/MASSA AYAM/chicken detection + constrative classification/data/crops_kolektor_gt/train/normal/11798_02014.png,0,normal,train,train,11798,11798.png,"[150, 315, 214, 415]",1.0,kolektor_gt,kolektor_permukaan
C:/Arib/MASSA AYAM/chicken detection + constrative classification/data/crops_kolektor_gt/train/normal/11799_02015.png,0,normal,train,train,11799,11799.png,"[13, 352, 137, 430]",1.0,kolektor_gt,kolektor_permukaan
C:/Arib/MASSA AYAM/chicken detection + constrative classification/data/crops_kolektor_gt/train/normal/11801_02018.png,0,normal,train,train,11801,11801.png,"[78, 6, 132, 64]",1.0,kolektor_gt,kolektor_permukaan
C:/Arib/MASSA AYAM/chicken detection + constrative classification/data/crops_kolektor_gt/train/normal/11802_02019.png,0,normal,train,train,11802,11802.png,"[0, 99, 47, 155]",1.0,kolektor_gt,kolektor_permukaan
C:/Arib/MASSA AYAM/chicken detection + constrative classification/data/crops_kolektor_gt/train/normal/11804_02022.png,0,normal,train,train,11804,11804.png,"[187, 441, 218, 464]",1.0,kolektor_gt,kolektor_permukaan
C:/Arib/MASSA AYAM/chicken detection + constrative classification/data/crops_kolektor_gt/train/normal/11805_02023.png,0,normal,train,train,11805,11805.png,"[47, 137, 101, 165]",1.0,kolektor_gt,kolektor_permukaan
C:/Arib/MASSA AYAM/chicken detection + constrative classification/data/crops_kolektor_gt/train/normal/11808_02027.png,0,normal,train,train,11808,11808.png,"[95, 187, 176, 219]",1.0,kolektor_gt,kolektor_permukaan
C:/Arib/MASSA AYAM/chicken detection + constrative classification/data/crops_kolektor_gt/train/normal/11809_02028.png,0,normal,train,train,11809,11809.png,"[33, 418, 166, 448]",1.0,kolektor_gt,kolektor_permukaan
C:/Arib/MASSA AYAM/chicken detection + constrative classification/data/crops_kolektor_gt/train/normal/11810_02030.png,0,normal,train,train,11810,11810.png,"[160, 111, 224, 184]",1.0,kolektor_gt,kolektor_permukaan
C:/Arib/MASSA AYAM/chicken detection + constrative classification/data/crops_kolektor_gt/train/normal/11811_02031.png,0,normal,train,train,11811,11811.png,"[10, 300, 118, 389]",1.0,kolektor_gt,kolektor_permukaan
C:/Arib/MASSA AYAM/chicken detection + constrative classification/data/crops_kolektor_gt/train/normal/11812_02032.png,0,normal,train,train,11812,11812.png,"[70, 65, 142, 188]",1.0,kolektor_gt,kolektor_permukaan
C:/Arib/MASSA AYAM/chicken detection + constrative classification/data/crops_kolektor_gt/train/normal/11813_02033.png,0,normal,train,train,11813,11813.png,"[122, 496, 147, 532]",1.0,kolektor_gt,kolektor_permukaan
C:/Arib/MASSA AYAM/chicken detection + constrative classification/data/crops_kolektor_gt/train/normal/11815_02035.png,0,normal,train,train,11815,11815.png,"[170, 42, 212, 103]",1.0,kolektor_gt,kolektor_permukaan
C:/Arib/MASSA AYAM/chicken detection + constrative classification/data/crops_kolektor_gt/train/normal/11816_02036.png,0,normal,train,train,11816,11816.png,"[1, 384, 86, 422]",1.0,kolektor_gt,kolektor_permukaan
C:/Arib/MASSA AYAM/chicken detection + constrative classification/data/crops_kolektor_gt/train/normal/11817_02037.png,0,normal,train,train,11817,11817.png,"[124, 484, 213, 510]",1.0,kolektor_gt,kolektor_permukaan
C:/Arib/MASSA AYAM/chicken detection + constrative classification/data/crops_kolektor_gt/train/normal/11818_02038.png,0,normal,train,train,11818,11818.png,"[10, 189, 214, 316]",1.0,kolektor_gt,kolektor_permukaan
C:/Arib/MASSA AYAM/chicken detection + constrative classification/data/crops_kolektor_gt/train/normal/11820_02040.png,0,normal,train,train,11820,11820.png,"[96, 58, 142, 133]",1.0,kolektor_gt,kolektor_permukaan
C:/Arib/MASSA AYAM/chicken detection + constrative classification/data/crops_kolektor_gt/train/normal/11822_02042.png,0,normal,train,train,11822,11822.png,"[185, 142, 227, 190]",1.0,kolektor_gt,kolektor_permukaan
C:/Arib/MASSA AYAM/chicken detection + constrative classification/data/crops_kolektor_gt/train/normal/11823_02043.png,0,normal,train,train,11823,11823.png,"[67, 143, 191, 299]",1.0,kolektor_gt,kolektor_permukaan
C:/Arib/MASSA AYAM/chicken detection + constrative classification/data/crops_kolektor_gt/train/normal/11827_02047.png,0,normal,train,train,11827,11827.png,"[83, 454, 163, 529]",1.0,kolektor_gt,kolektor_permukaan
C:/Arib/MASSA AYAM/chicken detection + constrative classification/data/crops_kolektor_gt/train/normal/11831_02051.png,0,normal,train,train,11831,11831.png,"[8, 130, 71, 185]",1.0,kolektor_gt,kolektor_permukaan
C:/Arib/MASSA AYAM/chicken detection + constrative classification/data/crops_kolektor_gt/train/normal/11832_02053.png,0,normal,train,train,11832,11832.png,"[43, 456, 121, 496]",1.0,kolektor_gt,kolektor_permukaan
C:/Arib/MASSA AYAM/chicken detection + constrative classification/data/crops_kolektor_gt/train/normal/11837_02059.png,0,normal,train,train,11837,11837.png,"[114, 126, 226, 169]",1.0,kolektor_gt,kolektor_permukaan
C:/Arib/MASSA AYAM/chicken detection + constrative classification/data/crops_kolektor_gt/train/normal/11839_02061.png,0,normal,train,train,11839,11839.png,"[164, 351, 201, 395]",1.0,kolektor_gt,kolektor_permukaan
C:/Arib/MASSA AYAM/chicken detection + constrative classification/data/crops_kolektor_gt/train/normal/11840_02062.png,0,normal,train,train,11840,11840.png,"[164, 447, 228, 547]",1.0,kolektor_gt,kolektor_permukaan
C:/Arib/MASSA AYAM/chicken detection + constrative classification/data/crops_kolektor_gt/train/normal/11841_02063.png,0,normal,train,train,11841,11841.png,"[66, 118, 100, 152]",1.0,kolektor_gt,kolektor_permukaan
C:/Arib/MASSA AYAM/chicken detection + constrative classification/data/crops_kolektor_gt/train/normal/11842_02064.png,0,normal,train,train,11842,11842.png,"[22, 348, 85, 375]",1.0,kolektor_gt,kolektor_permukaan
C:/Arib/MASSA AYAM/chicken detection + constrative classification/data/crops_kolektor_gt/train/normal/11843_02065.png,0,normal,train,train,11843,11843.png,"[29, 293, 129, 426]",1.0,kolektor_gt,kolektor_permukaan
C:/Arib/MASSA AYAM/chicken detection + constrative classification/data/crops_kolektor_gt/train/normal/11844_02066.png,0,normal,train,train,11844,11844.png,"[97, 590, 200, 630]",1.0,kolektor_gt,kolektor_permukaan
C:/Arib/MASSA AYAM/chicken detection + constrative classification/data/crops_kolektor_gt/train/normal/11848_02070.png,0,normal,train,train,11848,11848.png,"[137, 471, 190, 520]",1.0,kolektor_gt,kolektor_permukaan
C:/Arib/MASSA AYAM/chicken detection + constrative classification/data/crops_kolektor_gt/train/normal/11849_02071.png,0,normal,train,train,11849,11849.png,"[56, 511, 128, 610]",1.0,kolektor_gt,kolektor_permukaan
C:/Arib/MASSA AYAM/chicken detection + constrative classification/data/crops_kolektor_gt/train/normal/11850_02072.png,0,normal,train,train,11850,11850.png,"[153, 290, 205, 319]",1.0,kolektor_gt,kolektor_permukaan
C:/Arib/MASSA AYAM/chicken detection + constrative classification/data/crops_kolektor_gt/train/normal/11851_02074.png,0,normal,train,train,11851,11851.png,"[95, 35, 216, 69]",1.0,kolektor_gt,kolektor_permukaan
C:/Arib/MASSA AYAM/chicken detection + constrative classification/data/crops_kolektor_gt/train/normal/11852_02075.png,0,normal,train,train,11852,11852.png,"[128, 126, 230, 189]",1.0,kolektor_gt,kolektor_permukaan
C:/Arib/MASSA AYAM/chicken detection + constrative classification/data/crops_kolektor_gt/train/normal/11853_02076.png,0,normal,train,train,11853,11853.png,"[161, 424, 207, 555]",1.0,kolektor_gt,kolektor_permukaan
C:/Arib/MASSA AYAM/chicken detection + constrative classification/data/crops_kolektor_gt/train/normal/11854_02077.png,0,normal,train,train,11854,11854.png,"[96, 60, 192, 96]",1.0,kolektor_gt,kolektor_permukaan
C:/Arib/MASSA AYAM/chicken detection + constrative classification/data/crops_kolektor_gt/train/normal/11855_02078.png,0,normal,train,train,11855,11855.png,"[19, 215, 148, 240]",1.0,kolektor_gt,kolektor_permukaan
C:/Arib/MASSA AYAM/chicken detection + constrative classification/data/crops_kolektor_gt/train/normal/11856_02079.png,0,normal,train,train,11856,11856.png,"[179, 53, 210, 130]",1.0,kolektor_gt,kolektor_permukaan
C:/Arib/MASSA AYAM/chicken detection + constrative classification/data/crops_kolektor_gt/train/normal/11857_02080.png,0,normal,train,train,11857,11857.png,"[124, 401, 168, 435]",1.0,kolektor_gt,kolektor_permukaan
C:/Arib/MASSA AYAM/chicken detection + constrative classification/data/crops_kolektor_gt/train/normal/11858_02082.png,0,normal,train,train,11858,11858.png,"[40, 22, 137, 87]",1.0,kolektor_gt,kolektor_permukaan
C:/Arib/MASSA AYAM/chicken detection + constrative classification/data/crops_kolektor_gt/train/normal/11859_02083.png,0,normal,train,train,11859,11859.png,"[108, 347, 149, 608]",1.0,kolektor_gt,kolektor_permukaan
C:/Arib/MASSA AYAM/chicken detection + constrative classification/data/crops_kolektor_gt/train/normal/11861_02085.png,0,normal,train,train,11861,11861.png,"[72, 199, 101, 269]",1.0,kolektor_gt,kolektor_permukaan
C:/Arib/MASSA AYAM/chicken detection + constrative classification/data/crops_kolektor_gt/train/normal/11862_02086.png,0,normal,train,train,11862,11862.png,"[24, 134, 92, 208]",1.0,kolektor_gt,kolektor_permukaan
C:/Arib/MASSA AYAM/chicken detection + constrative classification/data/crops_kolektor_gt/train/normal/11863_02087.png,0,normal,train,train,11863,11863.png,"[77, 234, 171, 394]",1.0,kolektor_gt,kolektor_permukaan
C:/Arib/MASSA AYAM/chicken detection + constrative classification/data/crops_kolektor_gt/train/normal/11864_02088.png,0,normal,train,train,11864,11864.png,"[113, 494, 183, 528]",1.0,kolektor_gt,kolektor_permukaan
C:/Arib/MASSA AYAM/chicken detection + constrative classification/data/crops_kolektor_gt/train/normal/11865_02089.png,0,normal,train,train,11865,11865.png,"[26, 223, 147, 257]",1.0,kolektor_gt,kolektor_permukaan
C:/Arib/MASSA AYAM/chicken detection + constrative classification/data/crops_kolektor_gt/train/normal/11866_02090.png,0,normal,train,train,11866,11866.png,"[188, 9, 229, 65]",1.0,kolektor_gt,kolektor_permukaan
C:/Arib/MASSA AYAM/chicken detection + constrative classification/data/crops_kolektor_gt/train/normal/11871_02097.png,0,normal,train,train,11871,11871.png,"[65, 346, 201, 424]",1.0,kolektor_gt,kolektor_permukaan
C:/Arib/MASSA AYAM/chicken detection + constrative classification/data/crops_kolektor_gt/train/normal/11872_02098.png,0,normal,train,train,11872,11872.png,"[80, 413, 192, 453]",1.0,kolektor_gt,kolektor_permukaan
C:/Arib/MASSA AYAM/chicken detection + constrative classification/data/crops_kolektor_gt/train/normal/11873_02099.png,0,normal,train,train,11873,11873.png,"[30, 406, 166, 484]",1.0,kolektor_gt,kolektor_permukaan
C:/Arib/MASSA AYAM/chicken detection + constrative classification/data/crops_kolektor_gt/train/normal/11874_02101.png,0,normal,train,train,11874,11874.png,"[168, 91, 228, 136]",1.0,kolektor_gt,kolektor_permukaan
C:/Arib/MASSA AYAM/chicken detection + constrative classification/data/crops_kolektor_gt/train/normal/11875_02102.png,0,normal,train,train,11875,11875.png,"[70, 455, 134, 555]",1.0,kolektor_gt,kolektor_permukaan
C:/Arib/MASSA AYAM/chicken detection + constrative classification/data/crops_kolektor_gt/train/normal/11876_02103.png,0,normal,train,train,11876,11876.png,"[29, 84, 71, 142]",1.0,kolektor_gt,kolektor_permukaan
C:/Arib/MASSA AYAM/chicken detection + constrative classification/data/crops_kolektor_gt/train/normal/11877_02104.png,0,normal,train,train,11877,11877.png,"[57, 23, 73, 33]",1.0,kolektor_gt,kolektor_permukaan
C:/Arib/MASSA AYAM/chicken detection + constrative classification/data/crops_kolektor_gt/train/normal/11879_02106.png,0,normal,train,train,11879,11879.png,"[98, 495, 153, 522]",1.0,kolektor_gt,kolektor_permukaan
C:/Arib/MASSA AYAM/chicken detection + constrative classification/data/crops_kolektor_gt/train/normal/11880_02107.png,0,normal,train,train,11880,11880.png,"[76, 585, 101, 597]",1.0,kolektor_gt,kolektor_permukaan
C:/Arib/MASSA AYAM/chicken detection + constrative classification/data/crops_kolektor_gt/train/normal/11881_02108.png,0,normal,train,train,11881,11881.png,"[16, 550, 70, 625]",1.0,kolektor_gt,kolektor_permukaan
C:/Arib/MASSA AYAM/chicken detection + constrative classification/data/crops_kolektor_gt/train/normal/11882_02109.png,0,normal,train,train,11882,11882.png,"[100, 284, 162, 434]",1.0,kolektor_gt,kolektor_permukaan
C:/Arib/MASSA AYAM/chicken detection + constrative classification/data/crops_kolektor_gt/train/normal/11883_02110.png,0,normal,train,train,11883,11883.png,"[16, 531, 91, 621]",1.0,kolektor_gt,kolektor_permukaan
C:/Arib/MASSA AYAM/chicken detection + constrative classification/data/crops_kolektor_gt/train/normal/11884_02112.png,0,normal,train,train,11884,11884.png,"[53, 494, 125, 617]",1.0,kolektor_gt,kolektor_permukaan
C:/Arib/MASSA AYAM/chicken detection + constrative classification/data/crops_kolektor_gt/train/normal/11885_02113.png,0,normal,train,train,11885,11885.png,"[23, 184, 159, 262]",1.0,kolektor_gt,kolektor_permukaan
C:/Arib/MASSA AYAM/chicken detection + constrative classification/data/crops_kolektor_gt/train/normal/11886_02114.png,0,normal,train,train,11886,11886.png,"[80, 125, 155, 143]",1.0,kolektor_gt,kolektor_permukaan
C:/Arib/MASSA AYAM/chicken detection + constrative classification/data/crops_kolektor_gt/train/normal/11893_02121.png,0,normal,train,train,11893,11893.png,"[90, 551, 175, 589]",1.0,kolektor_gt,kolektor_permukaan
C:/Arib/MASSA AYAM/chicken detection + constrative classification/data/crops_kolektor_gt/train/normal/11894_02122.png,0,normal,train,train,11894,11894.png,"[169, 45, 190, 80]",1.0,kolektor_gt,kolektor_permukaan
C:/Arib/MASSA AYAM/chicken detection + constrative classification/data/crops_kolektor_gt/train/normal/11895_02123.png,0,normal,train,train,11895,11895.png,"[36, 306, 136, 439]",1.0,kolektor_gt,kolektor_permukaan
C:/Arib/MASSA AYAM/chicken detection + constrative classification/data/crops_kolektor_gt/train/normal/11896_02124.png,0,normal,train,train,11896,11896.png,"[34, 565, 126, 603]",1.0,kolektor_gt,kolektor_permukaan
C:/Arib/MASSA AYAM/chicken detection + constrative classification/data/crops_kolektor_gt/train/normal/11897_02125.png,0,normal,train,train,11897,11897.png,"[71, 131, 98, 151]",1.0,kolektor_gt,kolektor_permukaan
C:/Arib/MASSA AYAM/chicken detection + constrative classification/data/crops_kolektor_gt/train/normal/11899_02128.png,0,normal,train,train,11899,11899.png,"[97, 167, 174, 270]",1.0,kolektor_gt,kolektor_permukaan
C:/Arib/MASSA AYAM/chicken detection + constrative classification/data/crops_kolektor_gt/train/normal/11901_02130.png,0,normal,train,train,11901,11901.png,"[137, 208, 165, 231]",1.0,kolektor_gt,kolektor_permukaan
C:/Arib/MASSA AYAM/chicken detection + constrative classification/data/crops_kolektor_gt/train/normal/11902_02131.png,0,normal,train,train,11902,11902.png,"[162, 197, 180, 208]",1.0,kolektor_gt,kolektor_permukaan
C:/Arib/MASSA AYAM/chicken detection + constrative classification/data/crops_kolektor_gt/train/normal/11903_02132.png,0,normal,train,train,11903,11903.png,"[154, 167, 191, 228]",1.0,kolektor_gt,kolektor_permukaan
C:/Arib/MASSA AYAM/chicken detection + constrative classification/data/crops_kolektor_gt/train/normal/11904_02133.png,0,normal,train,train,11904,11904.png,"[80, 444, 137, 543]",1.0,kolektor_gt,kolektor_permukaan
C:/Arib/MASSA AYAM/chicken detection + constrative classification/data/crops_kolektor_gt/train/normal/11905_02136.png,0,normal,train,train,11905,11905.png,"[140, 416, 218, 441]",1.0,kolektor_gt,kolektor_permukaan
C:/Arib/MASSA AYAM/chicken detection + constrative classification/data/crops_kolektor_gt/train/normal/11905_02137.png,0,normal,train,train,11905,11905.png,"[84, 91, 121, 135]",1.0,kolektor_gt,kolektor_permukaan
C:/Arib/MASSA AYAM/chicken detection + constrative classification/data/crops_kolektor_gt/train/normal/11906_02138.png,0,normal,train,train,11906,11906.png,"[99, 279, 228, 304]",1.0,kolektor_gt,kolektor_permukaan
C:/Arib/MASSA AYAM/chicken detection + constrative classification/data/crops_kolektor_gt/train/normal/11907_02139.png,0,normal,train,train,11907,11907.png,"[70, 10, 101, 87]",1.0,kolektor_gt,kolektor_permukaan
C:/Arib/MASSA AYAM/chicken detection + constrative classification/data/crops_kolektor_gt/train/normal/11908_02140.png,0,normal,train,train,11908,11908.png,"[96, 107, 147, 161]",1.0,kolektor_gt,kolektor_permukaan
C:/Arib/MASSA AYAM/chicken detection + constrative classification/data/crops_kolektor_gt/train/normal/11909_02141.png,0,normal,train,train,11909,11909.png,"[44, 313, 116, 436]",1.0,kolektor_gt,kolektor_permukaan
C:/Arib/MASSA AYAM/chicken detection + constrative classification/data/crops_kolektor_gt/train/normal/11910_02142.png,0,normal,train,train,11910,11910.png,"[24, 357, 99, 447]",1.0,kolektor_gt,kolektor_permukaan
C:/Arib/MASSA AYAM/chicken detection + constrative classification/data/crops_kolektor_gt/train/normal/11912_02145.png,0,normal,train,train,11912,11912.png,"[12, 174, 33, 209]",1.0,kolektor_gt,kolektor_permukaan
C:/Arib/MASSA AYAM/chicken detection + constrative classification/data/crops_kolektor_gt/train/normal/11913_02146.png,0,normal,train,train,11913,11913.png,"[46, 353, 115, 414]",1.0,kolektor_gt,kolektor_permukaan
C:/Arib/MASSA AYAM/chicken detection + constrative classification/data/crops_kolektor_gt/train/normal/11915_02148.png,0,normal,train,train,11915,11915.png,"[39, 129, 140, 191]",1.0,kolektor_gt,kolektor_permukaan
C:/Arib/MASSA AYAM/chicken detection + constrative classification/data/crops_kolektor_gt/train/normal/11917_02152.png,0,normal,train,train,11917,11917.png,"[173, 428, 195, 461]",1.0,kolektor_gt,kolektor_permukaan
C:/Arib/MASSA AYAM/chicken detection + constrative classification/data/crops_kolektor_gt/train/normal/11917_02153.png,0,normal,train,train,11917,11917.png,"[23, 224, 163, 383]",1.0,kolektor_gt,kolektor_permukaan
C:/Arib/MASSA AYAM/chicken detection + constrative classification/data/crops_kolektor_gt/train/normal/11918_02154.png,0,normal,train,train,11918,11918.png,"[128, 293, 206, 333]",1.0,kolektor_gt,kolektor_permukaan
C:/Arib/MASSA AYAM/chicken detection + constrative classification/data/crops_kolektor_gt/train/normal/11919_02155.png,0,normal,train,train,11919,11919.png,"[16, 482, 220, 609]",1.0,kolektor_gt,kolektor_permukaan
C:/Arib/MASSA AYAM/chicken detection + constrative classification/data/crops_kolektor_gt/train/normal/11920_02157.png,0,normal,train,train,11920,11920.png,"[78, 89, 127, 199]",1.0,kolektor_gt,kolektor_permukaan
C:/Arib/MASSA AYAM/chicken detection + constrative classification/data/crops_kolektor_gt/train/normal/11921_02158.png,0,normal,train,train,11921,11921.png,"[197, 320, 210, 350]",1.0,kolektor_gt,kolektor_permukaan
C:/Arib/MASSA AYAM/chicken detection + constrative classification/data/crops_kolektor_gt/train/normal/11922_02159.png,0,normal,train,train,11922,11922.png,"[19, 245, 79, 327]",1.0,kolektor_gt,kolektor_permukaan
C:/Arib/MASSA AYAM/chicken detection + constrative classification/data/crops_kolektor_gt/train/normal/11923_02161.png,0,normal,train,train,11923,11923.png,"[42, 58, 71, 114]",1.0,kolektor_gt,kolektor_permukaan
C:/Arib/MASSA AYAM/chicken detection + constrative classification/data/crops_kolektor_gt/train/normal/11924_02163.png,0,normal,train,train,11924,11924.png,"[73, 567, 142, 599]",1.0,kolektor_gt,kolektor_permukaan
C:/Arib/MASSA AYAM/chicken detection + constrative classification/data/crops_kolektor_gt/train/normal/11925_02164.png,0,normal,train,train,11925,11925.png,"[108, 520, 176, 586]",1.0,kolektor_gt,kolektor_permukaan
C:/Arib/MASSA AYAM/chicken detection + constrative classification/data/crops_kolektor_gt/train/normal/11926_02165.png,0,normal,train,train,11926,11926.png,"[122, 254, 162, 391]",1.0,kolektor_gt,kolektor_permukaan
C:/Arib/MASSA AYAM/chicken detection + constrative classification/data/crops_kolektor_gt/train/normal/11928_02168.png,0,normal,train,train,11928,11928.png,"[103, 14, 175, 137]",1.0,kolektor_gt,kolektor_permukaan
C:/Arib/MASSA AYAM/chicken detection + constrative classification/data/crops_kolektor_gt/train/normal/11929_02169.png,0,normal,train,train,11929,11929.png,"[182, 435, 224, 496]",1.0,kolektor_gt,kolektor_permukaan
C:/Arib/MASSA AYAM/chicken detection + constrative classification/data/crops_kolektor_gt/train/normal/11930_02170.png,0,normal,train,train,11930,11930.png,"[62, 540, 127, 615]",1.0,kolektor_gt,kolektor_permukaan
C:/Arib/MASSA AYAM/chicken detection + constrative classification/data/crops_kolektor_gt/train/normal/11931_02171.png,0,normal,train,train,11931,11931.png,"[155, 459, 170, 484]",1.0,kolektor_gt,kolektor_permukaan
C:/Arib/MASSA AYAM/chicken detection + constrative classification/data/crops_kolektor_gt/train/normal/11932_02172.png,0,normal,train,train,11932,11932.png,"[44, 76, 75, 153]",1.0,kolektor_gt,kolektor_permukaan
C:/Arib/MASSA AYAM/chicken detection + constrative classification/data/crops_kolektor_gt/train/normal/11933_02173.png,0,normal,train,train,11933,11933.png,"[131, 361, 214, 401]",1.0,kolektor_gt,kolektor_permukaan
C:/Arib/MASSA AYAM/chicken detection + constrative classification/data/crops_kolektor_gt/train/normal/11935_02175.png,0,normal,train,train,11935,11935.png,"[86, 255, 149, 282]",1.0,kolektor_gt,kolektor_permukaan
C:/Arib/MASSA AYAM/chicken detection + constrative classification/data/crops_kolektor_gt/train/normal/11936_02176.png,0,normal,train,train,11936,11936.png,"[37, 306, 173, 384]",1.0,kolektor_gt,kolektor_permukaan
C:/Arib/MASSA AYAM/chicken detection + constrative classification/data/crops_kolektor_gt/train/normal/11937_02177.png,0,normal,train,train,11937,11937.png,"[27, 2, 141, 59]",1.0,kolektor_gt,kolektor_permukaan
C:/Arib/MASSA AYAM/chicken detection + constrative classification/data/crops_kolektor_gt/train/normal/11938_02178.png,0,normal,train,train,11938,11938.png,"[55, 312, 123, 386]",1.0,kolektor_gt,kolektor_permukaan
C:/Arib/MASSA AYAM/chicken detection + constrative classification/data/crops_kolektor_gt/train/normal/11939_02179.png,0,normal,train,train,11939,11939.png,"[4, 478, 143, 622]",1.0,kolektor_gt,kolektor_permukaan
C:/Arib/MASSA AYAM/chicken detection + constrative classification/data/crops_kolektor_gt/train/normal/11940_02180.png,0,normal,train,train,11940,11940.png,"[14, 182, 79, 317]",1.0,kolektor_gt,kolektor_permukaan
C:/Arib/MASSA AYAM/chicken detection + constrative classification/data/crops_kolektor_gt/train/normal/11941_02181.png,0,normal,train,train,11941,11941.png,"[84, 305, 164, 323]",1.0,kolektor_gt,kolektor_permukaan
C:/Arib/MASSA AYAM/chicken detection + constrative classification/data/crops_kolektor_gt/train/normal/11942_02182.png,0,normal,train,train,11942,11942.png,"[22, 369, 210, 576]",1.0,kolektor_gt,kolektor_permukaan
C:/Arib/MASSA AYAM/chicken detection + constrative classification/data/crops_kolektor_gt/train/normal/11943_02183.png,0,normal,train,train,11943,11943.png,"[2, 103, 39, 144]",1.0,kolektor_gt,kolektor_permukaan
C:/Arib/MASSA AYAM/chicken detection + constrative classification/data/crops_kolektor_gt/train/normal/11944_02184.png,0,normal,train,train,11944,11944.png,"[21, 541, 42, 630]",1.0,kolektor_gt,kolektor_permukaan
C:/Arib/MASSA AYAM/chicken detection + constrative classification/data/crops_kolektor_gt/train/normal/11946_02186.png,0,normal,train,train,11946,11946.png,"[39, 256, 81, 317]",1.0,kolektor_gt,kolektor_permukaan
C:/Arib/MASSA AYAM/chicken detection + constrative classification/data/crops_kolektor_gt/train/normal/11947_02187.png,0,normal,train,train,11947,11947.png,"[47, 153, 170, 278]",1.0,kolektor_gt,kolektor_permukaan
C:/Arib/MASSA AYAM/chicken detection + constrative classification/data/crops_kolektor_gt/train/normal/11949_02189.png,0,normal,train,train,11949,11949.png,"[168, 449, 198, 507]",1.0,kolektor_gt,kolektor_permukaan
C:/Arib/MASSA AYAM/chicken detection + constrative classification/data/crops_kolektor_gt/train/normal/11950_02190.png,0,normal,train,train,11950,11950.png,"[191, 444, 228, 485]",1.0,kolektor_gt,kolektor_permukaan
C:/Arib/MASSA AYAM/chicken detection + constrative classification/data/crops_kolektor_gt/train/normal/11952_02192.png,0,normal,train,train,11952,11952.png,"[101, 431, 184, 471]",1.0,kolektor_gt,kolektor_permukaan
C:/Arib/MASSA AYAM/chicken detection + constrative classification/data/crops_kolektor_gt/train/normal/11953_02193.png,0,normal,train,train,11953,11953.png,"[20, 341, 170, 578]",1.0,kolektor_gt,kolektor_permukaan
C:/Arib/MASSA AYAM/chicken detection + constrative classification/data/crops_kolektor_gt/train/normal/11954_02194.png,0,normal,train,train,11954,11954.png,"[85, 136, 225, 330]",1.0,kolektor_gt,kolektor_permukaan
C:/Arib/MASSA AYAM/chicken detection + constrative classification/data/crops_kolektor_gt/train/normal/11955_02195.png,0,normal,train,train,11955,11955.png,"[126, 130, 201, 220]",1.0,kolektor_gt,kolektor_permukaan
C:/Arib/MASSA AYAM/chicken detection + constrative classification/data/crops_kolektor_gt/train/normal/11961_02205.png,0,normal,train,train,11961,11961.png,"[130, 191, 187, 290]",1.0,kolektor_gt,kolektor_permukaan
C:/Arib/MASSA AYAM/chicken detection + constrative classification/data/crops_kolektor_gt/train/normal/11962_02207.png,0,normal,train,train,11962,11962.png,"[71, 117, 93, 150]",1.0,kolektor_gt,kolektor_permukaan
C:/Arib/MASSA AYAM/chicken detection + constrative classification/data/crops_kolektor_gt/train/normal/11964_02209.png,0,normal,train,train,11964,11964.png,"[89, 514, 195, 611]",1.0,kolektor_gt,kolektor_permukaan
C:/Arib/MASSA AYAM/chicken detection + constrative classification/data/crops_kolektor_gt/train/normal/11965_02210.png,0,normal,train,train,11965,11965.png,"[109, 302, 209, 435]",1.0,kolektor_gt,kolektor_permukaan
C:/Arib/MASSA AYAM/chicken detection + constrative classification/data/crops_kolektor_gt/train/normal/11966_02211.png,0,normal,train,train,11966,11966.png,"[29, 123, 141, 163]",1.0,kolektor_gt,kolektor_permukaan
C:/Arib/MASSA AYAM/chicken detection + constrative classification/data/crops_kolektor_gt/train/normal/11968_02213.png,0,normal,train,train,11968,11968.png,"[4, 204, 35, 224]",1.0,kolektor_gt,kolektor_permukaan
C:/Arib/MASSA AYAM/chicken detection + constrative classification/data/crops_kolektor_gt/train/normal/11969_02215.png,0,normal,train,train,11969,11969.png,"[0, 389, 227, 468]",1.0,kolektor_gt,kolektor_permukaan
C:/Arib/MASSA AYAM/chicken detection + constrative classification/data/crops_kolektor_gt/train/normal/11970_02216.png,0,normal,train,train,11970,11970.png,"[179, 236, 199, 273]",1.0,kolektor_gt,kolektor_permukaan
C:/Arib/MASSA AYAM/chicken detection + constrative classification/data/crops_kolektor_gt/train/normal/11971_02217.png,0,normal,train,train,11971,11971.png,"[122, 62, 153, 82]",1.0,kolektor_gt,kolektor_permukaan
C:/Arib/MASSA AYAM/chicken detection + constrative classification/data/crops_kolektor_gt/train/normal/11972_02218.png,0,normal,train,train,11972,11972.png,"[38, 56, 156, 295]",1.0,kolektor_gt,kolektor_permukaan
C:/Arib/MASSA AYAM/chicken detection + constrative classification/data/crops_kolektor_gt/train/normal/11974_02220.png,0,normal,train,train,11974,11974.png,"[114, 48, 225, 157]",1.0,kolektor_gt,kolektor_permukaan
C:/Arib/MASSA AYAM/chicken detection + constrative classification/data/crops_kolektor_gt/train/normal/11975_02221.png,0,normal,train,train,11975,11975.png,"[13, 329, 80, 428]",1.0,kolektor_gt,kolektor_permukaan
C:/Arib/MASSA AYAM/chicken detection + constrative classification/data/crops_kolektor_gt/train/normal/11976_02222.png,0,normal,train,train,11976,11976.png,"[71, 103, 121, 164]",1.0,kolektor_gt,kolektor_permukaan
C:/Arib/MASSA AYAM/chicken detection + constrative classification/data/crops_kolektor_gt/train/normal/11977_02223.png,0,normal,train,train,11977,11977.png,"[125, 372, 158, 437]",1.0,kolektor_gt,kolektor_permukaan
C:/Arib/MASSA AYAM/chicken detection + constrative classification/data/crops_kolektor_gt/train/normal/11978_02224.png,0,normal,train,train,11978,11978.png,"[24, 13, 87, 40]",1.0,kolektor_gt,kolektor_permukaan
C:/Arib/MASSA AYAM/chicken detection + constrative classification/data/crops_kolektor_gt/train/normal/11979_02225.png,0,normal,train,train,11979,11979.png,"[84, 369, 148, 403]",1.0,kolektor_gt,kolektor_permukaan
C:/Arib/MASSA AYAM/chicken detection + constrative classification/data/crops_kolektor_gt/train/normal/11982_02229.png,0,normal,train,train,11982,11982.png,"[22, 54, 58, 254]",1.0,kolektor_gt,kolektor_permukaan
C:/Arib/MASSA AYAM/chicken detection + constrative classification/data/crops_kolektor_gt/train/normal/11983_02230.png,0,normal,train,train,11983,11983.png,"[10, 195, 52, 253]",1.0,kolektor_gt,kolektor_permukaan
C:/Arib/MASSA AYAM/chicken detection + constrative classification/data/crops_kolektor_gt/train/normal/11984_02231.png,0,normal,train,train,11984,11984.png,"[25, 76, 100, 94]",1.0,kolektor_gt,kolektor_permukaan
C:/Arib/MASSA AYAM/chicken detection + constrative classification/data/crops_kolektor_gt/train/normal/11985_02232.png,0,normal,train,train,11985,11985.png,"[38, 485, 203, 580]",1.0,kolektor_gt,kolektor_permukaan
C:/Arib/MASSA AYAM/chicken detection + constrative classification/data/crops_kolektor_gt/train/normal/11986_02234.png,0,normal,train,train,11986,11986.png,"[136, 157, 150, 166]",1.0,kolektor_gt,kolektor_permukaan
C:/Arib/MASSA AYAM/chicken detection + constrative classification/data/crops_kolektor_gt/train/normal/11988_02236.png,0,normal,train,train,11988,11988.png,"[46, 114, 172, 537]",1.0,kolektor_gt,kolektor_permukaan
C:/Arib/MASSA AYAM/chicken detection + constrative classification/data/crops_kolektor_gt/train/normal/11989_02237.png,0,normal,train,train,11989,11989.png,"[55, 69, 191, 147]",1.0,kolektor_gt,kolektor_permukaan
C:/Arib/MASSA AYAM/chicken detection + constrative classification/data/crops_kolektor_gt/train/normal/11990_02238.png,0,normal,train,train,11990,11990.png,"[202, 22, 224, 99]",1.0,kolektor_gt,kolektor_permukaan
C:/Arib/MASSA AYAM/chicken detection + constrative classification/data/crops_kolektor_gt/train/normal/11991_02239.png,0,normal,train,train,11991,11991.png,"[5, 132, 231, 260]",1.0,kolektor_gt,kolektor_permukaan
C:/Arib/MASSA AYAM/chicken detection + constrative classification/data/crops_kolektor_gt/train/normal/11992_02240.png,0,normal,train,train,11992,11992.png,"[177, 194, 206, 212]",1.0,kolektor_gt,kolektor_permukaan
C:/Arib/MASSA AYAM/chicken detection + constrative classification/data/crops_kolektor_gt/train/normal/11993_02241.png,0,normal,train,train,11993,11993.png,"[126, 545, 180, 603]",1.0,kolektor_gt,kolektor_permukaan
C:/Arib/MASSA AYAM/chicken detection + constrative classification/data/crops_kolektor_gt/train/normal/11994_02242.png,0,normal,train,train,11994,11994.png,"[42, 448, 99, 463]",1.0,kolektor_gt,kolektor_permukaan
C:/Arib/MASSA AYAM/chicken detection + constrative classification/data/crops_kolektor_gt/train/normal/11995_02243.png,0,normal,train,train,11995,11995.png,"[143, 399, 179, 599]",1.0,kolektor_gt,kolektor_permukaan
C:/Arib/MASSA AYAM/chicken detection + constrative classification/data/crops_kolektor_gt/train/normal/11998_02246.png,0,normal,train,train,11998,11998.png,"[116, 515, 217, 577]",1.0,kolektor_gt,kolektor_permukaan
C:/Arib/MASSA AYAM/chicken detection + constrative classification/data/crops_kolektor_gt/train/normal/11999_02247.png,0,normal,train,train,11999,11999.png,"[0, 112, 231, 354]",1.0,kolektor_gt,kolektor_permukaan
C:/Arib/MASSA AYAM/chicken detection + constrative classification/data/crops_kolektor_gt/train/normal/12001_02249.png,0,normal,train,train,12001,12001.png,"[136, 243, 216, 318]",1.0,kolektor_gt,kolektor_permukaan
C:/Arib/MASSA AYAM/chicken detection + constrative classification/data/crops_kolektor_gt/train/normal/12002_02250.png,0,normal,train,train,12002,12002.png,"[71, 136, 123, 165]",1.0,kolektor_gt,kolektor_permukaan
C:/Arib/MASSA AYAM/chicken detection + constrative classification/data/crops_kolektor_gt/train/normal/12006_02254.png,0,normal,train,train,12006,12006.png,"[92, 136, 206, 193]",1.0,kolektor_gt,kolektor_permukaan
C:/Arib/MASSA AYAM/chicken detection + constrative classification/data/crops_kolektor_gt/train/normal/12008_02257.png,0,normal,train,train,12008,12008.png,"[91, 224, 159, 290]",1.0,kolektor_gt,kolektor_permukaan
C:/Arib/MASSA AYAM/chicken detection + constrative classification/data/crops_kolektor_gt/train/normal/12009_02258.png,0,normal,train,train,12009,12009.png,"[45, 131, 67, 292]",1.0,kolektor_gt,kolektor_permukaan
C:/Arib/MASSA AYAM/chicken detection + constrative classification/data/crops_kolektor_gt/train/normal/12011_02260.png,0,normal,train,train,12011,12011.png,"[141, 211, 230, 283]",1.0,kolektor_gt,kolektor_permukaan
C:/Arib/MASSA AYAM/chicken detection + constrative classification/data/crops_kolektor_gt/train/normal/12013_02262.png,0,normal,train,train,12013,12013.png,"[19, 456, 142, 581]",1.0,kolektor_gt,kolektor_permukaan
C:/Arib/MASSA AYAM/chicken detection + constrative classification/data/crops_kolektor_gt/train/normal/12014_02263.png,0,normal,train,train,12014,12014.png,"[94, 151, 119, 163]",1.0,kolektor_gt,kolektor_permukaan
C:/Arib/MASSA AYAM/chicken detection + constrative classification/data/crops_kolektor_gt/train/normal/12016_02265.png,0,normal,train,train,12016,12016.png,"[48, 502, 119, 600]",1.0,kolektor_gt,kolektor_permukaan
C:/Arib/MASSA AYAM/chicken detection + constrative classification/data/crops_kolektor_gt/train/normal/12020_02269.png,0,normal,train,train,12020,12020.png,"[116, 412, 164, 488]",1.0,kolektor_gt,kolektor_permukaan
C:/Arib/MASSA AYAM/chicken detection + constrative classification/data/crops_kolektor_gt/train/normal/12021_02270.png,0,normal,train,train,12021,12021.png,"[3, 102, 73, 136]",1.0,kolektor_gt,kolektor_permukaan
C:/Arib/MASSA AYAM/chicken detection + constrative classification/data/crops_kolektor_gt/train/normal/12023_02272.png,0,normal,train,train,12023,12023.png,"[33, 127, 89, 300]",1.0,kolektor_gt,kolektor_permukaan
C:/Arib/MASSA AYAM/chicken detection + constrative classification/data/crops_kolektor_gt/train/normal/12024_02273.png,0,normal,train,train,12024,12024.png,"[36, 614, 54, 625]",1.0,kolektor_gt,kolektor_permukaan
C:/Arib/MASSA AYAM/chicken detection + constrative classification/data/crops_kolektor_gt/train/normal/12025_02274.png,0,normal,train,train,12025,12025.png,"[27, 555, 80, 604]",1.0,kolektor_gt,kolektor_permukaan
C:/Arib/MASSA AYAM/chicken detection + constrative classification/data/crops_kolektor_gt/train/normal/12026_02276.png,0,normal,train,train,12026,12026.png,"[109, 87, 222, 185]",1.0,kolektor_gt,kolektor_permukaan
C:/Arib/MASSA AYAM/chicken detection + constrative classification/data/crops_kolektor_gt/train/normal/12027_02277.png,0,normal,train,train,12027,12027.png,"[72, 227, 212, 421]",1.0,kolektor_gt,kolektor_permukaan
C:/Arib/MASSA AYAM/chicken detection + constrative classification/data/crops_kolektor_gt/train/normal/12028_02279.png,0,normal,train,train,12028,12028.png,"[78, 339, 108, 371]",1.0,kolektor_gt,kolektor_permukaan
C:/Arib/MASSA AYAM/chicken detection + constrative classification/data/crops_kolektor_gt/train/normal/12029_02280.png,0,normal,train,train,12029,12029.png,"[14, 556, 34, 571]",1.0,kolektor_gt,kolektor_permukaan
C:/Arib/MASSA AYAM/chicken detection + constrative classification/data/crops_kolektor_gt/train/normal/12030_02281.png,0,normal,train,train,12030,12030.png,"[5, 45, 77, 168]",1.0,kolektor_gt,kolektor_permukaan
C:/Arib/MASSA AYAM/chicken detection + constrative classification/data/crops_kolektor_gt/train/normal/12031_02282.png,0,normal,train,train,12031,12031.png,"[26, 523, 98, 622]",1.0,kolektor_gt,kolektor_permukaan
C:/Arib/MASSA AYAM/chicken detection + constrative classification/data/crops_kolektor_gt/train/normal/12032_02283.png,0,normal,train,train,12032,12032.png,"[36, 0, 113, 126]",1.0,kolektor_gt,kolektor_permukaan
C:/Arib/MASSA AYAM/chicken detection + constrative classification/data/crops_kolektor_gt/train/normal/12036_02287.png,0,normal,train,train,12036,12036.png,"[125, 173, 188, 200]",1.0,kolektor_gt,kolektor_permukaan
C:/Arib/MASSA AYAM/chicken detection + constrative classification/data/crops_kolektor_gt/train/normal/12037_02288.png,0,normal,train,train,12037,12037.png,"[26, 288, 60, 322]",1.0,kolektor_gt,kolektor_permukaan
C:/Arib/MASSA AYAM/chicken detection + constrative classification/data/crops_kolektor_gt/train/normal/12038_02289.png,0,normal,train,train,12038,12038.png,"[15, 369, 144, 394]",1.0,kolektor_gt,kolektor_permukaan
C:/Arib/MASSA AYAM/chicken detection + constrative classification/data/crops_kolektor_gt/train/normal/12039_02290.png,0,normal,train,train,12039,12039.png,"[11, 154, 80, 186]",1.0,kolektor_gt,kolektor_permukaan
C:/Arib/MASSA AYAM/chicken detection + constrative classification/data/crops_kolektor_gt/train/normal/12040_02291.png,0,normal,train,train,12040,12040.png,"[76, 185, 183, 228]",1.0,kolektor_gt,kolektor_permukaan
C:/Arib/MASSA AYAM/chicken detection + constrative classification/data/crops_kolektor_gt/train/normal/12041_02293.png,0,normal,train,train,12041,12041.png,"[38, 341, 78, 557]",1.0,kolektor_gt,kolektor_permukaan
C:/Arib/MASSA AYAM/chicken detection + constrative classification/data/crops_kolektor_gt/train/normal/12042_02294.png,0,normal,train,train,12042,12042.png,"[89, 106, 129, 148]",1.0,kolektor_gt,kolektor_permukaan
C:/Arib/MASSA AYAM/chicken detection + constrative classification/data/crops_kolektor_gt/train/normal/12043_02295.png,0,normal,train,train,12043,12043.png,"[94, 271, 167, 303]",1.0,kolektor_gt,kolektor_permukaan
C:/Arib/MASSA AYAM/chicken detection + constrative classification/data/crops_kolektor_gt/train/normal/12044_02296.png,0,normal,train,train,12044,12044.png,"[0, 152, 142, 277]",1.0,kolektor_gt,kolektor_permukaan
C:/Arib/MASSA AYAM/chicken detection + constrative classification/data/crops_kolektor_gt/train/normal/12046_02298.png,0,normal,train,train,12046,12046.png,"[17, 57, 63, 188]",1.0,kolektor_gt,kolektor_permukaan
C:/Arib/MASSA AYAM/chicken detection + constrative classification/data/crops_kolektor_gt/train/normal/12047_02299.png,0,normal,train,train,12047,12047.png,"[18, 92, 126, 127]",1.0,kolektor_gt,kolektor_permukaan
C:/Arib/MASSA AYAM/chicken detection + constrative classification/data/crops_kolektor_gt/train/normal/12048_02300.png,0,normal,train,train,12048,12048.png,"[11, 394, 203, 479]",1.0,kolektor_gt,kolektor_permukaan
C:/Arib/MASSA AYAM/chicken detection + constrative classification/data/crops_kolektor_gt/train/normal/12049_02301.png,0,normal,train,train,12049,12049.png,"[108, 492, 155, 526]",1.0,kolektor_gt,kolektor_permukaan
C:/Arib/MASSA AYAM/chicken detection + constrative classification/data/crops_kolektor_gt/train/normal/12050_02303.png,0,normal,train,train,12050,12050.png,"[154, 341, 198, 383]",1.0,kolektor_gt,kolektor_permukaan
C:/Arib/MASSA AYAM/chicken detection + constrative classification/data/crops_kolektor_gt/train/normal/12051_02304.png,0,normal,train,train,12051,12051.png,"[98, 428, 146, 504]",1.0,kolektor_gt,kolektor_permukaan
C:/Arib/MASSA AYAM/chicken detection + constrative classification/data/crops_kolektor_gt/train/normal/12052_02305.png,0,normal,train,train,12052,12052.png,"[29, 393, 196, 481]",1.0,kolektor_gt,kolektor_permukaan
C:/Arib/MASSA AYAM/chicken detection + constrative classification/data/crops_kolektor_gt/train/normal/12055_02308.png,0,normal,train,train,12055,12055.png,"[52, 17, 134, 53]",1.0,kolektor_gt,kolektor_permukaan
C:/Arib/MASSA AYAM/chicken detection + constrative classification/data/crops_kolektor_gt/train/normal/12056_02310.png,0,normal,train,train,12056,12056.png,"[142, 485, 159, 495]",1.0,kolektor_gt,kolektor_permukaan
C:/Arib/MASSA AYAM/chicken detection + constrative classification/data/crops_kolektor_gt/train/normal/12059_02313.png,0,normal,train,train,12059,12059.png,"[62, 215, 74, 228]",1.0,kolektor_gt,kolektor_permukaan
C:/Arib/MASSA AYAM/chicken detection + constrative classification/data/crops_kolektor_gt/train/normal/12061_02315.png,0,normal,train,train,12061,12061.png,"[96, 26, 124, 49]",1.0,kolektor_gt,kolektor_permukaan
C:/Arib/MASSA AYAM/chicken detection + constrative classification/data/crops_kolektor_gt/train/normal/12062_02316.png,0,normal,train,train,12062,12062.png,"[95, 27, 135, 243]",1.0,kolektor_gt,kolektor_permukaan
C:/Arib/MASSA AYAM/chicken detection + constrative classification/data/crops_kolektor_gt/train/normal/12063_02317.png,0,normal,train,train,12063,12063.png,"[122, 161, 180, 211]",1.0,kolektor_gt,kolektor_permukaan
C:/Arib/MASSA AYAM/chicken detection + constrative classification/data/crops_kolektor_gt/train/normal/12064_02318.png,0,normal,train,train,12064,12064.png,"[36, 80, 66, 118]",1.0,kolektor_gt,kolektor_permukaan
C:/Arib/MASSA AYAM/chicken detection + constrative classification/data/crops_kolektor_gt/train/normal/12066_02320.png,0,normal,train,train,12066,12066.png,"[120, 380, 183, 507]",1.0,kolektor_gt,kolektor_permukaan
C:/Arib/MASSA AYAM/chicken detection + constrative classification/data/crops_kolektor_gt/train/normal/12067_02321.png,0,normal,train,train,12067,12067.png,"[120, 421, 217, 486]",1.0,kolektor_gt,kolektor_permukaan
C:/Arib/MASSA AYAM/chicken detection + constrative classification/data/crops_kolektor_gt/train/normal/12068_02322.png,0,normal,train,train,12068,12068.png,"[200, 13, 227, 118]",1.0,kolektor_gt,kolektor_permukaan
C:/Arib/MASSA AYAM/chicken detection + constrative classification/data/crops_kolektor_gt/train/normal/12069_02323.png,0,normal,train,train,12069,12069.png,"[15, 32, 26, 41]",1.0,kolektor_gt,kolektor_permukaan
C:/Arib/MASSA AYAM/chicken detection + constrative classification/data/crops_kolektor_gt/train/normal/12070_02325.png,0,normal,train,train,12070,12070.png,"[128, 164, 142, 232]",1.0,kolektor_gt,kolektor_permukaan
C:/Arib/MASSA AYAM/chicken detection + constrative classification/data/crops_kolektor_gt/train/normal/12072_02328.png,0,normal,train,train,12072,12072.png,"[141, 264, 160, 291]",1.0,kolektor_gt,kolektor_permukaan
C:/Arib/MASSA AYAM/chicken detection + constrative classification/data/crops_kolektor_gt/train/normal/12073_02329.png,0,normal,train,train,12073,12073.png,"[39, 232, 145, 275]",1.0,kolektor_gt,kolektor_permukaan
C:/Arib/MASSA AYAM/chicken detection + constrative classification/data/crops_kolektor_gt/train/normal/12074_02330.png,0,normal,train,train,12074,12074.png,"[69, 94, 123, 159]",1.0,kolektor_gt,kolektor_permukaan
C:/Arib/MASSA AYAM/chicken detection + constrative classification/data/crops_kolektor_gt/train/normal/12075_02331.png,0,normal,train,train,12075,12075.png,"[190, 216, 214, 264]",1.0,kolektor_gt,kolektor_permukaan
C:/Arib/MASSA AYAM/chicken detection + constrative classification/data/crops_kolektor_gt/train/normal/12076_02332.png,0,normal,train,train,12076,12076.png,"[3, 200, 225, 442]",1.0,kolektor_gt,kolektor_permukaan
C:/Arib/MASSA AYAM/chicken detection + constrative classification/data/crops_kolektor_gt/train/normal/12077_02333.png,0,normal,train,train,12077,12077.png,"[88, 239, 230, 364]",1.0,kolektor_gt,kolektor_permukaan
C:/Arib/MASSA AYAM/chicken detection + constrative classification/data/crops_kolektor_gt/train/normal/12079_02335.png,0,normal,train,train,12079,12079.png,"[165, 434, 195, 463]",1.0,kolektor_gt,kolektor_permukaan
C:/Arib/MASSA AYAM/chicken detection + constrative classification/data/crops_kolektor_gt/train/normal/12080_02337.png,0,normal,train,train,12080,12080.png,"[34, 111, 151, 195]",1.0,kolektor_gt,kolektor_permukaan
C:/Arib/MASSA AYAM/chicken detection + constrative classification/data/crops_kolektor_gt/train/normal/12081_02339.png,0,normal,train,train,12081,12081.png,"[19, 371, 63, 390]",1.0,kolektor_gt,kolektor_permukaan
C:/Arib/MASSA AYAM/chicken detection + constrative classification/data/crops_kolektor_gt/train/normal/12082_02340.png,0,normal,train,train,12082,12082.png,"[3, 245, 110, 288]",1.0,kolektor_gt,kolektor_permukaan
C:/Arib/MASSA AYAM/chicken detection + constrative classification/data/crops_kolektor_gt/train/normal/12083_02341.png,0,normal,train,train,12083,12083.png,"[16, 216, 53, 332]",1.0,kolektor_gt,kolektor_permukaan
C:/Arib/MASSA AYAM/chicken detection + constrative classification/data/crops_kolektor_gt/train/normal/12084_02342.png,0,normal,train,train,12084,12084.png,"[48, 564, 150, 627]",1.0,kolektor_gt,kolektor_permukaan
C:/Arib/MASSA AYAM/chicken detection + constrative classification/data/crops_kolektor_gt/train/normal/12085_02343.png,0,normal,train,train,12085,12085.png,"[30, 137, 180, 374]",1.0,kolektor_gt,kolektor_permukaan
C:/Arib/MASSA AYAM/chicken detection + constrative classification/data/crops_kolektor_gt/train/normal/12086_02344.png,0,normal,train,train,12086,12086.png,"[144, 404, 200, 577]",1.0,kolektor_gt,kolektor_permukaan
C:/Arib/MASSA AYAM/chicken detection + constrative classification/data/crops_kolektor_gt/train/normal/12087_02345.png,0,normal,train,train,12087,12087.png,"[40, 95, 159, 157]",1.0,kolektor_gt,kolektor_permukaan
C:/Arib/MASSA AYAM/chicken detection + constrative classification/data/crops_kolektor_gt/train/normal/12089_02347.png,0,normal,train,train,12089,12089.png,"[24, 322, 130, 365]",1.0,kolektor_gt,kolektor_permukaan
C:/Arib/MASSA AYAM/chicken detection + constrative classification/data/crops_kolektor_gt/train/normal/12093_02351.png,0,normal,train,train,12093,12093.png,"[74, 165, 118, 228]",1.0,kolektor_gt,kolektor_permukaan
C:/Arib/MASSA AYAM/chicken detection + constrative classification/data/crops_kolektor_gt/train/normal/12094_02352.png,0,normal,train,train,12094,12094.png,"[10, 95, 153, 148]",1.0,kolektor_gt,kolektor_permukaan
C:/Arib/MASSA AYAM/chicken detection + constrative classification/data/crops_kolektor_gt/train/normal/12095_02353.png,0,normal,train,train,12095,12095.png,"[55, 413, 89, 577]",1.0,kolektor_gt,kolektor_permukaan
C:/Arib/MASSA AYAM/chicken detection + constrative classification/data/crops_kolektor_gt/train/normal/12097_02355.png,0,normal,train,train,12097,12097.png,"[66, 535, 172, 578]",1.0,kolektor_gt,kolektor_permukaan
C:/Arib/MASSA AYAM/chicken detection + constrative classification/data/crops_kolektor_gt/train/normal/12098_02356.png,0,normal,train,train,12098,12098.png,"[57, 134, 186, 183]",1.0,kolektor_gt,kolektor_permukaan
C:/Arib/MASSA AYAM/chicken detection + constrative classification/data/crops_kolektor_gt/train/normal/12100_02358.png,0,normal,train,train,12100,12100.png,"[45, 396, 220, 485]",1.0,kolektor_gt,kolektor_permukaan
C:/Arib/MASSA AYAM/chicken detection + constrative classification/data/crops_kolektor_gt/train/normal/12101_02359.png,0,normal,train,train,12101,12101.png,"[39, 580, 96, 595]",1.0,kolektor_gt,kolektor_permukaan
C:/Arib/MASSA AYAM/chicken detection + constrative classification/data/crops_kolektor_gt/train/normal/12102_02360.png,0,normal,train,train,12102,12102.png,"[24, 412, 119, 547]",1.0,kolektor_gt,kolektor_permukaan
C:/Arib/MASSA AYAM/chicken detection + constrative classification/data/crops_kolektor_gt/train/normal/12103_02361.png,0,normal,train,train,12103,12103.png,"[22, 510, 124, 573]",1.0,kolektor_gt,kolektor_permukaan
C:/Arib/MASSA AYAM/chicken detection + constrative classification/data/crops_kolektor_gt/train/normal/12104_02362.png,0,normal,train,train,12104,12104.png,"[21, 302, 124, 342]",1.0,kolektor_gt,kolektor_permukaan
C:/Arib/MASSA AYAM/chicken detection + constrative classification/data/crops_kolektor_gt/train/normal/12105_02364.png,0,normal,train,train,12105,12105.png,"[17, 286, 39, 311]",1.0,kolektor_gt,kolektor_permukaan
C:/Arib/MASSA AYAM/chicken detection + constrative classification/data/crops_kolektor_gt/train/normal/12106_02365.png,0,normal,train,train,12106,12106.png,"[22, 72, 121, 135]",1.0,kolektor_gt,kolektor_permukaan
C:/Arib/MASSA AYAM/chicken detection + constrative classification/data/crops_kolektor_gt/train/normal/12108_02367.png,0,normal,train,train,12108,12108.png,"[166, 143, 186, 189]",1.0,kolektor_gt,kolektor_permukaan
C:/Arib/MASSA AYAM/chicken detection + constrative classification/data/crops_kolektor_gt/train/normal/12109_02369.png,0,normal,train,train,12109,12109.png,"[145, 249, 217, 372]",1.0,kolektor_gt,kolektor_permukaan
C:/Arib/MASSA AYAM/chicken detection + constrative classification/data/crops_kolektor_gt/train/normal/12115_02375.png,0,normal,train,train,12115,12115.png,"[179, 8, 227, 84]",1.0,kolektor_gt,kolektor_permukaan
C:/Arib/MASSA AYAM/chicken detection + constrative classification/data/crops_kolektor_gt/train/normal/12116_02376.png,0,normal,train,train,12116,12116.png,"[74, 384, 118, 403]",1.0,kolektor_gt,kolektor_permukaan
C:/Arib/MASSA AYAM/chicken detection + constrative classification/data/crops_kolektor_gt/train/normal/12117_02377.png,0,normal,train,train,12117,12117.png,"[18, 228, 64, 303]",1.0,kolektor_gt,kolektor_permukaan
C:/Arib/MASSA AYAM/chicken detection + constrative classification/data/crops_kolektor_gt/train/normal/12119_02379.png,0,normal,train,train,12119,12119.png,"[136, 476, 214, 516]",1.0,kolektor_gt,kolektor_permukaan
C:/Arib/MASSA AYAM/chicken detection + constrative classification/data/crops_kolektor_gt/train/normal/12120_02380.png,0,normal,train,train,12120,12120.png,"[27, 406, 82, 433]",1.0,kolektor_gt,kolektor_permukaan
C:/Arib/MASSA AYAM/chicken detection + constrative classification/data/crops_kolektor_gt/train/normal/12121_02381.png,0,normal,train,train,12121,12121.png,"[25, 336, 220, 418]",1.0,kolektor_gt,kolektor_permukaan
C:/Arib/MASSA AYAM/chicken detection + constrative classification/data/crops_kolektor_gt/train/normal/12123_02383.png,0,normal,train,train,12123,12123.png,"[14, 285, 126, 328]",1.0,kolektor_gt,kolektor_permukaan
C:/Arib/MASSA AYAM/chicken detection + constrative classification/data/crops_kolektor_gt/train/normal/12124_02384.png,0,normal,train,train,12124,12124.png,"[120, 149, 131, 158]",1.0,kolektor_gt,kolektor_permukaan
C:/Arib/MASSA AYAM/chicken detection + constrative classification/data/crops_kolektor_gt/train/normal/12126_02386.png,0,normal,train,train,12126,12126.png,"[15, 370, 41, 458]",1.0,kolektor_gt,kolektor_permukaan
C:/Arib/MASSA AYAM/chicken detection + constrative classification/data/crops_kolektor_gt/train/normal/12127_02387.png,0,normal,train,train,12127,12127.png,"[54, 55, 65, 113]",1.0,kolektor_gt,kolektor_permukaan
C:/Arib/MASSA AYAM/chicken detection + constrative classification/data/crops_kolektor_gt/train/normal/12128_02388.png,0,normal,train,train,12128,12128.png,"[121, 350, 230, 616]",1.0,kolektor_gt,kolektor_permukaan
C:/Arib/MASSA AYAM/chicken detection + constrative classification/data/crops_kolektor_gt/train/normal/12129_02389.png,0,normal,train,train,12129,12129.png,"[162, 180, 195, 245]",1.0,kolektor_gt,kolektor_permukaan
C:/Arib/MASSA AYAM/chicken detection + constrative classification/data/crops_kolektor_gt/train/normal/12130_02390.png,0,normal,train,train,12130,12130.png,"[70, 414, 137, 441]",1.0,kolektor_gt,kolektor_permukaan
C:/Arib/MASSA AYAM/chicken detection + constrative classification/data/crops_kolektor_gt/train/normal/12131_02392.png,0,normal,train,train,12131,12131.png,"[76, 462, 118, 536]",1.0,kolektor_gt,kolektor_permukaan
C:/Arib/MASSA AYAM/chicken detection + constrative classification/data/crops_kolektor_gt/train/normal/12132_02393.png,0,normal,train,train,12132,12132.png,"[21, 457, 220, 589]",1.0,kolektor_gt,kolektor_permukaan
C:/Arib/MASSA AYAM/chicken detection + constrative classification/data/crops_kolektor_gt/train/normal/12134_02395.png,0,normal,train,train,12134,12134.png,"[61, 304, 226, 399]",1.0,kolektor_gt,kolektor_permukaan
C:/Arib/MASSA AYAM/chicken detection + constrative classification/data/crops_kolektor_gt/train/normal/12135_02396.png,0,normal,train,train,12135,12135.png,"[107, 493, 141, 538]",1.0,kolektor_gt,kolektor_permukaan
C:/Arib/MASSA AYAM/chicken detection + constrative classification/data/crops_kolektor_gt/train/normal/12136_02397.png,0,normal,train,train,12136,12136.png,"[178, 447, 200, 472]",1.0,kolektor_gt,kolektor_permukaan
C:/Arib/MASSA AYAM/chicken detection + constrative classification/data/crops_kolektor_gt/train/normal/12137_02398.png,0,normal,train,train,12137,12137.png,"[2, 203, 71, 264]",1.0,kolektor_gt,kolektor_permukaan
C:/Arib/MASSA AYAM/chicken detection + constrative classification/data/crops_kolektor_gt/train/normal/12138_02399.png,0,normal,train,train,12138,12138.png,"[41, 324, 162, 358]",1.0,kolektor_gt,kolektor_permukaan
C:/Arib/MASSA AYAM/chicken detection + constrative classification/data/crops_kolektor_gt/train/normal/12139_02400.png,0,normal,train,train,12139,12139.png,"[18, 255, 158, 414]",1.0,kolektor_gt,kolektor_permukaan
C:/Arib/MASSA AYAM/chicken detection + constrative classification/data/crops_kolektor_gt/train/normal/12140_02401.png,0,normal,train,train,12140,12140.png,"[101, 416, 228, 506]",1.0,kolektor_gt,kolektor_permukaan
C:/Arib/MASSA AYAM/chicken detection + constrative classification/data/crops_kolektor_gt/train/normal/12141_02403.png,0,normal,train,train,12141,12141.png,"[66, 3, 168, 56]",1.0,kolektor_gt,kolektor_permukaan
C:/Arib/MASSA AYAM/chicken detection + constrative classification/data/crops_kolektor_gt/train/normal/12143_02405.png,0,normal,train,train,12143,12143.png,"[9, 223, 56, 268]",1.0,kolektor_gt,kolektor_permukaan
C:/Arib/MASSA AYAM/chicken detection + constrative classification/data/crops_kolektor_gt/train/normal/12144_02406.png,0,normal,train,train,12144,12144.png,"[107, 356, 207, 489]",1.0,kolektor_gt,kolektor_permukaan
C:/Arib/MASSA AYAM/chicken detection + constrative classification/data/crops_kolektor_gt/train/normal/12145_02407.png,0,normal,train,train,12145,12145.png,"[76, 386, 184, 475]",1.0,kolektor_gt,kolektor_permukaan
C:/Arib/MASSA AYAM/chicken detection + constrative classification/data/crops_kolektor_gt/train/normal/12147_02410.png,0,normal,train,train,12147,12147.png,"[94, 372, 138, 395]",1.0,kolektor_gt,kolektor_permukaan
C:/Arib/MASSA AYAM/chicken detection + constrative classification/data/crops_kolektor_gt/train/normal/12148_02411.png,0,normal,train,train,12148,12148.png,"[128, 127, 161, 150]",1.0,kolektor_gt,kolektor_permukaan
C:/Arib/MASSA AYAM/chicken detection + constrative classification/data/crops_kolektor_gt/train/normal/12149_02412.png,0,normal,train,train,12149,12149.png,"[105, 420, 150, 493]",1.0,kolektor_gt,kolektor_permukaan
C:/Arib/MASSA AYAM/chicken detection + constrative classification/data/crops_kolektor_gt/train/normal/12150_02413.png,0,normal,train,train,12150,12150.png,"[133, 343, 164, 363]",1.0,kolektor_gt,kolektor_permukaan
C:/Arib/MASSA AYAM/chicken detection + constrative classification/data/crops_kolektor_gt/train/normal/12151_02414.png,0,normal,train,train,12151,12151.png,"[117, 438, 188, 536]",1.0,kolektor_gt,kolektor_permukaan
C:/Arib/MASSA AYAM/chicken detection + constrative classification/data/crops_kolektor_gt/train/normal/12152_02415.png,0,normal,train,train,12152,12152.png,"[138, 446, 168, 478]",1.0,kolektor_gt,kolektor_permukaan
C:/Arib/MASSA AYAM/chicken detection + constrative classification/data/crops_kolektor_gt/train/normal/12154_02417.png,0,normal,train,train,12154,12154.png,"[22, 106, 43, 141]",1.0,kolektor_gt,kolektor_permukaan
C:/Arib/MASSA AYAM/chicken detection + constrative classification/data/crops_kolektor_gt/train/normal/12155_02418.png,0,normal,train,train,12155,12155.png,"[157, 421, 226, 524]",1.0,kolektor_gt,kolektor_permukaan
C:/Arib/MASSA AYAM/chicken detection + constrative classification/data/crops_kolektor_gt/train/normal/12156_02419.png,0,normal,train,train,12156,12156.png,"[162, 454, 204, 562]",1.0,kolektor_gt,kolektor_permukaan
C:/Arib/MASSA AYAM/chicken detection + constrative classification/data/crops_kolektor_gt/train/normal/12157_02420.png,0,normal,train,train,12157,12157.png,"[37, 215, 187, 452]",1.0,kolektor_gt,kolektor_permukaan
C:/Arib/MASSA AYAM/chicken detection + constrative classification/data/crops_kolektor_gt/train/normal/12158_02421.png,0,normal,train,train,12158,12158.png,"[141, 390, 160, 417]",1.0,kolektor_gt,kolektor_permukaan
C:/Arib/MASSA AYAM/chicken detection + constrative classification/data/crops_kolektor_gt/train/normal/12159_02422.png,0,normal,train,train,12159,12159.png,"[31, 359, 66, 392]",1.0,kolektor_gt,kolektor_permukaan
C:/Arib/MASSA AYAM/chicken detection + constrative classification/data/crops_kolektor_gt/train/normal/12160_02424.png,0,normal,train,train,12160,12160.png,"[52, 405, 195, 458]",1.0,kolektor_gt,kolektor_permukaan
C:/Arib/MASSA AYAM/chicken detection + constrative classification/data/crops_kolektor_gt/train/normal/12161_02425.png,0,normal,train,train,12161,12161.png,"[57, 519, 111, 547]",1.0,kolektor_gt,kolektor_permukaan
C:/Arib/MASSA AYAM/chicken detection + constrative classification/data/crops_kolektor_gt/train/normal/12162_02426.png,0,normal,train,train,12162,12162.png,"[39, 424, 153, 481]",1.0,kolektor_gt,kolektor_permukaan
C:/Arib/MASSA AYAM/chicken detection + constrative classification/data/crops_kolektor_gt/train/normal/12167_02431.png,0,normal,train,train,12167,12167.png,"[78, 402, 211, 432]",1.0,kolektor_gt,kolektor_permukaan
C:/Arib/MASSA AYAM/chicken detection + constrative classification/data/crops_kolektor_gt/train/normal/12168_02432.png,0,normal,train,train,12168,12168.png,"[4, 399, 208, 526]",1.0,kolektor_gt,kolektor_permukaan
C:/Arib/MASSA AYAM/chicken detection + constrative classification/data/crops_kolektor_gt/train/normal/12171_02435.png,0,normal,train,train,12171,12171.png,"[129, 121, 153, 169]",1.0,kolektor_gt,kolektor_permukaan
C:/Arib/MASSA AYAM/chicken detection + constrative classification/data/crops_kolektor_gt/train/normal/12172_02436.png,0,normal,train,train,12172,12172.png,"[195, 321, 229, 489]",1.0,kolektor_gt,kolektor_permukaan
C:/Arib/MASSA AYAM/chicken detection + constrative classification/data/crops_kolektor_gt/train/normal/12173_02437.png,0,normal,train,train,12173,12173.png,"[82, 208, 122, 247]",1.0,kolektor_gt,kolektor_permukaan
C:/Arib/MASSA AYAM/chicken detection + constrative classification/data/crops_kolektor_gt/train/normal/12174_02438.png,0,normal,train,train,12174,12174.png,"[111, 5, 185, 266]",1.0,kolektor_gt,kolektor_permukaan
C:/Arib/MASSA AYAM/chicken detection + constrative classification/data/crops_kolektor_gt/train/normal/12177_02441.png,0,normal,train,train,12177,12177.png,"[162, 366, 181, 393]",1.0,kolektor_gt,kolektor_permukaan
C:/Arib/MASSA AYAM/chicken detection + constrative classification/data/crops_kolektor_gt/train/normal/12178_02442.png,0,normal,train,train,12178,12178.png,"[76, 198, 127, 252]",1.0,kolektor_gt,kolektor_permukaan
C:/Arib/MASSA AYAM/chicken detection + constrative classification/data/crops_kolektor_gt/train/normal/12179_02445.png,0,normal,train,train,12179,12179.png,"[96, 266, 144, 342]",1.0,kolektor_gt,kolektor_permukaan
C:/Arib/MASSA AYAM/chicken detection + constrative classification/data/crops_kolektor_gt/train/normal/12179_02446.png,0,normal,train,train,12179,12179.png,"[13, 72, 137, 228]",1.0,kolektor_gt,kolektor_permukaan
C:/Arib/MASSA AYAM/chicken detection + constrative classification/data/crops_kolektor_gt/train/normal/12180_02447.png,0,normal,train,train,12180,12180.png,"[23, 79, 78, 106]",1.0,kolektor_gt,kolektor_permukaan
C:/Arib/MASSA AYAM/chicken detection + constrative classification/data/crops_kolektor_gt/train/normal/12181_02448.png,0,normal,train,train,12181,12181.png,"[53, 400, 70, 410]",1.0,kolektor_gt,kolektor_permukaan
C:/Arib/MASSA AYAM/chicken detection + constrative classification/data/crops_kolektor_gt/train/normal/12182_02449.png,0,normal,train,train,12182,12182.png,"[52, 37, 161, 303]",1.0,kolektor_gt,kolektor_permukaan
C:/Arib/MASSA AYAM/chicken detection + constrative classification/data/crops_kolektor_gt/train/normal/12185_02452.png,0,normal,train,train,12185,12185.png,"[76, 10, 131, 37]",1.0,kolektor_gt,kolektor_permukaan
C:/Arib/MASSA AYAM/chicken detection + constrative classification/data/crops_kolektor_gt/train/normal/12186_02453.png,0,normal,train,train,12186,12186.png,"[15, 175, 165, 412]",1.0,kolektor_gt,kolektor_permukaan
C:/Arib/MASSA AYAM/chicken detection + constrative classification/data/crops_kolektor_gt/train/normal/12187_02454.png,0,normal,train,train,12187,12187.png,"[157, 559, 183, 628]",1.0,kolektor_gt,kolektor_permukaan
C:/Arib/MASSA AYAM/chicken detection + constrative classification/data/crops_kolektor_gt/train/normal/12191_02459.png,0,normal,train,train,12191,12191.png,"[27, 30, 154, 120]",1.0,kolektor_gt,kolektor_permukaan
C:/Arib/MASSA AYAM/chicken detection + constrative classification/data/crops_kolektor_gt/train/normal/12192_02460.png,0,normal,train,train,12192,12192.png,"[21, 129, 50, 162]",1.0,kolektor_gt,kolektor_permukaan
C:/Arib/MASSA AYAM/chicken detection + constrative classification/data/crops_kolektor_gt/train/normal/12193_02461.png,0,normal,train,train,12193,12193.png,"[51, 94, 118, 214]",1.0,kolektor_gt,kolektor_permukaan
C:/Arib/MASSA AYAM/chicken detection + constrative classification/data/crops_kolektor_gt/train/normal/12194_02462.png,0,normal,train,train,12194,12194.png,"[119, 507, 208, 624]",1.0,kolektor_gt,kolektor_permukaan
C:/Arib/MASSA AYAM/chicken detection + constrative classification/data/crops_kolektor_gt/train/normal/12196_02464.png,0,normal,train,train,12196,12196.png,"[100, 52, 122, 213]",1.0,kolektor_gt,kolektor_permukaan
C:/Arib/MASSA AYAM/chicken detection + constrative classification/data/crops_kolektor_gt/train/normal/12197_02465.png,0,normal,train,train,12197,12197.png,"[42, 210, 72, 230]",1.0,kolektor_gt,kolektor_permukaan
C:/Arib/MASSA AYAM/chicken detection + constrative classification/data/crops_kolektor_gt/train/normal/12199_02467.png,0,normal,train,train,12199,12199.png,"[81, 110, 133, 183]",1.0,kolektor_gt,kolektor_permukaan
C:/Arib/MASSA AYAM/chicken detection + constrative classification/data/crops_kolektor_gt/train/normal/12201_02470.png,0,normal,train,train,12201,12201.png,"[161, 65, 215, 93]",1.0,kolektor_gt,kolektor_permukaan
C:/Arib/MASSA AYAM/chicken detection + constrative classification/data/crops_kolektor_gt/train/normal/12203_02472.png,0,normal,train,train,12203,12203.png,"[135, 360, 224, 477]",1.0,kolektor_gt,kolektor_permukaan
C:/Arib/MASSA AYAM/chicken detection + constrative classification/data/crops_kolektor_gt/train/normal/12205_02474.png,0,normal,train,train,12205,12205.png,"[91, 125, 168, 252]",1.0,kolektor_gt,kolektor_permukaan
C:/Arib/MASSA AYAM/chicken detection + constrative classification/data/crops_kolektor_gt/train/normal/12207_02476.png,0,normal,train,train,12207,12207.png,"[1, 163, 125, 319]",1.0,kolektor_gt,kolektor_permukaan
C:/Arib/MASSA AYAM/chicken detection + constrative classification/data/crops_kolektor_gt/train/normal/12208_02477.png,0,normal,train,train,12208,12208.png,"[54, 476, 84, 554]",1.0,kolektor_gt,kolektor_permukaan
C:/Arib/MASSA AYAM/chicken detection + constrative classification/data/crops_kolektor_gt/train/normal/12210_02480.png,0,normal,train,train,12210,12210.png,"[98, 290, 135, 334]",1.0,kolektor_gt,kolektor_permukaan
C:/Arib/MASSA AYAM/chicken detection + constrative classification/data/crops_kolektor_gt/train/normal/12211_02481.png,0,normal,train,train,12211,12211.png,"[26, 284, 67, 403]",1.0,kolektor_gt,kolektor_permukaan
C:/Arib/MASSA AYAM/chicken detection + constrative classification/data/crops_kolektor_gt/train/normal/12212_02482.png,0,normal,train,train,12212,12212.png,"[146, 431, 203, 446]",1.0,kolektor_gt,kolektor_permukaan
C:/Arib/MASSA AYAM/chicken detection + constrative classification/data/crops_kolektor_gt/train/normal/12213_02483.png,0,normal,train,train,12213,12213.png,"[81, 327, 106, 339]",1.0,kolektor_gt,kolektor_permukaan
C:/Arib/MASSA AYAM/chicken detection + constrative classification/data/crops_kolektor_gt/train/normal/12214_02484.png,0,normal,train,train,12214,12214.png,"[126, 510, 182, 524]",1.0,kolektor_gt,kolektor_permukaan
C:/Arib/MASSA AYAM/chicken detection + constrative classification/data/crops_kolektor_gt/train/normal/12215_02485.png,0,normal,train,train,12215,12215.png,"[3, 61, 229, 189]",1.0,kolektor_gt,kolektor_permukaan
C:/Arib/MASSA AYAM/chicken detection + constrative classification/data/crops_kolektor_gt/train/normal/12216_02488.png,0,normal,train,train,12216,12216.png,"[151, 392, 171, 496]",1.0,kolektor_gt,kolektor_permukaan
C:/Arib/MASSA AYAM/chicken detection + constrative classification/data/crops_kolektor_gt/train/normal/12216_02489.png,0,normal,train,train,12216,12216.png,"[4, 589, 19, 617]",1.0,kolektor_gt,kolektor_permukaan
C:/Arib/MASSA AYAM/chicken detection + constrative classification/data/crops_kolektor_gt/train/normal/12219_02492.png,0,normal,train,train,12219,12219.png,"[21, 16, 196, 105]",1.0,kolektor_gt,kolektor_permukaan
C:/Arib/MASSA AYAM/chicken detection + constrative classification/data/crops_kolektor_gt/train/normal/12220_02493.png,0,normal,train,train,12220,12220.png,"[106, 308, 152, 353]",1.0,kolektor_gt,kolektor_permukaan
C:/Arib/MASSA AYAM/chicken detection + constrative classification/data/crops_kolektor_gt/train/normal/12222_02495.png,0,normal,train,train,12222,12222.png,"[126, 48, 229, 88]",1.0,kolektor_gt,kolektor_permukaan
C:/Arib/MASSA AYAM/chicken detection + constrative classification/data/crops_kolektor_gt/train/normal/12223_02496.png,0,normal,train,train,12223,12223.png,"[126, 124, 145, 151]",1.0,kolektor_gt,kolektor_permukaan
C:/Arib/MASSA AYAM/chicken detection + constrative classification/data/crops_kolektor_gt/train/normal/12225_02498.png,0,normal,train,train,12225,12225.png,"[35, 107, 103, 173]",1.0,kolektor_gt,kolektor_permukaan
C:/Arib/MASSA AYAM/chicken detection + constrative classification/data/crops_kolektor_gt/train/normal/12226_02499.png,0,normal,train,train,12226,12226.png,"[57, 174, 92, 247]",1.0,kolektor_gt,kolektor_permukaan
C:/Arib/MASSA AYAM/chicken detection + constrative classification/data/crops_kolektor_gt/train/normal/12227_02500.png,0,normal,train,train,12227,12227.png,"[137, 5, 213, 127]",1.0,kolektor_gt,kolektor_permukaan
C:/Arib/MASSA AYAM/chicken detection + constrative classification/data/crops_kolektor_gt/train/normal/12228_02501.png,0,normal,train,train,12228,12228.png,"[33, 22, 151, 261]",1.0,kolektor_gt,kolektor_permukaan
C:/Arib/MASSA AYAM/chicken detection + constrative classification/data/crops_kolektor_gt/train/normal/12229_02502.png,0,normal,train,train,12229,12229.png,"[19, 270, 58, 314]",1.0,kolektor_gt,kolektor_permukaan
C:/Arib/MASSA AYAM/chicken detection + constrative classification/data/crops_kolektor_gt/train/normal/12230_02503.png,0,normal,train,train,12230,12230.png,"[69, 174, 95, 262]",1.0,kolektor_gt,kolektor_permukaan
C:/Arib/MASSA AYAM/chicken detection + constrative classification/data/crops_kolektor_gt/train/normal/12231_02504.png,0,normal,train,train,12231,12231.png,"[30, 129, 110, 147]",1.0,kolektor_gt,kolektor_permukaan
C:/Arib/MASSA AYAM/chicken detection + constrative classification/data/crops_kolektor_gt/train/normal/12232_02505.png,0,normal,train,train,12232,12232.png,"[149, 423, 201, 452]",1.0,kolektor_gt,kolektor_permukaan
C:/Arib/MASSA AYAM/chicken detection + constrative classification/data/crops_kolektor_gt/train/normal/12233_02507.png,0,normal,train,train,12233,12233.png,"[31, 534, 106, 552]",1.0,kolektor_gt,kolektor_permukaan
C:/Arib/MASSA AYAM/chicken detection + constrative classification/data/crops_kolektor_gt/train/normal/12235_02509.png,0,normal,train,train,12235,12235.png,"[123, 231, 167, 257]",1.0,kolektor_gt,kolektor_permukaan
C:/Arib/MASSA AYAM/chicken detection + constrative classification/data/crops_kolektor_gt/train/normal/12236_02510.png,0,normal,train,train,12236,12236.png,"[21, 361, 93, 460]",1.0,kolektor_gt,kolektor_permukaan
C:/Arib/MASSA AYAM/chicken detection + constrative classification/data/crops_kolektor_gt/train/normal/12237_02513.png,0,normal,train,train,12237,12237.png,"[168, 210, 188, 225]",1.0,kolektor_gt,kolektor_permukaan
C:/Arib/MASSA AYAM/chicken detection + constrative classification/data/crops_kolektor_gt/train/normal/12237_02514.png,0,normal,train,train,12237,12237.png,"[9, 506, 151, 631]",1.0,kolektor_gt,kolektor_permukaan
C:/Arib/MASSA AYAM/chicken detection + constrative classification/data/crops_kolektor_gt/train/normal/12239_02516.png,0,normal,train,train,12239,12239.png,"[48, 499, 124, 527]",1.0,kolektor_gt,kolektor_permukaan
C:/Arib/MASSA AYAM/chicken detection + constrative classification/data/crops_kolektor_gt/train/normal/12240_02517.png,0,normal,train,train,12240,12240.png,"[104, 540, 211, 570]",1.0,kolektor_gt,kolektor_permukaan
C:/Arib/MASSA AYAM/chicken detection + constrative classification/data/crops_kolektor_gt/train/normal/12241_02518.png,0,normal,train,train,12241,12241.png,"[97, 319, 200, 359]",1.0,kolektor_gt,kolektor_permukaan
C:/Arib/MASSA AYAM/chicken detection + constrative classification/data/crops_kolektor_gt/train/normal/12242_02519.png,0,normal,train,train,12242,12242.png,"[129, 108, 186, 207]",1.0,kolektor_gt,kolektor_permukaan
C:/Arib/MASSA AYAM/chicken detection + constrative classification/data/crops_kolektor_gt/train/normal/12243_02520.png,0,normal,train,train,12243,12243.png,"[93, 394, 122, 427]",1.0,kolektor_gt,kolektor_permukaan
C:/Arib/MASSA AYAM/chicken detection + constrative classification/data/crops_kolektor_gt/train/normal/12244_02522.png,0,normal,train,train,12244,12244.png,"[158, 525, 179, 565]",1.0,kolektor_gt,kolektor_permukaan
C:/Arib/MASSA AYAM/chicken detection + constrative classification/data/crops_kolektor_gt/train/normal/12245_02524.png,0,normal,train,train,12245,12245.png,"[199, 409, 213, 418]",1.0,kolektor_gt,kolektor_permukaan
C:/Arib/MASSA AYAM/chicken detection + constrative classification/data/crops_kolektor_gt/train/normal/12246_02525.png,0,normal,train,train,12246,12246.png,"[54, 168, 162, 203]",1.0,kolektor_gt,kolektor_permukaan
C:/Arib/MASSA AYAM/chicken detection + constrative classification/data/crops_kolektor_gt/train/normal/12247_02526.png,0,normal,train,train,12247,12247.png,"[18, 472, 124, 569]",1.0,kolektor_gt,kolektor_permukaan
C:/Arib/MASSA AYAM/chicken detection + constrative classification/data/crops_kolektor_gt/train/normal/12249_02528.png,0,normal,train,train,12249,12249.png,"[68, 29, 145, 156]",1.0,kolektor_gt,kolektor_permukaan
C:/Arib/MASSA AYAM/chicken detection + constrative classification/data/crops_kolektor_gt/train/normal/12251_02530.png,0,normal,train,train,12251,12251.png,"[90, 441, 159, 473]",1.0,kolektor_gt,kolektor_permukaan
C:/Arib/MASSA AYAM/chicken detection + constrative classification/data/crops_kolektor_gt/train/normal/12253_02532.png,0,normal,train,train,12253,12253.png,"[112, 139, 206, 299]",1.0,kolektor_gt,kolektor_permukaan
C:/Arib/MASSA AYAM/chicken detection + constrative classification/data/crops_kolektor_gt/train/normal/12254_02533.png,0,normal,train,train,12254,12254.png,"[166, 391, 222, 405]",1.0,kolektor_gt,kolektor_permukaan
C:/Arib/MASSA AYAM/chicken detection + constrative classification/data/crops_kolektor_gt/train/normal/12255_02535.png,0,normal,train,train,12255,12255.png,"[24, 301, 185, 382]",1.0,kolektor_gt,kolektor_permukaan
C:/Arib/MASSA AYAM/chicken detection + constrative classification/data/crops_kolektor_gt/train/normal/12256_02536.png,0,normal,train,train,12256,12256.png,"[152, 282, 223, 380]",1.0,kolektor_gt,kolektor_permukaan
C:/Arib/MASSA AYAM/chicken detection + constrative classification/data/crops_kolektor_gt/train/normal/12257_02537.png,0,normal,train,train,12257,12257.png,"[55, 111, 222, 199]",1.0,kolektor_gt,kolektor_permukaan
C:/Arib/MASSA AYAM/chicken detection + constrative classification/data/crops_kolektor_gt/train/normal/12258_02538.png,0,normal,train,train,12258,12258.png,"[28, 224, 50, 257]",1.0,kolektor_gt,kolektor_permukaan
C:/Arib/MASSA AYAM/chicken detection + constrative classification/data/crops_kolektor_gt/train/normal/12259_02539.png,0,normal,train,train,12259,12259.png,"[73, 272, 174, 380]",1.0,kolektor_gt,kolektor_permukaan
C:/Arib/MASSA AYAM/chicken detection + constrative classification/data/crops_kolektor_gt/train/normal/12260_02540.png,0,normal,train,train,12260,12260.png,"[70, 231, 112, 339]",1.0,kolektor_gt,kolektor_permukaan
C:/Arib/MASSA AYAM/chicken detection + constrative classification/data/crops_kolektor_gt/train/normal/12261_02541.png,0,normal,train,train,12261,12261.png,"[100, 402, 133, 491]",1.0,kolektor_gt,kolektor_permukaan
C:/Arib/MASSA AYAM/chicken detection + constrative classification/data/crops_kolektor_gt/train/normal/12262_02542.png,0,normal,train,train,12262,12262.png,"[126, 210, 144, 221]",1.0,kolektor_gt,kolektor_permukaan
C:/Arib/MASSA AYAM/chicken detection + constrative classification/data/crops_kolektor_gt/train/normal/12263_02543.png,0,normal,train,train,12263,12263.png,"[88, 294, 133, 331]",1.0,kolektor_gt,kolektor_permukaan
C:/Arib/MASSA AYAM/chicken detection + constrative classification/data/crops_kolektor_gt/train/normal/12266_02546.png,0,normal,train,train,12266,12266.png,"[21, 161, 137, 337]",1.0,kolektor_gt,kolektor_permukaan
C:/Arib/MASSA AYAM/chicken detection + constrative classification/data/crops_kolektor_gt/train/normal/12267_02547.png,0,normal,train,train,12267,12267.png,"[23, 340, 131, 429]",1.0,kolektor_gt,kolektor_permukaan
C:/Arib/MASSA AYAM/chicken detection + constrative classification/data/crops_kolektor_gt/train/normal/12270_02550.png,0,normal,train,train,12270,12270.png,"[173, 9, 196, 41]",1.0,kolektor_gt,kolektor_permukaan
C:/Arib/MASSA AYAM/chicken detection + constrative classification/data/crops_kolektor_gt/train/normal/12272_02552.png,0,normal,train,train,12272,12272.png,"[120, 112, 164, 208]",1.0,kolektor_gt,kolektor_permukaan
C:/Arib/MASSA AYAM/chicken detection + constrative classification/data/crops_kolektor_gt/train/normal/12273_02553.png,0,normal,train,train,12273,12273.png,"[145, 297, 214, 400]",1.0,kolektor_gt,kolektor_permukaan
C:/Arib/MASSA AYAM/chicken detection + constrative classification/data/crops_kolektor_gt/train/normal/12277_02558.png,0,normal,train,train,12277,12277.png,"[124, 259, 213, 331]",1.0,kolektor_gt,kolektor_permukaan
C:/Arib/MASSA AYAM/chicken detection + constrative classification/data/crops_kolektor_gt/train/normal/12278_02559.png,0,normal,train,train,12278,12278.png,"[90, 308, 114, 381]",1.0,kolektor_gt,kolektor_permukaan
C:/Arib/MASSA AYAM/chicken detection + constrative classification/data/crops_kolektor_gt/train/normal/12280_02561.png,0,normal,train,train,12280,12280.png,"[5, 75, 77, 193]",1.0,kolektor_gt,kolektor_permukaan
C:/Arib/MASSA AYAM/chicken detection + constrative classification/data/crops_kolektor_gt/train/normal/12282_02563.png,0,normal,train,train,12282,12282.png,"[31, 441, 157, 544]",1.0,kolektor_gt,kolektor_permukaan
C:/Arib/MASSA AYAM/chicken detection + constrative classification/data/crops_kolektor_gt/train/normal/12283_02564.png,0,normal,train,train,12283,12283.png,"[24, 386, 148, 464]",1.0,kolektor_gt,kolektor_permukaan
C:/Arib/MASSA AYAM/chicken detection + constrative classification/data/crops_kolektor_gt/train/normal/12284_02565.png,0,normal,train,train,12284,12284.png,"[5, 347, 231, 475]",1.0,kolektor_gt,kolektor_permukaan
C:/Arib/MASSA AYAM/chicken detection + constrative classification/data/crops_kolektor_gt/train/normal/12285_02566.png,0,normal,train,train,12285,12285.png,"[134, 179, 224, 237]",1.0,kolektor_gt,kolektor_permukaan
C:/Arib/MASSA AYAM/chicken detection + constrative classification/data/crops_kolektor_gt/train/normal/12286_02567.png,0,normal,train,train,12286,12286.png,"[84, 400, 118, 445]",1.0,kolektor_gt,kolektor_permukaan
C:/Arib/MASSA AYAM/chicken detection + constrative classification/data/crops_kolektor_gt/train/normal/12287_02569.png,0,normal,train,train,12287,12287.png,"[70, 316, 92, 343]",1.0,kolektor_gt,kolektor_permukaan
C:/Arib/MASSA AYAM/chicken detection + constrative classification/data/crops_kolektor_gt/train/normal/12288_02572.png,0,normal,train,train,12288,12288.png,"[10, 593, 23, 602]",1.0,kolektor_gt,kolektor_permukaan
C:/Arib/MASSA AYAM/chicken detection + constrative classification/data/crops_kolektor_gt/train/normal/12288_02573.png,0,normal,train,train,12288,12288.png,"[179, 351, 219, 388]",1.0,kolektor_gt,kolektor_permukaan
C:/Arib/MASSA AYAM/chicken detection + constrative classification/data/crops_kolektor_gt/train/normal/12290_02575.png,0,normal,train,train,12290,12290.png,"[36, 28, 162, 451]",1.0,kolektor_gt,kolektor_permukaan
C:/Arib/MASSA AYAM/chicken detection + constrative classification/data/crops_kolektor_gt/train/normal/12291_02576.png,0,normal,train,train,12291,12291.png,"[37, 477, 110, 509]",1.0,kolektor_gt,kolektor_permukaan
C:/Arib/MASSA AYAM/chicken detection + constrative classification/data/crops_kolektor_gt/train/normal/12292_02577.png,0,normal,train,train,12292,12292.png,"[74, 571, 159, 609]",1.0,kolektor_gt,kolektor_permukaan
C:/Arib/MASSA AYAM/chicken detection + constrative classification/data/crops_kolektor_gt/train/normal/12293_02578.png,0,normal,train,train,12293,12293.png,"[124, 295, 163, 339]",1.0,kolektor_gt,kolektor_permukaan
C:/Arib/MASSA AYAM/chicken detection + constrative classification/data/crops_kolektor_gt/train/normal/12294_02579.png,0,normal,train,train,12294,12294.png,"[3, 464, 92, 581]",1.0,kolektor_gt,kolektor_permukaan
C:/Arib/MASSA AYAM/chicken detection + constrative classification/data/crops_kolektor_gt/train/normal/12296_02581.png,0,normal,train,train,12296,12296.png,"[1, 440, 21, 477]",1.0,kolektor_gt,kolektor_permukaan
C:/Arib/MASSA AYAM/chicken detection + constrative classification/data/crops_kolektor_gt/train/normal/12297_02582.png,0,normal,train,train,12297,12297.png,"[12, 257, 79, 356]",1.0,kolektor_gt,kolektor_permukaan
C:/Arib/MASSA AYAM/chicken detection + constrative classification/data/crops_kolektor_gt/train/normal/12298_02583.png,0,normal,train,train,12298,12298.png,"[201, 514, 216, 542]",1.0,kolektor_gt,kolektor_permukaan
C:/Arib/MASSA AYAM/chicken detection + constrative classification/data/crops_kolektor_gt/train/normal/12300_02585.png,0,normal,train,train,12300,12300.png,"[110, 82, 151, 138]",1.0,kolektor_gt,kolektor_permukaan
C:/Arib/MASSA AYAM/chicken detection + constrative classification/data/crops_kolektor_gt/train/normal/12301_02587.png,0,normal,train,train,12301,12301.png,"[56, 32, 76, 128]",1.0,kolektor_gt,kolektor_permukaan
C:/Arib/MASSA AYAM/chicken detection + constrative classification/data/crops_kolektor_gt/train/normal/12302_02588.png,0,normal,train,train,12302,12302.png,"[63, 395, 100, 436]",1.0,kolektor_gt,kolektor_permukaan
C:/Arib/MASSA AYAM/chicken detection + constrative classification/data/crops_kolektor_gt/train/normal/12303_02590.png,0,normal,train,train,12303,12303.png,"[77, 318, 154, 421]",1.0,kolektor_gt,kolektor_permukaan
C:/Arib/MASSA AYAM/chicken detection + constrative classification/data/crops_kolektor_gt/train/normal/12306_02593.png,0,normal,train,train,12306,12306.png,"[19, 312, 214, 394]",1.0,kolektor_gt,kolektor_permukaan
C:/Arib/MASSA AYAM/chicken detection + constrative classification/data/crops_kolektor_gt/train/normal/12309_02596.png,0,normal,train,train,12309,12309.png,"[64, 366, 167, 406]",1.0,kolektor_gt,kolektor_permukaan
C:/Arib/MASSA AYAM/chicken detection + constrative classification/data/crops_kolektor_gt/train/normal/12310_02597.png,0,normal,train,train,12310,12310.png,"[119, 430, 150, 450]",1.0,kolektor_gt,kolektor_permukaan
C:/Arib/MASSA AYAM/chicken detection + constrative classification/data/crops_kolektor_gt/train/normal/12311_02598.png,0,normal,train,train,12311,12311.png,"[1, 286, 184, 577]",1.0,kolektor_gt,kolektor_permukaan
C:/Arib/MASSA AYAM/chicken detection + constrative classification/data/crops_kolektor_gt/train/normal/12312_02599.png,0,normal,train,train,12312,12312.png,"[22, 143, 34, 156]",1.0,kolektor_gt,kolektor_permukaan
C:/Arib/MASSA AYAM/chicken detection + constrative classification/data/crops_kolektor_gt/train/normal/12314_02602.png,0,normal,train,train,12314,12314.png,"[32, 556, 86, 584]",1.0,kolektor_gt,kolektor_permukaan
C:/Arib/MASSA AYAM/chicken detection + constrative classification/data/crops_kolektor_gt/train/normal/12316_02605.png,0,normal,train,train,12316,12316.png,"[118, 530, 160, 591]",1.0,kolektor_gt,kolektor_permukaan
C:/Arib/MASSA AYAM/chicken detection + constrative classification/data/crops_kolektor_gt/train/normal/12318_02610.png,0,normal,train,train,12318,12318.png,"[31, 598, 60, 616]",1.0,kolektor_gt,kolektor_permukaan
C:/Arib/MASSA AYAM/chicken detection + constrative classification/data/crops_kolektor_gt/train/normal/12319_02611.png,0,normal,train,train,12319,12319.png,"[52, 264, 146, 424]",1.0,kolektor_gt,kolektor_permukaan
C:/Arib/MASSA AYAM/chicken detection + constrative classification/data/crops_kolektor_gt/train/normal/12321_02613.png,0,normal,train,train,12321,12321.png,"[77, 318, 88, 327]",1.0,kolektor_gt,kolektor_permukaan
C:/Arib/MASSA AYAM/chicken detection + constrative classification/data/crops_kolektor_gt/train/normal/12322_02614.png,0,normal,train,train,12322,12322.png,"[124, 205, 166, 266]",1.0,kolektor_gt,kolektor_permukaan
C:/Arib/MASSA AYAM/chicken detection + constrative classification/data/crops_kolektor_gt/train/normal/12323_02615.png,0,normal,train,train,12323,12323.png,"[39, 123, 106, 222]",1.0,kolektor_gt,kolektor_permukaan
C:/Arib/MASSA AYAM/chicken detection + constrative classification/data/crops_kolektor_gt/train/normal/12325_02617.png,0,normal,train,train,12325,12325.png,"[113, 400, 176, 455]",1.0,kolektor_gt,kolektor_permukaan
C:/Arib/MASSA AYAM/chicken detection + constrative classification/data/crops_kolektor_gt/train/normal/12326_02618.png,0,normal,train,train,12326,12326.png,"[38, 207, 162, 363]",1.0,kolektor_gt,kolektor_permukaan
C:/Arib/MASSA AYAM/chicken detection + constrative classification/data/crops_kolektor_gt/train/normal/12327_02619.png,0,normal,train,train,12327,12327.png,"[60, 279, 163, 557]",1.0,kolektor_gt,kolektor_permukaan
C:/Arib/MASSA AYAM/chicken detection + constrative classification/data/crops_kolektor_gt/train/normal/12328_02620.png,0,normal,train,train,12328,12328.png,"[168, 126, 198, 184]",1.0,kolektor_gt,kolektor_permukaan
C:/Arib/MASSA AYAM/chicken detection + constrative classification/data/crops_kolektor_gt/train/normal/12329_02621.png,0,normal,train,train,12329,12329.png,"[23, 72, 132, 338]",1.0,kolektor_gt,kolektor_permukaan
C:/Arib/MASSA AYAM/chicken detection + constrative classification/data/crops_kolektor_gt/train/normal/12330_02622.png,0,normal,train,train,12330,12330.png,"[43, 205, 77, 296]",1.0,kolektor_gt,kolektor_permukaan
C:/Arib/MASSA AYAM/chicken detection + constrative classification/data/crops_kolektor_gt/train/cacat/10021_00021.png,1,cacat,train,train,10021,10021.png,"[0, 0, 67, 99]",1.0,kolektor_gt,kolektor_permukaan
C:/Arib/MASSA AYAM/chicken detection + constrative classification/data/crops_kolektor_gt/train/cacat/10028_00029.png,1,cacat,train,train,10028,10028.png,"[33, 290, 115, 326]",1.0,kolektor_gt,kolektor_permukaan
C:/Arib/MASSA AYAM/chicken detection + constrative classification/data/crops_kolektor_gt/train/cacat/10047_00049.png,1,cacat,train,train,10047,10047.png,"[0, 430, 188, 637]",1.0,kolektor_gt,kolektor_permukaan
C:/Arib/MASSA AYAM/chicken detection + constrative classification/data/crops_kolektor_gt/train/cacat/10057_00060.png,1,cacat,train,train,10057,10057.png,"[57, 355, 99, 416]",1.0,kolektor_gt,kolektor_permukaan
C:/Arib/MASSA AYAM/chicken detection + constrative classification/data/crops_kolektor_gt/train/cacat/10060_00064.png,1,cacat,train,train,10060,10060.png,"[53, 0, 106, 49]",1.0,kolektor_gt,kolektor_permukaan
C:/Arib/MASSA AYAM/chicken detection + constrative classification/data/crops_kolektor_gt/train/cacat/10065_00070.png,1,cacat,train,train,10065,10065.png,"[72, 203, 140, 269]",1.0,kolektor_gt,kolektor_permukaan
C:/Arib/MASSA AYAM/chicken detection + constrative classification/data/crops_kolektor_gt/train/cacat/10084_00090.png,1,cacat,train,train,10084,10084.png,"[198, 106, 222, 179]",1.0,kolektor_gt,kolektor_permukaan
C:/Arib/MASSA AYAM/chicken detection + constrative classification/data/crops_kolektor_gt/train/cacat/10090_00097.png,1,cacat,train,train,10090,10090.png,"[0, 571, 44, 594]",1.0,kolektor_gt,kolektor_permukaan
C:/Arib/MASSA AYAM/chicken detection + constrative classification/data/crops_kolektor_gt/train/cacat/10145_00154.png,1,cacat,train,train,10145,10145.png,"[45, 532, 80, 578]",1.0,kolektor_gt,kolektor_permukaan
C:/Arib/MASSA AYAM/chicken detection + constrative classification/data/crops_kolektor_gt/train/cacat/10159_00170.png,1,cacat,train,train,10159,10159.png,"[22, 77, 131, 343]",1.0,kolektor_gt,kolektor_permukaan
C:/Arib/MASSA AYAM/chicken detection + constrative classification/data/crops_kolektor_gt/train/cacat/10201_00213.png,1,cacat,train,train,10201,10201.png,"[0, 262, 124, 420]",1.0,kolektor_gt,kolektor_permukaan
C:/Arib/MASSA AYAM/chicken detection + constrative classification/data/crops_kolektor_gt/train/cacat/10208_00222.png,1,cacat,train,train,10208,10208.png,"[57, 474, 193, 565]",1.0,kolektor_gt,kolektor_permukaan
C:/Arib/MASSA AYAM/chicken detection + constrative classification/data/crops_kolektor_gt/train/cacat/10235_00251.png,1,cacat,train,train,10235,10235.png,"[79, 324, 229, 561]",1.0,kolektor_gt,kolektor_permukaan
C:/Arib/MASSA AYAM/chicken detection + constrative classification/data/crops_kolektor_gt/train/cacat/10244_00261.png,1,cacat,train,train,10244,10244.png,"[126, 581, 167, 642]",1.0,kolektor_gt,kolektor_permukaan
C:/Arib/MASSA AYAM/chicken detection + constrative classification/data/crops_kolektor_gt/train/cacat/10247_00265.png,1,cacat,train,train,10247,10247.png,"[110, 517, 211, 625]",1.0,kolektor_gt,kolektor_permukaan
C:/Arib/MASSA AYAM/chicken detection + constrative classification/data/crops_kolektor_gt/train/cacat/10254_00273.png,1,cacat,train,train,10254,10254.png,"[24, 330, 68, 393]",1.0,kolektor_gt,kolektor_permukaan
C:/Arib/MASSA AYAM/chicken detection + constrative classification/data/crops_kolektor_gt/train/cacat/10258_00278.png,1,cacat,train,train,10258,10258.png,"[21, 291, 196, 380]",1.0,kolektor_gt,kolektor_permukaan
C:/Arib/MASSA AYAM/chicken detection + constrative classification/data/crops_kolektor_gt/train/cacat/10273_00295.png,1,cacat,train,train,10273,10273.png,"[87, 0, 143, 173]",1.0,kolektor_gt,kolektor_permukaan
C:/Arib/MASSA AYAM/chicken detection + constrative classification/data/crops_kolektor_gt/train/cacat/10281_00304.png,1,cacat,train,train,10281,10281.png,"[60, 198, 140, 273]",1.0,kolektor_gt,kolektor_permukaan
C:/Arib/MASSA AYAM/chicken detection + constrative classification/data/crops_kolektor_gt/train/cacat/10301_00325.png,1,cacat,train,train,10301,10301.png,"[102, 583, 221, 645]",1.0,kolektor_gt,kolektor_permukaan
C:/Arib/MASSA AYAM/chicken detection + constrative classification/data/crops_kolektor_gt/train/cacat/10304_00329.png,1,cacat,train,train,10304,10304.png,"[6, 327, 62, 341]",1.0,kolektor_gt,kolektor_permukaan
C:/Arib/MASSA AYAM/chicken detection + constrative classification/data/crops_kolektor_gt/train/cacat/10308_00335.png,1,cacat,train,train,10308,10308.png,"[133, 440, 227, 600]",1.0,kolektor_gt,kolektor_permukaan
C:/Arib/MASSA AYAM/chicken detection + constrative classification/data/crops_kolektor_gt/train/cacat/10312_00341.png,1,cacat,train,train,10312,10312.png,"[147, 493, 216, 592]",1.0,kolektor_gt,kolektor_permukaan
C:/Arib/MASSA AYAM/chicken detection + constrative classification/data/crops_kolektor_gt/train/cacat/10312_00342.png,1,cacat,train,train,10312,10312.png,"[57, 485, 138, 517]",1.0,kolektor_gt,kolektor_permukaan
C:/Arib/MASSA AYAM/chicken detection + constrative classification/data/crops_kolektor_gt/train/cacat/10335_00367.png,1,cacat,train,train,10335,10335.png,"[203, 389, 232, 407]",1.0,kolektor_gt,kolektor_permukaan
C:/Arib/MASSA AYAM/chicken detection + constrative classification/data/crops_kolektor_gt/train/cacat/10337_00370.png,1,cacat,train,train,10337,10337.png,"[6, 358, 31, 455]",1.0,kolektor_gt,kolektor_permukaan
C:/Arib/MASSA AYAM/chicken detection + constrative classification/data/crops_kolektor_gt/train/cacat/10367_00407.png,1,cacat,train,train,10367,10367.png,"[173, 288, 230, 303]",1.0,kolektor_gt,kolektor_permukaan
C:/Arib/MASSA AYAM/chicken detection + constrative classification/data/crops_kolektor_gt/train/cacat/10382_00423.png,1,cacat,train,train,10382,10382.png,"[89, 151, 231, 276]",1.0,kolektor_gt,kolektor_permukaan
C:/Arib/MASSA AYAM/chicken detection + constrative classification/data/crops_kolektor_gt/train/cacat/10383_00425.png,1,cacat,train,train,10383,10383.png,"[83, 238, 143, 320]",1.0,kolektor_gt,kolektor_permukaan
C:/Arib/MASSA AYAM/chicken detection + constrative classification/data/crops_kolektor_gt/train/cacat/10396_00439.png,1,cacat,train,train,10396,10396.png,"[1, 78, 43, 152]",1.0,kolektor_gt,kolektor_permukaan
C:/Arib/MASSA AYAM/chicken detection + constrative classification/data/crops_kolektor_gt/train/cacat/10401_00445.png,1,cacat,train,train,10401,10401.png,"[74, 272, 162, 374]",1.0,kolektor_gt,kolektor_permukaan
C:/Arib/MASSA AYAM/chicken detection + constrative classification/data/crops_kolektor_gt/train/cacat/10403_00449.png,1,cacat,train,train,10403,10403.png,"[52, 398, 74, 474]",1.0,kolektor_gt,kolektor_permukaan
C:/Arib/MASSA AYAM/chicken detection + constrative classification/data/crops_kolektor_gt/train/cacat/10414_00461.png,1,cacat,train,train,10414,10414.png,"[29, 336, 153, 414]",1.0,kolektor_gt,kolektor_permukaan
C:/Arib/MASSA AYAM/chicken detection + constrative classification/data/crops_kolektor_gt/train/cacat/10423_00472.png,1,cacat,train,train,10423,10423.png,"[151, 375, 180, 431]",1.0,kolektor_gt,kolektor_permukaan
C:/Arib/MASSA AYAM/chicken detection + constrative classification/data/crops_kolektor_gt/train/cacat/10423_00473.png,1,cacat,train,train,10423,10423.png,"[85, 331, 131, 376]",1.0,kolektor_gt,kolektor_permukaan
C:/Arib/MASSA AYAM/chicken detection + constrative classification/data/crops_kolektor_gt/train/cacat/10466_00520.png,1,cacat,train,train,10466,10466.png,"[0, 397, 42, 505]",1.0,kolektor_gt,kolektor_permukaan
C:/Arib/MASSA AYAM/chicken detection + constrative classification/data/crops_kolektor_gt/train/cacat/10478_00533.png,1,cacat,train,train,10478,10478.png,"[123, 496, 229, 593]",1.0,kolektor_gt,kolektor_permukaan
C:/Arib/MASSA AYAM/chicken detection + constrative classification/data/crops_kolektor_gt/train/cacat/10487_00543.png,1,cacat,train,train,10487,10487.png,"[51, 291, 95, 310]",1.0,kolektor_gt,kolektor_permukaan
C:/Arib/MASSA AYAM/chicken detection + constrative classification/data/crops_kolektor_gt/train/cacat/10499_00556.png,1,cacat,train,train,10499,10499.png,"[0, 532, 37, 648]",1.0,kolektor_gt,kolektor_permukaan
C:/Arib/MASSA AYAM/chicken detection + constrative classification/data/crops_kolektor_gt/train/cacat/10502_00560.png,1,cacat,train,train,10502,10502.png,"[66, 24, 80, 46]",1.0,kolektor_gt,kolektor_permukaan
C:/Arib/MASSA AYAM/chicken detection + constrative classification/data/crops_kolektor_gt/train/cacat/10506_00565.png,1,cacat,train,train,10506,10506.png,"[51, 339, 129, 364]",1.0,kolektor_gt,kolektor_permukaan
C:/Arib/MASSA AYAM/chicken detection + constrative classification/data/crops_kolektor_gt/train/cacat/10514_00574.png,1,cacat,train,train,10514,10514.png,"[116, 338, 179, 365]",1.0,kolektor_gt,kolektor_permukaan
C:/Arib/MASSA AYAM/chicken detection + constrative classification/data/crops_kolektor_gt/train/cacat/10516_00577.png,1,cacat,train,train,10516,10516.png,"[0, 18, 127, 108]",1.0,kolektor_gt,kolektor_permukaan
C:/Arib/MASSA AYAM/chicken detection + constrative classification/data/crops_kolektor_gt/train/cacat/10536_00598.png,1,cacat,train,train,10536,10536.png,"[0, 0, 71, 116]",1.0,kolektor_gt,kolektor_permukaan
C:/Arib/MASSA AYAM/chicken detection + constrative classification/data/crops_kolektor_gt/train/cacat/10554_00617.png,1,cacat,train,train,10554,10554.png,"[52, 437, 188, 515]",1.0,kolektor_gt,kolektor_permukaan
C:/Arib/MASSA AYAM/chicken detection + constrative classification/data/crops_kolektor_gt/train/cacat/10557_00621.png,1,cacat,train,train,10557,10557.png,"[139, 508, 181, 566]",1.0,kolektor_gt,kolektor_permukaan
C:/Arib/MASSA AYAM/chicken detection + constrative classification/data/crops_kolektor_gt/train/cacat/10569_00634.png,1,cacat,train,train,10569,10569.png,"[0, 486, 124, 642]",1.0,kolektor_gt,kolektor_permukaan
C:/Arib/MASSA AYAM/chicken detection + constrative classification/data/crops_kolektor_gt/train/cacat/10574_00640.png,1,cacat,train,train,10574,10574.png,"[118, 397, 190, 520]",1.0,kolektor_gt,kolektor_permukaan
C:/Arib/MASSA AYAM/chicken detection + constrative classification/data/crops_kolektor_gt/train/cacat/10583_00650.png,1,cacat,train,train,10583,10583.png,"[127, 269, 151, 317]",1.0,kolektor_gt,kolektor_permukaan
C:/Arib/MASSA AYAM/chicken detection + constrative classification/data/crops_kolektor_gt/train/cacat/10585_00653.png,1,cacat,train,train,10585,10585.png,"[36, 282, 228, 367]",1.0,kolektor_gt,kolektor_permukaan
C:/Arib/MASSA AYAM/chicken detection + constrative classification/data/crops_kolektor_gt/train/cacat/10602_00671.png,1,cacat,train,train,10602,10602.png,"[0, 336, 64, 370]",1.0,kolektor_gt,kolektor_permukaan
C:/Arib/MASSA AYAM/chicken detection + constrative classification/data/crops_kolektor_gt/train/cacat/10612_00682.png,1,cacat,train,train,10612,10612.png,"[146, 302, 201, 373]",1.0,kolektor_gt,kolektor_permukaan
C:/Arib/MASSA AYAM/chicken detection + constrative classification/data/crops_kolektor_gt/train/cacat/10618_00689.png,1,cacat,train,train,10618,10618.png,"[145, 296, 228, 336]",1.0,kolektor_gt,kolektor_permukaan
C:/Arib/MASSA AYAM/chicken detection + constrative classification/data/crops_kolektor_gt/train/cacat/10628_00700.png,1,cacat,train,train,10628,10628.png,"[0, 248, 40, 385]",1.0,kolektor_gt,kolektor_permukaan
C:/Arib/MASSA AYAM/chicken detection + constrative classification/data/crops_kolektor_gt/train/cacat/10637_00710.png,1,cacat,train,train,10637,10637.png,"[77, 94, 147, 128]",1.0,kolektor_gt,kolektor_permukaan
C:/Arib/MASSA AYAM/chicken detection + constrative classification/data/crops_kolektor_gt/train/cacat/10638_00712.png,1,cacat,train,train,10638,10638.png,"[0, 452, 103, 646]",1.0,kolektor_gt,kolektor_permukaan
C:/Arib/MASSA AYAM/chicken detection + constrative classification/data/crops_kolektor_gt/train/cacat/10647_00722.png,1,cacat,train,train,10647,10647.png,"[36, 384, 78, 423]",1.0,kolektor_gt,kolektor_permukaan
C:/Arib/MASSA AYAM/chicken detection + constrative classification/data/crops_kolektor_gt/train/cacat/10648_00724.png,1,cacat,train,train,10648,10648.png,"[189, 193, 217, 216]",1.0,kolektor_gt,kolektor_permukaan
C:/Arib/MASSA AYAM/chicken detection + constrative classification/data/crops_kolektor_gt/train/cacat/10654_00731.png,1,cacat,train,train,10654,10654.png,"[11, 294, 132, 328]",1.0,kolektor_gt,kolektor_permukaan
C:/Arib/MASSA AYAM/chicken detection + constrative classification/data/crops_kolektor_gt/train/cacat/10659_00737.png,1,cacat,train,train,10659,10659.png,"[167, 600, 219, 629]",1.0,kolektor_gt,kolektor_permukaan
C:/Arib/MASSA AYAM/chicken detection + constrative classification/data/crops_kolektor_gt/train/cacat/10661_00740.png,1,cacat,train,train,10661,10661.png,"[32, 326, 144, 366]",1.0,kolektor_gt,kolektor_permukaan
C:/Arib/MASSA AYAM/chicken detection + constrative classification/data/crops_kolektor_gt/train/cacat/10672_00753.png,1,cacat,train,train,10672,10672.png,"[85, 483, 142, 582]",1.0,kolektor_gt,kolektor_permukaan
C:/Arib/MASSA AYAM/chicken detection + constrative classification/data/crops_kolektor_gt/train/cacat/10677_00759.png,1,cacat,train,train,10677,10677.png,"[197, 617, 208, 626]",1.0,kolektor_gt,kolektor_permukaan
C:/Arib/MASSA AYAM/chicken detection + constrative classification/data/crops_kolektor_gt/train/cacat/10678_00761.png,1,cacat,train,train,10678,10678.png,"[45, 132, 99, 197]",1.0,kolektor_gt,kolektor_permukaan
C:/Arib/MASSA AYAM/chicken detection + constrative classification/data/crops_kolektor_gt/train/cacat/10707_00794.png,1,cacat,train,train,10707,10707.png,"[0, 227, 30, 259]",1.0,kolektor_gt,kolektor_permukaan
C:/Arib/MASSA AYAM/chicken detection + constrative classification/data/crops_kolektor_gt/train/cacat/10711_00799.png,1,cacat,train,train,10711,10711.png,"[108, 421, 124, 436]",1.0,kolektor_gt,kolektor_permukaan
C:/Arib/MASSA AYAM/chicken detection + constrative classification/data/crops_kolektor_gt/train/cacat/10712_00801.png,1,cacat,train,train,10712,10712.png,"[115, 301, 223, 390]",1.0,kolektor_gt,kolektor_permukaan
C:/Arib/MASSA AYAM/chicken detection + constrative classification/data/crops_kolektor_gt/train/cacat/10729_00821.png,1,cacat,train,train,10729,10729.png,"[91, 99, 105, 167]",1.0,kolektor_gt,kolektor_permukaan
C:/Arib/MASSA AYAM/chicken detection + constrative classification/data/crops_kolektor_gt/train/cacat/10743_00836.png,1,cacat,train,train,10743,10743.png,"[98, 0, 206, 85]",1.0,kolektor_gt,kolektor_permukaan
C:/Arib/MASSA AYAM/chicken detection + constrative classification/data/crops_kolektor_gt/train/cacat/10756_00850.png,1,cacat,train,train,10756,10756.png,"[94, 548, 165, 646]",1.0,kolektor_gt,kolektor_permukaan
C:/Arib/MASSA AYAM/chicken detection + constrative classification/data/crops_kolektor_gt/train/cacat/10774_00870.png,1,cacat,train,train,10774,10774.png,"[78, 152, 133, 179]",1.0,kolektor_gt,kolektor_permukaan
C:/Arib/MASSA AYAM/chicken detection + constrative classification/data/crops_kolektor_gt/train/cacat/10797_00894.png,1,cacat,train,train,10797,10797.png,"[157, 321, 220, 448]",1.0,kolektor_gt,kolektor_permukaan
C:/Arib/MASSA AYAM/chicken detection + constrative classification/data/crops_kolektor_gt/train/cacat/10808_00906.png,1,cacat,train,train,10808,10808.png,"[98, 243, 201, 521]",1.0,kolektor_gt,kolektor_permukaan
C:/Arib/MASSA AYAM/chicken detection + constrative classification/data/crops_kolektor_gt/train/cacat/10844_00946.png,1,cacat,train,train,10844,10844.png,"[64, 169, 77, 178]",1.0,kolektor_gt,kolektor_permukaan
C:/Arib/MASSA AYAM/chicken detection + constrative classification/data/crops_kolektor_gt/train/cacat/10845_00948.png,1,cacat,train,train,10845,10845.png,"[88, 168, 221, 198]",1.0,kolektor_gt,kolektor_permukaan
C:/Arib/MASSA AYAM/chicken detection + constrative classification/data/crops_kolektor_gt/train/cacat/10846_00950.png,1,cacat,train,train,10846,10846.png,"[114, 558, 231, 642]",1.0,kolektor_gt,kolektor_permukaan
C:/Arib/MASSA AYAM/chicken detection + constrative classification/data/crops_kolektor_gt/train/cacat/10849_00954.png,1,cacat,train,train,10849,10849.png,"[190, 201, 231, 257]",1.0,kolektor_gt,kolektor_permukaan
C:/Arib/MASSA AYAM/chicken detection + constrative classification/data/crops_kolektor_gt/train/cacat/10849_00955.png,1,cacat,train,train,10849,10849.png,"[0, 143, 21, 232]",1.0,kolektor_gt,kolektor_permukaan
C:/Arib/MASSA AYAM/chicken detection + constrative classification/data/crops_kolektor_gt/train/cacat/10874_00983.png,1,cacat,train,train,10874,10874.png,"[62, 292, 76, 301]",1.0,kolektor_gt,kolektor_permukaan
C:/Arib/MASSA AYAM/chicken detection + constrative classification/data/crops_kolektor_gt/train/cacat/10893_01003.png,1,cacat,train,train,10893,10893.png,"[1, 334, 46, 371]",1.0,kolektor_gt,kolektor_permukaan
C:/Arib/MASSA AYAM/chicken detection + constrative classification/data/crops_kolektor_gt/train/cacat/10900_01011.png,1,cacat,train,train,10900,10900.png,"[103, 0, 136, 50]",1.0,kolektor_gt,kolektor_permukaan
C:/Arib/MASSA AYAM/chicken detection + constrative classification/data/crops_kolektor_gt/train/cacat/10905_01017.png,1,cacat,train,train,10905,10905.png,"[44, 264, 151, 294]",1.0,kolektor_gt,kolektor_permukaan
C:/Arib/MASSA AYAM/chicken detection + constrative classification/data/crops_kolektor_gt/train/cacat/10951_01065.png,1,cacat,train,train,10951,10951.png,"[0, 345, 69, 382]",1.0,kolektor_gt,kolektor_permukaan
C:/Arib/MASSA AYAM/chicken detection + constrative classification/data/crops_kolektor_gt/train/cacat/10952_01067.png,1,cacat,train,train,10952,10952.png,"[0, 455, 199, 587]",1.0,kolektor_gt,kolektor_permukaan
C:/Arib/MASSA AYAM/chicken detection + constrative classification/data/crops_kolektor_gt/train/cacat/11002_01118.png,1,cacat,train,train,11002,11002.png,"[49, 303, 141, 341]",1.0,kolektor_gt,kolektor_permukaan
C:/Arib/MASSA AYAM/chicken detection + constrative classification/data/crops_kolektor_gt/train/cacat/11003_01120.png,1,cacat,train,train,11003,11003.png,"[0, 183, 41, 302]",1.0,kolektor_gt,kolektor_permukaan
C:/Arib/MASSA AYAM/chicken detection + constrative classification/data/crops_kolektor_gt/train/cacat/11012_01130.png,1,cacat,train,train,11012,11012.png,"[14, 574, 43, 607]",1.0,kolektor_gt,kolektor_permukaan
C:/Arib/MASSA AYAM/chicken detection + constrative classification/data/crops_kolektor_gt/train/cacat/11025_01144.png,1,cacat,train,train,11025,11025.png,"[17, 162, 68, 216]",1.0,kolektor_gt,kolektor_permukaan
C:/Arib/MASSA AYAM/chicken detection + constrative classification/data/crops_kolektor_gt/train/cacat/11040_01160.png,1,cacat,train,train,11040,11040.png,"[71, 599, 105, 633]",1.0,kolektor_gt,kolektor_permukaan
C:/Arib/MASSA AYAM/chicken detection + constrative classification/data/crops_kolektor_gt/train/cacat/11052_01173.png,1,cacat,train,train,11052,11052.png,"[0, 65, 31, 142]",1.0,kolektor_gt,kolektor_permukaan
C:/Arib/MASSA AYAM/chicken detection + constrative classification/data/crops_kolektor_gt/train/cacat/11052_01174.png,1,cacat,train,train,11052,11052.png,"[0, 0, 55, 52]",1.0,kolektor_gt,kolektor_permukaan
C:/Arib/MASSA AYAM/chicken detection + constrative classification/data/crops_kolektor_gt/train/cacat/11061_01185.png,1,cacat,train,train,11061,11061.png,"[31, 379, 80, 489]",1.0,kolektor_gt,kolektor_permukaan
C:/Arib/MASSA AYAM/chicken detection + constrative classification/data/crops_kolektor_gt/train/cacat/11074_01199.png,1,cacat,train,train,11074,11074.png,"[0, 0, 34, 164]",1.0,kolektor_gt,kolektor_permukaan
C:/Arib/MASSA AYAM/chicken detection + constrative classification/data/crops_kolektor_gt/train/cacat/11093_01220.png,1,cacat,train,train,11093,11093.png,"[197, 185, 222, 221]",1.0,kolektor_gt,kolektor_permukaan
C:/Arib/MASSA AYAM/chicken detection + constrative classification/data/crops_kolektor_gt/train/cacat/11094_01222.png,1,cacat,train,train,11094,11094.png,"[129, 536, 180, 568]",1.0,kolektor_gt,kolektor_permukaan
C:/Arib/MASSA AYAM/chicken detection + constrative classification/data/crops_kolektor_gt/train/cacat/11101_01230.png,1,cacat,train,train,11101,11101.png,"[10, 0, 126, 176]",1.0,kolektor_gt,kolektor_permukaan
C:/Arib/MASSA AYAM/chicken detection + constrative classification/data/crops_kolektor_gt/train/cacat/11135_01265.png,1,cacat,train,train,11135,11135.png,"[0, 224, 34, 315]",1.0,kolektor_gt,kolektor_permukaan
C:/Arib/MASSA AYAM/chicken detection + constrative classification/data/crops_kolektor_gt/train/cacat/11139_01270.png,1,cacat,train,train,11139,11139.png,"[112, 255, 132, 270]",1.0,kolektor_gt,kolektor_permukaan
C:/Arib/MASSA AYAM/chicken detection + constrative classification/data/crops_kolektor_gt/train/cacat/11139_01271.png,1,cacat,train,train,11139,11139.png,"[0, 251, 48, 327]",1.0,kolektor_gt,kolektor_permukaan
C:/Arib/MASSA AYAM/chicken detection + constrative classification/data/crops_kolektor_gt/train/cacat/11139_01272.png,1,cacat,train,train,11139,11139.png,"[168, 184, 212, 280]",1.0,kolektor_gt,kolektor_permukaan
C:/Arib/MASSA AYAM/chicken detection + constrative classification/data/crops_kolektor_gt/train/cacat/11178_01315.png,1,cacat,train,train,11178,11178.png,"[148, 483, 233, 588]",1.0,kolektor_gt,kolektor_permukaan
C:/Arib/MASSA AYAM/chicken detection + constrative classification/data/crops_kolektor_gt/train/cacat/11187_01325.png,1,cacat,train,train,11187,11187.png,"[78, 574, 111, 639]",1.0,kolektor_gt,kolektor_permukaan
C:/Arib/MASSA AYAM/chicken detection + constrative classification/data/crops_kolektor_gt/train/cacat/11195_01335.png,1,cacat,train,train,11195,11195.png,"[146, 0, 235, 72]",1.0,kolektor_gt,kolektor_permukaan
C:/Arib/MASSA AYAM/chicken detection + constrative classification/data/crops_kolektor_gt/train/cacat/11214_01355.png,1,cacat,train,train,11214,11214.png,"[0, 172, 231, 414]",1.0,kolektor_gt,kolektor_permukaan
C:/Arib/MASSA AYAM/chicken detection + constrative classification/data/crops_kolektor_gt/train/cacat/11228_01370.png,1,cacat,train,train,11228,11228.png,"[0, 248, 77, 351]",1.0,kolektor_gt,kolektor_permukaan
C:/Arib/MASSA AYAM/chicken detection + constrative classification/data/crops_kolektor_gt/train/cacat/11242_01385.png,1,cacat,train,train,11242,11242.png,"[52, 517, 154, 570]",1.0,kolektor_gt,kolektor_permukaan
C:/Arib/MASSA AYAM/chicken detection + constrative classification/data/crops_kolektor_gt/train/cacat/11269_01415.png,1,cacat,train,train,11269,11269.png,"[58, 230, 76, 241]",1.0,kolektor_gt,kolektor_permukaan
C:/Arib/MASSA AYAM/chicken detection + constrative classification/data/crops_kolektor_gt/train/cacat/11282_01429.png,1,cacat,train,train,11282,11282.png,"[96, 237, 143, 294]",1.0,kolektor_gt,kolektor_permukaan
C:/Arib/MASSA AYAM/chicken detection + constrative classification/data/crops_kolektor_gt/train/cacat/11299_01447.png,1,cacat,train,train,11299,11299.png,"[92, 165, 144, 238]",1.0,kolektor_gt,kolektor_permukaan
C:/Arib/MASSA AYAM/chicken detection + constrative classification/data/crops_kolektor_gt/train/cacat/11339_01489.png,1,cacat,train,train,11339,11339.png,"[84, 280, 145, 300]",1.0,kolektor_gt,kolektor_permukaan
C:/Arib/MASSA AYAM/chicken detection + constrative classification/data/crops_kolektor_gt/train/cacat/11351_01503.png,1,cacat,train,train,11351,11351.png,"[0, 412, 22, 573]",1.0,kolektor_gt,kolektor_permukaan
C:/Arib/MASSA AYAM/chicken detection + constrative classification/data/crops_kolektor_gt/train/cacat/11360_01513.png,1,cacat,train,train,11360,11360.png,"[19, 354, 48, 424]",1.0,kolektor_gt,kolektor_permukaan
C:/Arib/MASSA AYAM/chicken detection + constrative classification/data/crops_kolektor_gt/train/cacat/11364_01521.png,1,cacat,train,train,11364,11364.png,"[119, 262, 150, 285]",1.0,kolektor_gt,kolektor_permukaan
C:/Arib/MASSA AYAM/chicken detection + constrative classification/data/crops_kolektor_gt/train/cacat/11386_01544.png,1,cacat,train,train,11386,11386.png,"[206, 58, 226, 154]",1.0,kolektor_gt,kolektor_permukaan
C:/Arib/MASSA AYAM/chicken detection + constrative classification/data/crops_kolektor_gt/train/cacat/11388_01547.png,1,cacat,train,train,11388,11388.png,"[113, 251, 209, 287]",1.0,kolektor_gt,kolektor_permukaan
C:/Arib/MASSA AYAM/chicken detection + constrative classification/data/crops_kolektor_gt/train/cacat/11398_01558.png,1,cacat,train,train,11398,11398.png,"[136, 240, 225, 357]",1.0,kolektor_gt,kolektor_permukaan
C:/Arib/MASSA AYAM/chicken detection + constrative classification/data/crops_kolektor_gt/train/cacat/11404_01565.png,1,cacat,train,train,11404,11404.png,"[7, 537, 79, 636]",1.0,kolektor_gt,kolektor_permukaan
C:/Arib/MASSA AYAM/chicken detection + constrative classification/data/crops_kolektor_gt/train/cacat/11417_01579.png,1,cacat,train,train,11417,11417.png,"[0, 0, 34, 28]",1.0,kolektor_gt,kolektor_permukaan
C:/Arib/MASSA AYAM/chicken detection + constrative classification/data/crops_kolektor_gt/train/cacat/11430_01593.png,1,cacat,train,train,11430,11430.png,"[61, 240, 158, 305]",1.0,kolektor_gt,kolektor_permukaan
C:/Arib/MASSA AYAM/chicken detection + constrative classification/data/crops_kolektor_gt/train/cacat/11432_01596.png,1,cacat,train,train,11432,11432.png,"[121, 279, 159, 357]",1.0,kolektor_gt,kolektor_permukaan
C:/Arib/MASSA AYAM/chicken detection + constrative classification/data/crops_kolektor_gt/train/cacat/11447_01617.png,1,cacat,train,train,11447,11447.png,"[21, 294, 123, 357]",1.0,kolektor_gt,kolektor_permukaan
C:/Arib/MASSA AYAM/chicken detection + constrative classification/data/crops_kolektor_gt/train/cacat/11458_01629.png,1,cacat,train,train,11458,11458.png,"[142, 340, 172, 360]",1.0,kolektor_gt,kolektor_permukaan
C:/Arib/MASSA AYAM/chicken detection + constrative classification/data/crops_kolektor_gt/train/cacat/11477_01649.png,1,cacat,train,train,11477,11477.png,"[127, 304, 230, 344]",1.0,kolektor_gt,kolektor_permukaan
C:/Arib/MASSA AYAM/chicken detection + constrative classification/data/crops_kolektor_gt/train/cacat/11481_01654.png,1,cacat,train,train,11481,11481.png,"[0, 337, 71, 356]",1.0,kolektor_gt,kolektor_permukaan
C:/Arib/MASSA AYAM/chicken detection + constrative classification/data/crops_kolektor_gt/train/cacat/11482_01656.png,1,cacat,train,train,11482,11482.png,"[215, 46, 234, 69]",1.0,kolektor_gt,kolektor_permukaan
C:/Arib/MASSA AYAM/chicken detection + constrative classification/data/crops_kolektor_gt/train/cacat/11500_01675.png,1,cacat,train,train,11500,11500.png,"[13, 203, 124, 312]",1.0,kolektor_gt,kolektor_permukaan
C:/Arib/MASSA AYAM/chicken detection + constrative classification/data/crops_kolektor_gt/train/cacat/11506_01682.png,1,cacat,train,train,11506,11506.png,"[182, 0, 226, 26]",1.0,kolektor_gt,kolektor_permukaan
C:/Arib/MASSA AYAM/chicken detection + constrative classification/data/crops_kolektor_gt/train/cacat/11512_01689.png,1,cacat,train,train,11512,11512.png,"[12, 178, 24, 201]",1.0,kolektor_gt,kolektor_permukaan
C:/Arib/MASSA AYAM/chicken detection + constrative classification/data/crops_kolektor_gt/train/cacat/11543_01721.png,1,cacat,train,train,11543,11543.png,"[13, 0, 67, 75]",1.0,kolektor_gt,kolektor_permukaan
C:/Arib/MASSA AYAM/chicken detection + constrative classification/data/crops_kolektor_gt/train/cacat/11568_01751.png,1,cacat,train,train,11568,11568.png,"[101, 233, 230, 258]",1.0,kolektor_gt,kolektor_permukaan
C:/Arib/MASSA AYAM/chicken detection + constrative classification/data/crops_kolektor_gt/train/cacat/11573_01757.png,1,cacat,train,train,11573,11573.png,"[69, 302, 176, 345]",1.0,kolektor_gt,kolektor_permukaan
C:/Arib/MASSA AYAM/chicken detection + constrative classification/data/crops_kolektor_gt/train/cacat/11574_01759.png,1,cacat,train,train,11574,11574.png,"[0, 379, 41, 640]",1.0,kolektor_gt,kolektor_permukaan
C:/Arib/MASSA AYAM/chicken detection + constrative classification/data/crops_kolektor_gt/train/cacat/11584_01770.png,1,cacat,train,train,11584,11584.png,"[85, 342, 198, 440]",1.0,kolektor_gt,kolektor_permukaan
C:/Arib/MASSA AYAM/chicken detection + constrative classification/data/crops_kolektor_gt/train/cacat/11585_01772.png,1,cacat,train,train,11585,11585.png,"[95, 529, 224, 578]",1.0,kolektor_gt,kolektor_permukaan
C:/Arib/MASSA AYAM/chicken detection + constrative classification/data/crops_kolektor_gt/train/cacat/11590_01778.png,1,cacat,train,train,11590,11590.png,"[0, 0, 165, 95]",1.0,kolektor_gt,kolektor_permukaan
C:/Arib/MASSA AYAM/chicken detection + constrative classification/data/crops_kolektor_gt/train/cacat/11601_01790.png,1,cacat,train,train,11601,11601.png,"[157, 272, 222, 347]",1.0,kolektor_gt,kolektor_permukaan
C:/Arib/MASSA AYAM/chicken detection + constrative classification/data/crops_kolektor_gt/train/cacat/11612_01802.png,1,cacat,train,train,11612,11612.png,"[103, 30, 229, 453]",1.0,kolektor_gt,kolektor_permukaan
C:/Arib/MASSA AYAM/chicken detection + constrative classification/data/crops_kolektor_gt/train/cacat/11629_01821.png,1,cacat,train,train,11629,11629.png,"[147, 465, 228, 605]",1.0,kolektor_gt,kolektor_permukaan
C:/Arib/MASSA AYAM/chicken detection + constrative classification/data/crops_kolektor_gt/train/cacat/11629_01822.png,1,cacat,train,train,11629,11629.png,"[0, 406, 99, 469]",1.0,kolektor_gt,kolektor_permukaan
C:/Arib/MASSA AYAM/chicken detection + constrative classification/data/crops_kolektor_gt/train/cacat/11632_01827.png,1,cacat,train,train,11632,11632.png,"[157, 388, 194, 429]",1.0,kolektor_gt,kolektor_permukaan
C:/Arib/MASSA AYAM/chicken detection + constrative classification/data/crops_kolektor_gt/train/cacat/11641_01837.png,1,cacat,train,train,11641,11641.png,"[38, 155, 75, 179]",1.0,kolektor_gt,kolektor_permukaan
C:/Arib/MASSA AYAM/chicken detection + constrative classification/data/crops_kolektor_gt/train/cacat/11641_01838.png,1,cacat,train,train,11641,11641.png,"[13, 140, 40, 160]",1.0,kolektor_gt,kolektor_permukaan
C:/Arib/MASSA AYAM/chicken detection + constrative classification/data/crops_kolektor_gt/train/cacat/11642_01841.png,1,cacat,train,train,11642,11642.png,"[59, 0, 173, 145]",1.0,kolektor_gt,kolektor_permukaan
C:/Arib/MASSA AYAM/chicken detection + constrative classification/data/crops_kolektor_gt/train/cacat/11643_01843.png,1,cacat,train,train,11643,11643.png,"[175, 458, 192, 468]",1.0,kolektor_gt,kolektor_permukaan
C:/Arib/MASSA AYAM/chicken detection + constrative classification/data/crops_kolektor_gt/train/cacat/11662_01864.png,1,cacat,train,train,11662,11662.png,"[25, 477, 55, 515]",1.0,kolektor_gt,kolektor_permukaan
C:/Arib/MASSA AYAM/chicken detection + constrative classification/data/crops_kolektor_gt/train/cacat/11669_01872.png,1,cacat,train,train,11669,11669.png,"[98, 519, 174, 641]",1.0,kolektor_gt,kolektor_permukaan
C:/Arib/MASSA AYAM/chicken detection + constrative classification/data/crops_kolektor_gt/train/cacat/11711_01917.png,1,cacat,train,train,11711,11711.png,"[45, 289, 99, 317]",1.0,kolektor_gt,kolektor_permukaan
C:/Arib/MASSA AYAM/chicken detection + constrative classification/data/crops_kolektor_gt/train/cacat/11713_01920.png,1,cacat,train,train,11713,11713.png,"[0, 353, 60, 398]",1.0,kolektor_gt,kolektor_permukaan
C:/Arib/MASSA AYAM/chicken detection + constrative classification/data/crops_kolektor_gt/train/cacat/11746_01955.png,1,cacat,train,train,11746,11746.png,"[202, 254, 228, 342]",1.0,kolektor_gt,kolektor_permukaan
C:/Arib/MASSA AYAM/chicken detection + constrative classification/data/crops_kolektor_gt/train/cacat/11746_01956.png,1,cacat,train,train,11746,11746.png,"[110, 23, 174, 123]",1.0,kolektor_gt,kolektor_permukaan
C:/Arib/MASSA AYAM/chicken detection + constrative classification/data/crops_kolektor_gt/train/cacat/11750_01962.png,1,cacat,train,train,11750,11750.png,"[0, 106, 36, 306]",1.0,kolektor_gt,kolektor_permukaan
C:/Arib/MASSA AYAM/chicken detection + constrative classification/data/crops_kolektor_gt/train/cacat/11770_01984.png,1,cacat,train,train,11770,11770.png,"[0, 441, 101, 632]",1.0,kolektor_gt,kolektor_permukaan
C:/Arib/MASSA AYAM/chicken detection + constrative classification/data/crops_kolektor_gt/train/cacat/11775_01990.png,1,cacat,train,train,11775,11775.png,"[160, 275, 229, 336]",1.0,kolektor_gt,kolektor_permukaan
C:/Arib/MASSA AYAM/chicken detection + constrative classification/data/crops_kolektor_gt/train/cacat/11804_02021.png,1,cacat,train,train,11804,11804.png,"[119, 37, 187, 111]",1.0,kolektor_gt,kolektor_permukaan
C:/Arib/MASSA AYAM/chicken detection + constrative classification/data/crops_kolektor_gt/train/cacat/11808_02026.png,1,cacat,train,train,11808,11808.png,"[55, 0, 178, 125]",1.0,kolektor_gt,kolektor_permukaan
C:/Arib/MASSA AYAM/chicken detection + constrative classification/data/crops_kolektor_gt/train/cacat/11810_02029.png,1,cacat,train,train,11810,11810.png,"[86, 271, 140, 329]",1.0,kolektor_gt,kolektor_permukaan
C:/Arib/MASSA AYAM/chicken detection + constrative classification/data/crops_kolektor_gt/train/cacat/11832_02052.png,1,cacat,train,train,11832,11832.png,"[0, 150, 46, 225]",1.0,kolektor_gt,kolektor_permukaan
C:/Arib/MASSA AYAM/chicken detection + constrative classification/data/crops_kolektor_gt/train/cacat/11851_02073.png,1,cacat,train,train,11851,11851.png,"[78, 544, 106, 644]",1.0,kolektor_gt,kolektor_permukaan
C:/Arib/MASSA AYAM/chicken detection + constrative classification/data/crops_kolektor_gt/train/cacat/11858_02081.png,1,cacat,train,train,11858,11858.png,"[17, 538, 50, 627]",1.0,kolektor_gt,kolektor_permukaan
C:/Arib/MASSA AYAM/chicken detection + constrative classification/data/crops_kolektor_gt/train/cacat/11874_02100.png,1,cacat,train,train,11874,11874.png,"[0, 3, 112, 269]",1.0,kolektor_gt,kolektor_permukaan
C:/Arib/MASSA AYAM/chicken detection + constrative classification/data/crops_kolektor_gt/train/cacat/11884_02111.png,1,cacat,train,train,11884,11884.png,"[9, 162, 53, 204]",1.0,kolektor_gt,kolektor_permukaan
C:/Arib/MASSA AYAM/chicken detection + constrative classification/data/crops_kolektor_gt/train/cacat/11899_02127.png,1,cacat,train,train,11899,11899.png,"[0, 237, 77, 363]",1.0,kolektor_gt,kolektor_permukaan
C:/Arib/MASSA AYAM/chicken detection + constrative classification/data/crops_kolektor_gt/train/cacat/11905_02134.png,1,cacat,train,train,11905,11905.png,"[0, 271, 22, 298]",1.0,kolektor_gt,kolektor_permukaan
C:/Arib/MASSA AYAM/chicken detection + constrative classification/data/crops_kolektor_gt/train/cacat/11905_02135.png,1,cacat,train,train,11905,11905.png,"[1, 0, 56, 114]",1.0,kolektor_gt,kolektor_permukaan
C:/Arib/MASSA AYAM/chicken detection + constrative classification/data/crops_kolektor_gt/train/cacat/11912_02144.png,1,cacat,train,train,11912,11912.png,"[202, 432, 214, 445]",1.0,kolektor_gt,kolektor_permukaan
C:/Arib/MASSA AYAM/chicken detection + constrative classification/data/crops_kolektor_gt/train/cacat/11917_02150.png,1,cacat,train,train,11917,11917.png,"[4, 556, 165, 637]",1.0,kolektor_gt,kolektor_permukaan
C:/Arib/MASSA AYAM/chicken detection + constrative classification/data/crops_kolektor_gt/train/cacat/11917_02151.png,1,cacat,train,train,11917,11917.png,"[0, 0, 40, 216]",1.0,kolektor_gt,kolektor_permukaan
C:/Arib/MASSA AYAM/chicken detection + constrative classification/data/crops_kolektor_gt/train/cacat/11920_02156.png,1,cacat,train,train,11920,11920.png,"[0, 356, 31, 376]",1.0,kolektor_gt,kolektor_permukaan
C:/Arib/MASSA AYAM/chicken detection + constrative classification/data/crops_kolektor_gt/train/cacat/11923_02160.png,1,cacat,train,train,11923,11923.png,"[25, 280, 229, 407]",1.0,kolektor_gt,kolektor_permukaan
C:/Arib/MASSA AYAM/chicken detection + constrative classification/data/crops_kolektor_gt/train/cacat/11924_02162.png,1,cacat,train,train,11924,11924.png,"[79, 293, 144, 329]",1.0,kolektor_gt,kolektor_permukaan
C:/Arib/MASSA AYAM/chicken detection + constrative classification/data/crops_kolektor_gt/train/cacat/11962_02206.png,1,cacat,train,train,11962,11962.png,"[28, 208, 92, 281]",1.0,kolektor_gt,kolektor_permukaan
C:/Arib/MASSA AYAM/chicken detection + constrative classification/data/crops_kolektor_gt/train/cacat/11969_02214.png,1,cacat,train,train,11969,11969.png,"[158, 481, 178, 527]",1.0,kolektor_gt,kolektor_permukaan
C:/Arib/MASSA AYAM/chicken detection + constrative classification/data/crops_kolektor_gt/train/cacat/11986_02233.png,1,cacat,train,train,11986,11986.png,"[79, 308, 154, 326]",1.0,kolektor_gt,kolektor_permukaan
C:/Arib/MASSA AYAM/chicken detection + constrative classification/data/crops_kolektor_gt/train/cacat/12008_02256.png,1,cacat,train,train,12008,12008.png,"[2, 352, 91, 500]",1.0,kolektor_gt,kolektor_permukaan
C:/Arib/MASSA AYAM/chicken detection + constrative classification/data/crops_kolektor_gt/train/cacat/12026_02275.png,1,cacat,train,train,12026,12026.png,"[46, 294, 136, 352]",1.0,kolektor_gt,kolektor_permukaan
C:/Arib/MASSA AYAM/chicken detection + constrative classification/data/crops_kolektor_gt/train/cacat/12028_02278.png,1,cacat,train,train,12028,12028.png,"[21, 391, 42, 431]",1.0,kolektor_gt,kolektor_permukaan
C:/Arib/MASSA AYAM/chicken detection + constrative classification/data/crops_kolektor_gt/train/cacat/12041_02292.png,1,cacat,train,train,12041,12041.png,"[202, 172, 221, 199]",1.0,kolektor_gt,kolektor_permukaan
C:/Arib/MASSA AYAM/chicken detection + constrative classification/data/crops_kolektor_gt/train/cacat/12050_02302.png,1,cacat,train,train,12050,12050.png,"[35, 5, 80, 78]",1.0,kolektor_gt,kolektor_permukaan
C:/Arib/MASSA AYAM/chicken detection + constrative classification/data/crops_kolektor_gt/train/cacat/12056_02309.png,1,cacat,train,train,12056,12056.png,"[0, 0, 140, 159]",1.0,kolektor_gt,kolektor_permukaan
C:/Arib/MASSA AYAM/chicken detection + constrative classification/data/crops_kolektor_gt/train/cacat/12070_02324.png,1,cacat,train,train,12070,12070.png,"[143, 312, 223, 330]",1.0,kolektor_gt,kolektor_permukaan
C:/Arib/MASSA AYAM/chicken detection + constrative classification/data/crops_kolektor_gt/train/cacat/12080_02336.png,1,cacat,train,train,12080,12080.png,"[44, 197, 187, 250]",1.0,kolektor_gt,kolektor_permukaan
C:/Arib/MASSA AYAM/chicken detection + constrative classification/data/crops_kolektor_gt/train/cacat/12081_02338.png,1,cacat,train,train,12081,12081.png,"[149, 168, 203, 216]",1.0,kolektor_gt,kolektor_permukaan
C:/Arib/MASSA AYAM/chicken detection + constrative classification/data/crops_kolektor_gt/train/cacat/12105_02363.png,1,cacat,train,train,12105,12105.png,"[152, 312, 230, 352]",1.0,kolektor_gt,kolektor_permukaan
C:/Arib/MASSA AYAM/chicken detection + constrative classification/data/crops_kolektor_gt/train/cacat/12109_02368.png,1,cacat,train,train,12109,12109.png,"[139, 584, 174, 617]",1.0,kolektor_gt,kolektor_permukaan
C:/Arib/MASSA AYAM/chicken detection + constrative classification/data/crops_kolektor_gt/train/cacat/12131_02391.png,1,cacat,train,train,12131,12131.png,"[148, 484, 198, 545]",1.0,kolektor_gt,kolektor_permukaan
C:/Arib/MASSA AYAM/chicken detection + constrative classification/data/crops_kolektor_gt/train/cacat/12141_02402.png,1,cacat,train,train,12141,12141.png,"[13, 400, 24, 458]",1.0,kolektor_gt,kolektor_permukaan
C:/Arib/MASSA AYAM/chicken detection + constrative classification/data/crops_kolektor_gt/train/cacat/12160_02423.png,1,cacat,train,train,12160,12160.png,"[143, 180, 189, 311]",1.0,kolektor_gt,kolektor_permukaan
C:/Arib/MASSA AYAM/chicken detection + constrative classification/data/crops_kolektor_gt/train/cacat/12179_02443.png,1,cacat,train,train,12179,12179.png,"[53, 435, 193, 629]",1.0,kolektor_gt,kolektor_permukaan
C:/Arib/MASSA AYAM/chicken detection + constrative classification/data/crops_kolektor_gt/train/cacat/12179_02444.png,1,cacat,train,train,12179,12179.png,"[162, 0, 229, 120]",1.0,kolektor_gt,kolektor_permukaan
C:/Arib/MASSA AYAM/chicken detection + constrative classification/data/crops_kolektor_gt/train/cacat/12191_02458.png,1,cacat,train,train,12191,12191.png,"[12, 306, 38, 375]",1.0,kolektor_gt,kolektor_permukaan
C:/Arib/MASSA AYAM/chicken detection + constrative classification/data/crops_kolektor_gt/train/cacat/12201_02469.png,1,cacat,train,train,12201,12201.png,"[11, 314, 118, 356]",1.0,kolektor_gt,kolektor_permukaan
C:/Arib/MASSA AYAM/chicken detection + constrative classification/data/crops_kolektor_gt/train/cacat/12210_02479.png,1,cacat,train,train,12210,12210.png,"[165, 510, 230, 645]",1.0,kolektor_gt,kolektor_permukaan
C:/Arib/MASSA AYAM/chicken detection + constrative classification/data/crops_kolektor_gt/train/cacat/12216_02486.png,1,cacat,train,train,12216,12216.png,"[42, 291, 117, 381]",1.0,kolektor_gt,kolektor_permukaan
C:/Arib/MASSA AYAM/chicken detection + constrative classification/data/crops_kolektor_gt/train/cacat/12216_02487.png,1,cacat,train,train,12216,12216.png,"[151, 0, 198, 56]",1.0,kolektor_gt,kolektor_permukaan
C:/Arib/MASSA AYAM/chicken detection + constrative classification/data/crops_kolektor_gt/train/cacat/12233_02506.png,1,cacat,train,train,12233,12233.png,"[62, 221, 229, 309]",1.0,kolektor_gt,kolektor_permukaan
C:/Arib/MASSA AYAM/chicken detection + constrative classification/data/crops_kolektor_gt/train/cacat/12237_02511.png,1,cacat,train,train,12237,12237.png,"[185, 298, 232, 332]",1.0,kolektor_gt,kolektor_permukaan
C:/Arib/MASSA AYAM/chicken detection + constrative classification/data/crops_kolektor_gt/train/cacat/12237_02512.png,1,cacat,train,train,12237,12237.png,"[0, 255, 95, 390]",1.0,kolektor_gt,kolektor_permukaan
C:/Arib/MASSA AYAM/chicken detection + constrative classification/data/crops_kolektor_gt/train/cacat/12244_02521.png,1,cacat,train,train,12244,12244.png,"[141, 0, 214, 32]",1.0,kolektor_gt,kolektor_permukaan
C:/Arib/MASSA AYAM/chicken detection + constrative classification/data/crops_kolektor_gt/train/cacat/12245_02523.png,1,cacat,train,train,12245,12245.png,"[0, 572, 106, 615]",1.0,kolektor_gt,kolektor_permukaan
C:/Arib/MASSA AYAM/chicken detection + constrative classification/data/crops_kolektor_gt/train/cacat/12255_02534.png,1,cacat,train,train,12255,12255.png,"[0, 37, 22, 114]",1.0,kolektor_gt,kolektor_permukaan
C:/Arib/MASSA AYAM/chicken detection + constrative classification/data/crops_kolektor_gt/train/cacat/12287_02568.png,1,cacat,train,train,12287,12287.png,"[50, 172, 112, 238]",1.0,kolektor_gt,kolektor_permukaan
C:/Arib/MASSA AYAM/chicken detection + constrative classification/data/crops_kolektor_gt/train/cacat/12288_02570.png,1,cacat,train,train,12288,12288.png,"[62, 351, 78, 361]",1.0,kolektor_gt,kolektor_permukaan
C:/Arib/MASSA AYAM/chicken detection + constrative classification/data/crops_kolektor_gt/train/cacat/12288_02571.png,1,cacat,train,train,12288,12288.png,"[99, 72, 136, 133]",1.0,kolektor_gt,kolektor_permukaan
C:/Arib/MASSA AYAM/chicken detection + constrative classification/data/crops_kolektor_gt/train/cacat/12301_02586.png,1,cacat,train,train,12301,12301.png,"[128, 0, 229, 62]",1.0,kolektor_gt,kolektor_permukaan
C:/Arib/MASSA AYAM/chicken detection + constrative classification/data/crops_kolektor_gt/train/cacat/12303_02589.png,1,cacat,train,train,12303,12303.png,"[0, 62, 139, 206]",1.0,kolektor_gt,kolektor_permukaan
C:/Arib/MASSA AYAM/chicken detection + constrative classification/data/crops_kolektor_gt/train/cacat/12314_02601.png,1,cacat,train,train,12314,12314.png,"[165, 0, 229, 86]",1.0,kolektor_gt,kolektor_permukaan
C:/Arib/MASSA AYAM/chicken detection + constrative classification/data/crops_kolektor_gt/val/normal/10001_00001.png,0,normal,val,train,10001,10001.png,"[16, 99, 152, 177]",1.0,kolektor_gt,kolektor_permukaan
C:/Arib/MASSA AYAM/chicken detection + constrative classification/data/crops_kolektor_gt/val/normal/10004_00004.png,0,normal,val,train,10004,10004.png,"[2, 39, 177, 128]",1.0,kolektor_gt,kolektor_permukaan
C:/Arib/MASSA AYAM/chicken detection + constrative classification/data/crops_kolektor_gt/val/normal/10009_00009.png,0,normal,val,train,10009,10009.png,"[144, 306, 219, 396]",1.0,kolektor_gt,kolektor_permukaan
C:/Arib/MASSA AYAM/chicken detection + constrative classification/data/crops_kolektor_gt/val/normal/10010_00010.png,0,normal,val,train,10010,10010.png,"[94, 339, 163, 442]",1.0,kolektor_gt,kolektor_permukaan
C:/Arib/MASSA AYAM/chicken detection + constrative classification/data/crops_kolektor_gt/val/normal/10014_00014.png,0,normal,val,train,10014,10014.png,"[37, 248, 63, 336]",1.0,kolektor_gt,kolektor_permukaan
C:/Arib/MASSA AYAM/chicken detection + constrative classification/data/crops_kolektor_gt/val/normal/10017_00017.png,0,normal,val,train,10017,10017.png,"[64, 313, 176, 579]",1.0,kolektor_gt,kolektor_permukaan
C:/Arib/MASSA AYAM/chicken detection + constrative classification/data/crops_kolektor_gt/val/normal/10018_00018.png,0,normal,val,train,10018,10018.png,"[180, 141, 209, 159]",1.0,kolektor_gt,kolektor_permukaan
C:/Arib/MASSA AYAM/chicken detection + constrative classification/data/crops_kolektor_gt/val/normal/10022_00023.png,0,normal,val,train,10022,10022.png,"[78, 495, 192, 552]",1.0,kolektor_gt,kolektor_permukaan
C:/Arib/MASSA AYAM/chicken detection + constrative classification/data/crops_kolektor_gt/val/normal/10023_00024.png,0,normal,val,train,10023,10023.png,"[71, 305, 115, 401]",1.0,kolektor_gt,kolektor_permukaan
C:/Arib/MASSA AYAM/chicken detection + constrative classification/data/crops_kolektor_gt/val/normal/10024_00025.png,0,normal,val,train,10024,10024.png,"[73, 212, 107, 240]",1.0,kolektor_gt,kolektor_permukaan
C:/Arib/MASSA AYAM/chicken detection + constrative classification/data/crops_kolektor_gt/val/normal/10027_00028.png,0,normal,val,train,10027,10027.png,"[101, 353, 127, 441]",1.0,kolektor_gt,kolektor_permukaan
C:/Arib/MASSA AYAM/chicken detection + constrative classification/data/crops_kolektor_gt/val/normal/10030_00032.png,0,normal,val,train,10030,10030.png,"[27, 103, 167, 297]",1.0,kolektor_gt,kolektor_permukaan
C:/Arib/MASSA AYAM/chicken detection + constrative classification/data/crops_kolektor_gt/val/normal/10032_00034.png,0,normal,val,train,10032,10032.png,"[31, 25, 147, 201]",1.0,kolektor_gt,kolektor_permukaan
C:/Arib/MASSA AYAM/chicken detection + constrative classification/data/crops_kolektor_gt/val/normal/10034_00036.png,0,normal,val,train,10034,10034.png,"[84, 483, 128, 525]",1.0,kolektor_gt,kolektor_permukaan
C:/Arib/MASSA AYAM/chicken detection + constrative classification/data/crops_kolektor_gt/val/normal/10036_00038.png,0,normal,val,train,10036,10036.png,"[104, 487, 158, 552]",1.0,kolektor_gt,kolektor_permukaan
C:/Arib/MASSA AYAM/chicken detection + constrative classification/data/crops_kolektor_gt/val/normal/10037_00039.png,0,normal,val,train,10037,10037.png,"[18, 328, 213, 410]",1.0,kolektor_gt,kolektor_permukaan
C:/Arib/MASSA AYAM/chicken detection + constrative classification/data/crops_kolektor_gt/val/normal/10045_00047.png,0,normal,val,train,10045,10045.png,"[32, 367, 172, 526]",1.0,kolektor_gt,kolektor_permukaan
C:/Arib/MASSA AYAM/chicken detection + constrative classification/data/crops_kolektor_gt/val/normal/10049_00052.png,0,normal,val,train,10049,10049.png,"[1, 267, 23, 300]",1.0,kolektor_gt,kolektor_permukaan
C:/Arib/MASSA AYAM/chicken detection + constrative classification/data/crops_kolektor_gt/val/normal/10054_00057.png,0,normal,val,train,10054,10054.png,"[176, 120, 206, 140]",1.0,kolektor_gt,kolektor_permukaan
C:/Arib/MASSA AYAM/chicken detection + constrative classification/data/crops_kolektor_gt/val/normal/10064_00069.png,0,normal,val,train,10064,10064.png,"[114, 56, 151, 117]",1.0,kolektor_gt,kolektor_permukaan
C:/Arib/MASSA AYAM/chicken detection + constrative classification/data/crops_kolektor_gt/val/normal/10072_00078.png,0,normal,val,train,10072,10072.png,"[95, 391, 107, 404]",1.0,kolektor_gt,kolektor_permukaan
C:/Arib/MASSA AYAM/chicken detection + constrative classification/data/crops_kolektor_gt/val/normal/10074_00080.png,0,normal,val,train,10074,10074.png,"[89, 121, 172, 161]",1.0,kolektor_gt,kolektor_permukaan
C:/Arib/MASSA AYAM/chicken detection + constrative classification/data/crops_kolektor_gt/val/normal/10088_00095.png,0,normal,val,train,10088,10088.png,"[142, 605, 171, 623]",1.0,kolektor_gt,kolektor_permukaan
C:/Arib/MASSA AYAM/chicken detection + constrative classification/data/crops_kolektor_gt/val/normal/10091_00099.png,0,normal,val,train,10091,10091.png,"[134, 326, 198, 426]",1.0,kolektor_gt,kolektor_permukaan
C:/Arib/MASSA AYAM/chicken detection + constrative classification/data/crops_kolektor_gt/val/normal/10096_00104.png,0,normal,val,train,10096,10096.png,"[65, 208, 85, 223]",1.0,kolektor_gt,kolektor_permukaan
C:/Arib/MASSA AYAM/chicken detection + constrative classification/data/crops_kolektor_gt/val/normal/10103_00111.png,0,normal,val,train,10103,10103.png,"[31, 356, 171, 550]",1.0,kolektor_gt,kolektor_permukaan
C:/Arib/MASSA AYAM/chicken detection + constrative classification/data/crops_kolektor_gt/val/normal/10107_00115.png,0,normal,val,train,10107,10107.png,"[119, 50, 214, 185]",1.0,kolektor_gt,kolektor_permukaan
C:/Arib/MASSA AYAM/chicken detection + constrative classification/data/crops_kolektor_gt/val/normal/10115_00123.png,0,normal,val,train,10115,10115.png,"[43, 143, 142, 206]",1.0,kolektor_gt,kolektor_permukaan
C:/Arib/MASSA AYAM/chicken detection + constrative classification/data/crops_kolektor_gt/val/normal/10119_00127.png,0,normal,val,train,10119,10119.png,"[129, 466, 170, 585]",1.0,kolektor_gt,kolektor_permukaan
C:/Arib/MASSA AYAM/chicken detection + constrative classification/data/crops_kolektor_gt/val/normal/10120_00128.png,0,normal,val,train,10120,10120.png,"[168, 499, 194, 568]",1.0,kolektor_gt,kolektor_permukaan
C:/Arib/MASSA AYAM/chicken detection + constrative classification/data/crops_kolektor_gt/val/normal/10121_00129.png,0,normal,val,train,10121,10121.png,"[1, 8, 113, 274]",1.0,kolektor_gt,kolektor_permukaan
C:/Arib/MASSA AYAM/chicken detection + constrative classification/data/crops_kolektor_gt/val/normal/10124_00132.png,0,normal,val,train,10124,10124.png,"[30, 196, 142, 236]",1.0,kolektor_gt,kolektor_permukaan
C:/Arib/MASSA AYAM/chicken detection + constrative classification/data/crops_kolektor_gt/val/normal/10126_00134.png,0,normal,val,train,10126,10126.png,"[95, 415, 155, 497]",1.0,kolektor_gt,kolektor_permukaan
C:/Arib/MASSA AYAM/chicken detection + constrative classification/data/crops_kolektor_gt/val/normal/10135_00144.png,0,normal,val,train,10135,10135.png,"[22, 161, 172, 398]",1.0,kolektor_gt,kolektor_permukaan
C:/Arib/MASSA AYAM/chicken detection + constrative classification/data/crops_kolektor_gt/val/normal/10136_00145.png,0,normal,val,train,10136,10136.png,"[75, 147, 182, 177]",1.0,kolektor_gt,kolektor_permukaan
C:/Arib/MASSA AYAM/chicken detection + constrative classification/data/crops_kolektor_gt/val/normal/10137_00146.png,0,normal,val,train,10137,10137.png,"[19, 306, 73, 364]",1.0,kolektor_gt,kolektor_permukaan
C:/Arib/MASSA AYAM/chicken detection + constrative classification/data/crops_kolektor_gt/val/normal/10139_00148.png,0,normal,val,train,10139,10139.png,"[98, 143, 123, 173]",1.0,kolektor_gt,kolektor_permukaan
C:/Arib/MASSA AYAM/chicken detection + constrative classification/data/crops_kolektor_gt/val/normal/10144_00153.png,0,normal,val,train,10144,10144.png,"[110, 190, 170, 235]",1.0,kolektor_gt,kolektor_permukaan
C:/Arib/MASSA AYAM/chicken detection + constrative classification/data/crops_kolektor_gt/val/normal/10147_00157.png,0,normal,val,train,10147,10147.png,"[99, 324, 156, 423]",1.0,kolektor_gt,kolektor_permukaan
C:/Arib/MASSA AYAM/chicken detection + constrative classification/data/crops_kolektor_gt/val/normal/10150_00160.png,0,normal,val,train,10150,10150.png,"[114, 570, 179, 606]",1.0,kolektor_gt,kolektor_permukaan
C:/Arib/MASSA AYAM/chicken detection + constrative classification/data/crops_kolektor_gt/val/normal/10152_00162.png,0,normal,val,train,10152,10152.png,"[152, 332, 181, 388]",1.0,kolektor_gt,kolektor_permukaan
C:/Arib/MASSA AYAM/chicken detection + constrative classification/data/crops_kolektor_gt/val/normal/10157_00168.png,0,normal,val,train,10157,10157.png,"[8, 171, 129, 205]",1.0,kolektor_gt,kolektor_permukaan
C:/Arib/MASSA AYAM/chicken detection + constrative classification/data/crops_kolektor_gt/val/normal/10160_00172.png,0,normal,val,train,10160,10160.png,"[117, 109, 158, 165]",1.0,kolektor_gt,kolektor_permukaan
C:/Arib/MASSA AYAM/chicken detection + constrative classification/data/crops_kolektor_gt/val/normal/10163_00175.png,0,normal,val,train,10163,10163.png,"[76, 164, 116, 301]",1.0,kolektor_gt,kolektor_permukaan
C:/Arib/MASSA AYAM/chicken detection + constrative classification/data/crops_kolektor_gt/val/normal/10168_00180.png,0,normal,val,train,10168,10168.png,"[11, 27, 206, 109]",1.0,kolektor_gt,kolektor_permukaan
C:/Arib/MASSA AYAM/chicken detection + constrative classification/data/crops_kolektor_gt/val/normal/10169_00181.png,0,normal,val,train,10169,10169.png,"[45, 107, 228, 398]",1.0,kolektor_gt,kolektor_permukaan
C:/Arib/MASSA AYAM/chicken detection + constrative classification/data/crops_kolektor_gt/val/normal/10170_00182.png,0,normal,val,train,10170,10170.png,"[17, 418, 113, 454]",1.0,kolektor_gt,kolektor_permukaan
C:/Arib/MASSA AYAM/chicken detection + constrative classification/data/crops_kolektor_gt/val/normal/10176_00188.png,0,normal,val,train,10176,10176.png,"[27, 254, 96, 286]",1.0,kolektor_gt,kolektor_permukaan
C:/Arib/MASSA AYAM/chicken detection + constrative classification/data/crops_kolektor_gt/val/normal/10182_00194.png,0,normal,val,train,10182,10182.png,"[19, 353, 125, 396]",1.0,kolektor_gt,kolektor_permukaan
C:/Arib/MASSA AYAM/chicken detection + constrative classification/data/crops_kolektor_gt/val/normal/10183_00195.png,0,normal,val,train,10183,10183.png,"[26, 302, 52, 371]",1.0,kolektor_gt,kolektor_permukaan
C:/Arib/MASSA AYAM/chicken detection + constrative classification/data/crops_kolektor_gt/val/normal/10188_00200.png,0,normal,val,train,10188,10188.png,"[2, 351, 129, 441]",1.0,kolektor_gt,kolektor_permukaan
C:/Arib/MASSA AYAM/chicken detection + constrative classification/data/crops_kolektor_gt/val/normal/10193_00205.png,0,normal,val,train,10193,10193.png,"[115, 439, 136, 528]",1.0,kolektor_gt,kolektor_permukaan
C:/Arib/MASSA AYAM/chicken detection + constrative classification/data/crops_kolektor_gt/val/normal/10195_00207.png,0,normal,val,train,10195,10195.png,"[147, 104, 172, 201]",1.0,kolektor_gt,kolektor_permukaan
C:/Arib/MASSA AYAM/chicken detection + constrative classification/data/crops_kolektor_gt/val/normal/10196_00208.png,0,normal,val,train,10196,10196.png,"[93, 166, 170, 293]",1.0,kolektor_gt,kolektor_permukaan
C:/Arib/MASSA AYAM/chicken detection + constrative classification/data/crops_kolektor_gt/val/normal/10197_00209.png,0,normal,val,train,10197,10197.png,"[33, 501, 160, 591]",1.0,kolektor_gt,kolektor_permukaan
C:/Arib/MASSA AYAM/chicken detection + constrative classification/data/crops_kolektor_gt/val/normal/10199_00211.png,0,normal,val,train,10199,10199.png,"[90, 468, 124, 513]",1.0,kolektor_gt,kolektor_permukaan
C:/Arib/MASSA AYAM/chicken detection + constrative classification/data/crops_kolektor_gt/val/normal/10200_00212.png,0,normal,val,train,10200,10200.png,"[157, 604, 191, 632]",1.0,kolektor_gt,kolektor_permukaan
C:/Arib/MASSA AYAM/chicken detection + constrative classification/data/crops_kolektor_gt/val/normal/10206_00220.png,0,normal,val,train,10206,10206.png,"[13, 367, 103, 425]",1.0,kolektor_gt,kolektor_permukaan
C:/Arib/MASSA AYAM/chicken detection + constrative classification/data/crops_kolektor_gt/val/normal/10211_00226.png,0,normal,val,train,10211,10211.png,"[101, 225, 227, 328]",1.0,kolektor_gt,kolektor_permukaan
C:/Arib/MASSA AYAM/chicken detection + constrative classification/data/crops_kolektor_gt/val/normal/10213_00228.png,0,normal,val,train,10213,10213.png,"[72, 380, 212, 539]",1.0,kolektor_gt,kolektor_permukaan
C:/Arib/MASSA AYAM/chicken detection + constrative classification/data/crops_kolektor_gt/val/normal/10215_00230.png,0,normal,val,train,10215,10215.png,"[34, 375, 161, 465]",1.0,kolektor_gt,kolektor_permukaan
C:/Arib/MASSA AYAM/chicken detection + constrative classification/data/crops_kolektor_gt/val/normal/10223_00239.png,0,normal,val,train,10223,10223.png,"[86, 417, 225, 561]",1.0,kolektor_gt,kolektor_permukaan
C:/Arib/MASSA AYAM/chicken detection + constrative classification/data/crops_kolektor_gt/val/normal/10224_00240.png,0,normal,val,train,10224,10224.png,"[117, 30, 229, 296]",1.0,kolektor_gt,kolektor_permukaan
C:/Arib/MASSA AYAM/chicken detection + constrative classification/data/crops_kolektor_gt/val/normal/10227_00243.png,0,normal,val,train,10227,10227.png,"[160, 424, 178, 435]",1.0,kolektor_gt,kolektor_permukaan
C:/Arib/MASSA AYAM/chicken detection + constrative classification/data/crops_kolektor_gt/val/normal/10228_00244.png,0,normal,val,train,10228,10228.png,"[162, 95, 219, 110]",1.0,kolektor_gt,kolektor_permukaan
C:/Arib/MASSA AYAM/chicken detection + constrative classification/data/crops_kolektor_gt/val/normal/10230_00246.png,0,normal,val,train,10230,10230.png,"[83, 297, 148, 432]",1.0,kolektor_gt,kolektor_permukaan
C:/Arib/MASSA AYAM/chicken detection + constrative classification/data/crops_kolektor_gt/val/normal/10245_00263.png,0,normal,val,train,10245,10245.png,"[113, 4, 185, 122]",1.0,kolektor_gt,kolektor_permukaan
C:/Arib/MASSA AYAM/chicken detection + constrative classification/data/crops_kolektor_gt/val/normal/10246_00264.png,0,normal,val,train,10246,10246.png,"[15, 432, 180, 527]",1.0,kolektor_gt,kolektor_permukaan
C:/Arib/MASSA AYAM/chicken detection + constrative classification/data/crops_kolektor_gt/val/normal/10250_00269.png,0,normal,val,train,10250,10250.png,"[36, 70, 119, 110]",1.0,kolektor_gt,kolektor_permukaan
C:/Arib/MASSA AYAM/chicken detection + constrative classification/data/crops_kolektor_gt/val/normal/10251_00270.png,0,normal,val,train,10251,10251.png,"[156, 168, 209, 217]",1.0,kolektor_gt,kolektor_permukaan
C:/Arib/MASSA AYAM/chicken detection + constrative classification/data/crops_kolektor_gt/val/normal/10252_00271.png,0,normal,val,train,10252,10252.png,"[9, 470, 208, 602]",1.0,kolektor_gt,kolektor_permukaan
C:/Arib/MASSA AYAM/chicken detection + constrative classification/data/crops_kolektor_gt/val/normal/10257_00277.png,0,normal,val,train,10257,10257.png,"[141, 291, 163, 324]",1.0,kolektor_gt,kolektor_permukaan
C:/Arib/MASSA AYAM/chicken detection + constrative classification/data/crops_kolektor_gt/val/normal/10263_00284.png,0,normal,val,train,10263,10263.png,"[93, 559, 105, 572]",1.0,kolektor_gt,kolektor_permukaan
C:/Arib/MASSA AYAM/chicken detection + constrative classification/data/crops_kolektor_gt/val/normal/10264_00285.png,0,normal,val,train,10264,10264.png,"[18, 17, 68, 78]",1.0,kolektor_gt,kolektor_permukaan
C:/Arib/MASSA AYAM/chicken detection + constrative classification/data/crops_kolektor_gt/val/normal/10265_00286.png,0,normal,val,train,10265,10265.png,"[67, 220, 111, 243]",1.0,kolektor_gt,kolektor_permukaan
C:/Arib/MASSA AYAM/chicken detection + constrative classification/data/crops_kolektor_gt/val/normal/10266_00288.png,0,normal,val,train,10266,10266.png,"[73, 513, 135, 579]",1.0,kolektor_gt,kolektor_permukaan
C:/Arib/MASSA AYAM/chicken detection + constrative classification/data/crops_kolektor_gt/val/normal/10272_00294.png,0,normal,val,train,10272,10272.png,"[7, 125, 123, 301]",1.0,kolektor_gt,kolektor_permukaan
C:/Arib/MASSA AYAM/chicken detection + constrative classification/data/crops_kolektor_gt/val/normal/10274_00297.png,0,normal,val,train,10274,10274.png,"[15, 12, 123, 97]",1.0,kolektor_gt,kolektor_permukaan
C:/Arib/MASSA AYAM/chicken detection + constrative classification/data/crops_kolektor_gt/val/normal/10287_00311.png,0,normal,val,train,10287,10287.png,"[107, 229, 208, 337]",1.0,kolektor_gt,kolektor_permukaan
C:/Arib/MASSA AYAM/chicken detection + constrative classification/data/crops_kolektor_gt/val/normal/10289_00313.png,0,normal,val,train,10289,10289.png,"[73, 190, 215, 315]",1.0,kolektor_gt,kolektor_permukaan
C:/Arib/MASSA AYAM/chicken detection + constrative classification/data/crops_kolektor_gt/val/normal/10299_00323.png,0,normal,val,train,10299,10299.png,"[107, 503, 158, 535]",1.0,kolektor_gt,kolektor_permukaan
C:/Arib/MASSA AYAM/chicken detection + constrative classification/data/crops_kolektor_gt/val/normal/10306_00333.png,0,normal,val,train,10306,10306.png,"[74, 267, 125, 299]",1.0,kolektor_gt,kolektor_permukaan
C:/Arib/MASSA AYAM/chicken detection + constrative classification/data/crops_kolektor_gt/val/normal/10307_00334.png,0,normal,val,train,10307,10307.png,"[83, 325, 151, 399]",1.0,kolektor_gt,kolektor_permukaan
C:/Arib/MASSA AYAM/chicken detection + constrative classification/data/crops_kolektor_gt/val/normal/10309_00338.png,0,normal,val,train,10309,10309.png,"[51, 139, 108, 154]",1.0,kolektor_gt,kolektor_permukaan
C:/Arib/MASSA AYAM/chicken detection + constrative classification/data/crops_kolektor_gt/val/normal/10314_00346.png,0,normal,val,train,10314,10314.png,"[180, 41, 219, 85]",1.0,kolektor_gt,kolektor_permukaan
C:/Arib/MASSA AYAM/chicken detection + constrative classification/data/crops_kolektor_gt/val/normal/10327_00359.png,0,normal,val,train,10327,10327.png,"[44, 362, 75, 382]",1.0,kolektor_gt,kolektor_permukaan
C:/Arib/MASSA AYAM/chicken detection + constrative classification/data/crops_kolektor_gt/val/normal/10333_00365.png,0,normal,val,train,10333,10333.png,"[97, 367, 132, 413]",1.0,kolektor_gt,kolektor_permukaan
C:/Arib/MASSA AYAM/chicken detection + constrative classification/data/crops_kolektor_gt/val/normal/10334_00366.png,0,normal,val,train,10334,10334.png,"[44, 579, 151, 621]",1.0,kolektor_gt,kolektor_permukaan
C:/Arib/MASSA AYAM/chicken detection + constrative classification/data/crops_kolektor_gt/val/normal/10342_00376.png,0,normal,val,train,10342,10342.png,"[90, 429, 191, 620]",1.0,kolektor_gt,kolektor_permukaan
C:/Arib/MASSA AYAM/chicken detection + constrative classification/data/crops_kolektor_gt/val/normal/10344_00379.png,0,normal,val,train,10344,10344.png,"[206, 367, 225, 390]",1.0,kolektor_gt,kolektor_permukaan
C:/Arib/MASSA AYAM/chicken detection + constrative classification/data/crops_kolektor_gt/val/normal/10345_00381.png,0,normal,val,train,10345,10345.png,"[90, 360, 226, 451]",1.0,kolektor_gt,kolektor_permukaan
C:/Arib/MASSA AYAM/chicken detection + constrative classification/data/crops_kolektor_gt/val/normal/10346_00382.png,0,normal,val,train,10346,10346.png,"[144, 192, 186, 231]",1.0,kolektor_gt,kolektor_permukaan
C:/Arib/MASSA AYAM/chicken detection + constrative classification/data/crops_kolektor_gt/val/normal/10351_00387.png,0,normal,val,train,10351,10351.png,"[82, 60, 153, 158]",1.0,kolektor_gt,kolektor_permukaan
C:/Arib/MASSA AYAM/chicken detection + constrative classification/data/crops_kolektor_gt/val/normal/10352_00390.png,0,normal,val,train,10352,10352.png,"[18, 300, 127, 566]",1.0,kolektor_gt,kolektor_permukaan
C:/Arib/MASSA AYAM/chicken detection + constrative classification/data/crops_kolektor_gt/val/normal/10352_00391.png,0,normal,val,train,10352,10352.png,"[75, 51, 198, 176]",1.0,kolektor_gt,kolektor_permukaan
C:/Arib/MASSA AYAM/chicken detection + constrative classification/data/crops_kolektor_gt/val/normal/10354_00394.png,0,normal,val,train,10354,10354.png,"[163, 498, 198, 571]",1.0,kolektor_gt,kolektor_permukaan
C:/Arib/MASSA AYAM/chicken detection + constrative classification/data/crops_kolektor_gt/val/normal/10361_00401.png,0,normal,val,train,10361,10361.png,"[30, 355, 172, 480]",1.0,kolektor_gt,kolektor_permukaan
C:/Arib/MASSA AYAM/chicken detection + constrative classification/data/crops_kolektor_gt/val/normal/10363_00403.png,0,normal,val,train,10363,10363.png,"[57, 11, 164, 54]",1.0,kolektor_gt,kolektor_permukaan
C:/Arib/MASSA AYAM/chicken detection + constrative classification/data/crops_kolektor_gt/val/normal/10364_00404.png,0,normal,val,train,10364,10364.png,"[177, 69, 199, 102]",1.0,kolektor_gt,kolektor_permukaan
C:/Arib/MASSA AYAM/chicken detection + constrative classification/data/crops_kolektor_gt/val/normal/10369_00410.png,0,normal,val,train,10369,10369.png,"[73, 333, 213, 527]",1.0,kolektor_gt,kolektor_permukaan
C:/Arib/MASSA AYAM/chicken detection + constrative classification/data/crops_kolektor_gt/val/normal/10373_00414.png,0,normal,val,train,10373,10373.png,"[41, 76, 101, 121]",1.0,kolektor_gt,kolektor_permukaan
C:/Arib/MASSA AYAM/chicken detection + constrative classification/data/crops_kolektor_gt/val/normal/10374_00415.png,0,normal,val,train,10374,10374.png,"[86, 494, 115, 550]",1.0,kolektor_gt,kolektor_permukaan
C:/Arib/MASSA AYAM/chicken detection + constrative classification/data/crops_kolektor_gt/val/normal/10375_00416.png,0,normal,val,train,10375,10375.png,"[42, 444, 107, 480]",1.0,kolektor_gt,kolektor_permukaan
C:/Arib/MASSA AYAM/chicken detection + constrative classification/data/crops_kolektor_gt/val/normal/10380_00421.png,0,normal,val,train,10380,10380.png,"[39, 55, 86, 111]",1.0,kolektor_gt,kolektor_permukaan
C:/Arib/MASSA AYAM/chicken detection + constrative classification/data/crops_kolektor_gt/val/normal/10387_00430.png,0,normal,val,train,10387,10387.png,"[68, 63, 99, 140]",1.0,kolektor_gt,kolektor_permukaan
C:/Arib/MASSA AYAM/chicken detection + constrative classification/data/crops_kolektor_gt/val/normal/10388_00431.png,0,normal,val,train,10388,10388.png,"[21, 352, 68, 397]",1.0,kolektor_gt,kolektor_permukaan
C:/Arib/MASSA AYAM/chicken detection + constrative classification/data/crops_kolektor_gt/val/normal/10399_00443.png,0,normal,val,train,10399,10399.png,"[70, 532, 124, 607]",1.0,kolektor_gt,kolektor_permukaan
C:/Arib/MASSA AYAM/chicken detection + constrative classification/data/crops_kolektor_gt/val/normal/10400_00444.png,0,normal,val,train,10400,10400.png,"[201, 535, 225, 608]",1.0,kolektor_gt,kolektor_permukaan
C:/Arib/MASSA AYAM/chicken detection + constrative classification/data/crops_kolektor_gt/val/normal/10402_00448.png,0,normal,val,train,10402,10402.png,"[18, 580, 130, 620]",1.0,kolektor_gt,kolektor_permukaan
C:/Arib/MASSA AYAM/chicken detection + constrative classification/data/crops_kolektor_gt/val/normal/10412_00459.png,0,normal,val,train,10412,10412.png,"[58, 137, 79, 172]",1.0,kolektor_gt,kolektor_permukaan
C:/Arib/MASSA AYAM/chicken detection + constrative classification/data/crops_kolektor_gt/val/normal/10415_00463.png,0,normal,val,train,10415,10415.png,"[24, 452, 148, 530]",1.0,kolektor_gt,kolektor_permukaan
C:/Arib/MASSA AYAM/chicken detection + constrative classification/data/crops_kolektor_gt/val/normal/10421_00470.png,0,normal,val,train,10421,10421.png,"[58, 25, 208, 262]",1.0,kolektor_gt,kolektor_permukaan
C:/Arib/MASSA AYAM/chicken detection + constrative classification/data/crops_kolektor_gt/val/normal/10422_00471.png,0,normal,val,train,10422,10422.png,"[70, 377, 91, 466]",1.0,kolektor_gt,kolektor_permukaan
C:/Arib/MASSA AYAM/chicken detection + constrative classification/data/crops_kolektor_gt/val/normal/10426_00479.png,0,normal,val,train,10426,10426.png,"[7, 395, 22, 423]",1.0,kolektor_gt,kolektor_permukaan
C:/Arib/MASSA AYAM/chicken detection + constrative classification/data/crops_kolektor_gt/val/normal/10428_00481.png,0,normal,val,train,10428,10428.png,"[68, 419, 101, 469]",1.0,kolektor_gt,kolektor_permukaan
C:/Arib/MASSA AYAM/chicken detection + constrative classification/data/crops_kolektor_gt/val/normal/10441_00494.png,0,normal,val,train,10441,10441.png,"[66, 428, 138, 527]",1.0,kolektor_gt,kolektor_permukaan
C:/Arib/MASSA AYAM/chicken detection + constrative classification/data/crops_kolektor_gt/val/normal/10444_00497.png,0,normal,val,train,10444,10444.png,"[116, 367, 228, 410]",1.0,kolektor_gt,kolektor_permukaan
C:/Arib/MASSA AYAM/chicken detection + constrative classification/data/crops_kolektor_gt/val/normal/10445_00498.png,0,normal,val,train,10445,10445.png,"[168, 571, 191, 603]",1.0,kolektor_gt,kolektor_permukaan
C:/Arib/MASSA AYAM/chicken detection + constrative classification/data/crops_kolektor_gt/val/normal/10457_00511.png,0,normal,val,train,10457,10457.png,"[28, 140, 216, 347]",1.0,kolektor_gt,kolektor_permukaan
C:/Arib/MASSA AYAM/chicken detection + constrative classification/data/crops_kolektor_gt/val/normal/10461_00515.png,0,normal,val,train,10461,10461.png,"[136, 204, 180, 267]",1.0,kolektor_gt,kolektor_permukaan
C:/Arib/MASSA AYAM/chicken detection + constrative classification/data/crops_kolektor_gt/val/normal/10463_00517.png,0,normal,val,train,10463,10463.png,"[40, 375, 228, 582]",1.0,kolektor_gt,kolektor_permukaan
C:/Arib/MASSA AYAM/chicken detection + constrative classification/data/crops_kolektor_gt/val/normal/10467_00522.png,0,normal,val,train,10467,10467.png,"[116, 532, 136, 628]",1.0,kolektor_gt,kolektor_permukaan
C:/Arib/MASSA AYAM/chicken detection + constrative classification/data/crops_kolektor_gt/val/normal/10476_00531.png,0,normal,val,train,10476,10476.png,"[12, 353, 74, 503]",1.0,kolektor_gt,kolektor_permukaan
C:/Arib/MASSA AYAM/chicken detection + constrative classification/data/crops_kolektor_gt/val/normal/10477_00532.png,0,normal,val,train,10477,10477.png,"[97, 126, 124, 231]",1.0,kolektor_gt,kolektor_permukaan
C:/Arib/MASSA AYAM/chicken detection + constrative classification/data/crops_kolektor_gt/val/normal/10479_00535.png,0,normal,val,train,10479,10479.png,"[77, 430, 130, 479]",1.0,kolektor_gt,kolektor_permukaan
C:/Arib/MASSA AYAM/chicken detection + constrative classification/data/crops_kolektor_gt/val/normal/10482_00538.png,0,normal,val,train,10482,10482.png,"[127, 101, 164, 217]",1.0,kolektor_gt,kolektor_permukaan
C:/Arib/MASSA AYAM/chicken detection + constrative classification/data/crops_kolektor_gt/val/normal/10483_00539.png,0,normal,val,train,10483,10483.png,"[51, 366, 153, 419]",1.0,kolektor_gt,kolektor_permukaan
C:/Arib/MASSA AYAM/chicken detection + constrative classification/data/crops_kolektor_gt/val/normal/10486_00542.png,0,normal,val,train,10486,10486.png,"[3, 91, 85, 127]",1.0,kolektor_gt,kolektor_permukaan
C:/Arib/MASSA AYAM/chicken detection + constrative classification/data/crops_kolektor_gt/val/normal/10496_00553.png,0,normal,val,train,10496,10496.png,"[102, 467, 144, 515]",1.0,kolektor_gt,kolektor_permukaan
C:/Arib/MASSA AYAM/chicken detection + constrative classification/data/crops_kolektor_gt/val/normal/10503_00562.png,0,normal,val,train,10503,10503.png,"[28, 454, 93, 589]",1.0,kolektor_gt,kolektor_permukaan
C:/Arib/MASSA AYAM/chicken detection + constrative classification/data/crops_kolektor_gt/val/normal/10507_00567.png,0,normal,val,train,10507,10507.png,"[110, 254, 156, 299]",1.0,kolektor_gt,kolektor_permukaan
C:/Arib/MASSA AYAM/chicken detection + constrative classification/data/crops_kolektor_gt/val/normal/10518_00580.png,0,normal,val,train,10518,10518.png,"[0, 93, 101, 201]",1.0,kolektor_gt,kolektor_permukaan
C:/Arib/MASSA AYAM/chicken detection + constrative classification/data/crops_kolektor_gt/val/normal/10523_00585.png,0,normal,val,train,10523,10523.png,"[12, 227, 139, 317]",1.0,kolektor_gt,kolektor_permukaan
C:/Arib/MASSA AYAM/chicken detection + constrative classification/data/crops_kolektor_gt/val/normal/10527_00589.png,0,normal,val,train,10527,10527.png,"[48, 123, 89, 179]",1.0,kolektor_gt,kolektor_permukaan
C:/Arib/MASSA AYAM/chicken detection + constrative classification/data/crops_kolektor_gt/val/normal/10528_00590.png,0,normal,val,train,10528,10528.png,"[55, 468, 123, 542]",1.0,kolektor_gt,kolektor_permukaan
C:/Arib/MASSA AYAM/chicken detection + constrative classification/data/crops_kolektor_gt/val/normal/10531_00593.png,0,normal,val,train,10531,10531.png,"[115, 468, 187, 591]",1.0,kolektor_gt,kolektor_permukaan
C:/Arib/MASSA AYAM/chicken detection + constrative classification/data/crops_kolektor_gt/val/normal/10535_00597.png,0,normal,val,train,10535,10535.png,"[187, 131, 201, 199]",1.0,kolektor_gt,kolektor_permukaan
C:/Arib/MASSA AYAM/chicken detection + constrative classification/data/crops_kolektor_gt/val/normal/10537_00600.png,0,normal,val,train,10537,10537.png,"[129, 393, 173, 419]",1.0,kolektor_gt,kolektor_permukaan
C:/Arib/MASSA AYAM/chicken detection + constrative classification/data/crops_kolektor_gt/val/normal/10548_00611.png,0,normal,val,train,10548,10548.png,"[37, 54, 101, 154]",1.0,kolektor_gt,kolektor_permukaan
C:/Arib/MASSA AYAM/chicken detection + constrative classification/data/crops_kolektor_gt/val/normal/10552_00615.png,0,normal,val,train,10552,10552.png,"[26, 575, 47, 615]",1.0,kolektor_gt,kolektor_permukaan
C:/Arib/MASSA AYAM/chicken detection + constrative classification/data/crops_kolektor_gt/val/normal/10555_00619.png,0,normal,val,train,10555,10555.png,"[106, 403, 207, 594]",1.0,kolektor_gt,kolektor_permukaan
C:/Arib/MASSA AYAM/chicken detection + constrative classification/data/crops_kolektor_gt/val/normal/10560_00625.png,0,normal,val,train,10560,10560.png,"[47, 177, 104, 192]",1.0,kolektor_gt,kolektor_permukaan
C:/Arib/MASSA AYAM/chicken detection + constrative classification/data/crops_kolektor_gt/val/normal/10563_00628.png,0,normal,val,train,10563,10563.png,"[1, 338, 93, 398]",1.0,kolektor_gt,kolektor_permukaan
C:/Arib/MASSA AYAM/chicken detection + constrative classification/data/crops_kolektor_gt/val/normal/10568_00633.png,0,normal,val,train,10568,10568.png,"[17, 517, 57, 554]",1.0,kolektor_gt,kolektor_permukaan
C:/Arib/MASSA AYAM/chicken detection + constrative classification/data/crops_kolektor_gt/val/normal/10573_00639.png,0,normal,val,train,10573,10573.png,"[10, 328, 30, 343]",1.0,kolektor_gt,kolektor_permukaan
C:/Arib/MASSA AYAM/chicken detection + constrative classification/data/crops_kolektor_gt/val/normal/10576_00643.png,0,normal,val,train,10576,10576.png,"[131, 520, 185, 548]",1.0,kolektor_gt,kolektor_permukaan
C:/Arib/MASSA AYAM/chicken detection + constrative classification/data/crops_kolektor_gt/val/normal/10580_00647.png,0,normal,val,train,10580,10580.png,"[53, 218, 90, 262]",1.0,kolektor_gt,kolektor_permukaan
C:/Arib/MASSA AYAM/chicken detection + constrative classification/data/crops_kolektor_gt/val/normal/10584_00652.png,0,normal,val,train,10584,10584.png,"[22, 75, 66, 138]",1.0,kolektor_gt,kolektor_permukaan
C:/Arib/MASSA AYAM/chicken detection + constrative classification/data/crops_kolektor_gt/val/normal/10592_00661.png,0,normal,val,train,10592,10592.png,"[155, 88, 193, 166]",1.0,kolektor_gt,kolektor_permukaan
C:/Arib/MASSA AYAM/chicken detection + constrative classification/data/crops_kolektor_gt/val/normal/10594_00663.png,0,normal,val,train,10594,10594.png,"[60, 160, 186, 263]",1.0,kolektor_gt,kolektor_permukaan
C:/Arib/MASSA AYAM/chicken detection + constrative classification/data/crops_kolektor_gt/val/normal/10595_00664.png,0,normal,val,train,10595,10595.png,"[191, 200, 231, 337]",1.0,kolektor_gt,kolektor_permukaan
C:/Arib/MASSA AYAM/chicken detection + constrative classification/data/crops_kolektor_gt/val/normal/10609_00679.png,0,normal,val,train,10609,10609.png,"[144, 373, 201, 472]",1.0,kolektor_gt,kolektor_permukaan
C:/Arib/MASSA AYAM/chicken detection + constrative classification/data/crops_kolektor_gt/val/normal/10620_00692.png,0,normal,val,train,10620,10620.png,"[34, 475, 54, 571]",1.0,kolektor_gt,kolektor_permukaan
C:/Arib/MASSA AYAM/chicken detection + constrative classification/data/crops_kolektor_gt/val/normal/10624_00696.png,0,normal,val,train,10624,10624.png,"[45, 579, 85, 618]",1.0,kolektor_gt,kolektor_permukaan
C:/Arib/MASSA AYAM/chicken detection + constrative classification/data/crops_kolektor_gt/val/normal/10640_00715.png,0,normal,val,train,10640,10640.png,"[154, 121, 171, 131]",1.0,kolektor_gt,kolektor_permukaan
C:/Arib/MASSA AYAM/chicken detection + constrative classification/data/crops_kolektor_gt/val/normal/10641_00716.png,0,normal,val,train,10641,10641.png,"[84, 368, 161, 494]",1.0,kolektor_gt,kolektor_permukaan
C:/Arib/MASSA AYAM/chicken detection + constrative classification/data/crops_kolektor_gt/val/normal/10645_00720.png,0,normal,val,train,10645,10645.png,"[14, 170, 66, 199]",1.0,kolektor_gt,kolektor_permukaan
C:/Arib/MASSA AYAM/chicken detection + constrative classification/data/crops_kolektor_gt/val/normal/10650_00727.png,0,normal,val,train,10650,10650.png,"[76, 73, 188, 339]",1.0,kolektor_gt,kolektor_permukaan
C:/Arib/MASSA AYAM/chicken detection + constrative classification/data/crops_kolektor_gt/val/normal/10652_00729.png,0,normal,val,train,10652,10652.png,"[92, 350, 200, 439]",1.0,kolektor_gt,kolektor_permukaan
C:/Arib/MASSA AYAM/chicken detection + constrative classification/data/crops_kolektor_gt/val/normal/10656_00734.png,0,normal,val,train,10656,10656.png,"[45, 487, 92, 532]",1.0,kolektor_gt,kolektor_permukaan
C:/Arib/MASSA AYAM/chicken detection + constrative classification/data/crops_kolektor_gt/val/normal/10663_00744.png,0,normal,val,train,10663,10663.png,"[122, 238, 214, 298]",1.0,kolektor_gt,kolektor_permukaan
C:/Arib/MASSA AYAM/chicken detection + constrative classification/data/crops_kolektor_gt/val/normal/10667_00748.png,0,normal,val,train,10667,10667.png,"[176, 323, 209, 373]",1.0,kolektor_gt,kolektor_permukaan
C:/Arib/MASSA AYAM/chicken detection + constrative classification/data/crops_kolektor_gt/val/normal/10684_00768.png,0,normal,val,train,10684,10684.png,"[153, 522, 194, 583]",1.0,kolektor_gt,kolektor_permukaan
C:/Arib/MASSA AYAM/chicken detection + constrative classification/data/crops_kolektor_gt/val/normal/10685_00769.png,0,normal,val,train,10685,10685.png,"[157, 86, 191, 250]",1.0,kolektor_gt,kolektor_permukaan
C:/Arib/MASSA AYAM/chicken detection + constrative classification/data/crops_kolektor_gt/val/normal/10689_00773.png,0,normal,val,train,10689,10689.png,"[3, 70, 75, 188]",1.0,kolektor_gt,kolektor_permukaan
C:/Arib/MASSA AYAM/chicken detection + constrative classification/data/crops_kolektor_gt/val/normal/10692_00776.png,0,normal,val,train,10692,10692.png,"[58, 413, 175, 497]",1.0,kolektor_gt,kolektor_permukaan
C:/Arib/MASSA AYAM/chicken detection + constrative classification/data/crops_kolektor_gt/val/normal/10695_00781.png,0,normal,val,train,10695,10695.png,"[14, 525, 143, 574]",1.0,kolektor_gt,kolektor_permukaan
C:/Arib/MASSA AYAM/chicken detection + constrative classification/data/crops_kolektor_gt/val/normal/10695_00782.png,0,normal,val,train,10695,10695.png,"[137, 256, 226, 328]",1.0,kolektor_gt,kolektor_permukaan
C:/Arib/MASSA AYAM/chicken detection + constrative classification/data/crops_kolektor_gt/val/normal/10699_00786.png,0,normal,val,train,10699,10699.png,"[162, 225, 226, 325]",1.0,kolektor_gt,kolektor_permukaan
C:/Arib/MASSA AYAM/chicken detection + constrative classification/data/crops_kolektor_gt/val/normal/10701_00788.png,0,normal,val,train,10701,10701.png,"[137, 9, 201, 95]",1.0,kolektor_gt,kolektor_permukaan
C:/Arib/MASSA AYAM/chicken detection + constrative classification/data/crops_kolektor_gt/val/normal/10705_00792.png,0,normal,val,train,10705,10705.png,"[127, 204, 140, 213]",1.0,kolektor_gt,kolektor_permukaan
C:/Arib/MASSA AYAM/chicken detection + constrative classification/data/crops_kolektor_gt/val/normal/10709_00797.png,0,normal,val,train,10709,10709.png,"[126, 6, 186, 88]",1.0,kolektor_gt,kolektor_permukaan
C:/Arib/MASSA AYAM/chicken detection + constrative classification/data/crops_kolektor_gt/val/normal/10714_00805.png,0,normal,val,train,10714,10714.png,"[147, 131, 198, 185]",1.0,kolektor_gt,kolektor_permukaan
C:/Arib/MASSA AYAM/chicken detection + constrative classification/data/crops_kolektor_gt/val/normal/10715_00806.png,0,normal,val,train,10715,10715.png,"[61, 33, 222, 114]",1.0,kolektor_gt,kolektor_permukaan
C:/Arib/MASSA AYAM/chicken detection + constrative classification/data/crops_kolektor_gt/val/normal/10717_00808.png,0,normal,val,train,10717,10717.png,"[117, 323, 189, 441]",1.0,kolektor_gt,kolektor_permukaan
C:/Arib/MASSA AYAM/chicken detection + constrative classification/data/crops_kolektor_gt/val/normal/10722_00813.png,0,normal,val,train,10722,10722.png,"[108, 215, 181, 247]",1.0,kolektor_gt,kolektor_permukaan
C:/Arib/MASSA AYAM/chicken detection + constrative classification/data/crops_kolektor_gt/val/normal/10723_00814.png,0,normal,val,train,10723,10723.png,"[93, 410, 123, 439]",1.0,kolektor_gt,kolektor_permukaan
C:/Arib/MASSA AYAM/chicken detection + constrative classification/data/crops_kolektor_gt/val/normal/10725_00816.png,0,normal,val,train,10725,10725.png,"[25, 276, 74, 386]",1.0,kolektor_gt,kolektor_permukaan
C:/Arib/MASSA AYAM/chicken detection + constrative classification/data/crops_kolektor_gt/val/normal/10727_00819.png,0,normal,val,train,10727,10727.png,"[102, 153, 223, 187]",1.0,kolektor_gt,kolektor_permukaan
C:/Arib/MASSA AYAM/chicken detection + constrative classification/data/crops_kolektor_gt/val/normal/10730_00823.png,0,normal,val,train,10730,10730.png,"[124, 307, 195, 326]",1.0,kolektor_gt,kolektor_permukaan
C:/Arib/MASSA AYAM/chicken detection + constrative classification/data/crops_kolektor_gt/val/normal/10733_00826.png,0,normal,val,train,10733,10733.png,"[115, 342, 162, 387]",1.0,kolektor_gt,kolektor_permukaan
C:/Arib/MASSA AYAM/chicken detection + constrative classification/data/crops_kolektor_gt/val/normal/10736_00829.png,0,normal,val,train,10736,10736.png,"[50, 295, 131, 435]",1.0,kolektor_gt,kolektor_permukaan
C:/Arib/MASSA AYAM/chicken detection + constrative classification/data/crops_kolektor_gt/val/normal/10737_00830.png,0,normal,val,train,10737,10737.png,"[72, 363, 180, 448]",1.0,kolektor_gt,kolektor_permukaan
C:/Arib/MASSA AYAM/chicken detection + constrative classification/data/crops_kolektor_gt/val/normal/10742_00835.png,0,normal,val,train,10742,10742.png,"[80, 324, 135, 376]",1.0,kolektor_gt,kolektor_permukaan
C:/Arib/MASSA AYAM/chicken detection + constrative classification/data/crops_kolektor_gt/val/normal/10748_00842.png,0,normal,val,train,10748,10748.png,"[16, 484, 62, 529]",1.0,kolektor_gt,kolektor_permukaan
C:/Arib/MASSA AYAM/chicken detection + constrative classification/data/crops_kolektor_gt/val/normal/10752_00846.png,0,normal,val,train,10752,10752.png,"[113, 129, 128, 157]",1.0,kolektor_gt,kolektor_permukaan
C:/Arib/MASSA AYAM/chicken detection + constrative classification/data/crops_kolektor_gt/val/normal/10753_00847.png,0,normal,val,train,10753,10753.png,"[7, 35, 30, 67]",1.0,kolektor_gt,kolektor_permukaan
C:/Arib/MASSA AYAM/chicken detection + constrative classification/data/crops_kolektor_gt/val/normal/10764_00859.png,0,normal,val,train,10764,10764.png,"[59, 7, 155, 43]",1.0,kolektor_gt,kolektor_permukaan
C:/Arib/MASSA AYAM/chicken detection + constrative classification/data/crops_kolektor_gt/val/normal/10766_00861.png,0,normal,val,train,10766,10766.png,"[31, 167, 154, 292]",1.0,kolektor_gt,kolektor_permukaan
C:/Arib/MASSA AYAM/chicken detection + constrative classification/data/crops_kolektor_gt/val/normal/10769_00864.png,0,normal,val,train,10769,10769.png,"[72, 544, 124, 617]",1.0,kolektor_gt,kolektor_permukaan
C:/Arib/MASSA AYAM/chicken detection + constrative classification/data/crops_kolektor_gt/val/normal/10770_00866.png,0,normal,val,train,10770,10770.png,"[105, 192, 123, 203]",1.0,kolektor_gt,kolektor_permukaan
C:/Arib/MASSA AYAM/chicken detection + constrative classification/data/crops_kolektor_gt/val/normal/10771_00867.png,0,normal,val,train,10771,10771.png,"[34, 148, 97, 275]",1.0,kolektor_gt,kolektor_permukaan
C:/Arib/MASSA AYAM/chicken detection + constrative classification/data/crops_kolektor_gt/val/normal/10773_00869.png,0,normal,val,train,10773,10773.png,"[48, 328, 95, 384]",1.0,kolektor_gt,kolektor_permukaan
C:/Arib/MASSA AYAM/chicken detection + constrative classification/data/crops_kolektor_gt/val/normal/10775_00872.png,0,normal,val,train,10775,10775.png,"[23, 52, 132, 318]",1.0,kolektor_gt,kolektor_permukaan
C:/Arib/MASSA AYAM/chicken detection + constrative classification/data/crops_kolektor_gt/val/normal/10782_00879.png,0,normal,val,train,10782,10782.png,"[139, 481, 190, 516]",1.0,kolektor_gt,kolektor_permukaan
C:/Arib/MASSA AYAM/chicken detection + constrative classification/data/crops_kolektor_gt/val/normal/10789_00886.png,0,normal,val,train,10789,10789.png,"[123, 305, 156, 370]",1.0,kolektor_gt,kolektor_permukaan
C:/Arib/MASSA AYAM/chicken detection + constrative classification/data/crops_kolektor_gt/val/normal/10793_00890.png,0,normal,val,train,10793,10793.png,"[101, 124, 224, 249]",1.0,kolektor_gt,kolektor_permukaan
C:/Arib/MASSA AYAM/chicken detection + constrative classification/data/crops_kolektor_gt/val/normal/10794_00891.png,0,normal,val,train,10794,10794.png,"[148, 486, 163, 511]",1.0,kolektor_gt,kolektor_permukaan
C:/Arib/MASSA AYAM/chicken detection + constrative classification/data/crops_kolektor_gt/val/normal/10795_00892.png,0,normal,val,train,10795,10795.png,"[95, 91, 106, 100]",1.0,kolektor_gt,kolektor_permukaan
C:/Arib/MASSA AYAM/chicken detection + constrative classification/data/crops_kolektor_gt/val/normal/10799_00897.png,0,normal,val,train,10799,10799.png,"[103, 112, 229, 535]",1.0,kolektor_gt,kolektor_permukaan
C:/Arib/MASSA AYAM/chicken detection + constrative classification/data/crops_kolektor_gt/val/normal/10801_00899.png,0,normal,val,train,10801,10801.png,"[10, 496, 95, 601]",1.0,kolektor_gt,kolektor_permukaan
C:/Arib/MASSA AYAM/chicken detection + constrative classification/data/crops_kolektor_gt/val/normal/10803_00901.png,0,normal,val,train,10803,10803.png,"[139, 356, 216, 483]",1.0,kolektor_gt,kolektor_permukaan
C:/Arib/MASSA AYAM/chicken detection + constrative classification/data/crops_kolektor_gt/val/normal/10804_00902.png,0,normal,val,train,10804,10804.png,"[70, 567, 148, 607]",1.0,kolektor_gt,kolektor_permukaan
C:/Arib/MASSA AYAM/chicken detection + constrative classification/data/crops_kolektor_gt/val/normal/10811_00910.png,0,normal,val,train,10811,10811.png,"[73, 328, 223, 565]",1.0,kolektor_gt,kolektor_permukaan
C:/Arib/MASSA AYAM/chicken detection + constrative classification/data/crops_kolektor_gt/val/normal/10815_00914.png,0,normal,val,train,10815,10815.png,"[119, 62, 179, 144]",1.0,kolektor_gt,kolektor_permukaan
C:/Arib/MASSA AYAM/chicken detection + constrative classification/data/crops_kolektor_gt/val/normal/10819_00918.png,0,normal,val,train,10819,10819.png,"[25, 236, 72, 281]",1.0,kolektor_gt,kolektor_permukaan
C:/Arib/MASSA AYAM/chicken detection + constrative classification/data/crops_kolektor_gt/val/normal/10821_00922.png,0,normal,val,train,10821,10821.png,"[145, 183, 167, 216]",1.0,kolektor_gt,kolektor_permukaan
C:/Arib/MASSA AYAM/chicken detection + constrative classification/data/crops_kolektor_gt/val/normal/10821_00923.png,0,normal,val,train,10821,10821.png,"[172, 469, 199, 489]",1.0,kolektor_gt,kolektor_permukaan
C:/Arib/MASSA AYAM/chicken detection + constrative classification/data/crops_kolektor_gt/val/normal/10829_00931.png,0,normal,val,train,10829,10829.png,"[0, 35, 54, 93]",1.0,kolektor_gt,kolektor_permukaan
C:/Arib/MASSA AYAM/chicken detection + constrative classification/data/crops_kolektor_gt/val/normal/10830_00932.png,0,normal,val,train,10830,10830.png,"[132, 138, 201, 241]",1.0,kolektor_gt,kolektor_permukaan
C:/Arib/MASSA AYAM/chicken detection + constrative classification/data/crops_kolektor_gt/val/normal/10842_00944.png,0,normal,val,train,10842,10842.png,"[44, 444, 151, 487]",1.0,kolektor_gt,kolektor_permukaan
C:/Arib/MASSA AYAM/chicken detection + constrative classification/data/crops_kolektor_gt/val/normal/10855_00963.png,0,normal,val,train,10855,10855.png,"[82, 589, 147, 625]",1.0,kolektor_gt,kolektor_permukaan
C:/Arib/MASSA AYAM/chicken detection + constrative classification/data/crops_kolektor_gt/val/normal/10856_00964.png,0,normal,val,train,10856,10856.png,"[108, 374, 152, 416]",1.0,kolektor_gt,kolektor_permukaan
C:/Arib/MASSA AYAM/chicken detection + constrative classification/data/crops_kolektor_gt/val/normal/10859_00967.png,0,normal,val,train,10859,10859.png,"[11, 239, 75, 312]",1.0,kolektor_gt,kolektor_permukaan
C:/Arib/MASSA AYAM/chicken detection + constrative classification/data/crops_kolektor_gt/val/normal/10862_00970.png,0,normal,val,train,10862,10862.png,"[3, 351, 34, 374]",1.0,kolektor_gt,kolektor_permukaan
C:/Arib/MASSA AYAM/chicken detection + constrative classification/data/crops_kolektor_gt/val/normal/10865_00973.png,0,normal,val,train,10865,10865.png,"[66, 561, 151, 599]",1.0,kolektor_gt,kolektor_permukaan
C:/Arib/MASSA AYAM/chicken detection + constrative classification/data/crops_kolektor_gt/val/normal/10869_00978.png,0,normal,val,train,10869,10869.png,"[167, 8, 221, 56]",1.0,kolektor_gt,kolektor_permukaan
C:/Arib/MASSA AYAM/chicken detection + constrative classification/data/crops_kolektor_gt/val/normal/10876_00986.png,0,normal,val,train,10876,10876.png,"[135, 312, 179, 408]",1.0,kolektor_gt,kolektor_permukaan
C:/Arib/MASSA AYAM/chicken detection + constrative classification/data/crops_kolektor_gt/val/normal/10885_00995.png,0,normal,val,train,10885,10885.png,"[114, 555, 144, 633]",1.0,kolektor_gt,kolektor_permukaan
C:/Arib/MASSA AYAM/chicken detection + constrative classification/data/crops_kolektor_gt/val/normal/10886_00996.png,0,normal,val,train,10886,10886.png,"[148, 554, 218, 588]",1.0,kolektor_gt,kolektor_permukaan
C:/Arib/MASSA AYAM/chicken detection + constrative classification/data/crops_kolektor_gt/val/normal/10903_01015.png,0,normal,val,train,10903,10903.png,"[193, 209, 207, 218]",1.0,kolektor_gt,kolektor_permukaan
C:/Arib/MASSA AYAM/chicken detection + constrative classification/data/crops_kolektor_gt/val/normal/10907_01021.png,0,normal,val,train,10907,10907.png,"[133, 111, 177, 174]",1.0,kolektor_gt,kolektor_permukaan
C:/Arib/MASSA AYAM/chicken detection + constrative classification/data/crops_kolektor_gt/val/normal/10910_01024.png,0,normal,val,train,10910,10910.png,"[48, 298, 104, 312]",1.0,kolektor_gt,kolektor_permukaan
C:/Arib/MASSA AYAM/chicken detection + constrative classification/data/crops_kolektor_gt/val/normal/10911_01025.png,0,normal,val,train,10911,10911.png,"[73, 472, 112, 516]",1.0,kolektor_gt,kolektor_permukaan
C:/Arib/MASSA AYAM/chicken detection + constrative classification/data/crops_kolektor_gt/val/normal/10912_01026.png,0,normal,val,train,10912,10912.png,"[13, 145, 102, 262]",1.0,kolektor_gt,kolektor_permukaan
C:/Arib/MASSA AYAM/chicken detection + constrative classification/data/crops_kolektor_gt/val/normal/10915_01029.png,0,normal,val,train,10915,10915.png,"[22, 232, 146, 390]",1.0,kolektor_gt,kolektor_permukaan
C:/Arib/MASSA AYAM/chicken detection + constrative classification/data/crops_kolektor_gt/val/normal/10916_01030.png,0,normal,val,train,10916,10916.png,"[116, 92, 130, 101]",1.0,kolektor_gt,kolektor_permukaan
C:/Arib/MASSA AYAM/chicken detection + constrative classification/data/crops_kolektor_gt/val/normal/10918_01032.png,0,normal,val,train,10918,10918.png,"[92, 87, 182, 145]",1.0,kolektor_gt,kolektor_permukaan
C:/Arib/MASSA AYAM/chicken detection + constrative classification/data/crops_kolektor_gt/val/normal/10919_01033.png,0,normal,val,train,10919,10919.png,"[186, 405, 222, 605]",1.0,kolektor_gt,kolektor_permukaan
C:/Arib/MASSA AYAM/chicken detection + constrative classification/data/crops_kolektor_gt/val/normal/10924_01038.png,0,normal,val,train,10924,10924.png,"[73, 185, 148, 203]",1.0,kolektor_gt,kolektor_permukaan
C:/Arib/MASSA AYAM/chicken detection + constrative classification/data/crops_kolektor_gt/val/normal/10926_01040.png,0,normal,val,train,10926,10926.png,"[3, 469, 36, 534]",1.0,kolektor_gt,kolektor_permukaan
C:/Arib/MASSA AYAM/chicken detection + constrative classification/data/crops_kolektor_gt/val/normal/10927_01041.png,0,normal,val,train,10927,10927.png,"[139, 5, 212, 37]",1.0,kolektor_gt,kolektor_permukaan
C:/Arib/MASSA AYAM/chicken detection + constrative classification/data/crops_kolektor_gt/val/normal/10928_01042.png,0,normal,val,train,10928,10928.png,"[15, 222, 182, 310]",1.0,kolektor_gt,kolektor_permukaan
C:/Arib/MASSA AYAM/chicken detection + constrative classification/data/crops_kolektor_gt/val/normal/10930_01044.png,0,normal,val,train,10930,10930.png,"[62, 560, 104, 621]",1.0,kolektor_gt,kolektor_permukaan
C:/Arib/MASSA AYAM/chicken detection + constrative classification/data/crops_kolektor_gt/val/normal/10939_01053.png,0,normal,val,train,10939,10939.png,"[5, 269, 231, 397]",1.0,kolektor_gt,kolektor_permukaan
C:/Arib/MASSA AYAM/chicken detection + constrative classification/data/crops_kolektor_gt/val/normal/10940_01054.png,0,normal,val,train,10940,10940.png,"[3, 313, 229, 460]",1.0,kolektor_gt,kolektor_permukaan
C:/Arib/MASSA AYAM/chicken detection + constrative classification/data/crops_kolektor_gt/val/normal/10943_01057.png,0,normal,val,train,10943,10943.png,"[33, 576, 70, 617]",1.0,kolektor_gt,kolektor_permukaan
C:/Arib/MASSA AYAM/chicken detection + constrative classification/data/crops_kolektor_gt/val/normal/10947_01061.png,0,normal,val,train,10947,10947.png,"[26, 424, 162, 502]",1.0,kolektor_gt,kolektor_permukaan
C:/Arib/MASSA AYAM/chicken detection + constrative classification/data/crops_kolektor_gt/val/normal/10949_01063.png,0,normal,val,train,10949,10949.png,"[2, 206, 71, 243]",1.0,kolektor_gt,kolektor_permukaan
C:/Arib/MASSA AYAM/chicken detection + constrative classification/data/crops_kolektor_gt/val/normal/10960_01076.png,0,normal,val,train,10960,10960.png,"[73, 339, 180, 369]",1.0,kolektor_gt,kolektor_permukaan
C:/Arib/MASSA AYAM/chicken detection + constrative classification/data/crops_kolektor_gt/val/normal/10966_01082.png,0,normal,val,train,10966,10966.png,"[95, 462, 146, 494]",1.0,kolektor_gt,kolektor_permukaan
C:/Arib/MASSA AYAM/chicken detection + constrative classification/data/crops_kolektor_gt/val/normal/10970_01086.png,0,normal,val,train,10970,10970.png,"[128, 157, 154, 226]",1.0,kolektor_gt,kolektor_permukaan
C:/Arib/MASSA AYAM/chicken detection + constrative classification/data/crops_kolektor_gt/val/normal/10971_01087.png,0,normal,val,train,10971,10971.png,"[187, 536, 213, 605]",1.0,kolektor_gt,kolektor_permukaan
C:/Arib/MASSA AYAM/chicken detection + constrative classification/data/crops_kolektor_gt/val/normal/10981_01097.png,0,normal,val,train,10981,10981.png,"[1, 526, 128, 616]",1.0,kolektor_gt,kolektor_permukaan
C:/Arib/MASSA AYAM/chicken detection + constrative classification/data/crops_kolektor_gt/val/normal/10983_01099.png,0,normal,val,train,10983,10983.png,"[146, 250, 161, 278]",1.0,kolektor_gt,kolektor_permukaan
C:/Arib/MASSA AYAM/chicken detection + constrative classification/data/crops_kolektor_gt/val/normal/10984_01100.png,0,normal,val,train,10984,10984.png,"[156, 346, 186, 366]",1.0,kolektor_gt,kolektor_permukaan
C:/Arib/MASSA AYAM/chicken detection + constrative classification/data/crops_kolektor_gt/val/normal/10987_01103.png,0,normal,val,train,10987,10987.png,"[100, 183, 131, 203]",1.0,kolektor_gt,kolektor_permukaan
C:/Arib/MASSA AYAM/chicken detection + constrative classification/data/crops_kolektor_gt/val/normal/10993_01109.png,0,normal,val,train,10993,10993.png,"[157, 264, 185, 287]",1.0,kolektor_gt,kolektor_permukaan
C:/Arib/MASSA AYAM/chicken detection + constrative classification/data/crops_kolektor_gt/val/normal/10996_01112.png,0,normal,val,train,10996,10996.png,"[8, 486, 134, 589]",1.0,kolektor_gt,kolektor_permukaan
C:/Arib/MASSA AYAM/chicken detection + constrative classification/data/crops_kolektor_gt/val/normal/11004_01122.png,0,normal,val,train,11004,11004.png,"[111, 580, 176, 616]",1.0,kolektor_gt,kolektor_permukaan
C:/Arib/MASSA AYAM/chicken detection + constrative classification/data/crops_kolektor_gt/val/normal/11016_01135.png,0,normal,val,train,11016,11016.png,"[111, 352, 150, 396]",1.0,kolektor_gt,kolektor_permukaan
C:/Arib/MASSA AYAM/chicken detection + constrative classification/data/crops_kolektor_gt/val/normal/11021_01140.png,0,normal,val,train,11021,11021.png,"[110, 403, 135, 439]",1.0,kolektor_gt,kolektor_permukaan
C:/Arib/MASSA AYAM/chicken detection + constrative classification/data/crops_kolektor_gt/val/normal/11022_01141.png,0,normal,val,train,11022,11022.png,"[103, 390, 167, 490]",1.0,kolektor_gt,kolektor_permukaan
C:/Arib/MASSA AYAM/chicken detection + constrative classification/data/crops_kolektor_gt/val/normal/11030_01150.png,0,normal,val,train,11030,11030.png,"[130, 434, 149, 461]",1.0,kolektor_gt,kolektor_permukaan
C:/Arib/MASSA AYAM/chicken detection + constrative classification/data/crops_kolektor_gt/val/normal/11041_01162.png,0,normal,val,train,11041,11041.png,"[116, 524, 151, 557]",1.0,kolektor_gt,kolektor_permukaan
C:/Arib/MASSA AYAM/chicken detection + constrative classification/data/crops_kolektor_gt/val/normal/11044_01165.png,0,normal,val,train,11044,11044.png,"[186, 577, 225, 621]",1.0,kolektor_gt,kolektor_permukaan
C:/Arib/MASSA AYAM/chicken detection + constrative classification/data/crops_kolektor_gt/val/normal/11045_01166.png,0,normal,val,train,11045,11045.png,"[148, 173, 159, 231]",1.0,kolektor_gt,kolektor_permukaan
C:/Arib/MASSA AYAM/chicken detection + constrative classification/data/crops_kolektor_gt/val/normal/11048_01169.png,0,normal,val,train,11048,11048.png,"[32, 135, 140, 170]",1.0,kolektor_gt,kolektor_permukaan
C:/Arib/MASSA AYAM/chicken detection + constrative classification/data/crops_kolektor_gt/val/normal/11049_01170.png,0,normal,val,train,11049,11049.png,"[4, 7, 230, 135]",1.0,kolektor_gt,kolektor_permukaan
C:/Arib/MASSA AYAM/chicken detection + constrative classification/data/crops_kolektor_gt/val/normal/11051_01172.png,0,normal,val,train,11051,11051.png,"[44, 267, 123, 380]",1.0,kolektor_gt,kolektor_permukaan
C:/Arib/MASSA AYAM/chicken detection + constrative classification/data/crops_kolektor_gt/val/normal/11056_01180.png,0,normal,val,train,11056,11056.png,"[38, 487, 150, 530]",1.0,kolektor_gt,kolektor_permukaan
C:/Arib/MASSA AYAM/chicken detection + constrative classification/data/crops_kolektor_gt/val/normal/11057_01181.png,0,normal,val,train,11057,11057.png,"[48, 349, 182, 503]",1.0,kolektor_gt,kolektor_permukaan
C:/Arib/MASSA AYAM/chicken detection + constrative classification/data/crops_kolektor_gt/val/normal/11063_01188.png,0,normal,val,train,11063,11063.png,"[25, 261, 114, 287]",1.0,kolektor_gt,kolektor_permukaan
C:/Arib/MASSA AYAM/chicken detection + constrative classification/data/crops_kolektor_gt/val/normal/11066_01191.png,0,normal,val,train,11066,11066.png,"[80, 560, 135, 587]",1.0,kolektor_gt,kolektor_permukaan
C:/Arib/MASSA AYAM/chicken detection + constrative classification/data/crops_kolektor_gt/val/normal/11073_01198.png,0,normal,val,train,11073,11073.png,"[28, 356, 131, 634]",1.0,kolektor_gt,kolektor_permukaan
C:/Arib/MASSA AYAM/chicken detection + constrative classification/data/crops_kolektor_gt/val/normal/11080_01206.png,0,normal,val,train,11080,11080.png,"[25, 182, 220, 264]",1.0,kolektor_gt,kolektor_permukaan
C:/Arib/MASSA AYAM/chicken detection + constrative classification/data/crops_kolektor_gt/val/normal/11081_01207.png,0,normal,val,train,11081,11081.png,"[36, 553, 50, 575]",1.0,kolektor_gt,kolektor_permukaan
C:/Arib/MASSA AYAM/chicken detection + constrative classification/data/crops_kolektor_gt/val/normal/11088_01215.png,0,normal,val,train,11088,11088.png,"[90, 481, 229, 625]",1.0,kolektor_gt,kolektor_permukaan
C:/Arib/MASSA AYAM/chicken detection + constrative classification/data/crops_kolektor_gt/val/normal/11095_01224.png,0,normal,val,train,11095,11095.png,"[165, 207, 185, 303]",1.0,kolektor_gt,kolektor_permukaan
C:/Arib/MASSA AYAM/chicken detection + constrative classification/data/crops_kolektor_gt/val/normal/11109_01239.png,0,normal,val,train,11109,11109.png,"[151, 65, 174, 97]",1.0,kolektor_gt,kolektor_permukaan
C:/Arib/MASSA AYAM/chicken detection + constrative classification/data/crops_kolektor_gt/val/normal/11113_01243.png,0,normal,val,train,11113,11113.png,"[82, 218, 152, 252]",1.0,kolektor_gt,kolektor_permukaan
C:/Arib/MASSA AYAM/chicken detection + constrative classification/data/crops_kolektor_gt/val/normal/11123_01253.png,0,normal,val,train,11123,11123.png,"[78, 38, 186, 123]",1.0,kolektor_gt,kolektor_permukaan
C:/Arib/MASSA AYAM/chicken detection + constrative classification/data/crops_kolektor_gt/val/normal/11125_01255.png,0,normal,val,train,11125,11125.png,"[35, 120, 223, 327]",1.0,kolektor_gt,kolektor_permukaan
C:/Arib/MASSA AYAM/chicken detection + constrative classification/data/crops_kolektor_gt/val/normal/11132_01262.png,0,normal,val,train,11132,11132.png,"[78, 464, 185, 507]",1.0,kolektor_gt,kolektor_permukaan
C:/Arib/MASSA AYAM/chicken detection + constrative classification/data/crops_kolektor_gt/val/normal/11134_01264.png,0,normal,val,train,11134,11134.png,"[62, 527, 198, 618]",1.0,kolektor_gt,kolektor_permukaan
C:/Arib/MASSA AYAM/chicken detection + constrative classification/data/crops_kolektor_gt/val/normal/11154_01290.png,0,normal,val,train,11154,11154.png,"[0, 491, 226, 570]",1.0,kolektor_gt,kolektor_permukaan
C:/Arib/MASSA AYAM/chicken detection + constrative classification/data/crops_kolektor_gt/val/normal/11157_01293.png,0,normal,val,train,11157,11157.png,"[47, 379, 80, 468]",1.0,kolektor_gt,kolektor_permukaan
C:/Arib/MASSA AYAM/chicken detection + constrative classification/data/crops_kolektor_gt/val/normal/11162_01298.png,0,normal,val,train,11162,11162.png,"[7, 527, 114, 570]",1.0,kolektor_gt,kolektor_permukaan
C:/Arib/MASSA AYAM/chicken detection + constrative classification/data/crops_kolektor_gt/val/normal/11166_01302.png,0,normal,val,train,11166,11166.png,"[35, 342, 80, 379]",1.0,kolektor_gt,kolektor_permukaan
C:/Arib/MASSA AYAM/chicken detection + constrative classification/data/crops_kolektor_gt/val/normal/11169_01306.png,0,normal,val,train,11169,11169.png,"[68, 515, 167, 578]",1.0,kolektor_gt,kolektor_permukaan
C:/Arib/MASSA AYAM/chicken detection + constrative classification/data/crops_kolektor_gt/val/normal/11170_01307.png,0,normal,val,train,11170,11170.png,"[13, 64, 74, 84]",1.0,kolektor_gt,kolektor_permukaan
C:/Arib/MASSA AYAM/chicken detection + constrative classification/data/crops_kolektor_gt/val/normal/11173_01310.png,0,normal,val,train,11173,11173.png,"[115, 376, 211, 412]",1.0,kolektor_gt,kolektor_permukaan
C:/Arib/MASSA AYAM/chicken detection + constrative classification/data/crops_kolektor_gt/val/normal/11174_01311.png,0,normal,val,train,11174,11174.png,"[48, 468, 85, 512]",1.0,kolektor_gt,kolektor_permukaan
C:/Arib/MASSA AYAM/chicken detection + constrative classification/data/crops_kolektor_gt/val/normal/11182_01320.png,0,normal,val,train,11182,11182.png,"[41, 497, 206, 592]",1.0,kolektor_gt,kolektor_permukaan
C:/Arib/MASSA AYAM/chicken detection + constrative classification/data/crops_kolektor_gt/val/normal/11183_01321.png,0,normal,val,train,11183,11183.png,"[117, 311, 144, 416]",1.0,kolektor_gt,kolektor_permukaan
C:/Arib/MASSA AYAM/chicken detection + constrative classification/data/crops_kolektor_gt/val/normal/11184_01322.png,0,normal,val,train,11184,11184.png,"[43, 266, 63, 303]",1.0,kolektor_gt,kolektor_permukaan
C:/Arib/MASSA AYAM/chicken detection + constrative classification/data/crops_kolektor_gt/val/normal/11186_01324.png,0,normal,val,train,11186,11186.png,"[116, 170, 131, 198]",1.0,kolektor_gt,kolektor_permukaan
C:/Arib/MASSA AYAM/chicken detection + constrative classification/data/crops_kolektor_gt/val/normal/11188_01327.png,0,normal,val,train,11188,11188.png,"[107, 157, 215, 242]",1.0,kolektor_gt,kolektor_permukaan
C:/Arib/MASSA AYAM/chicken detection + constrative classification/data/crops_kolektor_gt/val/normal/11190_01330.png,0,normal,val,train,11190,11190.png,"[170, 324, 211, 385]",1.0,kolektor_gt,kolektor_permukaan
C:/Arib/MASSA AYAM/chicken detection + constrative classification/data/crops_kolektor_gt/val/normal/11193_01333.png,0,normal,val,train,11193,11193.png,"[51, 255, 175, 413]",1.0,kolektor_gt,kolektor_permukaan
C:/Arib/MASSA AYAM/chicken detection + constrative classification/data/crops_kolektor_gt/val/normal/11194_01334.png,0,normal,val,train,11194,11194.png,"[40, 79, 180, 238]",1.0,kolektor_gt,kolektor_permukaan
C:/Arib/MASSA AYAM/chicken detection + constrative classification/data/crops_kolektor_gt/val/normal/11201_01342.png,0,normal,val,train,11201,11201.png,"[83, 56, 112, 112]",1.0,kolektor_gt,kolektor_permukaan
C:/Arib/MASSA AYAM/chicken detection + constrative classification/data/crops_kolektor_gt/val/normal/11203_01344.png,0,normal,val,train,11203,11203.png,"[25, 23, 133, 58]",1.0,kolektor_gt,kolektor_permukaan
C:/Arib/MASSA AYAM/chicken detection + constrative classification/data/crops_kolektor_gt/val/normal/11206_01347.png,0,normal,val,train,11206,11206.png,"[50, 75, 164, 220]",1.0,kolektor_gt,kolektor_permukaan
C:/Arib/MASSA AYAM/chicken detection + constrative classification/data/crops_kolektor_gt/val/normal/11211_01352.png,0,normal,val,train,11211,11211.png,"[41, 434, 72, 457]",1.0,kolektor_gt,kolektor_permukaan
C:/Arib/MASSA AYAM/chicken detection + constrative classification/data/crops_kolektor_gt/val/normal/11217_01359.png,0,normal,val,train,11217,11217.png,"[71, 473, 179, 558]",1.0,kolektor_gt,kolektor_permukaan
C:/Arib/MASSA AYAM/chicken detection + constrative classification/data/crops_kolektor_gt/val/normal/11225_01367.png,0,normal,val,train,11225,11225.png,"[126, 68, 187, 88]",1.0,kolektor_gt,kolektor_permukaan
C:/Arib/MASSA AYAM/chicken detection + constrative classification/data/crops_kolektor_gt/val/normal/11226_01368.png,0,normal,val,train,11226,11226.png,"[148, 492, 165, 502]",1.0,kolektor_gt,kolektor_permukaan
C:/Arib/MASSA AYAM/chicken detection + constrative classification/data/crops_kolektor_gt/val/normal/11234_01377.png,0,normal,val,train,11234,11234.png,"[65, 198, 207, 323]",1.0,kolektor_gt,kolektor_permukaan
C:/Arib/MASSA AYAM/chicken detection + constrative classification/data/crops_kolektor_gt/val/normal/11237_01380.png,0,normal,val,train,11237,11237.png,"[24, 547, 41, 557]",1.0,kolektor_gt,kolektor_permukaan
C:/Arib/MASSA AYAM/chicken detection + constrative classification/data/crops_kolektor_gt/val/normal/11239_01382.png,0,normal,val,train,11239,11239.png,"[199, 496, 229, 525]",1.0,kolektor_gt,kolektor_permukaan
C:/Arib/MASSA AYAM/chicken detection + constrative classification/data/crops_kolektor_gt/val/normal/11244_01388.png,0,normal,val,train,11244,11244.png,"[104, 226, 207, 420]",1.0,kolektor_gt,kolektor_permukaan
C:/Arib/MASSA AYAM/chicken detection + constrative classification/data/crops_kolektor_gt/val/normal/11246_01390.png,0,normal,val,train,11246,11246.png,"[15, 227, 151, 318]",1.0,kolektor_gt,kolektor_permukaan
C:/Arib/MASSA AYAM/chicken detection + constrative classification/data/crops_kolektor_gt/val/normal/11250_01395.png,0,normal,val,train,11250,11250.png,"[50, 110, 65, 135]",1.0,kolektor_gt,kolektor_permukaan
C:/Arib/MASSA AYAM/chicken detection + constrative classification/data/crops_kolektor_gt/val/normal/11257_01402.png,0,normal,val,train,11257,11257.png,"[99, 247, 205, 290]",1.0,kolektor_gt,kolektor_permukaan
C:/Arib/MASSA AYAM/chicken detection + constrative classification/data/crops_kolektor_gt/val/normal/11258_01404.png,0,normal,val,train,11258,11258.png,"[145, 69, 208, 124]",1.0,kolektor_gt,kolektor_permukaan
C:/Arib/MASSA AYAM/chicken detection + constrative classification/data/crops_kolektor_gt/val/normal/11262_01408.png,0,normal,val,train,11262,11262.png,"[46, 189, 158, 232]",1.0,kolektor_gt,kolektor_permukaan
C:/Arib/MASSA AYAM/chicken detection + constrative classification/data/crops_kolektor_gt/val/normal/11265_01411.png,0,normal,val,train,11265,11265.png,"[80, 126, 143, 153]",1.0,kolektor_gt,kolektor_permukaan
C:/Arib/MASSA AYAM/chicken detection + constrative classification/data/crops_kolektor_gt/val/normal/11267_01413.png,0,normal,val,train,11267,11267.png,"[142, 41, 173, 64]",1.0,kolektor_gt,kolektor_permukaan
C:/Arib/MASSA AYAM/chicken detection + constrative classification/data/crops_kolektor_gt/val/normal/11270_01417.png,0,normal,val,train,11270,11270.png,"[57, 417, 84, 522]",1.0,kolektor_gt,kolektor_permukaan
C:/Arib/MASSA AYAM/chicken detection + constrative classification/data/crops_kolektor_gt/val/normal/11278_01425.png,0,normal,val,train,11278,11278.png,"[185, 255, 225, 471]",1.0,kolektor_gt,kolektor_permukaan
C:/Arib/MASSA AYAM/chicken detection + constrative classification/data/crops_kolektor_gt/val/normal/11290_01438.png,0,normal,val,train,11290,11290.png,"[49, 460, 185, 538]",1.0,kolektor_gt,kolektor_permukaan
C:/Arib/MASSA AYAM/chicken detection + constrative classification/data/crops_kolektor_gt/val/normal/11293_01441.png,0,normal,val,train,11293,11293.png,"[125, 441, 141, 456]",1.0,kolektor_gt,kolektor_permukaan
C:/Arib/MASSA AYAM/chicken detection + constrative classification/data/crops_kolektor_gt/val/normal/11294_01442.png,0,normal,val,train,11294,11294.png,"[124, 112, 193, 173]",1.0,kolektor_gt,kolektor_permukaan
C:/Arib/MASSA AYAM/chicken detection + constrative classification/data/crops_kolektor_gt/val/normal/11307_01456.png,0,normal,val,train,11307,11307.png,"[68, 20, 80, 33]",1.0,kolektor_gt,kolektor_permukaan
C:/Arib/MASSA AYAM/chicken detection + constrative classification/data/crops_kolektor_gt/val/normal/11312_01461.png,0,normal,val,train,11312,11312.png,"[93, 446, 190, 511]",1.0,kolektor_gt,kolektor_permukaan
C:/Arib/MASSA AYAM/chicken detection + constrative classification/data/crops_kolektor_gt/val/normal/11315_01465.png,0,normal,val,train,11315,11315.png,"[159, 94, 190, 171]",1.0,kolektor_gt,kolektor_permukaan
C:/Arib/MASSA AYAM/chicken detection + constrative classification/data/crops_kolektor_gt/val/normal/11318_01468.png,0,normal,val,train,11318,11318.png,"[83, 309, 225, 434]",1.0,kolektor_gt,kolektor_permukaan
C:/Arib/MASSA AYAM/chicken detection + constrative classification/data/crops_kolektor_gt/val/normal/11321_01471.png,0,normal,val,train,11321,11321.png,"[171, 560, 190, 587]",1.0,kolektor_gt,kolektor_permukaan
C:/Arib/MASSA AYAM/chicken detection + constrative classification/data/crops_kolektor_gt/val/normal/11323_01473.png,0,normal,val,train,11323,11323.png,"[54, 478, 127, 510]",1.0,kolektor_gt,kolektor_permukaan
C:/Arib/MASSA AYAM/chicken detection + constrative classification/data/crops_kolektor_gt/val/normal/11329_01479.png,0,normal,val,train,11329,11329.png,"[103, 244, 128, 280]",1.0,kolektor_gt,kolektor_permukaan
C:/Arib/MASSA AYAM/chicken detection + constrative classification/data/crops_kolektor_gt/val/normal/11337_01487.png,0,normal,val,train,11337,11337.png,"[104, 372, 129, 469]",1.0,kolektor_gt,kolektor_permukaan
C:/Arib/MASSA AYAM/chicken detection + constrative classification/data/crops_kolektor_gt/val/normal/11338_01488.png,0,normal,val,train,11338,11338.png,"[0, 143, 228, 222]",1.0,kolektor_gt,kolektor_permukaan
C:/Arib/MASSA AYAM/chicken detection + constrative classification/data/crops_kolektor_gt/val/normal/11348_01499.png,0,normal,val,train,11348,11348.png,"[78, 21, 154, 143]",1.0,kolektor_gt,kolektor_permukaan
C:/Arib/MASSA AYAM/chicken detection + constrative classification/data/crops_kolektor_gt/val/normal/11350_01502.png,0,normal,val,train,11350,11350.png,"[207, 124, 224, 134]",1.0,kolektor_gt,kolektor_permukaan
C:/Arib/MASSA AYAM/chicken detection + constrative classification/data/crops_kolektor_gt/val/normal/11355_01508.png,0,normal,val,train,11355,11355.png,"[202, 34, 215, 64]",1.0,kolektor_gt,kolektor_permukaan
C:/Arib/MASSA AYAM/chicken detection + constrative classification/data/crops_kolektor_gt/val/normal/11362_01516.png,0,normal,val,train,11362,11362.png,"[51, 312, 93, 360]",1.0,kolektor_gt,kolektor_permukaan
C:/Arib/MASSA AYAM/chicken detection + constrative classification/data/crops_kolektor_gt/val/normal/11363_01519.png,0,normal,val,train,11363,11363.png,"[21, 113, 124, 153]",1.0,kolektor_gt,kolektor_permukaan
C:/Arib/MASSA AYAM/chicken detection + constrative classification/data/crops_kolektor_gt/val/normal/11363_01520.png,0,normal,val,train,11363,11363.png,"[152, 420, 216, 454]",1.0,kolektor_gt,kolektor_permukaan
C:/Arib/MASSA AYAM/chicken detection + constrative classification/data/crops_kolektor_gt/val/normal/11372_01530.png,0,normal,val,train,11372,11372.png,"[38, 91, 115, 194]",1.0,kolektor_gt,kolektor_permukaan
C:/Arib/MASSA AYAM/chicken detection + constrative classification/data/crops_kolektor_gt/val/normal/11376_01534.png,0,normal,val,train,11376,11376.png,"[208, 272, 221, 281]",1.0,kolektor_gt,kolektor_permukaan
C:/Arib/MASSA AYAM/chicken detection + constrative classification/data/crops_kolektor_gt/val/normal/11395_01555.png,0,normal,val,train,11395,11395.png,"[31, 287, 223, 372]",1.0,kolektor_gt,kolektor_permukaan
C:/Arib/MASSA AYAM/chicken detection + constrative classification/data/crops_kolektor_gt/val/normal/11397_01557.png,0,normal,val,train,11397,11397.png,"[66, 320, 180, 377]",1.0,kolektor_gt,kolektor_permukaan
C:/Arib/MASSA AYAM/chicken detection + constrative classification/data/crops_kolektor_gt/val/normal/11399_01560.png,0,normal,val,train,11399,11399.png,"[38, 569, 85, 625]",1.0,kolektor_gt,kolektor_permukaan
C:/Arib/MASSA AYAM/chicken detection + constrative classification/data/crops_kolektor_gt/val/normal/11400_01561.png,0,normal,val,train,11400,11400.png,"[13, 193, 77, 266]",1.0,kolektor_gt,kolektor_permukaan
C:/Arib/MASSA AYAM/chicken detection + constrative classification/data/crops_kolektor_gt/val/normal/11411_01573.png,0,normal,val,train,11411,11411.png,"[50, 191, 174, 347]",1.0,kolektor_gt,kolektor_permukaan
C:/Arib/MASSA AYAM/chicken detection + constrative classification/data/crops_kolektor_gt/val/normal/11412_01574.png,0,normal,val,train,11412,11412.png,"[82, 157, 119, 273]",1.0,kolektor_gt,kolektor_permukaan
C:/Arib/MASSA AYAM/chicken detection + constrative classification/data/crops_kolektor_gt/val/normal/11418_01581.png,0,normal,val,train,11418,11418.png,"[0, 280, 222, 522]",1.0,kolektor_gt,kolektor_permukaan
C:/Arib/MASSA AYAM/chicken detection + constrative classification/data/crops_kolektor_gt/val/normal/11422_01585.png,0,normal,val,train,11422,11422.png,"[72, 157, 100, 257]",1.0,kolektor_gt,kolektor_permukaan
C:/Arib/MASSA AYAM/chicken detection + constrative classification/data/crops_kolektor_gt/val/normal/11428_01591.png,0,normal,val,train,11428,11428.png,"[111, 436, 188, 563]",1.0,kolektor_gt,kolektor_permukaan
C:/Arib/MASSA AYAM/chicken detection + constrative classification/data/crops_kolektor_gt/val/normal/11433_01598.png,0,normal,val,train,11433,11433.png,"[19, 254, 211, 339]",1.0,kolektor_gt,kolektor_permukaan
C:/Arib/MASSA AYAM/chicken detection + constrative classification/data/crops_kolektor_gt/val/normal/11434_01599.png,0,normal,val,train,11434,11434.png,"[145, 48, 217, 147]",1.0,kolektor_gt,kolektor_permukaan
C:/Arib/MASSA AYAM/chicken detection + constrative classification/data/crops_kolektor_gt/val/normal/11435_01600.png,0,normal,val,train,11435,11435.png,"[131, 110, 211, 185]",1.0,kolektor_gt,kolektor_permukaan
C:/Arib/MASSA AYAM/chicken detection + constrative classification/data/crops_kolektor_gt/val/normal/11437_01602.png,0,normal,val,train,11437,11437.png,"[90, 260, 123, 325]",1.0,kolektor_gt,kolektor_permukaan
C:/Arib/MASSA AYAM/chicken detection + constrative classification/data/crops_kolektor_gt/val/normal/11438_01603.png,0,normal,val,train,11438,11438.png,"[4, 116, 26, 193]",1.0,kolektor_gt,kolektor_permukaan
C:/Arib/MASSA AYAM/chicken detection + constrative classification/data/crops_kolektor_gt/val/normal/11441_01606.png,0,normal,val,train,11441,11441.png,"[80, 601, 114, 629]",1.0,kolektor_gt,kolektor_permukaan
C:/Arib/MASSA AYAM/chicken detection + constrative classification/data/crops_kolektor_gt/val/normal/11442_01607.png,0,normal,val,train,11442,11442.png,"[67, 349, 157, 407]",1.0,kolektor_gt,kolektor_permukaan
C:/Arib/MASSA AYAM/chicken detection + constrative classification/data/crops_kolektor_gt/val/normal/11444_01612.png,0,normal,val,train,11444,11444.png,"[154, 265, 214, 347]",1.0,kolektor_gt,kolektor_permukaan
C:/Arib/MASSA AYAM/chicken detection + constrative classification/data/crops_kolektor_gt/val/normal/11444_01613.png,0,normal,val,train,11444,11444.png,"[111, 18, 148, 134]",1.0,kolektor_gt,kolektor_permukaan
C:/Arib/MASSA AYAM/chicken detection + constrative classification/data/crops_kolektor_gt/val/normal/11444_01614.png,0,normal,val,train,11444,11444.png,"[43, 488, 67, 561]",1.0,kolektor_gt,kolektor_permukaan
C:/Arib/MASSA AYAM/chicken detection + constrative classification/data/crops_kolektor_gt/val/normal/11449_01620.png,0,normal,val,train,11449,11449.png,"[48, 27, 117, 130]",1.0,kolektor_gt,kolektor_permukaan
C:/Arib/MASSA AYAM/chicken detection + constrative classification/data/crops_kolektor_gt/val/normal/11450_01621.png,0,normal,val,train,11450,11450.png,"[83, 247, 204, 281]",1.0,kolektor_gt,kolektor_permukaan
C:/Arib/MASSA AYAM/chicken detection + constrative classification/data/crops_kolektor_gt/val/normal/11452_01623.png,0,normal,val,train,11452,11452.png,"[121, 432, 173, 461]",1.0,kolektor_gt,kolektor_permukaan
C:/Arib/MASSA AYAM/chicken detection + constrative classification/data/crops_kolektor_gt/val/normal/11460_01632.png,0,normal,val,train,11460,11460.png,"[135, 19, 164, 37]",1.0,kolektor_gt,kolektor_permukaan
C:/Arib/MASSA AYAM/chicken detection + constrative classification/data/crops_kolektor_gt/val/normal/11465_01637.png,0,normal,val,train,11465,11465.png,"[59, 519, 89, 577]",1.0,kolektor_gt,kolektor_permukaan
C:/Arib/MASSA AYAM/chicken detection + constrative classification/data/crops_kolektor_gt/val/normal/11467_01639.png,0,normal,val,train,11467,11467.png,"[99, 426, 188, 543]",1.0,kolektor_gt,kolektor_permukaan
C:/Arib/MASSA AYAM/chicken detection + constrative classification/data/crops_kolektor_gt/val/normal/11468_01640.png,0,normal,val,train,11468,11468.png,"[101, 241, 215, 386]",1.0,kolektor_gt,kolektor_permukaan
C:/Arib/MASSA AYAM/chicken detection + constrative classification/data/crops_kolektor_gt/val/normal/11475_01647.png,0,normal,val,train,11475,11475.png,"[8, 65, 30, 142]",1.0,kolektor_gt,kolektor_permukaan
C:/Arib/MASSA AYAM/chicken detection + constrative classification/data/crops_kolektor_gt/val/normal/11490_01665.png,0,normal,val,train,11490,11490.png,"[68, 381, 137, 413]",1.0,kolektor_gt,kolektor_permukaan
C:/Arib/MASSA AYAM/chicken detection + constrative classification/data/crops_kolektor_gt/val/normal/11498_01673.png,0,normal,val,train,11498,11498.png,"[161, 532, 230, 631]",1.0,kolektor_gt,kolektor_permukaan
C:/Arib/MASSA AYAM/chicken detection + constrative classification/data/crops_kolektor_gt/val/normal/11513_01691.png,0,normal,val,train,11513,11513.png,"[29, 173, 217, 380]",1.0,kolektor_gt,kolektor_permukaan
C:/Arib/MASSA AYAM/chicken detection + constrative classification/data/crops_kolektor_gt/val/normal/11515_01693.png,0,normal,val,train,11515,11515.png,"[91, 193, 194, 387]",1.0,kolektor_gt,kolektor_permukaan
C:/Arib/MASSA AYAM/chicken detection + constrative classification/data/crops_kolektor_gt/val/normal/11524_01702.png,0,normal,val,train,11524,11524.png,"[31, 468, 223, 553]",1.0,kolektor_gt,kolektor_permukaan
C:/Arib/MASSA AYAM/chicken detection + constrative classification/data/crops_kolektor_gt/val/normal/11526_01704.png,0,normal,val,train,11526,11526.png,"[20, 286, 170, 523]",1.0,kolektor_gt,kolektor_permukaan
C:/Arib/MASSA AYAM/chicken detection + constrative classification/data/crops_kolektor_gt/val/normal/11528_01706.png,0,normal,val,train,11528,11528.png,"[146, 296, 225, 409]",1.0,kolektor_gt,kolektor_permukaan
C:/Arib/MASSA AYAM/chicken detection + constrative classification/data/crops_kolektor_gt/val/normal/11533_01711.png,0,normal,val,train,11533,11533.png,"[0, 125, 75, 215]",1.0,kolektor_gt,kolektor_permukaan
C:/Arib/MASSA AYAM/chicken detection + constrative classification/data/crops_kolektor_gt/val/normal/11535_01713.png,0,normal,val,train,11535,11535.png,"[72, 463, 174, 526]",1.0,kolektor_gt,kolektor_permukaan
C:/Arib/MASSA AYAM/chicken detection + constrative classification/data/crops_kolektor_gt/val/normal/11536_01714.png,0,normal,val,train,11536,11536.png,"[121, 135, 139, 199]",1.0,kolektor_gt,kolektor_permukaan
C:/Arib/MASSA AYAM/chicken detection + constrative classification/data/crops_kolektor_gt/val/normal/11541_01719.png,0,normal,val,train,11541,11541.png,"[188, 284, 208, 330]",1.0,kolektor_gt,kolektor_permukaan
C:/Arib/MASSA AYAM/chicken detection + constrative classification/data/crops_kolektor_gt/val/normal/11542_01720.png,0,normal,val,train,11542,11542.png,"[181, 25, 197, 40]",1.0,kolektor_gt,kolektor_permukaan
C:/Arib/MASSA AYAM/chicken detection + constrative classification/data/crops_kolektor_gt/val/normal/11547_01726.png,0,normal,val,train,11547,11547.png,"[180, 454, 228, 530]",1.0,kolektor_gt,kolektor_permukaan
C:/Arib/MASSA AYAM/chicken detection + constrative classification/data/crops_kolektor_gt/val/normal/11549_01730.png,0,normal,val,train,11549,11549.png,"[125, 23, 205, 98]",1.0,kolektor_gt,kolektor_permukaan
C:/Arib/MASSA AYAM/chicken detection + constrative classification/data/crops_kolektor_gt/val/normal/11549_01731.png,0,normal,val,train,11549,11549.png,"[55, 184, 184, 233]",1.0,kolektor_gt,kolektor_permukaan
C:/Arib/MASSA AYAM/chicken detection + constrative classification/data/crops_kolektor_gt/val/normal/11553_01736.png,0,normal,val,train,11553,11553.png,"[78, 417, 135, 516]",1.0,kolektor_gt,kolektor_permukaan
C:/Arib/MASSA AYAM/chicken detection + constrative classification/data/crops_kolektor_gt/val/normal/11560_01743.png,0,normal,val,train,11560,11560.png,"[70, 416, 213, 469]",1.0,kolektor_gt,kolektor_permukaan
C:/Arib/MASSA AYAM/chicken detection + constrative classification/data/crops_kolektor_gt/val/normal/11561_01744.png,0,normal,val,train,11561,11561.png,"[52, 239, 188, 330]",1.0,kolektor_gt,kolektor_permukaan
C:/Arib/MASSA AYAM/chicken detection + constrative classification/data/crops_kolektor_gt/val/normal/11562_01745.png,0,normal,val,train,11562,11562.png,"[68, 567, 103, 613]",1.0,kolektor_gt,kolektor_permukaan
C:/Arib/MASSA AYAM/chicken detection + constrative classification/data/crops_kolektor_gt/val/normal/11565_01748.png,0,normal,val,train,11565,11565.png,"[52, 145, 158, 188]",1.0,kolektor_gt,kolektor_permukaan
C:/Arib/MASSA AYAM/chicken detection + constrative classification/data/crops_kolektor_gt/val/normal/11571_01755.png,0,normal,val,train,11571,11571.png,"[89, 217, 115, 305]",1.0,kolektor_gt,kolektor_permukaan
C:/Arib/MASSA AYAM/chicken detection + constrative classification/data/crops_kolektor_gt/val/normal/11578_01764.png,0,normal,val,train,11578,11578.png,"[69, 251, 90, 291]",1.0,kolektor_gt,kolektor_permukaan
C:/Arib/MASSA AYAM/chicken detection + constrative classification/data/crops_kolektor_gt/val/normal/11581_01767.png,0,normal,val,train,11581,11581.png,"[121, 4, 203, 40]",1.0,kolektor_gt,kolektor_permukaan
C:/Arib/MASSA AYAM/chicken detection + constrative classification/data/crops_kolektor_gt/val/normal/11582_01768.png,0,normal,val,train,11582,11582.png,"[105, 500, 119, 568]",1.0,kolektor_gt,kolektor_permukaan
C:/Arib/MASSA AYAM/chicken detection + constrative classification/data/crops_kolektor_gt/val/normal/11589_01777.png,0,normal,val,train,11589,11589.png,"[49, 92, 76, 112]",1.0,kolektor_gt,kolektor_permukaan
C:/Arib/MASSA AYAM/chicken detection + constrative classification/data/crops_kolektor_gt/val/normal/11591_01780.png,0,normal,val,train,11591,11591.png,"[23, 37, 190, 125]",1.0,kolektor_gt,kolektor_permukaan
C:/Arib/MASSA AYAM/chicken detection + constrative classification/data/crops_kolektor_gt/val/normal/11593_01782.png,0,normal,val,train,11593,11593.png,"[14, 284, 137, 409]",1.0,kolektor_gt,kolektor_permukaan
C:/Arib/MASSA AYAM/chicken detection + constrative classification/data/crops_kolektor_gt/val/normal/11595_01784.png,0,normal,val,train,11595,11595.png,"[8, 131, 116, 216]",1.0,kolektor_gt,kolektor_permukaan
C:/Arib/MASSA AYAM/chicken detection + constrative classification/data/crops_kolektor_gt/val/normal/11598_01787.png,0,normal,val,train,11598,11598.png,"[174, 464, 207, 529]",1.0,kolektor_gt,kolektor_permukaan
C:/Arib/MASSA AYAM/chicken detection + constrative classification/data/crops_kolektor_gt/val/normal/11608_01798.png,0,normal,val,train,11608,11608.png,"[7, 491, 54, 536]",1.0,kolektor_gt,kolektor_permukaan
C:/Arib/MASSA AYAM/chicken detection + constrative classification/data/crops_kolektor_gt/val/normal/11615_01806.png,0,normal,val,train,11615,11615.png,"[32, 63, 69, 107]",1.0,kolektor_gt,kolektor_permukaan
C:/Arib/MASSA AYAM/chicken detection + constrative classification/data/crops_kolektor_gt/val/normal/11616_01808.png,0,normal,val,train,11616,11616.png,"[14, 308, 34, 354]",1.0,kolektor_gt,kolektor_permukaan
C:/Arib/MASSA AYAM/chicken detection + constrative classification/data/crops_kolektor_gt/val/normal/11617_01809.png,0,normal,val,train,11617,11617.png,"[16, 104, 70, 119]",1.0,kolektor_gt,kolektor_permukaan
C:/Arib/MASSA AYAM/chicken detection + constrative classification/data/crops_kolektor_gt/val/normal/11623_01815.png,0,normal,val,train,11623,11623.png,"[13, 105, 146, 135]",1.0,kolektor_gt,kolektor_permukaan
C:/Arib/MASSA AYAM/chicken detection + constrative classification/data/crops_kolektor_gt/val/normal/11626_01818.png,0,normal,val,train,11626,11626.png,"[123, 455, 135, 468]",1.0,kolektor_gt,kolektor_permukaan
C:/Arib/MASSA AYAM/chicken detection + constrative classification/data/crops_kolektor_gt/val/normal/11637_01833.png,0,normal,val,train,11637,11637.png,"[126, 224, 141, 249]",1.0,kolektor_gt,kolektor_permukaan
C:/Arib/MASSA AYAM/chicken detection + constrative classification/data/crops_kolektor_gt/val/normal/11639_01835.png,0,normal,val,train,11639,11639.png,"[7, 246, 206, 378]",1.0,kolektor_gt,kolektor_permukaan
C:/Arib/MASSA AYAM/chicken detection + constrative classification/data/crops_kolektor_gt/val/normal/11644_01845.png,0,normal,val,train,11644,11644.png,"[25, 202, 151, 305]",1.0,kolektor_gt,kolektor_permukaan
C:/Arib/MASSA AYAM/chicken detection + constrative classification/data/crops_kolektor_gt/val/normal/11647_01848.png,0,normal,val,train,11647,11647.png,"[116, 103, 218, 156]",1.0,kolektor_gt,kolektor_permukaan
C:/Arib/MASSA AYAM/chicken detection + constrative classification/data/crops_kolektor_gt/val/normal/11656_01857.png,0,normal,val,train,11656,11656.png,"[32, 435, 54, 596]",1.0,kolektor_gt,kolektor_permukaan
C:/Arib/MASSA AYAM/chicken detection + constrative classification/data/crops_kolektor_gt/val/normal/11658_01860.png,0,normal,val,train,11658,11658.png,"[169, 66, 204, 99]",1.0,kolektor_gt,kolektor_permukaan
C:/Arib/MASSA AYAM/chicken detection + constrative classification/data/crops_kolektor_gt/val/normal/11659_01861.png,0,normal,val,train,11659,11659.png,"[130, 191, 231, 382]",1.0,kolektor_gt,kolektor_permukaan
C:/Arib/MASSA AYAM/chicken detection + constrative classification/data/crops_kolektor_gt/val/normal/11663_01866.png,0,normal,val,train,11663,11663.png,"[53, 224, 154, 332]",1.0,kolektor_gt,kolektor_permukaan
C:/Arib/MASSA AYAM/chicken detection + constrative classification/data/crops_kolektor_gt/val/normal/11670_01875.png,0,normal,val,train,11670,11670.png,"[115, 478, 146, 498]",1.0,kolektor_gt,kolektor_permukaan
C:/Arib/MASSA AYAM/chicken detection + constrative classification/data/crops_kolektor_gt/val/normal/11671_01876.png,0,normal,val,train,11671,11671.png,"[127, 324, 203, 446]",1.0,kolektor_gt,kolektor_permukaan
C:/Arib/MASSA AYAM/chicken detection + constrative classification/data/crops_kolektor_gt/val/normal/11679_01884.png,0,normal,val,train,11679,11679.png,"[139, 267, 209, 301]",1.0,kolektor_gt,kolektor_permukaan
C:/Arib/MASSA AYAM/chicken detection + constrative classification/data/crops_kolektor_gt/val/normal/11682_01887.png,0,normal,val,train,11682,11682.png,"[38, 407, 139, 469]",1.0,kolektor_gt,kolektor_permukaan
C:/Arib/MASSA AYAM/chicken detection + constrative classification/data/crops_kolektor_gt/val/normal/11686_01891.png,0,normal,val,train,11686,11686.png,"[53, 449, 75, 476]",1.0,kolektor_gt,kolektor_permukaan
C:/Arib/MASSA AYAM/chicken detection + constrative classification/data/crops_kolektor_gt/val/normal/11693_01898.png,0,normal,val,train,11693,11693.png,"[100, 65, 145, 102]",1.0,kolektor_gt,kolektor_permukaan
C:/Arib/MASSA AYAM/chicken detection + constrative classification/data/crops_kolektor_gt/val/normal/11695_01901.png,0,normal,val,train,11695,11695.png,"[145, 462, 175, 540]",1.0,kolektor_gt,kolektor_permukaan
C:/Arib/MASSA AYAM/chicken detection + constrative classification/data/crops_kolektor_gt/val/normal/11699_01905.png,0,normal,val,train,11699,11699.png,"[37, 337, 171, 491]",1.0,kolektor_gt,kolektor_permukaan
C:/Arib/MASSA AYAM/chicken detection + constrative classification/data/crops_kolektor_gt/val/normal/11700_01906.png,0,normal,val,train,11700,11700.png,"[14, 377, 33, 404]",1.0,kolektor_gt,kolektor_permukaan
C:/Arib/MASSA AYAM/chicken detection + constrative classification/data/crops_kolektor_gt/val/normal/11704_01910.png,0,normal,val,train,11704,11704.png,"[79, 442, 112, 492]",1.0,kolektor_gt,kolektor_permukaan
C:/Arib/MASSA AYAM/chicken detection + constrative classification/data/crops_kolektor_gt/val/normal/11705_01911.png,0,normal,val,train,11705,11705.png,"[20, 588, 132, 631]",1.0,kolektor_gt,kolektor_permukaan
C:/Arib/MASSA AYAM/chicken detection + constrative classification/data/crops_kolektor_gt/val/normal/11706_01912.png,0,normal,val,train,11706,11706.png,"[128, 469, 142, 478]",1.0,kolektor_gt,kolektor_permukaan
C:/Arib/MASSA AYAM/chicken detection + constrative classification/data/crops_kolektor_gt/val/normal/11708_01914.png,0,normal,val,train,11708,11708.png,"[154, 252, 200, 327]",1.0,kolektor_gt,kolektor_permukaan
C:/Arib/MASSA AYAM/chicken detection + constrative classification/data/crops_kolektor_gt/val/normal/11710_01916.png,0,normal,val,train,11710,11710.png,"[0, 467, 210, 546]",1.0,kolektor_gt,kolektor_permukaan
C:/Arib/MASSA AYAM/chicken detection + constrative classification/data/crops_kolektor_gt/val/normal/11715_01923.png,0,normal,val,train,11715,11715.png,"[70, 550, 124, 615]",1.0,kolektor_gt,kolektor_permukaan
C:/Arib/MASSA AYAM/chicken detection + constrative classification/data/crops_kolektor_gt/val/normal/11716_01924.png,0,normal,val,train,11716,11716.png,"[178, 222, 208, 254]",1.0,kolektor_gt,kolektor_permukaan
C:/Arib/MASSA AYAM/chicken detection + constrative classification/data/crops_kolektor_gt/val/normal/11725_01933.png,0,normal,val,train,11725,11725.png,"[182, 448, 202, 463]",1.0,kolektor_gt,kolektor_permukaan
C:/Arib/MASSA AYAM/chicken detection + constrative classification/data/crops_kolektor_gt/val/normal/11726_01934.png,0,normal,val,train,11726,11726.png,"[107, 165, 215, 200]",1.0,kolektor_gt,kolektor_permukaan
C:/Arib/MASSA AYAM/chicken detection + constrative classification/data/crops_kolektor_gt/val/normal/11730_01938.png,0,normal,val,train,11730,11730.png,"[55, 35, 99, 69]",1.0,kolektor_gt,kolektor_permukaan
C:/Arib/MASSA AYAM/chicken detection + constrative classification/data/crops_kolektor_gt/val/normal/11737_01945.png,0,normal,val,train,11737,11737.png,"[8, 225, 141, 255]",1.0,kolektor_gt,kolektor_permukaan
C:/Arib/MASSA AYAM/chicken detection + constrative classification/data/crops_kolektor_gt/val/normal/11739_01948.png,0,normal,val,train,11739,11739.png,"[5, 425, 113, 514]",1.0,kolektor_gt,kolektor_permukaan
C:/Arib/MASSA AYAM/chicken detection + constrative classification/data/crops_kolektor_gt/val/normal/11742_01951.png,0,normal,val,train,11742,11742.png,"[3, 237, 207, 364]",1.0,kolektor_gt,kolektor_permukaan
C:/Arib/MASSA AYAM/chicken detection + constrative classification/data/crops_kolektor_gt/val/normal/11749_01961.png,0,normal,val,train,11749,11749.png,"[34, 170, 135, 361]",1.0,kolektor_gt,kolektor_permukaan
C:/Arib/MASSA AYAM/chicken detection + constrative classification/data/crops_kolektor_gt/val/normal/11752_01965.png,0,normal,val,train,11752,11752.png,"[97, 261, 186, 409]",1.0,kolektor_gt,kolektor_permukaan
C:/Arib/MASSA AYAM/chicken detection + constrative classification/data/crops_kolektor_gt/val/normal/11755_01969.png,0,normal,val,train,11755,11755.png,"[15, 140, 75, 222]",1.0,kolektor_gt,kolektor_permukaan
C:/Arib/MASSA AYAM/chicken detection + constrative classification/data/crops_kolektor_gt/val/normal/11764_01978.png,0,normal,val,train,11764,11764.png,"[113, 6, 176, 133]",1.0,kolektor_gt,kolektor_permukaan
C:/Arib/MASSA AYAM/chicken detection + constrative classification/data/crops_kolektor_gt/val/normal/11766_01980.png,0,normal,val,train,11766,11766.png,"[52, 128, 94, 167]",1.0,kolektor_gt,kolektor_permukaan
C:/Arib/MASSA AYAM/chicken detection + constrative classification/data/crops_kolektor_gt/val/normal/11767_01981.png,0,normal,val,train,11767,11767.png,"[60, 519, 105, 556]",1.0,kolektor_gt,kolektor_permukaan
C:/Arib/MASSA AYAM/chicken detection + constrative classification/data/crops_kolektor_gt/val/normal/11768_01982.png,0,normal,val,train,11768,11768.png,"[79, 168, 157, 208]",1.0,kolektor_gt,kolektor_permukaan
C:/Arib/MASSA AYAM/chicken detection + constrative classification/data/crops_kolektor_gt/val/normal/11771_01986.png,0,normal,val,train,11771,11771.png,"[69, 492, 83, 501]",1.0,kolektor_gt,kolektor_permukaan
C:/Arib/MASSA AYAM/chicken detection + constrative classification/data/crops_kolektor_gt/val/normal/11776_01992.png,0,normal,val,train,11776,11776.png,"[39, 566, 136, 631]",1.0,kolektor_gt,kolektor_permukaan
C:/Arib/MASSA AYAM/chicken detection + constrative classification/data/crops_kolektor_gt/val/normal/11778_01994.png,0,normal,val,train,11778,11778.png,"[96, 575, 111, 603]",1.0,kolektor_gt,kolektor_permukaan
C:/Arib/MASSA AYAM/chicken detection + constrative classification/data/crops_kolektor_gt/val/normal/11779_01995.png,0,normal,val,train,11779,11779.png,"[85, 139, 136, 174]",1.0,kolektor_gt,kolektor_permukaan
C:/Arib/MASSA AYAM/chicken detection + constrative classification/data/crops_kolektor_gt/val/normal/11781_01997.png,0,normal,val,train,11781,11781.png,"[93, 383, 199, 426]",1.0,kolektor_gt,kolektor_permukaan
C:/Arib/MASSA AYAM/chicken detection + constrative classification/data/crops_kolektor_gt/val/normal/11782_01998.png,0,normal,val,train,11782,11782.png,"[101, 496, 178, 622]",1.0,kolektor_gt,kolektor_permukaan
C:/Arib/MASSA AYAM/chicken detection + constrative classification/data/crops_kolektor_gt/val/normal/11783_01999.png,0,normal,val,train,11783,11783.png,"[125, 157, 161, 357]",1.0,kolektor_gt,kolektor_permukaan
C:/Arib/MASSA AYAM/chicken detection + constrative classification/data/crops_kolektor_gt/val/normal/11787_02003.png,0,normal,val,train,11787,11787.png,"[130, 500, 164, 545]",1.0,kolektor_gt,kolektor_permukaan
C:/Arib/MASSA AYAM/chicken detection + constrative classification/data/crops_kolektor_gt/val/normal/11795_02011.png,0,normal,val,train,11795,11795.png,"[132, 193, 174, 267]",1.0,kolektor_gt,kolektor_permukaan
C:/Arib/MASSA AYAM/chicken detection + constrative classification/data/crops_kolektor_gt/val/normal/11797_02013.png,0,normal,val,train,11797,11797.png,"[128, 545, 166, 623]",1.0,kolektor_gt,kolektor_permukaan
C:/Arib/MASSA AYAM/chicken detection + constrative classification/data/crops_kolektor_gt/val/normal/11800_02017.png,0,normal,val,train,11800,11800.png,"[68, 214, 96, 237]",1.0,kolektor_gt,kolektor_permukaan
C:/Arib/MASSA AYAM/chicken detection + constrative classification/data/crops_kolektor_gt/val/normal/11803_02020.png,0,normal,val,train,11803,11803.png,"[134, 426, 156, 453]",1.0,kolektor_gt,kolektor_permukaan
C:/Arib/MASSA AYAM/chicken detection + constrative classification/data/crops_kolektor_gt/val/normal/11806_02024.png,0,normal,val,train,11806,11806.png,"[128, 485, 191, 612]",1.0,kolektor_gt,kolektor_permukaan
C:/Arib/MASSA AYAM/chicken detection + constrative classification/data/crops_kolektor_gt/val/normal/11807_02025.png,0,normal,val,train,11807,11807.png,"[47, 205, 116, 242]",1.0,kolektor_gt,kolektor_permukaan
C:/Arib/MASSA AYAM/chicken detection + constrative classification/data/crops_kolektor_gt/val/normal/11814_02034.png,0,normal,val,train,11814,11814.png,"[2, 62, 44, 170]",1.0,kolektor_gt,kolektor_permukaan
C:/Arib/MASSA AYAM/chicken detection + constrative classification/data/crops_kolektor_gt/val/normal/11819_02039.png,0,normal,val,train,11819,11819.png,"[40, 245, 205, 340]",1.0,kolektor_gt,kolektor_permukaan
C:/Arib/MASSA AYAM/chicken detection + constrative classification/data/crops_kolektor_gt/val/normal/11821_02041.png,0,normal,val,train,11821,11821.png,"[25, 3, 50, 33]",1.0,kolektor_gt,kolektor_permukaan
C:/Arib/MASSA AYAM/chicken detection + constrative classification/data/crops_kolektor_gt/val/normal/11824_02044.png,0,normal,val,train,11824,11824.png,"[94, 462, 116, 495]",1.0,kolektor_gt,kolektor_permukaan
C:/Arib/MASSA AYAM/chicken detection + constrative classification/data/crops_kolektor_gt/val/normal/11825_02045.png,0,normal,val,train,11825,11825.png,"[65, 423, 177, 466]",1.0,kolektor_gt,kolektor_permukaan
C:/Arib/MASSA AYAM/chicken detection + constrative classification/data/crops_kolektor_gt/val/normal/11826_02046.png,0,normal,val,train,11826,11826.png,"[82, 17, 164, 53]",1.0,kolektor_gt,kolektor_permukaan
C:/Arib/MASSA AYAM/chicken detection + constrative classification/data/crops_kolektor_gt/val/normal/11828_02048.png,0,normal,val,train,11828,11828.png,"[51, 83, 158, 125]",1.0,kolektor_gt,kolektor_permukaan
C:/Arib/MASSA AYAM/chicken detection + constrative classification/data/crops_kolektor_gt/val/normal/11829_02049.png,0,normal,val,train,11829,11829.png,"[84, 102, 196, 145]",1.0,kolektor_gt,kolektor_permukaan
C:/Arib/MASSA AYAM/chicken detection + constrative classification/data/crops_kolektor_gt/val/normal/11830_02050.png,0,normal,val,train,11830,11830.png,"[49, 146, 138, 263]",1.0,kolektor_gt,kolektor_permukaan
C:/Arib/MASSA AYAM/chicken detection + constrative classification/data/crops_kolektor_gt/val/normal/11833_02054.png,0,normal,val,train,11833,11833.png,"[138, 123, 205, 243]",1.0,kolektor_gt,kolektor_permukaan
C:/Arib/MASSA AYAM/chicken detection + constrative classification/data/crops_kolektor_gt/val/normal/11834_02055.png,0,normal,val,train,11834,11834.png,"[192, 91, 215, 123]",1.0,kolektor_gt,kolektor_permukaan
C:/Arib/MASSA AYAM/chicken detection + constrative classification/data/crops_kolektor_gt/val/normal/11835_02056.png,0,normal,val,train,11835,11835.png,"[20, 334, 156, 425]",1.0,kolektor_gt,kolektor_permukaan
C:/Arib/MASSA AYAM/chicken detection + constrative classification/data/crops_kolektor_gt/val/normal/11836_02058.png,0,normal,val,train,11836,11836.png,"[71, 112, 107, 312]",1.0,kolektor_gt,kolektor_permukaan
C:/Arib/MASSA AYAM/chicken detection + constrative classification/data/crops_kolektor_gt/val/normal/11838_02060.png,0,normal,val,train,11838,11838.png,"[23, 340, 70, 396]",1.0,kolektor_gt,kolektor_permukaan
C:/Arib/MASSA AYAM/chicken detection + constrative classification/data/crops_kolektor_gt/val/normal/11845_02067.png,0,normal,val,train,11845,11845.png,"[15, 604, 45, 624]",1.0,kolektor_gt,kolektor_permukaan
C:/Arib/MASSA AYAM/chicken detection + constrative classification/data/crops_kolektor_gt/val/normal/11846_02068.png,0,normal,val,train,11846,11846.png,"[108, 163, 209, 354]",1.0,kolektor_gt,kolektor_permukaan
C:/Arib/MASSA AYAM/chicken detection + constrative classification/data/crops_kolektor_gt/val/normal/11847_02069.png,0,normal,val,train,11847,11847.png,"[133, 227, 157, 275]",1.0,kolektor_gt,kolektor_permukaan
C:/Arib/MASSA AYAM/chicken detection + constrative classification/data/crops_kolektor_gt/val/normal/11860_02084.png,0,normal,val,train,11860,11860.png,"[193, 400, 227, 445]",1.0,kolektor_gt,kolektor_permukaan
C:/Arib/MASSA AYAM/chicken detection + constrative classification/data/crops_kolektor_gt/val/normal/11867_02092.png,0,normal,val,train,11867,11867.png,"[185, 589, 202, 599]",1.0,kolektor_gt,kolektor_permukaan
C:/Arib/MASSA AYAM/chicken detection + constrative classification/data/crops_kolektor_gt/val/normal/11868_02093.png,0,normal,val,train,11868,11868.png,"[96, 437, 148, 466]",1.0,kolektor_gt,kolektor_permukaan
C:/Arib/MASSA AYAM/chicken detection + constrative classification/data/crops_kolektor_gt/val/normal/11869_02094.png,0,normal,val,train,11869,11869.png,"[14, 98, 78, 117]",1.0,kolektor_gt,kolektor_permukaan
C:/Arib/MASSA AYAM/chicken detection + constrative classification/data/crops_kolektor_gt/val/normal/11870_02096.png,0,normal,val,train,11870,11870.png,"[121, 183, 158, 207]",1.0,kolektor_gt,kolektor_permukaan
C:/Arib/MASSA AYAM/chicken detection + constrative classification/data/crops_kolektor_gt/val/normal/11878_02105.png,0,normal,val,train,11878,11878.png,"[35, 355, 175, 549]",1.0,kolektor_gt,kolektor_permukaan
C:/Arib/MASSA AYAM/chicken detection + constrative classification/data/crops_kolektor_gt/val/normal/11887_02115.png,0,normal,val,train,11887,11887.png,"[167, 165, 200, 215]",1.0,kolektor_gt,kolektor_permukaan
C:/Arib/MASSA AYAM/chicken detection + constrative classification/data/crops_kolektor_gt/val/normal/11888_02116.png,0,normal,val,train,11888,11888.png,"[8, 86, 97, 158]",1.0,kolektor_gt,kolektor_permukaan
C:/Arib/MASSA AYAM/chicken detection + constrative classification/data/crops_kolektor_gt/val/normal/11889_02117.png,0,normal,val,train,11889,11889.png,"[76, 372, 138, 438]",1.0,kolektor_gt,kolektor_permukaan
C:/Arib/MASSA AYAM/chicken detection + constrative classification/data/crops_kolektor_gt/val/normal/11890_02118.png,0,normal,val,train,11890,11890.png,"[108, 0, 131, 32]",1.0,kolektor_gt,kolektor_permukaan
C:/Arib/MASSA AYAM/chicken detection + constrative classification/data/crops_kolektor_gt/val/normal/11891_02119.png,0,normal,val,train,11891,11891.png,"[132, 300, 212, 375]",1.0,kolektor_gt,kolektor_permukaan
C:/Arib/MASSA AYAM/chicken detection + constrative classification/data/crops_kolektor_gt/val/normal/11892_02120.png,0,normal,val,train,11892,11892.png,"[35, 502, 62, 607]",1.0,kolektor_gt,kolektor_permukaan
C:/Arib/MASSA AYAM/chicken detection + constrative classification/data/crops_kolektor_gt/val/normal/11898_02126.png,0,normal,val,train,11898,11898.png,"[9, 261, 170, 342]",1.0,kolektor_gt,kolektor_permukaan
C:/Arib/MASSA AYAM/chicken detection + constrative classification/data/crops_kolektor_gt/val/normal/11900_02129.png,0,normal,val,train,11900,11900.png,"[120, 260, 208, 362]",1.0,kolektor_gt,kolektor_permukaan
C:/Arib/MASSA AYAM/chicken detection + constrative classification/data/crops_kolektor_gt/val/normal/11911_02143.png,0,normal,val,train,11911,11911.png,"[141, 277, 170, 347]",1.0,kolektor_gt,kolektor_permukaan
C:/Arib/MASSA AYAM/chicken detection + constrative classification/data/crops_kolektor_gt/val/normal/11914_02147.png,0,normal,val,train,11914,11914.png,"[122, 130, 150, 230]",1.0,kolektor_gt,kolektor_permukaan
C:/Arib/MASSA AYAM/chicken detection + constrative classification/data/crops_kolektor_gt/val/normal/11916_02149.png,0,normal,val,train,11916,11916.png,"[13, 379, 102, 405]",1.0,kolektor_gt,kolektor_permukaan
C:/Arib/MASSA AYAM/chicken detection + constrative classification/data/crops_kolektor_gt/val/normal/11927_02167.png,0,normal,val,train,11927,11927.png,"[87, 346, 226, 490]",1.0,kolektor_gt,kolektor_permukaan
C:/Arib/MASSA AYAM/chicken detection + constrative classification/data/crops_kolektor_gt/val/normal/11934_02174.png,0,normal,val,train,11934,11934.png,"[63, 388, 224, 469]",1.0,kolektor_gt,kolektor_permukaan
C:/Arib/MASSA AYAM/chicken detection + constrative classification/data/crops_kolektor_gt/val/normal/11945_02185.png,0,normal,val,train,11945,11945.png,"[105, 126, 162, 225]",1.0,kolektor_gt,kolektor_permukaan
C:/Arib/MASSA AYAM/chicken detection + constrative classification/data/crops_kolektor_gt/val/normal/11948_02188.png,0,normal,val,train,11948,11948.png,"[137, 415, 200, 542]",1.0,kolektor_gt,kolektor_permukaan
C:/Arib/MASSA AYAM/chicken detection + constrative classification/data/crops_kolektor_gt/val/normal/11951_02191.png,0,normal,val,train,11951,11951.png,"[28, 194, 49, 283]",1.0,kolektor_gt,kolektor_permukaan
C:/Arib/MASSA AYAM/chicken detection + constrative classification/data/crops_kolektor_gt/val/normal/11956_02198.png,0,normal,val,train,11956,11956.png,"[102, 513, 156, 588]",1.0,kolektor_gt,kolektor_permukaan
C:/Arib/MASSA AYAM/chicken detection + constrative classification/data/crops_kolektor_gt/val/normal/11956_02199.png,0,normal,val,train,11956,11956.png,"[33, 112, 102, 173]",1.0,kolektor_gt,kolektor_permukaan
C:/Arib/MASSA AYAM/chicken detection + constrative classification/data/crops_kolektor_gt/val/normal/11957_02201.png,0,normal,val,train,11957,11957.png,"[39, 352, 63, 400]",1.0,kolektor_gt,kolektor_permukaan
C:/Arib/MASSA AYAM/chicken detection + constrative classification/data/crops_kolektor_gt/val/normal/11958_02202.png,0,normal,val,train,11958,11958.png,"[13, 350, 64, 382]",1.0,kolektor_gt,kolektor_permukaan
C:/Arib/MASSA AYAM/chicken detection + constrative classification/data/crops_kolektor_gt/val/normal/11959_02203.png,0,normal,val,train,11959,11959.png,"[111, 491, 164, 540]",1.0,kolektor_gt,kolektor_permukaan
C:/Arib/MASSA AYAM/chicken detection + constrative classification/data/crops_kolektor_gt/val/normal/11960_02204.png,0,normal,val,train,11960,11960.png,"[10, 439, 117, 481]",1.0,kolektor_gt,kolektor_permukaan
C:/Arib/MASSA AYAM/chicken detection + constrative classification/data/crops_kolektor_gt/val/normal/11963_02208.png,0,normal,val,train,11963,11963.png,"[170, 439, 214, 535]",1.0,kolektor_gt,kolektor_permukaan
C:/Arib/MASSA AYAM/chicken detection + constrative classification/data/crops_kolektor_gt/val/normal/11967_02212.png,0,normal,val,train,11967,11967.png,"[70, 196, 114, 259]",1.0,kolektor_gt,kolektor_permukaan
C:/Arib/MASSA AYAM/chicken detection + constrative classification/data/crops_kolektor_gt/val/normal/11973_02219.png,0,normal,val,train,11973,11973.png,"[89, 364, 111, 525]",1.0,kolektor_gt,kolektor_permukaan
C:/Arib/MASSA AYAM/chicken detection + constrative classification/data/crops_kolektor_gt/val/normal/11980_02227.png,0,normal,val,train,11980,11980.png,"[190, 603, 207, 613]",1.0,kolektor_gt,kolektor_permukaan
C:/Arib/MASSA AYAM/chicken detection + constrative classification/data/crops_kolektor_gt/val/normal/11981_02228.png,0,normal,val,train,11981,11981.png,"[60, 282, 90, 311]",1.0,kolektor_gt,kolektor_permukaan
C:/Arib/MASSA AYAM/chicken detection + constrative classification/data/crops_kolektor_gt/val/normal/11987_02235.png,0,normal,val,train,11987,11987.png,"[53, 563, 186, 593]",1.0,kolektor_gt,kolektor_permukaan
C:/Arib/MASSA AYAM/chicken detection + constrative classification/data/crops_kolektor_gt/val/normal/11996_02244.png,0,normal,val,train,11996,11996.png,"[52, 188, 104, 261]",1.0,kolektor_gt,kolektor_permukaan
C:/Arib/MASSA AYAM/chicken detection + constrative classification/data/crops_kolektor_gt/val/normal/11997_02245.png,0,normal,val,train,11997,11997.png,"[151, 9, 192, 128]",1.0,kolektor_gt,kolektor_permukaan
C:/Arib/MASSA AYAM/chicken detection + constrative classification/data/crops_kolektor_gt/val/normal/12000_02248.png,0,normal,val,train,12000,12000.png,"[141, 121, 159, 132]",1.0,kolektor_gt,kolektor_permukaan
C:/Arib/MASSA AYAM/chicken detection + constrative classification/data/crops_kolektor_gt/val/normal/12003_02251.png,0,normal,val,train,12003,12003.png,"[82, 127, 200, 366]",1.0,kolektor_gt,kolektor_permukaan
C:/Arib/MASSA AYAM/chicken detection + constrative classification/data/crops_kolektor_gt/val/normal/12004_02252.png,0,normal,val,train,12004,12004.png,"[0, 0, 216, 147]",1.0,kolektor_gt,kolektor_permukaan
C:/Arib/MASSA AYAM/chicken detection + constrative classification/data/crops_kolektor_gt/val/normal/12005_02253.png,0,normal,val,train,12005,12005.png,"[83, 85, 159, 207]",1.0,kolektor_gt,kolektor_permukaan
C:/Arib/MASSA AYAM/chicken detection + constrative classification/data/crops_kolektor_gt/val/normal/12007_02255.png,0,normal,val,train,12007,12007.png,"[83, 58, 172, 175]",1.0,kolektor_gt,kolektor_permukaan
C:/Arib/MASSA AYAM/chicken detection + constrative classification/data/crops_kolektor_gt/val/normal/12010_02259.png,0,normal,val,train,12010,12010.png,"[184, 391, 221, 507]",1.0,kolektor_gt,kolektor_permukaan
C:/Arib/MASSA AYAM/chicken detection + constrative classification/data/crops_kolektor_gt/val/normal/12012_02261.png,0,normal,val,train,12012,12012.png,"[83, 275, 112, 308]",1.0,kolektor_gt,kolektor_permukaan
C:/Arib/MASSA AYAM/chicken detection + constrative classification/data/crops_kolektor_gt/val/normal/12015_02264.png,0,normal,val,train,12015,12015.png,"[126, 185, 155, 241]",1.0,kolektor_gt,kolektor_permukaan
C:/Arib/MASSA AYAM/chicken detection + constrative classification/data/crops_kolektor_gt/val/normal/12017_02266.png,0,normal,val,train,12017,12017.png,"[165, 288, 220, 315]",1.0,kolektor_gt,kolektor_permukaan
C:/Arib/MASSA AYAM/chicken detection + constrative classification/data/crops_kolektor_gt/val/normal/12018_02267.png,0,normal,val,train,12018,12018.png,"[45, 403, 75, 435]",1.0,kolektor_gt,kolektor_permukaan
C:/Arib/MASSA AYAM/chicken detection + constrative classification/data/crops_kolektor_gt/val/normal/12019_02268.png,0,normal,val,train,12019,12019.png,"[17, 146, 117, 279]",1.0,kolektor_gt,kolektor_permukaan
C:/Arib/MASSA AYAM/chicken detection + constrative classification/data/crops_kolektor_gt/val/normal/12022_02271.png,0,normal,val,train,12022,12022.png,"[28, 423, 90, 573]",1.0,kolektor_gt,kolektor_permukaan
C:/Arib/MASSA AYAM/chicken detection + constrative classification/data/crops_kolektor_gt/val/normal/12033_02284.png,0,normal,val,train,12033,12033.png,"[29, 218, 153, 376]",1.0,kolektor_gt,kolektor_permukaan
C:/Arib/MASSA AYAM/chicken detection + constrative classification/data/crops_kolektor_gt/val/normal/12034_02285.png,0,normal,val,train,12034,12034.png,"[73, 231, 172, 294]",1.0,kolektor_gt,kolektor_permukaan
C:/Arib/MASSA AYAM/chicken detection + constrative classification/data/crops_kolektor_gt/val/normal/12035_02286.png,0,normal,val,train,12035,12035.png,"[175, 366, 211, 566]",1.0,kolektor_gt,kolektor_permukaan
C:/Arib/MASSA AYAM/chicken detection + constrative classification/data/crops_kolektor_gt/val/normal/12045_02297.png,0,normal,val,train,12045,12045.png,"[81, 151, 133, 180]",1.0,kolektor_gt,kolektor_permukaan
C:/Arib/MASSA AYAM/chicken detection + constrative classification/data/crops_kolektor_gt/val/normal/12053_02306.png,0,normal,val,train,12053,12053.png,"[134, 591, 146, 604]",1.0,kolektor_gt,kolektor_permukaan
C:/Arib/MASSA AYAM/chicken detection + constrative classification/data/crops_kolektor_gt/val/normal/12054_02307.png,0,normal,val,train,12054,12054.png,"[179, 89, 208, 122]",1.0,kolektor_gt,kolektor_permukaan
C:/Arib/MASSA AYAM/chicken detection + constrative classification/data/crops_kolektor_gt/val/normal/12057_02311.png,0,normal,val,train,12057,12057.png,"[15, 357, 93, 382]",1.0,kolektor_gt,kolektor_permukaan
C:/Arib/MASSA AYAM/chicken detection + constrative classification/data/crops_kolektor_gt/val/normal/12058_02312.png,0,normal,val,train,12058,12058.png,"[37, 235, 140, 429]",1.0,kolektor_gt,kolektor_permukaan
C:/Arib/MASSA AYAM/chicken detection + constrative classification/data/crops_kolektor_gt/val/normal/12060_02314.png,0,normal,val,train,12060,12060.png,"[2, 60, 224, 302]",1.0,kolektor_gt,kolektor_permukaan
C:/Arib/MASSA AYAM/chicken detection + constrative classification/data/crops_kolektor_gt/val/normal/12065_02319.png,0,normal,val,train,12065,12065.png,"[145, 426, 169, 499]",1.0,kolektor_gt,kolektor_permukaan
C:/Arib/MASSA AYAM/chicken detection + constrative classification/data/crops_kolektor_gt/val/normal/12071_02327.png,0,normal,val,train,12071,12071.png,"[101, 433, 169, 499]",1.0,kolektor_gt,kolektor_permukaan
C:/Arib/MASSA AYAM/chicken detection + constrative classification/data/crops_kolektor_gt/val/normal/12078_02334.png,0,normal,val,train,12078,12078.png,"[97, 168, 130, 257]",1.0,kolektor_gt,kolektor_permukaan
C:/Arib/MASSA AYAM/chicken detection + constrative classification/data/crops_kolektor_gt/val/normal/12088_02346.png,0,normal,val,train,12088,12088.png,"[91, 289, 144, 338]",1.0,kolektor_gt,kolektor_permukaan
C:/Arib/MASSA AYAM/chicken detection + constrative classification/data/crops_kolektor_gt/val/normal/12090_02348.png,0,normal,val,train,12090,12090.png,"[33, 99, 70, 123]",1.0,kolektor_gt,kolektor_permukaan
C:/Arib/MASSA AYAM/chicken detection + constrative classification/data/crops_kolektor_gt/val/normal/12091_02349.png,0,normal,val,train,12091,12091.png,"[25, 514, 47, 591]",1.0,kolektor_gt,kolektor_permukaan
C:/Arib/MASSA AYAM/chicken detection + constrative classification/data/crops_kolektor_gt/val/normal/12092_02350.png,0,normal,val,train,12092,12092.png,"[3, 391, 115, 431]",1.0,kolektor_gt,kolektor_permukaan
C:/Arib/MASSA AYAM/chicken detection + constrative classification/data/crops_kolektor_gt/val/normal/12096_02354.png,0,normal,val,train,12096,12096.png,"[183, 164, 225, 203]",1.0,kolektor_gt,kolektor_permukaan
C:/Arib/MASSA AYAM/chicken detection + constrative classification/data/crops_kolektor_gt/val/normal/12099_02357.png,0,normal,val,train,12099,12099.png,"[79, 438, 193, 583]",1.0,kolektor_gt,kolektor_permukaan
C:/Arib/MASSA AYAM/chicken detection + constrative classification/data/crops_kolektor_gt/val/normal/12107_02366.png,0,normal,val,train,12107,12107.png,"[66, 484, 146, 502]",1.0,kolektor_gt,kolektor_permukaan
C:/Arib/MASSA AYAM/chicken detection + constrative classification/data/crops_kolektor_gt/val/normal/12110_02370.png,0,normal,val,train,12110,12110.png,"[102, 418, 142, 460]",1.0,kolektor_gt,kolektor_permukaan
C:/Arib/MASSA AYAM/chicken detection + constrative classification/data/crops_kolektor_gt/val/normal/12111_02371.png,0,normal,val,train,12111,12111.png,"[112, 375, 176, 409]",1.0,kolektor_gt,kolektor_permukaan
C:/Arib/MASSA AYAM/chicken detection + constrative classification/data/crops_kolektor_gt/val/normal/12112_02372.png,0,normal,val,train,12112,12112.png,"[95, 85, 198, 125]",1.0,kolektor_gt,kolektor_permukaan
C:/Arib/MASSA AYAM/chicken detection + constrative classification/data/crops_kolektor_gt/val/normal/12113_02373.png,0,normal,val,train,12113,12113.png,"[115, 269, 177, 335]",1.0,kolektor_gt,kolektor_permukaan
C:/Arib/MASSA AYAM/chicken detection + constrative classification/data/crops_kolektor_gt/val/normal/12114_02374.png,0,normal,val,train,12114,12114.png,"[158, 58, 173, 83]",1.0,kolektor_gt,kolektor_permukaan
C:/Arib/MASSA AYAM/chicken detection + constrative classification/data/crops_kolektor_gt/val/normal/12118_02378.png,0,normal,val,train,12118,12118.png,"[42, 47, 225, 338]",1.0,kolektor_gt,kolektor_permukaan
C:/Arib/MASSA AYAM/chicken detection + constrative classification/data/crops_kolektor_gt/val/normal/12122_02382.png,0,normal,val,train,12122,12122.png,"[62, 217, 227, 312]",1.0,kolektor_gt,kolektor_permukaan
C:/Arib/MASSA AYAM/chicken detection + constrative classification/data/crops_kolektor_gt/val/normal/12125_02385.png,0,normal,val,train,12125,12125.png,"[72, 16, 183, 125]",1.0,kolektor_gt,kolektor_permukaan
C:/Arib/MASSA AYAM/chicken detection + constrative classification/data/crops_kolektor_gt/val/normal/12133_02394.png,0,normal,val,train,12133,12133.png,"[23, 458, 117, 618]",1.0,kolektor_gt,kolektor_permukaan
C:/Arib/MASSA AYAM/chicken detection + constrative classification/data/crops_kolektor_gt/val/normal/12142_02404.png,0,normal,val,train,12142,12142.png,"[162, 460, 186, 508]",1.0,kolektor_gt,kolektor_permukaan
C:/Arib/MASSA AYAM/chicken detection + constrative classification/data/crops_kolektor_gt/val/normal/12146_02409.png,0,normal,val,train,12146,12146.png,"[89, 214, 181, 252]",1.0,kolektor_gt,kolektor_permukaan
C:/Arib/MASSA AYAM/chicken detection + constrative classification/data/crops_kolektor_gt/val/normal/12153_02416.png,0,normal,val,train,12153,12153.png,"[162, 290, 197, 363]",1.0,kolektor_gt,kolektor_permukaan
C:/Arib/MASSA AYAM/chicken detection + constrative classification/data/crops_kolektor_gt/val/normal/12163_02427.png,0,normal,val,train,12163,12163.png,"[26, 16, 214, 223]",1.0,kolektor_gt,kolektor_permukaan
C:/Arib/MASSA AYAM/chicken detection + constrative classification/data/crops_kolektor_gt/val/normal/12164_02428.png,0,normal,val,train,12164,12164.png,"[95, 531, 152, 630]",1.0,kolektor_gt,kolektor_permukaan
C:/Arib/MASSA AYAM/chicken detection + constrative classification/data/crops_kolektor_gt/val/normal/12165_02429.png,0,normal,val,train,12165,12165.png,"[85, 174, 104, 197]",1.0,kolektor_gt,kolektor_permukaan
C:/Arib/MASSA AYAM/chicken detection + constrative classification/data/crops_kolektor_gt/val/normal/12166_02430.png,0,normal,val,train,12166,12166.png,"[61, 569, 126, 605]",1.0,kolektor_gt,kolektor_permukaan
C:/Arib/MASSA AYAM/chicken detection + constrative classification/data/crops_kolektor_gt/val/normal/12169_02433.png,0,normal,val,train,12169,12169.png,"[103, 325, 117, 393]",1.0,kolektor_gt,kolektor_permukaan
C:/Arib/MASSA AYAM/chicken detection + constrative classification/data/crops_kolektor_gt/val/normal/12170_02434.png,0,normal,val,train,12170,12170.png,"[59, 101, 94, 174]",1.0,kolektor_gt,kolektor_permukaan
C:/Arib/MASSA AYAM/chicken detection + constrative classification/data/crops_kolektor_gt/val/normal/12175_02439.png,0,normal,val,train,12175,12175.png,"[7, 80, 64, 179]",1.0,kolektor_gt,kolektor_permukaan
C:/Arib/MASSA AYAM/chicken detection + constrative classification/data/crops_kolektor_gt/val/normal/12176_02440.png,0,normal,val,train,12176,12176.png,"[95, 375, 219, 533]",1.0,kolektor_gt,kolektor_permukaan
C:/Arib/MASSA AYAM/chicken detection + constrative classification/data/crops_kolektor_gt/val/normal/12183_02450.png,0,normal,val,train,12183,12183.png,"[26, 429, 168, 554]",1.0,kolektor_gt,kolektor_permukaan
C:/Arib/MASSA AYAM/chicken detection + constrative classification/data/crops_kolektor_gt/val/normal/12184_02451.png,0,normal,val,train,12184,12184.png,"[81, 461, 184, 501]",1.0,kolektor_gt,kolektor_permukaan
C:/Arib/MASSA AYAM/chicken detection + constrative classification/data/crops_kolektor_gt/val/normal/12188_02455.png,0,normal,val,train,12188,12188.png,"[65, 124, 150, 162]",1.0,kolektor_gt,kolektor_permukaan
C:/Arib/MASSA AYAM/chicken detection + constrative classification/data/crops_kolektor_gt/val/normal/12189_02456.png,0,normal,val,train,12189,12189.png,"[68, 23, 194, 126]",1.0,kolektor_gt,kolektor_permukaan
C:/Arib/MASSA AYAM/chicken detection + constrative classification/data/crops_kolektor_gt/val/normal/12190_02457.png,0,normal,val,train,12190,12190.png,"[55, 373, 112, 472]",1.0,kolektor_gt,kolektor_permukaan
C:/Arib/MASSA AYAM/chicken detection + constrative classification/data/crops_kolektor_gt/val/normal/12195_02463.png,0,normal,val,train,12195,12195.png,"[49, 256, 95, 331]",1.0,kolektor_gt,kolektor_permukaan
C:/Arib/MASSA AYAM/chicken detection + constrative classification/data/crops_kolektor_gt/val/normal/12198_02466.png,0,normal,val,train,12198,12198.png,"[110, 452, 175, 587]",1.0,kolektor_gt,kolektor_permukaan
C:/Arib/MASSA AYAM/chicken detection + constrative classification/data/crops_kolektor_gt/val/normal/12200_02468.png,0,normal,val,train,12200,12200.png,"[6, 361, 210, 488]",1.0,kolektor_gt,kolektor_permukaan
C:/Arib/MASSA AYAM/chicken detection + constrative classification/data/crops_kolektor_gt/val/normal/12202_02471.png,0,normal,val,train,12202,12202.png,"[130, 259, 171, 320]",1.0,kolektor_gt,kolektor_permukaan
C:/Arib/MASSA AYAM/chicken detection + constrative classification/data/crops_kolektor_gt/val/normal/12204_02473.png,0,normal,val,train,12204,12204.png,"[23, 330, 150, 420]",1.0,kolektor_gt,kolektor_permukaan
C:/Arib/MASSA AYAM/chicken detection + constrative classification/data/crops_kolektor_gt/val/normal/12206_02475.png,0,normal,val,train,12206,12206.png,"[95, 148, 125, 177]",1.0,kolektor_gt,kolektor_permukaan
C:/Arib/MASSA AYAM/chicken detection + constrative classification/data/crops_kolektor_gt/val/normal/12209_02478.png,0,normal,val,train,12209,12209.png,"[59, 575, 103, 601]",1.0,kolektor_gt,kolektor_permukaan
C:/Arib/MASSA AYAM/chicken detection + constrative classification/data/crops_kolektor_gt/val/normal/12217_02490.png,0,normal,val,train,12217,12217.png,"[18, 67, 201, 358]",1.0,kolektor_gt,kolektor_permukaan
C:/Arib/MASSA AYAM/chicken detection + constrative classification/data/crops_kolektor_gt/val/normal/12218_02491.png,0,normal,val,train,12218,12218.png,"[9, 546, 37, 646]",1.0,kolektor_gt,kolektor_permukaan
C:/Arib/MASSA AYAM/chicken detection + constrative classification/data/crops_kolektor_gt/val/normal/12221_02494.png,0,normal,val,train,12221,12221.png,"[51, 20, 177, 443]",1.0,kolektor_gt,kolektor_permukaan
C:/Arib/MASSA AYAM/chicken detection + constrative classification/data/crops_kolektor_gt/val/normal/12224_02497.png,0,normal,val,train,12224,12224.png,"[3, 229, 109, 326]",1.0,kolektor_gt,kolektor_permukaan
C:/Arib/MASSA AYAM/chicken detection + constrative classification/data/crops_kolektor_gt/val/normal/12234_02508.png,0,normal,val,train,12234,12234.png,"[169, 250, 215, 381]",1.0,kolektor_gt,kolektor_permukaan
C:/Arib/MASSA AYAM/chicken detection + constrative classification/data/crops_kolektor_gt/val/normal/12238_02515.png,0,normal,val,train,12238,12238.png,"[171, 221, 195, 294]",1.0,kolektor_gt,kolektor_permukaan
C:/Arib/MASSA AYAM/chicken detection + constrative classification/data/crops_kolektor_gt/val/normal/12248_02527.png,0,normal,val,train,12248,12248.png,"[61, 16, 139, 41]",1.0,kolektor_gt,kolektor_permukaan
C:/Arib/MASSA AYAM/chicken detection + constrative classification/data/crops_kolektor_gt/val/normal/12250_02529.png,0,normal,val,train,12250,12250.png,"[90, 271, 111, 311]",1.0,kolektor_gt,kolektor_permukaan
C:/Arib/MASSA AYAM/chicken detection + constrative classification/data/crops_kolektor_gt/val/normal/12252_02531.png,0,normal,val,train,12252,12252.png,"[128, 441, 182, 499]",1.0,kolektor_gt,kolektor_permukaan
C:/Arib/MASSA AYAM/chicken detection + constrative classification/data/crops_kolektor_gt/val/normal/12264_02544.png,0,normal,val,train,12264,12264.png,"[187, 3, 218, 26]",1.0,kolektor_gt,kolektor_permukaan
C:/Arib/MASSA AYAM/chicken detection + constrative classification/data/crops_kolektor_gt/val/normal/12265_02545.png,0,normal,val,train,12265,12265.png,"[179, 488, 201, 565]",1.0,kolektor_gt,kolektor_permukaan
C:/Arib/MASSA AYAM/chicken detection + constrative classification/data/crops_kolektor_gt/val/normal/12268_02548.png,0,normal,val,train,12268,12268.png,"[3, 485, 45, 524]",1.0,kolektor_gt,kolektor_permukaan
C:/Arib/MASSA AYAM/chicken detection + constrative classification/data/crops_kolektor_gt/val/normal/12269_02549.png,0,normal,val,train,12269,12269.png,"[45, 135, 107, 285]",1.0,kolektor_gt,kolektor_permukaan
C:/Arib/MASSA AYAM/chicken detection + constrative classification/data/crops_kolektor_gt/val/normal/12271_02551.png,0,normal,val,train,12271,12271.png,"[149, 1, 160, 59]",1.0,kolektor_gt,kolektor_permukaan
C:/Arib/MASSA AYAM/chicken detection + constrative classification/data/crops_kolektor_gt/val/normal/12274_02555.png,0,normal,val,train,12274,12274.png,"[134, 515, 189, 567]",1.0,kolektor_gt,kolektor_permukaan
C:/Arib/MASSA AYAM/chicken detection + constrative classification/data/crops_kolektor_gt/val/normal/12275_02556.png,0,normal,val,train,12275,12275.png,"[24, 102, 76, 131]",1.0,kolektor_gt,kolektor_permukaan
C:/Arib/MASSA AYAM/chicken detection + constrative classification/data/crops_kolektor_gt/val/normal/12276_02557.png,0,normal,val,train,12276,12276.png,"[57, 502, 164, 545]",1.0,kolektor_gt,kolektor_permukaan
C:/Arib/MASSA AYAM/chicken detection + constrative classification/data/crops_kolektor_gt/val/normal/12279_02560.png,0,normal,val,train,12279,12279.png,"[152, 495, 224, 613]",1.0,kolektor_gt,kolektor_permukaan
C:/Arib/MASSA AYAM/chicken detection + constrative classification/data/crops_kolektor_gt/val/normal/12281_02562.png,0,normal,val,train,12281,12281.png,"[168, 145, 197, 178]",1.0,kolektor_gt,kolektor_permukaan
C:/Arib/MASSA AYAM/chicken detection + constrative classification/data/crops_kolektor_gt/val/normal/12289_02574.png,0,normal,val,train,12289,12289.png,"[55, 407, 179, 563]",1.0,kolektor_gt,kolektor_permukaan
C:/Arib/MASSA AYAM/chicken detection + constrative classification/data/crops_kolektor_gt/val/normal/12295_02580.png,0,normal,val,train,12295,12295.png,"[151, 126, 180, 196]",1.0,kolektor_gt,kolektor_permukaan
C:/Arib/MASSA AYAM/chicken detection + constrative classification/data/crops_kolektor_gt/val/normal/12299_02584.png,0,normal,val,train,12299,12299.png,"[22, 277, 33, 286]",1.0,kolektor_gt,kolektor_permukaan
C:/Arib/MASSA AYAM/chicken detection + constrative classification/data/crops_kolektor_gt/val/normal/12304_02591.png,0,normal,val,train,12304,12304.png,"[173, 330, 208, 403]",1.0,kolektor_gt,kolektor_permukaan
C:/Arib/MASSA AYAM/chicken detection + constrative classification/data/crops_kolektor_gt/val/normal/12305_02592.png,0,normal,val,train,12305,12305.png,"[51, 128, 154, 322]",1.0,kolektor_gt,kolektor_permukaan
C:/Arib/MASSA AYAM/chicken detection + constrative classification/data/crops_kolektor_gt/val/normal/12307_02594.png,0,normal,val,train,12307,12307.png,"[34, 93, 217, 384]",1.0,kolektor_gt,kolektor_permukaan
C:/Arib/MASSA AYAM/chicken detection + constrative classification/data/crops_kolektor_gt/val/normal/12308_02595.png,0,normal,val,train,12308,12308.png,"[24, 141, 59, 214]",1.0,kolektor_gt,kolektor_permukaan
C:/Arib/MASSA AYAM/chicken detection + constrative classification/data/crops_kolektor_gt/val/normal/12313_02600.png,0,normal,val,train,12313,12313.png,"[62, 524, 100, 602]",1.0,kolektor_gt,kolektor_permukaan
C:/Arib/MASSA AYAM/chicken detection + constrative classification/data/crops_kolektor_gt/val/normal/12315_02604.png,0,normal,val,train,12315,12315.png,"[13, 402, 102, 519]",1.0,kolektor_gt,kolektor_permukaan
C:/Arib/MASSA AYAM/chicken detection + constrative classification/data/crops_kolektor_gt/val/normal/12317_02608.png,0,normal,val,train,12317,12317.png,"[13, 86, 93, 104]",1.0,kolektor_gt,kolektor_permukaan
C:/Arib/MASSA AYAM/chicken detection + constrative classification/data/crops_kolektor_gt/val/normal/12317_02609.png,0,normal,val,train,12317,12317.png,"[144, 493, 164, 589]",1.0,kolektor_gt,kolektor_permukaan
C:/Arib/MASSA AYAM/chicken detection + constrative classification/data/crops_kolektor_gt/val/normal/12320_02612.png,0,normal,val,train,12320,12320.png,"[34, 228, 81, 262]",1.0,kolektor_gt,kolektor_permukaan
C:/Arib/MASSA AYAM/chicken detection + constrative classification/data/crops_kolektor_gt/val/normal/12324_02616.png,0,normal,val,train,12324,12324.png,"[52, 106, 96, 202]",1.0,kolektor_gt,kolektor_permukaan
C:/Arib/MASSA AYAM/chicken detection + constrative classification/data/crops_kolektor_gt/val/cacat/10135_00143.png,1,cacat,val,train,10135,10135.png,"[8, 56, 77, 159]",1.0,kolektor_gt,kolektor_permukaan
C:/Arib/MASSA AYAM/chicken detection + constrative classification/data/crops_kolektor_gt/val/cacat/10157_00167.png,1,cacat,val,train,10157,10157.png,"[0, 0, 62, 150]",1.0,kolektor_gt,kolektor_permukaan
C:/Arib/MASSA AYAM/chicken detection + constrative classification/data/crops_kolektor_gt/val/cacat/10206_00219.png,1,cacat,val,train,10206,10206.png,"[14, 0, 88, 261]",1.0,kolektor_gt,kolektor_permukaan
C:/Arib/MASSA AYAM/chicken detection + constrative classification/data/crops_kolektor_gt/val/cacat/10223_00238.png,1,cacat,val,train,10223,10223.png,"[30, 238, 156, 341]",1.0,kolektor_gt,kolektor_permukaan
C:/Arib/MASSA AYAM/chicken detection + constrative classification/data/crops_kolektor_gt/val/cacat/10266_00287.png,1,cacat,val,train,10266,10266.png,"[22, 394, 37, 419]",1.0,kolektor_gt,kolektor_permukaan
C:/Arib/MASSA AYAM/chicken detection + constrative classification/data/crops_kolektor_gt/val/cacat/10306_00332.png,1,cacat,val,train,10306,10306.png,"[0, 370, 118, 609]",1.0,kolektor_gt,kolektor_permukaan
C:/Arib/MASSA AYAM/chicken detection + constrative classification/data/crops_kolektor_gt/val/cacat/10309_00337.png,1,cacat,val,train,10309,10309.png,"[5, 155, 227, 397]",1.0,kolektor_gt,kolektor_permukaan
C:/Arib/MASSA AYAM/chicken detection + constrative classification/data/crops_kolektor_gt/val/cacat/10344_00378.png,1,cacat,val,train,10344,10344.png,"[32, 4, 69, 48]",1.0,kolektor_gt,kolektor_permukaan
C:/Arib/MASSA AYAM/chicken detection + constrative classification/data/crops_kolektor_gt/val/cacat/10345_00380.png,1,cacat,val,train,10345,10345.png,"[146, 188, 176, 220]",1.0,kolektor_gt,kolektor_permukaan
C:/Arib/MASSA AYAM/chicken detection + constrative classification/data/crops_kolektor_gt/val/cacat/10352_00388.png,1,cacat,val,train,10352,10352.png,"[119, 268, 186, 295]",1.0,kolektor_gt,kolektor_permukaan
C:/Arib/MASSA AYAM/chicken detection + constrative classification/data/crops_kolektor_gt/val/cacat/10352_00389.png,1,cacat,val,train,10352,10352.png,"[2, 258, 53, 293]",1.0,kolektor_gt,kolektor_permukaan
C:/Arib/MASSA AYAM/chicken detection + constrative classification/data/crops_kolektor_gt/val/cacat/10354_00393.png,1,cacat,val,train,10354,10354.png,"[41, 578, 99, 628]",1.0,kolektor_gt,kolektor_permukaan
C:/Arib/MASSA AYAM/chicken detection + constrative classification/data/crops_kolektor_gt/val/cacat/10402_00447.png,1,cacat,val,train,10402,10402.png,"[137, 300, 206, 332]",1.0,kolektor_gt,kolektor_permukaan
C:/Arib/MASSA AYAM/chicken detection + constrative classification/data/crops_kolektor_gt/val/cacat/10421_00469.png,1,cacat,val,train,10421,10421.png,"[0, 347, 230, 426]",1.0,kolektor_gt,kolektor_permukaan
C:/Arib/MASSA AYAM/chicken detection + constrative classification/data/crops_kolektor_gt/val/cacat/10426_00478.png,1,cacat,val,train,10426,10426.png,"[67, 415, 114, 460]",1.0,kolektor_gt,kolektor_permukaan
C:/Arib/MASSA AYAM/chicken detection + constrative classification/data/crops_kolektor_gt/val/cacat/10457_00510.png,1,cacat,val,train,10457,10457.png,"[0, 404, 21, 439]",1.0,kolektor_gt,kolektor_permukaan
C:/Arib/MASSA AYAM/chicken detection + constrative classification/data/crops_kolektor_gt/val/cacat/10663_00743.png,1,cacat,val,train,10663,10663.png,"[39, 0, 94, 43]",1.0,kolektor_gt,kolektor_permukaan
C:/Arib/MASSA AYAM/chicken detection + constrative classification/data/crops_kolektor_gt/val/cacat/10695_00779.png,1,cacat,val,train,10695,10695.png,"[156, 517, 196, 556]",1.0,kolektor_gt,kolektor_permukaan
C:/Arib/MASSA AYAM/chicken detection + constrative classification/data/crops_kolektor_gt/val/cacat/10695_00780.png,1,cacat,val,train,10695,10695.png,"[163, 391, 185, 416]",1.0,kolektor_gt,kolektor_permukaan
C:/Arib/MASSA AYAM/chicken detection + constrative classification/data/crops_kolektor_gt/val/cacat/10714_00804.png,1,cacat,val,train,10714,10714.png,"[3, 542, 67, 561]",1.0,kolektor_gt,kolektor_permukaan
C:/Arib/MASSA AYAM/chicken detection + constrative classification/data/crops_kolektor_gt/val/cacat/10727_00818.png,1,cacat,val,train,10727,10727.png,"[195, 32, 218, 64]",1.0,kolektor_gt,kolektor_permukaan
C:/Arib/MASSA AYAM/chicken detection + constrative classification/data/crops_kolektor_gt/val/cacat/10770_00865.png,1,cacat,val,train,10770,10770.png,"[118, 297, 162, 331]",1.0,kolektor_gt,kolektor_permukaan
C:/Arib/MASSA AYAM/chicken detection + constrative classification/data/crops_kolektor_gt/val/cacat/10821_00920.png,1,cacat,val,train,10821,10821.png,"[4, 390, 81, 517]",1.0,kolektor_gt,kolektor_permukaan
C:/Arib/MASSA AYAM/chicken detection + constrative classification/data/crops_kolektor_gt/val/cacat/10821_00921.png,1,cacat,val,train,10821,10821.png,"[128, 305, 228, 438]",1.0,kolektor_gt,kolektor_permukaan
C:/Arib/MASSA AYAM/chicken detection + constrative classification/data/crops_kolektor_gt/val/cacat/10869_00977.png,1,cacat,val,train,10869,10869.png,"[13, 527, 208, 609]",1.0,kolektor_gt,kolektor_permukaan
C:/Arib/MASSA AYAM/chicken detection + constrative classification/data/crops_kolektor_gt/val/cacat/10907_01020.png,1,cacat,val,train,10907,10907.png,"[0, 432, 226, 579]",1.0,kolektor_gt,kolektor_permukaan
C:/Arib/MASSA AYAM/chicken detection + constrative classification/data/crops_kolektor_gt/val/cacat/11088_01214.png,1,cacat,val,train,11088,11088.png,"[0, 96, 134, 250]",1.0,kolektor_gt,kolektor_permukaan
C:/Arib/MASSA AYAM/chicken detection + constrative classification/data/crops_kolektor_gt/val/cacat/11169_01305.png,1,cacat,val,train,11169,11169.png,"[30, 284, 52, 317]",1.0,kolektor_gt,kolektor_permukaan
C:/Arib/MASSA AYAM/chicken detection + constrative classification/data/crops_kolektor_gt/val/cacat/11190_01329.png,1,cacat,val,train,11190,11190.png,"[31, 276, 123, 336]",1.0,kolektor_gt,kolektor_permukaan
C:/Arib/MASSA AYAM/chicken detection + constrative classification/data/crops_kolektor_gt/val/cacat/11250_01394.png,1,cacat,val,train,11250,11250.png,"[117, 391, 231, 448]",1.0,kolektor_gt,kolektor_permukaan
C:/Arib/MASSA AYAM/chicken detection + constrative classification/data/crops_kolektor_gt/val/cacat/11258_01403.png,1,cacat,val,train,11258,11258.png,"[138, 315, 227, 341]",1.0,kolektor_gt,kolektor_permukaan
C:/Arib/MASSA AYAM/chicken detection + constrative classification/data/crops_kolektor_gt/val/cacat/11315_01464.png,1,cacat,val,train,11315,11315.png,"[0, 367, 226, 495]",1.0,kolektor_gt,kolektor_permukaan
C:/Arib/MASSA AYAM/chicken detection + constrative classification/data/crops_kolektor_gt/val/cacat/11350_01501.png,1,cacat,val,train,11350,11350.png,"[9, 361, 117, 396]",1.0,kolektor_gt,kolektor_permukaan
C:/Arib/MASSA AYAM/chicken detection + constrative classification/data/crops_kolektor_gt/val/cacat/11363_01517.png,1,cacat,val,train,11363,11363.png,"[6, 562, 21, 590]",1.0,kolektor_gt,kolektor_permukaan
C:/Arib/MASSA AYAM/chicken detection + constrative classification/data/crops_kolektor_gt/val/cacat/11363_01518.png,1,cacat,val,train,11363,11363.png,"[41, 507, 81, 549]",1.0,kolektor_gt,kolektor_permukaan
C:/Arib/MASSA AYAM/chicken detection + constrative classification/data/crops_kolektor_gt/val/cacat/11444_01609.png,1,cacat,val,train,11444,11444.png,"[18, 397, 57, 441]",1.0,kolektor_gt,kolektor_permukaan
C:/Arib/MASSA AYAM/chicken detection + constrative classification/data/crops_kolektor_gt/val/cacat/11444_01610.png,1,cacat,val,train,11444,11444.png,"[27, 202, 47, 239]",1.0,kolektor_gt,kolektor_permukaan
C:/Arib/MASSA AYAM/chicken detection + constrative classification/data/crops_kolektor_gt/val/cacat/11444_01611.png,1,cacat,val,train,11444,11444.png,"[34, 23, 67, 46]",1.0,kolektor_gt,kolektor_permukaan
C:/Arib/MASSA AYAM/chicken detection + constrative classification/data/crops_kolektor_gt/val/cacat/11549_01728.png,1,cacat,val,train,11549,11549.png,"[0, 530, 20, 634]",1.0,kolektor_gt,kolektor_permukaan
C:/Arib/MASSA AYAM/chicken detection + constrative classification/data/crops_kolektor_gt/val/cacat/11549_01729.png,1,cacat,val,train,11549,11549.png,"[64, 340, 94, 418]",1.0,kolektor_gt,kolektor_permukaan
C:/Arib/MASSA AYAM/chicken detection + constrative classification/data/crops_kolektor_gt/val/cacat/11553_01735.png,1,cacat,val,train,11553,11553.png,"[44, 304, 69, 334]",1.0,kolektor_gt,kolektor_permukaan
C:/Arib/MASSA AYAM/chicken detection + constrative classification/data/crops_kolektor_gt/val/cacat/11616_01807.png,1,cacat,val,train,11616,11616.png,"[3, 212, 37, 257]",1.0,kolektor_gt,kolektor_permukaan
C:/Arib/MASSA AYAM/chicken detection + constrative classification/data/crops_kolektor_gt/val/cacat/11658_01859.png,1,cacat,val,train,11658,11658.png,"[202, 334, 228, 345]",1.0,kolektor_gt,kolektor_permukaan
C:/Arib/MASSA AYAM/chicken detection + constrative classification/data/crops_kolektor_gt/val/cacat/11670_01874.png,1,cacat,val,train,11670,11670.png,"[148, 289, 227, 402]",1.0,kolektor_gt,kolektor_permukaan
C:/Arib/MASSA AYAM/chicken detection + constrative classification/data/crops_kolektor_gt/val/cacat/11695_01900.png,1,cacat,val,train,11695,11695.png,"[7, 460, 37, 489]",1.0,kolektor_gt,kolektor_permukaan
C:/Arib/MASSA AYAM/chicken detection + constrative classification/data/crops_kolektor_gt/val/cacat/11739_01947.png,1,cacat,val,train,11739,11739.png,"[184, 40, 202, 104]",1.0,kolektor_gt,kolektor_permukaan
C:/Arib/MASSA AYAM/chicken detection + constrative classification/data/crops_kolektor_gt/val/cacat/11755_01968.png,1,cacat,val,train,11755,11755.png,"[15, 328, 91, 356]",1.0,kolektor_gt,kolektor_permukaan
C:/Arib/MASSA AYAM/chicken detection + constrative classification/data/crops_kolektor_gt/val/cacat/11800_02016.png,1,cacat,val,train,11800,11800.png,"[0, 0, 34, 168]",1.0,kolektor_gt,kolektor_permukaan
C:/Arib/MASSA AYAM/chicken detection + constrative classification/data/crops_kolektor_gt/val/cacat/11836_02057.png,1,cacat,val,train,11836,11836.png,"[11, 589, 53, 637]",1.0,kolektor_gt,kolektor_permukaan
C:/Arib/MASSA AYAM/chicken detection + constrative classification/data/crops_kolektor_gt/val/cacat/11867_02091.png,1,cacat,val,train,11867,11867.png,"[146, 398, 159, 428]",1.0,kolektor_gt,kolektor_permukaan
C:/Arib/MASSA AYAM/chicken detection + constrative classification/data/crops_kolektor_gt/val/cacat/11870_02095.png,1,cacat,val,train,11870,11870.png,"[11, 0, 49, 155]",1.0,kolektor_gt,kolektor_permukaan
C:/Arib/MASSA AYAM/chicken detection + constrative classification/data/crops_kolektor_gt/val/cacat/11927_02166.png,1,cacat,val,train,11927,11927.png,"[128, 295, 182, 310]",1.0,kolektor_gt,kolektor_permukaan
C:/Arib/MASSA AYAM/chicken detection + constrative classification/data/crops_kolektor_gt/val/cacat/11956_02196.png,1,cacat,val,train,11956,11956.png,"[84, 294, 109, 306]",1.0,kolektor_gt,kolektor_permukaan
C:/Arib/MASSA AYAM/chicken detection + constrative classification/data/crops_kolektor_gt/val/cacat/11956_02197.png,1,cacat,val,train,11956,11956.png,"[174, 61, 209, 134]",1.0,kolektor_gt,kolektor_permukaan
C:/Arib/MASSA AYAM/chicken detection + constrative classification/data/crops_kolektor_gt/val/cacat/11957_02200.png,1,cacat,val,train,11957,11957.png,"[196, 0, 226, 58]",1.0,kolektor_gt,kolektor_permukaan
C:/Arib/MASSA AYAM/chicken detection + constrative classification/data/crops_kolektor_gt/val/cacat/11980_02226.png,1,cacat,val,train,11980,11980.png,"[0, 0, 27, 105]",1.0,kolektor_gt,kolektor_permukaan
C:/Arib/MASSA AYAM/chicken detection + constrative classification/data/crops_kolektor_gt/val/cacat/12071_02326.png,1,cacat,val,train,12071,12071.png,"[28, 0, 211, 291]",1.0,kolektor_gt,kolektor_permukaan
C:/Arib/MASSA AYAM/chicken detection + constrative classification/data/crops_kolektor_gt/val/cacat/12146_02408.png,1,cacat,val,train,12146,12146.png,"[100, 341, 212, 384]",1.0,kolektor_gt,kolektor_permukaan
C:/Arib/MASSA AYAM/chicken detection + constrative classification/data/crops_kolektor_gt/val/cacat/12274_02554.png,1,cacat,val,train,12274,12274.png,"[39, 489, 102, 544]",1.0,kolektor_gt,kolektor_permukaan
C:/Arib/MASSA AYAM/chicken detection + constrative classification/data/crops_kolektor_gt/val/cacat/12315_02603.png,1,cacat,val,train,12315,12315.png,"[111, 123, 183, 241]",1.0,kolektor_gt,kolektor_permukaan
C:/Arib/MASSA AYAM/chicken detection + constrative classification/data/crops_kolektor_gt/val/cacat/12317_02606.png,1,cacat,val,train,12317,12317.png,"[0, 499, 40, 536]",1.0,kolektor_gt,kolektor_permukaan
C:/Arib/MASSA AYAM/chicken detection + constrative classification/data/crops_kolektor_gt/val/cacat/12317_02607.png,1,cacat,val,train,12317,12317.png,"[11, 422, 96, 460]",1.0,kolektor_gt,kolektor_permukaan
