path,label,label_name,split,source_split,base_image,src_file,bbox,conf,origin,domain
C:/Arib/MASSA AYAM/chicken detection + constrative classification/data/crops_kolektor_deteksi/test/normal/20000_02167.png,0,normal,test,test,20000,20000.png,"[0, 598, 12, 635]",1.0,kolektor_deteksi,kolektor_permukaan
C:/Arib/MASSA AYAM/chicken detection + constrative classification/data/crops_kolektor_deteksi/test/normal/20000_02168.png,0,normal,test,test,20000,20000.png,"[0, 586, 11, 636]",1.0,kolektor_deteksi,kolektor_permukaan
C:/Arib/MASSA AYAM/chicken detection + constrative classification/data/crops_kolektor_deteksi/test/normal/20001_02169.png,0,normal,test,test,20001,20001.png,"[0, 587, 19, 642]",1.0,kolektor_deteksi,kolektor_permukaan
C:/Arib/MASSA AYAM/chicken detection + constrative classification/data/crops_kolektor_deteksi/test/normal/20001_02170.png,0,normal,test,test,20001,20001.png,"[0, 596, 16, 642]",1.0,kolektor_deteksi,kolektor_permukaan
C:/Arib/MASSA AYAM/chicken detection + constrative classification/data/crops_kolektor_deteksi/test/normal/20002_02171.png,0,normal,test,test,20002,20002.png,"[0, 574, 12, 631]",1.0,kolektor_deteksi,kolektor_permukaan
C:/Arib/MASSA AYAM/chicken detection + constrative classification/data/crops_kolektor_deteksi/test/normal/20002_02172.png,0,normal,test,test,20002,20002.png,"[0, 536, 15, 612]",1.0,kolektor_deteksi,kolektor_permukaan
C:/Arib/MASSA AYAM/chicken detection + constrative classification/data/crops_kolektor_deteksi/test/normal/20006_02173.png,0,normal,test,test,20006,20006.png,"[0, 0, 9, 68]",1.0,kolektor_deteksi,kolektor_permukaan
C:/Arib/MASSA AYAM/chicken detection + constrative classification/data/crops_kolektor_deteksi/test/normal/20006_02174.png,0,normal,test,test,20006,20006.png,"[0, 0, 9, 83]",1.0,kolektor_deteksi,kolektor_permukaan
C:/Arib/MASSA AYAM/chicken detection + constrative classification/data/crops_kolektor_deteksi/test/normal/20012_02175.png,0,normal,test,test,20012,20012.png,"[0, 288, 15, 361]",1.0,kolektor_deteksi,kolektor_permukaan
C:/Arib/MASSA AYAM/chicken detection + constrative classification/data/crops_kolektor_deteksi/test/normal/20013_02176.png,0,normal,test,test,20013,20013.png,"[139, 274, 158, 314]",1.0,kolektor_deteksi,kolektor_permukaan
C:/Arib/MASSA AYAM/chicken detection + constrative classification/data/crops_kolektor_deteksi/test/normal/20013_02177.png,0,normal,test,test,20013,20013.png,"[138, 291, 156, 317]",1.0,kolektor_deteksi,kolektor_permukaan
C:/Arib/MASSA AYAM/chicken detection + constrative classification/data/crops_kolektor_deteksi/test/normal/20016_02178.png,0,normal,test,test,20016,20016.png,"[0, 209, 16, 282]",1.0,kolektor_deteksi,kolektor_permukaan
C:/Arib/MASSA AYAM/chicken detection + constrative classification/data/crops_kolektor_deteksi/test/normal/20016_02179.png,0,normal,test,test,20016,20016.png,"[0, 0, 10, 64]",1.0,kolektor_deteksi,kolektor_permukaan
C:/Arib/MASSA AYAM/chicken detection + constrative classification/data/crops_kolektor_deteksi/test/normal/20018_02180.png,0,normal,test,test,20018,20018.png,"[0, 0, 11, 23]",1.0,kolektor_deteksi,kolektor_permukaan
C:/Arib/MASSA AYAM/chicken detection + constrative classification/data/crops_kolektor_deteksi/test/normal/20018_02181.png,0,normal,test,test,20018,20018.png,"[0, 0, 12, 60]",1.0,kolektor_deteksi,kolektor_permukaan
C:/Arib/MASSA AYAM/chicken detection + constrative classification/data/crops_kolektor_deteksi/test/normal/20022_02182.png,0,normal,test,test,20022,20022.png,"[0, 391, 14, 473]",1.0,kolektor_deteksi,kolektor_permukaan
C:/Arib/MASSA AYAM/chicken detection + constrative classification/data/crops_kolektor_deteksi/test/normal/20023_02183.png,0,normal,test,test,20023,20023.png,"[0, 243, 16, 285]",1.0,kolektor_deteksi,kolektor_permukaan
C:/Arib/MASSA AYAM/chicken detection + constrative classification/data/crops_kolektor_deteksi/test/normal/20023_02184.png,0,normal,test,test,20023,20023.png,"[0, 242, 17, 311]",1.0,kolektor_deteksi,kolektor_permukaan
C:/Arib/MASSA AYAM/chicken detection + constrative classification/data/crops_kolektor_deteksi/test/normal/20023_02185.png,0,normal,test,test,20023,20023.png,"[0, 240, 19, 271]",1.0,kolektor_deteksi,kolektor_permukaan
C:/Arib/MASSA AYAM/chicken detection + constrative classification/data/crops_kolektor_deteksi/test/normal/20023_02186.png,0,normal,test,test,20023,20023.png,"[0, 597, 30, 633]",1.0,kolektor_deteksi,kolektor_permukaan
C:/Arib/MASSA AYAM/chicken detection + constrative classification/data/crops_kolektor_deteksi/test/normal/20026_02187.png,0,normal,test,test,20026,20026.png,"[0, 338, 10, 369]",1.0,kolektor_deteksi,kolektor_permukaan
C:/Arib/MASSA AYAM/chicken detection + constrative classification/data/crops_kolektor_deteksi/test/normal/20028_02188.png,0,normal,test,test,20028,20028.png,"[0, 52, 12, 131]",1.0,kolektor_deteksi,kolektor_permukaan
C:/Arib/MASSA AYAM/chicken detection + constrative classification/data/crops_kolektor_deteksi/test/normal/20040_02189.png,0,normal,test,test,20040,20040.png,"[0, 579, 14, 634]",1.0,kolektor_deteksi,kolektor_permukaan
C:/Arib/MASSA AYAM/chicken detection + constrative classification/data/crops_kolektor_deteksi/test/normal/20044_02198.png,0,normal,test,test,20044,20044.png,"[30, 615, 121, 632]",1.0,kolektor_deteksi,kolektor_permukaan
C:/Arib/MASSA AYAM/chicken detection + constrative classification/data/crops_kolektor_deteksi/test/normal/20045_02199.png,0,normal,test,test,20045,20045.png,"[0, 0, 9, 78]",1.0,kolektor_deteksi,kolektor_permukaan
C:/Arib/MASSA AYAM/chicken detection + constrative classification/data/crops_kolektor_deteksi/test/normal/20047_02200.png,0,normal,test,test,20047,20047.png,"[0, 581, 21, 636]",1.0,kolektor_deteksi,kolektor_permukaan
C:/Arib/MASSA AYAM/chicken detection + constrative classification/data/crops_kolektor_deteksi/test/normal/20047_02201.png,0,normal,test,test,20047,20047.png,"[96, 622, 129, 633]",1.0,kolektor_deteksi,kolektor_permukaan
C:/Arib/MASSA AYAM/chicken detection + constrative classification/data/crops_kolektor_deteksi/test/normal/20047_02202.png,0,normal,test,test,20047,20047.png,"[55, 616, 129, 634]",1.0,kolektor_deteksi,kolektor_permukaan
C:/Arib/MASSA AYAM/chicken detection + constrative classification/data/crops_kolektor_deteksi/test/normal/20047_02203.png,0,normal,test,test,20047,20047.png,"[0, 592, 15, 636]",1.0,kolektor_deteksi,kolektor_permukaan
C:/Arib/MASSA AYAM/chicken detection + constrative classification/data/crops_kolektor_deteksi/test/normal/20047_02204.png,0,normal,test,test,20047,20047.png,"[103, 619, 129, 634]",1.0,kolektor_deteksi,kolektor_permukaan
C:/Arib/MASSA AYAM/chicken detection + constrative classification/data/crops_kolektor_deteksi/test/normal/20047_02205.png,0,normal,test,test,20047,20047.png,"[0, 538, 11, 619]",1.0,kolektor_deteksi,kolektor_permukaan
C:/Arib/MASSA AYAM/chicken detection + constrative classification/data/crops_kolektor_deteksi/test/normal/20047_02206.png,0,normal,test,test,20047,20047.png,"[36, 608, 149, 636]",1.0,kolektor_deteksi,kolektor_permukaan
C:/Arib/MASSA AYAM/chicken detection + constrative classification/data/crops_kolektor_deteksi/test/normal/20047_02207.png,0,normal,test,test,20047,20047.png,"[0, 522, 11, 600]",1.0,kolektor_deteksi,kolektor_permukaan
C:/Arib/MASSA AYAM/chicken detection + constrative classification/data/crops_kolektor_deteksi/test/normal/20047_02208.png,0,normal,test,test,20047,20047.png,"[30, 614, 123, 634]",1.0,kolektor_deteksi,kolektor_permukaan
C:/Arib/MASSA AYAM/chicken detection + constrative classification/data/crops_kolektor_deteksi/test/normal/20047_02209.png,0,normal,test,test,20047,20047.png,"[0, 556, 17, 636]",1.0,kolektor_deteksi,kolektor_permukaan
C:/Arib/MASSA AYAM/chicken detection + constrative classification/data/crops_kolektor_deteksi/test/normal/20048_02210.png,0,normal,test,test,20048,20048.png,"[21, 617, 53, 629]",1.0,kolektor_deteksi,kolektor_permukaan
C:/Arib/MASSA AYAM/chicken detection + constrative classification/data/crops_kolektor_deteksi/test/normal/20048_02211.png,0,normal,test,test,20048,20048.png,"[23, 614, 53, 630]",1.0,kolektor_deteksi,kolektor_permukaan
C:/Arib/MASSA AYAM/chicken detection + constrative classification/data/crops_kolektor_deteksi/test/normal/20049_02212.png,0,normal,test,test,20049,20049.png,"[0, 1, 12, 14]",1.0,kolektor_deteksi,kolektor_permukaan
C:/Arib/MASSA AYAM/chicken detection + constrative classification/data/crops_kolektor_deteksi/test/normal/20049_02213.png,0,normal,test,test,20049,20049.png,"[0, 0, 13, 59]",1.0,kolektor_deteksi,kolektor_permukaan
C:/Arib/MASSA AYAM/chicken detection + constrative classification/data/crops_kolektor_deteksi/test/normal/20049_02214.png,0,normal,test,test,20049,20049.png,"[0, 1, 15, 14]",1.0,kolektor_deteksi,kolektor_permukaan
C:/Arib/MASSA AYAM/chicken detection + constrative classification/data/crops_kolektor_deteksi/test/normal/20054_02215.png,0,normal,test,test,20054,20054.png,"[94, 624, 166, 652]",1.0,kolektor_deteksi,kolektor_permukaan
C:/Arib/MASSA AYAM/chicken detection + constrative classification/data/crops_kolektor_deteksi/test/normal/20054_02216.png,0,normal,test,test,20054,20054.png,"[0, 625, 65, 653]",1.0,kolektor_deteksi,kolektor_permukaan
C:/Arib/MASSA AYAM/chicken detection + constrative classification/data/crops_kolektor_deteksi/test/normal/20054_02217.png,0,normal,test,test,20054,20054.png,"[0, 626, 54, 652]",1.0,kolektor_deteksi,kolektor_permukaan
C:/Arib/MASSA AYAM/chicken detection + constrative classification/data/crops_kolektor_deteksi/test/normal/20054_02218.png,0,normal,test,test,20054,20054.png,"[0, 623, 83, 654]",1.0,kolektor_deteksi,kolektor_permukaan
C:/Arib/MASSA AYAM/chicken detection + constrative classification/data/crops_kolektor_deteksi/test/normal/20054_02219.png,0,normal,test,test,20054,20054.png,"[2, 627, 112, 654]",1.0,kolektor_deteksi,kolektor_permukaan
C:/Arib/MASSA AYAM/chicken detection + constrative classification/data/crops_kolektor_deteksi/test/normal/20054_02220.png,0,normal,test,test,20054,20054.png,"[97, 620, 184, 652]",1.0,kolektor_deteksi,kolektor_permukaan
C:/Arib/MASSA AYAM/chicken detection + constrative classification/data/crops_kolektor_deteksi/test/normal/20054_02221.png,0,normal,test,test,20054,20054.png,"[72, 619, 179, 653]",1.0,kolektor_deteksi,kolektor_permukaan
C:/Arib/MASSA AYAM/chicken detection + constrative classification/data/crops_kolektor_deteksi/test/normal/20054_02222.png,0,normal,test,test,20054,20054.png,"[78, 614, 204, 654]",1.0,kolektor_deteksi,kolektor_permukaan
C:/Arib/MASSA AYAM/chicken detection + constrative classification/data/crops_kolektor_deteksi/test/normal/20054_02223.png,0,normal,test,test,20054,20054.png,"[0, 626, 78, 651]",1.0,kolektor_deteksi,kolektor_permukaan
C:/Arib/MASSA AYAM/chicken detection + constrative classification/data/crops_kolektor_deteksi/test/normal/20054_02224.png,0,normal,test,test,20054,20054.png,"[8, 627, 95, 651]",1.0,kolektor_deteksi,kolektor_permukaan
C:/Arib/MASSA AYAM/chicken detection + constrative classification/data/crops_kolektor_deteksi/test/normal/20054_02225.png,0,normal,test,test,20054,20054.png,"[93, 624, 226, 654]",1.0,kolektor_deteksi,kolektor_permukaan
C:/Arib/MASSA AYAM/chicken detection + constrative classification/data/crops_kolektor_deteksi/test/normal/20054_02226.png,0,normal,test,test,20054,20054.png,"[128, 629, 230, 654]",1.0,kolektor_deteksi,kolektor_permukaan
C:/Arib/MASSA AYAM/chicken detection + constrative classification/data/crops_kolektor_deteksi/test/normal/20054_02227.png,0,normal,test,test,20054,20054.png,"[0, 629, 42, 650]",1.0,kolektor_deteksi,kolektor_permukaan
C:/Arib/MASSA AYAM/chicken detection + constrative classification/data/crops_kolektor_deteksi/test/normal/20054_02228.png,0,normal,test,test,20054,20054.png,"[19, 625, 140, 654]",1.0,kolektor_deteksi,kolektor_permukaan
C:/Arib/MASSA AYAM/chicken detection + constrative classification/data/crops_kolektor_deteksi/test/normal/20054_02229.png,0,normal,test,test,20054,20054.png,"[29, 627, 108, 651]",1.0,kolektor_deteksi,kolektor_permukaan
C:/Arib/MASSA AYAM/chicken detection + constrative classification/data/crops_kolektor_deteksi/test/normal/20054_02230.png,0,normal,test,test,20054,20054.png,"[46, 610, 181, 654]",1.0,kolektor_deteksi,kolektor_permukaan
C:/Arib/MASSA AYAM/chicken detection + constrative classification/data/crops_kolektor_deteksi/test/normal/20054_02231.png,0,normal,test,test,20054,20054.png,"[155, 634, 230, 653]",1.0,kolektor_deteksi,kolektor_permukaan
C:/Arib/MASSA AYAM/chicken detection + constrative classification/data/crops_kolektor_deteksi/test/normal/20057_02234.png,0,normal,test,test,20057,20057.png,"[146, 624, 230, 657]",1.0,kolektor_deteksi,kolektor_permukaan
C:/Arib/MASSA AYAM/chicken detection + constrative classification/data/crops_kolektor_deteksi/test/normal/20057_02235.png,0,normal,test,test,20057,20057.png,"[159, 628, 230, 656]",1.0,kolektor_deteksi,kolektor_permukaan
C:/Arib/MASSA AYAM/chicken detection + constrative classification/data/crops_kolektor_deteksi/test/normal/20057_02236.png,0,normal,test,test,20057,20057.png,"[10, 633, 103, 658]",1.0,kolektor_deteksi,kolektor_permukaan
C:/Arib/MASSA AYAM/chicken detection + constrative classification/data/crops_kolektor_deteksi/test/normal/20057_02237.png,0,normal,test,test,20057,20057.png,"[27, 634, 116, 658]",1.0,kolektor_deteksi,kolektor_permukaan
C:/Arib/MASSA AYAM/chicken detection + constrative classification/data/crops_kolektor_deteksi/test/normal/20057_02238.png,0,normal,test,test,20057,20057.png,"[60, 635, 152, 658]",1.0,kolektor_deteksi,kolektor_permukaan
C:/Arib/MASSA AYAM/chicken detection + constrative classification/data/crops_kolektor_deteksi/test/normal/20057_02239.png,0,normal,test,test,20057,20057.png,"[0, 633, 84, 659]",1.0,kolektor_deteksi,kolektor_permukaan
C:/Arib/MASSA AYAM/chicken detection + constrative classification/data/crops_kolektor_deteksi/test/normal/20057_02240.png,0,normal,test,test,20057,20057.png,"[0, 636, 67, 657]",1.0,kolektor_deteksi,kolektor_permukaan
C:/Arib/MASSA AYAM/chicken detection + constrative classification/data/crops_kolektor_deteksi/test/normal/20057_02241.png,0,normal,test,test,20057,20057.png,"[132, 617, 230, 660]",1.0,kolektor_deteksi,kolektor_permukaan
C:/Arib/MASSA AYAM/chicken detection + constrative classification/data/crops_kolektor_deteksi/test/normal/20057_02242.png,0,normal,test,test,20057,20057.png,"[80, 636, 172, 657]",1.0,kolektor_deteksi,kolektor_permukaan
C:/Arib/MASSA AYAM/chicken detection + constrative classification/data/crops_kolektor_deteksi/test/normal/20057_02243.png,0,normal,test,test,20057,20057.png,"[0, 638, 48, 655]",1.0,kolektor_deteksi,kolektor_permukaan
C:/Arib/MASSA AYAM/chicken detection + constrative classification/data/crops_kolektor_deteksi/test/normal/20057_02244.png,0,normal,test,test,20057,20057.png,"[123, 624, 228, 657]",1.0,kolektor_deteksi,kolektor_permukaan
C:/Arib/MASSA AYAM/chicken detection + constrative classification/data/crops_kolektor_deteksi/test/normal/20057_02245.png,0,normal,test,test,20057,20057.png,"[111, 628, 212, 657]",1.0,kolektor_deteksi,kolektor_permukaan
C:/Arib/MASSA AYAM/chicken detection + constrative classification/data/crops_kolektor_deteksi/test/normal/20057_02246.png,0,normal,test,test,20057,20057.png,"[92, 634, 190, 657]",1.0,kolektor_deteksi,kolektor_permukaan
C:/Arib/MASSA AYAM/chicken detection + constrative classification/data/crops_kolektor_deteksi/test/normal/20057_02247.png,0,normal,test,test,20057,20057.png,"[173, 632, 230, 657]",1.0,kolektor_deteksi,kolektor_permukaan
C:/Arib/MASSA AYAM/chicken detection + constrative classification/data/crops_kolektor_deteksi/test/normal/20057_02248.png,0,normal,test,test,20057,20057.png,"[139, 625, 230, 663]",1.0,kolektor_deteksi,kolektor_permukaan
C:/Arib/MASSA AYAM/chicken detection + constrative classification/data/crops_kolektor_deteksi/test/normal/20057_02249.png,0,normal,test,test,20057,20057.png,"[0, 629, 126, 664]",1.0,kolektor_deteksi,kolektor_permukaan
C:/Arib/MASSA AYAM/chicken detection + constrative classification/data/crops_kolektor_deteksi/test/normal/20057_02250.png,0,normal,test,test,20057,20057.png,"[0, 634, 63, 662]",1.0,kolektor_deteksi,kolektor_permukaan
C:/Arib/MASSA AYAM/chicken detection + constrative classification/data/crops_kolektor_deteksi/test/normal/20057_02251.png,0,normal,test,test,20057,20057.png,"[25, 631, 156, 664]",1.0,kolektor_deteksi,kolektor_permukaan
C:/Arib/MASSA AYAM/chicken detection + constrative classification/data/crops_kolektor_deteksi/test/normal/20057_02252.png,0,normal,test,test,20057,20057.png,"[0, 633, 75, 663]",1.0,kolektor_deteksi,kolektor_permukaan
C:/Arib/MASSA AYAM/chicken detection + constrative classification/data/crops_kolektor_deteksi/test/normal/20057_02253.png,0,normal,test,test,20057,20057.png,"[122, 618, 230, 664]",1.0,kolektor_deteksi,kolektor_permukaan
C:/Arib/MASSA AYAM/chicken detection + constrative classification/data/crops_kolektor_deteksi/test/normal/20057_02254.png,0,normal,test,test,20057,20057.png,"[0, 629, 103, 664]",1.0,kolektor_deteksi,kolektor_permukaan
C:/Arib/MASSA AYAM/chicken detection + constrative classification/data/crops_kolektor_deteksi/test/normal/20057_02255.png,0,normal,test,test,20057,20057.png,"[37, 630, 136, 658]",1.0,kolektor_deteksi,kolektor_permukaan
C:/Arib/MASSA AYAM/chicken detection + constrative classification/data/crops_kolektor_deteksi/test/normal/20057_02256.png,0,normal,test,test,20057,20057.png,"[54, 631, 181, 663]",1.0,kolektor_deteksi,kolektor_permukaan
C:/Arib/MASSA AYAM/chicken detection + constrative classification/data/crops_kolektor_deteksi/test/normal/20066_02257.png,0,normal,test,test,20066,20066.png,"[90, 383, 117, 411]",1.0,kolektor_deteksi,kolektor_permukaan
C:/Arib/MASSA AYAM/chicken detection + constrative classification/data/crops_kolektor_deteksi/test/normal/20073_02263.png,0,normal,test,test,20073,20073.png,"[0, 500, 11, 575]",1.0,kolektor_deteksi,kolektor_permukaan
C:/Arib/MASSA AYAM/chicken detection + constrative classification/data/crops_kolektor_deteksi/test/normal/20073_02264.png,0,normal,test,test,20073,20073.png,"[0, 513, 13, 592]",1.0,kolektor_deteksi,kolektor_permukaan
C:/Arib/MASSA AYAM/chicken detection + constrative classification/data/crops_kolektor_deteksi/test/normal/20073_02265.png,0,normal,test,test,20073,20073.png,"[0, 532, 13, 609]",1.0,kolektor_deteksi,kolektor_permukaan
C:/Arib/MASSA AYAM/chicken detection + constrative classification/data/crops_kolektor_deteksi/test/normal/20073_02266.png,0,normal,test,test,20073,20073.png,"[0, 544, 12, 623]",1.0,kolektor_deteksi,kolektor_permukaan
C:/Arib/MASSA AYAM/chicken detection + constrative classification/data/crops_kolektor_deteksi/test/normal/20073_02267.png,0,normal,test,test,20073,20073.png,"[0, 484, 12, 561]",1.0,kolektor_deteksi,kolektor_permukaan
C:/Arib/MASSA AYAM/chicken detection + constrative classification/data/crops_kolektor_deteksi/test/normal/20073_02268.png,0,normal,test,test,20073,20073.png,"[0, 558, 11, 637]",1.0,kolektor_deteksi,kolektor_permukaan
C:/Arib/MASSA AYAM/chicken detection + constrative classification/data/crops_kolektor_deteksi/test/normal/20073_02269.png,0,normal,test,test,20073,20073.png,"[0, 571, 12, 637]",1.0,kolektor_deteksi,kolektor_permukaan
C:/Arib/MASSA AYAM/chicken detection + constrative classification/data/crops_kolektor_deteksi/test/normal/20073_02270.png,0,normal,test,test,20073,20073.png,"[0, 88, 11, 163]",1.0,kolektor_deteksi,kolektor_permukaan
C:/Arib/MASSA AYAM/chicken detection + constrative classification/data/crops_kolektor_deteksi/test/normal/20073_02271.png,0,normal,test,test,20073,20073.png,"[0, 480, 12, 599]",1.0,kolektor_deteksi,kolektor_permukaan
C:/Arib/MASSA AYAM/chicken detection + constrative classification/data/crops_kolektor_deteksi/test/normal/20073_02272.png,0,normal,test,test,20073,20073.png,"[0, 465, 12, 545]",1.0,kolektor_deteksi,kolektor_permukaan
C:/Arib/MASSA AYAM/chicken detection + constrative classification/data/crops_kolektor_deteksi/test/normal/20073_02273.png,0,normal,test,test,20073,20073.png,"[0, 489, 15, 620]",1.0,kolektor_deteksi,kolektor_permukaan
C:/Arib/MASSA AYAM/chicken detection + constrative classification/data/crops_kolektor_deteksi/test/normal/20073_02274.png,0,normal,test,test,20073,20073.png,"[0, 518, 15, 637]",1.0,kolektor_deteksi,kolektor_permukaan
C:/Arib/MASSA AYAM/chicken detection + constrative classification/data/crops_kolektor_deteksi/test/normal/20073_02275.png,0,normal,test,test,20073,20073.png,"[0, 584, 10, 637]",1.0,kolektor_deteksi,kolektor_permukaan
C:/Arib/MASSA AYAM/chicken detection + constrative classification/data/crops_kolektor_deteksi/test/normal/20073_02276.png,0,normal,test,test,20073,20073.png,"[0, 538, 13, 637]",1.0,kolektor_deteksi,kolektor_permukaan
C:/Arib/MASSA AYAM/chicken detection + constrative classification/data/crops_kolektor_deteksi/test/normal/20074_02277.png,0,normal,test,test,20074,20074.png,"[0, 610, 13, 634]",1.0,kolektor_deteksi,kolektor_permukaan
C:/Arib/MASSA AYAM/chicken detection + constrative classification/data/crops_kolektor_deteksi/test/normal/20080_02278.png,0,normal,test,test,20080,20080.png,"[0, 54, 12, 94]",1.0,kolektor_deteksi,kolektor_permukaan
C:/Arib/MASSA AYAM/chicken detection + constrative classification/data/crops_kolektor_deteksi/test/normal/20080_02279.png,0,normal,test,test,20080,20080.png,"[0, 42, 13, 93]",1.0,kolektor_deteksi,kolektor_permukaan
C:/Arib/MASSA AYAM/chicken detection + constrative classification/data/crops_kolektor_deteksi/test/normal/20080_02280.png,0,normal,test,test,20080,20080.png,"[0, 71, 12, 129]",1.0,kolektor_deteksi,kolektor_permukaan
C:/Arib/MASSA AYAM/chicken detection + constrative classification/data/crops_kolektor_deteksi/test/normal/20080_02281.png,0,normal,test,test,20080,20080.png,"[0, 65, 15, 92]",1.0,kolektor_deteksi,kolektor_permukaan
C:/Arib/MASSA AYAM/chicken detection + constrative classification/data/crops_kolektor_deteksi/test/normal/20080_02282.png,0,normal,test,test,20080,20080.png,"[0, 35, 16, 106]",1.0,kolektor_deteksi,kolektor_permukaan
C:/Arib/MASSA AYAM/chicken detection + constrative classification/data/crops_kolektor_deteksi/test/normal/20081_02283.png,0,normal,test,test,20081,20081.png,"[0, 92, 9, 165]",1.0,kolektor_deteksi,kolektor_permukaan
C:/Arib/MASSA AYAM/chicken detection + constrative classification/data/crops_kolektor_deteksi/test/normal/20081_02284.png,0,normal,test,test,20081,20081.png,"[0, 26, 11, 107]",1.0,kolektor_deteksi,kolektor_permukaan
C:/Arib/MASSA AYAM/chicken detection + constrative classification/data/crops_kolektor_deteksi/test/normal/20081_02285.png,0,normal,test,test,20081,20081.png,"[0, 98, 12, 176]",1.0,kolektor_deteksi,kolektor_permukaan
C:/Arib/MASSA AYAM/chicken detection + constrative classification/data/crops_kolektor_deteksi/test/normal/20081_02286.png,0,normal,test,test,20081,20081.png,"[0, 83, 8, 140]",1.0,kolektor_deteksi,kolektor_permukaan
C:/Arib/MASSA AYAM/chicken detection + constrative classification/data/crops_kolektor_deteksi/test/normal/20089_02287.png,0,normal,test,test,20089,20089.png,"[0, 336, 10, 399]",1.0,kolektor_deteksi,kolektor_permukaan
C:/Arib/MASSA AYAM/chicken detection + constrative classification/data/crops_kolektor_deteksi/test/normal/20089_02288.png,0,normal,test,test,20089,20089.png,"[0, 328, 9, 369]",1.0,kolektor_deteksi,kolektor_permukaan
C:/Arib/MASSA AYAM/chicken detection + constrative classification/data/crops_kolektor_deteksi/test/normal/20089_02289.png,0,normal,test,test,20089,20089.png,"[0, 340, 12, 411]",1.0,kolektor_deteksi,kolektor_permukaan
C:/Arib/MASSA AYAM/chicken detection + constrative classification/data/crops_kolektor_deteksi/test/normal/20089_02290.png,0,normal,test,test,20089,20089.png,"[0, 404, 12, 440]",1.0,kolektor_deteksi,kolektor_permukaan
C:/Arib/MASSA AYAM/chicken detection + constrative classification/data/crops_kolektor_deteksi/test/normal/20089_02291.png,0,normal,test,test,20089,20089.png,"[0, 410, 12, 470]",1.0,kolektor_deteksi,kolektor_permukaan
C:/Arib/MASSA AYAM/chicken detection + constrative classification/data/crops_kolektor_deteksi/test/normal/20089_02292.png,0,normal,test,test,20089,20089.png,"[0, 305, 10, 411]",1.0,kolektor_deteksi,kolektor_permukaan
C:/Arib/MASSA AYAM/chicken detection + constrative classification/data/crops_kolektor_deteksi/test/normal/20090_02293.png,0,normal,test,test,20090,20090.png,"[0, 411, 14, 484]",1.0,kolektor_deteksi,kolektor_permukaan
C:/Arib/MASSA AYAM/chicken detection + constrative classification/data/crops_kolektor_deteksi/test/normal/20090_02294.png,0,normal,test,test,20090,20090.png,"[0, 426, 17, 507]",1.0,kolektor_deteksi,kolektor_permukaan
C:/Arib/MASSA AYAM/chicken detection + constrative classification/data/crops_kolektor_deteksi/test/normal/20090_02295.png,0,normal,test,test,20090,20090.png,"[0, 445, 17, 512]",1.0,kolektor_deteksi,kolektor_permukaan
C:/Arib/MASSA AYAM/chicken detection + constrative classification/data/crops_kolektor_deteksi/test/normal/20090_02296.png,0,normal,test,test,20090,20090.png,"[0, 457, 17, 530]",1.0,kolektor_deteksi,kolektor_permukaan
C:/Arib/MASSA AYAM/chicken detection + constrative classification/data/crops_kolektor_deteksi/test/normal/20090_02297.png,0,normal,test,test,20090,20090.png,"[0, 357, 12, 432]",1.0,kolektor_deteksi,kolektor_permukaan
C:/Arib/MASSA AYAM/chicken detection + constrative classification/data/crops_kolektor_deteksi/test/normal/20090_02298.png,0,normal,test,test,20090,20090.png,"[0, 393, 11, 469]",1.0,kolektor_deteksi,kolektor_permukaan
C:/Arib/MASSA AYAM/chicken detection + constrative classification/data/crops_kolektor_deteksi/test/normal/20090_02299.png,0,normal,test,test,20090,20090.png,"[0, 440, 21, 518]",1.0,kolektor_deteksi,kolektor_permukaan
C:/Arib/MASSA AYAM/chicken detection + constrative classification/data/crops_kolektor_deteksi/test/normal/20090_02300.png,0,normal,test,test,20090,20090.png,"[0, 433, 24, 503]",1.0,kolektor_deteksi,kolektor_permukaan
C:/Arib/MASSA AYAM/chicken detection + constrative classification/data/crops_kolektor_deteksi/test/normal/20090_02301.png,0,normal,test,test,20090,20090.png,"[0, 419, 25, 512]",1.0,kolektor_deteksi,kolektor_permukaan
C:/Arib/MASSA AYAM/chicken detection + constrative classification/data/crops_kolektor_deteksi/test/normal/20090_02302.png,0,normal,test,test,20090,20090.png,"[0, 391, 17, 508]",1.0,kolektor_deteksi,kolektor_permukaan
C:/Arib/MASSA AYAM/chicken detection + constrative classification/data/crops_kolektor_deteksi/test/normal/20090_02303.png,0,normal,test,test,20090,20090.png,"[0, 523, 18, 591]",1.0,kolektor_deteksi,kolektor_permukaan
C:/Arib/MASSA AYAM/chicken detection + constrative classification/data/crops_kolektor_deteksi/test/normal/20090_02304.png,0,normal,test,test,20090,20090.png,"[0, 462, 22, 533]",1.0,kolektor_deteksi,kolektor_permukaan
C:/Arib/MASSA AYAM/chicken detection + constrative classification/data/crops_kolektor_deteksi/test/normal/20090_02305.png,0,normal,test,test,20090,20090.png,"[0, 557, 12, 636]",1.0,kolektor_deteksi,kolektor_permukaan
C:/Arib/MASSA AYAM/chicken detection + constrative classification/data/crops_kolektor_deteksi/test/normal/20090_02306.png,0,normal,test,test,20090,20090.png,"[0, 343, 10, 398]",1.0,kolektor_deteksi,kolektor_permukaan
C:/Arib/MASSA AYAM/chicken detection + constrative classification/data/crops_kolektor_deteksi/test/normal/20090_02307.png,0,normal,test,test,20090,20090.png,"[0, 531, 19, 605]",1.0,kolektor_deteksi,kolektor_permukaan
C:/Arib/MASSA AYAM/chicken detection + constrative classification/data/crops_kolektor_deteksi/test/normal/20090_02308.png,0,normal,test,test,20090,20090.png,"[0, 364, 13, 504]",1.0,kolektor_deteksi,kolektor_permukaan
C:/Arib/MASSA AYAM/chicken detection + constrative classification/data/crops_kolektor_deteksi/test/normal/20090_02309.png,0,normal,test,test,20090,20090.png,"[0, 397, 21, 536]",1.0,kolektor_deteksi,kolektor_permukaan
C:/Arib/MASSA AYAM/chicken detection + constrative classification/data/crops_kolektor_deteksi/test/normal/20090_02310.png,0,normal,test,test,20090,20090.png,"[0, 325, 12, 459]",1.0,kolektor_deteksi,kolektor_permukaan
C:/Arib/MASSA AYAM/chicken detection + constrative classification/data/crops_kolektor_deteksi/test/normal/20091_02311.png,0,normal,test,test,20091,20091.png,"[70, 623, 167, 649]",1.0,kolektor_deteksi,kolektor_permukaan
C:/Arib/MASSA AYAM/chicken detection + constrative classification/data/crops_kolektor_deteksi/test/normal/20091_02312.png,0,normal,test,test,20091,20091.png,"[155, 631, 229, 649]",1.0,kolektor_deteksi,kolektor_permukaan
C:/Arib/MASSA AYAM/chicken detection + constrative classification/data/crops_kolektor_deteksi/test/normal/20091_02313.png,0,normal,test,test,20091,20091.png,"[139, 627, 229, 650]",1.0,kolektor_deteksi,kolektor_permukaan
C:/Arib/MASSA AYAM/chicken detection + constrative classification/data/crops_kolektor_deteksi/test/normal/20091_02314.png,0,normal,test,test,20091,20091.png,"[0, 619, 86, 650]",1.0,kolektor_deteksi,kolektor_permukaan
C:/Arib/MASSA AYAM/chicken detection + constrative classification/data/crops_kolektor_deteksi/test/normal/20091_02315.png,0,normal,test,test,20091,20091.png,"[86, 624, 159, 647]",1.0,kolektor_deteksi,kolektor_permukaan
C:/Arib/MASSA AYAM/chicken detection + constrative classification/data/crops_kolektor_deteksi/test/normal/20091_02316.png,0,normal,test,test,20091,20091.png,"[84, 623, 196, 650]",1.0,kolektor_deteksi,kolektor_permukaan
C:/Arib/MASSA AYAM/chicken detection + constrative classification/data/crops_kolektor_deteksi/test/normal/20091_02317.png,0,normal,test,test,20091,20091.png,"[98, 624, 219, 650]",1.0,kolektor_deteksi,kolektor_permukaan
C:/Arib/MASSA AYAM/chicken detection + constrative classification/data/crops_kolektor_deteksi/test/normal/20091_02318.png,0,normal,test,test,20091,20091.png,"[47, 621, 160, 649]",1.0,kolektor_deteksi,kolektor_permukaan
C:/Arib/MASSA AYAM/chicken detection + constrative classification/data/crops_kolektor_deteksi/test/normal/20091_02319.png,0,normal,test,test,20091,20091.png,"[0, 622, 73, 648]",1.0,kolektor_deteksi,kolektor_permukaan
C:/Arib/MASSA AYAM/chicken detection + constrative classification/data/crops_kolektor_deteksi/test/normal/20091_02320.png,0,normal,test,test,20091,20091.png,"[175, 633, 229, 648]",1.0,kolektor_deteksi,kolektor_permukaan
C:/Arib/MASSA AYAM/chicken detection + constrative classification/data/crops_kolektor_deteksi/test/normal/20091_02321.png,0,normal,test,test,20091,20091.png,"[118, 628, 229, 650]",1.0,kolektor_deteksi,kolektor_permukaan
C:/Arib/MASSA AYAM/chicken detection + constrative classification/data/crops_kolektor_deteksi/test/normal/20091_02322.png,0,normal,test,test,20091,20091.png,"[2, 621, 87, 648]",1.0,kolektor_deteksi,kolektor_permukaan
C:/Arib/MASSA AYAM/chicken detection + constrative classification/data/crops_kolektor_deteksi/test/normal/20091_02323.png,0,normal,test,test,20091,20091.png,"[0, 615, 111, 650]",1.0,kolektor_deteksi,kolektor_permukaan
C:/Arib/MASSA AYAM/chicken detection + constrative classification/data/crops_kolektor_deteksi/test/normal/20091_02324.png,0,normal,test,test,20091,20091.png,"[0, 618, 58, 648]",1.0,kolektor_deteksi,kolektor_permukaan
C:/Arib/MASSA AYAM/chicken detection + constrative classification/data/crops_kolektor_deteksi/test/normal/20091_02325.png,0,normal,test,test,20091,20091.png,"[123, 623, 229, 650]",1.0,kolektor_deteksi,kolektor_permukaan
C:/Arib/MASSA AYAM/chicken detection + constrative classification/data/crops_kolektor_deteksi/test/normal/20091_02326.png,0,normal,test,test,20091,20091.png,"[66, 623, 147, 647]",1.0,kolektor_deteksi,kolektor_permukaan
C:/Arib/MASSA AYAM/chicken detection + constrative classification/data/crops_kolektor_deteksi/test/normal/20091_02327.png,0,normal,test,test,20091,20091.png,"[98, 624, 184, 647]",1.0,kolektor_deteksi,kolektor_permukaan
C:/Arib/MASSA AYAM/chicken detection + constrative classification/data/crops_kolektor_deteksi/test/normal/20091_02328.png,0,normal,test,test,20091,20091.png,"[3, 605, 134, 650]",1.0,kolektor_deteksi,kolektor_permukaan
C:/Arib/MASSA AYAM/chicken detection + constrative classification/data/crops_kolektor_deteksi/test/normal/20091_02329.png,0,normal,test,test,20091,20091.png,"[22, 609, 163, 650]",1.0,kolektor_deteksi,kolektor_permukaan
C:/Arib/MASSA AYAM/chicken detection + constrative classification/data/crops_kolektor_deteksi/test/normal/20091_02330.png,0,normal,test,test,20091,20091.png,"[0, 620, 48, 648]",1.0,kolektor_deteksi,kolektor_permukaan
C:/Arib/MASSA AYAM/chicken detection + constrative classification/data/crops_kolektor_deteksi/test/normal/20091_02331.png,0,normal,test,test,20091,20091.png,"[190, 632, 229, 648]",1.0,kolektor_deteksi,kolektor_permukaan
C:/Arib/MASSA AYAM/chicken detection + constrative classification/data/crops_kolektor_deteksi/test/normal/20091_02332.png,0,normal,test,test,20091,20091.png,"[121, 630, 204, 649]",1.0,kolektor_deteksi,kolektor_permukaan
C:/Arib/MASSA AYAM/chicken detection + constrative classification/data/crops_kolektor_deteksi/test/normal/20091_02333.png,0,normal,test,test,20091,20091.png,"[174, 628, 229, 646]",1.0,kolektor_deteksi,kolektor_permukaan
C:/Arib/MASSA AYAM/chicken detection + constrative classification/data/crops_kolektor_deteksi/test/normal/20091_02334.png,0,normal,test,test,20091,20091.png,"[23, 601, 123, 650]",1.0,kolektor_deteksi,kolektor_permukaan
C:/Arib/MASSA AYAM/chicken detection + constrative classification/data/crops_kolektor_deteksi/test/normal/20097_02335.png,0,normal,test,test,20097,20097.png,"[0, 46, 16, 100]",1.0,kolektor_deteksi,kolektor_permukaan
C:/Arib/MASSA AYAM/chicken detection + constrative classification/data/crops_kolektor_deteksi/test/normal/20097_02336.png,0,normal,test,test,20097,20097.png,"[0, 55, 16, 123]",1.0,kolektor_deteksi,kolektor_permukaan
C:/Arib/MASSA AYAM/chicken detection + constrative classification/data/crops_kolektor_deteksi/test/normal/20102_02345.png,0,normal,test,test,20102,20102.png,"[0, 8, 18, 26]",1.0,kolektor_deteksi,kolektor_permukaan
C:/Arib/MASSA AYAM/chicken detection + constrative classification/data/crops_kolektor_deteksi/test/normal/20102_02346.png,0,normal,test,test,20102,20102.png,"[0, 7, 18, 59]",1.0,kolektor_deteksi,kolektor_permukaan
C:/Arib/MASSA AYAM/chicken detection + constrative classification/data/crops_kolektor_deteksi/test/normal/20107_02347.png,0,normal,test,test,20107,20107.png,"[0, 542, 13, 619]",1.0,kolektor_deteksi,kolektor_permukaan
C:/Arib/MASSA AYAM/chicken detection + constrative classification/data/crops_kolektor_deteksi/test/normal/20107_02348.png,0,normal,test,test,20107,20107.png,"[0, 524, 15, 595]",1.0,kolektor_deteksi,kolektor_permukaan
C:/Arib/MASSA AYAM/chicken detection + constrative classification/data/crops_kolektor_deteksi/test/normal/20107_02349.png,0,normal,test,test,20107,20107.png,"[0, 550, 10, 627]",1.0,kolektor_deteksi,kolektor_permukaan
C:/Arib/MASSA AYAM/chicken detection + constrative classification/data/crops_kolektor_deteksi/test/normal/20109_02350.png,0,normal,test,test,20109,20109.png,"[0, 0, 12, 45]",1.0,kolektor_deteksi,kolektor_permukaan
C:/Arib/MASSA AYAM/chicken detection + constrative classification/data/crops_kolektor_deteksi/test/normal/20109_02351.png,0,normal,test,test,20109,20109.png,"[0, 13, 12, 77]",1.0,kolektor_deteksi,kolektor_permukaan
C:/Arib/MASSA AYAM/chicken detection + constrative classification/data/crops_kolektor_deteksi/test/normal/20114_02352.png,0,normal,test,test,20114,20114.png,"[0, 562, 9, 598]",1.0,kolektor_deteksi,kolektor_permukaan
C:/Arib/MASSA AYAM/chicken detection + constrative classification/data/crops_kolektor_deteksi/test/normal/20114_02353.png,0,normal,test,test,20114,20114.png,"[0, 576, 9, 606]",1.0,kolektor_deteksi,kolektor_permukaan
C:/Arib/MASSA AYAM/chicken detection + constrative classification/data/crops_kolektor_deteksi/test/normal/20116_02354.png,0,normal,test,test,20116,20116.png,"[0, 593, 15, 629]",1.0,kolektor_deteksi,kolektor_permukaan
C:/Arib/MASSA AYAM/chicken detection + constrative classification/data/crops_kolektor_deteksi/test/normal/20116_02355.png,0,normal,test,test,20116,20116.png,"[0, 582, 13, 630]",1.0,kolektor_deteksi,kolektor_permukaan
C:/Arib/MASSA AYAM/chicken detection + constrative classification/data/crops_kolektor_deteksi/test/normal/20120_02362.png,0,normal,test,test,20120,20120.png,"[0, 115, 15, 163]",1.0,kolektor_deteksi,kolektor_permukaan
C:/Arib/MASSA AYAM/chicken detection + constrative classification/data/crops_kolektor_deteksi/test/normal/20120_02363.png,0,normal,test,test,20120,20120.png,"[0, 103, 15, 146]",1.0,kolektor_deteksi,kolektor_permukaan
C:/Arib/MASSA AYAM/chicken detection + constrative classification/data/crops_kolektor_deteksi/test/normal/20120_02364.png,0,normal,test,test,20120,20120.png,"[0, 116, 16, 189]",1.0,kolektor_deteksi,kolektor_permukaan
C:/Arib/MASSA AYAM/chicken detection + constrative classification/data/crops_kolektor_deteksi/test/normal/20122_02365.png,0,normal,test,test,20122,20122.png,"[0, 156, 13, 191]",1.0,kolektor_deteksi,kolektor_permukaan
C:/Arib/MASSA AYAM/chicken detection + constrative classification/data/crops_kolektor_deteksi/test/normal/20122_02366.png,0,normal,test,test,20122,20122.png,"[0, 143, 14, 190]",1.0,kolektor_deteksi,kolektor_permukaan
C:/Arib/MASSA AYAM/chicken detection + constrative classification/data/crops_kolektor_deteksi/test/normal/20122_02367.png,0,normal,test,test,20122,20122.png,"[0, 166, 14, 215]",1.0,kolektor_deteksi,kolektor_permukaan
C:/Arib/MASSA AYAM/chicken detection + constrative classification/data/crops_kolektor_deteksi/test/normal/20124_02368.png,0,normal,test,test,20124,20124.png,"[0, 541, 14, 617]",1.0,kolektor_deteksi,kolektor_permukaan
C:/Arib/MASSA AYAM/chicken detection + constrative classification/data/crops_kolektor_deteksi/test/normal/20124_02369.png,0,normal,test,test,20124,20124.png,"[0, 525, 16, 599]",1.0,kolektor_deteksi,kolektor_permukaan
C:/Arib/MASSA AYAM/chicken detection + constrative classification/data/crops_kolektor_deteksi/test/normal/20124_02370.png,0,normal,test,test,20124,20124.png,"[0, 550, 15, 634]",1.0,kolektor_deteksi,kolektor_permukaan
C:/Arib/MASSA AYAM/chicken detection + constrative classification/data/crops_kolektor_deteksi/test/normal/20124_02371.png,0,normal,test,test,20124,20124.png,"[0, 517, 17, 637]",1.0,kolektor_deteksi,kolektor_permukaan
C:/Arib/MASSA AYAM/chicken detection + constrative classification/data/crops_kolektor_deteksi/test/normal/20126_02376.png,0,normal,test,test,20126,20126.png,"[0, 602, 20, 623]",1.0,kolektor_deteksi,kolektor_permukaan
C:/Arib/MASSA AYAM/chicken detection + constrative classification/data/crops_kolektor_deteksi/test/normal/20126_02377.png,0,normal,test,test,20126,20126.png,"[0, 596, 16, 622]",1.0,kolektor_deteksi,kolektor_permukaan
C:/Arib/MASSA AYAM/chicken detection + constrative classification/data/crops_kolektor_deteksi/test/normal/20127_02378.png,0,normal,test,test,20127,20127.png,"[1, 614, 21, 627]",1.0,kolektor_deteksi,kolektor_permukaan
C:/Arib/MASSA AYAM/chicken detection + constrative classification/data/crops_kolektor_deteksi/test/normal/20127_02379.png,0,normal,test,test,20127,20127.png,"[1, 610, 18, 627]",1.0,kolektor_deteksi,kolektor_permukaan
C:/Arib/MASSA AYAM/chicken detection + constrative classification/data/crops_kolektor_deteksi/test/normal/20127_02380.png,0,normal,test,test,20127,20127.png,"[0, 508, 15, 585]",1.0,kolektor_deteksi,kolektor_permukaan
C:/Arib/MASSA AYAM/chicken detection + constrative classification/data/crops_kolektor_deteksi/test/normal/20127_02381.png,0,normal,test,test,20127,20127.png,"[0, 611, 21, 629]",1.0,kolektor_deteksi,kolektor_permukaan
C:/Arib/MASSA AYAM/chicken detection + constrative classification/data/crops_kolektor_deteksi/test/normal/20127_02382.png,0,normal,test,test,20127,20127.png,"[0, 517, 15, 602]",1.0,kolektor_deteksi,kolektor_permukaan
C:/Arib/MASSA AYAM/chicken detection + constrative classification/data/crops_kolektor_deteksi/test/normal/20134_02387.png,0,normal,test,test,20134,20134.png,"[0, 587, 11, 636]",1.0,kolektor_deteksi,kolektor_permukaan
C:/Arib/MASSA AYAM/chicken detection + constrative classification/data/crops_kolektor_deteksi/test/normal/20134_02388.png,0,normal,test,test,20134,20134.png,"[0, 601, 13, 634]",1.0,kolektor_deteksi,kolektor_permukaan
C:/Arib/MASSA AYAM/chicken detection + constrative classification/data/crops_kolektor_deteksi/test/normal/20136_02389.png,0,normal,test,test,20136,20136.png,"[0, 2, 19, 54]",1.0,kolektor_deteksi,kolektor_permukaan
C:/Arib/MASSA AYAM/chicken detection + constrative classification/data/crops_kolektor_deteksi/test/normal/20136_02390.png,0,normal,test,test,20136,20136.png,"[0, 4, 22, 41]",1.0,kolektor_deteksi,kolektor_permukaan
C:/Arib/MASSA AYAM/chicken detection + constrative classification/data/crops_kolektor_deteksi/test/normal/20136_02391.png,0,normal,test,test,20136,20136.png,"[0, 1, 23, 72]",1.0,kolektor_deteksi,kolektor_permukaan
C:/Arib/MASSA AYAM/chicken detection + constrative classification/data/crops_kolektor_deteksi/test/normal/20136_02392.png,0,normal,test,test,20136,20136.png,"[0, 0, 17, 81]",1.0,kolektor_deteksi,kolektor_permukaan
C:/Arib/MASSA AYAM/chicken detection + constrative classification/data/crops_kolektor_deteksi/test/normal/20136_02393.png,0,normal,test,test,20136,20136.png,"[0, 199, 13, 279]",1.0,kolektor_deteksi,kolektor_permukaan
C:/Arib/MASSA AYAM/chicken detection + constrative classification/data/crops_kolektor_deteksi/test/normal/20136_02394.png,0,normal,test,test,20136,20136.png,"[0, 145, 12, 226]",1.0,kolektor_deteksi,kolektor_permukaan
C:/Arib/MASSA AYAM/chicken detection + constrative classification/data/crops_kolektor_deteksi/test/normal/20136_02395.png,0,normal,test,test,20136,20136.png,"[0, 6, 28, 59]",1.0,kolektor_deteksi,kolektor_permukaan
C:/Arib/MASSA AYAM/chicken detection + constrative classification/data/crops_kolektor_deteksi/test/normal/20136_02396.png,0,normal,test,test,20136,20136.png,"[0, 132, 13, 211]",1.0,kolektor_deteksi,kolektor_permukaan
C:/Arib/MASSA AYAM/chicken detection + constrative classification/data/crops_kolektor_deteksi/test/normal/20136_02397.png,0,normal,test,test,20136,20136.png,"[0, 217, 13, 298]",1.0,kolektor_deteksi,kolektor_permukaan
C:/Arib/MASSA AYAM/chicken detection + constrative classification/data/crops_kolektor_deteksi/test/normal/20136_02398.png,0,normal,test,test,20136,20136.png,"[0, 0, 25, 87]",1.0,kolektor_deteksi,kolektor_permukaan
C:/Arib/MASSA AYAM/chicken detection + constrative classification/data/crops_kolektor_deteksi/test/normal/20136_02399.png,0,normal,test,test,20136,20136.png,"[0, 10, 12, 93]",1.0,kolektor_deteksi,kolektor_permukaan
C:/Arib/MASSA AYAM/chicken detection + constrative classification/data/crops_kolektor_deteksi/test/normal/20136_02400.png,0,normal,test,test,20136,20136.png,"[0, 112, 13, 194]",1.0,kolektor_deteksi,kolektor_permukaan
C:/Arib/MASSA AYAM/chicken detection + constrative classification/data/crops_kolektor_deteksi/test/normal/20136_02401.png,0,normal,test,test,20136,20136.png,"[0, 0, 35, 71]",1.0,kolektor_deteksi,kolektor_permukaan
C:/Arib/MASSA AYAM/chicken detection + constrative classification/data/crops_kolektor_deteksi/test/normal/20136_02402.png,0,normal,test,test,20136,20136.png,"[0, 185, 13, 262]",1.0,kolektor_deteksi,kolektor_permukaan
C:/Arib/MASSA AYAM/chicken detection + constrative classification/data/crops_kolektor_deteksi/test/normal/20136_02403.png,0,normal,test,test,20136,20136.png,"[0, 99, 13, 180]",1.0,kolektor_deteksi,kolektor_permukaan
C:/Arib/MASSA AYAM/chicken detection + constrative classification/data/crops_kolektor_deteksi/test/normal/20136_02404.png,0,normal,test,test,20136,20136.png,"[0, 0, 23, 55]",1.0,kolektor_deteksi,kolektor_permukaan
C:/Arib/MASSA AYAM/chicken detection + constrative classification/data/crops_kolektor_deteksi/test/normal/20136_02405.png,0,normal,test,test,20136,20136.png,"[0, 27, 13, 109]",1.0,kolektor_deteksi,kolektor_permukaan
C:/Arib/MASSA AYAM/chicken detection + constrative classification/data/crops_kolektor_deteksi/test/normal/20136_02406.png,0,normal,test,test,20136,20136.png,"[0, 157, 13, 242]",1.0,kolektor_deteksi,kolektor_permukaan
C:/Arib/MASSA AYAM/chicken detection + constrative classification/data/crops_kolektor_deteksi/test/normal/20136_02407.png,0,normal,test,test,20136,20136.png,"[0, 1, 29, 38]",1.0,kolektor_deteksi,kolektor_permukaan
C:/Arib/MASSA AYAM/chicken detection + constrative classification/data/crops_kolektor_deteksi/test/normal/20136_02408.png,0,normal,test,test,20136,20136.png,"[0, 230, 13, 312]",1.0,kolektor_deteksi,kolektor_permukaan
C:/Arib/MASSA AYAM/chicken detection + constrative classification/data/crops_kolektor_deteksi/test/normal/20136_02409.png,0,normal,test,test,20136,20136.png,"[0, 46, 12, 127]",1.0,kolektor_deteksi,kolektor_permukaan
C:/Arib/MASSA AYAM/chicken detection + constrative classification/data/crops_kolektor_deteksi/test/normal/20138_02410.png,0,normal,test,test,20138,20138.png,"[0, 601, 17, 633]",1.0,kolektor_deteksi,kolektor_permukaan
C:/Arib/MASSA AYAM/chicken detection + constrative classification/data/crops_kolektor_deteksi/test/normal/20138_02411.png,0,normal,test,test,20138,20138.png,"[0, 587, 17, 634]",1.0,kolektor_deteksi,kolektor_permukaan
C:/Arib/MASSA AYAM/chicken detection + constrative classification/data/crops_kolektor_deteksi/test/normal/20138_02412.png,0,normal,test,test,20138,20138.png,"[0, 607, 20, 630]",1.0,kolektor_deteksi,kolektor_permukaan
C:/Arib/MASSA AYAM/chicken detection + constrative classification/data/crops_kolektor_deteksi/test/normal/20138_02413.png,0,normal,test,test,20138,20138.png,"[0, 577, 19, 637]",1.0,kolektor_deteksi,kolektor_permukaan
C:/Arib/MASSA AYAM/chicken detection + constrative classification/data/crops_kolektor_deteksi/test/normal/20140_02414.png,0,normal,test,test,20140,20140.png,"[0, 586, 11, 635]",1.0,kolektor_deteksi,kolektor_permukaan
C:/Arib/MASSA AYAM/chicken detection + constrative classification/data/crops_kolektor_deteksi/test/normal/20140_02415.png,0,normal,test,test,20140,20140.png,"[0, 594, 12, 634]",1.0,kolektor_deteksi,kolektor_permukaan
C:/Arib/MASSA AYAM/chicken detection + constrative classification/data/crops_kolektor_deteksi/test/normal/20140_02416.png,0,normal,test,test,20140,20140.png,"[18, 611, 96, 633]",1.0,kolektor_deteksi,kolektor_permukaan
C:/Arib/MASSA AYAM/chicken detection + constrative classification/data/crops_kolektor_deteksi/test/normal/20143_02424.png,0,normal,test,test,20143,20143.png,"[125, 360, 158, 384]",1.0,kolektor_deteksi,kolektor_permukaan
C:/Arib/MASSA AYAM/chicken detection + constrative classification/data/crops_kolektor_deteksi/test/normal/20144_02425.png,0,normal,test,test,20144,20144.png,"[0, 278, 11, 344]",1.0,kolektor_deteksi,kolektor_permukaan
C:/Arib/MASSA AYAM/chicken detection + constrative classification/data/crops_kolektor_deteksi/test/normal/20144_02426.png,0,normal,test,test,20144,20144.png,"[0, 269, 11, 317]",1.0,kolektor_deteksi,kolektor_permukaan
C:/Arib/MASSA AYAM/chicken detection + constrative classification/data/crops_kolektor_deteksi/test/normal/20144_02427.png,0,normal,test,test,20144,20144.png,"[0, 292, 13, 360]",1.0,kolektor_deteksi,kolektor_permukaan
C:/Arib/MASSA AYAM/chicken detection + constrative classification/data/crops_kolektor_deteksi/test/normal/20144_02428.png,0,normal,test,test,20144,20144.png,"[0, 260, 13, 349]",1.0,kolektor_deteksi,kolektor_permukaan
C:/Arib/MASSA AYAM/chicken detection + constrative classification/data/crops_kolektor_deteksi/test/normal/20145_02429.png,0,normal,test,test,20145,20145.png,"[28, 612, 91, 627]",1.0,kolektor_deteksi,kolektor_permukaan
C:/Arib/MASSA AYAM/chicken detection + constrative classification/data/crops_kolektor_deteksi/test/normal/20145_02430.png,0,normal,test,test,20145,20145.png,"[29, 613, 76, 626]",1.0,kolektor_deteksi,kolektor_permukaan
C:/Arib/MASSA AYAM/chicken detection + constrative classification/data/crops_kolektor_deteksi/test/normal/20145_02431.png,0,normal,test,test,20145,20145.png,"[19, 611, 98, 628]",1.0,kolektor_deteksi,kolektor_permukaan
C:/Arib/MASSA AYAM/chicken detection + constrative classification/data/crops_kolektor_deteksi/test/normal/20145_02432.png,0,normal,test,test,20145,20145.png,"[31, 611, 68, 627]",1.0,kolektor_deteksi,kolektor_permukaan
C:/Arib/MASSA AYAM/chicken detection + constrative classification/data/crops_kolektor_deteksi/test/normal/20145_02433.png,0,normal,test,test,20145,20145.png,"[7, 604, 111, 629]",1.0,kolektor_deteksi,kolektor_permukaan
C:/Arib/MASSA AYAM/chicken detection + constrative classification/data/crops_kolektor_deteksi/test/normal/20145_02434.png,0,normal,test,test,20145,20145.png,"[34, 610, 67, 624]",1.0,kolektor_deteksi,kolektor_permukaan
C:/Arib/MASSA AYAM/chicken detection + constrative classification/data/crops_kolektor_deteksi/test/normal/20146_02435.png,0,normal,test,test,20146,20146.png,"[0, 230, 12, 274]",1.0,kolektor_deteksi,kolektor_permukaan
C:/Arib/MASSA AYAM/chicken detection + constrative classification/data/crops_kolektor_deteksi/test/normal/20146_02436.png,0,normal,test,test,20146,20146.png,"[0, 219, 13, 275]",1.0,kolektor_deteksi,kolektor_permukaan
C:/Arib/MASSA AYAM/chicken detection + constrative classification/data/crops_kolektor_deteksi/test/normal/20162_02441.png,0,normal,test,test,20162,20162.png,"[34, 282, 50, 292]",1.0,kolektor_deteksi,kolektor_permukaan
C:/Arib/MASSA AYAM/chicken detection + constrative classification/data/crops_kolektor_deteksi/test/normal/20164_02442.png,0,normal,test,test,20164,20164.png,"[0, 39, 10, 90]",1.0,kolektor_deteksi,kolektor_permukaan
C:/Arib/MASSA AYAM/chicken detection + constrative classification/data/crops_kolektor_deteksi/test/normal/20164_02443.png,0,normal,test,test,20164,20164.png,"[0, 28, 10, 71]",1.0,kolektor_deteksi,kolektor_permukaan
C:/Arib/MASSA AYAM/chicken detection + constrative classification/data/crops_kolektor_deteksi/test/normal/20164_02444.png,0,normal,test,test,20164,20164.png,"[0, 45, 12, 113]",1.0,kolektor_deteksi,kolektor_permukaan
C:/Arib/MASSA AYAM/chicken detection + constrative classification/data/crops_kolektor_deteksi/test/normal/20164_02445.png,0,normal,test,test,20164,20164.png,"[0, 16, 11, 88]",1.0,kolektor_deteksi,kolektor_permukaan
C:/Arib/MASSA AYAM/chicken detection + constrative classification/data/crops_kolektor_deteksi/test/normal/20164_02446.png,0,normal,test,test,20164,20164.png,"[0, 19, 12, 69]",1.0,kolektor_deteksi,kolektor_permukaan
C:/Arib/MASSA AYAM/chicken detection + constrative classification/data/crops_kolektor_deteksi/test/normal/20168_02447.png,0,normal,test,test,20168,20168.png,"[0, 84, 12, 114]",1.0,kolektor_deteksi,kolektor_permukaan
C:/Arib/MASSA AYAM/chicken detection + constrative classification/data/crops_kolektor_deteksi/test/normal/20171_02448.png,0,normal,test,test,20171,20171.png,"[0, 541, 15, 613]",1.0,kolektor_deteksi,kolektor_permukaan
C:/Arib/MASSA AYAM/chicken detection + constrative classification/data/crops_kolektor_deteksi/test/normal/20171_02449.png,0,normal,test,test,20171,20171.png,"[0, 547, 17, 619]",1.0,kolektor_deteksi,kolektor_permukaan
C:/Arib/MASSA AYAM/chicken detection + constrative classification/data/crops_kolektor_deteksi/test/normal/20171_02450.png,0,normal,test,test,20171,20171.png,"[0, 534, 14, 588]",1.0,kolektor_deteksi,kolektor_permukaan
C:/Arib/MASSA AYAM/chicken detection + constrative classification/data/crops_kolektor_deteksi/test/normal/20183_02460.png,0,normal,test,test,20183,20183.png,"[0, 592, 10, 636]",1.0,kolektor_deteksi,kolektor_permukaan
C:/Arib/MASSA AYAM/chicken detection + constrative classification/data/crops_kolektor_deteksi/test/normal/20183_02461.png,0,normal,test,test,20183,20183.png,"[0, 593, 10, 636]",1.0,kolektor_deteksi,kolektor_permukaan
C:/Arib/MASSA AYAM/chicken detection + constrative classification/data/crops_kolektor_deteksi/test/normal/20183_02462.png,0,normal,test,test,20183,20183.png,"[0, 470, 11, 543]",1.0,kolektor_deteksi,kolektor_permukaan
C:/Arib/MASSA AYAM/chicken detection + constrative classification/data/crops_kolektor_deteksi/test/normal/20183_02463.png,0,normal,test,test,20183,20183.png,"[0, 530, 13, 587]",1.0,kolektor_deteksi,kolektor_permukaan
C:/Arib/MASSA AYAM/chicken detection + constrative classification/data/crops_kolektor_deteksi/test/normal/20185_02464.png,0,normal,test,test,20185,20185.png,"[0, 446, 14, 526]",1.0,kolektor_deteksi,kolektor_permukaan
C:/Arib/MASSA AYAM/chicken detection + constrative classification/data/crops_kolektor_deteksi/test/normal/20185_02465.png,0,normal,test,test,20185,20185.png,"[0, 448, 14, 502]",1.0,kolektor_deteksi,kolektor_permukaan
C:/Arib/MASSA AYAM/chicken detection + constrative classification/data/crops_kolektor_deteksi/test/normal/20185_02466.png,0,normal,test,test,20185,20185.png,"[0, 454, 18, 536]",1.0,kolektor_deteksi,kolektor_permukaan
C:/Arib/MASSA AYAM/chicken detection + constrative classification/data/crops_kolektor_deteksi/test/normal/20187_02467.png,0,normal,test,test,20187,20187.png,"[0, 1, 15, 65]",1.0,kolektor_deteksi,kolektor_permukaan
C:/Arib/MASSA AYAM/chicken detection + constrative classification/data/crops_kolektor_deteksi/test/normal/20191_02469.png,0,normal,test,test,20191,20191.png,"[0, 17, 11, 93]",1.0,kolektor_deteksi,kolektor_permukaan
C:/Arib/MASSA AYAM/chicken detection + constrative classification/data/crops_kolektor_deteksi/test/normal/20192_02470.png,0,normal,test,test,20192,20192.png,"[0, 596, 11, 629]",1.0,kolektor_deteksi,kolektor_permukaan
C:/Arib/MASSA AYAM/chicken detection + constrative classification/data/crops_kolektor_deteksi/test/normal/20195_02471.png,0,normal,test,test,20195,20195.png,"[0, 612, 38, 643]",1.0,kolektor_deteksi,kolektor_permukaan
C:/Arib/MASSA AYAM/chicken detection + constrative classification/data/crops_kolektor_deteksi/test/normal/20196_02472.png,0,normal,test,test,20196,20196.png,"[0, 563, 12, 628]",1.0,kolektor_deteksi,kolektor_permukaan
C:/Arib/MASSA AYAM/chicken detection + constrative classification/data/crops_kolektor_deteksi/test/normal/20197_02473.png,0,normal,test,test,20197,20197.png,"[0, 538, 13, 594]",1.0,kolektor_deteksi,kolektor_permukaan
C:/Arib/MASSA AYAM/chicken detection + constrative classification/data/crops_kolektor_deteksi/test/normal/20197_02474.png,0,normal,test,test,20197,20197.png,"[0, 550, 14, 618]",1.0,kolektor_deteksi,kolektor_permukaan
C:/Arib/MASSA AYAM/chicken detection + constrative classification/data/crops_kolektor_deteksi/test/normal/20199_02475.png,0,normal,test,test,20199,20199.png,"[0, 78, 10, 152]",1.0,kolektor_deteksi,kolektor_permukaan
C:/Arib/MASSA AYAM/chicken detection + constrative classification/data/crops_kolektor_deteksi/test/normal/20199_02476.png,0,normal,test,test,20199,20199.png,"[0, 93, 13, 163]",1.0,kolektor_deteksi,kolektor_permukaan
C:/Arib/MASSA AYAM/chicken detection + constrative classification/data/crops_kolektor_deteksi/test/normal/20199_02477.png,0,normal,test,test,20199,20199.png,"[0, 69, 10, 125]",1.0,kolektor_deteksi,kolektor_permukaan
C:/Arib/MASSA AYAM/chicken detection + constrative classification/data/crops_kolektor_deteksi/test/normal/20199_02478.png,0,normal,test,test,20199,20199.png,"[0, 114, 14, 171]",1.0,kolektor_deteksi,kolektor_permukaan
C:/Arib/MASSA AYAM/chicken detection + constrative classification/data/crops_kolektor_deteksi/test/normal/20201_02479.png,0,normal,test,test,20201,20201.png,"[0, 599, 21, 623]",1.0,kolektor_deteksi,kolektor_permukaan
C:/Arib/MASSA AYAM/chicken detection + constrative classification/data/crops_kolektor_deteksi/test/normal/20201_02480.png,0,normal,test,test,20201,20201.png,"[0, 594, 17, 623]",1.0,kolektor_deteksi,kolektor_permukaan
C:/Arib/MASSA AYAM/chicken detection + constrative classification/data/crops_kolektor_deteksi/test/normal/20201_02481.png,0,normal,test,test,20201,20201.png,"[0, 20, 32, 34]",1.0,kolektor_deteksi,kolektor_permukaan
C:/Arib/MASSA AYAM/chicken detection + constrative classification/data/crops_kolektor_deteksi/test/normal/20203_02482.png,0,normal,test,test,20203,20203.png,"[0, 0, 10, 45]",1.0,kolektor_deteksi,kolektor_permukaan
C:/Arib/MASSA AYAM/chicken detection + constrative classification/data/crops_kolektor_deteksi/test/normal/20203_02483.png,0,normal,test,test,20203,20203.png,"[0, 0, 10, 59]",1.0,kolektor_deteksi,kolektor_permukaan
C:/Arib/MASSA AYAM/chicken detection + constrative classification/data/crops_kolektor_deteksi/test/normal/20206_02489.png,0,normal,test,test,20206,20206.png,"[0, 333, 17, 397]",1.0,kolektor_deteksi,kolektor_permukaan
C:/Arib/MASSA AYAM/chicken detection + constrative classification/data/crops_kolektor_deteksi/test/normal/20211_02492.png,0,normal,test,test,20211,20211.png,"[0, 476, 12, 537]",1.0,kolektor_deteksi,kolektor_permukaan
C:/Arib/MASSA AYAM/chicken detection + constrative classification/data/crops_kolektor_deteksi/test/normal/20212_02493.png,0,normal,test,test,20212,20212.png,"[43, 620, 72, 635]",1.0,kolektor_deteksi,kolektor_permukaan
C:/Arib/MASSA AYAM/chicken detection + constrative classification/data/crops_kolektor_deteksi/test/normal/20212_02494.png,0,normal,test,test,20212,20212.png,"[48, 618, 69, 631]",1.0,kolektor_deteksi,kolektor_permukaan
C:/Arib/MASSA AYAM/chicken detection + constrative classification/data/crops_kolektor_deteksi/test/normal/20216_02495.png,0,normal,test,test,20216,20216.png,"[0, 595, 15, 630]",1.0,kolektor_deteksi,kolektor_permukaan
C:/Arib/MASSA AYAM/chicken detection + constrative classification/data/crops_kolektor_deteksi/test/normal/20219_02496.png,0,normal,test,test,20219,20219.png,"[0, 257, 9, 307]",1.0,kolektor_deteksi,kolektor_permukaan
C:/Arib/MASSA AYAM/chicken detection + constrative classification/data/crops_kolektor_deteksi/test/normal/20219_02497.png,0,normal,test,test,20219,20219.png,"[0, 273, 10, 338]",1.0,kolektor_deteksi,kolektor_permukaan
C:/Arib/MASSA AYAM/chicken detection + constrative classification/data/crops_kolektor_deteksi/test/normal/20219_02498.png,0,normal,test,test,20219,20219.png,"[0, 249, 11, 306]",1.0,kolektor_deteksi,kolektor_permukaan
C:/Arib/MASSA AYAM/chicken detection + constrative classification/data/crops_kolektor_deteksi/test/normal/20221_02499.png,0,normal,test,test,20221,20221.png,"[0, 553, 14, 620]",1.0,kolektor_deteksi,kolektor_permukaan
C:/Arib/MASSA AYAM/chicken detection + constrative classification/data/crops_kolektor_deteksi/test/normal/20221_02500.png,0,normal,test,test,20221,20221.png,"[0, 558, 16, 631]",1.0,kolektor_deteksi,kolektor_permukaan
C:/Arib/MASSA AYAM/chicken detection + constrative classification/data/crops_kolektor_deteksi/test/normal/20221_02501.png,0,normal,test,test,20221,20221.png,"[0, 583, 12, 634]",1.0,kolektor_deteksi,kolektor_permukaan
C:/Arib/MASSA AYAM/chicken detection + constrative classification/data/crops_kolektor_deteksi/test/normal/20223_02502.png,0,normal,test,test,20223,20223.png,"[0, 400, 11, 477]",1.0,kolektor_deteksi,kolektor_permukaan
C:/Arib/MASSA AYAM/chicken detection + constrative classification/data/crops_kolektor_deteksi/test/normal/20223_02503.png,0,normal,test,test,20223,20223.png,"[0, 350, 10, 425]",1.0,kolektor_deteksi,kolektor_permukaan
C:/Arib/MASSA AYAM/chicken detection + constrative classification/data/crops_kolektor_deteksi/test/normal/20223_02504.png,0,normal,test,test,20223,20223.png,"[0, 415, 10, 497]",1.0,kolektor_deteksi,kolektor_permukaan
C:/Arib/MASSA AYAM/chicken detection + constrative classification/data/crops_kolektor_deteksi/test/normal/20223_02505.png,0,normal,test,test,20223,20223.png,"[0, 339, 9, 411]",1.0,kolektor_deteksi,kolektor_permukaan
C:/Arib/MASSA AYAM/chicken detection + constrative classification/data/crops_kolektor_deteksi/test/normal/20223_02506.png,0,normal,test,test,20223,20223.png,"[0, 0, 11, 75]",1.0,kolektor_deteksi,kolektor_permukaan
C:/Arib/MASSA AYAM/chicken detection + constrative classification/data/crops_kolektor_deteksi/test/normal/20223_02507.png,0,normal,test,test,20223,20223.png,"[0, 389, 10, 452]",1.0,kolektor_deteksi,kolektor_permukaan
C:/Arib/MASSA AYAM/chicken detection + constrative classification/data/crops_kolektor_deteksi/test/normal/20235_02509.png,0,normal,test,test,20235,20235.png,"[0, 603, 19, 630]",1.0,kolektor_deteksi,kolektor_permukaan
C:/Arib/MASSA AYAM/chicken detection + constrative classification/data/crops_kolektor_deteksi/test/normal/20239_02512.png,0,normal,test,test,20239,20239.png,"[0, 205, 9, 246]",1.0,kolektor_deteksi,kolektor_permukaan
C:/Arib/MASSA AYAM/chicken detection + constrative classification/data/crops_kolektor_deteksi/test/normal/20245_02513.png,0,normal,test,test,20245,20245.png,"[0, 591, 13, 648]",1.0,kolektor_deteksi,kolektor_permukaan
C:/Arib/MASSA AYAM/chicken detection + constrative classification/data/crops_kolektor_deteksi/test/normal/20245_02514.png,0,normal,test,test,20245,20245.png,"[0, 22, 12, 96]",1.0,kolektor_deteksi,kolektor_permukaan
C:/Arib/MASSA AYAM/chicken detection + constrative classification/data/crops_kolektor_deteksi/test/normal/20245_02515.png,0,normal,test,test,20245,20245.png,"[0, 578, 12, 633]",1.0,kolektor_deteksi,kolektor_permukaan
C:/Arib/MASSA AYAM/chicken detection + constrative classification/data/crops_kolektor_deteksi/test/normal/20245_02516.png,0,normal,test,test,20245,20245.png,"[0, 266, 11, 345]",1.0,kolektor_deteksi,kolektor_permukaan
C:/Arib/MASSA AYAM/chicken detection + constrative classification/data/crops_kolektor_deteksi/test/normal/20245_02517.png,0,normal,test,test,20245,20245.png,"[0, 32, 14, 110]",1.0,kolektor_deteksi,kolektor_permukaan
C:/Arib/MASSA AYAM/chicken detection + constrative classification/data/crops_kolektor_deteksi/test/normal/20245_02518.png,0,normal,test,test,20245,20245.png,"[0, 257, 10, 328]",1.0,kolektor_deteksi,kolektor_permukaan
C:/Arib/MASSA AYAM/chicken detection + constrative classification/data/crops_kolektor_deteksi/test/normal/20245_02519.png,0,normal,test,test,20245,20245.png,"[0, 569, 15, 630]",1.0,kolektor_deteksi,kolektor_permukaan
C:/Arib/MASSA AYAM/chicken detection + constrative classification/data/crops_kolektor_deteksi/test/normal/20245_02520.png,0,normal,test,test,20245,20245.png,"[0, 541, 11, 623]",1.0,kolektor_deteksi,kolektor_permukaan
C:/Arib/MASSA AYAM/chicken detection + constrative classification/data/crops_kolektor_deteksi/test/normal/20245_02521.png,0,normal,test,test,20245,20245.png,"[0, 390, 18, 454]",1.0,kolektor_deteksi,kolektor_permukaan
C:/Arib/MASSA AYAM/chicken detection + constrative classification/data/crops_kolektor_deteksi/test/normal/20245_02522.png,0,normal,test,test,20245,20245.png,"[0, 6, 14, 87]",1.0,kolektor_deteksi,kolektor_permukaan
C:/Arib/MASSA AYAM/chicken detection + constrative classification/data/crops_kolektor_deteksi/test/normal/20245_02523.png,0,normal,test,test,20245,20245.png,"[0, 275, 13, 363]",1.0,kolektor_deteksi,kolektor_permukaan
C:/Arib/MASSA AYAM/chicken detection + constrative classification/data/crops_kolektor_deteksi/test/normal/20247_02526.png,0,normal,test,test,20247,20247.png,"[0, 78, 11, 152]",1.0,kolektor_deteksi,kolektor_permukaan
C:/Arib/MASSA AYAM/chicken detection + constrative classification/data/crops_kolektor_deteksi/test/normal/20252_02527.png,0,normal,test,test,20252,20252.png,"[0, 428, 9, 470]",1.0,kolektor_deteksi,kolektor_permukaan
C:/Arib/MASSA AYAM/chicken detection + constrative classification/data/crops_kolektor_deteksi/test/normal/20252_02528.png,0,normal,test,test,20252,20252.png,"[0, 415, 9, 458]",1.0,kolektor_deteksi,kolektor_permukaan
C:/Arib/MASSA AYAM/chicken detection + constrative classification/data/crops_kolektor_deteksi/test/normal/20252_02529.png,0,normal,test,test,20252,20252.png,"[0, 431, 11, 497]",1.0,kolektor_deteksi,kolektor_permukaan
C:/Arib/MASSA AYAM/chicken detection + constrative classification/data/crops_kolektor_deteksi/test/normal/20254_02530.png,0,normal,test,test,20254,20254.png,"[0, 297, 12, 371]",1.0,kolektor_deteksi,kolektor_permukaan
C:/Arib/MASSA AYAM/chicken detection + constrative classification/data/crops_kolektor_deteksi/test/normal/20254_02531.png,0,normal,test,test,20254,20254.png,"[0, 287, 12, 356]",1.0,kolektor_deteksi,kolektor_permukaan
C:/Arib/MASSA AYAM/chicken detection + constrative classification/data/crops_kolektor_deteksi/test/normal/20258_02532.png,0,normal,test,test,20258,20258.png,"[0, 607, 14, 640]",1.0,kolektor_deteksi,kolektor_permukaan
C:/Arib/MASSA AYAM/chicken detection + constrative classification/data/crops_kolektor_deteksi/test/normal/20258_02533.png,0,normal,test,test,20258,20258.png,"[0, 425, 10, 499]",1.0,kolektor_deteksi,kolektor_permukaan
C:/Arib/MASSA AYAM/chicken detection + constrative classification/data/crops_kolektor_deteksi/test/normal/20258_02534.png,0,normal,test,test,20258,20258.png,"[0, 420, 9, 479]",1.0,kolektor_deteksi,kolektor_permukaan
C:/Arib/MASSA AYAM/chicken detection + constrative classification/data/crops_kolektor_deteksi/test/normal/20262_02535.png,0,normal,test,test,20262,20262.png,"[0, 600, 22, 638]",1.0,kolektor_deteksi,kolektor_permukaan
C:/Arib/MASSA AYAM/chicken detection + constrative classification/data/crops_kolektor_deteksi/test/normal/20262_02536.png,0,normal,test,test,20262,20262.png,"[0, 598, 16, 638]",1.0,kolektor_deteksi,kolektor_permukaan
C:/Arib/MASSA AYAM/chicken detection + constrative classification/data/crops_kolektor_deteksi/test/normal/20269_02537.png,0,normal,test,test,20269,20269.png,"[0, 147, 9, 200]",1.0,kolektor_deteksi,kolektor_permukaan
C:/Arib/MASSA AYAM/chicken detection + constrative classification/data/crops_kolektor_deteksi/test/normal/20284_02540.png,0,normal,test,test,20284,20284.png,"[0, 446, 10, 498]",1.0,kolektor_deteksi,kolektor_permukaan
C:/Arib/MASSA AYAM/chicken detection + constrative classification/data/crops_kolektor_deteksi/test/normal/20284_02541.png,0,normal,test,test,20284,20284.png,"[0, 439, 10, 477]",1.0,kolektor_deteksi,kolektor_permukaan
C:/Arib/MASSA AYAM/chicken detection + constrative classification/data/crops_kolektor_deteksi/test/normal/20284_02542.png,0,normal,test,test,20284,20284.png,"[0, 450, 13, 520]",1.0,kolektor_deteksi,kolektor_permukaan
C:/Arib/MASSA AYAM/chicken detection + constrative classification/data/crops_kolektor_deteksi/test/normal/20284_02543.png,0,normal,test,test,20284,20284.png,"[0, 16, 11, 92]",1.0,kolektor_deteksi,kolektor_permukaan
C:/Arib/MASSA AYAM/chicken detection + constrative classification/data/crops_kolektor_deteksi/test/normal/20287_02544.png,0,normal,test,test,20287,20287.png,"[0, 0, 11, 66]",1.0,kolektor_deteksi,kolektor_permukaan
C:/Arib/MASSA AYAM/chicken detection + constrative classification/data/crops_kolektor_deteksi/test/normal/20287_02545.png,0,normal,test,test,20287,20287.png,"[0, 0, 9, 54]",1.0,kolektor_deteksi,kolektor_permukaan
C:/Arib/MASSA AYAM/chicken detection + constrative classification/data/crops_kolektor_deteksi/test/normal/20287_02546.png,0,normal,test,test,20287,20287.png,"[0, 0, 14, 82]",1.0,kolektor_deteksi,kolektor_permukaan
C:/Arib/MASSA AYAM/chicken detection + constrative classification/data/crops_kolektor_deteksi/test/normal/20287_02547.png,0,normal,test,test,20287,20287.png,"[0, 0, 13, 88]",1.0,kolektor_deteksi,kolektor_permukaan
C:/Arib/MASSA AYAM/chicken detection + constrative classification/data/crops_kolektor_deteksi/test/normal/20289_02548.png,0,normal,test,test,20289,20289.png,"[0, 99, 12, 139]",1.0,kolektor_deteksi,kolektor_permukaan
C:/Arib/MASSA AYAM/chicken detection + constrative classification/data/crops_kolektor_deteksi/test/normal/20289_02549.png,0,normal,test,test,20289,20289.png,"[0, 108, 12, 172]",1.0,kolektor_deteksi,kolektor_permukaan
C:/Arib/MASSA AYAM/chicken detection + constrative classification/data/crops_kolektor_deteksi/test/normal/20289_02550.png,0,normal,test,test,20289,20289.png,"[0, 534, 10, 596]",1.0,kolektor_deteksi,kolektor_permukaan
C:/Arib/MASSA AYAM/chicken detection + constrative classification/data/crops_kolektor_deteksi/test/normal/20289_02551.png,0,normal,test,test,20289,20289.png,"[0, 523, 11, 586]",1.0,kolektor_deteksi,kolektor_permukaan
C:/Arib/MASSA AYAM/chicken detection + constrative classification/data/crops_kolektor_deteksi/test/normal/20307_02559.png,0,normal,test,test,20307,20307.png,"[0, 0, 15, 55]",1.0,kolektor_deteksi,kolektor_permukaan
C:/Arib/MASSA AYAM/chicken detection + constrative classification/data/crops_kolektor_deteksi/test/normal/20312_02560.png,0,normal,test,test,20312,20312.png,"[0, 0, 12, 69]",1.0,kolektor_deteksi,kolektor_permukaan
C:/Arib/MASSA AYAM/chicken detection + constrative classification/data/crops_kolektor_deteksi/test/normal/20313_02561.png,0,normal,test,test,20313,20313.png,"[0, 282, 12, 336]",1.0,kolektor_deteksi,kolektor_permukaan
C:/Arib/MASSA AYAM/chicken detection + constrative classification/data/crops_kolektor_deteksi/test/normal/20313_02562.png,0,normal,test,test,20313,20313.png,"[0, 293, 13, 365]",1.0,kolektor_deteksi,kolektor_permukaan
C:/Arib/MASSA AYAM/chicken detection + constrative classification/data/crops_kolektor_deteksi/test/normal/20313_02563.png,0,normal,test,test,20313,20313.png,"[0, 359, 11, 433]",1.0,kolektor_deteksi,kolektor_permukaan
C:/Arib/MASSA AYAM/chicken detection + constrative classification/data/crops_kolektor_deteksi/test/normal/20313_02564.png,0,normal,test,test,20313,20313.png,"[0, 368, 13, 446]",1.0,kolektor_deteksi,kolektor_permukaan
C:/Arib/MASSA AYAM/chicken detection + constrative classification/data/crops_kolektor_deteksi/test/normal/20322_02567.png,0,normal,test,test,20322,20322.png,"[168, 49, 181, 59]",1.0,kolektor_deteksi,kolektor_permukaan
C:/Arib/MASSA AYAM/chicken detection + constrative classification/data/crops_kolektor_deteksi/test/normal/20322_02568.png,0,normal,test,test,20322,20322.png,"[167, 47, 181, 67]",1.0,kolektor_deteksi,kolektor_permukaan
C:/Arib/MASSA AYAM/chicken detection + constrative classification/data/crops_kolektor_deteksi/test/normal/20322_02569.png,0,normal,test,test,20322,20322.png,"[166, 45, 184, 61]",1.0,kolektor_deteksi,kolektor_permukaan
C:/Arib/MASSA AYAM/chicken detection + constrative classification/data/crops_kolektor_deteksi/test/normal/20322_02570.png,0,normal,test,test,20322,20322.png,"[165, 45, 186, 86]",1.0,kolektor_deteksi,kolektor_permukaan
C:/Arib/MASSA AYAM/chicken detection + constrative classification/data/crops_kolektor_deteksi/test/normal/20336_02571.png,0,normal,test,test,20336,20336.png,"[0, 608, 19, 630]",1.0,kolektor_deteksi,kolektor_permukaan
C:/Arib/MASSA AYAM/chicken detection + constrative classification/data/crops_kolektor_deteksi/test/normal/20336_02572.png,0,normal,test,test,20336,20336.png,"[0, 594, 15, 631]",1.0,kolektor_deteksi,kolektor_permukaan
C:/Arib/MASSA AYAM/chicken detection + constrative classification/data/crops_kolektor_deteksi/test/normal/20336_02573.png,0,normal,test,test,20336,20336.png,"[0, 609, 35, 631]",1.0,kolektor_deteksi,kolektor_permukaan
C:/Arib/MASSA AYAM/chicken detection + constrative classification/data/crops_kolektor_deteksi/test/normal/20336_02574.png,0,normal,test,test,20336,20336.png,"[71, 615, 121, 630]",1.0,kolektor_deteksi,kolektor_permukaan
C:/Arib/MASSA AYAM/chicken detection + constrative classification/data/crops_kolektor_deteksi/test/normal/20338_02575.png,0,normal,test,test,20338,20338.png,"[0, 593, 15, 631]",1.0,kolektor_deteksi,kolektor_permukaan
C:/Arib/MASSA AYAM/chicken detection + constrative classification/data/crops_kolektor_deteksi/test/normal/20340_02576.png,0,normal,test,test,20340,20340.png,"[0, 491, 15, 564]",1.0,kolektor_deteksi,kolektor_permukaan
C:/Arib/MASSA AYAM/chicken detection + constrative classification/data/crops_kolektor_deteksi/test/normal/20340_02577.png,0,normal,test,test,20340,20340.png,"[0, 480, 16, 545]",1.0,kolektor_deteksi,kolektor_permukaan
C:/Arib/MASSA AYAM/chicken detection + constrative classification/data/crops_kolektor_deteksi/test/normal/20340_02578.png,0,normal,test,test,20340,20340.png,"[0, 319, 12, 384]",1.0,kolektor_deteksi,kolektor_permukaan
C:/Arib/MASSA AYAM/chicken detection + constrative classification/data/crops_kolektor_deteksi/test/normal/20340_02579.png,0,normal,test,test,20340,20340.png,"[0, 494, 12, 581]",1.0,kolektor_deteksi,kolektor_permukaan
C:/Arib/MASSA AYAM/chicken detection + constrative classification/data/crops_kolektor_deteksi/test/normal/20340_02580.png,0,normal,test,test,20340,20340.png,"[0, 310, 16, 372]",1.0,kolektor_deteksi,kolektor_permukaan
C:/Arib/MASSA AYAM/chicken detection + constrative classification/data/crops_kolektor_deteksi/test/normal/20342_02581.png,0,normal,test,test,20342,20342.png,"[0, 448, 17, 505]",1.0,kolektor_deteksi,kolektor_permukaan
C:/Arib/MASSA AYAM/chicken detection + constrative classification/data/crops_kolektor_deteksi/test/normal/20342_02582.png,0,normal,test,test,20342,20342.png,"[0, 462, 20, 526]",1.0,kolektor_deteksi,kolektor_permukaan
C:/Arib/MASSA AYAM/chicken detection + constrative classification/data/crops_kolektor_deteksi/test/normal/20351_02583.png,0,normal,test,test,20351,20351.png,"[0, 617, 11, 637]",1.0,kolektor_deteksi,kolektor_permukaan
C:/Arib/MASSA AYAM/chicken detection + constrative classification/data/crops_kolektor_deteksi/test/normal/20351_02584.png,0,normal,test,test,20351,20351.png,"[0, 615, 15, 642]",1.0,kolektor_deteksi,kolektor_permukaan
C:/Arib/MASSA AYAM/chicken detection + constrative classification/data/crops_kolektor_deteksi/test/normal/20355_02585.png,0,normal,test,test,20355,20355.png,"[0, 239, 11, 288]",1.0,kolektor_deteksi,kolektor_permukaan
C:/Arib/MASSA AYAM/chicken detection + constrative classification/data/crops_kolektor_deteksi/test/normal/20365_02586.png,0,normal,test,test,20365,20365.png,"[0, 269, 12, 295]",1.0,kolektor_deteksi,kolektor_permukaan
C:/Arib/MASSA AYAM/chicken detection + constrative classification/data/crops_kolektor_deteksi/test/normal/20374_02587.png,0,normal,test,test,20374,20374.png,"[0, 343, 15, 401]",1.0,kolektor_deteksi,kolektor_permukaan
C:/Arib/MASSA AYAM/chicken detection + constrative classification/data/crops_kolektor_deteksi/test/normal/20375_02588.png,0,normal,test,test,20375,20375.png,"[0, 364, 11, 405]",1.0,kolektor_deteksi,kolektor_permukaan
C:/Arib/MASSA AYAM/chicken detection + constrative classification/data/crops_kolektor_deteksi/test/normal/20375_02589.png,0,normal,test,test,20375,20375.png,"[0, 378, 11, 439]",1.0,kolektor_deteksi,kolektor_permukaan
C:/Arib/MASSA AYAM/chicken detection + constrative classification/data/crops_kolektor_deteksi/test/normal/20415_02595.png,0,normal,test,test,20415,20415.png,"[0, 0, 12, 42]",1.0,kolektor_deteksi,kolektor_permukaan
C:/Arib/MASSA AYAM/chicken detection + constrative classification/data/crops_kolektor_deteksi/test/normal/20415_02596.png,0,normal,test,test,20415,20415.png,"[0, 6, 13, 73]",1.0,kolektor_deteksi,kolektor_permukaan
C:/Arib/MASSA AYAM/chicken detection + constrative classification/data/crops_kolektor_deteksi/test/normal/20415_02597.png,0,normal,test,test,20415,20415.png,"[0, 5, 12, 36]",1.0,kolektor_deteksi,kolektor_permukaan
C:/Arib/MASSA AYAM/chicken detection + constrative classification/data/crops_kolektor_deteksi/test/normal/20415_02598.png,0,normal,test,test,20415,20415.png,"[0, 0, 14, 45]",1.0,kolektor_deteksi,kolektor_permukaan
C:/Arib/MASSA AYAM/chicken detection + constrative classification/data/crops_kolektor_deteksi/test/normal/20415_02599.png,0,normal,test,test,20415,20415.png,"[0, 0, 14, 92]",1.0,kolektor_deteksi,kolektor_permukaan
C:/Arib/MASSA AYAM/chicken detection + constrative classification/data/crops_kolektor_deteksi/test/normal/20430_02606.png,0,normal,test,test,20430,20430.png,"[0, 0, 11, 66]",1.0,kolektor_deteksi,kolektor_permukaan
C:/Arib/MASSA AYAM/chicken detection + constrative classification/data/crops_kolektor_deteksi/test/normal/20430_02607.png,0,normal,test,test,20430,20430.png,"[0, 54, 12, 131]",1.0,kolektor_deteksi,kolektor_permukaan
C:/Arib/MASSA AYAM/chicken detection + constrative classification/data/crops_kolektor_deteksi/test/normal/20433_02608.png,0,normal,test,test,20433,20433.png,"[0, 171, 15, 224]",1.0,kolektor_deteksi,kolektor_permukaan
C:/Arib/MASSA AYAM/chicken detection + constrative classification/data/crops_kolektor_deteksi/test/normal/20433_02609.png,0,normal,test,test,20433,20433.png,"[0, 556, 12, 635]",1.0,kolektor_deteksi,kolektor_permukaan
C:/Arib/MASSA AYAM/chicken detection + constrative classification/data/crops_kolektor_deteksi/test/normal/20433_02610.png,0,normal,test,test,20433,20433.png,"[0, 162, 15, 212]",1.0,kolektor_deteksi,kolektor_permukaan
C:/Arib/MASSA AYAM/chicken detection + constrative classification/data/crops_kolektor_deteksi/test/normal/20433_02611.png,0,normal,test,test,20433,20433.png,"[0, 177, 16, 250]",1.0,kolektor_deteksi,kolektor_permukaan
C:/Arib/MASSA AYAM/chicken detection + constrative classification/data/crops_kolektor_deteksi/test/normal/20435_02614.png,0,normal,test,test,20435,20435.png,"[0, 359, 11, 422]",1.0,kolektor_deteksi,kolektor_permukaan
C:/Arib/MASSA AYAM/chicken detection + constrative classification/data/crops_kolektor_deteksi/test/normal/20435_02615.png,0,normal,test,test,20435,20435.png,"[0, 360, 12, 438]",1.0,kolektor_deteksi,kolektor_permukaan
C:/Arib/MASSA AYAM/chicken detection + constrative classification/data/crops_kolektor_deteksi/test/normal/20435_02616.png,0,normal,test,test,20435,20435.png,"[0, 351, 11, 396]",1.0,kolektor_deteksi,kolektor_permukaan
C:/Arib/MASSA AYAM/chicken detection + constrative classification/data/crops_kolektor_deteksi/test/normal/20435_02617.png,0,normal,test,test,20435,20435.png,"[0, 480, 11, 559]",1.0,kolektor_deteksi,kolektor_permukaan
C:/Arib/MASSA AYAM/chicken detection + constrative classification/data/crops_kolektor_deteksi/test/normal/20436_02618.png,0,normal,test,test,20436,20436.png,"[0, 88, 11, 149]",1.0,kolektor_deteksi,kolektor_permukaan
C:/Arib/MASSA AYAM/chicken detection + constrative classification/data/crops_kolektor_deteksi/test/normal/20436_02619.png,0,normal,test,test,20436,20436.png,"[0, 89, 10, 124]",1.0,kolektor_deteksi,kolektor_permukaan
C:/Arib/MASSA AYAM/chicken detection + constrative classification/data/crops_kolektor_deteksi/test/normal/20438_02620.png,0,normal,test,test,20438,20438.png,"[0, 100, 11, 156]",1.0,kolektor_deteksi,kolektor_permukaan
C:/Arib/MASSA AYAM/chicken detection + constrative classification/data/crops_kolektor_deteksi/test/normal/20441_02621.png,0,normal,test,test,20441,20441.png,"[14, 616, 82, 649]",1.0,kolektor_deteksi,kolektor_permukaan
C:/Arib/MASSA AYAM/chicken detection + constrative classification/data/crops_kolektor_deteksi/test/normal/20443_02622.png,0,normal,test,test,20443,20443.png,"[0, 0, 13, 68]",1.0,kolektor_deteksi,kolektor_permukaan
C:/Arib/MASSA AYAM/chicken detection + constrative classification/data/crops_kolektor_deteksi/test/normal/20443_02623.png,0,normal,test,test,20443,20443.png,"[0, 1, 13, 38]",1.0,kolektor_deteksi,kolektor_permukaan
C:/Arib/MASSA AYAM/chicken detection + constrative classification/data/crops_kolektor_deteksi/test/normal/20445_02624.png,0,normal,test,test,20445,20445.png,"[0, 571, 13, 640]",1.0,kolektor_deteksi,kolektor_permukaan
C:/Arib/MASSA AYAM/chicken detection + constrative classification/data/crops_kolektor_deteksi/test/normal/20445_02625.png,0,normal,test,test,20445,20445.png,"[0, 318, 16, 374]",1.0,kolektor_deteksi,kolektor_permukaan
C:/Arib/MASSA AYAM/chicken detection + constrative classification/data/crops_kolektor_deteksi/test/normal/20445_02626.png,0,normal,test,test,20445,20445.png,"[0, 332, 18, 396]",1.0,kolektor_deteksi,kolektor_permukaan
C:/Arib/MASSA AYAM/chicken detection + constrative classification/data/crops_kolektor_deteksi/test/normal/20445_02627.png,0,normal,test,test,20445,20445.png,"[0, 580, 11, 640]",1.0,kolektor_deteksi,kolektor_permukaan
C:/Arib/MASSA AYAM/chicken detection + constrative classification/data/crops_kolektor_deteksi/test/normal/20446_02628.png,0,normal,test,test,20446,20446.png,"[0, 34, 14, 111]",1.0,kolektor_deteksi,kolektor_permukaan
C:/Arib/MASSA AYAM/chicken detection + constrative classification/data/crops_kolektor_deteksi/test/normal/20446_02629.png,0,normal,test,test,20446,20446.png,"[0, 43, 16, 125]",1.0,kolektor_deteksi,kolektor_permukaan
C:/Arib/MASSA AYAM/chicken detection + constrative classification/data/crops_kolektor_deteksi/test/normal/20449_02630.png,0,normal,test,test,20449,20449.png,"[5, 11, 26, 27]",1.0,kolektor_deteksi,kolektor_permukaan
C:/Arib/MASSA AYAM/chicken detection + constrative classification/data/crops_kolektor_deteksi/test/normal/20449_02631.png,0,normal,test,test,20449,20449.png,"[6, 12, 24, 24]",1.0,kolektor_deteksi,kolektor_permukaan
C:/Arib/MASSA AYAM/chicken detection + constrative classification/data/crops_kolektor_deteksi/test/normal/20455_02636.png,0,normal,test,test,20455,20455.png,"[0, 3, 20, 30]",1.0,kolektor_deteksi,kolektor_permukaan
C:/Arib/MASSA AYAM/chicken detection + constrative classification/data/crops_kolektor_deteksi/test/normal/20455_02637.png,0,normal,test,test,20455,20455.png,"[0, 2, 25, 21]",1.0,kolektor_deteksi,kolektor_permukaan
C:/Arib/MASSA AYAM/chicken detection + constrative classification/data/crops_kolektor_deteksi/test/normal/20455_02638.png,0,normal,test,test,20455,20455.png,"[0, 2, 21, 68]",1.0,kolektor_deteksi,kolektor_permukaan
C:/Arib/MASSA AYAM/chicken detection + constrative classification/data/crops_kolektor_deteksi/test/normal/20455_02639.png,0,normal,test,test,20455,20455.png,"[0, 5, 22, 22]",1.0,kolektor_deteksi,kolektor_permukaan
C:/Arib/MASSA AYAM/chicken detection + constrative classification/data/crops_kolektor_deteksi/test/normal/20458_02649.png,0,normal,test,test,20458,20458.png,"[38, 564, 63, 581]",1.0,kolektor_deteksi,kolektor_permukaan
C:/Arib/MASSA AYAM/chicken detection + constrative classification/data/crops_kolektor_deteksi/test/normal/20458_02650.png,0,normal,test,test,20458,20458.png,"[37, 566, 61, 586]",1.0,kolektor_deteksi,kolektor_permukaan
C:/Arib/MASSA AYAM/chicken detection + constrative classification/data/crops_kolektor_deteksi/test/normal/20458_02651.png,0,normal,test,test,20458,20458.png,"[0, 613, 12, 643]",1.0,kolektor_deteksi,kolektor_permukaan
C:/Arib/MASSA AYAM/chicken detection + constrative classification/data/crops_kolektor_deteksi/test/normal/20459_02652.png,0,normal,test,test,20459,20459.png,"[0, 0, 10, 67]",1.0,kolektor_deteksi,kolektor_permukaan
C:/Arib/MASSA AYAM/chicken detection + constrative classification/data/crops_kolektor_deteksi/test/normal/20459_02653.png,0,normal,test,test,20459,20459.png,"[0, 0, 11, 84]",1.0,kolektor_deteksi,kolektor_permukaan
C:/Arib/MASSA AYAM/chicken detection + constrative classification/data/crops_kolektor_deteksi/test/normal/20459_02654.png,0,normal,test,test,20459,20459.png,"[0, 0, 12, 86]",1.0,kolektor_deteksi,kolektor_permukaan
C:/Arib/MASSA AYAM/chicken detection + constrative classification/data/crops_kolektor_deteksi/test/normal/20462_02655.png,0,normal,test,test,20462,20462.png,"[57, 2, 112, 15]",1.0,kolektor_deteksi,kolektor_permukaan
C:/Arib/MASSA AYAM/chicken detection + constrative classification/data/crops_kolektor_deteksi/test/normal/20462_02656.png,0,normal,test,test,20462,20462.png,"[45, 2, 115, 17]",1.0,kolektor_deteksi,kolektor_permukaan
C:/Arib/MASSA AYAM/chicken detection + constrative classification/data/crops_kolektor_deteksi/test/normal/20462_02657.png,0,normal,test,test,20462,20462.png,"[56, 3, 103, 21]",1.0,kolektor_deteksi,kolektor_permukaan
C:/Arib/MASSA AYAM/chicken detection + constrative classification/data/crops_kolektor_deteksi/test/normal/20469_02659.png,0,normal,test,test,20469,20469.png,"[15, 620, 59, 635]",1.0,kolektor_deteksi,kolektor_permukaan
C:/Arib/MASSA AYAM/chicken detection + constrative classification/data/crops_kolektor_deteksi/test/normal/20469_02660.png,0,normal,test,test,20469,20469.png,"[26, 620, 63, 635]",1.0,kolektor_deteksi,kolektor_permukaan
C:/Arib/MASSA AYAM/chicken detection + constrative classification/data/crops_kolektor_deteksi/test/normal/20470_02661.png,0,normal,test,test,20470,20470.png,"[0, 563, 19, 609]",1.0,kolektor_deteksi,kolektor_permukaan
C:/Arib/MASSA AYAM/chicken detection + constrative classification/data/crops_kolektor_deteksi/test/normal/20472_02662.png,0,normal,test,test,20472,20472.png,"[0, 609, 31, 635]",1.0,kolektor_deteksi,kolektor_permukaan
C:/Arib/MASSA AYAM/chicken detection + constrative classification/data/crops_kolektor_deteksi/test/normal/20472_02663.png,0,normal,test,test,20472,20472.png,"[0, 526, 13, 604]",1.0,kolektor_deteksi,kolektor_permukaan
C:/Arib/MASSA AYAM/chicken detection + constrative classification/data/crops_kolektor_deteksi/test/normal/20472_02664.png,0,normal,test,test,20472,20472.png,"[0, 594, 25, 636]",1.0,kolektor_deteksi,kolektor_permukaan
C:/Arib/MASSA AYAM/chicken detection + constrative classification/data/crops_kolektor_deteksi/test/normal/20472_02665.png,0,normal,test,test,20472,20472.png,"[0, 606, 37, 635]",1.0,kolektor_deteksi,kolektor_permukaan
C:/Arib/MASSA AYAM/chicken detection + constrative classification/data/crops_kolektor_deteksi/test/normal/20475_02666.png,0,normal,test,test,20475,20475.png,"[0, 606, 17, 628]",1.0,kolektor_deteksi,kolektor_permukaan
C:/Arib/MASSA AYAM/chicken detection + constrative classification/data/crops_kolektor_deteksi/test/normal/20475_02667.png,0,normal,test,test,20475,20475.png,"[0, 1, 16, 65]",1.0,kolektor_deteksi,kolektor_permukaan
C:/Arib/MASSA AYAM/chicken detection + constrative classification/data/crops_kolektor_deteksi/test/normal/20475_02668.png,0,normal,test,test,20475,20475.png,"[0, 590, 13, 628]",1.0,kolektor_deteksi,kolektor_permukaan
C:/Arib/MASSA AYAM/chicken detection + constrative classification/data/crops_kolektor_deteksi/test/normal/20475_02669.png,0,normal,test,test,20475,20475.png,"[0, 611, 18, 629]",1.0,kolektor_deteksi,kolektor_permukaan
C:/Arib/MASSA AYAM/chicken detection + constrative classification/data/crops_kolektor_deteksi/test/normal/20477_02670.png,0,normal,test,test,20477,20477.png,"[0, 349, 10, 405]",1.0,kolektor_deteksi,kolektor_permukaan
C:/Arib/MASSA AYAM/chicken detection + constrative classification/data/crops_kolektor_deteksi/test/normal/20478_02671.png,0,normal,test,test,20478,20478.png,"[0, 66, 11, 114]",1.0,kolektor_deteksi,kolektor_permukaan
C:/Arib/MASSA AYAM/chicken detection + constrative classification/data/crops_kolektor_deteksi/test/normal/20478_02672.png,0,normal,test,test,20478,20478.png,"[0, 56, 11, 100]",1.0,kolektor_deteksi,kolektor_permukaan
C:/Arib/MASSA AYAM/chicken detection + constrative classification/data/crops_kolektor_deteksi/test/normal/20478_02673.png,0,normal,test,test,20478,20478.png,"[0, 75, 14, 144]",1.0,kolektor_deteksi,kolektor_permukaan
C:/Arib/MASSA AYAM/chicken detection + constrative classification/data/crops_kolektor_deteksi/test/normal/20482_02674.png,0,normal,test,test,20482,20482.png,"[0, 304, 11, 373]",1.0,kolektor_deteksi,kolektor_permukaan
C:/Arib/MASSA AYAM/chicken detection + constrative classification/data/crops_kolektor_deteksi/test/normal/20482_02675.png,0,normal,test,test,20482,20482.png,"[0, 316, 12, 391]",1.0,kolektor_deteksi,kolektor_permukaan
C:/Arib/MASSA AYAM/chicken detection + constrative classification/data/crops_kolektor_deteksi/test/normal/20482_02676.png,0,normal,test,test,20482,20482.png,"[0, 205, 10, 281]",1.0,kolektor_deteksi,kolektor_permukaan
C:/Arib/MASSA AYAM/chicken detection + constrative classification/data/crops_kolektor_deteksi/test/normal/20482_02677.png,0,normal,test,test,20482,20482.png,"[0, 290, 13, 367]",1.0,kolektor_deteksi,kolektor_permukaan
C:/Arib/MASSA AYAM/chicken detection + constrative classification/data/crops_kolektor_deteksi/test/normal/20482_02678.png,0,normal,test,test,20482,20482.png,"[0, 216, 11, 292]",1.0,kolektor_deteksi,kolektor_permukaan
C:/Arib/MASSA AYAM/chicken detection + constrative classification/data/crops_kolektor_deteksi/test/normal/20483_02679.png,0,normal,test,test,20483,20483.png,"[0, 158, 11, 219]",1.0,kolektor_deteksi,kolektor_permukaan
C:/Arib/MASSA AYAM/chicken detection + constrative classification/data/crops_kolektor_deteksi/test/normal/20483_02680.png,0,normal,test,test,20483,20483.png,"[0, 519, 11, 591]",1.0,kolektor_deteksi,kolektor_permukaan
C:/Arib/MASSA AYAM/chicken detection + constrative classification/data/crops_kolektor_deteksi/test/normal/20483_02681.png,0,normal,test,test,20483,20483.png,"[0, 141, 12, 204]",1.0,kolektor_deteksi,kolektor_permukaan
C:/Arib/MASSA AYAM/chicken detection + constrative classification/data/crops_kolektor_deteksi/test/normal/20483_02682.png,0,normal,test,test,20483,20483.png,"[0, 305, 10, 366]",1.0,kolektor_deteksi,kolektor_permukaan
C:/Arib/MASSA AYAM/chicken detection + constrative classification/data/crops_kolektor_deteksi/test/normal/20483_02683.png,0,normal,test,test,20483,20483.png,"[0, 163, 12, 242]",1.0,kolektor_deteksi,kolektor_permukaan
C:/Arib/MASSA AYAM/chicken detection + constrative classification/data/crops_kolektor_deteksi/test/normal/20483_02684.png,0,normal,test,test,20483,20483.png,"[0, 315, 11, 388]",1.0,kolektor_deteksi,kolektor_permukaan
C:/Arib/MASSA AYAM/chicken detection + constrative classification/data/crops_kolektor_deteksi/test/normal/20483_02685.png,0,normal,test,test,20483,20483.png,"[0, 359, 12, 434]",1.0,kolektor_deteksi,kolektor_permukaan
C:/Arib/MASSA AYAM/chicken detection + constrative classification/data/crops_kolektor_deteksi/test/normal/20483_02686.png,0,normal,test,test,20483,20483.png,"[0, 528, 12, 609]",1.0,kolektor_deteksi,kolektor_permukaan
C:/Arib/MASSA AYAM/chicken detection + constrative classification/data/crops_kolektor_deteksi/test/normal/20483_02687.png,0,normal,test,test,20483,20483.png,"[0, 350, 10, 423]",1.0,kolektor_deteksi,kolektor_permukaan
C:/Arib/MASSA AYAM/chicken detection + constrative classification/data/crops_kolektor_deteksi/test/normal/20483_02688.png,0,normal,test,test,20483,20483.png,"[0, 140, 14, 233]",1.0,kolektor_deteksi,kolektor_permukaan
C:/Arib/MASSA AYAM/chicken detection + constrative classification/data/crops_kolektor_deteksi/test/normal/20495_02695.png,0,normal,test,test,20495,20495.png,"[0, 54, 17, 127]",1.0,kolektor_deteksi,kolektor_permukaan
C:/Arib/MASSA AYAM/chicken detection + constrative classification/data/crops_kolektor_deteksi/test/normal/20504_02696.png,0,normal,test,test,20504,20504.png,"[0, 136, 12, 175]",1.0,kolektor_deteksi,kolektor_permukaan
C:/Arib/MASSA AYAM/chicken detection + constrative classification/data/crops_kolektor_deteksi/test/normal/20504_02697.png,0,normal,test,test,20504,20504.png,"[0, 127, 12, 170]",1.0,kolektor_deteksi,kolektor_permukaan
C:/Arib/MASSA AYAM/chicken detection + constrative classification/data/crops_kolektor_deteksi/test/normal/20504_02698.png,0,normal,test,test,20504,20504.png,"[0, 147, 14, 212]",1.0,kolektor_deteksi,kolektor_permukaan
C:/Arib/MASSA AYAM/chicken detection + constrative classification/data/crops_kolektor_deteksi/test/normal/20504_02699.png,0,normal,test,test,20504,20504.png,"[0, 118, 13, 176]",1.0,kolektor_deteksi,kolektor_permukaan
C:/Arib/MASSA AYAM/chicken detection + constrative classification/data/crops_kolektor_deteksi/test/normal/20513_02700.png,0,normal,test,test,20513,20513.png,"[115, 609, 148, 625]",1.0,kolektor_deteksi,kolektor_permukaan
C:/Arib/MASSA AYAM/chicken detection + constrative classification/data/crops_kolektor_deteksi/test/normal/20514_02701.png,0,normal,test,test,20514,20514.png,"[0, 18, 10, 87]",1.0,kolektor_deteksi,kolektor_permukaan
C:/Arib/MASSA AYAM/chicken detection + constrative classification/data/crops_kolektor_deteksi/test/normal/20533_02707.png,0,normal,test,test,20533,20533.png,"[0, 268, 13, 349]",1.0,kolektor_deteksi,kolektor_permukaan
C:/Arib/MASSA AYAM/chicken detection + constrative classification/data/crops_kolektor_deteksi/test/normal/20533_02708.png,0,normal,test,test,20533,20533.png,"[0, 296, 13, 371]",1.0,kolektor_deteksi,kolektor_permukaan
C:/Arib/MASSA AYAM/chicken detection + constrative classification/data/crops_kolektor_deteksi/test/normal/20533_02709.png,0,normal,test,test,20533,20533.png,"[0, 279, 16, 357]",1.0,kolektor_deteksi,kolektor_permukaan
C:/Arib/MASSA AYAM/chicken detection + constrative classification/data/crops_kolektor_deteksi/test/normal/20533_02710.png,0,normal,test,test,20533,20533.png,"[0, 307, 15, 383]",1.0,kolektor_deteksi,kolektor_permukaan
C:/Arib/MASSA AYAM/chicken detection + constrative classification/data/crops_kolektor_deteksi/test/normal/20533_02711.png,0,normal,test,test,20533,20533.png,"[0, 456, 15, 508]",1.0,kolektor_deteksi,kolektor_permukaan
C:/Arib/MASSA AYAM/chicken detection + constrative classification/data/crops_kolektor_deteksi/test/normal/20533_02712.png,0,normal,test,test,20533,20533.png,"[0, 459, 16, 535]",1.0,kolektor_deteksi,kolektor_permukaan
C:/Arib/MASSA AYAM/chicken detection + constrative classification/data/crops_kolektor_deteksi/test/normal/20533_02713.png,0,normal,test,test,20533,20533.png,"[0, 258, 13, 333]",1.0,kolektor_deteksi,kolektor_permukaan
C:/Arib/MASSA AYAM/chicken detection + constrative classification/data/crops_kolektor_deteksi/test/normal/20533_02714.png,0,normal,test,test,20533,20533.png,"[0, 155, 13, 233]",1.0,kolektor_deteksi,kolektor_permukaan
C:/Arib/MASSA AYAM/chicken detection + constrative classification/data/crops_kolektor_deteksi/test/normal/20533_02715.png,0,normal,test,test,20533,20533.png,"[0, 449, 16, 499]",1.0,kolektor_deteksi,kolektor_permukaan
C:/Arib/MASSA AYAM/chicken detection + constrative classification/data/crops_kolektor_deteksi/test/normal/20537_02720.png,0,normal,test,test,20537,20537.png,"[0, 0, 15, 65]",1.0,kolektor_deteksi,kolektor_permukaan
C:/Arib/MASSA AYAM/chicken detection + constrative classification/data/crops_kolektor_deteksi/test/normal/20537_02721.png,0,normal,test,test,20537,20537.png,"[0, 66, 14, 107]",1.0,kolektor_deteksi,kolektor_permukaan
C:/Arib/MASSA AYAM/chicken detection + constrative classification/data/crops_kolektor_deteksi/test/normal/20541_02722.png,0,normal,test,test,20541,20541.png,"[0, 573, 11, 638]",1.0,kolektor_deteksi,kolektor_permukaan
C:/Arib/MASSA AYAM/chicken detection + constrative classification/data/crops_kolektor_deteksi/test/normal/20548_02730.png,0,normal,test,test,20548,20548.png,"[0, 617, 31, 631]",1.0,kolektor_deteksi,kolektor_permukaan
C:/Arib/MASSA AYAM/chicken detection + constrative classification/data/crops_kolektor_deteksi/test/normal/20551_02731.png,0,normal,test,test,20551,20551.png,"[0, 592, 8, 638]",1.0,kolektor_deteksi,kolektor_permukaan
C:/Arib/MASSA AYAM/chicken detection + constrative classification/data/crops_kolektor_deteksi/test/normal/20551_02732.png,0,normal,test,test,20551,20551.png,"[0, 581, 9, 640]",1.0,kolektor_deteksi,kolektor_permukaan
C:/Arib/MASSA AYAM/chicken detection + constrative classification/data/crops_kolektor_deteksi/test/normal/20552_02733.png,0,normal,test,test,20552,20552.png,"[0, 563, 14, 627]",1.0,kolektor_deteksi,kolektor_permukaan
C:/Arib/MASSA AYAM/chicken detection + constrative classification/data/crops_kolektor_deteksi/test/normal/20552_02734.png,0,normal,test,test,20552,20552.png,"[0, 547, 13, 596]",1.0,kolektor_deteksi,kolektor_permukaan
C:/Arib/MASSA AYAM/chicken detection + constrative classification/data/crops_kolektor_deteksi/test/normal/20552_02735.png,0,normal,test,test,20552,20552.png,"[0, 538, 15, 594]",1.0,kolektor_deteksi,kolektor_permukaan
C:/Arib/MASSA AYAM/chicken detection + constrative classification/data/crops_kolektor_deteksi/test/normal/20552_02736.png,0,normal,test,test,20552,20552.png,"[0, 546, 16, 634]",1.0,kolektor_deteksi,kolektor_permukaan
C:/Arib/MASSA AYAM/chicken detection + constrative classification/data/crops_kolektor_deteksi/test/normal/20552_02737.png,0,normal,test,test,20552,20552.png,"[0, 559, 15, 634]",1.0,kolektor_deteksi,kolektor_permukaan
C:/Arib/MASSA AYAM/chicken detection + constrative classification/data/crops_kolektor_deteksi/test/normal/20552_02738.png,0,normal,test,test,20552,20552.png,"[0, 539, 19, 634]",1.0,kolektor_deteksi,kolektor_permukaan
C:/Arib/MASSA AYAM/chicken detection + constrative classification/data/crops_kolektor_deteksi/test/normal/20552_02739.png,0,normal,test,test,20552,20552.png,"[0, 530, 19, 605]",1.0,kolektor_deteksi,kolektor_permukaan
C:/Arib/MASSA AYAM/chicken detection + constrative classification/data/crops_kolektor_deteksi/test/normal/20552_02740.png,0,normal,test,test,20552,20552.png,"[0, 552, 17, 597]",1.0,kolektor_deteksi,kolektor_permukaan
C:/Arib/MASSA AYAM/chicken detection + constrative classification/data/crops_kolektor_deteksi/test/normal/20554_02741.png,0,normal,test,test,20554,20554.png,"[0, 73, 9, 125]",1.0,kolektor_deteksi,kolektor_permukaan
C:/Arib/MASSA AYAM/chicken detection + constrative classification/data/crops_kolektor_deteksi/test/normal/20554_02742.png,0,normal,test,test,20554,20554.png,"[0, 82, 11, 148]",1.0,kolektor_deteksi,kolektor_permukaan
C:/Arib/MASSA AYAM/chicken detection + constrative classification/data/crops_kolektor_deteksi/test/normal/20554_02743.png,0,normal,test,test,20554,20554.png,"[0, 57, 10, 106]",1.0,kolektor_deteksi,kolektor_permukaan
C:/Arib/MASSA AYAM/chicken detection + constrative classification/data/crops_kolektor_deteksi/test/normal/20554_02744.png,0,normal,test,test,20554,20554.png,"[0, 180, 10, 258]",1.0,kolektor_deteksi,kolektor_permukaan
C:/Arib/MASSA AYAM/chicken detection + constrative classification/data/crops_kolektor_deteksi/test/normal/20554_02745.png,0,normal,test,test,20554,20554.png,"[0, 51, 10, 124]",1.0,kolektor_deteksi,kolektor_permukaan
C:/Arib/MASSA AYAM/chicken detection + constrative classification/data/crops_kolektor_deteksi/test/normal/20558_02746.png,0,normal,test,test,20558,20558.png,"[0, 101, 10, 177]",1.0,kolektor_deteksi,kolektor_permukaan
C:/Arib/MASSA AYAM/chicken detection + constrative classification/data/crops_kolektor_deteksi/test/normal/20560_02747.png,0,normal,test,test,20560,20560.png,"[0, 150, 10, 229]",1.0,kolektor_deteksi,kolektor_permukaan
C:/Arib/MASSA AYAM/chicken detection + constrative classification/data/crops_kolektor_deteksi/test/normal/20562_02751.png,0,normal,test,test,20562,20562.png,"[0, 332, 22, 396]",1.0,kolektor_deteksi,kolektor_permukaan
C:/Arib/MASSA AYAM/chicken detection + constrative classification/data/crops_kolektor_deteksi/test/normal/20563_02752.png,0,normal,test,test,20563,20563.png,"[32, 415, 44, 446]",1.0,kolektor_deteksi,kolektor_permukaan
C:/Arib/MASSA AYAM/chicken detection + constrative classification/data/crops_kolektor_deteksi/test/normal/20563_02753.png,0,normal,test,test,20563,20563.png,"[31, 425, 43, 449]",1.0,kolektor_deteksi,kolektor_permukaan
C:/Arib/MASSA AYAM/chicken detection + constrative classification/data/crops_kolektor_deteksi/test/normal/20567_02757.png,0,normal,test,test,20567,20567.png,"[0, 0, 14, 69]",1.0,kolektor_deteksi,kolektor_permukaan
C:/Arib/MASSA AYAM/chicken detection + constrative classification/data/crops_kolektor_deteksi/test/normal/20579_02758.png,0,normal,test,test,20579,20579.png,"[0, 115, 16, 168]",1.0,kolektor_deteksi,kolektor_permukaan
C:/Arib/MASSA AYAM/chicken detection + constrative classification/data/crops_kolektor_deteksi/test/normal/20579_02759.png,0,normal,test,test,20579,20579.png,"[0, 128, 16, 195]",1.0,kolektor_deteksi,kolektor_permukaan
C:/Arib/MASSA AYAM/chicken detection + constrative classification/data/crops_kolektor_deteksi/test/normal/20579_02760.png,0,normal,test,test,20579,20579.png,"[0, 0, 11, 68]",1.0,kolektor_deteksi,kolektor_permukaan
C:/Arib/MASSA AYAM/chicken detection + constrative classification/data/crops_kolektor_deteksi/test/normal/20586_02761.png,0,normal,test,test,20586,20586.png,"[0, 318, 11, 351]",1.0,kolektor_deteksi,kolektor_permukaan
C:/Arib/MASSA AYAM/chicken detection + constrative classification/data/crops_kolektor_deteksi/test/normal/20586_02762.png,0,normal,test,test,20586,20586.png,"[0, 322, 13, 388]",1.0,kolektor_deteksi,kolektor_permukaan
C:/Arib/MASSA AYAM/chicken detection + constrative classification/data/crops_kolektor_deteksi/test/normal/20602_02775.png,0,normal,test,test,20602,20602.png,"[0, 607, 21, 643]",1.0,kolektor_deteksi,kolektor_permukaan
C:/Arib/MASSA AYAM/chicken detection + constrative classification/data/crops_kolektor_deteksi/test/normal/20613_02776.png,0,normal,test,test,20613,20613.png,"[0, 2, 11, 76]",1.0,kolektor_deteksi,kolektor_permukaan
C:/Arib/MASSA AYAM/chicken detection + constrative classification/data/crops_kolektor_deteksi/test/normal/20613_02777.png,0,normal,test,test,20613,20613.png,"[0, 92, 12, 165]",1.0,kolektor_deteksi,kolektor_permukaan
C:/Arib/MASSA AYAM/chicken detection + constrative classification/data/crops_kolektor_deteksi/test/normal/20613_02778.png,0,normal,test,test,20613,20613.png,"[0, 81, 11, 148]",1.0,kolektor_deteksi,kolektor_permukaan
C:/Arib/MASSA AYAM/chicken detection + constrative classification/data/crops_kolektor_deteksi/test/normal/20613_02779.png,0,normal,test,test,20613,20613.png,"[0, 16, 12, 93]",1.0,kolektor_deteksi,kolektor_permukaan
C:/Arib/MASSA AYAM/chicken detection + constrative classification/data/crops_kolektor_deteksi/test/normal/20613_02780.png,0,normal,test,test,20613,20613.png,"[0, 0, 12, 64]",1.0,kolektor_deteksi,kolektor_permukaan
C:/Arib/MASSA AYAM/chicken detection + constrative classification/data/crops_kolektor_deteksi/test/normal/20613_02781.png,0,normal,test,test,20613,20613.png,"[0, 68, 14, 144]",1.0,kolektor_deteksi,kolektor_permukaan
C:/Arib/MASSA AYAM/chicken detection + constrative classification/data/crops_kolektor_deteksi/test/normal/20613_02782.png,0,normal,test,test,20613,20613.png,"[0, 48, 11, 125]",1.0,kolektor_deteksi,kolektor_permukaan
C:/Arib/MASSA AYAM/chicken detection + constrative classification/data/crops_kolektor_deteksi/test/normal/20613_02783.png,0,normal,test,test,20613,20613.png,"[0, 27, 12, 107]",1.0,kolektor_deteksi,kolektor_permukaan
C:/Arib/MASSA AYAM/chicken detection + constrative classification/data/crops_kolektor_deteksi/test/normal/20613_02784.png,0,normal,test,test,20613,20613.png,"[0, 99, 15, 181]",1.0,kolektor_deteksi,kolektor_permukaan
C:/Arib/MASSA AYAM/chicken detection + constrative classification/data/crops_kolektor_deteksi/test/normal/20613_02785.png,0,normal,test,test,20613,20613.png,"[0, 0, 13, 93]",1.0,kolektor_deteksi,kolektor_permukaan
C:/Arib/MASSA AYAM/chicken detection + constrative classification/data/crops_kolektor_deteksi/test/normal/20613_02786.png,0,normal,test,test,20613,20613.png,"[0, 72, 14, 184]",1.0,kolektor_deteksi,kolektor_permukaan
C:/Arib/MASSA AYAM/chicken detection + constrative classification/data/crops_kolektor_deteksi/test/normal/20613_02787.png,0,normal,test,test,20613,20613.png,"[0, 0, 14, 128]",1.0,kolektor_deteksi,kolektor_permukaan
C:/Arib/MASSA AYAM/chicken detection + constrative classification/data/crops_kolektor_deteksi/test/normal/20613_02788.png,0,normal,test,test,20613,20613.png,"[0, 26, 12, 151]",1.0,kolektor_deteksi,kolektor_permukaan
C:/Arib/MASSA AYAM/chicken detection + constrative classification/data/crops_kolektor_deteksi/test/normal/20613_02789.png,0,normal,test,test,20613,20613.png,"[0, 48, 16, 174]",1.0,kolektor_deteksi,kolektor_permukaan
C:/Arib/MASSA AYAM/chicken detection + constrative classification/data/crops_kolektor_deteksi/test/normal/20613_02790.png,0,normal,test,test,20613,20613.png,"[0, 85, 18, 170]",1.0,kolektor_deteksi,kolektor_permukaan
C:/Arib/MASSA AYAM/chicken detection + constrative classification/data/crops_kolektor_deteksi/test/normal/20613_02791.png,0,normal,test,test,20613,20613.png,"[0, 278, 11, 360]",1.0,kolektor_deteksi,kolektor_permukaan
C:/Arib/MASSA AYAM/chicken detection + constrative classification/data/crops_kolektor_deteksi/test/normal/20613_02792.png,0,normal,test,test,20613,20613.png,"[0, 111, 16, 197]",1.0,kolektor_deteksi,kolektor_permukaan
C:/Arib/MASSA AYAM/chicken detection + constrative classification/data/crops_kolektor_deteksi/test/normal/20616_02793.png,0,normal,test,test,20616,20616.png,"[0, 213, 14, 230]",1.0,kolektor_deteksi,kolektor_permukaan
C:/Arib/MASSA AYAM/chicken detection + constrative classification/data/crops_kolektor_deteksi/test/normal/20620_02794.png,0,normal,test,test,20620,20620.png,"[0, 568, 16, 625]",1.0,kolektor_deteksi,kolektor_permukaan
C:/Arib/MASSA AYAM/chicken detection + constrative classification/data/crops_kolektor_deteksi/test/normal/20620_02795.png,0,normal,test,test,20620,20620.png,"[0, 576, 15, 625]",1.0,kolektor_deteksi,kolektor_permukaan
C:/Arib/MASSA AYAM/chicken detection + constrative classification/data/crops_kolektor_deteksi/test/normal/20620_02796.png,0,normal,test,test,20620,20620.png,"[0, 587, 19, 624]",1.0,kolektor_deteksi,kolektor_permukaan
C:/Arib/MASSA AYAM/chicken detection + constrative classification/data/crops_kolektor_deteksi/test/normal/20620_02797.png,0,normal,test,test,20620,20620.png,"[0, 554, 13, 625]",1.0,kolektor_deteksi,kolektor_permukaan
C:/Arib/MASSA AYAM/chicken detection + constrative classification/data/crops_kolektor_deteksi/test/normal/20620_02798.png,0,normal,test,test,20620,20620.png,"[0, 339, 11, 367]",1.0,kolektor_deteksi,kolektor_permukaan
C:/Arib/MASSA AYAM/chicken detection + constrative classification/data/crops_kolektor_deteksi/test/normal/20620_02799.png,0,normal,test,test,20620,20620.png,"[0, 343, 13, 405]",1.0,kolektor_deteksi,kolektor_permukaan
C:/Arib/MASSA AYAM/chicken detection + constrative classification/data/crops_kolektor_deteksi/test/normal/20622_02800.png,0,normal,test,test,20622,20622.png,"[0, 3, 8, 32]",1.0,kolektor_deteksi,kolektor_permukaan
C:/Arib/MASSA AYAM/chicken detection + constrative classification/data/crops_kolektor_deteksi/test/normal/20622_02801.png,0,normal,test,test,20622,20622.png,"[0, 3, 11, 67]",1.0,kolektor_deteksi,kolektor_permukaan
C:/Arib/MASSA AYAM/chicken detection + constrative classification/data/crops_kolektor_deteksi/test/normal/20622_02802.png,0,normal,test,test,20622,20622.png,"[0, 104, 13, 178]",1.0,kolektor_deteksi,kolektor_permukaan
C:/Arib/MASSA AYAM/chicken detection + constrative classification/data/crops_kolektor_deteksi/test/normal/20622_02803.png,0,normal,test,test,20622,20622.png,"[0, 94, 11, 167]",1.0,kolektor_deteksi,kolektor_permukaan
C:/Arib/MASSA AYAM/chicken detection + constrative classification/data/crops_kolektor_deteksi/test/normal/20623_02804.png,0,normal,test,test,20623,20623.png,"[0, 1, 21, 13]",1.0,kolektor_deteksi,kolektor_permukaan
C:/Arib/MASSA AYAM/chicken detection + constrative classification/data/crops_kolektor_deteksi/test/normal/20623_02805.png,0,normal,test,test,20623,20623.png,"[0, 0, 18, 57]",1.0,kolektor_deteksi,kolektor_permukaan
C:/Arib/MASSA AYAM/chicken detection + constrative classification/data/crops_kolektor_deteksi/test/normal/20623_02806.png,0,normal,test,test,20623,20623.png,"[0, 0, 24, 12]",1.0,kolektor_deteksi,kolektor_permukaan
C:/Arib/MASSA AYAM/chicken detection + constrative classification/data/crops_kolektor_deteksi/test/normal/20623_02807.png,0,normal,test,test,20623,20623.png,"[0, 305, 13, 371]",1.0,kolektor_deteksi,kolektor_permukaan
C:/Arib/MASSA AYAM/chicken detection + constrative classification/data/crops_kolektor_deteksi/test/normal/20623_02808.png,0,normal,test,test,20623,20623.png,"[0, 2, 21, 50]",1.0,kolektor_deteksi,kolektor_permukaan
C:/Arib/MASSA AYAM/chicken detection + constrative classification/data/crops_kolektor_deteksi/test/normal/20623_02809.png,0,normal,test,test,20623,20623.png,"[0, 296, 11, 346]",1.0,kolektor_deteksi,kolektor_permukaan
C:/Arib/MASSA AYAM/chicken detection + constrative classification/data/crops_kolektor_deteksi/test/normal/20633_02813.png,0,normal,test,test,20633,20633.png,"[0, 315, 10, 360]",1.0,kolektor_deteksi,kolektor_permukaan
C:/Arib/MASSA AYAM/chicken detection + constrative classification/data/crops_kolektor_deteksi/test/normal/20633_02814.png,0,normal,test,test,20633,20633.png,"[0, 327, 11, 395]",1.0,kolektor_deteksi,kolektor_permukaan
C:/Arib/MASSA AYAM/chicken detection + constrative classification/data/crops_kolektor_deteksi/test/normal/20634_02815.png,0,normal,test,test,20634,20634.png,"[0, 596, 20, 628]",1.0,kolektor_deteksi,kolektor_permukaan
C:/Arib/MASSA AYAM/chicken detection + constrative classification/data/crops_kolektor_deteksi/test/normal/20634_02816.png,0,normal,test,test,20634,20634.png,"[0, 587, 16, 630]",1.0,kolektor_deteksi,kolektor_permukaan
C:/Arib/MASSA AYAM/chicken detection + constrative classification/data/crops_kolektor_deteksi/test/normal/20649_02823.png,0,normal,test,test,20649,20649.png,"[38, 478, 57, 489]",1.0,kolektor_deteksi,kolektor_permukaan
C:/Arib/MASSA AYAM/chicken detection + constrative classification/data/crops_kolektor_deteksi/test/normal/20649_02824.png,0,normal,test,test,20649,20649.png,"[41, 478, 56, 487]",1.0,kolektor_deteksi,kolektor_permukaan
C:/Arib/MASSA AYAM/chicken detection + constrative classification/data/crops_kolektor_deteksi/test/normal/20650_02826.png,0,normal,test,test,20650,20650.png,"[0, 308, 14, 364]",1.0,kolektor_deteksi,kolektor_permukaan
C:/Arib/MASSA AYAM/chicken detection + constrative classification/data/crops_kolektor_deteksi/test/normal/20650_02827.png,0,normal,test,test,20650,20650.png,"[0, 318, 15, 392]",1.0,kolektor_deteksi,kolektor_permukaan
C:/Arib/MASSA AYAM/chicken detection + constrative classification/data/crops_kolektor_deteksi/test/normal/20651_02828.png,0,normal,test,test,20651,20651.png,"[208, 320, 234, 334]",1.0,kolektor_deteksi,kolektor_permukaan
C:/Arib/MASSA AYAM/chicken detection + constrative classification/data/crops_kolektor_deteksi/test/normal/20651_02829.png,0,normal,test,test,20651,20651.png,"[206, 320, 235, 338]",1.0,kolektor_deteksi,kolektor_permukaan
C:/Arib/MASSA AYAM/chicken detection + constrative classification/data/crops_kolektor_deteksi/test/normal/20651_02830.png,0,normal,test,test,20651,20651.png,"[210, 315, 236, 340]",1.0,kolektor_deteksi,kolektor_permukaan
C:/Arib/MASSA AYAM/chicken detection + constrative classification/data/crops_kolektor_deteksi/test/normal/20654_02831.png,0,normal,test,test,20654,20654.png,"[0, 597, 14, 640]",1.0,kolektor_deteksi,kolektor_permukaan
C:/Arib/MASSA AYAM/chicken detection + constrative classification/data/crops_kolektor_deteksi/test/normal/20657_02832.png,0,normal,test,test,20657,20657.png,"[158, 76, 188, 86]",1.0,kolektor_deteksi,kolektor_permukaan
C:/Arib/MASSA AYAM/chicken detection + constrative classification/data/crops_kolektor_deteksi/test/normal/20657_02833.png,0,normal,test,test,20657,20657.png,"[0, 243, 13, 262]",1.0,kolektor_deteksi,kolektor_permukaan
C:/Arib/MASSA AYAM/chicken detection + constrative classification/data/crops_kolektor_deteksi/test/normal/20663_02837.png,0,normal,test,test,20663,20663.png,"[0, 12, 31, 33]",1.0,kolektor_deteksi,kolektor_permukaan
C:/Arib/MASSA AYAM/chicken detection + constrative classification/data/crops_kolektor_deteksi/test/normal/20663_02838.png,0,normal,test,test,20663,20663.png,"[0, 605, 16, 642]",1.0,kolektor_deteksi,kolektor_permukaan
C:/Arib/MASSA AYAM/chicken detection + constrative classification/data/crops_kolektor_deteksi/test/normal/20663_02839.png,0,normal,test,test,20663,20663.png,"[0, 6, 29, 44]",1.0,kolektor_deteksi,kolektor_permukaan
C:/Arib/MASSA AYAM/chicken detection + constrative classification/data/crops_kolektor_deteksi/test/normal/20664_02840.png,0,normal,test,test,20664,20664.png,"[0, 264, 11, 340]",1.0,kolektor_deteksi,kolektor_permukaan
C:/Arib/MASSA AYAM/chicken detection + constrative classification/data/crops_kolektor_deteksi/test/normal/20664_02841.png,0,normal,test,test,20664,20664.png,"[0, 60, 11, 141]",1.0,kolektor_deteksi,kolektor_permukaan
C:/Arib/MASSA AYAM/chicken detection + constrative classification/data/crops_kolektor_deteksi/test/normal/20664_02842.png,0,normal,test,test,20664,20664.png,"[0, 244, 10, 318]",1.0,kolektor_deteksi,kolektor_permukaan
C:/Arib/MASSA AYAM/chicken detection + constrative classification/data/crops_kolektor_deteksi/test/normal/20664_02843.png,0,normal,test,test,20664,20664.png,"[0, 47, 11, 125]",1.0,kolektor_deteksi,kolektor_permukaan
C:/Arib/MASSA AYAM/chicken detection + constrative classification/data/crops_kolektor_deteksi/test/normal/20664_02844.png,0,normal,test,test,20664,20664.png,"[0, 205, 11, 289]",1.0,kolektor_deteksi,kolektor_permukaan
C:/Arib/MASSA AYAM/chicken detection + constrative classification/data/crops_kolektor_deteksi/test/normal/20664_02845.png,0,normal,test,test,20664,20664.png,"[0, 282, 12, 363]",1.0,kolektor_deteksi,kolektor_permukaan
C:/Arib/MASSA AYAM/chicken detection + constrative classification/data/crops_kolektor_deteksi/test/normal/20664_02846.png,0,normal,test,test,20664,20664.png,"[0, 71, 11, 157]",1.0,kolektor_deteksi,kolektor_permukaan
C:/Arib/MASSA AYAM/chicken detection + constrative classification/data/crops_kolektor_deteksi/test/normal/20664_02847.png,0,normal,test,test,20664,20664.png,"[0, 236, 11, 364]",1.0,kolektor_deteksi,kolektor_permukaan
C:/Arib/MASSA AYAM/chicken detection + constrative classification/data/crops_kolektor_deteksi/test/normal/20668_02854.png,0,normal,test,test,20668,20668.png,"[0, 18, 13, 84]",1.0,kolektor_deteksi,kolektor_permukaan
C:/Arib/MASSA AYAM/chicken detection + constrative classification/data/crops_kolektor_deteksi/test/normal/20668_02855.png,0,normal,test,test,20668,20668.png,"[0, 24, 15, 97]",1.0,kolektor_deteksi,kolektor_permukaan
C:/Arib/MASSA AYAM/chicken detection + constrative classification/data/crops_kolektor_deteksi/test/normal/20679_02856.png,0,normal,test,test,20679,20679.png,"[0, 376, 10, 402]",1.0,kolektor_deteksi,kolektor_permukaan
C:/Arib/MASSA AYAM/chicken detection + constrative classification/data/crops_kolektor_deteksi/test/normal/20679_02857.png,0,normal,test,test,20679,20679.png,"[0, 379, 12, 440]",1.0,kolektor_deteksi,kolektor_permukaan
C:/Arib/MASSA AYAM/chicken detection + constrative classification/data/crops_kolektor_deteksi/test/normal/20679_02858.png,0,normal,test,test,20679,20679.png,"[0, 367, 11, 401]",1.0,kolektor_deteksi,kolektor_permukaan
C:/Arib/MASSA AYAM/chicken detection + constrative classification/data/crops_kolektor_deteksi/test/normal/20679_02859.png,0,normal,test,test,20679,20679.png,"[0, 346, 11, 447]",1.0,kolektor_deteksi,kolektor_permukaan
C:/Arib/MASSA AYAM/chicken detection + constrative classification/data/crops_kolektor_deteksi/test/normal/20686_02862.png,0,normal,test,test,20686,20686.png,"[0, 22, 13, 86]",1.0,kolektor_deteksi,kolektor_permukaan
C:/Arib/MASSA AYAM/chicken detection + constrative classification/data/crops_kolektor_deteksi/test/normal/20686_02863.png,0,normal,test,test,20686,20686.png,"[0, 14, 13, 75]",1.0,kolektor_deteksi,kolektor_permukaan
C:/Arib/MASSA AYAM/chicken detection + constrative classification/data/crops_kolektor_deteksi/test/normal/20693_02864.png,0,normal,test,test,20693,20693.png,"[0, 428, 14, 491]",1.0,kolektor_deteksi,kolektor_permukaan
C:/Arib/MASSA AYAM/chicken detection + constrative classification/data/crops_kolektor_deteksi/test/normal/20693_02865.png,0,normal,test,test,20693,20693.png,"[0, 438, 14, 515]",1.0,kolektor_deteksi,kolektor_permukaan
C:/Arib/MASSA AYAM/chicken detection + constrative classification/data/crops_kolektor_deteksi/test/normal/20693_02866.png,0,normal,test,test,20693,20693.png,"[0, 545, 14, 622]",1.0,kolektor_deteksi,kolektor_permukaan
C:/Arib/MASSA AYAM/chicken detection + constrative classification/data/crops_kolektor_deteksi/test/normal/20693_02867.png,0,normal,test,test,20693,20693.png,"[0, 559, 13, 630]",1.0,kolektor_deteksi,kolektor_permukaan
C:/Arib/MASSA AYAM/chicken detection + constrative classification/data/crops_kolektor_deteksi/test/normal/20693_02868.png,0,normal,test,test,20693,20693.png,"[0, 533, 16, 608]",1.0,kolektor_deteksi,kolektor_permukaan
C:/Arib/MASSA AYAM/chicken detection + constrative classification/data/crops_kolektor_deteksi/test/normal/20693_02869.png,0,normal,test,test,20693,20693.png,"[0, 572, 11, 630]",1.0,kolektor_deteksi,kolektor_permukaan
C:/Arib/MASSA AYAM/chicken detection + constrative classification/data/crops_kolektor_deteksi/test/normal/20693_02870.png,0,normal,test,test,20693,20693.png,"[0, 419, 18, 489]",1.0,kolektor_deteksi,kolektor_permukaan
C:/Arib/MASSA AYAM/chicken detection + constrative classification/data/crops_kolektor_deteksi/test/normal/20693_02871.png,0,normal,test,test,20693,20693.png,"[0, 512, 14, 591]",1.0,kolektor_deteksi,kolektor_permukaan
C:/Arib/MASSA AYAM/chicken detection + constrative classification/data/crops_kolektor_deteksi/test/normal/20693_02872.png,0,normal,test,test,20693,20693.png,"[0, 473, 18, 550]",1.0,kolektor_deteksi,kolektor_permukaan
C:/Arib/MASSA AYAM/chicken detection + constrative classification/data/crops_kolektor_deteksi/test/normal/20693_02873.png,0,normal,test,test,20693,20693.png,"[0, 459, 16, 539]",1.0,kolektor_deteksi,kolektor_permukaan
C:/Arib/MASSA AYAM/chicken detection + constrative classification/data/crops_kolektor_deteksi/test/normal/20693_02874.png,0,normal,test,test,20693,20693.png,"[0, 499, 13, 579]",1.0,kolektor_deteksi,kolektor_permukaan
C:/Arib/MASSA AYAM/chicken detection + constrative classification/data/crops_kolektor_deteksi/test/normal/20693_02875.png,0,normal,test,test,20693,20693.png,"[0, 486, 15, 565]",1.0,kolektor_deteksi,kolektor_permukaan
C:/Arib/MASSA AYAM/chicken detection + constrative classification/data/crops_kolektor_deteksi/test/normal/20693_02876.png,0,normal,test,test,20693,20693.png,"[0, 588, 10, 630]",1.0,kolektor_deteksi,kolektor_permukaan
C:/Arib/MASSA AYAM/chicken detection + constrative classification/data/crops_kolektor_deteksi/test/normal/20693_02877.png,0,normal,test,test,20693,20693.png,"[0, 536, 15, 630]",1.0,kolektor_deteksi,kolektor_permukaan
C:/Arib/MASSA AYAM/chicken detection + constrative classification/data/crops_kolektor_deteksi/test/normal/20693_02878.png,0,normal,test,test,20693,20693.png,"[0, 557, 13, 630]",1.0,kolektor_deteksi,kolektor_permukaan
C:/Arib/MASSA AYAM/chicken detection + constrative classification/data/crops_kolektor_deteksi/test/normal/20693_02879.png,0,normal,test,test,20693,20693.png,"[0, 520, 19, 630]",1.0,kolektor_deteksi,kolektor_permukaan
C:/Arib/MASSA AYAM/chicken detection + constrative classification/data/crops_kolektor_deteksi/test/normal/20703_02880.png,0,normal,test,test,20703,20703.png,"[0, 251, 14, 265]",1.0,kolektor_deteksi,kolektor_permukaan
C:/Arib/MASSA AYAM/chicken detection + constrative classification/data/crops_kolektor_deteksi/test/normal/20708_02881.png,0,normal,test,test,20708,20708.png,"[0, 80, 24, 114]",1.0,kolektor_deteksi,kolektor_permukaan
C:/Arib/MASSA AYAM/chicken detection + constrative classification/data/crops_kolektor_deteksi/test/normal/20712_02882.png,0,normal,test,test,20712,20712.png,"[0, 571, 23, 629]",1.0,kolektor_deteksi,kolektor_permukaan
C:/Arib/MASSA AYAM/chicken detection + constrative classification/data/crops_kolektor_deteksi/test/normal/20712_02883.png,0,normal,test,test,20712,20712.png,"[0, 557, 16, 629]",1.0,kolektor_deteksi,kolektor_permukaan
C:/Arib/MASSA AYAM/chicken detection + constrative classification/data/crops_kolektor_deteksi/test/normal/20712_02884.png,0,normal,test,test,20712,20712.png,"[0, 592, 27, 629]",1.0,kolektor_deteksi,kolektor_permukaan
C:/Arib/MASSA AYAM/chicken detection + constrative classification/data/crops_kolektor_deteksi/test/normal/20712_02885.png,0,normal,test,test,20712,20712.png,"[0, 367, 11, 442]",1.0,kolektor_deteksi,kolektor_permukaan
C:/Arib/MASSA AYAM/chicken detection + constrative classification/data/crops_kolektor_deteksi/test/normal/20712_02886.png,0,normal,test,test,20712,20712.png,"[0, 423, 13, 497]",1.0,kolektor_deteksi,kolektor_permukaan
C:/Arib/MASSA AYAM/chicken detection + constrative classification/data/crops_kolektor_deteksi/test/normal/20712_02887.png,0,normal,test,test,20712,20712.png,"[0, 376, 11, 455]",1.0,kolektor_deteksi,kolektor_permukaan
C:/Arib/MASSA AYAM/chicken detection + constrative classification/data/crops_kolektor_deteksi/test/normal/20714_02888.png,0,normal,test,test,20714,20714.png,"[0, 91, 13, 146]",1.0,kolektor_deteksi,kolektor_permukaan
C:/Arib/MASSA AYAM/chicken detection + constrative classification/data/crops_kolektor_deteksi/test/normal/20715_02889.png,0,normal,test,test,20715,20715.png,"[130, 623, 177, 635]",1.0,kolektor_deteksi,kolektor_permukaan
C:/Arib/MASSA AYAM/chicken detection + constrative classification/data/crops_kolektor_deteksi/test/normal/20715_02890.png,0,normal,test,test,20715,20715.png,"[128, 620, 198, 636]",1.0,kolektor_deteksi,kolektor_permukaan
C:/Arib/MASSA AYAM/chicken detection + constrative classification/data/crops_kolektor_deteksi/test/normal/20718_02891.png,0,normal,test,test,20718,20718.png,"[0, 30, 13, 84]",1.0,kolektor_deteksi,kolektor_permukaan
C:/Arib/MASSA AYAM/chicken detection + constrative classification/data/crops_kolektor_deteksi/test/normal/20718_02892.png,0,normal,test,test,20718,20718.png,"[0, 44, 12, 110]",1.0,kolektor_deteksi,kolektor_permukaan
C:/Arib/MASSA AYAM/chicken detection + constrative classification/data/crops_kolektor_deteksi/test/normal/20718_02893.png,0,normal,test,test,20718,20718.png,"[0, 40, 16, 84]",1.0,kolektor_deteksi,kolektor_permukaan
C:/Arib/MASSA AYAM/chicken detection + constrative classification/data/crops_kolektor_deteksi/test/normal/20718_02894.png,0,normal,test,test,20718,20718.png,"[0, 52, 17, 109]",1.0,kolektor_deteksi,kolektor_permukaan
C:/Arib/MASSA AYAM/chicken detection + constrative classification/data/crops_kolektor_deteksi/test/normal/20719_02895.png,0,normal,test,test,20719,20719.png,"[169, 277, 184, 295]",1.0,kolektor_deteksi,kolektor_permukaan
C:/Arib/MASSA AYAM/chicken detection + constrative classification/data/crops_kolektor_deteksi/test/normal/20719_02896.png,0,normal,test,test,20719,20719.png,"[170, 279, 183, 291]",1.0,kolektor_deteksi,kolektor_permukaan
C:/Arib/MASSA AYAM/chicken detection + constrative classification/data/crops_kolektor_deteksi/test/normal/20719_02897.png,0,normal,test,test,20719,20719.png,"[168, 276, 187, 297]",1.0,kolektor_deteksi,kolektor_permukaan
C:/Arib/MASSA AYAM/chicken detection + constrative classification/data/crops_kolektor_deteksi/test/normal/20722_02898.png,0,normal,test,test,20722,20722.png,"[0, 0, 16, 56]",1.0,kolektor_deteksi,kolektor_permukaan
C:/Arib/MASSA AYAM/chicken detection + constrative classification/data/crops_kolektor_deteksi/test/normal/20722_02899.png,0,normal,test,test,20722,20722.png,"[0, 0, 17, 69]",1.0,kolektor_deteksi,kolektor_permukaan
C:/Arib/MASSA AYAM/chicken detection + constrative classification/data/crops_kolektor_deteksi/test/normal/20722_02900.png,0,normal,test,test,20722,20722.png,"[0, 396, 14, 472]",1.0,kolektor_deteksi,kolektor_permukaan
C:/Arib/MASSA AYAM/chicken detection + constrative classification/data/crops_kolektor_deteksi/test/normal/20723_02901.png,0,normal,test,test,20723,20723.png,"[0, 521, 18, 563]",1.0,kolektor_deteksi,kolektor_permukaan
C:/Arib/MASSA AYAM/chicken detection + constrative classification/data/crops_kolektor_deteksi/test/normal/20723_02902.png,0,normal,test,test,20723,20723.png,"[0, 526, 18, 583]",1.0,kolektor_deteksi,kolektor_permukaan
C:/Arib/MASSA AYAM/chicken detection + constrative classification/data/crops_kolektor_deteksi/test/normal/20723_02903.png,0,normal,test,test,20723,20723.png,"[0, 530, 20, 557]",1.0,kolektor_deteksi,kolektor_permukaan
C:/Arib/MASSA AYAM/chicken detection + constrative classification/data/crops_kolektor_deteksi/test/normal/20723_02904.png,0,normal,test,test,20723,20723.png,"[0, 113, 10, 170]",1.0,kolektor_deteksi,kolektor_permukaan
C:/Arib/MASSA AYAM/chicken detection + constrative classification/data/crops_kolektor_deteksi/test/normal/20723_02905.png,0,normal,test,test,20723,20723.png,"[0, 509, 19, 559]",1.0,kolektor_deteksi,kolektor_permukaan
C:/Arib/MASSA AYAM/chicken detection + constrative classification/data/crops_kolektor_deteksi/test/normal/20723_02906.png,0,normal,test,test,20723,20723.png,"[0, 126, 10, 195]",1.0,kolektor_deteksi,kolektor_permukaan
C:/Arib/MASSA AYAM/chicken detection + constrative classification/data/crops_kolektor_deteksi/test/normal/20723_02907.png,0,normal,test,test,20723,20723.png,"[0, 106, 13, 172]",1.0,kolektor_deteksi,kolektor_permukaan
C:/Arib/MASSA AYAM/chicken detection + constrative classification/data/crops_kolektor_deteksi/test/normal/20723_02908.png,0,normal,test,test,20723,20723.png,"[0, 519, 21, 593]",1.0,kolektor_deteksi,kolektor_permukaan
C:/Arib/MASSA AYAM/chicken detection + constrative classification/data/crops_kolektor_deteksi/test/normal/20723_02909.png,0,normal,test,test,20723,20723.png,"[0, 102, 17, 178]",1.0,kolektor_deteksi,kolektor_permukaan
C:/Arib/MASSA AYAM/chicken detection + constrative classification/data/crops_kolektor_deteksi/test/normal/20723_02910.png,0,normal,test,test,20723,20723.png,"[0, 0, 13, 72]",1.0,kolektor_deteksi,kolektor_permukaan
C:/Arib/MASSA AYAM/chicken detection + constrative classification/data/crops_kolektor_deteksi/test/normal/20723_02911.png,0,normal,test,test,20723,20723.png,"[0, 526, 22, 552]",1.0,kolektor_deteksi,kolektor_permukaan
C:/Arib/MASSA AYAM/chicken detection + constrative classification/data/crops_kolektor_deteksi/test/normal/20723_02912.png,0,normal,test,test,20723,20723.png,"[0, 519, 15, 609]",1.0,kolektor_deteksi,kolektor_permukaan
C:/Arib/MASSA AYAM/chicken detection + constrative classification/data/crops_kolektor_deteksi/test/normal/20723_02913.png,0,normal,test,test,20723,20723.png,"[0, 7, 14, 89]",1.0,kolektor_deteksi,kolektor_permukaan
C:/Arib/MASSA AYAM/chicken detection + constrative classification/data/crops_kolektor_deteksi/test/normal/20723_02914.png,0,normal,test,test,20723,20723.png,"[0, 133, 12, 209]",1.0,kolektor_deteksi,kolektor_permukaan
C:/Arib/MASSA AYAM/chicken detection + constrative classification/data/crops_kolektor_deteksi/test/normal/20723_02915.png,0,normal,test,test,20723,20723.png,"[0, 530, 24, 575]",1.0,kolektor_deteksi,kolektor_permukaan
C:/Arib/MASSA AYAM/chicken detection + constrative classification/data/crops_kolektor_deteksi/test/normal/20723_02916.png,0,normal,test,test,20723,20723.png,"[0, 25, 12, 102]",1.0,kolektor_deteksi,kolektor_permukaan
C:/Arib/MASSA AYAM/chicken detection + constrative classification/data/crops_kolektor_deteksi/test/normal/20725_02923.png,0,normal,test,test,20725,20725.png,"[0, 366, 11, 447]",1.0,kolektor_deteksi,kolektor_permukaan
C:/Arib/MASSA AYAM/chicken detection + constrative classification/data/crops_kolektor_deteksi/test/normal/20725_02924.png,0,normal,test,test,20725,20725.png,"[0, 352, 12, 433]",1.0,kolektor_deteksi,kolektor_permukaan
C:/Arib/MASSA AYAM/chicken detection + constrative classification/data/crops_kolektor_deteksi/test/normal/20725_02925.png,0,normal,test,test,20725,20725.png,"[0, 378, 12, 462]",1.0,kolektor_deteksi,kolektor_permukaan
C:/Arib/MASSA AYAM/chicken detection + constrative classification/data/crops_kolektor_deteksi/test/normal/20725_02926.png,0,normal,test,test,20725,20725.png,"[0, 493, 11, 573]",1.0,kolektor_deteksi,kolektor_permukaan
C:/Arib/MASSA AYAM/chicken detection + constrative classification/data/crops_kolektor_deteksi/test/normal/20725_02927.png,0,normal,test,test,20725,20725.png,"[0, 412, 12, 494]",1.0,kolektor_deteksi,kolektor_permukaan
C:/Arib/MASSA AYAM/chicken detection + constrative classification/data/crops_kolektor_deteksi/test/normal/20725_02928.png,0,normal,test,test,20725,20725.png,"[0, 332, 12, 415]",1.0,kolektor_deteksi,kolektor_permukaan
C:/Arib/MASSA AYAM/chicken detection + constrative classification/data/crops_kolektor_deteksi/test/normal/20725_02929.png,0,normal,test,test,20725,20725.png,"[0, 424, 12, 509]",1.0,kolektor_deteksi,kolektor_permukaan
C:/Arib/MASSA AYAM/chicken detection + constrative classification/data/crops_kolektor_deteksi/test/normal/20725_02930.png,0,normal,test,test,20725,20725.png,"[0, 504, 13, 589]",1.0,kolektor_deteksi,kolektor_permukaan
C:/Arib/MASSA AYAM/chicken detection + constrative classification/data/crops_kolektor_deteksi/test/normal/20725_02931.png,0,normal,test,test,20725,20725.png,"[0, 319, 12, 400]",1.0,kolektor_deteksi,kolektor_permukaan
C:/Arib/MASSA AYAM/chicken detection + constrative classification/data/crops_kolektor_deteksi/test/normal/20727_02932.png,0,normal,test,test,20727,20727.png,"[0, 527, 15, 577]",1.0,kolektor_deteksi,kolektor_permukaan
C:/Arib/MASSA AYAM/chicken detection + constrative classification/data/crops_kolektor_deteksi/test/normal/20727_02933.png,0,normal,test,test,20727,20727.png,"[0, 530, 15, 603]",1.0,kolektor_deteksi,kolektor_permukaan
C:/Arib/MASSA AYAM/chicken detection + constrative classification/data/crops_kolektor_deteksi/test/normal/20727_02934.png,0,normal,test,test,20727,20727.png,"[0, 519, 15, 567]",1.0,kolektor_deteksi,kolektor_permukaan
C:/Arib/MASSA AYAM/chicken detection + constrative classification/data/crops_kolektor_deteksi/test/normal/20735_02935.png,0,normal,test,test,20735,20735.png,"[0, 587, 9, 636]",1.0,kolektor_deteksi,kolektor_permukaan
C:/Arib/MASSA AYAM/chicken detection + constrative classification/data/crops_kolektor_deteksi/test/normal/20735_02936.png,0,normal,test,test,20735,20735.png,"[0, 595, 10, 635]",1.0,kolektor_deteksi,kolektor_permukaan
C:/Arib/MASSA AYAM/chicken detection + constrative classification/data/crops_kolektor_deteksi/test/normal/20735_02937.png,0,normal,test,test,20735,20735.png,"[0, 24, 11, 58]",1.0,kolektor_deteksi,kolektor_permukaan
C:/Arib/MASSA AYAM/chicken detection + constrative classification/data/crops_kolektor_deteksi/test/normal/20737_02938.png,0,normal,test,test,20737,20737.png,"[0, 447, 12, 520]",1.0,kolektor_deteksi,kolektor_permukaan
C:/Arib/MASSA AYAM/chicken detection + constrative classification/data/crops_kolektor_deteksi/test/normal/20737_02939.png,0,normal,test,test,20737,20737.png,"[0, 457, 14, 538]",1.0,kolektor_deteksi,kolektor_permukaan
C:/Arib/MASSA AYAM/chicken detection + constrative classification/data/crops_kolektor_deteksi/test/normal/20739_02944.png,0,normal,test,test,20739,20739.png,"[0, 0, 10, 63]",1.0,kolektor_deteksi,kolektor_permukaan
C:/Arib/MASSA AYAM/chicken detection + constrative classification/data/crops_kolektor_deteksi/test/normal/20739_02945.png,0,normal,test,test,20739,20739.png,"[0, 449, 11, 519]",1.0,kolektor_deteksi,kolektor_permukaan
C:/Arib/MASSA AYAM/chicken detection + constrative classification/data/crops_kolektor_deteksi/test/normal/20739_02946.png,0,normal,test,test,20739,20739.png,"[0, 0, 10, 48]",1.0,kolektor_deteksi,kolektor_permukaan
C:/Arib/MASSA AYAM/chicken detection + constrative classification/data/crops_kolektor_deteksi/test/normal/20739_02947.png,0,normal,test,test,20739,20739.png,"[0, 437, 10, 490]",1.0,kolektor_deteksi,kolektor_permukaan
C:/Arib/MASSA AYAM/chicken detection + constrative classification/data/crops_kolektor_deteksi/test/normal/20739_02948.png,0,normal,test,test,20739,20739.png,"[0, 455, 12, 533]",1.0,kolektor_deteksi,kolektor_permukaan
C:/Arib/MASSA AYAM/chicken detection + constrative classification/data/crops_kolektor_deteksi/test/normal/20739_02949.png,0,normal,test,test,20739,20739.png,"[0, 0, 11, 75]",1.0,kolektor_deteksi,kolektor_permukaan
C:/Arib/MASSA AYAM/chicken detection + constrative classification/data/crops_kolektor_deteksi/test/normal/20741_02950.png,0,normal,test,test,20741,20741.png,"[0, 85, 10, 115]",1.0,kolektor_deteksi,kolektor_permukaan
C:/Arib/MASSA AYAM/chicken detection + constrative classification/data/crops_kolektor_deteksi/test/normal/20746_02951.png,0,normal,test,test,20746,20746.png,"[0, 542, 10, 604]",1.0,kolektor_deteksi,kolektor_permukaan
C:/Arib/MASSA AYAM/chicken detection + constrative classification/data/crops_kolektor_deteksi/test/normal/20746_02952.png,0,normal,test,test,20746,20746.png,"[0, 155, 14, 189]",1.0,kolektor_deteksi,kolektor_permukaan
C:/Arib/MASSA AYAM/chicken detection + constrative classification/data/crops_kolektor_deteksi/test/normal/20746_02953.png,0,normal,test,test,20746,20746.png,"[0, 557, 11, 626]",1.0,kolektor_deteksi,kolektor_permukaan
C:/Arib/MASSA AYAM/chicken detection + constrative classification/data/crops_kolektor_deteksi/test/normal/20746_02954.png,0,normal,test,test,20746,20746.png,"[0, 164, 15, 225]",1.0,kolektor_deteksi,kolektor_permukaan
C:/Arib/MASSA AYAM/chicken detection + constrative classification/data/crops_kolektor_deteksi/test/normal/20746_02955.png,0,normal,test,test,20746,20746.png,"[0, 532, 11, 587]",1.0,kolektor_deteksi,kolektor_permukaan
C:/Arib/MASSA AYAM/chicken detection + constrative classification/data/crops_kolektor_deteksi/test/normal/20746_02956.png,0,normal,test,test,20746,20746.png,"[0, 401, 13, 480]",1.0,kolektor_deteksi,kolektor_permukaan
C:/Arib/MASSA AYAM/chicken detection + constrative classification/data/crops_kolektor_deteksi/test/normal/20746_02957.png,0,normal,test,test,20746,20746.png,"[0, 524, 11, 607]",1.0,kolektor_deteksi,kolektor_permukaan
C:/Arib/MASSA AYAM/chicken detection + constrative classification/data/crops_kolektor_deteksi/test/normal/20748_02964.png,0,normal,test,test,20748,20748.png,"[0, 572, 10, 627]",1.0,kolektor_deteksi,kolektor_permukaan
C:/Arib/MASSA AYAM/chicken detection + constrative classification/data/crops_kolektor_deteksi/test/normal/20756_02970.png,0,normal,test,test,20756,20756.png,"[0, 1, 12, 52]",1.0,kolektor_deteksi,kolektor_permukaan
C:/Arib/MASSA AYAM/chicken detection + constrative classification/data/crops_kolektor_deteksi/test/normal/20756_02971.png,0,normal,test,test,20756,20756.png,"[0, 0, 13, 68]",1.0,kolektor_deteksi,kolektor_permukaan
C:/Arib/MASSA AYAM/chicken detection + constrative classification/data/crops_kolektor_deteksi/test/normal/20756_02972.png,0,normal,test,test,20756,20756.png,"[0, 128, 12, 205]",1.0,kolektor_deteksi,kolektor_permukaan
C:/Arib/MASSA AYAM/chicken detection + constrative classification/data/crops_kolektor_deteksi/test/normal/20756_02973.png,0,normal,test,test,20756,20756.png,"[0, 137, 13, 222]",1.0,kolektor_deteksi,kolektor_permukaan
C:/Arib/MASSA AYAM/chicken detection + constrative classification/data/crops_kolektor_deteksi/test/normal/20756_02974.png,0,normal,test,test,20756,20756.png,"[0, 67, 12, 148]",1.0,kolektor_deteksi,kolektor_permukaan
C:/Arib/MASSA AYAM/chicken detection + constrative classification/data/crops_kolektor_deteksi/test/normal/20756_02975.png,0,normal,test,test,20756,20756.png,"[0, 2, 13, 24]",1.0,kolektor_deteksi,kolektor_permukaan
C:/Arib/MASSA AYAM/chicken detection + constrative classification/data/crops_kolektor_deteksi/test/normal/20756_02976.png,0,normal,test,test,20756,20756.png,"[0, 0, 13, 41]",1.0,kolektor_deteksi,kolektor_permukaan
C:/Arib/MASSA AYAM/chicken detection + constrative classification/data/crops_kolektor_deteksi/test/normal/20756_02977.png,0,normal,test,test,20756,20756.png,"[0, 0, 15, 83]",1.0,kolektor_deteksi,kolektor_permukaan
C:/Arib/MASSA AYAM/chicken detection + constrative classification/data/crops_kolektor_deteksi/test/normal/20756_02978.png,0,normal,test,test,20756,20756.png,"[0, 84, 12, 168]",1.0,kolektor_deteksi,kolektor_permukaan
C:/Arib/MASSA AYAM/chicken detection + constrative classification/data/crops_kolektor_deteksi/test/normal/20756_02979.png,0,normal,test,test,20756,20756.png,"[0, 107, 12, 224]",1.0,kolektor_deteksi,kolektor_permukaan
C:/Arib/MASSA AYAM/chicken detection + constrative classification/data/crops_kolektor_deteksi/test/normal/20756_02980.png,0,normal,test,test,20756,20756.png,"[0, 51, 13, 132]",1.0,kolektor_deteksi,kolektor_permukaan
C:/Arib/MASSA AYAM/chicken detection + constrative classification/data/crops_kolektor_deteksi/test/normal/20756_02981.png,0,normal,test,test,20756,20756.png,"[0, 33, 13, 116]",1.0,kolektor_deteksi,kolektor_permukaan
C:/Arib/MASSA AYAM/chicken detection + constrative classification/data/crops_kolektor_deteksi/test/normal/20757_02982.png,0,normal,test,test,20757,20757.png,"[0, 197, 15, 259]",1.0,kolektor_deteksi,kolektor_permukaan
C:/Arib/MASSA AYAM/chicken detection + constrative classification/data/crops_kolektor_deteksi/test/normal/20757_02983.png,0,normal,test,test,20757,20757.png,"[0, 68, 11, 142]",1.0,kolektor_deteksi,kolektor_permukaan
C:/Arib/MASSA AYAM/chicken detection + constrative classification/data/crops_kolektor_deteksi/test/normal/20757_02984.png,0,normal,test,test,20757,20757.png,"[0, 195, 16, 228]",1.0,kolektor_deteksi,kolektor_permukaan
C:/Arib/MASSA AYAM/chicken detection + constrative classification/data/crops_kolektor_deteksi/test/normal/20757_02985.png,0,normal,test,test,20757,20757.png,"[0, 57, 9, 122]",1.0,kolektor_deteksi,kolektor_permukaan
C:/Arib/MASSA AYAM/chicken detection + constrative classification/data/crops_kolektor_deteksi/test/normal/20769_02987.png,0,normal,test,test,20769,20769.png,"[51, 622, 148, 638]",1.0,kolektor_deteksi,kolektor_permukaan
C:/Arib/MASSA AYAM/chicken detection + constrative classification/data/crops_kolektor_deteksi/test/normal/20774_02988.png,0,normal,test,test,20774,20774.png,"[0, 379, 13, 460]",1.0,kolektor_deteksi,kolektor_permukaan
C:/Arib/MASSA AYAM/chicken detection + constrative classification/data/crops_kolektor_deteksi/test/normal/20774_02989.png,0,normal,test,test,20774,20774.png,"[0, 503, 11, 579]",1.0,kolektor_deteksi,kolektor_permukaan
C:/Arib/MASSA AYAM/chicken detection + constrative classification/data/crops_kolektor_deteksi/test/normal/20774_02990.png,0,normal,test,test,20774,20774.png,"[0, 389, 14, 474]",1.0,kolektor_deteksi,kolektor_permukaan
C:/Arib/MASSA AYAM/chicken detection + constrative classification/data/crops_kolektor_deteksi/test/normal/20774_02991.png,0,normal,test,test,20774,20774.png,"[0, 402, 12, 487]",1.0,kolektor_deteksi,kolektor_permukaan
C:/Arib/MASSA AYAM/chicken detection + constrative classification/data/crops_kolektor_deteksi/test/normal/20781_02992.png,0,normal,test,test,20781,20781.png,"[0, 323, 18, 380]",1.0,kolektor_deteksi,kolektor_permukaan
C:/Arib/MASSA AYAM/chicken detection + constrative classification/data/crops_kolektor_deteksi/test/normal/20783_02993.png,0,normal,test,test,20783,20783.png,"[0, 622, 15, 648]",1.0,kolektor_deteksi,kolektor_permukaan
C:/Arib/MASSA AYAM/chicken detection + constrative classification/data/crops_kolektor_deteksi/test/normal/20783_02994.png,0,normal,test,test,20783,20783.png,"[0, 608, 12, 650]",1.0,kolektor_deteksi,kolektor_permukaan
C:/Arib/MASSA AYAM/chicken detection + constrative classification/data/crops_kolektor_deteksi/test/normal/20783_02995.png,0,normal,test,test,20783,20783.png,"[0, 630, 15, 649]",1.0,kolektor_deteksi,kolektor_permukaan
C:/Arib/MASSA AYAM/chicken detection + constrative classification/data/crops_kolektor_deteksi/test/normal/20786_02999.png,0,normal,test,test,20786,20786.png,"[0, 5, 11, 71]",1.0,kolektor_deteksi,kolektor_permukaan
C:/Arib/MASSA AYAM/chicken detection + constrative classification/data/crops_kolektor_deteksi/test/normal/20786_03000.png,0,normal,test,test,20786,20786.png,"[0, 0, 11, 39]",1.0,kolektor_deteksi,kolektor_permukaan
C:/Arib/MASSA AYAM/chicken detection + constrative classification/data/crops_kolektor_deteksi/test/normal/20786_03001.png,0,normal,test,test,20786,20786.png,"[0, 14, 14, 83]",1.0,kolektor_deteksi,kolektor_permukaan
C:/Arib/MASSA AYAM/chicken detection + constrative classification/data/crops_kolektor_deteksi/test/normal/20786_03002.png,0,normal,test,test,20786,20786.png,"[0, 417, 11, 490]",1.0,kolektor_deteksi,kolektor_permukaan
C:/Arib/MASSA AYAM/chicken detection + constrative classification/data/crops_kolektor_deteksi/test/normal/20786_03003.png,0,normal,test,test,20786,20786.png,"[0, 174, 10, 247]",1.0,kolektor_deteksi,kolektor_permukaan
C:/Arib/MASSA AYAM/chicken detection + constrative classification/data/crops_kolektor_deteksi/test/normal/20786_03004.png,0,normal,test,test,20786,20786.png,"[0, 607, 11, 638]",1.0,kolektor_deteksi,kolektor_permukaan
C:/Arib/MASSA AYAM/chicken detection + constrative classification/data/crops_kolektor_deteksi/test/normal/20786_03005.png,0,normal,test,test,20786,20786.png,"[0, 430, 14, 503]",1.0,kolektor_deteksi,kolektor_permukaan
C:/Arib/MASSA AYAM/chicken detection + constrative classification/data/crops_kolektor_deteksi/test/normal/20786_03006.png,0,normal,test,test,20786,20786.png,"[0, 590, 10, 638]",1.0,kolektor_deteksi,kolektor_permukaan
C:/Arib/MASSA AYAM/chicken detection + constrative classification/data/crops_kolektor_deteksi/test/normal/20786_03007.png,0,normal,test,test,20786,20786.png,"[0, 0, 14, 40]",1.0,kolektor_deteksi,kolektor_permukaan
C:/Arib/MASSA AYAM/chicken detection + constrative classification/data/crops_kolektor_deteksi/test/normal/20786_03008.png,0,normal,test,test,20786,20786.png,"[0, 0, 13, 76]",1.0,kolektor_deteksi,kolektor_permukaan
C:/Arib/MASSA AYAM/chicken detection + constrative classification/data/crops_kolektor_deteksi/test/normal/20786_03009.png,0,normal,test,test,20786,20786.png,"[0, 407, 12, 466]",1.0,kolektor_deteksi,kolektor_permukaan
C:/Arib/MASSA AYAM/chicken detection + constrative classification/data/crops_kolektor_deteksi/test/normal/20786_03010.png,0,normal,test,test,20786,20786.png,"[0, 388, 17, 473]",1.0,kolektor_deteksi,kolektor_permukaan
C:/Arib/MASSA AYAM/chicken detection + constrative classification/data/crops_kolektor_deteksi/test/normal/20786_03011.png,0,normal,test,test,20786,20786.png,"[0, 382, 13, 459]",1.0,kolektor_deteksi,kolektor_permukaan
C:/Arib/MASSA AYAM/chicken detection + constrative classification/data/crops_kolektor_deteksi/test/normal/20786_03012.png,0,normal,test,test,20786,20786.png,"[0, 189, 11, 271]",1.0,kolektor_deteksi,kolektor_permukaan
C:/Arib/MASSA AYAM/chicken detection + constrative classification/data/crops_kolektor_deteksi/test/normal/20786_03013.png,0,normal,test,test,20786,20786.png,"[0, 162, 13, 240]",1.0,kolektor_deteksi,kolektor_permukaan
C:/Arib/MASSA AYAM/chicken detection + constrative classification/data/crops_kolektor_deteksi/test/normal/20791_03014.png,0,normal,test,test,20791,20791.png,"[0, 568, 10, 631]",1.0,kolektor_deteksi,kolektor_permukaan
C:/Arib/MASSA AYAM/chicken detection + constrative classification/data/crops_kolektor_deteksi/test/normal/20791_03015.png,0,normal,test,test,20791,20791.png,"[0, 582, 9, 631]",1.0,kolektor_deteksi,kolektor_permukaan
C:/Arib/MASSA AYAM/chicken detection + constrative classification/data/crops_kolektor_deteksi/test/normal/20791_03016.png,0,normal,test,test,20791,20791.png,"[0, 554, 12, 629]",1.0,kolektor_deteksi,kolektor_permukaan
C:/Arib/MASSA AYAM/chicken detection + constrative classification/data/crops_kolektor_deteksi/test/normal/20791_03017.png,0,normal,test,test,20791,20791.png,"[0, 528, 12, 605]",1.0,kolektor_deteksi,kolektor_permukaan
C:/Arib/MASSA AYAM/chicken detection + constrative classification/data/crops_kolektor_deteksi/test/normal/20791_03018.png,0,normal,test,test,20791,20791.png,"[0, 589, 10, 631]",1.0,kolektor_deteksi,kolektor_permukaan
C:/Arib/MASSA AYAM/chicken detection + constrative classification/data/crops_kolektor_deteksi/test/normal/20791_03019.png,0,normal,test,test,20791,20791.png,"[0, 514, 12, 589]",1.0,kolektor_deteksi,kolektor_permukaan
C:/Arib/MASSA AYAM/chicken detection + constrative classification/data/crops_kolektor_deteksi/test/normal/20791_03020.png,0,normal,test,test,20791,20791.png,"[0, 550, 12, 631]",1.0,kolektor_deteksi,kolektor_permukaan
C:/Arib/MASSA AYAM/chicken detection + constrative classification/data/crops_kolektor_deteksi/test/normal/20791_03021.png,0,normal,test,test,20791,20791.png,"[0, 563, 10, 631]",1.0,kolektor_deteksi,kolektor_permukaan
C:/Arib/MASSA AYAM/chicken detection + constrative classification/data/crops_kolektor_deteksi/test/normal/20791_03022.png,0,normal,test,test,20791,20791.png,"[0, 527, 15, 631]",1.0,kolektor_deteksi,kolektor_permukaan
C:/Arib/MASSA AYAM/chicken detection + constrative classification/data/crops_kolektor_deteksi/test/normal/20791_03023.png,0,normal,test,test,20791,20791.png,"[0, 505, 14, 631]",1.0,kolektor_deteksi,kolektor_permukaan
C:/Arib/MASSA AYAM/chicken detection + constrative classification/data/crops_kolektor_deteksi/test/normal/20791_03024.png,0,normal,test,test,20791,20791.png,"[0, 500, 15, 580]",1.0,kolektor_deteksi,kolektor_permukaan
C:/Arib/MASSA AYAM/chicken detection + constrative classification/data/crops_kolektor_deteksi/test/normal/20792_03025.png,0,normal,test,test,20792,20792.png,"[0, 0, 12, 65]",1.0,kolektor_deteksi,kolektor_permukaan
C:/Arib/MASSA AYAM/chicken detection + constrative classification/data/crops_kolektor_deteksi/test/normal/20792_03026.png,0,normal,test,test,20792,20792.png,"[0, 3, 10, 36]",1.0,kolektor_deteksi,kolektor_permukaan
C:/Arib/MASSA AYAM/chicken detection + constrative classification/data/crops_kolektor_deteksi/test/normal/20797_03027.png,0,normal,test,test,20797,20797.png,"[21, 627, 56, 636]",1.0,kolektor_deteksi,kolektor_permukaan
C:/Arib/MASSA AYAM/chicken detection + constrative classification/data/crops_kolektor_deteksi/test/normal/20797_03028.png,0,normal,test,test,20797,20797.png,"[25, 623, 57, 637]",1.0,kolektor_deteksi,kolektor_permukaan
C:/Arib/MASSA AYAM/chicken detection + constrative classification/data/crops_kolektor_deteksi/test/normal/20800_03029.png,0,normal,test,test,20800,20800.png,"[0, 624, 21, 641]",1.0,kolektor_deteksi,kolektor_permukaan
C:/Arib/MASSA AYAM/chicken detection + constrative classification/data/crops_kolektor_deteksi/test/normal/20806_03031.png,0,normal,test,test,20806,20806.png,"[0, 66, 12, 110]",1.0,kolektor_deteksi,kolektor_permukaan
C:/Arib/MASSA AYAM/chicken detection + constrative classification/data/crops_kolektor_deteksi/test/normal/20806_03032.png,0,normal,test,test,20806,20806.png,"[0, 84, 13, 124]",1.0,kolektor_deteksi,kolektor_permukaan
C:/Arib/MASSA AYAM/chicken detection + constrative classification/data/crops_kolektor_deteksi/test/normal/20813_03033.png,0,normal,test,test,20813,20813.png,"[0, 588, 16, 622]",1.0,kolektor_deteksi,kolektor_permukaan
C:/Arib/MASSA AYAM/chicken detection + constrative classification/data/crops_kolektor_deteksi/test/normal/20814_03034.png,0,normal,test,test,20814,20814.png,"[0, 102, 11, 134]",1.0,kolektor_deteksi,kolektor_permukaan
C:/Arib/MASSA AYAM/chicken detection + constrative classification/data/crops_kolektor_deteksi/test/normal/20819_03035.png,0,normal,test,test,20819,20819.png,"[0, 565, 18, 620]",1.0,kolektor_deteksi,kolektor_permukaan
C:/Arib/MASSA AYAM/chicken detection + constrative classification/data/crops_kolektor_deteksi/test/normal/20819_03036.png,0,normal,test,test,20819,20819.png,"[0, 558, 19, 613]",1.0,kolektor_deteksi,kolektor_permukaan
C:/Arib/MASSA AYAM/chicken detection + constrative classification/data/crops_kolektor_deteksi/test/normal/20819_03037.png,0,normal,test,test,20819,20819.png,"[0, 567, 25, 620]",1.0,kolektor_deteksi,kolektor_permukaan
C:/Arib/MASSA AYAM/chicken detection + constrative classification/data/crops_kolektor_deteksi/test/normal/20832_03041.png,0,normal,test,test,20832,20832.png,"[0, 623, 57, 639]",1.0,kolektor_deteksi,kolektor_permukaan
C:/Arib/MASSA AYAM/chicken detection + constrative classification/data/crops_kolektor_deteksi/test/normal/20832_03042.png,0,normal,test,test,20832,20832.png,"[0, 615, 64, 640]",1.0,kolektor_deteksi,kolektor_permukaan
C:/Arib/MASSA AYAM/chicken detection + constrative classification/data/crops_kolektor_deteksi/test/normal/20841_03049.png,0,normal,test,test,20841,20841.png,"[0, 122, 11, 199]",1.0,kolektor_deteksi,kolektor_permukaan
C:/Arib/MASSA AYAM/chicken detection + constrative classification/data/crops_kolektor_deteksi/test/normal/20841_03050.png,0,normal,test,test,20841,20841.png,"[0, 115, 10, 180]",1.0,kolektor_deteksi,kolektor_permukaan
C:/Arib/MASSA AYAM/chicken detection + constrative classification/data/crops_kolektor_deteksi/test/normal/20841_03051.png,0,normal,test,test,20841,20841.png,"[0, 130, 13, 218]",1.0,kolektor_deteksi,kolektor_permukaan
C:/Arib/MASSA AYAM/chicken detection + constrative classification/data/crops_kolektor_deteksi/test/normal/20841_03052.png,0,normal,test,test,20841,20841.png,"[0, 100, 12, 176]",1.0,kolektor_deteksi,kolektor_permukaan
C:/Arib/MASSA AYAM/chicken detection + constrative classification/data/crops_kolektor_deteksi/test/normal/20841_03053.png,0,normal,test,test,20841,20841.png,"[0, 59, 11, 139]",1.0,kolektor_deteksi,kolektor_permukaan
C:/Arib/MASSA AYAM/chicken detection + constrative classification/data/crops_kolektor_deteksi/test/normal/20841_03054.png,0,normal,test,test,20841,20841.png,"[0, 96, 12, 225]",1.0,kolektor_deteksi,kolektor_permukaan
C:/Arib/MASSA AYAM/chicken detection + constrative classification/data/crops_kolektor_deteksi/test/normal/20841_03055.png,0,normal,test,test,20841,20841.png,"[0, 450, 11, 521]",1.0,kolektor_deteksi,kolektor_permukaan
C:/Arib/MASSA AYAM/chicken detection + constrative classification/data/crops_kolektor_deteksi/test/normal/20841_03056.png,0,normal,test,test,20841,20841.png,"[0, 444, 13, 509]",1.0,kolektor_deteksi,kolektor_permukaan
C:/Arib/MASSA AYAM/chicken detection + constrative classification/data/crops_kolektor_deteksi/test/normal/20841_03057.png,0,normal,test,test,20841,20841.png,"[0, 190, 10, 268]",1.0,kolektor_deteksi,kolektor_permukaan
C:/Arib/MASSA AYAM/chicken detection + constrative classification/data/crops_kolektor_deteksi/test/normal/20841_03058.png,0,normal,test,test,20841,20841.png,"[0, 439, 16, 520]",1.0,kolektor_deteksi,kolektor_permukaan
C:/Arib/MASSA AYAM/chicken detection + constrative classification/data/crops_kolektor_deteksi/test/normal/20843_03059.png,0,normal,test,test,20843,20843.png,"[0, 141, 10, 220]",1.0,kolektor_deteksi,kolektor_permukaan
C:/Arib/MASSA AYAM/chicken detection + constrative classification/data/crops_kolektor_deteksi/test/normal/20843_03060.png,0,normal,test,test,20843,20843.png,"[0, 110, 10, 188]",1.0,kolektor_deteksi,kolektor_permukaan
C:/Arib/MASSA AYAM/chicken detection + constrative classification/data/crops_kolektor_deteksi/test/normal/20843_03061.png,0,normal,test,test,20843,20843.png,"[0, 117, 12, 197]",1.0,kolektor_deteksi,kolektor_permukaan
C:/Arib/MASSA AYAM/chicken detection + constrative classification/data/crops_kolektor_deteksi/test/normal/20843_03062.png,0,normal,test,test,20843,20843.png,"[0, 151, 12, 236]",1.0,kolektor_deteksi,kolektor_permukaan
C:/Arib/MASSA AYAM/chicken detection + constrative classification/data/crops_kolektor_deteksi/test/normal/20847_03063.png,0,normal,test,test,20847,20847.png,"[0, 308, 9, 372]",1.0,kolektor_deteksi,kolektor_permukaan
C:/Arib/MASSA AYAM/chicken detection + constrative classification/data/crops_kolektor_deteksi/test/normal/20847_03064.png,0,normal,test,test,20847,20847.png,"[0, 316, 11, 391]",1.0,kolektor_deteksi,kolektor_permukaan
C:/Arib/MASSA AYAM/chicken detection + constrative classification/data/crops_kolektor_deteksi/test/normal/20850_03065.png,0,normal,test,test,20850,20850.png,"[0, 0, 11, 67]",1.0,kolektor_deteksi,kolektor_permukaan
C:/Arib/MASSA AYAM/chicken detection + constrative classification/data/crops_kolektor_deteksi/test/normal/20850_03066.png,0,normal,test,test,20850,20850.png,"[0, 0, 9, 54]",1.0,kolektor_deteksi,kolektor_permukaan
C:/Arib/MASSA AYAM/chicken detection + constrative classification/data/crops_kolektor_deteksi/test/normal/20850_03067.png,0,normal,test,test,20850,20850.png,"[0, 0, 13, 87]",1.0,kolektor_deteksi,kolektor_permukaan
C:/Arib/MASSA AYAM/chicken detection + constrative classification/data/crops_kolektor_deteksi/test/normal/20850_03068.png,0,normal,test,test,20850,20850.png,"[0, 0, 11, 56]",1.0,kolektor_deteksi,kolektor_permukaan
C:/Arib/MASSA AYAM/chicken detection + constrative classification/data/crops_kolektor_deteksi/test/normal/20850_03069.png,0,normal,test,test,20850,20850.png,"[0, 1, 10, 32]",1.0,kolektor_deteksi,kolektor_permukaan
C:/Arib/MASSA AYAM/chicken detection + constrative classification/data/crops_kolektor_deteksi/test/normal/20850_03070.png,0,normal,test,test,20850,20850.png,"[0, 326, 10, 397]",1.0,kolektor_deteksi,kolektor_permukaan
C:/Arib/MASSA AYAM/chicken detection + constrative classification/data/crops_kolektor_deteksi/test/normal/20852_03071.png,0,normal,test,test,20852,20852.png,"[0, 543, 15, 583]",1.0,kolektor_deteksi,kolektor_permukaan
C:/Arib/MASSA AYAM/chicken detection + constrative classification/data/crops_kolektor_deteksi/test/normal/20854_03072.png,0,normal,test,test,20854,20854.png,"[0, 378, 10, 451]",1.0,kolektor_deteksi,kolektor_permukaan
C:/Arib/MASSA AYAM/chicken detection + constrative classification/data/crops_kolektor_deteksi/test/normal/20854_03073.png,0,normal,test,test,20854,20854.png,"[0, 388, 11, 466]",1.0,kolektor_deteksi,kolektor_permukaan
C:/Arib/MASSA AYAM/chicken detection + constrative classification/data/crops_kolektor_deteksi/test/normal/20864_03074.png,0,normal,test,test,20864,20864.png,"[0, 584, 13, 625]",1.0,kolektor_deteksi,kolektor_permukaan
C:/Arib/MASSA AYAM/chicken detection + constrative classification/data/crops_kolektor_deteksi/test/normal/20864_03075.png,0,normal,test,test,20864,20864.png,"[0, 594, 17, 625]",1.0,kolektor_deteksi,kolektor_permukaan
C:/Arib/MASSA AYAM/chicken detection + constrative classification/data/crops_kolektor_deteksi/test/normal/20866_03076.png,0,normal,test,test,20866,20866.png,"[0, 600, 10, 622]",1.0,kolektor_deteksi,kolektor_permukaan
C:/Arib/MASSA AYAM/chicken detection + constrative classification/data/crops_kolektor_deteksi/test/normal/20866_03077.png,0,normal,test,test,20866,20866.png,"[0, 0, 12, 73]",1.0,kolektor_deteksi,kolektor_permukaan
C:/Arib/MASSA AYAM/chicken detection + constrative classification/data/crops_kolektor_deteksi/test/normal/20869_03078.png,0,normal,test,test,20869,20869.png,"[0, 603, 16, 637]",1.0,kolektor_deteksi,kolektor_permukaan
C:/Arib/MASSA AYAM/chicken detection + constrative classification/data/crops_kolektor_deteksi/test/normal/20869_03079.png,0,normal,test,test,20869,20869.png,"[0, 607, 24, 636]",1.0,kolektor_deteksi,kolektor_permukaan
C:/Arib/MASSA AYAM/chicken detection + constrative classification/data/crops_kolektor_deteksi/test/normal/20875_03081.png,0,normal,test,test,20875,20875.png,"[0, 599, 14, 639]",1.0,kolektor_deteksi,kolektor_permukaan
C:/Arib/MASSA AYAM/chicken detection + constrative classification/data/crops_kolektor_deteksi/test/normal/20880_03082.png,0,normal,test,test,20880,20880.png,"[0, 538, 18, 605]",1.0,kolektor_deteksi,kolektor_permukaan
C:/Arib/MASSA AYAM/chicken detection + constrative classification/data/crops_kolektor_deteksi/test/normal/20880_03083.png,0,normal,test,test,20880,20880.png,"[0, 547, 14, 628]",1.0,kolektor_deteksi,kolektor_permukaan
C:/Arib/MASSA AYAM/chicken detection + constrative classification/data/crops_kolektor_deteksi/test/normal/20880_03084.png,0,normal,test,test,20880,20880.png,"[0, 524, 21, 597]",1.0,kolektor_deteksi,kolektor_permukaan
C:/Arib/MASSA AYAM/chicken detection + constrative classification/data/crops_kolektor_deteksi/test/normal/20885_03103.png,0,normal,test,test,20885,20885.png,"[0, 3, 17, 29]",1.0,kolektor_deteksi,kolektor_permukaan
C:/Arib/MASSA AYAM/chicken detection + constrative classification/data/crops_kolektor_deteksi/test/normal/20885_03104.png,0,normal,test,test,20885,20885.png,"[0, 5, 18, 23]",1.0,kolektor_deteksi,kolektor_permukaan
C:/Arib/MASSA AYAM/chicken detection + constrative classification/data/crops_kolektor_deteksi/test/normal/20885_03105.png,0,normal,test,test,20885,20885.png,"[0, 2, 18, 67]",1.0,kolektor_deteksi,kolektor_permukaan
C:/Arib/MASSA AYAM/chicken detection + constrative classification/data/crops_kolektor_deteksi/test/normal/20885_03106.png,0,normal,test,test,20885,20885.png,"[0, 2, 22, 20]",1.0,kolektor_deteksi,kolektor_permukaan
C:/Arib/MASSA AYAM/chicken detection + constrative classification/data/crops_kolektor_deteksi/test/normal/20887_03107.png,0,normal,test,test,20887,20887.png,"[0, 375, 12, 455]",1.0,kolektor_deteksi,kolektor_permukaan
C:/Arib/MASSA AYAM/chicken detection + constrative classification/data/crops_kolektor_deteksi/test/normal/20887_03108.png,0,normal,test,test,20887,20887.png,"[0, 201, 13, 284]",1.0,kolektor_deteksi,kolektor_permukaan
C:/Arib/MASSA AYAM/chicken detection + constrative classification/data/crops_kolektor_deteksi/test/normal/20887_03109.png,0,normal,test,test,20887,20887.png,"[0, 187, 12, 269]",1.0,kolektor_deteksi,kolektor_permukaan
C:/Arib/MASSA AYAM/chicken detection + constrative classification/data/crops_kolektor_deteksi/test/normal/20887_03110.png,0,normal,test,test,20887,20887.png,"[0, 220, 13, 303]",1.0,kolektor_deteksi,kolektor_permukaan
C:/Arib/MASSA AYAM/chicken detection + constrative classification/data/crops_kolektor_deteksi/test/normal/20887_03111.png,0,normal,test,test,20887,20887.png,"[0, 168, 12, 249]",1.0,kolektor_deteksi,kolektor_permukaan
C:/Arib/MASSA AYAM/chicken detection + constrative classification/data/crops_kolektor_deteksi/test/normal/20887_03112.png,0,normal,test,test,20887,20887.png,"[0, 254, 13, 335]",1.0,kolektor_deteksi,kolektor_permukaan
C:/Arib/MASSA AYAM/chicken detection + constrative classification/data/crops_kolektor_deteksi/test/normal/20887_03113.png,0,normal,test,test,20887,20887.png,"[0, 234, 14, 318]",1.0,kolektor_deteksi,kolektor_permukaan
C:/Arib/MASSA AYAM/chicken detection + constrative classification/data/crops_kolektor_deteksi/test/normal/20887_03114.png,0,normal,test,test,20887,20887.png,"[0, 430, 16, 506]",1.0,kolektor_deteksi,kolektor_permukaan
C:/Arib/MASSA AYAM/chicken detection + constrative classification/data/crops_kolektor_deteksi/test/normal/20887_03115.png,0,normal,test,test,20887,20887.png,"[0, 388, 13, 472]",1.0,kolektor_deteksi,kolektor_permukaan
C:/Arib/MASSA AYAM/chicken detection + constrative classification/data/crops_kolektor_deteksi/test/normal/20887_03116.png,0,normal,test,test,20887,20887.png,"[0, 361, 13, 442]",1.0,kolektor_deteksi,kolektor_permukaan
C:/Arib/MASSA AYAM/chicken detection + constrative classification/data/crops_kolektor_deteksi/test/normal/20887_03117.png,0,normal,test,test,20887,20887.png,"[0, 267, 14, 351]",1.0,kolektor_deteksi,kolektor_permukaan
C:/Arib/MASSA AYAM/chicken detection + constrative classification/data/crops_kolektor_deteksi/test/normal/20887_03118.png,0,normal,test,test,20887,20887.png,"[0, 0, 14, 69]",1.0,kolektor_deteksi,kolektor_permukaan
C:/Arib/MASSA AYAM/chicken detection + constrative classification/data/crops_kolektor_deteksi/test/normal/20887_03119.png,0,normal,test,test,20887,20887.png,"[0, 60, 14, 142]",1.0,kolektor_deteksi,kolektor_permukaan
C:/Arib/MASSA AYAM/chicken detection + constrative classification/data/crops_kolektor_deteksi/test/normal/20887_03120.png,0,normal,test,test,20887,20887.png,"[0, 73, 15, 157]",1.0,kolektor_deteksi,kolektor_permukaan
C:/Arib/MASSA AYAM/chicken detection + constrative classification/data/crops_kolektor_deteksi/test/normal/20893_03129.png,0,normal,test,test,20893,20893.png,"[0, 564, 13, 624]",1.0,kolektor_deteksi,kolektor_permukaan
C:/Arib/MASSA AYAM/chicken detection + constrative classification/data/crops_kolektor_deteksi/test/normal/20893_03130.png,0,normal,test,test,20893,20893.png,"[0, 571, 15, 630]",1.0,kolektor_deteksi,kolektor_permukaan
C:/Arib/MASSA AYAM/chicken detection + constrative classification/data/crops_kolektor_deteksi/test/normal/20896_03131.png,0,normal,test,test,20896,20896.png,"[2, 53, 15, 77]",1.0,kolektor_deteksi,kolektor_permukaan
C:/Arib/MASSA AYAM/chicken detection + constrative classification/data/crops_kolektor_deteksi/test/normal/20896_03132.png,0,normal,test,test,20896,20896.png,"[2, 55, 14, 72]",1.0,kolektor_deteksi,kolektor_permukaan
C:/Arib/MASSA AYAM/chicken detection + constrative classification/data/crops_kolektor_deteksi/test/normal/20896_03133.png,0,normal,test,test,20896,20896.png,"[1, 52, 15, 92]",1.0,kolektor_deteksi,kolektor_permukaan
C:/Arib/MASSA AYAM/chicken detection + constrative classification/data/crops_kolektor_deteksi/test/normal/20917_03145.png,0,normal,test,test,20917,20917.png,"[0, 79, 13, 158]",1.0,kolektor_deteksi,kolektor_permukaan
C:/Arib/MASSA AYAM/chicken detection + constrative classification/data/crops_kolektor_deteksi/test/normal/20919_03146.png,0,normal,test,test,20919,20919.png,"[28, 113, 42, 127]",1.0,kolektor_deteksi,kolektor_permukaan
C:/Arib/MASSA AYAM/chicken detection + constrative classification/data/crops_kolektor_deteksi/test/normal/20926_03148.png,0,normal,test,test,20926,20926.png,"[0, 584, 13, 643]",1.0,kolektor_deteksi,kolektor_permukaan
C:/Arib/MASSA AYAM/chicken detection + constrative classification/data/crops_kolektor_deteksi/test/normal/20932_03149.png,0,normal,test,test,20932,20932.png,"[0, 568, 14, 620]",1.0,kolektor_deteksi,kolektor_permukaan
C:/Arib/MASSA AYAM/chicken detection + constrative classification/data/crops_kolektor_deteksi/test/normal/20940_03150.png,0,normal,test,test,20940,20940.png,"[0, 404, 12, 471]",1.0,kolektor_deteksi,kolektor_permukaan
C:/Arib/MASSA AYAM/chicken detection + constrative classification/data/crops_kolektor_deteksi/test/normal/20940_03151.png,0,normal,test,test,20940,20940.png,"[0, 392, 11, 446]",1.0,kolektor_deteksi,kolektor_permukaan
C:/Arib/MASSA AYAM/chicken detection + constrative classification/data/crops_kolektor_deteksi/test/normal/20946_03153.png,0,normal,test,test,20946,20946.png,"[125, 612, 143, 632]",1.0,kolektor_deteksi,kolektor_permukaan
C:/Arib/MASSA AYAM/chicken detection + constrative classification/data/crops_kolektor_deteksi/test/normal/20946_03154.png,0,normal,test,test,20946,20946.png,"[125, 618, 142, 631]",1.0,kolektor_deteksi,kolektor_permukaan
C:/Arib/MASSA AYAM/chicken detection + constrative classification/data/crops_kolektor_deteksi/test/normal/20960_03163.png,0,normal,test,test,20960,20960.png,"[0, 0, 11, 67]",1.0,kolektor_deteksi,kolektor_permukaan
C:/Arib/MASSA AYAM/chicken detection + constrative classification/data/crops_kolektor_deteksi/test/normal/20960_03164.png,0,normal,test,test,20960,20960.png,"[0, 366, 10, 442]",1.0,kolektor_deteksi,kolektor_permukaan
C:/Arib/MASSA AYAM/chicken detection + constrative classification/data/crops_kolektor_deteksi/test/normal/20960_03165.png,0,normal,test,test,20960,20960.png,"[0, 359, 10, 425]",1.0,kolektor_deteksi,kolektor_permukaan
C:/Arib/MASSA AYAM/chicken detection + constrative classification/data/crops_kolektor_deteksi/test/normal/20960_03166.png,0,normal,test,test,20960,20960.png,"[0, 0, 9, 50]",1.0,kolektor_deteksi,kolektor_permukaan
C:/Arib/MASSA AYAM/chicken detection + constrative classification/data/crops_kolektor_deteksi/test/normal/20960_03167.png,0,normal,test,test,20960,20960.png,"[0, 294, 10, 360]",1.0,kolektor_deteksi,kolektor_permukaan
C:/Arib/MASSA AYAM/chicken detection + constrative classification/data/crops_kolektor_deteksi/test/normal/20960_03168.png,0,normal,test,test,20960,20960.png,"[0, 283, 11, 346]",1.0,kolektor_deteksi,kolektor_permukaan
C:/Arib/MASSA AYAM/chicken detection + constrative classification/data/crops_kolektor_deteksi/test/normal/20960_03169.png,0,normal,test,test,20960,20960.png,"[0, 375, 12, 454]",1.0,kolektor_deteksi,kolektor_permukaan
C:/Arib/MASSA AYAM/chicken detection + constrative classification/data/crops_kolektor_deteksi/test/normal/20960_03170.png,0,normal,test,test,20960,20960.png,"[22, 320, 80, 335]",1.0,kolektor_deteksi,kolektor_permukaan
C:/Arib/MASSA AYAM/chicken detection + constrative classification/data/crops_kolektor_deteksi/test/normal/20960_03171.png,0,normal,test,test,20960,20960.png,"[0, 159, 12, 233]",1.0,kolektor_deteksi,kolektor_permukaan
C:/Arib/MASSA AYAM/chicken detection + constrative classification/data/crops_kolektor_deteksi/test/normal/20960_03172.png,0,normal,test,test,20960,20960.png,"[0, 305, 11, 380]",1.0,kolektor_deteksi,kolektor_permukaan
C:/Arib/MASSA AYAM/chicken detection + constrative classification/data/crops_kolektor_deteksi/test/normal/20960_03173.png,0,normal,test,test,20960,20960.png,"[0, 0, 12, 87]",1.0,kolektor_deteksi,kolektor_permukaan
C:/Arib/MASSA AYAM/chicken detection + constrative classification/data/crops_kolektor_deteksi/test/normal/20963_03174.png,0,normal,test,test,20963,20963.png,"[0, 594, 24, 626]",1.0,kolektor_deteksi,kolektor_permukaan
C:/Arib/MASSA AYAM/chicken detection + constrative classification/data/crops_kolektor_deteksi/test/normal/20983_03175.png,0,normal,test,test,20983,20983.png,"[0, 9, 26, 31]",1.0,kolektor_deteksi,kolektor_permukaan
C:/Arib/MASSA AYAM/chicken detection + constrative classification/data/crops_kolektor_deteksi/test/normal/20983_03176.png,0,normal,test,test,20983,20983.png,"[1, 11, 26, 28]",1.0,kolektor_deteksi,kolektor_permukaan
C:/Arib/MASSA AYAM/chicken detection + constrative classification/data/crops_kolektor_deteksi/test/normal/20983_03177.png,0,normal,test,test,20983,20983.png,"[0, 5, 26, 37]",1.0,kolektor_deteksi,kolektor_permukaan
C:/Arib/MASSA AYAM/chicken detection + constrative classification/data/crops_kolektor_deteksi/test/normal/20987_03178.png,0,normal,test,test,20987,20987.png,"[0, 504, 11, 584]",1.0,kolektor_deteksi,kolektor_permukaan
C:/Arib/MASSA AYAM/chicken detection + constrative classification/data/crops_kolektor_deteksi/test/normal/20987_03179.png,0,normal,test,test,20987,20987.png,"[0, 490, 12, 566]",1.0,kolektor_deteksi,kolektor_permukaan
C:/Arib/MASSA AYAM/chicken detection + constrative classification/data/crops_kolektor_deteksi/test/normal/20989_03180.png,0,normal,test,test,20989,20989.png,"[0, 0, 11, 14]",1.0,kolektor_deteksi,kolektor_permukaan
C:/Arib/MASSA AYAM/chicken detection + constrative classification/data/crops_kolektor_deteksi/test/normal/20992_03181.png,0,normal,test,test,20992,20992.png,"[0, 3, 15, 64]",1.0,kolektor_deteksi,kolektor_permukaan
C:/Arib/MASSA AYAM/chicken detection + constrative classification/data/crops_kolektor_deteksi/test/normal/20992_03182.png,0,normal,test,test,20992,20992.png,"[0, 3, 14, 35]",1.0,kolektor_deteksi,kolektor_permukaan
C:/Arib/MASSA AYAM/chicken detection + constrative classification/data/crops_kolektor_deteksi/test/normal/20998_03183.png,0,normal,test,test,20998,20998.png,"[0, 245, 14, 323]",1.0,kolektor_deteksi,kolektor_permukaan
C:/Arib/MASSA AYAM/chicken detection + constrative classification/data/crops_kolektor_deteksi/test/normal/21000_03184.png,0,normal,test,test,21000,21000.png,"[215, 273, 229, 289]",1.0,kolektor_deteksi,kolektor_permukaan
C:/Arib/MASSA AYAM/chicken detection + constrative classification/data/crops_kolektor_deteksi/test/normal/21000_03185.png,0,normal,test,test,21000,21000.png,"[215, 267, 232, 293]",1.0,kolektor_deteksi,kolektor_permukaan
C:/Arib/MASSA AYAM/chicken detection + constrative classification/data/crops_kolektor_deteksi/test/normal/21000_03186.png,0,normal,test,test,21000,21000.png,"[213, 269, 232, 299]",1.0,kolektor_deteksi,kolektor_permukaan
C:/Arib/MASSA AYAM/chicken detection + constrative classification/data/crops_kolektor_deteksi/test/normal/21003_03187.png,0,normal,test,test,21003,21003.png,"[0, 410, 11, 491]",1.0,kolektor_deteksi,kolektor_permukaan
C:/Arib/MASSA AYAM/chicken detection + constrative classification/data/crops_kolektor_deteksi/test/cacat/20042_02190.png,1,cacat,test,test,20042,20042.png,"[0, 241, 75, 347]",0.6971914556962026,kolektor_deteksi,kolektor_permukaan
C:/Arib/MASSA AYAM/chicken detection + constrative classification/data/crops_kolektor_deteksi/test/cacat/20042_02191.png,1,cacat,test,test,20042,20042.png,"[0, 231, 98, 342]",0.8468468468468469,kolektor_deteksi,kolektor_permukaan
C:/Arib/MASSA AYAM/chicken detection + constrative classification/data/crops_kolektor_deteksi/test/cacat/20042_02192.png,1,cacat,test,test,20042,20042.png,"[0, 250, 65, 354]",0.5881475589141891,kolektor_deteksi,kolektor_permukaan
C:/Arib/MASSA AYAM/chicken detection + constrative classification/data/crops_kolektor_deteksi/test/cacat/20042_02193.png,1,cacat,test,test,20042,20042.png,"[0, 221, 77, 330]",0.5699126092384519,kolektor_deteksi,kolektor_permukaan
C:/Arib/MASSA AYAM/chicken detection + constrative classification/data/crops_kolektor_deteksi/test/cacat/20042_02194.png,1,cacat,test,test,20042,20042.png,"[0, 230, 68, 334]",0.5706018518518519,kolektor_deteksi,kolektor_permukaan
C:/Arib/MASSA AYAM/chicken detection + constrative classification/data/crops_kolektor_deteksi/test/cacat/20042_02195.png,1,cacat,test,test,20042,20042.png,"[0, 241, 116, 338]",0.7723887060453837,kolektor_deteksi,kolektor_permukaan
C:/Arib/MASSA AYAM/chicken detection + constrative classification/data/crops_kolektor_deteksi/test/cacat/20042_02196.png,1,cacat,test,test,20042,20042.png,"[0, 259, 96, 356]",0.7390161472024033,kolektor_deteksi,kolektor_permukaan
C:/Arib/MASSA AYAM/chicken detection + constrative classification/data/crops_kolektor_deteksi/test/cacat/20042_02197.png,1,cacat,test,test,20042,20042.png,"[0, 206, 99, 331]",0.6163983526769,kolektor_deteksi,kolektor_permukaan
C:/Arib/MASSA AYAM/chicken detection + constrative classification/data/crops_kolektor_deteksi/test/cacat/20056_02232.png,1,cacat,test,test,20056,20056.png,"[0, 274, 40, 327]",0.6916850625459897,kolektor_deteksi,kolektor_permukaan
C:/Arib/MASSA AYAM/chicken detection + constrative classification/data/crops_kolektor_deteksi/test/cacat/20056_02233.png,1,cacat,test,test,20056,20056.png,"[0, 285, 42, 324]",0.5806451612903226,kolektor_deteksi,kolektor_permukaan
C:/Arib/MASSA AYAM/chicken detection + constrative classification/data/crops_kolektor_deteksi/test/cacat/20068_02258.png,1,cacat,test,test,20068,20068.png,"[140, 431, 182, 500]",0.8513513513513513,kolektor_deteksi,kolektor_permukaan
C:/Arib/MASSA AYAM/chicken detection + constrative classification/data/crops_kolektor_deteksi/test/cacat/20068_02259.png,1,cacat,test,test,20068,20068.png,"[141, 443, 189, 502]",0.6858610435252771,kolektor_deteksi,kolektor_permukaan
C:/Arib/MASSA AYAM/chicken detection + constrative classification/data/crops_kolektor_deteksi/test/cacat/20068_02260.png,1,cacat,test,test,20068,20068.png,"[137, 422, 191, 500]",0.7145429986492571,kolektor_deteksi,kolektor_permukaan
C:/Arib/MASSA AYAM/chicken detection + constrative classification/data/crops_kolektor_deteksi/test/cacat/20068_02261.png,1,cacat,test,test,20068,20068.png,"[141, 436, 176, 487]",0.5243830787309048,kolektor_deteksi,kolektor_permukaan
C:/Arib/MASSA AYAM/chicken detection + constrative classification/data/crops_kolektor_deteksi/test/cacat/20068_02262.png,1,cacat,test,test,20068,20068.png,"[135, 438, 194, 507]",0.7015706806282722,kolektor_deteksi,kolektor_permukaan
C:/Arib/MASSA AYAM/chicken detection + constrative classification/data/crops_kolektor_deteksi/test/cacat/20099_02337.png,1,cacat,test,test,20099,20099.png,"[0, 260, 102, 336]",0.6172600619195047,kolektor_deteksi,kolektor_permukaan
C:/Arib/MASSA AYAM/chicken detection + constrative classification/data/crops_kolektor_deteksi/test/cacat/20099_02338.png,1,cacat,test,test,20099,20099.png,"[4, 271, 103, 330]",0.7531760435571688,kolektor_deteksi,kolektor_permukaan
C:/Arib/MASSA AYAM/chicken detection + constrative classification/data/crops_kolektor_deteksi/test/cacat/20099_02339.png,1,cacat,test,test,20099,20099.png,"[0, 272, 89, 329]",0.9104651162790698,kolektor_deteksi,kolektor_permukaan
C:/Arib/MASSA AYAM/chicken detection + constrative classification/data/crops_kolektor_deteksi/test/cacat/20099_02340.png,1,cacat,test,test,20099,20099.png,"[0, 278, 66, 330]",0.7172413793103448,kolektor_deteksi,kolektor_permukaan
C:/Arib/MASSA AYAM/chicken detection + constrative classification/data/crops_kolektor_deteksi/test/cacat/20099_02341.png,1,cacat,test,test,20099,20099.png,"[12, 264, 90, 333]",0.682720953326713,kolektor_deteksi,kolektor_permukaan
C:/Arib/MASSA AYAM/chicken detection + constrative classification/data/crops_kolektor_deteksi/test/cacat/20099_02342.png,1,cacat,test,test,20099,20099.png,"[0, 273, 110, 337]",0.6796875,kolektor_deteksi,kolektor_permukaan
C:/Arib/MASSA AYAM/chicken detection + constrative classification/data/crops_kolektor_deteksi/test/cacat/20099_02343.png,1,cacat,test,test,20099,20099.png,"[0, 263, 83, 335]",0.736765655261459,kolektor_deteksi,kolektor_permukaan
C:/Arib/MASSA AYAM/chicken detection + constrative classification/data/crops_kolektor_deteksi/test/cacat/20117_02356.png,1,cacat,test,test,20117,20117.png,"[185, 473, 223, 526]",0.6514399205561072,kolektor_deteksi,kolektor_permukaan
C:/Arib/MASSA AYAM/chicken detection + constrative classification/data/crops_kolektor_deteksi/test/cacat/20117_02357.png,1,cacat,test,test,20117,20117.png,"[187, 480, 220, 522]",0.8606896551724138,kolektor_deteksi,kolektor_permukaan
C:/Arib/MASSA AYAM/chicken detection + constrative classification/data/crops_kolektor_deteksi/test/cacat/20117_02358.png,1,cacat,test,test,20117,20117.png,"[190, 491, 218, 521]",0.5730994152046783,kolektor_deteksi,kolektor_permukaan
C:/Arib/MASSA AYAM/chicken detection + constrative classification/data/crops_kolektor_deteksi/test/cacat/20118_02359.png,1,cacat,test,test,20118,20118.png,"[0, 2, 61, 107]",0.7326698695950583,kolektor_deteksi,kolektor_permukaan
C:/Arib/MASSA AYAM/chicken detection + constrative classification/data/crops_kolektor_deteksi/test/cacat/20118_02360.png,1,cacat,test,test,20118,20118.png,"[7, 12, 64, 111]",0.6090604026845637,kolektor_deteksi,kolektor_permukaan
C:/Arib/MASSA AYAM/chicken detection + constrative classification/data/crops_kolektor_deteksi/test/cacat/20118_02361.png,1,cacat,test,test,20118,20118.png,"[0, 0, 60, 97]",0.65439672801636,kolektor_deteksi,kolektor_permukaan
C:/Arib/MASSA AYAM/chicken detection + constrative classification/data/crops_kolektor_deteksi/test/cacat/20125_02372.png,1,cacat,test,test,20125,20125.png,"[149, 296, 231, 319]",0.6109616677874916,kolektor_deteksi,kolektor_permukaan
C:/Arib/MASSA AYAM/chicken detection + constrative classification/data/crops_kolektor_deteksi/test/cacat/20125_02373.png,1,cacat,test,test,20125,20125.png,"[162, 297, 235, 322]",0.6282271944922547,kolektor_deteksi,kolektor_permukaan
C:/Arib/MASSA AYAM/chicken detection + constrative classification/data/crops_kolektor_deteksi/test/cacat/20125_02374.png,1,cacat,test,test,20125,20125.png,"[154, 292, 235, 324]",0.7923051842191067,kolektor_deteksi,kolektor_permukaan
C:/Arib/MASSA AYAM/chicken detection + constrative classification/data/crops_kolektor_deteksi/test/cacat/20125_02375.png,1,cacat,test,test,20125,20125.png,"[139, 284, 235, 332]",0.6304253472222222,kolektor_deteksi,kolektor_permukaan
C:/Arib/MASSA AYAM/chicken detection + constrative classification/data/crops_kolektor_deteksi/test/cacat/20129_02383.png,1,cacat,test,test,20129,20129.png,"[0, 222, 83, 253]",0.6029300328365749,kolektor_deteksi,kolektor_permukaan
C:/Arib/MASSA AYAM/chicken detection + constrative classification/data/crops_kolektor_deteksi/test/cacat/20129_02384.png,1,cacat,test,test,20129,20129.png,"[2, 218, 68, 248]",0.5127530896660532,kolektor_deteksi,kolektor_permukaan
C:/Arib/MASSA AYAM/chicken detection + constrative classification/data/crops_kolektor_deteksi/test/cacat/20129_02385.png,1,cacat,test,test,20129,20129.png,"[0, 216, 107, 262]",0.6873665825732583,kolektor_deteksi,kolektor_permukaan
C:/Arib/MASSA AYAM/chicken detection + constrative classification/data/crops_kolektor_deteksi/test/cacat/20130_02386.png,1,cacat,test,test,20130,20130.png,"[68, 548, 97, 621]",0.5145193120947279,kolektor_deteksi,kolektor_permukaan
C:/Arib/MASSA AYAM/chicken detection + constrative classification/data/crops_kolektor_deteksi/test/cacat/20142_02417.png,1,cacat,test,test,20142,20142.png,"[0, 0, 18, 65]",0.5990783410138248,kolektor_deteksi,kolektor_permukaan
C:/Arib/MASSA AYAM/chicken detection + constrative classification/data/crops_kolektor_deteksi/test/cacat/20142_02418.png,1,cacat,test,test,20142,20142.png,"[0, 0, 20, 81]",0.8294930875576036,kolektor_deteksi,kolektor_permukaan
C:/Arib/MASSA AYAM/chicken detection + constrative classification/data/crops_kolektor_deteksi/test/cacat/20142_02419.png,1,cacat,test,test,20142,20142.png,"[0, 9, 24, 98]",0.7587096774193548,kolektor_deteksi,kolektor_permukaan
C:/Arib/MASSA AYAM/chicken detection + constrative classification/data/crops_kolektor_deteksi/test/cacat/20142_02420.png,1,cacat,test,test,20142,20142.png,"[0, 1, 20, 59]",0.593958013312852,kolektor_deteksi,kolektor_permukaan
C:/Arib/MASSA AYAM/chicken detection + constrative classification/data/crops_kolektor_deteksi/test/cacat/20142_02421.png,1,cacat,test,test,20142,20142.png,"[0, 2, 32, 101]",0.5953271028037384,kolektor_deteksi,kolektor_permukaan
C:/Arib/MASSA AYAM/chicken detection + constrative classification/data/crops_kolektor_deteksi/test/cacat/20142_02422.png,1,cacat,test,test,20142,20142.png,"[0, 0, 28, 85]",0.7005494505494505,kolektor_deteksi,kolektor_permukaan
C:/Arib/MASSA AYAM/chicken detection + constrative classification/data/crops_kolektor_deteksi/test/cacat/20142_02423.png,1,cacat,test,test,20142,20142.png,"[0, 0, 30, 70]",0.5691056910569106,kolektor_deteksi,kolektor_permukaan
C:/Arib/MASSA AYAM/chicken detection + constrative classification/data/crops_kolektor_deteksi/test/cacat/20155_02437.png,1,cacat,test,test,20155,20155.png,"[0, 272, 51, 287]",0.5316455696202531,kolektor_deteksi,kolektor_permukaan
C:/Arib/MASSA AYAM/chicken detection + constrative classification/data/crops_kolektor_deteksi/test/cacat/20155_02438.png,1,cacat,test,test,20155,20155.png,"[0, 271, 64, 289]",0.7211267605633803,kolektor_deteksi,kolektor_permukaan
C:/Arib/MASSA AYAM/chicken detection + constrative classification/data/crops_kolektor_deteksi/test/cacat/20155_02439.png,1,cacat,test,test,20155,20155.png,"[0, 270, 72, 294]",0.6815144766146993,kolektor_deteksi,kolektor_permukaan
C:/Arib/MASSA AYAM/chicken detection + constrative classification/data/crops_kolektor_deteksi/test/cacat/20155_02440.png,1,cacat,test,test,20155,20155.png,"[8, 274, 67, 288]",0.6393188854489165,kolektor_deteksi,kolektor_permukaan
C:/Arib/MASSA AYAM/chicken detection + constrative classification/data/crops_kolektor_deteksi/test/cacat/20172_02451.png,1,cacat,test,test,20172,20172.png,"[161, 471, 207, 541]",0.8944099378881988,kolektor_deteksi,kolektor_permukaan
C:/Arib/MASSA AYAM/chicken detection + constrative classification/data/crops_kolektor_deteksi/test/cacat/20172_02452.png,1,cacat,test,test,20172,20172.png,"[165, 486, 208, 536]",0.6924629878869448,kolektor_deteksi,kolektor_permukaan
C:/Arib/MASSA AYAM/chicken detection + constrative classification/data/crops_kolektor_deteksi/test/cacat/20172_02453.png,1,cacat,test,test,20172,20172.png,"[167, 474, 205, 531]",0.7520833333333333,kolektor_deteksi,kolektor_permukaan
C:/Arib/MASSA AYAM/chicken detection + constrative classification/data/crops_kolektor_deteksi/test/cacat/20172_02454.png,1,cacat,test,test,20172,20172.png,"[167, 467, 213, 536]",0.7326846021751574,kolektor_deteksi,kolektor_permukaan
C:/Arib/MASSA AYAM/chicken detection + constrative classification/data/crops_kolektor_deteksi/test/cacat/20172_02455.png,1,cacat,test,test,20172,20172.png,"[158, 453, 224, 540]",0.5015673981191222,kolektor_deteksi,kolektor_permukaan
C:/Arib/MASSA AYAM/chicken detection + constrative classification/data/crops_kolektor_deteksi/test/cacat/20175_02456.png,1,cacat,test,test,20175,20175.png,"[104, 499, 138, 554]",0.7219251336898396,kolektor_deteksi,kolektor_permukaan
C:/Arib/MASSA AYAM/chicken detection + constrative classification/data/crops_kolektor_deteksi/test/cacat/20175_02457.png,1,cacat,test,test,20175,20175.png,"[110, 500, 134, 557]",0.8796680497925311,kolektor_deteksi,kolektor_permukaan
C:/Arib/MASSA AYAM/chicken detection + constrative classification/data/crops_kolektor_deteksi/test/cacat/20175_02458.png,1,cacat,test,test,20175,20175.png,"[113, 508, 133, 554]",0.656934306569343,kolektor_deteksi,kolektor_permukaan
C:/Arib/MASSA AYAM/chicken detection + constrative classification/data/crops_kolektor_deteksi/test/cacat/20177_02459.png,1,cacat,test,test,20177,20177.png,"[8, 516, 50, 564]",0.5381944444444444,kolektor_deteksi,kolektor_permukaan
C:/Arib/MASSA AYAM/chicken detection + constrative classification/data/crops_kolektor_deteksi/test/cacat/20190_02468.png,1,cacat,test,test,20190,20190.png,"[134, 336, 236, 422]",0.7020648967551623,kolektor_deteksi,kolektor_permukaan
C:/Arib/MASSA AYAM/chicken detection + constrative classification/data/crops_kolektor_deteksi/test/cacat/20204_02484.png,1,cacat,test,test,20204,20204.png,"[136, 289, 232, 361]",0.7299127490558667,kolektor_deteksi,kolektor_permukaan
C:/Arib/MASSA AYAM/chicken detection + constrative classification/data/crops_kolektor_deteksi/test/cacat/20204_02485.png,1,cacat,test,test,20204,20204.png,"[142, 297, 214, 359]",0.644808743169399,kolektor_deteksi,kolektor_permukaan
C:/Arib/MASSA AYAM/chicken detection + constrative classification/data/crops_kolektor_deteksi/test/cacat/20204_02486.png,1,cacat,test,test,20204,20204.png,"[155, 277, 232, 367]",0.5085053300068043,kolektor_deteksi,kolektor_permukaan
C:/Arib/MASSA AYAM/chicken detection + constrative classification/data/crops_kolektor_deteksi/test/cacat/20204_02487.png,1,cacat,test,test,20204,20204.png,"[119, 299, 232, 364]",0.8141780187805846,kolektor_deteksi,kolektor_permukaan
C:/Arib/MASSA AYAM/chicken detection + constrative classification/data/crops_kolektor_deteksi/test/cacat/20204_02488.png,1,cacat,test,test,20204,20204.png,"[120, 301, 223, 365]",0.7368703108252947,kolektor_deteksi,kolektor_permukaan
C:/Arib/MASSA AYAM/chicken detection + constrative classification/data/crops_kolektor_deteksi/test/cacat/20209_02490.png,1,cacat,test,test,20209,20209.png,"[75, 55, 201, 117]",0.5425,kolektor_deteksi,kolektor_permukaan
C:/Arib/MASSA AYAM/chicken detection + constrative classification/data/crops_kolektor_deteksi/test/cacat/20209_02491.png,1,cacat,test,test,20209,20209.png,"[86, 49, 223, 120]",0.6754861111111111,kolektor_deteksi,kolektor_permukaan
C:/Arib/MASSA AYAM/chicken detection + constrative classification/data/crops_kolektor_deteksi/test/cacat/20231_02508.png,1,cacat,test,test,20231,20231.png,"[0, 274, 26, 296]",0.5017064846416383,kolektor_deteksi,kolektor_permukaan
C:/Arib/MASSA AYAM/chicken detection + constrative classification/data/crops_kolektor_deteksi/test/cacat/20236_02510.png,1,cacat,test,test,20236,20236.png,"[0, 6, 20, 36]",0.5977011494252874,kolektor_deteksi,kolektor_permukaan
C:/Arib/MASSA AYAM/chicken detection + constrative classification/data/crops_kolektor_deteksi/test/cacat/20236_02511.png,1,cacat,test,test,20236,20236.png,"[0, 11, 21, 31]",0.5228758169934641,kolektor_deteksi,kolektor_permukaan
C:/Arib/MASSA AYAM/chicken detection + constrative classification/data/crops_kolektor_deteksi/test/cacat/20246_02524.png,1,cacat,test,test,20246,20246.png,"[172, 263, 218, 316]",0.75,kolektor_deteksi,kolektor_permukaan
C:/Arib/MASSA AYAM/chicken detection + constrative classification/data/crops_kolektor_deteksi/test/cacat/20246_02525.png,1,cacat,test,test,20246,20246.png,"[172, 271, 219, 308]",0.7173128944995492,kolektor_deteksi,kolektor_permukaan
C:/Arib/MASSA AYAM/chicken detection + constrative classification/data/crops_kolektor_deteksi/test/cacat/20275_02538.png,1,cacat,test,test,20275,20275.png,"[14, 177, 29, 212]",0.5142857142857142,kolektor_deteksi,kolektor_permukaan
C:/Arib/MASSA AYAM/chicken detection + constrative classification/data/crops_kolektor_deteksi/test/cacat/20275_02539.png,1,cacat,test,test,20275,20275.png,"[14, 180, 29, 203]",0.5073529411764706,kolektor_deteksi,kolektor_permukaan
C:/Arib/MASSA AYAM/chicken detection + constrative classification/data/crops_kolektor_deteksi/test/cacat/20295_02552.png,1,cacat,test,test,20295,20295.png,"[128, 328, 179, 362]",0.667240637107189,kolektor_deteksi,kolektor_permukaan
C:/Arib/MASSA AYAM/chicken detection + constrative classification/data/crops_kolektor_deteksi/test/cacat/20295_02553.png,1,cacat,test,test,20295,20295.png,"[120, 324, 194, 358]",0.7208872458410351,kolektor_deteksi,kolektor_permukaan
C:/Arib/MASSA AYAM/chicken detection + constrative classification/data/crops_kolektor_deteksi/test/cacat/20295_02554.png,1,cacat,test,test,20295,20295.png,"[129, 327, 200, 356]",0.852603706972639,kolektor_deteksi,kolektor_permukaan
C:/Arib/MASSA AYAM/chicken detection + constrative classification/data/crops_kolektor_deteksi/test/cacat/20295_02555.png,1,cacat,test,test,20295,20295.png,"[131, 329, 168, 361]",0.5015815634884772,kolektor_deteksi,kolektor_permukaan
C:/Arib/MASSA AYAM/chicken detection + constrative classification/data/crops_kolektor_deteksi/test/cacat/20295_02556.png,1,cacat,test,test,20295,20295.png,"[111, 324, 203, 365]",0.5670731707317073,kolektor_deteksi,kolektor_permukaan
C:/Arib/MASSA AYAM/chicken detection + constrative classification/data/crops_kolektor_deteksi/test/cacat/20295_02557.png,1,cacat,test,test,20295,20295.png,"[130, 320, 215, 360]",0.6143981346546197,kolektor_deteksi,kolektor_permukaan
C:/Arib/MASSA AYAM/chicken detection + constrative classification/data/crops_kolektor_deteksi/test/cacat/20297_02558.png,1,cacat,test,test,20297,20297.png,"[184, 14, 207, 41]",0.6129032258064516,kolektor_deteksi,kolektor_permukaan
C:/Arib/MASSA AYAM/chicken detection + constrative classification/data/crops_kolektor_deteksi/test/cacat/20319_02565.png,1,cacat,test,test,20319,20319.png,"[0, 607, 38, 639]",0.7482806052269602,kolektor_deteksi,kolektor_permukaan
C:/Arib/MASSA AYAM/chicken detection + constrative classification/data/crops_kolektor_deteksi/test/cacat/20319_02566.png,1,cacat,test,test,20319,20319.png,"[0, 600, 45, 639]",0.7555555555555555,kolektor_deteksi,kolektor_permukaan
C:/Arib/MASSA AYAM/chicken detection + constrative classification/data/crops_kolektor_deteksi/test/cacat/20378_02590.png,1,cacat,test,test,20378,20378.png,"[148, 0, 216, 67]",0.9416154521510096,kolektor_deteksi,kolektor_permukaan
C:/Arib/MASSA AYAM/chicken detection + constrative classification/data/crops_kolektor_deteksi/test/cacat/20378_02591.png,1,cacat,test,test,20378,20378.png,"[148, 3, 211, 59]",0.8223776223776224,kolektor_deteksi,kolektor_permukaan
C:/Arib/MASSA AYAM/chicken detection + constrative classification/data/crops_kolektor_deteksi/test/cacat/20378_02592.png,1,cacat,test,test,20378,20378.png,"[143, 4, 223, 66]",0.7720306513409961,kolektor_deteksi,kolektor_permukaan
C:/Arib/MASSA AYAM/chicken detection + constrative classification/data/crops_kolektor_deteksi/test/cacat/20378_02593.png,1,cacat,test,test,20378,20378.png,"[117, 6, 232, 70]",0.5032258064516129,kolektor_deteksi,kolektor_permukaan
C:/Arib/MASSA AYAM/chicken detection + constrative classification/data/crops_kolektor_deteksi/test/cacat/20378_02594.png,1,cacat,test,test,20378,20378.png,"[161, 0, 220, 68]",0.7047227926078029,kolektor_deteksi,kolektor_permukaan
C:/Arib/MASSA AYAM/chicken detection + constrative classification/data/crops_kolektor_deteksi/test/cacat/20416_02600.png,1,cacat,test,test,20416,20416.png,"[0, 0, 98, 123]",0.5652556457131684,kolektor_deteksi,kolektor_permukaan
C:/Arib/MASSA AYAM/chicken detection + constrative classification/data/crops_kolektor_deteksi/test/cacat/20416_02601.png,1,cacat,test,test,20416,20416.png,"[0, 30, 98, 158]",0.6282051282051282,kolektor_deteksi,kolektor_permukaan
C:/Arib/MASSA AYAM/chicken detection + constrative classification/data/crops_kolektor_deteksi/test/cacat/20416_02602.png,1,cacat,test,test,20416,20416.png,"[18, 52, 138, 174]",0.5301087629321779,kolektor_deteksi,kolektor_permukaan
C:/Arib/MASSA AYAM/chicken detection + constrative classification/data/crops_kolektor_deteksi/test/cacat/20426_02603.png,1,cacat,test,test,20426,20426.png,"[12, 589, 31, 631]",0.6430868167202572,kolektor_deteksi,kolektor_permukaan
C:/Arib/MASSA AYAM/chicken detection + constrative classification/data/crops_kolektor_deteksi/test/cacat/20426_02604.png,1,cacat,test,test,20426,20426.png,"[13, 594, 35, 635]",0.601761252446184,kolektor_deteksi,kolektor_permukaan
C:/Arib/MASSA AYAM/chicken detection + constrative classification/data/crops_kolektor_deteksi/test/cacat/20428_02605.png,1,cacat,test,test,20428,20428.png,"[183, 306, 226, 340]",0.5102222222222222,kolektor_deteksi,kolektor_permukaan
C:/Arib/MASSA AYAM/chicken detection + constrative classification/data/crops_kolektor_deteksi/test/cacat/20434_02612.png,1,cacat,test,test,20434,20434.png,"[18, 212, 76, 281]",0.7661325249025552,kolektor_deteksi,kolektor_permukaan
C:/Arib/MASSA AYAM/chicken detection + constrative classification/data/crops_kolektor_deteksi/test/cacat/20434_02613.png,1,cacat,test,test,20434,20434.png,"[13, 226, 73, 278]",0.6331387516838797,kolektor_deteksi,kolektor_permukaan
C:/Arib/MASSA AYAM/chicken detection + constrative classification/data/crops_kolektor_deteksi/test/cacat/20452_02632.png,1,cacat,test,test,20452,20452.png,"[150, 459, 174, 521]",0.6271676300578035,kolektor_deteksi,kolektor_permukaan
C:/Arib/MASSA AYAM/chicken detection + constrative classification/data/crops_kolektor_deteksi/test/cacat/20452_02633.png,1,cacat,test,test,20452,20452.png,"[148, 459, 169, 530]",0.7127659574468085,kolektor_deteksi,kolektor_permukaan
C:/Arib/MASSA AYAM/chicken detection + constrative classification/data/crops_kolektor_deteksi/test/cacat/20452_02634.png,1,cacat,test,test,20452,20452.png,"[145, 448, 182, 530]",0.586340206185567,kolektor_deteksi,kolektor_permukaan
C:/Arib/MASSA AYAM/chicken detection + constrative classification/data/crops_kolektor_deteksi/test/cacat/20452_02635.png,1,cacat,test,test,20452,20452.png,"[144, 454, 172, 528]",0.9121621621621622,kolektor_deteksi,kolektor_permukaan
C:/Arib/MASSA AYAM/chicken detection + constrative classification/data/crops_kolektor_deteksi/test/cacat/20457_02640.png,1,cacat,test,test,20457,20457.png,"[142, 125, 232, 245]",0.5378271782000718,kolektor_deteksi,kolektor_permukaan
C:/Arib/MASSA AYAM/chicken detection + constrative classification/data/crops_kolektor_deteksi/test/cacat/20457_02641.png,1,cacat,test,test,20457,20457.png,"[119, 132, 232, 252]",0.7371212583064074,kolektor_deteksi,kolektor_permukaan
C:/Arib/MASSA AYAM/chicken detection + constrative classification/data/crops_kolektor_deteksi/test/cacat/20457_02642.png,1,cacat,test,test,20457,20457.png,"[143, 144, 232, 267]",0.7227584370631698,kolektor_deteksi,kolektor_permukaan
C:/Arib/MASSA AYAM/chicken detection + constrative classification/data/crops_kolektor_deteksi/test/cacat/20457_02643.png,1,cacat,test,test,20457,20457.png,"[155, 127, 232, 258]",0.5331495098039216,kolektor_deteksi,kolektor_permukaan
C:/Arib/MASSA AYAM/chicken detection + constrative classification/data/crops_kolektor_deteksi/test/cacat/20457_02644.png,1,cacat,test,test,20457,20457.png,"[98, 137, 223, 244]",0.5802724126381601,kolektor_deteksi,kolektor_permukaan
C:/Arib/MASSA AYAM/chicken detection + constrative classification/data/crops_kolektor_deteksi/test/cacat/20457_02645.png,1,cacat,test,test,20457,20457.png,"[149, 166, 232, 285]",0.5822332759390345,kolektor_deteksi,kolektor_permukaan
C:/Arib/MASSA AYAM/chicken detection + constrative classification/data/crops_kolektor_deteksi/test/cacat/20457_02646.png,1,cacat,test,test,20457,20457.png,"[157, 146, 232, 279]",0.643182267959628,kolektor_deteksi,kolektor_permukaan
C:/Arib/MASSA AYAM/chicken detection + constrative classification/data/crops_kolektor_deteksi/test/cacat/20457_02647.png,1,cacat,test,test,20457,20457.png,"[112, 124, 232, 233]",0.5578912245578912,kolektor_deteksi,kolektor_permukaan
C:/Arib/MASSA AYAM/chicken detection + constrative classification/data/crops_kolektor_deteksi/test/cacat/20457_02648.png,1,cacat,test,test,20457,20457.png,"[115, 154, 232, 268]",0.8507462686567164,kolektor_deteksi,kolektor_permukaan
C:/Arib/MASSA AYAM/chicken detection + constrative classification/data/crops_kolektor_deteksi/test/cacat/20465_02658.png,1,cacat,test,test,20465,20465.png,"[128, 522, 183, 618]",0.6762295081967213,kolektor_deteksi,kolektor_permukaan
C:/Arib/MASSA AYAM/chicken detection + constrative classification/data/crops_kolektor_deteksi/test/cacat/20486_02689.png,1,cacat,test,test,20486,20486.png,"[137, 353, 228, 385]",0.5624849506380929,kolektor_deteksi,kolektor_permukaan
C:/Arib/MASSA AYAM/chicken detection + constrative classification/data/crops_kolektor_deteksi/test/cacat/20486_02690.png,1,cacat,test,test,20486,20486.png,"[136, 343, 228, 397]",0.6245247148288974,kolektor_deteksi,kolektor_permukaan
C:/Arib/MASSA AYAM/chicken detection + constrative classification/data/crops_kolektor_deteksi/test/cacat/20486_02691.png,1,cacat,test,test,20486,20486.png,"[144, 347, 228, 382]",0.6448763250883393,kolektor_deteksi,kolektor_permukaan
C:/Arib/MASSA AYAM/chicken detection + constrative classification/data/crops_kolektor_deteksi/test/cacat/20487_02692.png,1,cacat,test,test,20487,20487.png,"[18, 288, 65, 357]",0.5628033980582524,kolektor_deteksi,kolektor_permukaan
C:/Arib/MASSA AYAM/chicken detection + constrative classification/data/crops_kolektor_deteksi/test/cacat/20487_02693.png,1,cacat,test,test,20487,20487.png,"[20, 296, 69, 346]",0.7036747458952306,kolektor_deteksi,kolektor_permukaan
C:/Arib/MASSA AYAM/chicken detection + constrative classification/data/crops_kolektor_deteksi/test/cacat/20487_02694.png,1,cacat,test,test,20487,20487.png,"[26, 291, 61, 360]",0.6130597014925373,kolektor_deteksi,kolektor_permukaan
C:/Arib/MASSA AYAM/chicken detection + constrative classification/data/crops_kolektor_deteksi/test/cacat/20517_02702.png,1,cacat,test,test,20517,20517.png,"[49, 257, 169, 368]",0.7824248120300752,kolektor_deteksi,kolektor_permukaan
C:/Arib/MASSA AYAM/chicken detection + constrative classification/data/crops_kolektor_deteksi/test/cacat/20517_02703.png,1,cacat,test,test,20517,20517.png,"[69, 258, 192, 348]",0.5518117543084401,kolektor_deteksi,kolektor_permukaan
C:/Arib/MASSA AYAM/chicken detection + constrative classification/data/crops_kolektor_deteksi/test/cacat/20517_02704.png,1,cacat,test,test,20517,20517.png,"[39, 262, 151, 380]",0.6542669584245077,kolektor_deteksi,kolektor_permukaan
C:/Arib/MASSA AYAM/chicken detection + constrative classification/data/crops_kolektor_deteksi/test/cacat/20517_02705.png,1,cacat,test,test,20517,20517.png,"[51, 251, 137, 366]",0.5809445488721805,kolektor_deteksi,kolektor_permukaan
C:/Arib/MASSA AYAM/chicken detection + constrative classification/data/crops_kolektor_deteksi/test/cacat/20517_02706.png,1,cacat,test,test,20517,20517.png,"[43, 244, 157, 357]",0.6590480417175192,kolektor_deteksi,kolektor_permukaan
C:/Arib/MASSA AYAM/chicken detection + constrative classification/data/crops_kolektor_deteksi/test/cacat/20535_02716.png,1,cacat,test,test,20535,20535.png,"[0, 267, 72, 350]",0.7157894736842105,kolektor_deteksi,kolektor_permukaan
C:/Arib/MASSA AYAM/chicken detection + constrative classification/data/crops_kolektor_deteksi/test/cacat/20535_02717.png,1,cacat,test,test,20535,20535.png,"[8, 282, 68, 350]",0.7083333333333334,kolektor_deteksi,kolektor_permukaan
C:/Arib/MASSA AYAM/chicken detection + constrative classification/data/crops_kolektor_deteksi/test/cacat/20535_02718.png,1,cacat,test,test,20535,20535.png,"[0, 281, 79, 340]",0.6686949559647718,kolektor_deteksi,kolektor_permukaan
C:/Arib/MASSA AYAM/chicken detection + constrative classification/data/crops_kolektor_deteksi/test/cacat/20535_02719.png,1,cacat,test,test,20535,20535.png,"[0, 276, 70, 353]",0.8042071197411004,kolektor_deteksi,kolektor_permukaan
C:/Arib/MASSA AYAM/chicken detection + constrative classification/data/crops_kolektor_deteksi/test/cacat/20543_02723.png,1,cacat,test,test,20543,20543.png,"[31, 314, 78, 332]",0.8040540540540541,kolektor_deteksi,kolektor_permukaan
C:/Arib/MASSA AYAM/chicken detection + constrative classification/data/crops_kolektor_deteksi/test/cacat/20543_02724.png,1,cacat,test,test,20543,20543.png,"[32, 309, 78, 337]",0.5650842266462481,kolektor_deteksi,kolektor_permukaan
C:/Arib/MASSA AYAM/chicken detection + constrative classification/data/crops_kolektor_deteksi/test/cacat/20543_02725.png,1,cacat,test,test,20543,20543.png,"[32, 312, 88, 335]",0.5650842266462481,kolektor_deteksi,kolektor_permukaan
C:/Arib/MASSA AYAM/chicken detection + constrative classification/data/crops_kolektor_deteksi/test/cacat/20546_02726.png,1,cacat,test,test,20546,20546.png,"[204, 312, 232, 323]",0.5519713261648745,kolektor_deteksi,kolektor_permukaan
C:/Arib/MASSA AYAM/chicken detection + constrative classification/data/crops_kolektor_deteksi/test/cacat/20546_02727.png,1,cacat,test,test,20546,20546.png,"[201, 311, 232, 326]",0.8333333333333334,kolektor_deteksi,kolektor_permukaan
C:/Arib/MASSA AYAM/chicken detection + constrative classification/data/crops_kolektor_deteksi/test/cacat/20546_02728.png,1,cacat,test,test,20546,20546.png,"[205, 310, 232, 325]",0.7258064516129032,kolektor_deteksi,kolektor_permukaan
C:/Arib/MASSA AYAM/chicken detection + constrative classification/data/crops_kolektor_deteksi/test/cacat/20546_02729.png,1,cacat,test,test,20546,20546.png,"[202, 310, 232, 329]",0.7407407407407407,kolektor_deteksi,kolektor_permukaan
C:/Arib/MASSA AYAM/chicken detection + constrative classification/data/crops_kolektor_deteksi/test/cacat/20561_02748.png,1,cacat,test,test,20561,20561.png,"[26, 514, 103, 602]",0.7649055489964581,kolektor_deteksi,kolektor_permukaan
C:/Arib/MASSA AYAM/chicken detection + constrative classification/data/crops_kolektor_deteksi/test/cacat/20561_02749.png,1,cacat,test,test,20561,20561.png,"[17, 531, 107, 600]",0.6132823562730105,kolektor_deteksi,kolektor_permukaan
C:/Arib/MASSA AYAM/chicken detection + constrative classification/data/crops_kolektor_deteksi/test/cacat/20561_02750.png,1,cacat,test,test,20561,20561.png,"[23, 525, 86, 605]",0.5798176479678566,kolektor_deteksi,kolektor_permukaan
C:/Arib/MASSA AYAM/chicken detection + constrative classification/data/crops_kolektor_deteksi/test/cacat/20564_02754.png,1,cacat,test,test,20564,20564.png,"[0, 199, 27, 240]",0.5454545454545454,kolektor_deteksi,kolektor_permukaan
C:/Arib/MASSA AYAM/chicken detection + constrative classification/data/crops_kolektor_deteksi/test/cacat/20564_02755.png,1,cacat,test,test,20564,20564.png,"[0, 203, 26, 261]",0.5479274611398963,kolektor_deteksi,kolektor_permukaan
C:/Arib/MASSA AYAM/chicken detection + constrative classification/data/crops_kolektor_deteksi/test/cacat/20564_02756.png,1,cacat,test,test,20564,20564.png,"[0, 209, 27, 245]",0.5373134328358209,kolektor_deteksi,kolektor_permukaan
C:/Arib/MASSA AYAM/chicken detection + constrative classification/data/crops_kolektor_deteksi/test/cacat/20587_02763.png,1,cacat,test,test,20587,20587.png,"[185, 246, 236, 319]",0.8313163744134354,kolektor_deteksi,kolektor_permukaan
C:/Arib/MASSA AYAM/chicken detection + constrative classification/data/crops_kolektor_deteksi/test/cacat/20587_02764.png,1,cacat,test,test,20587,20587.png,"[185, 256, 235, 307]",0.69068255687974,kolektor_deteksi,kolektor_permukaan
C:/Arib/MASSA AYAM/chicken detection + constrative classification/data/crops_kolektor_deteksi/test/cacat/20587_02765.png,1,cacat,test,test,20587,20587.png,"[189, 226, 237, 318]",0.6255012028869287,kolektor_deteksi,kolektor_permukaan
C:/Arib/MASSA AYAM/chicken detection + constrative classification/data/crops_kolektor_deteksi/test/cacat/20587_02766.png,1,cacat,test,test,20587,20587.png,"[188, 264, 233, 317]",0.6459913326110509,kolektor_deteksi,kolektor_permukaan
C:/Arib/MASSA AYAM/chicken detection + constrative classification/data/crops_kolektor_deteksi/test/cacat/20599_02767.png,1,cacat,test,test,20599,20599.png,"[175, 273, 227, 315]",0.5955307262569832,kolektor_deteksi,kolektor_permukaan
C:/Arib/MASSA AYAM/chicken detection + constrative classification/data/crops_kolektor_deteksi/test/cacat/20599_02768.png,1,cacat,test,test,20599,20599.png,"[160, 273, 227, 313]",0.7268428372739917,kolektor_deteksi,kolektor_permukaan
C:/Arib/MASSA AYAM/chicken detection + constrative classification/data/crops_kolektor_deteksi/test/cacat/20599_02769.png,1,cacat,test,test,20599,20599.png,"[134, 281, 227, 308]",0.6014319809069213,kolektor_deteksi,kolektor_permukaan
C:/Arib/MASSA AYAM/chicken detection + constrative classification/data/crops_kolektor_deteksi/test/cacat/20599_02770.png,1,cacat,test,test,20599,20599.png,"[137, 277, 227, 312]",0.7865168539325843,kolektor_deteksi,kolektor_permukaan
C:/Arib/MASSA AYAM/chicken detection + constrative classification/data/crops_kolektor_deteksi/test/cacat/20600_02771.png,1,cacat,test,test,20600,20600.png,"[184, 272, 233, 321]",0.5151255095473074,kolektor_deteksi,kolektor_permukaan
C:/Arib/MASSA AYAM/chicken detection + constrative classification/data/crops_kolektor_deteksi/test/cacat/20600_02772.png,1,cacat,test,test,20600,20600.png,"[191, 265, 233, 327]",0.5176519740965114,kolektor_deteksi,kolektor_permukaan
C:/Arib/MASSA AYAM/chicken detection + constrative classification/data/crops_kolektor_deteksi/test/cacat/20600_02773.png,1,cacat,test,test,20600,20600.png,"[181, 265, 233, 333]",0.598167284070969,kolektor_deteksi,kolektor_permukaan
C:/Arib/MASSA AYAM/chicken detection + constrative classification/data/crops_kolektor_deteksi/test/cacat/20600_02774.png,1,cacat,test,test,20600,20600.png,"[176, 261, 233, 322]",0.608300395256917,kolektor_deteksi,kolektor_permukaan
C:/Arib/MASSA AYAM/chicken detection + constrative classification/data/crops_kolektor_deteksi/test/cacat/20632_02810.png,1,cacat,test,test,20632,20632.png,"[4, 347, 50, 366]",0.6540284360189573,kolektor_deteksi,kolektor_permukaan
C:/Arib/MASSA AYAM/chicken detection + constrative classification/data/crops_kolektor_deteksi/test/cacat/20632_02811.png,1,cacat,test,test,20632,20632.png,"[0, 349, 54, 368]",0.8127522195318806,kolektor_deteksi,kolektor_permukaan
C:/Arib/MASSA AYAM/chicken detection + constrative classification/data/crops_kolektor_deteksi/test/cacat/20632_02812.png,1,cacat,test,test,20632,20632.png,"[0, 344, 57, 368]",0.7629427792915532,kolektor_deteksi,kolektor_permukaan
C:/Arib/MASSA AYAM/chicken detection + constrative classification/data/crops_kolektor_deteksi/test/cacat/20646_02817.png,1,cacat,test,test,20646,20646.png,"[79, 262, 166, 307]",0.6957575757575758,kolektor_deteksi,kolektor_permukaan
C:/Arib/MASSA AYAM/chicken detection + constrative classification/data/crops_kolektor_deteksi/test/cacat/20646_02818.png,1,cacat,test,test,20646,20646.png,"[66, 260, 150, 304]",0.660377358490566,kolektor_deteksi,kolektor_permukaan
C:/Arib/MASSA AYAM/chicken detection + constrative classification/data/crops_kolektor_deteksi/test/cacat/20646_02819.png,1,cacat,test,test,20646,20646.png,"[65, 257, 171, 311]",0.5380852550663872,kolektor_deteksi,kolektor_permukaan
C:/Arib/MASSA AYAM/chicken detection + constrative classification/data/crops_kolektor_deteksi/test/cacat/20646_02820.png,1,cacat,test,test,20646,20646.png,"[72, 268, 134, 297]",0.5689932454165326,kolektor_deteksi,kolektor_permukaan
C:/Arib/MASSA AYAM/chicken detection + constrative classification/data/crops_kolektor_deteksi/test/cacat/20646_02821.png,1,cacat,test,test,20646,20646.png,"[97, 272, 160, 303]",0.5698689956331878,kolektor_deteksi,kolektor_permukaan
C:/Arib/MASSA AYAM/chicken detection + constrative classification/data/crops_kolektor_deteksi/test/cacat/20646_02822.png,1,cacat,test,test,20646,20646.png,"[86, 268, 160, 310]",0.6518953550453818,kolektor_deteksi,kolektor_permukaan
C:/Arib/MASSA AYAM/chicken detection + constrative classification/data/crops_kolektor_deteksi/test/cacat/20660_02834.png,1,cacat,test,test,20660,20660.png,"[76, 118, 126, 173]",0.7417974322396577,kolektor_deteksi,kolektor_permukaan
C:/Arib/MASSA AYAM/chicken detection + constrative classification/data/crops_kolektor_deteksi/test/cacat/20660_02835.png,1,cacat,test,test,20660,20660.png,"[72, 113, 124, 186]",0.7181643440653532,kolektor_deteksi,kolektor_permukaan
C:/Arib/MASSA AYAM/chicken detection + constrative classification/data/crops_kolektor_deteksi/test/cacat/20660_02836.png,1,cacat,test,test,20660,20660.png,"[61, 112, 135, 195]",0.5462390100944318,kolektor_deteksi,kolektor_permukaan
C:/Arib/MASSA AYAM/chicken detection + constrative classification/data/crops_kolektor_deteksi/test/cacat/20665_02848.png,1,cacat,test,test,20665,20665.png,"[0, 333, 37, 386]",0.5140234574196838,kolektor_deteksi,kolektor_permukaan
C:/Arib/MASSA AYAM/chicken detection + constrative classification/data/crops_kolektor_deteksi/test/cacat/20665_02849.png,1,cacat,test,test,20665,20665.png,"[102, 306, 150, 344]",0.5506391347099312,kolektor_deteksi,kolektor_permukaan
C:/Arib/MASSA AYAM/chicken detection + constrative classification/data/crops_kolektor_deteksi/test/cacat/20665_02850.png,1,cacat,test,test,20665,20665.png,"[61, 576, 92, 636]",0.5904761904761905,kolektor_deteksi,kolektor_permukaan
C:/Arib/MASSA AYAM/chicken detection + constrative classification/data/crops_kolektor_deteksi/test/cacat/20665_02851.png,1,cacat,test,test,20665,20665.png,"[64, 586, 95, 642]",0.5511111111111111,kolektor_deteksi,kolektor_permukaan
C:/Arib/MASSA AYAM/chicken detection + constrative classification/data/crops_kolektor_deteksi/test/cacat/20665_02852.png,1,cacat,test,test,20665,20665.png,"[0, 327, 30, 392]",0.5169230769230769,kolektor_deteksi,kolektor_permukaan
C:/Arib/MASSA AYAM/chicken detection + constrative classification/data/crops_kolektor_deteksi/test/cacat/20665_02853.png,1,cacat,test,test,20665,20665.png,"[0, 342, 33, 385]",0.7103594080338267,kolektor_deteksi,kolektor_permukaan
C:/Arib/MASSA AYAM/chicken detection + constrative classification/data/crops_kolektor_deteksi/test/cacat/20685_02860.png,1,cacat,test,test,20685,20685.png,"[107, 440, 178, 522]",0.5922083206184519,kolektor_deteksi,kolektor_permukaan
C:/Arib/MASSA AYAM/chicken detection + constrative classification/data/crops_kolektor_deteksi/test/cacat/20685_02861.png,1,cacat,test,test,20685,20685.png,"[77, 460, 208, 531]",0.5284812654789486,kolektor_deteksi,kolektor_permukaan
C:/Arib/MASSA AYAM/chicken detection + constrative classification/data/crops_kolektor_deteksi/test/cacat/20724_02917.png,1,cacat,test,test,20724,20724.png,"[37, 560, 95, 639]",0.5853067814854682,kolektor_deteksi,kolektor_permukaan
C:/Arib/MASSA AYAM/chicken detection + constrative classification/data/crops_kolektor_deteksi/test/cacat/20724_02918.png,1,cacat,test,test,20724,20724.png,"[8, 549, 99, 639]",0.7508532423208191,kolektor_deteksi,kolektor_permukaan
C:/Arib/MASSA AYAM/chicken detection + constrative classification/data/crops_kolektor_deteksi/test/cacat/20724_02919.png,1,cacat,test,test,20724,20724.png,"[4, 574, 106, 637]",0.7402298850574712,kolektor_deteksi,kolektor_permukaan
C:/Arib/MASSA AYAM/chicken detection + constrative classification/data/crops_kolektor_deteksi/test/cacat/20724_02920.png,1,cacat,test,test,20724,20724.png,"[0, 550, 81, 638]",0.7192224622030238,kolektor_deteksi,kolektor_permukaan
C:/Arib/MASSA AYAM/chicken detection + constrative classification/data/crops_kolektor_deteksi/test/cacat/20724_02921.png,1,cacat,test,test,20724,20724.png,"[20, 569, 92, 639]",0.7,kolektor_deteksi,kolektor_permukaan
C:/Arib/MASSA AYAM/chicken detection + constrative classification/data/crops_kolektor_deteksi/test/cacat/20724_02922.png,1,cacat,test,test,20724,20724.png,"[0, 544, 117, 639]",0.6477732793522267,kolektor_deteksi,kolektor_permukaan
C:/Arib/MASSA AYAM/chicken detection + constrative classification/data/crops_kolektor_deteksi/test/cacat/20738_02940.png,1,cacat,test,test,20738,20738.png,"[155, 8, 192, 40]",0.6808510638297872,kolektor_deteksi,kolektor_permukaan
C:/Arib/MASSA AYAM/chicken detection + constrative classification/data/crops_kolektor_deteksi/test/cacat/20738_02941.png,1,cacat,test,test,20738,20738.png,"[146, 2, 193, 44]",0.81298828125,kolektor_deteksi,kolektor_permukaan
C:/Arib/MASSA AYAM/chicken detection + constrative classification/data/crops_kolektor_deteksi/test/cacat/20738_02942.png,1,cacat,test,test,20738,20738.png,"[152, 0, 196, 49]",0.6905381944444444,kolektor_deteksi,kolektor_permukaan
C:/Arib/MASSA AYAM/chicken detection + constrative classification/data/crops_kolektor_deteksi/test/cacat/20738_02943.png,1,cacat,test,test,20738,20738.png,"[147, 4, 197, 56]",0.6688461538461539,kolektor_deteksi,kolektor_permukaan
C:/Arib/MASSA AYAM/chicken detection + constrative classification/data/crops_kolektor_deteksi/test/cacat/20747_02958.png,1,cacat,test,test,20747,20747.png,"[91, 271, 165, 288]",0.5348639455782312,kolektor_deteksi,kolektor_permukaan
C:/Arib/MASSA AYAM/chicken detection + constrative classification/data/crops_kolektor_deteksi/test/cacat/20747_02959.png,1,cacat,test,test,20747,20747.png,"[77, 266, 168, 290]",0.5882352941176471,kolektor_deteksi,kolektor_permukaan
C:/Arib/MASSA AYAM/chicken detection + constrative classification/data/crops_kolektor_deteksi/test/cacat/20747_02960.png,1,cacat,test,test,20747,20747.png,"[82, 270, 157, 288]",0.550251256281407,kolektor_deteksi,kolektor_permukaan
C:/Arib/MASSA AYAM/chicken detection + constrative classification/data/crops_kolektor_deteksi/test/cacat/20747_02961.png,1,cacat,test,test,20747,20747.png,"[67, 268, 179, 293]",0.6,kolektor_deteksi,kolektor_permukaan
C:/Arib/MASSA AYAM/chicken detection + constrative classification/data/crops_kolektor_deteksi/test/cacat/20747_02962.png,1,cacat,test,test,20747,20747.png,"[115, 271, 164, 296]",0.5208333333333334,kolektor_deteksi,kolektor_permukaan
C:/Arib/MASSA AYAM/chicken detection + constrative classification/data/crops_kolektor_deteksi/test/cacat/20747_02963.png,1,cacat,test,test,20747,20747.png,"[100, 268, 170, 296]",0.6949685534591195,kolektor_deteksi,kolektor_permukaan
C:/Arib/MASSA AYAM/chicken detection + constrative classification/data/crops_kolektor_deteksi/test/cacat/20754_02965.png,1,cacat,test,test,20754,20754.png,"[0, 541, 28, 558]",0.7650273224043715,kolektor_deteksi,kolektor_permukaan
C:/Arib/MASSA AYAM/chicken detection + constrative classification/data/crops_kolektor_deteksi/test/cacat/20754_02966.png,1,cacat,test,test,20754,20754.png,"[1, 542, 31, 554]",0.5651376146788991,kolektor_deteksi,kolektor_permukaan
C:/Arib/MASSA AYAM/chicken detection + constrative classification/data/crops_kolektor_deteksi/test/cacat/20754_02967.png,1,cacat,test,test,20754,20754.png,"[0, 538, 27, 564]",0.623641304347826,kolektor_deteksi,kolektor_permukaan
C:/Arib/MASSA AYAM/chicken detection + constrative classification/data/crops_kolektor_deteksi/test/cacat/20754_02968.png,1,cacat,test,test,20754,20754.png,"[0, 541, 28, 569]",0.5942571785268415,kolektor_deteksi,kolektor_permukaan
C:/Arib/MASSA AYAM/chicken detection + constrative classification/data/crops_kolektor_deteksi/test/cacat/20754_02969.png,1,cacat,test,test,20754,20754.png,"[0, 534, 30, 561]",0.608641975308642,kolektor_deteksi,kolektor_permukaan
C:/Arib/MASSA AYAM/chicken detection + constrative classification/data/crops_kolektor_deteksi/test/cacat/20765_02986.png,1,cacat,test,test,20765,20765.png,"[20, 191, 74, 216]",0.5748373101952278,kolektor_deteksi,kolektor_permukaan
C:/Arib/MASSA AYAM/chicken detection + constrative classification/data/crops_kolektor_deteksi/test/cacat/20785_02996.png,1,cacat,test,test,20785,20785.png,"[85, 247, 197, 316]",0.5295211529521153,kolektor_deteksi,kolektor_permukaan
C:/Arib/MASSA AYAM/chicken detection + constrative classification/data/crops_kolektor_deteksi/test/cacat/20785_02997.png,1,cacat,test,test,20785,20785.png,"[104, 234, 210, 324]",0.5844728716365241,kolektor_deteksi,kolektor_permukaan
C:/Arib/MASSA AYAM/chicken detection + constrative classification/data/crops_kolektor_deteksi/test/cacat/20785_02998.png,1,cacat,test,test,20785,20785.png,"[74, 248, 221, 322]",0.6717791411042945,kolektor_deteksi,kolektor_permukaan
C:/Arib/MASSA AYAM/chicken detection + constrative classification/data/crops_kolektor_deteksi/test/cacat/20804_03030.png,1,cacat,test,test,20804,20804.png,"[120, 0, 229, 98]",0.6220591660843233,kolektor_deteksi,kolektor_permukaan
C:/Arib/MASSA AYAM/chicken detection + constrative classification/data/crops_kolektor_deteksi/test/cacat/20827_03038.png,1,cacat,test,test,20827,20827.png,"[177, 279, 230, 310]",0.6638383838383838,kolektor_deteksi,kolektor_permukaan
C:/Arib/MASSA AYAM/chicken detection + constrative classification/data/crops_kolektor_deteksi/test/cacat/20827_03039.png,1,cacat,test,test,20827,20827.png,"[165, 276, 230, 314]",0.6993127147766323,kolektor_deteksi,kolektor_permukaan
C:/Arib/MASSA AYAM/chicken detection + constrative classification/data/crops_kolektor_deteksi/test/cacat/20829_03040.png,1,cacat,test,test,20829,20829.png,"[2, 570, 24, 588]",0.515625,kolektor_deteksi,kolektor_permukaan
C:/Arib/MASSA AYAM/chicken detection + constrative classification/data/crops_kolektor_deteksi/test/cacat/20834_03043.png,1,cacat,test,test,20834,20834.png,"[129, 118, 203, 215]",0.9208366428382314,kolektor_deteksi,kolektor_permukaan
C:/Arib/MASSA AYAM/chicken detection + constrative classification/data/crops_kolektor_deteksi/test/cacat/20834_03044.png,1,cacat,test,test,20834,20834.png,"[138, 132, 195, 224]",0.5688622754491018,kolektor_deteksi,kolektor_permukaan
C:/Arib/MASSA AYAM/chicken detection + constrative classification/data/crops_kolektor_deteksi/test/cacat/20834_03045.png,1,cacat,test,test,20834,20834.png,"[124, 101, 210, 203]",0.6998100063331222,kolektor_deteksi,kolektor_permukaan
C:/Arib/MASSA AYAM/chicken detection + constrative classification/data/crops_kolektor_deteksi/test/cacat/20834_03046.png,1,cacat,test,test,20834,20834.png,"[120, 119, 191, 201]",0.6467200801201802,kolektor_deteksi,kolektor_permukaan
C:/Arib/MASSA AYAM/chicken detection + constrative classification/data/crops_kolektor_deteksi/test/cacat/20834_03047.png,1,cacat,test,test,20834,20834.png,"[129, 152, 201, 221]",0.5413533834586466,kolektor_deteksi,kolektor_permukaan
C:/Arib/MASSA AYAM/chicken detection + constrative classification/data/crops_kolektor_deteksi/test/cacat/20834_03048.png,1,cacat,test,test,20834,20834.png,"[130, 101, 197, 190]",0.5694723173179081,kolektor_deteksi,kolektor_permukaan
C:/Arib/MASSA AYAM/chicken detection + constrative classification/data/crops_kolektor_deteksi/test/cacat/20870_03080.png,1,cacat,test,test,20870,20870.png,"[119, 515, 190, 609]",0.5862099253403601,kolektor_deteksi,kolektor_permukaan
C:/Arib/MASSA AYAM/chicken detection + constrative classification/data/crops_kolektor_deteksi/test/cacat/20882_03085.png,1,cacat,test,test,20882,20882.png,"[0, 433, 47, 511]",0.7694106641721234,kolektor_deteksi,kolektor_permukaan
C:/Arib/MASSA AYAM/chicken detection + constrative classification/data/crops_kolektor_deteksi/test/cacat/20882_03086.png,1,cacat,test,test,20882,20882.png,"[109, 401, 128, 446]",0.5365013774104683,kolektor_deteksi,kolektor_permukaan
C:/Arib/MASSA AYAM/chicken detection + constrative classification/data/crops_kolektor_deteksi/test/cacat/20882_03087.png,1,cacat,test,test,20882,20882.png,"[0, 426, 54, 500]",0.6354598177299089,kolektor_deteksi,kolektor_permukaan
C:/Arib/MASSA AYAM/chicken detection + constrative classification/data/crops_kolektor_deteksi/test/cacat/20882_03088.png,1,cacat,test,test,20882,20882.png,"[0, 444, 42, 516]",0.7753846153846153,kolektor_deteksi,kolektor_permukaan
C:/Arib/MASSA AYAM/chicken detection + constrative classification/data/crops_kolektor_deteksi/test/cacat/20882_03089.png,1,cacat,test,test,20882,20882.png,"[0, 442, 54, 492]",0.65,kolektor_deteksi,kolektor_permukaan
C:/Arib/MASSA AYAM/chicken detection + constrative classification/data/crops_kolektor_deteksi/test/cacat/20882_03090.png,1,cacat,test,test,20882,20882.png,"[1, 454, 35, 512]",0.5056410256410256,kolektor_deteksi,kolektor_permukaan
C:/Arib/MASSA AYAM/chicken detection + constrative classification/data/crops_kolektor_deteksi/test/cacat/20882_03091.png,1,cacat,test,test,20882,20882.png,"[0, 23, 81, 135]",0.6458616010854816,kolektor_deteksi,kolektor_permukaan
C:/Arib/MASSA AYAM/chicken detection + constrative classification/data/crops_kolektor_deteksi/test/cacat/20882_03092.png,1,cacat,test,test,20882,20882.png,"[0, 0, 81, 111]",0.6408014262670855,kolektor_deteksi,kolektor_permukaan
C:/Arib/MASSA AYAM/chicken detection + constrative classification/data/crops_kolektor_deteksi/test/cacat/20882_03093.png,1,cacat,test,test,20882,20882.png,"[0, 47, 81, 163]",0.5670266836086404,kolektor_deteksi,kolektor_permukaan
C:/Arib/MASSA AYAM/chicken detection + constrative classification/data/crops_kolektor_deteksi/test/cacat/20882_03094.png,1,cacat,test,test,20882,20882.png,"[0, 435, 62, 512]",0.7410678442392613,kolektor_deteksi,kolektor_permukaan
C:/Arib/MASSA AYAM/chicken detection + constrative classification/data/crops_kolektor_deteksi/test/cacat/20882_03095.png,1,cacat,test,test,20882,20882.png,"[0, 0, 68, 103]",0.6776315789473685,kolektor_deteksi,kolektor_permukaan
C:/Arib/MASSA AYAM/chicken detection + constrative classification/data/crops_kolektor_deteksi/test/cacat/20882_03096.png,1,cacat,test,test,20882,20882.png,"[0, 18, 69, 128]",0.7160635650009574,kolektor_deteksi,kolektor_permukaan
C:/Arib/MASSA AYAM/chicken detection + constrative classification/data/crops_kolektor_deteksi/test/cacat/20882_03097.png,1,cacat,test,test,20882,20882.png,"[0, 36, 70, 149]",0.7275137284605189,kolektor_deteksi,kolektor_permukaan
C:/Arib/MASSA AYAM/chicken detection + constrative classification/data/crops_kolektor_deteksi/test/cacat/20882_03098.png,1,cacat,test,test,20882,20882.png,"[0, 58, 69, 166]",0.5608985608985609,kolektor_deteksi,kolektor_permukaan
C:/Arib/MASSA AYAM/chicken detection + constrative classification/data/crops_kolektor_deteksi/test/cacat/20882_03099.png,1,cacat,test,test,20882,20882.png,"[0, 0, 94, 97]",0.5129880230206875,kolektor_deteksi,kolektor_permukaan
C:/Arib/MASSA AYAM/chicken detection + constrative classification/data/crops_kolektor_deteksi/test/cacat/20882_03100.png,1,cacat,test,test,20882,20882.png,"[107, 399, 134, 449]",0.74185303514377,kolektor_deteksi,kolektor_permukaan
C:/Arib/MASSA AYAM/chicken detection + constrative classification/data/crops_kolektor_deteksi/test/cacat/20882_03101.png,1,cacat,test,test,20882,20882.png,"[0, 430, 41, 498]",0.537117903930131,kolektor_deteksi,kolektor_permukaan
C:/Arib/MASSA AYAM/chicken detection + constrative classification/data/crops_kolektor_deteksi/test/cacat/20882_03102.png,1,cacat,test,test,20882,20882.png,"[0, 438, 48, 492]",0.6053412462908012,kolektor_deteksi,kolektor_permukaan
C:/Arib/MASSA AYAM/chicken detection + constrative classification/data/crops_kolektor_deteksi/test/cacat/20891_03121.png,1,cacat,test,test,20891,20891.png,"[58, 579, 87, 634]",0.8157290470723306,kolektor_deteksi,kolektor_permukaan
C:/Arib/MASSA AYAM/chicken detection + constrative classification/data/crops_kolektor_deteksi/test/cacat/20891_03122.png,1,cacat,test,test,20891,20891.png,"[58, 594, 87, 632]",0.6132930513595166,kolektor_deteksi,kolektor_permukaan
C:/Arib/MASSA AYAM/chicken detection + constrative classification/data/crops_kolektor_deteksi/test/cacat/20891_03123.png,1,cacat,test,test,20891,20891.png,"[61, 583, 87, 627]",0.7295918367346939,kolektor_deteksi,kolektor_permukaan
C:/Arib/MASSA AYAM/chicken detection + constrative classification/data/crops_kolektor_deteksi/test/cacat/20892_03124.png,1,cacat,test,test,20892,20892.png,"[133, 292, 211, 329]",0.7567264573991032,kolektor_deteksi,kolektor_permukaan
C:/Arib/MASSA AYAM/chicken detection + constrative classification/data/crops_kolektor_deteksi/test/cacat/20892_03125.png,1,cacat,test,test,20892,20892.png,"[141, 299, 208, 327]",0.5547013601419278,kolektor_deteksi,kolektor_permukaan
C:/Arib/MASSA AYAM/chicken detection + constrative classification/data/crops_kolektor_deteksi/test/cacat/20892_03126.png,1,cacat,test,test,20892,20892.png,"[123, 283, 196, 327]",0.6938094014898536,kolektor_deteksi,kolektor_permukaan
C:/Arib/MASSA AYAM/chicken detection + constrative classification/data/crops_kolektor_deteksi/test/cacat/20892_03127.png,1,cacat,test,test,20892,20892.png,"[121, 284, 214, 335]",0.6860344469807014,kolektor_deteksi,kolektor_permukaan
C:/Arib/MASSA AYAM/chicken detection + constrative classification/data/crops_kolektor_deteksi/test/cacat/20892_03128.png,1,cacat,test,test,20892,20892.png,"[114, 294, 228, 334]",0.6155410903173312,kolektor_deteksi,kolektor_permukaan
C:/Arib/MASSA AYAM/chicken detection + constrative classification/data/crops_kolektor_deteksi/test/cacat/20902_03134.png,1,cacat,test,test,20902,20902.png,"[89, 299, 111, 322]",0.6487179487179487,kolektor_deteksi,kolektor_permukaan
C:/Arib/MASSA AYAM/chicken detection + constrative classification/data/crops_kolektor_deteksi/test/cacat/20902_03135.png,1,cacat,test,test,20902,20902.png,"[165, 279, 229, 360]",0.831016825164594,kolektor_deteksi,kolektor_permukaan
C:/Arib/MASSA AYAM/chicken detection + constrative classification/data/crops_kolektor_deteksi/test/cacat/20902_03136.png,1,cacat,test,test,20902,20902.png,"[161, 263, 228, 355]",0.7629510825982357,kolektor_deteksi,kolektor_permukaan
C:/Arib/MASSA AYAM/chicken detection + constrative classification/data/crops_kolektor_deteksi/test/cacat/20902_03137.png,1,cacat,test,test,20902,20902.png,"[88, 301, 115, 328]",0.5768025078369906,kolektor_deteksi,kolektor_permukaan
C:/Arib/MASSA AYAM/chicken detection + constrative classification/data/crops_kolektor_deteksi/test/cacat/20902_03138.png,1,cacat,test,test,20902,20902.png,"[85, 297, 111, 324]",0.8387096774193549,kolektor_deteksi,kolektor_permukaan
C:/Arib/MASSA AYAM/chicken detection + constrative classification/data/crops_kolektor_deteksi/test/cacat/20902_03139.png,1,cacat,test,test,20902,20902.png,"[145, 256, 229, 349]",0.537712895377129,kolektor_deteksi,kolektor_permukaan
C:/Arib/MASSA AYAM/chicken detection + constrative classification/data/crops_kolektor_deteksi/test/cacat/20902_03140.png,1,cacat,test,test,20902,20902.png,"[150, 291, 229, 361]",0.7246087246087246,kolektor_deteksi,kolektor_permukaan
C:/Arib/MASSA AYAM/chicken detection + constrative classification/data/crops_kolektor_deteksi/test/cacat/20912_03141.png,1,cacat,test,test,20912,20912.png,"[175, 293, 229, 314]",0.5900104058272633,kolektor_deteksi,kolektor_permukaan
C:/Arib/MASSA AYAM/chicken detection + constrative classification/data/crops_kolektor_deteksi/test/cacat/20912_03142.png,1,cacat,test,test,20912,20912.png,"[169, 288, 229, 321]",0.8048103607770583,kolektor_deteksi,kolektor_permukaan
C:/Arib/MASSA AYAM/chicken detection + constrative classification/data/crops_kolektor_deteksi/test/cacat/20912_03143.png,1,cacat,test,test,20912,20912.png,"[168, 295, 227, 312]",0.5218522372528616,kolektor_deteksi,kolektor_permukaan
C:/Arib/MASSA AYAM/chicken detection + constrative classification/data/crops_kolektor_deteksi/test/cacat/20912_03144.png,1,cacat,test,test,20912,20912.png,"[186, 292, 229, 318]",0.5816857440166493,kolektor_deteksi,kolektor_permukaan
C:/Arib/MASSA AYAM/chicken detection + constrative classification/data/crops_kolektor_deteksi/test/cacat/20922_03147.png,1,cacat,test,test,20922,20922.png,"[23, 288, 65, 346]",0.5542439572793705,kolektor_deteksi,kolektor_permukaan
C:/Arib/MASSA AYAM/chicken detection + constrative classification/data/crops_kolektor_deteksi/test/cacat/20941_03152.png,1,cacat,test,test,20941,20941.png,"[65, 376, 122, 407]",0.7991858887381276,kolektor_deteksi,kolektor_permukaan
C:/Arib/MASSA AYAM/chicken detection + constrative classification/data/crops_kolektor_deteksi/test/cacat/20956_03155.png,1,cacat,test,test,20956,20956.png,"[27, 408, 74, 452]",0.6427622841965471,kolektor_deteksi,kolektor_permukaan
C:/Arib/MASSA AYAM/chicken detection + constrative classification/data/crops_kolektor_deteksi/test/cacat/20956_03156.png,1,cacat,test,test,20956,20956.png,"[22, 402, 79, 455]",0.7578194816800715,kolektor_deteksi,kolektor_permukaan
C:/Arib/MASSA AYAM/chicken detection + constrative classification/data/crops_kolektor_deteksi/test/cacat/20956_03157.png,1,cacat,test,test,20956,20956.png,"[29, 410, 83, 457]",0.573170731707317,kolektor_deteksi,kolektor_permukaan
C:/Arib/MASSA AYAM/chicken detection + constrative classification/data/crops_kolektor_deteksi/test/cacat/20959_03158.png,1,cacat,test,test,20959,20959.png,"[203, 477, 231, 554]",0.5072941176470588,kolektor_deteksi,kolektor_permukaan
C:/Arib/MASSA AYAM/chicken detection + constrative classification/data/crops_kolektor_deteksi/test/cacat/20959_03159.png,1,cacat,test,test,20959,20959.png,"[191, 477, 231, 544]",0.6305882352941177,kolektor_deteksi,kolektor_permukaan
C:/Arib/MASSA AYAM/chicken detection + constrative classification/data/crops_kolektor_deteksi/test/cacat/20959_03160.png,1,cacat,test,test,20959,20959.png,"[175, 472, 231, 547]",0.7978723404255319,kolektor_deteksi,kolektor_permukaan
C:/Arib/MASSA AYAM/chicken detection + constrative classification/data/crops_kolektor_deteksi/test/cacat/20959_03161.png,1,cacat,test,test,20959,20959.png,"[178, 472, 231, 528]",0.6337709370755998,kolektor_deteksi,kolektor_permukaan
C:/Arib/MASSA AYAM/chicken detection + constrative classification/data/crops_kolektor_deteksi/test/cacat/20959_03162.png,1,cacat,test,test,20959,20959.png,"[181, 466, 231, 539]",0.7555555555555555,kolektor_deteksi,kolektor_permukaan
C:/Arib/MASSA AYAM/chicken detection + constrative classification/data/crops_kolektor_deteksi/train/normal/10005_00000.png,0,normal,train,train,10005,10005.png,"[0, 321, 17, 370]",1.0,kolektor_deteksi,kolektor_permukaan
C:/Arib/MASSA AYAM/chicken detection + constrative classification/data/crops_kolektor_deteksi/train/normal/10005_00001.png,0,normal,train,train,10005,10005.png,"[0, 326, 16, 393]",1.0,kolektor_deteksi,kolektor_permukaan
C:/Arib/MASSA AYAM/chicken detection + constrative classification/data/crops_kolektor_deteksi/train/normal/10015_00002.png,0,normal,train,train,10015,10015.png,"[0, 0, 11, 67]",1.0,kolektor_deteksi,kolektor_permukaan
C:/Arib/MASSA AYAM/chicken detection + constrative classification/data/crops_kolektor_deteksi/train/normal/10031_00010.png,0,normal,train,train,10031,10031.png,"[41, 627, 90, 645]",1.0,kolektor_deteksi,kolektor_permukaan
C:/Arib/MASSA AYAM/chicken detection + constrative classification/data/crops_kolektor_deteksi/train/normal/10033_00011.png,0,normal,train,train,10033,10033.png,"[0, 3, 18, 53]",1.0,kolektor_deteksi,kolektor_permukaan
C:/Arib/MASSA AYAM/chicken detection + constrative classification/data/crops_kolektor_deteksi/train/normal/10039_00012.png,0,normal,train,train,10039,10039.png,"[0, 0, 13, 68]",1.0,kolektor_deteksi,kolektor_permukaan
C:/Arib/MASSA AYAM/chicken detection + constrative classification/data/crops_kolektor_deteksi/train/normal/10039_00013.png,0,normal,train,train,10039,10039.png,"[0, 19, 13, 100]",1.0,kolektor_deteksi,kolektor_permukaan
C:/Arib/MASSA AYAM/chicken detection + constrative classification/data/crops_kolektor_deteksi/train/normal/10042_00014.png,0,normal,train,train,10042,10042.png,"[0, 0, 11, 73]",1.0,kolektor_deteksi,kolektor_permukaan
C:/Arib/MASSA AYAM/chicken detection + constrative classification/data/crops_kolektor_deteksi/train/normal/10042_00015.png,0,normal,train,train,10042,10042.png,"[0, 434, 14, 502]",1.0,kolektor_deteksi,kolektor_permukaan
C:/Arib/MASSA AYAM/chicken detection + constrative classification/data/crops_kolektor_deteksi/train/normal/10042_00016.png,0,normal,train,train,10042,10042.png,"[43, 407, 54, 417]",1.0,kolektor_deteksi,kolektor_permukaan
C:/Arib/MASSA AYAM/chicken detection + constrative classification/data/crops_kolektor_deteksi/train/normal/10046_00017.png,0,normal,train,train,10046,10046.png,"[135, 187, 148, 198]",1.0,kolektor_deteksi,kolektor_permukaan
C:/Arib/MASSA AYAM/chicken detection + constrative classification/data/crops_kolektor_deteksi/train/normal/10052_00034.png,0,normal,train,train,10052,10052.png,"[0, 561, 13, 629]",1.0,kolektor_deteksi,kolektor_permukaan
C:/Arib/MASSA AYAM/chicken detection + constrative classification/data/crops_kolektor_deteksi/train/normal/10052_00035.png,0,normal,train,train,10052,10052.png,"[0, 424, 11, 496]",1.0,kolektor_deteksi,kolektor_permukaan
C:/Arib/MASSA AYAM/chicken detection + constrative classification/data/crops_kolektor_deteksi/train/normal/10052_00036.png,0,normal,train,train,10052,10052.png,"[0, 432, 13, 508]",1.0,kolektor_deteksi,kolektor_permukaan
C:/Arib/MASSA AYAM/chicken detection + constrative classification/data/crops_kolektor_deteksi/train/normal/10052_00037.png,0,normal,train,train,10052,10052.png,"[0, 383, 11, 452]",1.0,kolektor_deteksi,kolektor_permukaan
C:/Arib/MASSA AYAM/chicken detection + constrative classification/data/crops_kolektor_deteksi/train/normal/10052_00038.png,0,normal,train,train,10052,10052.png,"[0, 414, 11, 481]",1.0,kolektor_deteksi,kolektor_permukaan
C:/Arib/MASSA AYAM/chicken detection + constrative classification/data/crops_kolektor_deteksi/train/normal/10052_00039.png,0,normal,train,train,10052,10052.png,"[0, 546, 15, 612]",1.0,kolektor_deteksi,kolektor_permukaan
C:/Arib/MASSA AYAM/chicken detection + constrative classification/data/crops_kolektor_deteksi/train/normal/10052_00040.png,0,normal,train,train,10052,10052.png,"[0, 543, 15, 629]",1.0,kolektor_deteksi,kolektor_permukaan
C:/Arib/MASSA AYAM/chicken detection + constrative classification/data/crops_kolektor_deteksi/train/normal/10052_00041.png,0,normal,train,train,10052,10052.png,"[0, 577, 12, 629]",1.0,kolektor_deteksi,kolektor_permukaan
C:/Arib/MASSA AYAM/chicken detection + constrative classification/data/crops_kolektor_deteksi/train/normal/10052_00042.png,0,normal,train,train,10052,10052.png,"[0, 400, 11, 509]",1.0,kolektor_deteksi,kolektor_permukaan
C:/Arib/MASSA AYAM/chicken detection + constrative classification/data/crops_kolektor_deteksi/train/normal/10052_00043.png,0,normal,train,train,10052,10052.png,"[0, 461, 12, 526]",1.0,kolektor_deteksi,kolektor_permukaan
C:/Arib/MASSA AYAM/chicken detection + constrative classification/data/crops_kolektor_deteksi/train/normal/10052_00044.png,0,normal,train,train,10052,10052.png,"[0, 385, 14, 471]",1.0,kolektor_deteksi,kolektor_permukaan
C:/Arib/MASSA AYAM/chicken detection + constrative classification/data/crops_kolektor_deteksi/train/normal/10052_00045.png,0,normal,train,train,10052,10052.png,"[0, 0, 14, 63]",1.0,kolektor_deteksi,kolektor_permukaan
C:/Arib/MASSA AYAM/chicken detection + constrative classification/data/crops_kolektor_deteksi/train/normal/10052_00046.png,0,normal,train,train,10052,10052.png,"[0, 403, 14, 528]",1.0,kolektor_deteksi,kolektor_permukaan
C:/Arib/MASSA AYAM/chicken detection + constrative classification/data/crops_kolektor_deteksi/train/normal/10052_00047.png,0,normal,train,train,10052,10052.png,"[0, 353, 12, 474]",1.0,kolektor_deteksi,kolektor_permukaan
C:/Arib/MASSA AYAM/chicken detection + constrative classification/data/crops_kolektor_deteksi/train/normal/10066_00051.png,0,normal,train,train,10066,10066.png,"[0, 134, 11, 216]",1.0,kolektor_deteksi,kolektor_permukaan
C:/Arib/MASSA AYAM/chicken detection + constrative classification/data/crops_kolektor_deteksi/train/normal/10066_00052.png,0,normal,train,train,10066,10066.png,"[0, 120, 11, 199]",1.0,kolektor_deteksi,kolektor_permukaan
C:/Arib/MASSA AYAM/chicken detection + constrative classification/data/crops_kolektor_deteksi/train/normal/10068_00053.png,0,normal,train,train,10068,10068.png,"[0, 106, 11, 156]",1.0,kolektor_deteksi,kolektor_permukaan
C:/Arib/MASSA AYAM/chicken detection + constrative classification/data/crops_kolektor_deteksi/train/normal/10068_00054.png,0,normal,train,train,10068,10068.png,"[0, 94, 12, 148]",1.0,kolektor_deteksi,kolektor_permukaan
C:/Arib/MASSA AYAM/chicken detection + constrative classification/data/crops_kolektor_deteksi/train/normal/10068_00055.png,0,normal,train,train,10068,10068.png,"[0, 88, 13, 156]",1.0,kolektor_deteksi,kolektor_permukaan
C:/Arib/MASSA AYAM/chicken detection + constrative classification/data/crops_kolektor_deteksi/train/normal/10068_00056.png,0,normal,train,train,10068,10068.png,"[0, 118, 11, 188]",1.0,kolektor_deteksi,kolektor_permukaan
C:/Arib/MASSA AYAM/chicken detection + constrative classification/data/crops_kolektor_deteksi/train/normal/10070_00057.png,0,normal,train,train,10070,10070.png,"[0, 401, 20, 442]",1.0,kolektor_deteksi,kolektor_permukaan
C:/Arib/MASSA AYAM/chicken detection + constrative classification/data/crops_kolektor_deteksi/train/normal/10070_00058.png,0,normal,train,train,10070,10070.png,"[0, 404, 23, 450]",1.0,kolektor_deteksi,kolektor_permukaan
C:/Arib/MASSA AYAM/chicken detection + constrative classification/data/crops_kolektor_deteksi/train/normal/10070_00059.png,0,normal,train,train,10070,10070.png,"[0, 404, 22, 431]",1.0,kolektor_deteksi,kolektor_permukaan
C:/Arib/MASSA AYAM/chicken detection + constrative classification/data/crops_kolektor_deteksi/train/normal/10070_00060.png,0,normal,train,train,10070,10070.png,"[0, 404, 22, 469]",1.0,kolektor_deteksi,kolektor_permukaan
C:/Arib/MASSA AYAM/chicken detection + constrative classification/data/crops_kolektor_deteksi/train/normal/10070_00061.png,0,normal,train,train,10070,10070.png,"[0, 406, 27, 460]",1.0,kolektor_deteksi,kolektor_permukaan
C:/Arib/MASSA AYAM/chicken detection + constrative classification/data/crops_kolektor_deteksi/train/normal/10076_00062.png,0,normal,train,train,10076,10076.png,"[0, 351, 10, 422]",1.0,kolektor_deteksi,kolektor_permukaan
C:/Arib/MASSA AYAM/chicken detection + constrative classification/data/crops_kolektor_deteksi/train/normal/10076_00063.png,0,normal,train,train,10076,10076.png,"[0, 359, 11, 435]",1.0,kolektor_deteksi,kolektor_permukaan
C:/Arib/MASSA AYAM/chicken detection + constrative classification/data/crops_kolektor_deteksi/train/normal/10080_00064.png,0,normal,train,train,10080,10080.png,"[0, 66, 11, 139]",1.0,kolektor_deteksi,kolektor_permukaan
C:/Arib/MASSA AYAM/chicken detection + constrative classification/data/crops_kolektor_deteksi/train/normal/10080_00065.png,0,normal,train,train,10080,10080.png,"[0, 54, 10, 119]",1.0,kolektor_deteksi,kolektor_permukaan
C:/Arib/MASSA AYAM/chicken detection + constrative classification/data/crops_kolektor_deteksi/train/normal/10085_00066.png,0,normal,train,train,10085,10085.png,"[0, 6, 13, 71]",1.0,kolektor_deteksi,kolektor_permukaan
C:/Arib/MASSA AYAM/chicken detection + constrative classification/data/crops_kolektor_deteksi/train/normal/10085_00067.png,0,normal,train,train,10085,10085.png,"[0, 0, 13, 43]",1.0,kolektor_deteksi,kolektor_permukaan
C:/Arib/MASSA AYAM/chicken detection + constrative classification/data/crops_kolektor_deteksi/train/normal/10085_00068.png,0,normal,train,train,10085,10085.png,"[0, 168, 13, 231]",1.0,kolektor_deteksi,kolektor_permukaan
C:/Arib/MASSA AYAM/chicken detection + constrative classification/data/crops_kolektor_deteksi/train/normal/10085_00069.png,0,normal,train,train,10085,10085.png,"[0, 160, 12, 207]",1.0,kolektor_deteksi,kolektor_permukaan
C:/Arib/MASSA AYAM/chicken detection + constrative classification/data/crops_kolektor_deteksi/train/normal/10085_00070.png,0,normal,train,train,10085,10085.png,"[0, 0, 15, 81]",1.0,kolektor_deteksi,kolektor_permukaan
C:/Arib/MASSA AYAM/chicken detection + constrative classification/data/crops_kolektor_deteksi/train/normal/10085_00071.png,0,normal,train,train,10085,10085.png,"[0, 0, 16, 45]",1.0,kolektor_deteksi,kolektor_permukaan
C:/Arib/MASSA AYAM/chicken detection + constrative classification/data/crops_kolektor_deteksi/train/normal/10085_00072.png,0,normal,train,train,10085,10085.png,"[0, 4, 14, 93]",1.0,kolektor_deteksi,kolektor_permukaan
C:/Arib/MASSA AYAM/chicken detection + constrative classification/data/crops_kolektor_deteksi/train/normal/10085_00073.png,0,normal,train,train,10085,10085.png,"[0, 10, 16, 41]",1.0,kolektor_deteksi,kolektor_permukaan
C:/Arib/MASSA AYAM/chicken detection + constrative classification/data/crops_kolektor_deteksi/train/normal/10087_00074.png,0,normal,train,train,10087,10087.png,"[130, 3, 153, 51]",1.0,kolektor_deteksi,kolektor_permukaan
C:/Arib/MASSA AYAM/chicken detection + constrative classification/data/crops_kolektor_deteksi/train/normal/10087_00075.png,0,normal,train,train,10087,10087.png,"[128, 3, 157, 37]",1.0,kolektor_deteksi,kolektor_permukaan
C:/Arib/MASSA AYAM/chicken detection + constrative classification/data/crops_kolektor_deteksi/train/normal/10087_00076.png,0,normal,train,train,10087,10087.png,"[0, 597, 20, 638]",1.0,kolektor_deteksi,kolektor_permukaan
C:/Arib/MASSA AYAM/chicken detection + constrative classification/data/crops_kolektor_deteksi/train/normal/10087_00077.png,0,normal,train,train,10087,10087.png,"[135, 195, 151, 247]",1.0,kolektor_deteksi,kolektor_permukaan
C:/Arib/MASSA AYAM/chicken detection + constrative classification/data/crops_kolektor_deteksi/train/normal/10087_00078.png,0,normal,train,train,10087,10087.png,"[0, 612, 24, 636]",1.0,kolektor_deteksi,kolektor_permukaan
C:/Arib/MASSA AYAM/chicken detection + constrative classification/data/crops_kolektor_deteksi/train/normal/10087_00079.png,0,normal,train,train,10087,10087.png,"[130, 2, 159, 18]",1.0,kolektor_deteksi,kolektor_permukaan
C:/Arib/MASSA AYAM/chicken detection + constrative classification/data/crops_kolektor_deteksi/train/normal/10087_00080.png,0,normal,train,train,10087,10087.png,"[130, 197, 153, 259]",1.0,kolektor_deteksi,kolektor_permukaan
C:/Arib/MASSA AYAM/chicken detection + constrative classification/data/crops_kolektor_deteksi/train/normal/10087_00081.png,0,normal,train,train,10087,10087.png,"[125, 2, 154, 66]",1.0,kolektor_deteksi,kolektor_permukaan
C:/Arib/MASSA AYAM/chicken detection + constrative classification/data/crops_kolektor_deteksi/train/normal/10087_00082.png,0,normal,train,train,10087,10087.png,"[0, 615, 31, 637]",1.0,kolektor_deteksi,kolektor_permukaan
C:/Arib/MASSA AYAM/chicken detection + constrative classification/data/crops_kolektor_deteksi/train/normal/10089_00084.png,0,normal,train,train,10089,10089.png,"[0, 445, 13, 499]",1.0,kolektor_deteksi,kolektor_permukaan
C:/Arib/MASSA AYAM/chicken detection + constrative classification/data/crops_kolektor_deteksi/train/normal/10092_00091.png,0,normal,train,train,10092,10092.png,"[0, 45, 9, 110]",1.0,kolektor_deteksi,kolektor_permukaan
C:/Arib/MASSA AYAM/chicken detection + constrative classification/data/crops_kolektor_deteksi/train/normal/10092_00092.png,0,normal,train,train,10092,10092.png,"[0, 48, 11, 122]",1.0,kolektor_deteksi,kolektor_permukaan
C:/Arib/MASSA AYAM/chicken detection + constrative classification/data/crops_kolektor_deteksi/train/normal/10100_00095.png,0,normal,train,train,10100,10100.png,"[0, 66, 12, 116]",1.0,kolektor_deteksi,kolektor_permukaan
C:/Arib/MASSA AYAM/chicken detection + constrative classification/data/crops_kolektor_deteksi/train/normal/10100_00096.png,0,normal,train,train,10100,10100.png,"[0, 55, 12, 98]",1.0,kolektor_deteksi,kolektor_permukaan
C:/Arib/MASSA AYAM/chicken detection + constrative classification/data/crops_kolektor_deteksi/train/normal/10100_00097.png,0,normal,train,train,10100,10100.png,"[0, 72, 14, 141]",1.0,kolektor_deteksi,kolektor_permukaan
C:/Arib/MASSA AYAM/chicken detection + constrative classification/data/crops_kolektor_deteksi/train/normal/10102_00098.png,0,normal,train,train,10102,10102.png,"[0, 402, 15, 444]",1.0,kolektor_deteksi,kolektor_permukaan
C:/Arib/MASSA AYAM/chicken detection + constrative classification/data/crops_kolektor_deteksi/train/normal/10102_00099.png,0,normal,train,train,10102,10102.png,"[0, 407, 15, 472]",1.0,kolektor_deteksi,kolektor_permukaan
C:/Arib/MASSA AYAM/chicken detection + constrative classification/data/crops_kolektor_deteksi/train/normal/10102_00100.png,0,normal,train,train,10102,10102.png,"[0, 388, 15, 432]",1.0,kolektor_deteksi,kolektor_permukaan
C:/Arib/MASSA AYAM/chicken detection + constrative classification/data/crops_kolektor_deteksi/train/normal/10105_00104.png,0,normal,train,train,10105,10105.png,"[8, 627, 51, 648]",1.0,kolektor_deteksi,kolektor_permukaan
C:/Arib/MASSA AYAM/chicken detection + constrative classification/data/crops_kolektor_deteksi/train/normal/10110_00105.png,0,normal,train,train,10110,10110.png,"[0, 597, 11, 634]",1.0,kolektor_deteksi,kolektor_permukaan
C:/Arib/MASSA AYAM/chicken detection + constrative classification/data/crops_kolektor_deteksi/train/normal/10113_00106.png,0,normal,train,train,10113,10113.png,"[0, 545, 8, 603]",1.0,kolektor_deteksi,kolektor_permukaan
C:/Arib/MASSA AYAM/chicken detection + constrative classification/data/crops_kolektor_deteksi/train/normal/10116_00107.png,0,normal,train,train,10116,10116.png,"[0, 29, 14, 94]",1.0,kolektor_deteksi,kolektor_permukaan
C:/Arib/MASSA AYAM/chicken detection + constrative classification/data/crops_kolektor_deteksi/train/normal/10116_00108.png,0,normal,train,train,10116,10116.png,"[0, 24, 19, 88]",1.0,kolektor_deteksi,kolektor_permukaan
C:/Arib/MASSA AYAM/chicken detection + constrative classification/data/crops_kolektor_deteksi/train/normal/10116_00109.png,0,normal,train,train,10116,10116.png,"[0, 0, 12, 66]",1.0,kolektor_deteksi,kolektor_permukaan
C:/Arib/MASSA AYAM/chicken detection + constrative classification/data/crops_kolektor_deteksi/train/normal/10116_00110.png,0,normal,train,train,10116,10116.png,"[0, 35, 13, 111]",1.0,kolektor_deteksi,kolektor_permukaan
C:/Arib/MASSA AYAM/chicken detection + constrative classification/data/crops_kolektor_deteksi/train/normal/10116_00111.png,0,normal,train,train,10116,10116.png,"[0, 0, 11, 54]",1.0,kolektor_deteksi,kolektor_permukaan
C:/Arib/MASSA AYAM/chicken detection + constrative classification/data/crops_kolektor_deteksi/train/normal/10116_00112.png,0,normal,train,train,10116,10116.png,"[0, 10, 27, 84]",1.0,kolektor_deteksi,kolektor_permukaan
C:/Arib/MASSA AYAM/chicken detection + constrative classification/data/crops_kolektor_deteksi/train/normal/10116_00113.png,0,normal,train,train,10116,10116.png,"[0, 1, 20, 80]",1.0,kolektor_deteksi,kolektor_permukaan
C:/Arib/MASSA AYAM/chicken detection + constrative classification/data/crops_kolektor_deteksi/train/normal/10116_00114.png,0,normal,train,train,10116,10116.png,"[0, 20, 24, 94]",1.0,kolektor_deteksi,kolektor_permukaan
C:/Arib/MASSA AYAM/chicken detection + constrative classification/data/crops_kolektor_deteksi/train/normal/10116_00115.png,0,normal,train,train,10116,10116.png,"[0, 0, 14, 84]",1.0,kolektor_deteksi,kolektor_permukaan
C:/Arib/MASSA AYAM/chicken detection + constrative classification/data/crops_kolektor_deteksi/train/normal/10116_00116.png,0,normal,train,train,10116,10116.png,"[0, 1, 11, 35]",1.0,kolektor_deteksi,kolektor_permukaan
C:/Arib/MASSA AYAM/chicken detection + constrative classification/data/crops_kolektor_deteksi/train/normal/10116_00117.png,0,normal,train,train,10116,10116.png,"[0, 45, 15, 129]",1.0,kolektor_deteksi,kolektor_permukaan
C:/Arib/MASSA AYAM/chicken detection + constrative classification/data/crops_kolektor_deteksi/train/normal/10116_00118.png,0,normal,train,train,10116,10116.png,"[0, 0, 13, 50]",1.0,kolektor_deteksi,kolektor_permukaan
C:/Arib/MASSA AYAM/chicken detection + constrative classification/data/crops_kolektor_deteksi/train/normal/10116_00119.png,0,normal,train,train,10116,10116.png,"[0, 126, 11, 200]",1.0,kolektor_deteksi,kolektor_permukaan
C:/Arib/MASSA AYAM/chicken detection + constrative classification/data/crops_kolektor_deteksi/train/normal/10116_00120.png,0,normal,train,train,10116,10116.png,"[0, 27, 20, 118]",1.0,kolektor_deteksi,kolektor_permukaan
C:/Arib/MASSA AYAM/chicken detection + constrative classification/data/crops_kolektor_deteksi/train/normal/10116_00121.png,0,normal,train,train,10116,10116.png,"[0, 0, 19, 111]",1.0,kolektor_deteksi,kolektor_permukaan
C:/Arib/MASSA AYAM/chicken detection + constrative classification/data/crops_kolektor_deteksi/train/normal/10116_00122.png,0,normal,train,train,10116,10116.png,"[0, 18, 19, 105]",1.0,kolektor_deteksi,kolektor_permukaan
C:/Arib/MASSA AYAM/chicken detection + constrative classification/data/crops_kolektor_deteksi/train/normal/10116_00123.png,0,normal,train,train,10116,10116.png,"[0, 14, 17, 137]",1.0,kolektor_deteksi,kolektor_permukaan
C:/Arib/MASSA AYAM/chicken detection + constrative classification/data/crops_kolektor_deteksi/train/normal/10116_00124.png,0,normal,train,train,10116,10116.png,"[0, 0, 24, 119]",1.0,kolektor_deteksi,kolektor_permukaan
C:/Arib/MASSA AYAM/chicken detection + constrative classification/data/crops_kolektor_deteksi/train/normal/10116_00125.png,0,normal,train,train,10116,10116.png,"[0, 57, 12, 139]",1.0,kolektor_deteksi,kolektor_permukaan
C:/Arib/MASSA AYAM/chicken detection + constrative classification/data/crops_kolektor_deteksi/train/normal/10116_00126.png,0,normal,train,train,10116,10116.png,"[0, 469, 10, 516]",1.0,kolektor_deteksi,kolektor_permukaan
C:/Arib/MASSA AYAM/chicken detection + constrative classification/data/crops_kolektor_deteksi/train/normal/10116_00127.png,0,normal,train,train,10116,10116.png,"[0, 112, 14, 189]",1.0,kolektor_deteksi,kolektor_permukaan
C:/Arib/MASSA AYAM/chicken detection + constrative classification/data/crops_kolektor_deteksi/train/normal/10116_00128.png,0,normal,train,train,10116,10116.png,"[0, 194, 11, 265]",1.0,kolektor_deteksi,kolektor_permukaan
C:/Arib/MASSA AYAM/chicken detection + constrative classification/data/crops_kolektor_deteksi/train/normal/10118_00129.png,0,normal,train,train,10118,10118.png,"[0, 581, 14, 638]",1.0,kolektor_deteksi,kolektor_permukaan
C:/Arib/MASSA AYAM/chicken detection + constrative classification/data/crops_kolektor_deteksi/train/normal/10118_00130.png,0,normal,train,train,10118,10118.png,"[0, 564, 12, 638]",1.0,kolektor_deteksi,kolektor_permukaan
C:/Arib/MASSA AYAM/chicken detection + constrative classification/data/crops_kolektor_deteksi/train/normal/10118_00131.png,0,normal,train,train,10118,10118.png,"[0, 595, 20, 638]",1.0,kolektor_deteksi,kolektor_permukaan
C:/Arib/MASSA AYAM/chicken detection + constrative classification/data/crops_kolektor_deteksi/train/normal/10128_00132.png,0,normal,train,train,10128,10128.png,"[6, 626, 121, 651]",1.0,kolektor_deteksi,kolektor_permukaan
C:/Arib/MASSA AYAM/chicken detection + constrative classification/data/crops_kolektor_deteksi/train/normal/10128_00133.png,0,normal,train,train,10128,10128.png,"[90, 629, 201, 651]",1.0,kolektor_deteksi,kolektor_permukaan
C:/Arib/MASSA AYAM/chicken detection + constrative classification/data/crops_kolektor_deteksi/train/normal/10128_00134.png,0,normal,train,train,10128,10128.png,"[39, 623, 154, 651]",1.0,kolektor_deteksi,kolektor_permukaan
C:/Arib/MASSA AYAM/chicken detection + constrative classification/data/crops_kolektor_deteksi/train/normal/10128_00135.png,0,normal,train,train,10128,10128.png,"[0, 624, 55, 648]",1.0,kolektor_deteksi,kolektor_permukaan
C:/Arib/MASSA AYAM/chicken detection + constrative classification/data/crops_kolektor_deteksi/train/normal/10128_00136.png,0,normal,train,train,10128,10128.png,"[64, 620, 199, 651]",1.0,kolektor_deteksi,kolektor_permukaan
C:/Arib/MASSA AYAM/chicken detection + constrative classification/data/crops_kolektor_deteksi/train/normal/10128_00137.png,0,normal,train,train,10128,10128.png,"[0, 617, 118, 651]",1.0,kolektor_deteksi,kolektor_permukaan
C:/Arib/MASSA AYAM/chicken detection + constrative classification/data/crops_kolektor_deteksi/train/normal/10128_00138.png,0,normal,train,train,10128,10128.png,"[0, 621, 66, 649]",1.0,kolektor_deteksi,kolektor_permukaan
C:/Arib/MASSA AYAM/chicken detection + constrative classification/data/crops_kolektor_deteksi/train/normal/10128_00139.png,0,normal,train,train,10128,10128.png,"[101, 626, 219, 651]",1.0,kolektor_deteksi,kolektor_permukaan
C:/Arib/MASSA AYAM/chicken detection + constrative classification/data/crops_kolektor_deteksi/train/normal/10128_00140.png,0,normal,train,train,10128,10128.png,"[0, 614, 81, 651]",1.0,kolektor_deteksi,kolektor_permukaan
C:/Arib/MASSA AYAM/chicken detection + constrative classification/data/crops_kolektor_deteksi/train/normal/10128_00141.png,0,normal,train,train,10128,10128.png,"[0, 607, 109, 651]",1.0,kolektor_deteksi,kolektor_permukaan
C:/Arib/MASSA AYAM/chicken detection + constrative classification/data/crops_kolektor_deteksi/train/normal/10128_00142.png,0,normal,train,train,10128,10128.png,"[141, 631, 228, 651]",1.0,kolektor_deteksi,kolektor_permukaan
C:/Arib/MASSA AYAM/chicken detection + constrative classification/data/crops_kolektor_deteksi/train/normal/10128_00143.png,0,normal,train,train,10128,10128.png,"[56, 625, 135, 648]",1.0,kolektor_deteksi,kolektor_permukaan
C:/Arib/MASSA AYAM/chicken detection + constrative classification/data/crops_kolektor_deteksi/train/normal/10128_00144.png,0,normal,train,train,10128,10128.png,"[105, 632, 183, 649]",1.0,kolektor_deteksi,kolektor_permukaan
C:/Arib/MASSA AYAM/chicken detection + constrative classification/data/crops_kolektor_deteksi/train/normal/10128_00145.png,0,normal,train,train,10128,10128.png,"[107, 622, 228, 651]",1.0,kolektor_deteksi,kolektor_permukaan
C:/Arib/MASSA AYAM/chicken detection + constrative classification/data/crops_kolektor_deteksi/train/normal/10131_00146.png,0,normal,train,train,10131,10131.png,"[0, 241, 12, 307]",1.0,kolektor_deteksi,kolektor_permukaan
C:/Arib/MASSA AYAM/chicken detection + constrative classification/data/crops_kolektor_deteksi/train/normal/10131_00147.png,0,normal,train,train,10131,10131.png,"[0, 233, 11, 281]",1.0,kolektor_deteksi,kolektor_permukaan
C:/Arib/MASSA AYAM/chicken detection + constrative classification/data/crops_kolektor_deteksi/train/normal/10131_00148.png,0,normal,train,train,10131,10131.png,"[0, 133, 11, 171]",1.0,kolektor_deteksi,kolektor_permukaan
C:/Arib/MASSA AYAM/chicken detection + constrative classification/data/crops_kolektor_deteksi/train/normal/10131_00149.png,0,normal,train,train,10131,10131.png,"[0, 162, 9, 225]",1.0,kolektor_deteksi,kolektor_permukaan
C:/Arib/MASSA AYAM/chicken detection + constrative classification/data/crops_kolektor_deteksi/train/normal/10131_00150.png,0,normal,train,train,10131,10131.png,"[0, 172, 10, 244]",1.0,kolektor_deteksi,kolektor_permukaan
C:/Arib/MASSA AYAM/chicken detection + constrative classification/data/crops_kolektor_deteksi/train/normal/10131_00151.png,0,normal,train,train,10131,10131.png,"[0, 145, 14, 207]",1.0,kolektor_deteksi,kolektor_permukaan
C:/Arib/MASSA AYAM/chicken detection + constrative classification/data/crops_kolektor_deteksi/train/normal/10131_00152.png,0,normal,train,train,10131,10131.png,"[0, 116, 12, 165]",1.0,kolektor_deteksi,kolektor_permukaan
C:/Arib/MASSA AYAM/chicken detection + constrative classification/data/crops_kolektor_deteksi/train/normal/10131_00153.png,0,normal,train,train,10131,10131.png,"[0, 225, 13, 278]",1.0,kolektor_deteksi,kolektor_permukaan
C:/Arib/MASSA AYAM/chicken detection + constrative classification/data/crops_kolektor_deteksi/train/normal/10131_00154.png,0,normal,train,train,10131,10131.png,"[0, 176, 12, 257]",1.0,kolektor_deteksi,kolektor_permukaan
C:/Arib/MASSA AYAM/chicken detection + constrative classification/data/crops_kolektor_deteksi/train/normal/10138_00155.png,0,normal,train,train,10138,10138.png,"[0, 305, 11, 384]",1.0,kolektor_deteksi,kolektor_permukaan
C:/Arib/MASSA AYAM/chicken detection + constrative classification/data/crops_kolektor_deteksi/train/normal/10138_00156.png,0,normal,train,train,10138,10138.png,"[0, 293, 12, 371]",1.0,kolektor_deteksi,kolektor_permukaan
C:/Arib/MASSA AYAM/chicken detection + constrative classification/data/crops_kolektor_deteksi/train/normal/10143_00157.png,0,normal,train,train,10143,10143.png,"[57, 622, 157, 644]",1.0,kolektor_deteksi,kolektor_permukaan
C:/Arib/MASSA AYAM/chicken detection + constrative classification/data/crops_kolektor_deteksi/train/normal/10143_00158.png,0,normal,train,train,10143,10143.png,"[0, 611, 32, 643]",1.0,kolektor_deteksi,kolektor_permukaan
C:/Arib/MASSA AYAM/chicken detection + constrative classification/data/crops_kolektor_deteksi/train/normal/10143_00159.png,0,normal,train,train,10143,10143.png,"[0, 609, 50, 643]",1.0,kolektor_deteksi,kolektor_permukaan
C:/Arib/MASSA AYAM/chicken detection + constrative classification/data/crops_kolektor_deteksi/train/normal/10143_00160.png,0,normal,train,train,10143,10143.png,"[29, 618, 149, 644]",1.0,kolektor_deteksi,kolektor_permukaan
C:/Arib/MASSA AYAM/chicken detection + constrative classification/data/crops_kolektor_deteksi/train/normal/10143_00161.png,0,normal,train,train,10143,10143.png,"[0, 619, 95, 644]",1.0,kolektor_deteksi,kolektor_permukaan
C:/Arib/MASSA AYAM/chicken detection + constrative classification/data/crops_kolektor_deteksi/train/normal/10143_00162.png,0,normal,train,train,10143,10143.png,"[0, 609, 67, 643]",1.0,kolektor_deteksi,kolektor_permukaan
C:/Arib/MASSA AYAM/chicken detection + constrative classification/data/crops_kolektor_deteksi/train/normal/10143_00163.png,0,normal,train,train,10143,10143.png,"[0, 596, 27, 644]",1.0,kolektor_deteksi,kolektor_permukaan
C:/Arib/MASSA AYAM/chicken detection + constrative classification/data/crops_kolektor_deteksi/train/normal/10143_00164.png,0,normal,train,train,10143,10143.png,"[58, 615, 182, 644]",1.0,kolektor_deteksi,kolektor_permukaan
C:/Arib/MASSA AYAM/chicken detection + constrative classification/data/crops_kolektor_deteksi/train/normal/10143_00165.png,0,normal,train,train,10143,10143.png,"[0, 618, 115, 644]",1.0,kolektor_deteksi,kolektor_permukaan
C:/Arib/MASSA AYAM/chicken detection + constrative classification/data/crops_kolektor_deteksi/train/normal/10143_00166.png,0,normal,train,train,10143,10143.png,"[92, 601, 216, 644]",1.0,kolektor_deteksi,kolektor_permukaan
C:/Arib/MASSA AYAM/chicken detection + constrative classification/data/crops_kolektor_deteksi/train/normal/10143_00167.png,0,normal,train,train,10143,10143.png,"[116, 597, 202, 644]",1.0,kolektor_deteksi,kolektor_permukaan
C:/Arib/MASSA AYAM/chicken detection + constrative classification/data/crops_kolektor_deteksi/train/normal/10143_00168.png,0,normal,train,train,10143,10143.png,"[68, 625, 141, 642]",1.0,kolektor_deteksi,kolektor_permukaan
C:/Arib/MASSA AYAM/chicken detection + constrative classification/data/crops_kolektor_deteksi/train/normal/10143_00169.png,0,normal,train,train,10143,10143.png,"[132, 618, 230, 644]",1.0,kolektor_deteksi,kolektor_permukaan
C:/Arib/MASSA AYAM/chicken detection + constrative classification/data/crops_kolektor_deteksi/train/normal/10143_00170.png,0,normal,train,train,10143,10143.png,"[107, 597, 230, 644]",1.0,kolektor_deteksi,kolektor_permukaan
C:/Arib/MASSA AYAM/chicken detection + constrative classification/data/crops_kolektor_deteksi/train/normal/10143_00171.png,0,normal,train,train,10143,10143.png,"[144, 624, 230, 643]",1.0,kolektor_deteksi,kolektor_permukaan
C:/Arib/MASSA AYAM/chicken detection + constrative classification/data/crops_kolektor_deteksi/train/normal/10148_00179.png,0,normal,train,train,10148,10148.png,"[0, 613, 20, 633]",1.0,kolektor_deteksi,kolektor_permukaan
C:/Arib/MASSA AYAM/chicken detection + constrative classification/data/crops_kolektor_deteksi/train/normal/10161_00181.png,0,normal,train,train,10161,10161.png,"[0, 578, 17, 634]",1.0,kolektor_deteksi,kolektor_permukaan
C:/Arib/MASSA AYAM/chicken detection + constrative classification/data/crops_kolektor_deteksi/train/normal/10166_00185.png,0,normal,train,train,10166,10166.png,"[0, 0, 15, 64]",1.0,kolektor_deteksi,kolektor_permukaan
C:/Arib/MASSA AYAM/chicken detection + constrative classification/data/crops_kolektor_deteksi/train/normal/10166_00186.png,0,normal,train,train,10166,10166.png,"[0, 0, 13, 79]",1.0,kolektor_deteksi,kolektor_permukaan
C:/Arib/MASSA AYAM/chicken detection + constrative classification/data/crops_kolektor_deteksi/train/normal/10166_00187.png,0,normal,train,train,10166,10166.png,"[0, 12, 14, 98]",1.0,kolektor_deteksi,kolektor_permukaan
C:/Arib/MASSA AYAM/chicken detection + constrative classification/data/crops_kolektor_deteksi/train/normal/10166_00188.png,0,normal,train,train,10166,10166.png,"[0, 0, 19, 88]",1.0,kolektor_deteksi,kolektor_permukaan
C:/Arib/MASSA AYAM/chicken detection + constrative classification/data/crops_kolektor_deteksi/train/normal/10173_00203.png,0,normal,train,train,10173,10173.png,"[0, 587, 11, 631]",1.0,kolektor_deteksi,kolektor_permukaan
C:/Arib/MASSA AYAM/chicken detection + constrative classification/data/crops_kolektor_deteksi/train/normal/10173_00204.png,0,normal,train,train,10173,10173.png,"[0, 596, 12, 631]",1.0,kolektor_deteksi,kolektor_permukaan
C:/Arib/MASSA AYAM/chicken detection + constrative classification/data/crops_kolektor_deteksi/train/normal/10173_00205.png,0,normal,train,train,10173,10173.png,"[0, 577, 12, 629]",1.0,kolektor_deteksi,kolektor_permukaan
C:/Arib/MASSA AYAM/chicken detection + constrative classification/data/crops_kolektor_deteksi/train/normal/10173_00206.png,0,normal,train,train,10173,10173.png,"[0, 611, 14, 631]",1.0,kolektor_deteksi,kolektor_permukaan
C:/Arib/MASSA AYAM/chicken detection + constrative classification/data/crops_kolektor_deteksi/train/normal/10173_00207.png,0,normal,train,train,10173,10173.png,"[0, 584, 13, 631]",1.0,kolektor_deteksi,kolektor_permukaan
C:/Arib/MASSA AYAM/chicken detection + constrative classification/data/crops_kolektor_deteksi/train/normal/10173_00208.png,0,normal,train,train,10173,10173.png,"[0, 75, 12, 122]",1.0,kolektor_deteksi,kolektor_permukaan
C:/Arib/MASSA AYAM/chicken detection + constrative classification/data/crops_kolektor_deteksi/train/normal/10175_00209.png,0,normal,train,train,10175,10175.png,"[0, 3, 10, 29]",1.0,kolektor_deteksi,kolektor_permukaan
C:/Arib/MASSA AYAM/chicken detection + constrative classification/data/crops_kolektor_deteksi/train/normal/10175_00210.png,0,normal,train,train,10175,10175.png,"[9, 533, 25, 545]",1.0,kolektor_deteksi,kolektor_permukaan
C:/Arib/MASSA AYAM/chicken detection + constrative classification/data/crops_kolektor_deteksi/train/normal/10175_00211.png,0,normal,train,train,10175,10175.png,"[0, 0, 11, 63]",1.0,kolektor_deteksi,kolektor_permukaan
C:/Arib/MASSA AYAM/chicken detection + constrative classification/data/crops_kolektor_deteksi/train/normal/10175_00212.png,0,normal,train,train,10175,10175.png,"[10, 534, 25, 543]",1.0,kolektor_deteksi,kolektor_permukaan
C:/Arib/MASSA AYAM/chicken detection + constrative classification/data/crops_kolektor_deteksi/train/normal/10175_00213.png,0,normal,train,train,10175,10175.png,"[0, 2, 14, 22]",1.0,kolektor_deteksi,kolektor_permukaan
C:/Arib/MASSA AYAM/chicken detection + constrative classification/data/crops_kolektor_deteksi/train/normal/10177_00214.png,0,normal,train,train,10177,10177.png,"[0, 112, 9, 148]",1.0,kolektor_deteksi,kolektor_permukaan
C:/Arib/MASSA AYAM/chicken detection + constrative classification/data/crops_kolektor_deteksi/train/normal/10177_00215.png,0,normal,train,train,10177,10177.png,"[0, 124, 12, 187]",1.0,kolektor_deteksi,kolektor_permukaan
C:/Arib/MASSA AYAM/chicken detection + constrative classification/data/crops_kolektor_deteksi/train/normal/10177_00216.png,0,normal,train,train,10177,10177.png,"[0, 599, 16, 635]",1.0,kolektor_deteksi,kolektor_permukaan
C:/Arib/MASSA AYAM/chicken detection + constrative classification/data/crops_kolektor_deteksi/train/normal/10177_00217.png,0,normal,train,train,10177,10177.png,"[0, 588, 11, 636]",1.0,kolektor_deteksi,kolektor_permukaan
C:/Arib/MASSA AYAM/chicken detection + constrative classification/data/crops_kolektor_deteksi/train/normal/10177_00218.png,0,normal,train,train,10177,10177.png,"[0, 97, 11, 145]",1.0,kolektor_deteksi,kolektor_permukaan
C:/Arib/MASSA AYAM/chicken detection + constrative classification/data/crops_kolektor_deteksi/train/normal/10178_00219.png,0,normal,train,train,10178,10178.png,"[0, 1, 11, 51]",1.0,kolektor_deteksi,kolektor_permukaan
C:/Arib/MASSA AYAM/chicken detection + constrative classification/data/crops_kolektor_deteksi/train/normal/10178_00220.png,0,normal,train,train,10178,10178.png,"[0, 0, 12, 69]",1.0,kolektor_deteksi,kolektor_permukaan
C:/Arib/MASSA AYAM/chicken detection + constrative classification/data/crops_kolektor_deteksi/train/normal/10178_00221.png,0,normal,train,train,10178,10178.png,"[0, 2, 13, 23]",1.0,kolektor_deteksi,kolektor_permukaan
C:/Arib/MASSA AYAM/chicken detection + constrative classification/data/crops_kolektor_deteksi/train/normal/10181_00222.png,0,normal,train,train,10181,10181.png,"[0, 283, 11, 350]",1.0,kolektor_deteksi,kolektor_permukaan
C:/Arib/MASSA AYAM/chicken detection + constrative classification/data/crops_kolektor_deteksi/train/normal/10181_00223.png,0,normal,train,train,10181,10181.png,"[0, 268, 10, 316]",1.0,kolektor_deteksi,kolektor_permukaan
C:/Arib/MASSA AYAM/chicken detection + constrative classification/data/crops_kolektor_deteksi/train/normal/10181_00224.png,0,normal,train,train,10181,10181.png,"[0, 288, 14, 360]",1.0,kolektor_deteksi,kolektor_permukaan
C:/Arib/MASSA AYAM/chicken detection + constrative classification/data/crops_kolektor_deteksi/train/normal/10186_00225.png,0,normal,train,train,10186,10186.png,"[0, 511, 11, 584]",1.0,kolektor_deteksi,kolektor_permukaan
C:/Arib/MASSA AYAM/chicken detection + constrative classification/data/crops_kolektor_deteksi/train/normal/10186_00226.png,0,normal,train,train,10186,10186.png,"[0, 500, 10, 567]",1.0,kolektor_deteksi,kolektor_permukaan
C:/Arib/MASSA AYAM/chicken detection + constrative classification/data/crops_kolektor_deteksi/train/normal/10186_00227.png,0,normal,train,train,10186,10186.png,"[0, 490, 11, 555]",1.0,kolektor_deteksi,kolektor_permukaan
C:/Arib/MASSA AYAM/chicken detection + constrative classification/data/crops_kolektor_deteksi/train/normal/10186_00228.png,0,normal,train,train,10186,10186.png,"[0, 481, 11, 605]",1.0,kolektor_deteksi,kolektor_permukaan
C:/Arib/MASSA AYAM/chicken detection + constrative classification/data/crops_kolektor_deteksi/train/normal/10186_00229.png,0,normal,train,train,10186,10186.png,"[0, 483, 12, 573]",1.0,kolektor_deteksi,kolektor_permukaan
C:/Arib/MASSA AYAM/chicken detection + constrative classification/data/crops_kolektor_deteksi/train/normal/10186_00230.png,0,normal,train,train,10186,10186.png,"[0, 514, 12, 603]",1.0,kolektor_deteksi,kolektor_permukaan
C:/Arib/MASSA AYAM/chicken detection + constrative classification/data/crops_kolektor_deteksi/train/normal/10186_00231.png,0,normal,train,train,10186,10186.png,"[0, 0, 14, 77]",1.0,kolektor_deteksi,kolektor_permukaan
C:/Arib/MASSA AYAM/chicken detection + constrative classification/data/crops_kolektor_deteksi/train/normal/10186_00232.png,0,normal,train,train,10186,10186.png,"[0, 483, 13, 562]",1.0,kolektor_deteksi,kolektor_permukaan
C:/Arib/MASSA AYAM/chicken detection + constrative classification/data/crops_kolektor_deteksi/train/normal/10187_00233.png,0,normal,train,train,10187,10187.png,"[0, 144, 10, 200]",1.0,kolektor_deteksi,kolektor_permukaan
C:/Arib/MASSA AYAM/chicken detection + constrative classification/data/crops_kolektor_deteksi/train/normal/10187_00234.png,0,normal,train,train,10187,10187.png,"[0, 159, 11, 231]",1.0,kolektor_deteksi,kolektor_permukaan
C:/Arib/MASSA AYAM/chicken detection + constrative classification/data/crops_kolektor_deteksi/train/normal/10190_00239.png,0,normal,train,train,10190,10190.png,"[136, 149, 153, 177]",1.0,kolektor_deteksi,kolektor_permukaan
C:/Arib/MASSA AYAM/chicken detection + constrative classification/data/crops_kolektor_deteksi/train/normal/10190_00240.png,0,normal,train,train,10190,10190.png,"[136, 142, 155, 178]",1.0,kolektor_deteksi,kolektor_permukaan
C:/Arib/MASSA AYAM/chicken detection + constrative classification/data/crops_kolektor_deteksi/train/normal/10190_00241.png,0,normal,train,train,10190,10190.png,"[136, 151, 153, 169]",1.0,kolektor_deteksi,kolektor_permukaan
C:/Arib/MASSA AYAM/chicken detection + constrative classification/data/crops_kolektor_deteksi/train/normal/10191_00242.png,0,normal,train,train,10191,10191.png,"[0, 378, 8, 411]",1.0,kolektor_deteksi,kolektor_permukaan
C:/Arib/MASSA AYAM/chicken detection + constrative classification/data/crops_kolektor_deteksi/train/normal/10202_00244.png,0,normal,train,train,10202,10202.png,"[0, 122, 14, 179]",1.0,kolektor_deteksi,kolektor_permukaan
C:/Arib/MASSA AYAM/chicken detection + constrative classification/data/crops_kolektor_deteksi/train/normal/10204_00245.png,0,normal,train,train,10204,10204.png,"[0, 263, 12, 334]",1.0,kolektor_deteksi,kolektor_permukaan
C:/Arib/MASSA AYAM/chicken detection + constrative classification/data/crops_kolektor_deteksi/train/normal/10204_00246.png,0,normal,train,train,10204,10204.png,"[0, 262, 9, 317]",1.0,kolektor_deteksi,kolektor_permukaan
C:/Arib/MASSA AYAM/chicken detection + constrative classification/data/crops_kolektor_deteksi/train/normal/10204_00247.png,0,normal,train,train,10204,10204.png,"[0, 261, 15, 342]",1.0,kolektor_deteksi,kolektor_permukaan
C:/Arib/MASSA AYAM/chicken detection + constrative classification/data/crops_kolektor_deteksi/train/normal/10205_00248.png,0,normal,train,train,10205,10205.png,"[0, 235, 16, 304]",1.0,kolektor_deteksi,kolektor_permukaan
C:/Arib/MASSA AYAM/chicken detection + constrative classification/data/crops_kolektor_deteksi/train/normal/10207_00249.png,0,normal,train,train,10207,10207.png,"[0, 332, 15, 388]",1.0,kolektor_deteksi,kolektor_permukaan
C:/Arib/MASSA AYAM/chicken detection + constrative classification/data/crops_kolektor_deteksi/train/normal/10210_00250.png,0,normal,train,train,10210,10210.png,"[0, 391, 11, 468]",1.0,kolektor_deteksi,kolektor_permukaan
C:/Arib/MASSA AYAM/chicken detection + constrative classification/data/crops_kolektor_deteksi/train/normal/10218_00261.png,0,normal,train,train,10218,10218.png,"[0, 80, 16, 118]",1.0,kolektor_deteksi,kolektor_permukaan
C:/Arib/MASSA AYAM/chicken detection + constrative classification/data/crops_kolektor_deteksi/train/normal/10218_00262.png,0,normal,train,train,10218,10218.png,"[0, 64, 16, 112]",1.0,kolektor_deteksi,kolektor_permukaan
C:/Arib/MASSA AYAM/chicken detection + constrative classification/data/crops_kolektor_deteksi/train/normal/10218_00263.png,0,normal,train,train,10218,10218.png,"[0, 87, 17, 150]",1.0,kolektor_deteksi,kolektor_permukaan
C:/Arib/MASSA AYAM/chicken detection + constrative classification/data/crops_kolektor_deteksi/train/normal/10218_00264.png,0,normal,train,train,10218,10218.png,"[0, 87, 18, 111]",1.0,kolektor_deteksi,kolektor_permukaan
C:/Arib/MASSA AYAM/chicken detection + constrative classification/data/crops_kolektor_deteksi/train/normal/10218_00265.png,0,normal,train,train,10218,10218.png,"[0, 56, 17, 119]",1.0,kolektor_deteksi,kolektor_permukaan
C:/Arib/MASSA AYAM/chicken detection + constrative classification/data/crops_kolektor_deteksi/train/normal/10221_00266.png,0,normal,train,train,10221,10221.png,"[0, 577, 11, 634]",1.0,kolektor_deteksi,kolektor_permukaan
C:/Arib/MASSA AYAM/chicken detection + constrative classification/data/crops_kolektor_deteksi/train/normal/10225_00267.png,0,normal,train,train,10225,10225.png,"[0, 82, 13, 109]",1.0,kolektor_deteksi,kolektor_permukaan
C:/Arib/MASSA AYAM/chicken detection + constrative classification/data/crops_kolektor_deteksi/train/normal/10229_00271.png,0,normal,train,train,10229,10229.png,"[0, 596, 12, 637]",1.0,kolektor_deteksi,kolektor_permukaan
C:/Arib/MASSA AYAM/chicken detection + constrative classification/data/crops_kolektor_deteksi/train/normal/10237_00272.png,0,normal,train,train,10237,10237.png,"[0, 311, 11, 329]",1.0,kolektor_deteksi,kolektor_permukaan
C:/Arib/MASSA AYAM/chicken detection + constrative classification/data/crops_kolektor_deteksi/train/normal/10237_00273.png,0,normal,train,train,10237,10237.png,"[0, 310, 12, 336]",1.0,kolektor_deteksi,kolektor_permukaan
C:/Arib/MASSA AYAM/chicken detection + constrative classification/data/crops_kolektor_deteksi/train/normal/10240_00274.png,0,normal,train,train,10240,10240.png,"[0, 551, 12, 618]",1.0,kolektor_deteksi,kolektor_permukaan
C:/Arib/MASSA AYAM/chicken detection + constrative classification/data/crops_kolektor_deteksi/train/normal/10243_00275.png,0,normal,train,train,10243,10243.png,"[0, 221, 11, 280]",1.0,kolektor_deteksi,kolektor_permukaan
C:/Arib/MASSA AYAM/chicken detection + constrative classification/data/crops_kolektor_deteksi/train/normal/10243_00276.png,0,normal,train,train,10243,10243.png,"[0, 234, 14, 301]",1.0,kolektor_deteksi,kolektor_permukaan
C:/Arib/MASSA AYAM/chicken detection + constrative classification/data/crops_kolektor_deteksi/train/normal/10249_00282.png,0,normal,train,train,10249,10249.png,"[0, 54, 11, 131]",1.0,kolektor_deteksi,kolektor_permukaan
C:/Arib/MASSA AYAM/chicken detection + constrative classification/data/crops_kolektor_deteksi/train/normal/10249_00283.png,0,normal,train,train,10249,10249.png,"[0, 63, 12, 142]",1.0,kolektor_deteksi,kolektor_permukaan
C:/Arib/MASSA AYAM/chicken detection + constrative classification/data/crops_kolektor_deteksi/train/normal/10255_00289.png,0,normal,train,train,10255,10255.png,"[0, 612, 14, 637]",1.0,kolektor_deteksi,kolektor_permukaan
C:/Arib/MASSA AYAM/chicken detection + constrative classification/data/crops_kolektor_deteksi/train/normal/10256_00290.png,0,normal,train,train,10256,10256.png,"[0, 587, 24, 627]",1.0,kolektor_deteksi,kolektor_permukaan
C:/Arib/MASSA AYAM/chicken detection + constrative classification/data/crops_kolektor_deteksi/train/normal/10256_00291.png,0,normal,train,train,10256,10256.png,"[0, 591, 28, 624]",1.0,kolektor_deteksi,kolektor_permukaan
C:/Arib/MASSA AYAM/chicken detection + constrative classification/data/crops_kolektor_deteksi/train/normal/10256_00292.png,0,normal,train,train,10256,10256.png,"[0, 574, 23, 627]",1.0,kolektor_deteksi,kolektor_permukaan
C:/Arib/MASSA AYAM/chicken detection + constrative classification/data/crops_kolektor_deteksi/train/normal/10256_00293.png,0,normal,train,train,10256,10256.png,"[0, 110, 13, 178]",1.0,kolektor_deteksi,kolektor_permukaan
C:/Arib/MASSA AYAM/chicken detection + constrative classification/data/crops_kolektor_deteksi/train/normal/10267_00302.png,0,normal,train,train,10267,10267.png,"[0, 16, 12, 73]",1.0,kolektor_deteksi,kolektor_permukaan
C:/Arib/MASSA AYAM/chicken detection + constrative classification/data/crops_kolektor_deteksi/train/normal/10267_00303.png,0,normal,train,train,10267,10267.png,"[4, 614, 126, 638]",1.0,kolektor_deteksi,kolektor_permukaan
C:/Arib/MASSA AYAM/chicken detection + constrative classification/data/crops_kolektor_deteksi/train/normal/10267_00304.png,0,normal,train,train,10267,10267.png,"[148, 618, 230, 638]",1.0,kolektor_deteksi,kolektor_permukaan
C:/Arib/MASSA AYAM/chicken detection + constrative classification/data/crops_kolektor_deteksi/train/normal/10267_00305.png,0,normal,train,train,10267,10267.png,"[0, 605, 37, 637]",1.0,kolektor_deteksi,kolektor_permukaan
C:/Arib/MASSA AYAM/chicken detection + constrative classification/data/crops_kolektor_deteksi/train/normal/10267_00306.png,0,normal,train,train,10267,10267.png,"[0, 28, 13, 95]",1.0,kolektor_deteksi,kolektor_permukaan
C:/Arib/MASSA AYAM/chicken detection + constrative classification/data/crops_kolektor_deteksi/train/normal/10267_00307.png,0,normal,train,train,10267,10267.png,"[161, 620, 230, 637]",1.0,kolektor_deteksi,kolektor_permukaan
C:/Arib/MASSA AYAM/chicken detection + constrative classification/data/crops_kolektor_deteksi/train/normal/10267_00308.png,0,normal,train,train,10267,10267.png,"[0, 4, 12, 53]",1.0,kolektor_deteksi,kolektor_permukaan
C:/Arib/MASSA AYAM/chicken detection + constrative classification/data/crops_kolektor_deteksi/train/normal/10267_00309.png,0,normal,train,train,10267,10267.png,"[0, 594, 31, 638]",1.0,kolektor_deteksi,kolektor_permukaan
C:/Arib/MASSA AYAM/chicken detection + constrative classification/data/crops_kolektor_deteksi/train/normal/10267_00310.png,0,normal,train,train,10267,10267.png,"[0, 606, 65, 637]",1.0,kolektor_deteksi,kolektor_permukaan
C:/Arib/MASSA AYAM/chicken detection + constrative classification/data/crops_kolektor_deteksi/train/normal/10267_00311.png,0,normal,train,train,10267,10267.png,"[123, 616, 230, 638]",1.0,kolektor_deteksi,kolektor_permukaan
C:/Arib/MASSA AYAM/chicken detection + constrative classification/data/crops_kolektor_deteksi/train/normal/10267_00312.png,0,normal,train,train,10267,10267.png,"[0, 608, 112, 638]",1.0,kolektor_deteksi,kolektor_permukaan
C:/Arib/MASSA AYAM/chicken detection + constrative classification/data/crops_kolektor_deteksi/train/normal/10267_00313.png,0,normal,train,train,10267,10267.png,"[79, 615, 198, 638]",1.0,kolektor_deteksi,kolektor_permukaan
C:/Arib/MASSA AYAM/chicken detection + constrative classification/data/crops_kolektor_deteksi/train/normal/10267_00314.png,0,normal,train,train,10267,10267.png,"[96, 615, 221, 638]",1.0,kolektor_deteksi,kolektor_permukaan
C:/Arib/MASSA AYAM/chicken detection + constrative classification/data/crops_kolektor_deteksi/train/normal/10267_00315.png,0,normal,train,train,10267,10267.png,"[25, 614, 148, 638]",1.0,kolektor_deteksi,kolektor_permukaan
C:/Arib/MASSA AYAM/chicken detection + constrative classification/data/crops_kolektor_deteksi/train/normal/10267_00316.png,0,normal,train,train,10267,10267.png,"[55, 614, 181, 638]",1.0,kolektor_deteksi,kolektor_permukaan
C:/Arib/MASSA AYAM/chicken detection + constrative classification/data/crops_kolektor_deteksi/train/normal/10267_00317.png,0,normal,train,train,10267,10267.png,"[182, 618, 230, 636]",1.0,kolektor_deteksi,kolektor_permukaan
C:/Arib/MASSA AYAM/chicken detection + constrative classification/data/crops_kolektor_deteksi/train/normal/10267_00318.png,0,normal,train,train,10267,10267.png,"[0, 606, 49, 635]",1.0,kolektor_deteksi,kolektor_permukaan
C:/Arib/MASSA AYAM/chicken detection + constrative classification/data/crops_kolektor_deteksi/train/normal/10267_00319.png,0,normal,train,train,10267,10267.png,"[0, 0, 14, 77]",1.0,kolektor_deteksi,kolektor_permukaan
C:/Arib/MASSA AYAM/chicken detection + constrative classification/data/crops_kolektor_deteksi/train/normal/10267_00320.png,0,normal,train,train,10267,10267.png,"[30, 620, 109, 637]",1.0,kolektor_deteksi,kolektor_permukaan
C:/Arib/MASSA AYAM/chicken detection + constrative classification/data/crops_kolektor_deteksi/train/normal/10283_00328.png,0,normal,train,train,10283,10283.png,"[184, 29, 201, 75]",1.0,kolektor_deteksi,kolektor_permukaan
C:/Arib/MASSA AYAM/chicken detection + constrative classification/data/crops_kolektor_deteksi/train/normal/10284_00329.png,0,normal,train,train,10284,10284.png,"[0, 8, 13, 34]",1.0,kolektor_deteksi,kolektor_permukaan
C:/Arib/MASSA AYAM/chicken detection + constrative classification/data/crops_kolektor_deteksi/train/normal/10288_00330.png,0,normal,train,train,10288,10288.png,"[0, 17, 8, 68]",1.0,kolektor_deteksi,kolektor_permukaan
C:/Arib/MASSA AYAM/chicken detection + constrative classification/data/crops_kolektor_deteksi/train/normal/10288_00331.png,0,normal,train,train,10288,10288.png,"[0, 32, 9, 101]",1.0,kolektor_deteksi,kolektor_permukaan
C:/Arib/MASSA AYAM/chicken detection + constrative classification/data/crops_kolektor_deteksi/train/normal/10290_00332.png,0,normal,train,train,10290,10290.png,"[0, 129, 18, 169]",1.0,kolektor_deteksi,kolektor_permukaan
C:/Arib/MASSA AYAM/chicken detection + constrative classification/data/crops_kolektor_deteksi/train/normal/10290_00333.png,0,normal,train,train,10290,10290.png,"[0, 119, 19, 165]",1.0,kolektor_deteksi,kolektor_permukaan
C:/Arib/MASSA AYAM/chicken detection + constrative classification/data/crops_kolektor_deteksi/train/normal/10290_00334.png,0,normal,train,train,10290,10290.png,"[0, 134, 17, 200]",1.0,kolektor_deteksi,kolektor_permukaan
C:/Arib/MASSA AYAM/chicken detection + constrative classification/data/crops_kolektor_deteksi/train/normal/10290_00335.png,0,normal,train,train,10290,10290.png,"[0, 136, 20, 163]",1.0,kolektor_deteksi,kolektor_permukaan
C:/Arib/MASSA AYAM/chicken detection + constrative classification/data/crops_kolektor_deteksi/train/normal/10290_00336.png,0,normal,train,train,10290,10290.png,"[0, 107, 21, 168]",1.0,kolektor_deteksi,kolektor_permukaan
C:/Arib/MASSA AYAM/chicken detection + constrative classification/data/crops_kolektor_deteksi/train/normal/10295_00337.png,0,normal,train,train,10295,10295.png,"[0, 28, 12, 98]",1.0,kolektor_deteksi,kolektor_permukaan
C:/Arib/MASSA AYAM/chicken detection + constrative classification/data/crops_kolektor_deteksi/train/normal/10295_00338.png,0,normal,train,train,10295,10295.png,"[0, 21, 12, 81]",1.0,kolektor_deteksi,kolektor_permukaan
C:/Arib/MASSA AYAM/chicken detection + constrative classification/data/crops_kolektor_deteksi/train/normal/10311_00349.png,0,normal,train,train,10311,10311.png,"[0, 530, 17, 590]",1.0,kolektor_deteksi,kolektor_permukaan
C:/Arib/MASSA AYAM/chicken detection + constrative classification/data/crops_kolektor_deteksi/train/normal/10313_00357.png,0,normal,train,train,10313,10313.png,"[0, 608, 17, 628]",1.0,kolektor_deteksi,kolektor_permukaan
C:/Arib/MASSA AYAM/chicken detection + constrative classification/data/crops_kolektor_deteksi/train/normal/10321_00358.png,0,normal,train,train,10321,10321.png,"[0, 0, 11, 59]",1.0,kolektor_deteksi,kolektor_permukaan
C:/Arib/MASSA AYAM/chicken detection + constrative classification/data/crops_kolektor_deteksi/train/normal/10321_00359.png,0,normal,train,train,10321,10321.png,"[0, 0, 11, 42]",1.0,kolektor_deteksi,kolektor_permukaan
C:/Arib/MASSA AYAM/chicken detection + constrative classification/data/crops_kolektor_deteksi/train/normal/10323_00360.png,0,normal,train,train,10323,10323.png,"[45, 13, 85, 66]",1.0,kolektor_deteksi,kolektor_permukaan
C:/Arib/MASSA AYAM/chicken detection + constrative classification/data/crops_kolektor_deteksi/train/normal/10326_00361.png,0,normal,train,train,10326,10326.png,"[0, 591, 14, 633]",1.0,kolektor_deteksi,kolektor_permukaan
C:/Arib/MASSA AYAM/chicken detection + constrative classification/data/crops_kolektor_deteksi/train/normal/10326_00362.png,0,normal,train,train,10326,10326.png,"[0, 0, 11, 61]",1.0,kolektor_deteksi,kolektor_permukaan
C:/Arib/MASSA AYAM/chicken detection + constrative classification/data/crops_kolektor_deteksi/train/normal/10326_00363.png,0,normal,train,train,10326,10326.png,"[0, 569, 16, 633]",1.0,kolektor_deteksi,kolektor_permukaan
C:/Arib/MASSA AYAM/chicken detection + constrative classification/data/crops_kolektor_deteksi/train/normal/10326_00364.png,0,normal,train,train,10326,10326.png,"[0, 469, 11, 541]",1.0,kolektor_deteksi,kolektor_permukaan
C:/Arib/MASSA AYAM/chicken detection + constrative classification/data/crops_kolektor_deteksi/train/normal/10328_00365.png,0,normal,train,train,10328,10328.png,"[0, 280, 16, 349]",1.0,kolektor_deteksi,kolektor_permukaan
C:/Arib/MASSA AYAM/chicken detection + constrative classification/data/crops_kolektor_deteksi/train/normal/10328_00366.png,0,normal,train,train,10328,10328.png,"[0, 273, 21, 349]",1.0,kolektor_deteksi,kolektor_permukaan
C:/Arib/MASSA AYAM/chicken detection + constrative classification/data/crops_kolektor_deteksi/train/normal/10328_00367.png,0,normal,train,train,10328,10328.png,"[0, 289, 15, 363]",1.0,kolektor_deteksi,kolektor_permukaan
C:/Arib/MASSA AYAM/chicken detection + constrative classification/data/crops_kolektor_deteksi/train/normal/10328_00368.png,0,normal,train,train,10328,10328.png,"[0, 19, 13, 102]",1.0,kolektor_deteksi,kolektor_permukaan
C:/Arib/MASSA AYAM/chicken detection + constrative classification/data/crops_kolektor_deteksi/train/normal/10339_00374.png,0,normal,train,train,10339,10339.png,"[0, 431, 10, 477]",1.0,kolektor_deteksi,kolektor_permukaan
C:/Arib/MASSA AYAM/chicken detection + constrative classification/data/crops_kolektor_deteksi/train/normal/10347_00383.png,0,normal,train,train,10347,10347.png,"[0, 56, 10, 125]",1.0,kolektor_deteksi,kolektor_permukaan
C:/Arib/MASSA AYAM/chicken detection + constrative classification/data/crops_kolektor_deteksi/train/normal/10360_00394.png,0,normal,train,train,10360,10360.png,"[0, 20, 9, 98]",1.0,kolektor_deteksi,kolektor_permukaan
C:/Arib/MASSA AYAM/chicken detection + constrative classification/data/crops_kolektor_deteksi/train/normal/10360_00395.png,0,normal,train,train,10360,10360.png,"[0, 12, 10, 83]",1.0,kolektor_deteksi,kolektor_permukaan
C:/Arib/MASSA AYAM/chicken detection + constrative classification/data/crops_kolektor_deteksi/train/normal/10370_00401.png,0,normal,train,train,10370,10370.png,"[0, 599, 11, 637]",1.0,kolektor_deteksi,kolektor_permukaan
C:/Arib/MASSA AYAM/chicken detection + constrative classification/data/crops_kolektor_deteksi/train/normal/10370_00402.png,0,normal,train,train,10370,10370.png,"[0, 586, 10, 638]",1.0,kolektor_deteksi,kolektor_permukaan
C:/Arib/MASSA AYAM/chicken detection + constrative classification/data/crops_kolektor_deteksi/train/normal/10371_00403.png,0,normal,train,train,10371,10371.png,"[0, 538, 13, 614]",1.0,kolektor_deteksi,kolektor_permukaan
C:/Arib/MASSA AYAM/chicken detection + constrative classification/data/crops_kolektor_deteksi/train/normal/10371_00404.png,0,normal,train,train,10371,10371.png,"[0, 528, 12, 602]",1.0,kolektor_deteksi,kolektor_permukaan
C:/Arib/MASSA AYAM/chicken detection + constrative classification/data/crops_kolektor_deteksi/train/normal/10371_00405.png,0,normal,train,train,10371,10371.png,"[0, 446, 14, 523]",1.0,kolektor_deteksi,kolektor_permukaan
C:/Arib/MASSA AYAM/chicken detection + constrative classification/data/crops_kolektor_deteksi/train/normal/10371_00406.png,0,normal,train,train,10371,10371.png,"[0, 460, 14, 541]",1.0,kolektor_deteksi,kolektor_permukaan
C:/Arib/MASSA AYAM/chicken detection + constrative classification/data/crops_kolektor_deteksi/train/normal/10371_00407.png,0,normal,train,train,10371,10371.png,"[0, 545, 15, 632]",1.0,kolektor_deteksi,kolektor_permukaan
C:/Arib/MASSA AYAM/chicken detection + constrative classification/data/crops_kolektor_deteksi/train/normal/10371_00408.png,0,normal,train,train,10371,10371.png,"[0, 574, 12, 632]",1.0,kolektor_deteksi,kolektor_permukaan
C:/Arib/MASSA AYAM/chicken detection + constrative classification/data/crops_kolektor_deteksi/train/normal/10371_00409.png,0,normal,train,train,10371,10371.png,"[0, 513, 14, 632]",1.0,kolektor_deteksi,kolektor_permukaan
C:/Arib/MASSA AYAM/chicken detection + constrative classification/data/crops_kolektor_deteksi/train/normal/10372_00410.png,0,normal,train,train,10372,10372.png,"[0, 24, 10, 90]",1.0,kolektor_deteksi,kolektor_permukaan
C:/Arib/MASSA AYAM/chicken detection + constrative classification/data/crops_kolektor_deteksi/train/normal/10384_00412.png,0,normal,train,train,10384,10384.png,"[0, 295, 10, 338]",1.0,kolektor_deteksi,kolektor_permukaan
C:/Arib/MASSA AYAM/chicken detection + constrative classification/data/crops_kolektor_deteksi/train/normal/10384_00413.png,0,normal,train,train,10384,10384.png,"[0, 102, 24, 170]",1.0,kolektor_deteksi,kolektor_permukaan
C:/Arib/MASSA AYAM/chicken detection + constrative classification/data/crops_kolektor_deteksi/train/normal/10386_00414.png,0,normal,train,train,10386,10386.png,"[0, 129, 9, 201]",1.0,kolektor_deteksi,kolektor_permukaan
C:/Arib/MASSA AYAM/chicken detection + constrative classification/data/crops_kolektor_deteksi/train/normal/10397_00420.png,0,normal,train,train,10397,10397.png,"[0, 586, 11, 632]",1.0,kolektor_deteksi,kolektor_permukaan
C:/Arib/MASSA AYAM/chicken detection + constrative classification/data/crops_kolektor_deteksi/train/normal/10397_00421.png,0,normal,train,train,10397,10397.png,"[0, 593, 12, 631]",1.0,kolektor_deteksi,kolektor_permukaan
C:/Arib/MASSA AYAM/chicken detection + constrative classification/data/crops_kolektor_deteksi/train/normal/10398_00422.png,0,normal,train,train,10398,10398.png,"[0, 588, 10, 638]",1.0,kolektor_deteksi,kolektor_permukaan
C:/Arib/MASSA AYAM/chicken detection + constrative classification/data/crops_kolektor_deteksi/train/normal/10398_00423.png,0,normal,train,train,10398,10398.png,"[0, 434, 12, 513]",1.0,kolektor_deteksi,kolektor_permukaan
C:/Arib/MASSA AYAM/chicken detection + constrative classification/data/crops_kolektor_deteksi/train/normal/10398_00424.png,0,normal,train,train,10398,10398.png,"[0, 470, 13, 545]",1.0,kolektor_deteksi,kolektor_permukaan
C:/Arib/MASSA AYAM/chicken detection + constrative classification/data/crops_kolektor_deteksi/train/normal/10398_00425.png,0,normal,train,train,10398,10398.png,"[0, 600, 11, 636]",1.0,kolektor_deteksi,kolektor_permukaan
C:/Arib/MASSA AYAM/chicken detection + constrative classification/data/crops_kolektor_deteksi/train/normal/10398_00426.png,0,normal,train,train,10398,10398.png,"[0, 450, 13, 527]",1.0,kolektor_deteksi,kolektor_permukaan
C:/Arib/MASSA AYAM/chicken detection + constrative classification/data/crops_kolektor_deteksi/train/normal/10398_00427.png,0,normal,train,train,10398,10398.png,"[0, 477, 12, 561]",1.0,kolektor_deteksi,kolektor_permukaan
C:/Arib/MASSA AYAM/chicken detection + constrative classification/data/crops_kolektor_deteksi/train/normal/10398_00428.png,0,normal,train,train,10398,10398.png,"[0, 576, 11, 638]",1.0,kolektor_deteksi,kolektor_permukaan
C:/Arib/MASSA AYAM/chicken detection + constrative classification/data/crops_kolektor_deteksi/train/normal/10398_00429.png,0,normal,train,train,10398,10398.png,"[0, 21, 11, 102]",1.0,kolektor_deteksi,kolektor_permukaan
C:/Arib/MASSA AYAM/chicken detection + constrative classification/data/crops_kolektor_deteksi/train/normal/10398_00430.png,0,normal,train,train,10398,10398.png,"[0, 423, 10, 488]",1.0,kolektor_deteksi,kolektor_permukaan
C:/Arib/MASSA AYAM/chicken detection + constrative classification/data/crops_kolektor_deteksi/train/normal/10398_00431.png,0,normal,train,train,10398,10398.png,"[0, 407, 13, 540]",1.0,kolektor_deteksi,kolektor_permukaan
C:/Arib/MASSA AYAM/chicken detection + constrative classification/data/crops_kolektor_deteksi/train/normal/10398_00432.png,0,normal,train,train,10398,10398.png,"[0, 569, 12, 638]",1.0,kolektor_deteksi,kolektor_permukaan
C:/Arib/MASSA AYAM/chicken detection + constrative classification/data/crops_kolektor_deteksi/train/normal/10398_00433.png,0,normal,train,train,10398,10398.png,"[0, 99, 11, 176]",1.0,kolektor_deteksi,kolektor_permukaan
C:/Arib/MASSA AYAM/chicken detection + constrative classification/data/crops_kolektor_deteksi/train/normal/10404_00437.png,0,normal,train,train,10404,10404.png,"[0, 591, 13, 643]",1.0,kolektor_deteksi,kolektor_permukaan
C:/Arib/MASSA AYAM/chicken detection + constrative classification/data/crops_kolektor_deteksi/train/normal/10404_00438.png,0,normal,train,train,10404,10404.png,"[0, 598, 12, 646]",1.0,kolektor_deteksi,kolektor_permukaan
C:/Arib/MASSA AYAM/chicken detection + constrative classification/data/crops_kolektor_deteksi/train/normal/10404_00439.png,0,normal,train,train,10404,10404.png,"[0, 607, 13, 645]",1.0,kolektor_deteksi,kolektor_permukaan
C:/Arib/MASSA AYAM/chicken detection + constrative classification/data/crops_kolektor_deteksi/train/normal/10404_00440.png,0,normal,train,train,10404,10404.png,"[0, 581, 17, 645]",1.0,kolektor_deteksi,kolektor_permukaan
C:/Arib/MASSA AYAM/chicken detection + constrative classification/data/crops_kolektor_deteksi/train/normal/10408_00441.png,0,normal,train,train,10408,10408.png,"[0, 96, 10, 173]",1.0,kolektor_deteksi,kolektor_permukaan
C:/Arib/MASSA AYAM/chicken detection + constrative classification/data/crops_kolektor_deteksi/train/normal/10408_00442.png,0,normal,train,train,10408,10408.png,"[0, 90, 9, 154]",1.0,kolektor_deteksi,kolektor_permukaan
C:/Arib/MASSA AYAM/chicken detection + constrative classification/data/crops_kolektor_deteksi/train/normal/10408_00443.png,0,normal,train,train,10408,10408.png,"[0, 153, 17, 229]",1.0,kolektor_deteksi,kolektor_permukaan
C:/Arib/MASSA AYAM/chicken detection + constrative classification/data/crops_kolektor_deteksi/train/normal/10408_00444.png,0,normal,train,train,10408,10408.png,"[0, 162, 18, 241]",1.0,kolektor_deteksi,kolektor_permukaan
C:/Arib/MASSA AYAM/chicken detection + constrative classification/data/crops_kolektor_deteksi/train/normal/10408_00445.png,0,normal,train,train,10408,10408.png,"[0, 103, 12, 184]",1.0,kolektor_deteksi,kolektor_permukaan
C:/Arib/MASSA AYAM/chicken detection + constrative classification/data/crops_kolektor_deteksi/train/normal/10413_00446.png,0,normal,train,train,10413,10413.png,"[0, 613, 19, 634]",1.0,kolektor_deteksi,kolektor_permukaan
C:/Arib/MASSA AYAM/chicken detection + constrative classification/data/crops_kolektor_deteksi/train/normal/10416_00456.png,0,normal,train,train,10416,10416.png,"[0, 407, 12, 448]",1.0,kolektor_deteksi,kolektor_permukaan
C:/Arib/MASSA AYAM/chicken detection + constrative classification/data/crops_kolektor_deteksi/train/normal/10416_00457.png,0,normal,train,train,10416,10416.png,"[0, 417, 12, 466]",1.0,kolektor_deteksi,kolektor_permukaan
C:/Arib/MASSA AYAM/chicken detection + constrative classification/data/crops_kolektor_deteksi/train/normal/10418_00458.png,0,normal,train,train,10418,10418.png,"[0, 585, 13, 641]",1.0,kolektor_deteksi,kolektor_permukaan
C:/Arib/MASSA AYAM/chicken detection + constrative classification/data/crops_kolektor_deteksi/train/normal/10418_00459.png,0,normal,train,train,10418,10418.png,"[0, 600, 13, 640]",1.0,kolektor_deteksi,kolektor_permukaan
C:/Arib/MASSA AYAM/chicken detection + constrative classification/data/crops_kolektor_deteksi/train/normal/10419_00460.png,0,normal,train,train,10419,10419.png,"[0, 587, 12, 634]",1.0,kolektor_deteksi,kolektor_permukaan
C:/Arib/MASSA AYAM/chicken detection + constrative classification/data/crops_kolektor_deteksi/train/normal/10424_00465.png,0,normal,train,train,10424,10424.png,"[139, 349, 155, 359]",1.0,kolektor_deteksi,kolektor_permukaan
C:/Arib/MASSA AYAM/chicken detection + constrative classification/data/crops_kolektor_deteksi/train/normal/10429_00468.png,0,normal,train,train,10429,10429.png,"[0, 599, 23, 640]",1.0,kolektor_deteksi,kolektor_permukaan
C:/Arib/MASSA AYAM/chicken detection + constrative classification/data/crops_kolektor_deteksi/train/normal/10429_00469.png,0,normal,train,train,10429,10429.png,"[0, 602, 39, 639]",1.0,kolektor_deteksi,kolektor_permukaan
C:/Arib/MASSA AYAM/chicken detection + constrative classification/data/crops_kolektor_deteksi/train/normal/10429_00470.png,0,normal,train,train,10429,10429.png,"[0, 598, 54, 639]",1.0,kolektor_deteksi,kolektor_permukaan
C:/Arib/MASSA AYAM/chicken detection + constrative classification/data/crops_kolektor_deteksi/train/normal/10429_00471.png,0,normal,train,train,10429,10429.png,"[0, 589, 22, 640]",1.0,kolektor_deteksi,kolektor_permukaan
C:/Arib/MASSA AYAM/chicken detection + constrative classification/data/crops_kolektor_deteksi/train/normal/10429_00472.png,0,normal,train,train,10429,10429.png,"[0, 596, 81, 640]",1.0,kolektor_deteksi,kolektor_permukaan
C:/Arib/MASSA AYAM/chicken detection + constrative classification/data/crops_kolektor_deteksi/train/normal/10430_00473.png,0,normal,train,train,10430,10430.png,"[48, 507, 59, 516]",1.0,kolektor_deteksi,kolektor_permukaan
C:/Arib/MASSA AYAM/chicken detection + constrative classification/data/crops_kolektor_deteksi/train/normal/10437_00474.png,0,normal,train,train,10437,10437.png,"[0, 299, 11, 366]",1.0,kolektor_deteksi,kolektor_permukaan
C:/Arib/MASSA AYAM/chicken detection + constrative classification/data/crops_kolektor_deteksi/train/normal/10437_00475.png,0,normal,train,train,10437,10437.png,"[0, 312, 12, 385]",1.0,kolektor_deteksi,kolektor_permukaan
C:/Arib/MASSA AYAM/chicken detection + constrative classification/data/crops_kolektor_deteksi/train/normal/10437_00476.png,0,normal,train,train,10437,10437.png,"[0, 292, 12, 350]",1.0,kolektor_deteksi,kolektor_permukaan
C:/Arib/MASSA AYAM/chicken detection + constrative classification/data/crops_kolektor_deteksi/train/normal/10437_00477.png,0,normal,train,train,10437,10437.png,"[0, 281, 12, 369]",1.0,kolektor_deteksi,kolektor_permukaan
C:/Arib/MASSA AYAM/chicken detection + constrative classification/data/crops_kolektor_deteksi/train/normal/10437_00478.png,0,normal,train,train,10437,10437.png,"[0, 311, 15, 396]",1.0,kolektor_deteksi,kolektor_permukaan
C:/Arib/MASSA AYAM/chicken detection + constrative classification/data/crops_kolektor_deteksi/train/normal/10437_00479.png,0,normal,train,train,10437,10437.png,"[0, 274, 12, 407]",1.0,kolektor_deteksi,kolektor_permukaan
C:/Arib/MASSA AYAM/chicken detection + constrative classification/data/crops_kolektor_deteksi/train/normal/10450_00480.png,0,normal,train,train,10450,10450.png,"[0, 518, 13, 595]",1.0,kolektor_deteksi,kolektor_permukaan
C:/Arib/MASSA AYAM/chicken detection + constrative classification/data/crops_kolektor_deteksi/train/normal/10450_00481.png,0,normal,train,train,10450,10450.png,"[0, 529, 14, 608]",1.0,kolektor_deteksi,kolektor_permukaan
C:/Arib/MASSA AYAM/chicken detection + constrative classification/data/crops_kolektor_deteksi/train/normal/10450_00482.png,0,normal,train,train,10450,10450.png,"[0, 569, 13, 634]",1.0,kolektor_deteksi,kolektor_permukaan
C:/Arib/MASSA AYAM/chicken detection + constrative classification/data/crops_kolektor_deteksi/train/normal/10450_00483.png,0,normal,train,train,10450,10450.png,"[0, 502, 13, 579]",1.0,kolektor_deteksi,kolektor_permukaan
C:/Arib/MASSA AYAM/chicken detection + constrative classification/data/crops_kolektor_deteksi/train/normal/10450_00484.png,0,normal,train,train,10450,10450.png,"[0, 543, 15, 622]",1.0,kolektor_deteksi,kolektor_permukaan
C:/Arib/MASSA AYAM/chicken detection + constrative classification/data/crops_kolektor_deteksi/train/normal/10450_00485.png,0,normal,train,train,10450,10450.png,"[0, 499, 15, 617]",1.0,kolektor_deteksi,kolektor_permukaan
C:/Arib/MASSA AYAM/chicken detection + constrative classification/data/crops_kolektor_deteksi/train/normal/10450_00486.png,0,normal,train,train,10450,10450.png,"[0, 481, 13, 563]",1.0,kolektor_deteksi,kolektor_permukaan
C:/Arib/MASSA AYAM/chicken detection + constrative classification/data/crops_kolektor_deteksi/train/normal/10450_00487.png,0,normal,train,train,10450,10450.png,"[0, 517, 18, 634]",1.0,kolektor_deteksi,kolektor_permukaan
C:/Arib/MASSA AYAM/chicken detection + constrative classification/data/crops_kolektor_deteksi/train/normal/10450_00488.png,0,normal,train,train,10450,10450.png,"[0, 553, 16, 634]",1.0,kolektor_deteksi,kolektor_permukaan
C:/Arib/MASSA AYAM/chicken detection + constrative classification/data/crops_kolektor_deteksi/train/normal/10450_00489.png,0,normal,train,train,10450,10450.png,"[0, 586, 13, 634]",1.0,kolektor_deteksi,kolektor_permukaan
C:/Arib/MASSA AYAM/chicken detection + constrative classification/data/crops_kolektor_deteksi/train/normal/10450_00490.png,0,normal,train,train,10450,10450.png,"[0, 482, 17, 597]",1.0,kolektor_deteksi,kolektor_permukaan
C:/Arib/MASSA AYAM/chicken detection + constrative classification/data/crops_kolektor_deteksi/train/normal/10456_00491.png,0,normal,train,train,10456,10456.png,"[0, 488, 10, 529]",1.0,kolektor_deteksi,kolektor_permukaan
C:/Arib/MASSA AYAM/chicken detection + constrative classification/data/crops_kolektor_deteksi/train/normal/10456_00492.png,0,normal,train,train,10456,10456.png,"[0, 472, 10, 524]",1.0,kolektor_deteksi,kolektor_permukaan
C:/Arib/MASSA AYAM/chicken detection + constrative classification/data/crops_kolektor_deteksi/train/normal/10459_00497.png,0,normal,train,train,10459,10459.png,"[0, 463, 13, 533]",1.0,kolektor_deteksi,kolektor_permukaan
C:/Arib/MASSA AYAM/chicken detection + constrative classification/data/crops_kolektor_deteksi/train/normal/10459_00498.png,0,normal,train,train,10459,10459.png,"[0, 476, 13, 559]",1.0,kolektor_deteksi,kolektor_permukaan
C:/Arib/MASSA AYAM/chicken detection + constrative classification/data/crops_kolektor_deteksi/train/normal/10470_00504.png,0,normal,train,train,10470,10470.png,"[0, 96, 20, 153]",1.0,kolektor_deteksi,kolektor_permukaan
C:/Arib/MASSA AYAM/chicken detection + constrative classification/data/crops_kolektor_deteksi/train/normal/10470_00505.png,0,normal,train,train,10470,10470.png,"[196, 314, 215, 338]",1.0,kolektor_deteksi,kolektor_permukaan
C:/Arib/MASSA AYAM/chicken detection + constrative classification/data/crops_kolektor_deteksi/train/normal/10470_00506.png,0,normal,train,train,10470,10470.png,"[0, 93, 18, 141]",1.0,kolektor_deteksi,kolektor_permukaan
C:/Arib/MASSA AYAM/chicken detection + constrative classification/data/crops_kolektor_deteksi/train/normal/10471_00507.png,0,normal,train,train,10471,10471.png,"[0, 214, 17, 257]",1.0,kolektor_deteksi,kolektor_permukaan
C:/Arib/MASSA AYAM/chicken detection + constrative classification/data/crops_kolektor_deteksi/train/normal/10471_00508.png,0,normal,train,train,10471,10471.png,"[0, 336, 12, 407]",1.0,kolektor_deteksi,kolektor_permukaan
C:/Arib/MASSA AYAM/chicken detection + constrative classification/data/crops_kolektor_deteksi/train/normal/10471_00509.png,0,normal,train,train,10471,10471.png,"[0, 214, 18, 290]",1.0,kolektor_deteksi,kolektor_permukaan
C:/Arib/MASSA AYAM/chicken detection + constrative classification/data/crops_kolektor_deteksi/train/normal/10471_00510.png,0,normal,train,train,10471,10471.png,"[0, 343, 14, 421]",1.0,kolektor_deteksi,kolektor_permukaan
C:/Arib/MASSA AYAM/chicken detection + constrative classification/data/crops_kolektor_deteksi/train/normal/10471_00511.png,0,normal,train,train,10471,10471.png,"[0, 223, 19, 251]",1.0,kolektor_deteksi,kolektor_permukaan
C:/Arib/MASSA AYAM/chicken detection + constrative classification/data/crops_kolektor_deteksi/train/normal/10473_00512.png,0,normal,train,train,10473,10473.png,"[0, 414, 15, 481]",1.0,kolektor_deteksi,kolektor_permukaan
C:/Arib/MASSA AYAM/chicken detection + constrative classification/data/crops_kolektor_deteksi/train/normal/10473_00513.png,0,normal,train,train,10473,10473.png,"[0, 406, 12, 461]",1.0,kolektor_deteksi,kolektor_permukaan
C:/Arib/MASSA AYAM/chicken detection + constrative classification/data/crops_kolektor_deteksi/train/normal/10480_00535.png,0,normal,train,train,10480,10480.png,"[66, 292, 79, 302]",1.0,kolektor_deteksi,kolektor_permukaan
C:/Arib/MASSA AYAM/chicken detection + constrative classification/data/crops_kolektor_deteksi/train/normal/10480_00536.png,0,normal,train,train,10480,10480.png,"[64, 290, 80, 303]",1.0,kolektor_deteksi,kolektor_permukaan
C:/Arib/MASSA AYAM/chicken detection + constrative classification/data/crops_kolektor_deteksi/train/normal/10489_00545.png,0,normal,train,train,10489,10489.png,"[0, 224, 11, 260]",1.0,kolektor_deteksi,kolektor_permukaan
C:/Arib/MASSA AYAM/chicken detection + constrative classification/data/crops_kolektor_deteksi/train/normal/10489_00546.png,0,normal,train,train,10489,10489.png,"[0, 232, 13, 288]",1.0,kolektor_deteksi,kolektor_permukaan
C:/Arib/MASSA AYAM/chicken detection + constrative classification/data/crops_kolektor_deteksi/train/normal/10493_00547.png,0,normal,train,train,10493,10493.png,"[0, 372, 9, 413]",1.0,kolektor_deteksi,kolektor_permukaan
C:/Arib/MASSA AYAM/chicken detection + constrative classification/data/crops_kolektor_deteksi/train/normal/10493_00548.png,0,normal,train,train,10493,10493.png,"[0, 387, 12, 451]",1.0,kolektor_deteksi,kolektor_permukaan
C:/Arib/MASSA AYAM/chicken detection + constrative classification/data/crops_kolektor_deteksi/train/normal/10493_00549.png,0,normal,train,train,10493,10493.png,"[0, 359, 10, 408]",1.0,kolektor_deteksi,kolektor_permukaan
C:/Arib/MASSA AYAM/chicken detection + constrative classification/data/crops_kolektor_deteksi/train/normal/10504_00554.png,0,normal,train,train,10504,10504.png,"[0, 137, 11, 208]",1.0,kolektor_deteksi,kolektor_permukaan
C:/Arib/MASSA AYAM/chicken detection + constrative classification/data/crops_kolektor_deteksi/train/normal/10504_00555.png,0,normal,train,train,10504,10504.png,"[0, 148, 12, 220]",1.0,kolektor_deteksi,kolektor_permukaan
C:/Arib/MASSA AYAM/chicken detection + constrative classification/data/crops_kolektor_deteksi/train/normal/10504_00556.png,0,normal,train,train,10504,10504.png,"[0, 128, 11, 184]",1.0,kolektor_deteksi,kolektor_permukaan
C:/Arib/MASSA AYAM/chicken detection + constrative classification/data/crops_kolektor_deteksi/train/normal/10504_00557.png,0,normal,train,train,10504,10504.png,"[0, 576, 11, 635]",1.0,kolektor_deteksi,kolektor_permukaan
C:/Arib/MASSA AYAM/chicken detection + constrative classification/data/crops_kolektor_deteksi/train/normal/10512_00564.png,0,normal,train,train,10512,10512.png,"[0, 600, 18, 641]",1.0,kolektor_deteksi,kolektor_permukaan
C:/Arib/MASSA AYAM/chicken detection + constrative classification/data/crops_kolektor_deteksi/train/normal/10512_00565.png,0,normal,train,train,10512,10512.png,"[0, 611, 20, 640]",1.0,kolektor_deteksi,kolektor_permukaan
C:/Arib/MASSA AYAM/chicken detection + constrative classification/data/crops_kolektor_deteksi/train/normal/10512_00566.png,0,normal,train,train,10512,10512.png,"[0, 586, 18, 642]",1.0,kolektor_deteksi,kolektor_permukaan
C:/Arib/MASSA AYAM/chicken detection + constrative classification/data/crops_kolektor_deteksi/train/normal/10521_00572.png,0,normal,train,train,10521,10521.png,"[0, 72, 10, 146]",1.0,kolektor_deteksi,kolektor_permukaan
C:/Arib/MASSA AYAM/chicken detection + constrative classification/data/crops_kolektor_deteksi/train/normal/10521_00573.png,0,normal,train,train,10521,10521.png,"[0, 61, 12, 137]",1.0,kolektor_deteksi,kolektor_permukaan
C:/Arib/MASSA AYAM/chicken detection + constrative classification/data/crops_kolektor_deteksi/train/normal/10521_00574.png,0,normal,train,train,10521,10521.png,"[0, 0, 18, 67]",1.0,kolektor_deteksi,kolektor_permukaan
C:/Arib/MASSA AYAM/chicken detection + constrative classification/data/crops_kolektor_deteksi/train/normal/10521_00575.png,0,normal,train,train,10521,10521.png,"[0, 246, 9, 304]",1.0,kolektor_deteksi,kolektor_permukaan
C:/Arib/MASSA AYAM/chicken detection + constrative classification/data/crops_kolektor_deteksi/train/normal/10521_00576.png,0,normal,train,train,10521,10521.png,"[0, 258, 10, 329]",1.0,kolektor_deteksi,kolektor_permukaan
C:/Arib/MASSA AYAM/chicken detection + constrative classification/data/crops_kolektor_deteksi/train/normal/10521_00577.png,0,normal,train,train,10521,10521.png,"[0, 0, 16, 56]",1.0,kolektor_deteksi,kolektor_permukaan
C:/Arib/MASSA AYAM/chicken detection + constrative classification/data/crops_kolektor_deteksi/train/normal/10522_00578.png,0,normal,train,train,10522,10522.png,"[0, 489, 12, 511]",1.0,kolektor_deteksi,kolektor_permukaan
C:/Arib/MASSA AYAM/chicken detection + constrative classification/data/crops_kolektor_deteksi/train/normal/10524_00579.png,0,normal,train,train,10524,10524.png,"[99, 124, 113, 135]",1.0,kolektor_deteksi,kolektor_permukaan
C:/Arib/MASSA AYAM/chicken detection + constrative classification/data/crops_kolektor_deteksi/train/normal/10524_00580.png,0,normal,train,train,10524,10524.png,"[96, 123, 113, 137]",1.0,kolektor_deteksi,kolektor_permukaan
C:/Arib/MASSA AYAM/chicken detection + constrative classification/data/crops_kolektor_deteksi/train/normal/10524_00581.png,0,normal,train,train,10524,10524.png,"[0, 500, 13, 568]",1.0,kolektor_deteksi,kolektor_permukaan
C:/Arib/MASSA AYAM/chicken detection + constrative classification/data/crops_kolektor_deteksi/train/normal/10524_00582.png,0,normal,train,train,10524,10524.png,"[0, 504, 15, 581]",1.0,kolektor_deteksi,kolektor_permukaan
C:/Arib/MASSA AYAM/chicken detection + constrative classification/data/crops_kolektor_deteksi/train/normal/10524_00583.png,0,normal,train,train,10524,10524.png,"[0, 219, 11, 290]",1.0,kolektor_deteksi,kolektor_permukaan
C:/Arib/MASSA AYAM/chicken detection + constrative classification/data/crops_kolektor_deteksi/train/normal/10525_00584.png,0,normal,train,train,10525,10525.png,"[0, 572, 9, 629]",1.0,kolektor_deteksi,kolektor_permukaan
C:/Arib/MASSA AYAM/chicken detection + constrative classification/data/crops_kolektor_deteksi/train/normal/10525_00585.png,0,normal,train,train,10525,10525.png,"[0, 7, 11, 75]",1.0,kolektor_deteksi,kolektor_permukaan
C:/Arib/MASSA AYAM/chicken detection + constrative classification/data/crops_kolektor_deteksi/train/normal/10525_00586.png,0,normal,train,train,10525,10525.png,"[0, 521, 10, 593]",1.0,kolektor_deteksi,kolektor_permukaan
C:/Arib/MASSA AYAM/chicken detection + constrative classification/data/crops_kolektor_deteksi/train/normal/10525_00587.png,0,normal,train,train,10525,10525.png,"[0, 532, 12, 605]",1.0,kolektor_deteksi,kolektor_permukaan
C:/Arib/MASSA AYAM/chicken detection + constrative classification/data/crops_kolektor_deteksi/train/normal/10525_00588.png,0,normal,train,train,10525,10525.png,"[0, 589, 9, 629]",1.0,kolektor_deteksi,kolektor_permukaan
C:/Arib/MASSA AYAM/chicken detection + constrative classification/data/crops_kolektor_deteksi/train/normal/10525_00589.png,0,normal,train,train,10525,10525.png,"[0, 557, 12, 629]",1.0,kolektor_deteksi,kolektor_permukaan
C:/Arib/MASSA AYAM/chicken detection + constrative classification/data/crops_kolektor_deteksi/train/normal/10525_00590.png,0,normal,train,train,10525,10525.png,"[0, 511, 10, 573]",1.0,kolektor_deteksi,kolektor_permukaan
C:/Arib/MASSA AYAM/chicken detection + constrative classification/data/crops_kolektor_deteksi/train/normal/10525_00591.png,0,normal,train,train,10525,10525.png,"[0, 0, 11, 50]",1.0,kolektor_deteksi,kolektor_permukaan
C:/Arib/MASSA AYAM/chicken detection + constrative classification/data/crops_kolektor_deteksi/train/normal/10525_00592.png,0,normal,train,train,10525,10525.png,"[0, 481, 11, 558]",1.0,kolektor_deteksi,kolektor_permukaan
C:/Arib/MASSA AYAM/chicken detection + constrative classification/data/crops_kolektor_deteksi/train/normal/10525_00593.png,0,normal,train,train,10525,10525.png,"[0, 563, 10, 629]",1.0,kolektor_deteksi,kolektor_permukaan
C:/Arib/MASSA AYAM/chicken detection + constrative classification/data/crops_kolektor_deteksi/train/normal/10525_00594.png,0,normal,train,train,10525,10525.png,"[0, 12, 12, 95]",1.0,kolektor_deteksi,kolektor_permukaan
C:/Arib/MASSA AYAM/chicken detection + constrative classification/data/crops_kolektor_deteksi/train/normal/10525_00595.png,0,normal,train,train,10525,10525.png,"[0, 500, 12, 611]",1.0,kolektor_deteksi,kolektor_permukaan
C:/Arib/MASSA AYAM/chicken detection + constrative classification/data/crops_kolektor_deteksi/train/normal/10525_00596.png,0,normal,train,train,10525,10525.png,"[0, 472, 11, 543]",1.0,kolektor_deteksi,kolektor_permukaan
C:/Arib/MASSA AYAM/chicken detection + constrative classification/data/crops_kolektor_deteksi/train/normal/10525_00597.png,0,normal,train,train,10525,10525.png,"[0, 0, 12, 88]",1.0,kolektor_deteksi,kolektor_permukaan
C:/Arib/MASSA AYAM/chicken detection + constrative classification/data/crops_kolektor_deteksi/train/normal/10525_00598.png,0,normal,train,train,10525,10525.png,"[0, 547, 13, 629]",1.0,kolektor_deteksi,kolektor_permukaan
C:/Arib/MASSA AYAM/chicken detection + constrative classification/data/crops_kolektor_deteksi/train/normal/10530_00599.png,0,normal,train,train,10530,10530.png,"[193, 611, 217, 621]",1.0,kolektor_deteksi,kolektor_permukaan
C:/Arib/MASSA AYAM/chicken detection + constrative classification/data/crops_kolektor_deteksi/train/normal/10539_00601.png,0,normal,train,train,10539,10539.png,"[0, 526, 11, 599]",1.0,kolektor_deteksi,kolektor_permukaan
C:/Arib/MASSA AYAM/chicken detection + constrative classification/data/crops_kolektor_deteksi/train/normal/10543_00602.png,0,normal,train,train,10543,10543.png,"[0, 620, 30, 635]",1.0,kolektor_deteksi,kolektor_permukaan
C:/Arib/MASSA AYAM/chicken detection + constrative classification/data/crops_kolektor_deteksi/train/normal/10543_00603.png,0,normal,train,train,10543,10543.png,"[0, 619, 42, 636]",1.0,kolektor_deteksi,kolektor_permukaan
C:/Arib/MASSA AYAM/chicken detection + constrative classification/data/crops_kolektor_deteksi/train/normal/10543_00604.png,0,normal,train,train,10543,10543.png,"[0, 618, 27, 632]",1.0,kolektor_deteksi,kolektor_permukaan
C:/Arib/MASSA AYAM/chicken detection + constrative classification/data/crops_kolektor_deteksi/train/normal/10543_00605.png,0,normal,train,train,10543,10543.png,"[0, 620, 52, 637]",1.0,kolektor_deteksi,kolektor_permukaan
C:/Arib/MASSA AYAM/chicken detection + constrative classification/data/crops_kolektor_deteksi/train/normal/10543_00606.png,0,normal,train,train,10543,10543.png,"[0, 614, 22, 636]",1.0,kolektor_deteksi,kolektor_permukaan
C:/Arib/MASSA AYAM/chicken detection + constrative classification/data/crops_kolektor_deteksi/train/normal/10544_00607.png,0,normal,train,train,10544,10544.png,"[103, 13, 116, 21]",1.0,kolektor_deteksi,kolektor_permukaan
C:/Arib/MASSA AYAM/chicken detection + constrative classification/data/crops_kolektor_deteksi/train/normal/10544_00608.png,0,normal,train,train,10544,10544.png,"[101, 12, 117, 24]",1.0,kolektor_deteksi,kolektor_permukaan
C:/Arib/MASSA AYAM/chicken detection + constrative classification/data/crops_kolektor_deteksi/train/normal/10546_00609.png,0,normal,train,train,10546,10546.png,"[0, 278, 11, 326]",1.0,kolektor_deteksi,kolektor_permukaan
C:/Arib/MASSA AYAM/chicken detection + constrative classification/data/crops_kolektor_deteksi/train/normal/10546_00610.png,0,normal,train,train,10546,10546.png,"[0, 287, 12, 354]",1.0,kolektor_deteksi,kolektor_permukaan
C:/Arib/MASSA AYAM/chicken detection + constrative classification/data/crops_kolektor_deteksi/train/normal/10549_00613.png,0,normal,train,train,10549,10549.png,"[0, 370, 16, 401]",1.0,kolektor_deteksi,kolektor_permukaan
C:/Arib/MASSA AYAM/chicken detection + constrative classification/data/crops_kolektor_deteksi/train/normal/10549_00614.png,0,normal,train,train,10549,10549.png,"[0, 377, 17, 433]",1.0,kolektor_deteksi,kolektor_permukaan
C:/Arib/MASSA AYAM/chicken detection + constrative classification/data/crops_kolektor_deteksi/train/normal/10550_00615.png,0,normal,train,train,10550,10550.png,"[0, 125, 15, 201]",1.0,kolektor_deteksi,kolektor_permukaan
C:/Arib/MASSA AYAM/chicken detection + constrative classification/data/crops_kolektor_deteksi/train/normal/10550_00616.png,0,normal,train,train,10550,10550.png,"[0, 117, 12, 188]",1.0,kolektor_deteksi,kolektor_permukaan
C:/Arib/MASSA AYAM/chicken detection + constrative classification/data/crops_kolektor_deteksi/train/normal/10550_00617.png,0,normal,train,train,10550,10550.png,"[0, 562, 13, 635]",1.0,kolektor_deteksi,kolektor_permukaan
C:/Arib/MASSA AYAM/chicken detection + constrative classification/data/crops_kolektor_deteksi/train/normal/10550_00618.png,0,normal,train,train,10550,10550.png,"[0, 508, 12, 568]",1.0,kolektor_deteksi,kolektor_permukaan
C:/Arib/MASSA AYAM/chicken detection + constrative classification/data/crops_kolektor_deteksi/train/normal/10550_00619.png,0,normal,train,train,10550,10550.png,"[0, 519, 13, 592]",1.0,kolektor_deteksi,kolektor_permukaan
C:/Arib/MASSA AYAM/chicken detection + constrative classification/data/crops_kolektor_deteksi/train/normal/10550_00620.png,0,normal,train,train,10550,10550.png,"[0, 111, 11, 173]",1.0,kolektor_deteksi,kolektor_permukaan
C:/Arib/MASSA AYAM/chicken detection + constrative classification/data/crops_kolektor_deteksi/train/normal/10550_00621.png,0,normal,train,train,10550,10550.png,"[0, 131, 19, 209]",1.0,kolektor_deteksi,kolektor_permukaan
C:/Arib/MASSA AYAM/chicken detection + constrative classification/data/crops_kolektor_deteksi/train/normal/10550_00622.png,0,normal,train,train,10550,10550.png,"[0, 498, 13, 559]",1.0,kolektor_deteksi,kolektor_permukaan
C:/Arib/MASSA AYAM/chicken detection + constrative classification/data/crops_kolektor_deteksi/train/normal/10550_00623.png,0,normal,train,train,10550,10550.png,"[0, 544, 14, 615]",1.0,kolektor_deteksi,kolektor_permukaan
C:/Arib/MASSA AYAM/chicken detection + constrative classification/data/crops_kolektor_deteksi/train/normal/10550_00624.png,0,normal,train,train,10550,10550.png,"[0, 521, 16, 603]",1.0,kolektor_deteksi,kolektor_permukaan
C:/Arib/MASSA AYAM/chicken detection + constrative classification/data/crops_kolektor_deteksi/train/normal/10550_00625.png,0,normal,train,train,10550,10550.png,"[0, 91, 14, 216]",1.0,kolektor_deteksi,kolektor_permukaan
C:/Arib/MASSA AYAM/chicken detection + constrative classification/data/crops_kolektor_deteksi/train/normal/10550_00626.png,0,normal,train,train,10550,10550.png,"[0, 184, 15, 260]",1.0,kolektor_deteksi,kolektor_permukaan
C:/Arib/MASSA AYAM/chicken detection + constrative classification/data/crops_kolektor_deteksi/train/normal/10559_00630.png,0,normal,train,train,10559,10559.png,"[0, 285, 13, 347]",1.0,kolektor_deteksi,kolektor_permukaan
C:/Arib/MASSA AYAM/chicken detection + constrative classification/data/crops_kolektor_deteksi/train/normal/10559_00631.png,0,normal,train,train,10559,10559.png,"[0, 297, 14, 374]",1.0,kolektor_deteksi,kolektor_permukaan
C:/Arib/MASSA AYAM/chicken detection + constrative classification/data/crops_kolektor_deteksi/train/normal/10562_00632.png,0,normal,train,train,10562,10562.png,"[0, 525, 16, 586]",1.0,kolektor_deteksi,kolektor_permukaan
C:/Arib/MASSA AYAM/chicken detection + constrative classification/data/crops_kolektor_deteksi/train/normal/10562_00633.png,0,normal,train,train,10562,10562.png,"[0, 539, 17, 610]",1.0,kolektor_deteksi,kolektor_permukaan
C:/Arib/MASSA AYAM/chicken detection + constrative classification/data/crops_kolektor_deteksi/train/normal/10567_00634.png,0,normal,train,train,10567,10567.png,"[0, 553, 9, 631]",1.0,kolektor_deteksi,kolektor_permukaan
C:/Arib/MASSA AYAM/chicken detection + constrative classification/data/crops_kolektor_deteksi/train/normal/10567_00635.png,0,normal,train,train,10567,10567.png,"[0, 544, 10, 608]",1.0,kolektor_deteksi,kolektor_permukaan
C:/Arib/MASSA AYAM/chicken detection + constrative classification/data/crops_kolektor_deteksi/train/normal/10570_00636.png,0,normal,train,train,10570,10570.png,"[0, 0, 18, 46]",1.0,kolektor_deteksi,kolektor_permukaan
C:/Arib/MASSA AYAM/chicken detection + constrative classification/data/crops_kolektor_deteksi/train/normal/10589_00639.png,0,normal,train,train,10589,10589.png,"[0, 0, 12, 53]",1.0,kolektor_deteksi,kolektor_permukaan
C:/Arib/MASSA AYAM/chicken detection + constrative classification/data/crops_kolektor_deteksi/train/normal/10589_00640.png,0,normal,train,train,10589,10589.png,"[0, 13, 12, 80]",1.0,kolektor_deteksi,kolektor_permukaan
C:/Arib/MASSA AYAM/chicken detection + constrative classification/data/crops_kolektor_deteksi/train/normal/10589_00641.png,0,normal,train,train,10589,10589.png,"[0, 0, 15, 57]",1.0,kolektor_deteksi,kolektor_permukaan
C:/Arib/MASSA AYAM/chicken detection + constrative classification/data/crops_kolektor_deteksi/train/normal/10589_00642.png,0,normal,train,train,10589,10589.png,"[0, 0, 15, 100]",1.0,kolektor_deteksi,kolektor_permukaan
C:/Arib/MASSA AYAM/chicken detection + constrative classification/data/crops_kolektor_deteksi/train/normal/10590_00643.png,0,normal,train,train,10590,10590.png,"[0, 524, 12, 597]",1.0,kolektor_deteksi,kolektor_permukaan
C:/Arib/MASSA AYAM/chicken detection + constrative classification/data/crops_kolektor_deteksi/train/normal/10590_00644.png,0,normal,train,train,10590,10590.png,"[0, 43, 11, 114]",1.0,kolektor_deteksi,kolektor_permukaan
C:/Arib/MASSA AYAM/chicken detection + constrative classification/data/crops_kolektor_deteksi/train/normal/10590_00645.png,0,normal,train,train,10590,10590.png,"[0, 513, 11, 583]",1.0,kolektor_deteksi,kolektor_permukaan
C:/Arib/MASSA AYAM/chicken detection + constrative classification/data/crops_kolektor_deteksi/train/normal/10590_00646.png,0,normal,train,train,10590,10590.png,"[0, 28, 10, 84]",1.0,kolektor_deteksi,kolektor_permukaan
C:/Arib/MASSA AYAM/chicken detection + constrative classification/data/crops_kolektor_deteksi/train/normal/10601_00647.png,0,normal,train,train,10601,10601.png,"[0, 606, 27, 635]",1.0,kolektor_deteksi,kolektor_permukaan
C:/Arib/MASSA AYAM/chicken detection + constrative classification/data/crops_kolektor_deteksi/train/normal/10601_00648.png,0,normal,train,train,10601,10601.png,"[0, 606, 24, 635]",1.0,kolektor_deteksi,kolektor_permukaan
C:/Arib/MASSA AYAM/chicken detection + constrative classification/data/crops_kolektor_deteksi/train/normal/10601_00649.png,0,normal,train,train,10601,10601.png,"[0, 592, 23, 637]",1.0,kolektor_deteksi,kolektor_permukaan
C:/Arib/MASSA AYAM/chicken detection + constrative classification/data/crops_kolektor_deteksi/train/normal/10606_00652.png,0,normal,train,train,10606,10606.png,"[0, 144, 11, 175]",1.0,kolektor_deteksi,kolektor_permukaan
C:/Arib/MASSA AYAM/chicken detection + constrative classification/data/crops_kolektor_deteksi/train/normal/10615_00653.png,0,normal,train,train,10615,10615.png,"[0, 372, 13, 442]",1.0,kolektor_deteksi,kolektor_permukaan
C:/Arib/MASSA AYAM/chicken detection + constrative classification/data/crops_kolektor_deteksi/train/normal/10615_00654.png,0,normal,train,train,10615,10615.png,"[0, 367, 10, 427]",1.0,kolektor_deteksi,kolektor_permukaan
C:/Arib/MASSA AYAM/chicken detection + constrative classification/data/crops_kolektor_deteksi/train/normal/10617_00655.png,0,normal,train,train,10617,10617.png,"[0, 25, 13, 82]",1.0,kolektor_deteksi,kolektor_permukaan
C:/Arib/MASSA AYAM/chicken detection + constrative classification/data/crops_kolektor_deteksi/train/normal/10619_00658.png,0,normal,train,train,10619,10619.png,"[0, 324, 10, 400]",1.0,kolektor_deteksi,kolektor_permukaan
C:/Arib/MASSA AYAM/chicken detection + constrative classification/data/crops_kolektor_deteksi/train/normal/10619_00659.png,0,normal,train,train,10619,10619.png,"[0, 333, 12, 410]",1.0,kolektor_deteksi,kolektor_permukaan
C:/Arib/MASSA AYAM/chicken detection + constrative classification/data/crops_kolektor_deteksi/train/normal/10626_00660.png,0,normal,train,train,10626,10626.png,"[0, 368, 12, 441]",1.0,kolektor_deteksi,kolektor_permukaan
C:/Arib/MASSA AYAM/chicken detection + constrative classification/data/crops_kolektor_deteksi/train/normal/10626_00661.png,0,normal,train,train,10626,10626.png,"[0, 451, 10, 523]",1.0,kolektor_deteksi,kolektor_permukaan
C:/Arib/MASSA AYAM/chicken detection + constrative classification/data/crops_kolektor_deteksi/train/normal/10626_00662.png,0,normal,train,train,10626,10626.png,"[0, 380, 13, 457]",1.0,kolektor_deteksi,kolektor_permukaan
C:/Arib/MASSA AYAM/chicken detection + constrative classification/data/crops_kolektor_deteksi/train/normal/10626_00663.png,0,normal,train,train,10626,10626.png,"[0, 354, 14, 428]",1.0,kolektor_deteksi,kolektor_permukaan
C:/Arib/MASSA AYAM/chicken detection + constrative classification/data/crops_kolektor_deteksi/train/normal/10626_00664.png,0,normal,train,train,10626,10626.png,"[0, 393, 12, 471]",1.0,kolektor_deteksi,kolektor_permukaan
C:/Arib/MASSA AYAM/chicken detection + constrative classification/data/crops_kolektor_deteksi/train/normal/10626_00665.png,0,normal,train,train,10626,10626.png,"[0, 405, 11, 484]",1.0,kolektor_deteksi,kolektor_permukaan
C:/Arib/MASSA AYAM/chicken detection + constrative classification/data/crops_kolektor_deteksi/train/normal/10626_00666.png,0,normal,train,train,10626,10626.png,"[0, 438, 12, 516]",1.0,kolektor_deteksi,kolektor_permukaan
C:/Arib/MASSA AYAM/chicken detection + constrative classification/data/crops_kolektor_deteksi/train/normal/10626_00667.png,0,normal,train,train,10626,10626.png,"[0, 465, 12, 547]",1.0,kolektor_deteksi,kolektor_permukaan
C:/Arib/MASSA AYAM/chicken detection + constrative classification/data/crops_kolektor_deteksi/train/normal/10626_00668.png,0,normal,train,train,10626,10626.png,"[0, 418, 12, 500]",1.0,kolektor_deteksi,kolektor_permukaan
C:/Arib/MASSA AYAM/chicken detection + constrative classification/data/crops_kolektor_deteksi/train/normal/10626_00669.png,0,normal,train,train,10626,10626.png,"[0, 434, 12, 539]",1.0,kolektor_deteksi,kolektor_permukaan
C:/Arib/MASSA AYAM/chicken detection + constrative classification/data/crops_kolektor_deteksi/train/normal/10626_00670.png,0,normal,train,train,10626,10626.png,"[0, 348, 14, 468]",1.0,kolektor_deteksi,kolektor_permukaan
C:/Arib/MASSA AYAM/chicken detection + constrative classification/data/crops_kolektor_deteksi/train/normal/10634_00674.png,0,normal,train,train,10634,10634.png,"[0, 556, 11, 632]",1.0,kolektor_deteksi,kolektor_permukaan
C:/Arib/MASSA AYAM/chicken detection + constrative classification/data/crops_kolektor_deteksi/train/normal/10634_00675.png,0,normal,train,train,10634,10634.png,"[0, 540, 10, 617]",1.0,kolektor_deteksi,kolektor_permukaan
C:/Arib/MASSA AYAM/chicken detection + constrative classification/data/crops_kolektor_deteksi/train/normal/10634_00676.png,0,normal,train,train,10634,10634.png,"[0, 573, 9, 632]",1.0,kolektor_deteksi,kolektor_permukaan
C:/Arib/MASSA AYAM/chicken detection + constrative classification/data/crops_kolektor_deteksi/train/normal/10634_00677.png,0,normal,train,train,10634,10634.png,"[0, 533, 11, 632]",1.0,kolektor_deteksi,kolektor_permukaan
C:/Arib/MASSA AYAM/chicken detection + constrative classification/data/crops_kolektor_deteksi/train/normal/10634_00678.png,0,normal,train,train,10634,10634.png,"[0, 521, 10, 599]",1.0,kolektor_deteksi,kolektor_permukaan
C:/Arib/MASSA AYAM/chicken detection + constrative classification/data/crops_kolektor_deteksi/train/normal/10634_00679.png,0,normal,train,train,10634,10634.png,"[0, 590, 9, 632]",1.0,kolektor_deteksi,kolektor_permukaan
C:/Arib/MASSA AYAM/chicken detection + constrative classification/data/crops_kolektor_deteksi/train/normal/10634_00680.png,0,normal,train,train,10634,10634.png,"[0, 516, 13, 632]",1.0,kolektor_deteksi,kolektor_permukaan
C:/Arib/MASSA AYAM/chicken detection + constrative classification/data/crops_kolektor_deteksi/train/normal/10634_00681.png,0,normal,train,train,10634,10634.png,"[0, 557, 10, 632]",1.0,kolektor_deteksi,kolektor_permukaan
C:/Arib/MASSA AYAM/chicken detection + constrative classification/data/crops_kolektor_deteksi/train/normal/10639_00685.png,0,normal,train,train,10639,10639.png,"[0, 591, 18, 620]",1.0,kolektor_deteksi,kolektor_permukaan
C:/Arib/MASSA AYAM/chicken detection + constrative classification/data/crops_kolektor_deteksi/train/normal/10646_00688.png,0,normal,train,train,10646,10646.png,"[0, 212, 12, 283]",1.0,kolektor_deteksi,kolektor_permukaan
C:/Arib/MASSA AYAM/chicken detection + constrative classification/data/crops_kolektor_deteksi/train/normal/10646_00689.png,0,normal,train,train,10646,10646.png,"[0, 222, 13, 295]",1.0,kolektor_deteksi,kolektor_permukaan
C:/Arib/MASSA AYAM/chicken detection + constrative classification/data/crops_kolektor_deteksi/train/normal/10646_00690.png,0,normal,train,train,10646,10646.png,"[0, 234, 9, 304]",1.0,kolektor_deteksi,kolektor_permukaan
C:/Arib/MASSA AYAM/chicken detection + constrative classification/data/crops_kolektor_deteksi/train/normal/10646_00691.png,0,normal,train,train,10646,10646.png,"[0, 245, 9, 319]",1.0,kolektor_deteksi,kolektor_permukaan
C:/Arib/MASSA AYAM/chicken detection + constrative classification/data/crops_kolektor_deteksi/train/normal/10646_00692.png,0,normal,train,train,10646,10646.png,"[0, 527, 10, 589]",1.0,kolektor_deteksi,kolektor_permukaan
C:/Arib/MASSA AYAM/chicken detection + constrative classification/data/crops_kolektor_deteksi/train/normal/10646_00693.png,0,normal,train,train,10646,10646.png,"[0, 203, 12, 266]",1.0,kolektor_deteksi,kolektor_permukaan
C:/Arib/MASSA AYAM/chicken detection + constrative classification/data/crops_kolektor_deteksi/train/normal/10646_00694.png,0,normal,train,train,10646,10646.png,"[0, 195, 15, 268]",1.0,kolektor_deteksi,kolektor_permukaan
C:/Arib/MASSA AYAM/chicken detection + constrative classification/data/crops_kolektor_deteksi/train/normal/10646_00695.png,0,normal,train,train,10646,10646.png,"[0, 192, 15, 305]",1.0,kolektor_deteksi,kolektor_permukaan
C:/Arib/MASSA AYAM/chicken detection + constrative classification/data/crops_kolektor_deteksi/train/normal/10646_00696.png,0,normal,train,train,10646,10646.png,"[0, 254, 14, 337]",1.0,kolektor_deteksi,kolektor_permukaan
C:/Arib/MASSA AYAM/chicken detection + constrative classification/data/crops_kolektor_deteksi/train/normal/10646_00697.png,0,normal,train,train,10646,10646.png,"[0, 212, 10, 345]",1.0,kolektor_deteksi,kolektor_permukaan
C:/Arib/MASSA AYAM/chicken detection + constrative classification/data/crops_kolektor_deteksi/train/normal/10653_00704.png,0,normal,train,train,10653,10653.png,"[194, 13, 216, 36]",1.0,kolektor_deteksi,kolektor_permukaan
C:/Arib/MASSA AYAM/chicken detection + constrative classification/data/crops_kolektor_deteksi/train/normal/10657_00705.png,0,normal,train,train,10657,10657.png,"[0, 555, 10, 626]",1.0,kolektor_deteksi,kolektor_permukaan
C:/Arib/MASSA AYAM/chicken detection + constrative classification/data/crops_kolektor_deteksi/train/normal/10657_00706.png,0,normal,train,train,10657,10657.png,"[0, 563, 13, 634]",1.0,kolektor_deteksi,kolektor_permukaan
C:/Arib/MASSA AYAM/chicken detection + constrative classification/data/crops_kolektor_deteksi/train/normal/10657_00707.png,0,normal,train,train,10657,10657.png,"[0, 595, 36, 634]",1.0,kolektor_deteksi,kolektor_permukaan
C:/Arib/MASSA AYAM/chicken detection + constrative classification/data/crops_kolektor_deteksi/train/normal/10657_00708.png,0,normal,train,train,10657,10657.png,"[0, 585, 23, 634]",1.0,kolektor_deteksi,kolektor_permukaan
C:/Arib/MASSA AYAM/chicken detection + constrative classification/data/crops_kolektor_deteksi/train/normal/10657_00709.png,0,normal,train,train,10657,10657.png,"[0, 544, 10, 599]",1.0,kolektor_deteksi,kolektor_permukaan
C:/Arib/MASSA AYAM/chicken detection + constrative classification/data/crops_kolektor_deteksi/train/normal/10657_00710.png,0,normal,train,train,10657,10657.png,"[0, 1, 14, 50]",1.0,kolektor_deteksi,kolektor_permukaan
C:/Arib/MASSA AYAM/chicken detection + constrative classification/data/crops_kolektor_deteksi/train/normal/10657_00711.png,0,normal,train,train,10657,10657.png,"[0, 575, 25, 634]",1.0,kolektor_deteksi,kolektor_permukaan
C:/Arib/MASSA AYAM/chicken detection + constrative classification/data/crops_kolektor_deteksi/train/normal/10657_00712.png,0,normal,train,train,10657,10657.png,"[0, 0, 18, 67]",1.0,kolektor_deteksi,kolektor_permukaan
C:/Arib/MASSA AYAM/chicken detection + constrative classification/data/crops_kolektor_deteksi/train/normal/10666_00722.png,0,normal,train,train,10666,10666.png,"[167, 524, 188, 536]",1.0,kolektor_deteksi,kolektor_permukaan
C:/Arib/MASSA AYAM/chicken detection + constrative classification/data/crops_kolektor_deteksi/train/normal/10666_00723.png,0,normal,train,train,10666,10666.png,"[165, 525, 186, 538]",1.0,kolektor_deteksi,kolektor_permukaan
C:/Arib/MASSA AYAM/chicken detection + constrative classification/data/crops_kolektor_deteksi/train/normal/10666_00724.png,0,normal,train,train,10666,10666.png,"[165, 517, 190, 538]",1.0,kolektor_deteksi,kolektor_permukaan
C:/Arib/MASSA AYAM/chicken detection + constrative classification/data/crops_kolektor_deteksi/train/normal/10666_00725.png,0,normal,train,train,10666,10666.png,"[166, 521, 188, 539]",1.0,kolektor_deteksi,kolektor_permukaan
C:/Arib/MASSA AYAM/chicken detection + constrative classification/data/crops_kolektor_deteksi/train/normal/10670_00726.png,0,normal,train,train,10670,10670.png,"[0, 59, 13, 138]",1.0,kolektor_deteksi,kolektor_permukaan
C:/Arib/MASSA AYAM/chicken detection + constrative classification/data/crops_kolektor_deteksi/train/normal/10670_00727.png,0,normal,train,train,10670,10670.png,"[0, 76, 14, 157]",1.0,kolektor_deteksi,kolektor_permukaan
C:/Arib/MASSA AYAM/chicken detection + constrative classification/data/crops_kolektor_deteksi/train/normal/10670_00728.png,0,normal,train,train,10670,10670.png,"[0, 146, 12, 224]",1.0,kolektor_deteksi,kolektor_permukaan
C:/Arib/MASSA AYAM/chicken detection + constrative classification/data/crops_kolektor_deteksi/train/normal/10670_00729.png,0,normal,train,train,10670,10670.png,"[0, 137, 11, 202]",1.0,kolektor_deteksi,kolektor_permukaan
C:/Arib/MASSA AYAM/chicken detection + constrative classification/data/crops_kolektor_deteksi/train/normal/10683_00736.png,0,normal,train,train,10683,10683.png,"[0, 541, 12, 615]",1.0,kolektor_deteksi,kolektor_permukaan
C:/Arib/MASSA AYAM/chicken detection + constrative classification/data/crops_kolektor_deteksi/train/normal/10690_00741.png,0,normal,train,train,10690,10690.png,"[0, 0, 14, 69]",1.0,kolektor_deteksi,kolektor_permukaan
C:/Arib/MASSA AYAM/chicken detection + constrative classification/data/crops_kolektor_deteksi/train/normal/10690_00742.png,0,normal,train,train,10690,10690.png,"[0, 7, 13, 87]",1.0,kolektor_deteksi,kolektor_permukaan
C:/Arib/MASSA AYAM/chicken detection + constrative classification/data/crops_kolektor_deteksi/train/normal/10690_00743.png,0,normal,train,train,10690,10690.png,"[0, 14, 15, 99]",1.0,kolektor_deteksi,kolektor_permukaan
C:/Arib/MASSA AYAM/chicken detection + constrative classification/data/crops_kolektor_deteksi/train/normal/10690_00744.png,0,normal,train,train,10690,10690.png,"[0, 0, 18, 93]",1.0,kolektor_deteksi,kolektor_permukaan
C:/Arib/MASSA AYAM/chicken detection + constrative classification/data/crops_kolektor_deteksi/train/normal/10690_00745.png,0,normal,train,train,10690,10690.png,"[0, 1, 13, 39]",1.0,kolektor_deteksi,kolektor_permukaan
C:/Arib/MASSA AYAM/chicken detection + constrative classification/data/crops_kolektor_deteksi/train/normal/10694_00746.png,0,normal,train,train,10694,10694.png,"[0, 464, 13, 545]",1.0,kolektor_deteksi,kolektor_permukaan
C:/Arib/MASSA AYAM/chicken detection + constrative classification/data/crops_kolektor_deteksi/train/normal/10694_00747.png,0,normal,train,train,10694,10694.png,"[0, 453, 13, 531]",1.0,kolektor_deteksi,kolektor_permukaan
C:/Arib/MASSA AYAM/chicken detection + constrative classification/data/crops_kolektor_deteksi/train/normal/10694_00748.png,0,normal,train,train,10694,10694.png,"[0, 474, 15, 554]",1.0,kolektor_deteksi,kolektor_permukaan
C:/Arib/MASSA AYAM/chicken detection + constrative classification/data/crops_kolektor_deteksi/train/normal/10694_00749.png,0,normal,train,train,10694,10694.png,"[0, 516, 10, 593]",1.0,kolektor_deteksi,kolektor_permukaan
C:/Arib/MASSA AYAM/chicken detection + constrative classification/data/crops_kolektor_deteksi/train/normal/10694_00750.png,0,normal,train,train,10694,10694.png,"[0, 490, 13, 571]",1.0,kolektor_deteksi,kolektor_permukaan
C:/Arib/MASSA AYAM/chicken detection + constrative classification/data/crops_kolektor_deteksi/train/normal/10694_00751.png,0,normal,train,train,10694,10694.png,"[0, 437, 12, 519]",1.0,kolektor_deteksi,kolektor_permukaan
C:/Arib/MASSA AYAM/chicken detection + constrative classification/data/crops_kolektor_deteksi/train/normal/10694_00752.png,0,normal,train,train,10694,10694.png,"[0, 505, 13, 586]",1.0,kolektor_deteksi,kolektor_permukaan
C:/Arib/MASSA AYAM/chicken detection + constrative classification/data/crops_kolektor_deteksi/train/normal/10694_00753.png,0,normal,train,train,10694,10694.png,"[0, 527, 11, 607]",1.0,kolektor_deteksi,kolektor_permukaan
C:/Arib/MASSA AYAM/chicken detection + constrative classification/data/crops_kolektor_deteksi/train/normal/10694_00754.png,0,normal,train,train,10694,10694.png,"[0, 411, 11, 494]",1.0,kolektor_deteksi,kolektor_permukaan
C:/Arib/MASSA AYAM/chicken detection + constrative classification/data/crops_kolektor_deteksi/train/normal/10694_00755.png,0,normal,train,train,10694,10694.png,"[0, 397, 10, 479]",1.0,kolektor_deteksi,kolektor_permukaan
C:/Arib/MASSA AYAM/chicken detection + constrative classification/data/crops_kolektor_deteksi/train/normal/10694_00756.png,0,normal,train,train,10694,10694.png,"[0, 441, 16, 563]",1.0,kolektor_deteksi,kolektor_permukaan
C:/Arib/MASSA AYAM/chicken detection + constrative classification/data/crops_kolektor_deteksi/train/normal/10706_00761.png,0,normal,train,train,10706,10706.png,"[148, 97, 163, 117]",1.0,kolektor_deteksi,kolektor_permukaan
C:/Arib/MASSA AYAM/chicken detection + constrative classification/data/crops_kolektor_deteksi/train/normal/10706_00762.png,0,normal,train,train,10706,10706.png,"[149, 101, 161, 116]",1.0,kolektor_deteksi,kolektor_permukaan
C:/Arib/MASSA AYAM/chicken detection + constrative classification/data/crops_kolektor_deteksi/train/normal/10708_00764.png,0,normal,train,train,10708,10708.png,"[0, 519, 13, 586]",1.0,kolektor_deteksi,kolektor_permukaan
C:/Arib/MASSA AYAM/chicken detection + constrative classification/data/crops_kolektor_deteksi/train/normal/10719_00777.png,0,normal,train,train,10719,10719.png,"[0, 146, 14, 194]",1.0,kolektor_deteksi,kolektor_permukaan
C:/Arib/MASSA AYAM/chicken detection + constrative classification/data/crops_kolektor_deteksi/train/normal/10719_00778.png,0,normal,train,train,10719,10719.png,"[0, 493, 13, 565]",1.0,kolektor_deteksi,kolektor_permukaan
C:/Arib/MASSA AYAM/chicken detection + constrative classification/data/crops_kolektor_deteksi/train/normal/10719_00779.png,0,normal,train,train,10719,10719.png,"[50, 586, 63, 599]",1.0,kolektor_deteksi,kolektor_permukaan
C:/Arib/MASSA AYAM/chicken detection + constrative classification/data/crops_kolektor_deteksi/train/normal/10735_00780.png,0,normal,train,train,10735,10735.png,"[38, 190, 67, 201]",1.0,kolektor_deteksi,kolektor_permukaan
C:/Arib/MASSA AYAM/chicken detection + constrative classification/data/crops_kolektor_deteksi/train/normal/10735_00781.png,0,normal,train,train,10735,10735.png,"[35, 187, 68, 202]",1.0,kolektor_deteksi,kolektor_permukaan
C:/Arib/MASSA AYAM/chicken detection + constrative classification/data/crops_kolektor_deteksi/train/normal/10738_00787.png,0,normal,train,train,10738,10738.png,"[0, 98, 12, 127]",1.0,kolektor_deteksi,kolektor_permukaan
C:/Arib/MASSA AYAM/chicken detection + constrative classification/data/crops_kolektor_deteksi/train/normal/10745_00788.png,0,normal,train,train,10745,10745.png,"[0, 363, 39, 379]",1.0,kolektor_deteksi,kolektor_permukaan
C:/Arib/MASSA AYAM/chicken detection + constrative classification/data/crops_kolektor_deteksi/train/normal/10745_00789.png,0,normal,train,train,10745,10745.png,"[19, 365, 37, 377]",1.0,kolektor_deteksi,kolektor_permukaan
C:/Arib/MASSA AYAM/chicken detection + constrative classification/data/crops_kolektor_deteksi/train/normal/10745_00790.png,0,normal,train,train,10745,10745.png,"[0, 312, 13, 384]",1.0,kolektor_deteksi,kolektor_permukaan
C:/Arib/MASSA AYAM/chicken detection + constrative classification/data/crops_kolektor_deteksi/train/normal/10745_00791.png,0,normal,train,train,10745,10745.png,"[0, 322, 23, 400]",1.0,kolektor_deteksi,kolektor_permukaan
C:/Arib/MASSA AYAM/chicken detection + constrative classification/data/crops_kolektor_deteksi/train/normal/10747_00792.png,0,normal,train,train,10747,10747.png,"[0, 547, 14, 621]",1.0,kolektor_deteksi,kolektor_permukaan
C:/Arib/MASSA AYAM/chicken detection + constrative classification/data/crops_kolektor_deteksi/train/normal/10747_00793.png,0,normal,train,train,10747,10747.png,"[0, 539, 12, 607]",1.0,kolektor_deteksi,kolektor_permukaan
C:/Arib/MASSA AYAM/chicken detection + constrative classification/data/crops_kolektor_deteksi/train/normal/10747_00794.png,0,normal,train,train,10747,10747.png,"[0, 552, 17, 621]",1.0,kolektor_deteksi,kolektor_permukaan
C:/Arib/MASSA AYAM/chicken detection + constrative classification/data/crops_kolektor_deteksi/train/normal/10747_00795.png,0,normal,train,train,10747,10747.png,"[0, 577, 18, 619]",1.0,kolektor_deteksi,kolektor_permukaan
C:/Arib/MASSA AYAM/chicken detection + constrative classification/data/crops_kolektor_deteksi/train/normal/10747_00796.png,0,normal,train,train,10747,10747.png,"[0, 564, 17, 621]",1.0,kolektor_deteksi,kolektor_permukaan
C:/Arib/MASSA AYAM/chicken detection + constrative classification/data/crops_kolektor_deteksi/train/normal/10749_00797.png,0,normal,train,train,10749,10749.png,"[0, 184, 19, 232]",1.0,kolektor_deteksi,kolektor_permukaan
C:/Arib/MASSA AYAM/chicken detection + constrative classification/data/crops_kolektor_deteksi/train/normal/10749_00798.png,0,normal,train,train,10749,10749.png,"[2, 185, 18, 204]",1.0,kolektor_deteksi,kolektor_permukaan
C:/Arib/MASSA AYAM/chicken detection + constrative classification/data/crops_kolektor_deteksi/train/normal/10749_00799.png,0,normal,train,train,10749,10749.png,"[0, 178, 18, 212]",1.0,kolektor_deteksi,kolektor_permukaan
C:/Arib/MASSA AYAM/chicken detection + constrative classification/data/crops_kolektor_deteksi/train/normal/10750_00800.png,0,normal,train,train,10750,10750.png,"[0, 20, 14, 68]",1.0,kolektor_deteksi,kolektor_permukaan
C:/Arib/MASSA AYAM/chicken detection + constrative classification/data/crops_kolektor_deteksi/train/normal/10750_00801.png,0,normal,train,train,10750,10750.png,"[0, 34, 13, 97]",1.0,kolektor_deteksi,kolektor_permukaan
C:/Arib/MASSA AYAM/chicken detection + constrative classification/data/crops_kolektor_deteksi/train/normal/10758_00802.png,0,normal,train,train,10758,10758.png,"[0, 448, 15, 511]",1.0,kolektor_deteksi,kolektor_permukaan
C:/Arib/MASSA AYAM/chicken detection + constrative classification/data/crops_kolektor_deteksi/train/normal/10758_00803.png,0,normal,train,train,10758,10758.png,"[0, 432, 14, 480]",1.0,kolektor_deteksi,kolektor_permukaan
C:/Arib/MASSA AYAM/chicken detection + constrative classification/data/crops_kolektor_deteksi/train/normal/10758_00804.png,0,normal,train,train,10758,10758.png,"[0, 373, 11, 437]",1.0,kolektor_deteksi,kolektor_permukaan
C:/Arib/MASSA AYAM/chicken detection + constrative classification/data/crops_kolektor_deteksi/train/normal/10759_00805.png,0,normal,train,train,10759,10759.png,"[0, 126, 11, 145]",1.0,kolektor_deteksi,kolektor_permukaan
C:/Arib/MASSA AYAM/chicken detection + constrative classification/data/crops_kolektor_deteksi/train/normal/10760_00806.png,0,normal,train,train,10760,10760.png,"[0, 613, 15, 641]",1.0,kolektor_deteksi,kolektor_permukaan
C:/Arib/MASSA AYAM/chicken detection + constrative classification/data/crops_kolektor_deteksi/train/normal/10772_00813.png,0,normal,train,train,10772,10772.png,"[0, 612, 19, 637]",1.0,kolektor_deteksi,kolektor_permukaan
C:/Arib/MASSA AYAM/chicken detection + constrative classification/data/crops_kolektor_deteksi/train/normal/10772_00814.png,0,normal,train,train,10772,10772.png,"[0, 592, 15, 639]",1.0,kolektor_deteksi,kolektor_permukaan
C:/Arib/MASSA AYAM/chicken detection + constrative classification/data/crops_kolektor_deteksi/train/normal/10772_00815.png,0,normal,train,train,10772,10772.png,"[0, 621, 20, 638]",1.0,kolektor_deteksi,kolektor_permukaan
C:/Arib/MASSA AYAM/chicken detection + constrative classification/data/crops_kolektor_deteksi/train/normal/10772_00816.png,0,normal,train,train,10772,10772.png,"[0, 581, 16, 640]",1.0,kolektor_deteksi,kolektor_permukaan
C:/Arib/MASSA AYAM/chicken detection + constrative classification/data/crops_kolektor_deteksi/train/normal/10776_00821.png,0,normal,train,train,10776,10776.png,"[0, 3, 15, 65]",1.0,kolektor_deteksi,kolektor_permukaan
C:/Arib/MASSA AYAM/chicken detection + constrative classification/data/crops_kolektor_deteksi/train/normal/10779_00822.png,0,normal,train,train,10779,10779.png,"[0, 605, 11, 641]",1.0,kolektor_deteksi,kolektor_permukaan
C:/Arib/MASSA AYAM/chicken detection + constrative classification/data/crops_kolektor_deteksi/train/normal/10779_00823.png,0,normal,train,train,10779,10779.png,"[0, 463, 14, 547]",1.0,kolektor_deteksi,kolektor_permukaan
C:/Arib/MASSA AYAM/chicken detection + constrative classification/data/crops_kolektor_deteksi/train/normal/10780_00824.png,0,normal,train,train,10780,10780.png,"[17, 596, 69, 621]",1.0,kolektor_deteksi,kolektor_permukaan
C:/Arib/MASSA AYAM/chicken detection + constrative classification/data/crops_kolektor_deteksi/train/normal/10780_00825.png,0,normal,train,train,10780,10780.png,"[0, 595, 71, 621]",1.0,kolektor_deteksi,kolektor_permukaan
C:/Arib/MASSA AYAM/chicken detection + constrative classification/data/crops_kolektor_deteksi/train/normal/10780_00826.png,0,normal,train,train,10780,10780.png,"[25, 597, 64, 618]",1.0,kolektor_deteksi,kolektor_permukaan
C:/Arib/MASSA AYAM/chicken detection + constrative classification/data/crops_kolektor_deteksi/train/normal/10780_00827.png,0,normal,train,train,10780,10780.png,"[20, 592, 85, 622]",1.0,kolektor_deteksi,kolektor_permukaan
C:/Arib/MASSA AYAM/chicken detection + constrative classification/data/crops_kolektor_deteksi/train/normal/10780_00828.png,0,normal,train,train,10780,10780.png,"[12, 598, 62, 618]",1.0,kolektor_deteksi,kolektor_permukaan
C:/Arib/MASSA AYAM/chicken detection + constrative classification/data/crops_kolektor_deteksi/train/normal/10790_00829.png,0,normal,train,train,10790,10790.png,"[0, 80, 11, 160]",1.0,kolektor_deteksi,kolektor_permukaan
C:/Arib/MASSA AYAM/chicken detection + constrative classification/data/crops_kolektor_deteksi/train/normal/10805_00833.png,0,normal,train,train,10805,10805.png,"[0, 441, 16, 490]",1.0,kolektor_deteksi,kolektor_permukaan
C:/Arib/MASSA AYAM/chicken detection + constrative classification/data/crops_kolektor_deteksi/train/normal/10806_00834.png,0,normal,train,train,10806,10806.png,"[0, 1, 10, 56]",1.0,kolektor_deteksi,kolektor_permukaan
C:/Arib/MASSA AYAM/chicken detection + constrative classification/data/crops_kolektor_deteksi/train/normal/10820_00835.png,0,normal,train,train,10820,10820.png,"[63, 292, 85, 304]",1.0,kolektor_deteksi,kolektor_permukaan
C:/Arib/MASSA AYAM/chicken detection + constrative classification/data/crops_kolektor_deteksi/train/normal/10824_00836.png,0,normal,train,train,10824,10824.png,"[0, 371, 16, 428]",1.0,kolektor_deteksi,kolektor_permukaan
C:/Arib/MASSA AYAM/chicken detection + constrative classification/data/crops_kolektor_deteksi/train/normal/10824_00837.png,0,normal,train,train,10824,10824.png,"[0, 357, 16, 406]",1.0,kolektor_deteksi,kolektor_permukaan
C:/Arib/MASSA AYAM/chicken detection + constrative classification/data/crops_kolektor_deteksi/train/normal/10824_00838.png,0,normal,train,train,10824,10824.png,"[0, 372, 17, 446]",1.0,kolektor_deteksi,kolektor_permukaan
C:/Arib/MASSA AYAM/chicken detection + constrative classification/data/crops_kolektor_deteksi/train/normal/10824_00839.png,0,normal,train,train,10824,10824.png,"[0, 347, 19, 409]",1.0,kolektor_deteksi,kolektor_permukaan
C:/Arib/MASSA AYAM/chicken detection + constrative classification/data/crops_kolektor_deteksi/train/normal/10824_00840.png,0,normal,train,train,10824,10824.png,"[0, 212, 15, 287]",1.0,kolektor_deteksi,kolektor_permukaan
C:/Arib/MASSA AYAM/chicken detection + constrative classification/data/crops_kolektor_deteksi/train/normal/10824_00841.png,0,normal,train,train,10824,10824.png,"[0, 206, 13, 265]",1.0,kolektor_deteksi,kolektor_permukaan
C:/Arib/MASSA AYAM/chicken detection + constrative classification/data/crops_kolektor_deteksi/train/normal/10826_00842.png,0,normal,train,train,10826,10826.png,"[67, 620, 106, 635]",1.0,kolektor_deteksi,kolektor_permukaan
C:/Arib/MASSA AYAM/chicken detection + constrative classification/data/crops_kolektor_deteksi/train/normal/10826_00843.png,0,normal,train,train,10826,10826.png,"[56, 620, 102, 635]",1.0,kolektor_deteksi,kolektor_permukaan
C:/Arib/MASSA AYAM/chicken detection + constrative classification/data/crops_kolektor_deteksi/train/normal/10828_00844.png,0,normal,train,train,10828,10828.png,"[0, 636, 22, 646]",1.0,kolektor_deteksi,kolektor_permukaan
C:/Arib/MASSA AYAM/chicken detection + constrative classification/data/crops_kolektor_deteksi/train/normal/10828_00845.png,0,normal,train,train,10828,10828.png,"[6, 516, 21, 540]",1.0,kolektor_deteksi,kolektor_permukaan
C:/Arib/MASSA AYAM/chicken detection + constrative classification/data/crops_kolektor_deteksi/train/normal/10828_00846.png,0,normal,train,train,10828,10828.png,"[7, 519, 20, 531]",1.0,kolektor_deteksi,kolektor_permukaan
C:/Arib/MASSA AYAM/chicken detection + constrative classification/data/crops_kolektor_deteksi/train/normal/10828_00847.png,0,normal,train,train,10828,10828.png,"[5, 515, 19, 535]",1.0,kolektor_deteksi,kolektor_permukaan
C:/Arib/MASSA AYAM/chicken detection + constrative classification/data/crops_kolektor_deteksi/train/normal/10828_00848.png,0,normal,train,train,10828,10828.png,"[4, 513, 20, 545]",1.0,kolektor_deteksi,kolektor_permukaan
C:/Arib/MASSA AYAM/chicken detection + constrative classification/data/crops_kolektor_deteksi/train/normal/10828_00849.png,0,normal,train,train,10828,10828.png,"[0, 631, 21, 647]",1.0,kolektor_deteksi,kolektor_permukaan
C:/Arib/MASSA AYAM/chicken detection + constrative classification/data/crops_kolektor_deteksi/train/normal/10828_00850.png,0,normal,train,train,10828,10828.png,"[0, 633, 59, 647]",1.0,kolektor_deteksi,kolektor_permukaan
C:/Arib/MASSA AYAM/chicken detection + constrative classification/data/crops_kolektor_deteksi/train/normal/10833_00851.png,0,normal,train,train,10833,10833.png,"[0, 0, 13, 67]",1.0,kolektor_deteksi,kolektor_permukaan
C:/Arib/MASSA AYAM/chicken detection + constrative classification/data/crops_kolektor_deteksi/train/normal/10837_00852.png,0,normal,train,train,10837,10837.png,"[0, 0, 11, 24]",1.0,kolektor_deteksi,kolektor_permukaan
C:/Arib/MASSA AYAM/chicken detection + constrative classification/data/crops_kolektor_deteksi/train/normal/10851_00866.png,0,normal,train,train,10851,10851.png,"[0, 130, 11, 198]",1.0,kolektor_deteksi,kolektor_permukaan
C:/Arib/MASSA AYAM/chicken detection + constrative classification/data/crops_kolektor_deteksi/train/normal/10851_00867.png,0,normal,train,train,10851,10851.png,"[0, 141, 12, 217]",1.0,kolektor_deteksi,kolektor_permukaan
C:/Arib/MASSA AYAM/chicken detection + constrative classification/data/crops_kolektor_deteksi/train/normal/10851_00868.png,0,normal,train,train,10851,10851.png,"[0, 123, 12, 185]",1.0,kolektor_deteksi,kolektor_permukaan
C:/Arib/MASSA AYAM/chicken detection + constrative classification/data/crops_kolektor_deteksi/train/normal/10852_00869.png,0,normal,train,train,10852,10852.png,"[0, 496, 11, 567]",1.0,kolektor_deteksi,kolektor_permukaan
C:/Arib/MASSA AYAM/chicken detection + constrative classification/data/crops_kolektor_deteksi/train/normal/10852_00870.png,0,normal,train,train,10852,10852.png,"[0, 485, 11, 551]",1.0,kolektor_deteksi,kolektor_permukaan
C:/Arib/MASSA AYAM/chicken detection + constrative classification/data/crops_kolektor_deteksi/train/normal/10852_00871.png,0,normal,train,train,10852,10852.png,"[0, 181, 11, 257]",1.0,kolektor_deteksi,kolektor_permukaan
C:/Arib/MASSA AYAM/chicken detection + constrative classification/data/crops_kolektor_deteksi/train/normal/10852_00872.png,0,normal,train,train,10852,10852.png,"[0, 190, 12, 269]",1.0,kolektor_deteksi,kolektor_permukaan
C:/Arib/MASSA AYAM/chicken detection + constrative classification/data/crops_kolektor_deteksi/train/normal/10852_00873.png,0,normal,train,train,10852,10852.png,"[0, 169, 12, 247]",1.0,kolektor_deteksi,kolektor_permukaan
C:/Arib/MASSA AYAM/chicken detection + constrative classification/data/crops_kolektor_deteksi/train/normal/10852_00874.png,0,normal,train,train,10852,10852.png,"[0, 322, 10, 395]",1.0,kolektor_deteksi,kolektor_permukaan
C:/Arib/MASSA AYAM/chicken detection + constrative classification/data/crops_kolektor_deteksi/train/normal/10852_00875.png,0,normal,train,train,10852,10852.png,"[0, 312, 9, 371]",1.0,kolektor_deteksi,kolektor_permukaan
C:/Arib/MASSA AYAM/chicken detection + constrative classification/data/crops_kolektor_deteksi/train/normal/10852_00876.png,0,normal,train,train,10852,10852.png,"[0, 476, 12, 540]",1.0,kolektor_deteksi,kolektor_permukaan
C:/Arib/MASSA AYAM/chicken detection + constrative classification/data/crops_kolektor_deteksi/train/normal/10852_00877.png,0,normal,train,train,10852,10852.png,"[0, 602, 11, 635]",1.0,kolektor_deteksi,kolektor_permukaan
C:/Arib/MASSA AYAM/chicken detection + constrative classification/data/crops_kolektor_deteksi/train/normal/10852_00878.png,0,normal,train,train,10852,10852.png,"[0, 67, 12, 133]",1.0,kolektor_deteksi,kolektor_permukaan
C:/Arib/MASSA AYAM/chicken detection + constrative classification/data/crops_kolektor_deteksi/train/normal/10852_00879.png,0,normal,train,train,10852,10852.png,"[0, 76, 12, 155]",1.0,kolektor_deteksi,kolektor_permukaan
C:/Arib/MASSA AYAM/chicken detection + constrative classification/data/crops_kolektor_deteksi/train/normal/10852_00880.png,0,normal,train,train,10852,10852.png,"[0, 585, 12, 634]",1.0,kolektor_deteksi,kolektor_permukaan
C:/Arib/MASSA AYAM/chicken detection + constrative classification/data/crops_kolektor_deteksi/train/normal/10852_00881.png,0,normal,train,train,10852,10852.png,"[0, 469, 12, 583]",1.0,kolektor_deteksi,kolektor_permukaan
C:/Arib/MASSA AYAM/chicken detection + constrative classification/data/crops_kolektor_deteksi/train/normal/10852_00882.png,0,normal,train,train,10852,10852.png,"[0, 371, 11, 435]",1.0,kolektor_deteksi,kolektor_permukaan
C:/Arib/MASSA AYAM/chicken detection + constrative classification/data/crops_kolektor_deteksi/train/normal/10852_00883.png,0,normal,train,train,10852,10852.png,"[0, 379, 11, 457]",1.0,kolektor_deteksi,kolektor_permukaan
C:/Arib/MASSA AYAM/chicken detection + constrative classification/data/crops_kolektor_deteksi/train/normal/10852_00884.png,0,normal,train,train,10852,10852.png,"[0, 163, 13, 281]",1.0,kolektor_deteksi,kolektor_permukaan
C:/Arib/MASSA AYAM/chicken detection + constrative classification/data/crops_kolektor_deteksi/train/normal/10852_00885.png,0,normal,train,train,10852,10852.png,"[0, 501, 12, 586]",1.0,kolektor_deteksi,kolektor_permukaan
C:/Arib/MASSA AYAM/chicken detection + constrative classification/data/crops_kolektor_deteksi/train/normal/10852_00886.png,0,normal,train,train,10852,10852.png,"[0, 554, 26, 622]",1.0,kolektor_deteksi,kolektor_permukaan
C:/Arib/MASSA AYAM/chicken detection + constrative classification/data/crops_kolektor_deteksi/train/normal/10852_00887.png,0,normal,train,train,10852,10852.png,"[0, 610, 14, 639]",1.0,kolektor_deteksi,kolektor_permukaan
C:/Arib/MASSA AYAM/chicken detection + constrative classification/data/crops_kolektor_deteksi/train/normal/10852_00888.png,0,normal,train,train,10852,10852.png,"[0, 288, 10, 418]",1.0,kolektor_deteksi,kolektor_permukaan
C:/Arib/MASSA AYAM/chicken detection + constrative classification/data/crops_kolektor_deteksi/train/normal/10866_00889.png,0,normal,train,train,10866,10866.png,"[0, 2, 10, 15]",1.0,kolektor_deteksi,kolektor_permukaan
C:/Arib/MASSA AYAM/chicken detection + constrative classification/data/crops_kolektor_deteksi/train/normal/10868_00890.png,0,normal,train,train,10868,10868.png,"[0, 582, 15, 630]",1.0,kolektor_deteksi,kolektor_permukaan
C:/Arib/MASSA AYAM/chicken detection + constrative classification/data/crops_kolektor_deteksi/train/normal/10868_00891.png,0,normal,train,train,10868,10868.png,"[0, 575, 21, 630]",1.0,kolektor_deteksi,kolektor_permukaan
C:/Arib/MASSA AYAM/chicken detection + constrative classification/data/crops_kolektor_deteksi/train/normal/10868_00892.png,0,normal,train,train,10868,10868.png,"[0, 433, 10, 507]",1.0,kolektor_deteksi,kolektor_permukaan
C:/Arib/MASSA AYAM/chicken detection + constrative classification/data/crops_kolektor_deteksi/train/normal/10878_00900.png,0,normal,train,train,10878,10878.png,"[0, 212, 13, 279]",1.0,kolektor_deteksi,kolektor_permukaan
C:/Arib/MASSA AYAM/chicken detection + constrative classification/data/crops_kolektor_deteksi/train/normal/10878_00901.png,0,normal,train,train,10878,10878.png,"[0, 225, 14, 294]",1.0,kolektor_deteksi,kolektor_permukaan
C:/Arib/MASSA AYAM/chicken detection + constrative classification/data/crops_kolektor_deteksi/train/normal/10878_00902.png,0,normal,train,train,10878,10878.png,"[0, 203, 13, 262]",1.0,kolektor_deteksi,kolektor_permukaan
C:/Arib/MASSA AYAM/chicken detection + constrative classification/data/crops_kolektor_deteksi/train/normal/10878_00903.png,0,normal,train,train,10878,10878.png,"[0, 196, 15, 266]",1.0,kolektor_deteksi,kolektor_permukaan
C:/Arib/MASSA AYAM/chicken detection + constrative classification/data/crops_kolektor_deteksi/train/normal/10878_00904.png,0,normal,train,train,10878,10878.png,"[0, 196, 15, 283]",1.0,kolektor_deteksi,kolektor_permukaan
C:/Arib/MASSA AYAM/chicken detection + constrative classification/data/crops_kolektor_deteksi/train/normal/10878_00905.png,0,normal,train,train,10878,10878.png,"[0, 211, 19, 282]",1.0,kolektor_deteksi,kolektor_permukaan
C:/Arib/MASSA AYAM/chicken detection + constrative classification/data/crops_kolektor_deteksi/train/normal/10878_00906.png,0,normal,train,train,10878,10878.png,"[0, 191, 17, 319]",1.0,kolektor_deteksi,kolektor_permukaan
C:/Arib/MASSA AYAM/chicken detection + constrative classification/data/crops_kolektor_deteksi/train/normal/10899_00915.png,0,normal,train,train,10899,10899.png,"[0, 0, 11, 58]",1.0,kolektor_deteksi,kolektor_permukaan
C:/Arib/MASSA AYAM/chicken detection + constrative classification/data/crops_kolektor_deteksi/train/normal/10899_00916.png,0,normal,train,train,10899,10899.png,"[0, 0, 11, 43]",1.0,kolektor_deteksi,kolektor_permukaan
C:/Arib/MASSA AYAM/chicken detection + constrative classification/data/crops_kolektor_deteksi/train/normal/10899_00917.png,0,normal,train,train,10899,10899.png,"[0, 0, 12, 69]",1.0,kolektor_deteksi,kolektor_permukaan
C:/Arib/MASSA AYAM/chicken detection + constrative classification/data/crops_kolektor_deteksi/train/normal/10904_00918.png,0,normal,train,train,10904,10904.png,"[0, 586, 17, 635]",1.0,kolektor_deteksi,kolektor_permukaan
C:/Arib/MASSA AYAM/chicken detection + constrative classification/data/crops_kolektor_deteksi/train/normal/10904_00919.png,0,normal,train,train,10904,10904.png,"[0, 598, 19, 634]",1.0,kolektor_deteksi,kolektor_permukaan
C:/Arib/MASSA AYAM/chicken detection + constrative classification/data/crops_kolektor_deteksi/train/normal/10917_00922.png,0,normal,train,train,10917,10917.png,"[0, 245, 13, 318]",1.0,kolektor_deteksi,kolektor_permukaan
C:/Arib/MASSA AYAM/chicken detection + constrative classification/data/crops_kolektor_deteksi/train/normal/10925_00924.png,0,normal,train,train,10925,10925.png,"[0, 7, 11, 83]",1.0,kolektor_deteksi,kolektor_permukaan
C:/Arib/MASSA AYAM/chicken detection + constrative classification/data/crops_kolektor_deteksi/train/normal/10925_00925.png,0,normal,train,train,10925,10925.png,"[0, 374, 9, 441]",1.0,kolektor_deteksi,kolektor_permukaan
C:/Arib/MASSA AYAM/chicken detection + constrative classification/data/crops_kolektor_deteksi/train/normal/10925_00926.png,0,normal,train,train,10925,10925.png,"[0, 360, 8, 415]",1.0,kolektor_deteksi,kolektor_permukaan
C:/Arib/MASSA AYAM/chicken detection + constrative classification/data/crops_kolektor_deteksi/train/normal/10925_00927.png,0,normal,train,train,10925,10925.png,"[0, 18, 12, 96]",1.0,kolektor_deteksi,kolektor_permukaan
C:/Arib/MASSA AYAM/chicken detection + constrative classification/data/crops_kolektor_deteksi/train/normal/10925_00928.png,0,normal,train,train,10925,10925.png,"[0, 0, 12, 73]",1.0,kolektor_deteksi,kolektor_permukaan
C:/Arib/MASSA AYAM/chicken detection + constrative classification/data/crops_kolektor_deteksi/train/normal/10925_00929.png,0,normal,train,train,10925,10925.png,"[0, 374, 11, 452]",1.0,kolektor_deteksi,kolektor_permukaan
C:/Arib/MASSA AYAM/chicken detection + constrative classification/data/crops_kolektor_deteksi/train/normal/10925_00930.png,0,normal,train,train,10925,10925.png,"[0, 0, 13, 102]",1.0,kolektor_deteksi,kolektor_permukaan
C:/Arib/MASSA AYAM/chicken detection + constrative classification/data/crops_kolektor_deteksi/train/normal/10925_00931.png,0,normal,train,train,10925,10925.png,"[0, 351, 10, 407]",1.0,kolektor_deteksi,kolektor_permukaan
C:/Arib/MASSA AYAM/chicken detection + constrative classification/data/crops_kolektor_deteksi/train/normal/10925_00932.png,0,normal,train,train,10925,10925.png,"[0, 338, 9, 455]",1.0,kolektor_deteksi,kolektor_permukaan
C:/Arib/MASSA AYAM/chicken detection + constrative classification/data/crops_kolektor_deteksi/train/normal/10925_00933.png,0,normal,train,train,10925,10925.png,"[0, 342, 10, 415]",1.0,kolektor_deteksi,kolektor_permukaan
C:/Arib/MASSA AYAM/chicken detection + constrative classification/data/crops_kolektor_deteksi/train/normal/10936_00938.png,0,normal,train,train,10936,10936.png,"[0, 35, 12, 90]",1.0,kolektor_deteksi,kolektor_permukaan
C:/Arib/MASSA AYAM/chicken detection + constrative classification/data/crops_kolektor_deteksi/train/normal/10936_00939.png,0,normal,train,train,10936,10936.png,"[0, 46, 14, 115]",1.0,kolektor_deteksi,kolektor_permukaan
C:/Arib/MASSA AYAM/chicken detection + constrative classification/data/crops_kolektor_deteksi/train/normal/10936_00940.png,0,normal,train,train,10936,10936.png,"[0, 24, 13, 74]",1.0,kolektor_deteksi,kolektor_permukaan
C:/Arib/MASSA AYAM/chicken detection + constrative classification/data/crops_kolektor_deteksi/train/normal/10936_00941.png,0,normal,train,train,10936,10936.png,"[0, 17, 13, 90]",1.0,kolektor_deteksi,kolektor_permukaan
C:/Arib/MASSA AYAM/chicken detection + constrative classification/data/crops_kolektor_deteksi/train/normal/10938_00942.png,0,normal,train,train,10938,10938.png,"[0, 593, 21, 643]",1.0,kolektor_deteksi,kolektor_permukaan
C:/Arib/MASSA AYAM/chicken detection + constrative classification/data/crops_kolektor_deteksi/train/normal/10938_00943.png,0,normal,train,train,10938,10938.png,"[0, 585, 23, 643]",1.0,kolektor_deteksi,kolektor_permukaan
C:/Arib/MASSA AYAM/chicken detection + constrative classification/data/crops_kolektor_deteksi/train/normal/10938_00944.png,0,normal,train,train,10938,10938.png,"[0, 605, 29, 643]",1.0,kolektor_deteksi,kolektor_permukaan
C:/Arib/MASSA AYAM/chicken detection + constrative classification/data/crops_kolektor_deteksi/train/normal/10938_00945.png,0,normal,train,train,10938,10938.png,"[0, 304, 13, 381]",1.0,kolektor_deteksi,kolektor_permukaan
C:/Arib/MASSA AYAM/chicken detection + constrative classification/data/crops_kolektor_deteksi/train/normal/10938_00946.png,0,normal,train,train,10938,10938.png,"[0, 453, 9, 528]",1.0,kolektor_deteksi,kolektor_permukaan
C:/Arib/MASSA AYAM/chicken detection + constrative classification/data/crops_kolektor_deteksi/train/normal/10938_00947.png,0,normal,train,train,10938,10938.png,"[0, 461, 11, 538]",1.0,kolektor_deteksi,kolektor_permukaan
C:/Arib/MASSA AYAM/chicken detection + constrative classification/data/crops_kolektor_deteksi/train/normal/10938_00948.png,0,normal,train,train,10938,10938.png,"[0, 567, 14, 643]",1.0,kolektor_deteksi,kolektor_permukaan
C:/Arib/MASSA AYAM/chicken detection + constrative classification/data/crops_kolektor_deteksi/train/normal/10975_00961.png,0,normal,train,train,10975,10975.png,"[0, 0, 14, 69]",1.0,kolektor_deteksi,kolektor_permukaan
C:/Arib/MASSA AYAM/chicken detection + constrative classification/data/crops_kolektor_deteksi/train/normal/10982_00962.png,0,normal,train,train,10982,10982.png,"[181, 207, 196, 253]",1.0,kolektor_deteksi,kolektor_permukaan
C:/Arib/MASSA AYAM/chicken detection + constrative classification/data/crops_kolektor_deteksi/train/normal/10982_00963.png,0,normal,train,train,10982,10982.png,"[180, 210, 196, 267]",1.0,kolektor_deteksi,kolektor_permukaan
C:/Arib/MASSA AYAM/chicken detection + constrative classification/data/crops_kolektor_deteksi/train/normal/10990_00969.png,0,normal,train,train,10990,10990.png,"[0, 515, 10, 537]",1.0,kolektor_deteksi,kolektor_permukaan
C:/Arib/MASSA AYAM/chicken detection + constrative classification/data/crops_kolektor_deteksi/train/normal/10994_00970.png,0,normal,train,train,10994,10994.png,"[0, 604, 13, 641]",1.0,kolektor_deteksi,kolektor_permukaan
C:/Arib/MASSA AYAM/chicken detection + constrative classification/data/crops_kolektor_deteksi/train/normal/10994_00971.png,0,normal,train,train,10994,10994.png,"[0, 57, 11, 126]",1.0,kolektor_deteksi,kolektor_permukaan
C:/Arib/MASSA AYAM/chicken detection + constrative classification/data/crops_kolektor_deteksi/train/normal/10997_00972.png,0,normal,train,train,10997,10997.png,"[0, 371, 9, 409]",1.0,kolektor_deteksi,kolektor_permukaan
C:/Arib/MASSA AYAM/chicken detection + constrative classification/data/crops_kolektor_deteksi/train/normal/10998_00973.png,0,normal,train,train,10998,10998.png,"[0, 588, 13, 627]",1.0,kolektor_deteksi,kolektor_permukaan
C:/Arib/MASSA AYAM/chicken detection + constrative classification/data/crops_kolektor_deteksi/train/normal/10998_00974.png,0,normal,train,train,10998,10998.png,"[0, 593, 16, 626]",1.0,kolektor_deteksi,kolektor_permukaan
C:/Arib/MASSA AYAM/chicken detection + constrative classification/data/crops_kolektor_deteksi/train/normal/10999_00975.png,0,normal,train,train,10999,10999.png,"[0, 191, 13, 244]",1.0,kolektor_deteksi,kolektor_permukaan
C:/Arib/MASSA AYAM/chicken detection + constrative classification/data/crops_kolektor_deteksi/train/normal/10999_00976.png,0,normal,train,train,10999,10999.png,"[0, 202, 14, 273]",1.0,kolektor_deteksi,kolektor_permukaan
C:/Arib/MASSA AYAM/chicken detection + constrative classification/data/crops_kolektor_deteksi/train/normal/10999_00977.png,0,normal,train,train,10999,10999.png,"[0, 181, 14, 238]",1.0,kolektor_deteksi,kolektor_permukaan
C:/Arib/MASSA AYAM/chicken detection + constrative classification/data/crops_kolektor_deteksi/train/normal/11000_00978.png,0,normal,train,train,11000,11000.png,"[0, 9, 10, 72]",1.0,kolektor_deteksi,kolektor_permukaan
C:/Arib/MASSA AYAM/chicken detection + constrative classification/data/crops_kolektor_deteksi/train/normal/11014_00986.png,0,normal,train,train,11014,11014.png,"[0, 1, 10, 82]",1.0,kolektor_deteksi,kolektor_permukaan
C:/Arib/MASSA AYAM/chicken detection + constrative classification/data/crops_kolektor_deteksi/train/normal/11014_00987.png,0,normal,train,train,11014,11014.png,"[0, 0, 10, 63]",1.0,kolektor_deteksi,kolektor_permukaan
C:/Arib/MASSA AYAM/chicken detection + constrative classification/data/crops_kolektor_deteksi/train/normal/11014_00988.png,0,normal,train,train,11014,11014.png,"[0, 11, 12, 95]",1.0,kolektor_deteksi,kolektor_permukaan
C:/Arib/MASSA AYAM/chicken detection + constrative classification/data/crops_kolektor_deteksi/train/normal/11019_00991.png,0,normal,train,train,11019,11019.png,"[0, 0, 12, 66]",1.0,kolektor_deteksi,kolektor_permukaan
C:/Arib/MASSA AYAM/chicken detection + constrative classification/data/crops_kolektor_deteksi/train/normal/11019_00992.png,0,normal,train,train,11019,11019.png,"[0, 0, 11, 55]",1.0,kolektor_deteksi,kolektor_permukaan
C:/Arib/MASSA AYAM/chicken detection + constrative classification/data/crops_kolektor_deteksi/train/normal/11020_00993.png,0,normal,train,train,11020,11020.png,"[0, 423, 11, 496]",1.0,kolektor_deteksi,kolektor_permukaan
C:/Arib/MASSA AYAM/chicken detection + constrative classification/data/crops_kolektor_deteksi/train/normal/11028_00998.png,0,normal,train,train,11028,11028.png,"[0, 591, 12, 636]",1.0,kolektor_deteksi,kolektor_permukaan
C:/Arib/MASSA AYAM/chicken detection + constrative classification/data/crops_kolektor_deteksi/train/normal/11028_00999.png,0,normal,train,train,11028,11028.png,"[0, 582, 11, 636]",1.0,kolektor_deteksi,kolektor_permukaan
C:/Arib/MASSA AYAM/chicken detection + constrative classification/data/crops_kolektor_deteksi/train/normal/11029_01000.png,0,normal,train,train,11029,11029.png,"[0, 59, 14, 141]",1.0,kolektor_deteksi,kolektor_permukaan
C:/Arib/MASSA AYAM/chicken detection + constrative classification/data/crops_kolektor_deteksi/train/normal/11029_01001.png,0,normal,train,train,11029,11029.png,"[0, 338, 19, 390]",1.0,kolektor_deteksi,kolektor_permukaan
C:/Arib/MASSA AYAM/chicken detection + constrative classification/data/crops_kolektor_deteksi/train/normal/11029_01002.png,0,normal,train,train,11029,11029.png,"[0, 324, 20, 380]",1.0,kolektor_deteksi,kolektor_permukaan
C:/Arib/MASSA AYAM/chicken detection + constrative classification/data/crops_kolektor_deteksi/train/normal/11029_01003.png,0,normal,train,train,11029,11029.png,"[0, 71, 16, 152]",1.0,kolektor_deteksi,kolektor_permukaan
C:/Arib/MASSA AYAM/chicken detection + constrative classification/data/crops_kolektor_deteksi/train/normal/11032_01008.png,0,normal,train,train,11032,11032.png,"[0, 605, 13, 639]",1.0,kolektor_deteksi,kolektor_permukaan
C:/Arib/MASSA AYAM/chicken detection + constrative classification/data/crops_kolektor_deteksi/train/normal/11032_01009.png,0,normal,train,train,11032,11032.png,"[0, 596, 10, 640]",1.0,kolektor_deteksi,kolektor_permukaan
C:/Arib/MASSA AYAM/chicken detection + constrative classification/data/crops_kolektor_deteksi/train/normal/11032_01011.png,0,normal,train,train,11032,11032.png,"[0, 285, 8, 344]",1.0,kolektor_deteksi,kolektor_permukaan
C:/Arib/MASSA AYAM/chicken detection + constrative classification/data/crops_kolektor_deteksi/train/normal/11033_01012.png,0,normal,train,train,11033,11033.png,"[0, 420, 12, 490]",1.0,kolektor_deteksi,kolektor_permukaan
C:/Arib/MASSA AYAM/chicken detection + constrative classification/data/crops_kolektor_deteksi/train/normal/11033_01013.png,0,normal,train,train,11033,11033.png,"[0, 425, 13, 509]",1.0,kolektor_deteksi,kolektor_permukaan
C:/Arib/MASSA AYAM/chicken detection + constrative classification/data/crops_kolektor_deteksi/train/normal/11033_01014.png,0,normal,train,train,11033,11033.png,"[0, 401, 12, 461]",1.0,kolektor_deteksi,kolektor_permukaan
C:/Arib/MASSA AYAM/chicken detection + constrative classification/data/crops_kolektor_deteksi/train/normal/11033_01015.png,0,normal,train,train,11033,11033.png,"[0, 401, 14, 505]",1.0,kolektor_deteksi,kolektor_permukaan
C:/Arib/MASSA AYAM/chicken detection + constrative classification/data/crops_kolektor_deteksi/train/normal/11033_01016.png,0,normal,train,train,11033,11033.png,"[0, 443, 12, 527]",1.0,kolektor_deteksi,kolektor_permukaan
C:/Arib/MASSA AYAM/chicken detection + constrative classification/data/crops_kolektor_deteksi/train/normal/11033_01017.png,0,normal,train,train,11033,11033.png,"[0, 29, 13, 100]",1.0,kolektor_deteksi,kolektor_permukaan
C:/Arib/MASSA AYAM/chicken detection + constrative classification/data/crops_kolektor_deteksi/train/normal/11033_01018.png,0,normal,train,train,11033,11033.png,"[0, 37, 14, 120]",1.0,kolektor_deteksi,kolektor_permukaan
C:/Arib/MASSA AYAM/chicken detection + constrative classification/data/crops_kolektor_deteksi/train/normal/11033_01019.png,0,normal,train,train,11033,11033.png,"[0, 399, 15, 537]",1.0,kolektor_deteksi,kolektor_permukaan
C:/Arib/MASSA AYAM/chicken detection + constrative classification/data/crops_kolektor_deteksi/train/normal/11033_01020.png,0,normal,train,train,11033,11033.png,"[0, 456, 13, 545]",1.0,kolektor_deteksi,kolektor_permukaan
C:/Arib/MASSA AYAM/chicken detection + constrative classification/data/crops_kolektor_deteksi/train/normal/11033_01021.png,0,normal,train,train,11033,11033.png,"[0, 388, 16, 485]",1.0,kolektor_deteksi,kolektor_permukaan
C:/Arib/MASSA AYAM/chicken detection + constrative classification/data/crops_kolektor_deteksi/train/normal/11033_01022.png,0,normal,train,train,11033,11033.png,"[0, 419, 16, 479]",1.0,kolektor_deteksi,kolektor_permukaan
C:/Arib/MASSA AYAM/chicken detection + constrative classification/data/crops_kolektor_deteksi/train/normal/11038_01023.png,0,normal,train,train,11038,11038.png,"[0, 0, 12, 69]",1.0,kolektor_deteksi,kolektor_permukaan
C:/Arib/MASSA AYAM/chicken detection + constrative classification/data/crops_kolektor_deteksi/train/normal/11038_01024.png,0,normal,train,train,11038,11038.png,"[0, 6, 13, 83]",1.0,kolektor_deteksi,kolektor_permukaan
C:/Arib/MASSA AYAM/chicken detection + constrative classification/data/crops_kolektor_deteksi/train/normal/11038_01025.png,0,normal,train,train,11038,11038.png,"[0, 0, 10, 59]",1.0,kolektor_deteksi,kolektor_permukaan
C:/Arib/MASSA AYAM/chicken detection + constrative classification/data/crops_kolektor_deteksi/train/normal/11038_01026.png,0,normal,train,train,11038,11038.png,"[0, 22, 13, 104]",1.0,kolektor_deteksi,kolektor_permukaan
C:/Arib/MASSA AYAM/chicken detection + constrative classification/data/crops_kolektor_deteksi/train/normal/11038_01027.png,0,normal,train,train,11038,11038.png,"[0, 53, 11, 135]",1.0,kolektor_deteksi,kolektor_permukaan
C:/Arib/MASSA AYAM/chicken detection + constrative classification/data/crops_kolektor_deteksi/train/normal/11038_01028.png,0,normal,train,train,11038,11038.png,"[0, 0, 14, 93]",1.0,kolektor_deteksi,kolektor_permukaan
C:/Arib/MASSA AYAM/chicken detection + constrative classification/data/crops_kolektor_deteksi/train/normal/11053_01050.png,0,normal,train,train,11053,11053.png,"[0, 578, 10, 637]",1.0,kolektor_deteksi,kolektor_permukaan
C:/Arib/MASSA AYAM/chicken detection + constrative classification/data/crops_kolektor_deteksi/train/normal/11053_01051.png,0,normal,train,train,11053,11053.png,"[0, 597, 11, 636]",1.0,kolektor_deteksi,kolektor_permukaan
C:/Arib/MASSA AYAM/chicken detection + constrative classification/data/crops_kolektor_deteksi/train/normal/11055_01052.png,0,normal,train,train,11055,11055.png,"[0, 436, 12, 512]",1.0,kolektor_deteksi,kolektor_permukaan
C:/Arib/MASSA AYAM/chicken detection + constrative classification/data/crops_kolektor_deteksi/train/normal/11059_01054.png,0,normal,train,train,11059,11059.png,"[0, 17, 14, 56]",1.0,kolektor_deteksi,kolektor_permukaan
C:/Arib/MASSA AYAM/chicken detection + constrative classification/data/crops_kolektor_deteksi/train/normal/11059_01055.png,0,normal,train,train,11059,11059.png,"[0, 29, 15, 94]",1.0,kolektor_deteksi,kolektor_permukaan
C:/Arib/MASSA AYAM/chicken detection + constrative classification/data/crops_kolektor_deteksi/train/normal/11059_01056.png,0,normal,train,train,11059,11059.png,"[0, 2, 14, 54]",1.0,kolektor_deteksi,kolektor_permukaan
C:/Arib/MASSA AYAM/chicken detection + constrative classification/data/crops_kolektor_deteksi/train/normal/11059_01057.png,0,normal,train,train,11059,11059.png,"[0, 395, 15, 471]",1.0,kolektor_deteksi,kolektor_permukaan
C:/Arib/MASSA AYAM/chicken detection + constrative classification/data/crops_kolektor_deteksi/train/normal/11060_01058.png,0,normal,train,train,11060,11060.png,"[0, 607, 16, 633]",1.0,kolektor_deteksi,kolektor_permukaan
C:/Arib/MASSA AYAM/chicken detection + constrative classification/data/crops_kolektor_deteksi/train/normal/11067_01062.png,0,normal,train,train,11067,11067.png,"[0, 215, 10, 266]",1.0,kolektor_deteksi,kolektor_permukaan
C:/Arib/MASSA AYAM/chicken detection + constrative classification/data/crops_kolektor_deteksi/train/normal/11067_01063.png,0,normal,train,train,11067,11067.png,"[0, 204, 9, 243]",1.0,kolektor_deteksi,kolektor_permukaan
C:/Arib/MASSA AYAM/chicken detection + constrative classification/data/crops_kolektor_deteksi/train/normal/11075_01064.png,0,normal,train,train,11075,11075.png,"[65, 607, 106, 621]",1.0,kolektor_deteksi,kolektor_permukaan
C:/Arib/MASSA AYAM/chicken detection + constrative classification/data/crops_kolektor_deteksi/train/normal/11075_01065.png,0,normal,train,train,11075,11075.png,"[69, 610, 97, 621]",1.0,kolektor_deteksi,kolektor_permukaan
C:/Arib/MASSA AYAM/chicken detection + constrative classification/data/crops_kolektor_deteksi/train/normal/11075_01066.png,0,normal,train,train,11075,11075.png,"[62, 609, 112, 628]",1.0,kolektor_deteksi,kolektor_permukaan
C:/Arib/MASSA AYAM/chicken detection + constrative classification/data/crops_kolektor_deteksi/train/normal/11083_01069.png,0,normal,train,train,11083,11083.png,"[0, 22, 14, 100]",1.0,kolektor_deteksi,kolektor_permukaan
C:/Arib/MASSA AYAM/chicken detection + constrative classification/data/crops_kolektor_deteksi/train/normal/11083_01070.png,0,normal,train,train,11083,11083.png,"[69, 511, 88, 556]",1.0,kolektor_deteksi,kolektor_permukaan
C:/Arib/MASSA AYAM/chicken detection + constrative classification/data/crops_kolektor_deteksi/train/normal/11083_01071.png,0,normal,train,train,11083,11083.png,"[70, 512, 89, 540]",1.0,kolektor_deteksi,kolektor_permukaan
C:/Arib/MASSA AYAM/chicken detection + constrative classification/data/crops_kolektor_deteksi/train/normal/11089_01072.png,0,normal,train,train,11089,11089.png,"[0, 616, 19, 650]",1.0,kolektor_deteksi,kolektor_permukaan
C:/Arib/MASSA AYAM/chicken detection + constrative classification/data/crops_kolektor_deteksi/train/normal/11108_01076.png,0,normal,train,train,11108,11108.png,"[0, 564, 15, 611]",1.0,kolektor_deteksi,kolektor_permukaan
C:/Arib/MASSA AYAM/chicken detection + constrative classification/data/crops_kolektor_deteksi/train/normal/11108_01077.png,0,normal,train,train,11108,11108.png,"[0, 574, 15, 641]",1.0,kolektor_deteksi,kolektor_permukaan
C:/Arib/MASSA AYAM/chicken detection + constrative classification/data/crops_kolektor_deteksi/train/normal/11108_01078.png,0,normal,train,train,11108,11108.png,"[0, 0, 13, 66]",1.0,kolektor_deteksi,kolektor_permukaan
C:/Arib/MASSA AYAM/chicken detection + constrative classification/data/crops_kolektor_deteksi/train/normal/11108_01079.png,0,normal,train,train,11108,11108.png,"[0, 2, 11, 52]",1.0,kolektor_deteksi,kolektor_permukaan
C:/Arib/MASSA AYAM/chicken detection + constrative classification/data/crops_kolektor_deteksi/train/normal/11114_01082.png,0,normal,train,train,11114,11114.png,"[0, 61, 17, 134]",1.0,kolektor_deteksi,kolektor_permukaan
C:/Arib/MASSA AYAM/chicken detection + constrative classification/data/crops_kolektor_deteksi/train/normal/11114_01083.png,0,normal,train,train,11114,11114.png,"[0, 192, 13, 261]",1.0,kolektor_deteksi,kolektor_permukaan
C:/Arib/MASSA AYAM/chicken detection + constrative classification/data/crops_kolektor_deteksi/train/normal/11120_01084.png,0,normal,train,train,11120,11120.png,"[0, 614, 23, 646]",1.0,kolektor_deteksi,kolektor_permukaan
C:/Arib/MASSA AYAM/chicken detection + constrative classification/data/crops_kolektor_deteksi/train/normal/11120_01085.png,0,normal,train,train,11120,11120.png,"[0, 603, 15, 646]",1.0,kolektor_deteksi,kolektor_permukaan
C:/Arib/MASSA AYAM/chicken detection + constrative classification/data/crops_kolektor_deteksi/train/normal/11120_01086.png,0,normal,train,train,11120,11120.png,"[0, 610, 25, 646]",1.0,kolektor_deteksi,kolektor_permukaan
C:/Arib/MASSA AYAM/chicken detection + constrative classification/data/crops_kolektor_deteksi/train/normal/11120_01087.png,0,normal,train,train,11120,11120.png,"[0, 627, 22, 645]",1.0,kolektor_deteksi,kolektor_permukaan
C:/Arib/MASSA AYAM/chicken detection + constrative classification/data/crops_kolektor_deteksi/train/normal/11133_01095.png,0,normal,train,train,11133,11133.png,"[100, 607, 161, 631]",1.0,kolektor_deteksi,kolektor_permukaan
C:/Arib/MASSA AYAM/chicken detection + constrative classification/data/crops_kolektor_deteksi/train/normal/11133_01096.png,0,normal,train,train,11133,11133.png,"[116, 605, 168, 631]",1.0,kolektor_deteksi,kolektor_permukaan
C:/Arib/MASSA AYAM/chicken detection + constrative classification/data/crops_kolektor_deteksi/train/normal/11133_01097.png,0,normal,train,train,11133,11133.png,"[123, 607, 157, 627]",1.0,kolektor_deteksi,kolektor_permukaan
C:/Arib/MASSA AYAM/chicken detection + constrative classification/data/crops_kolektor_deteksi/train/normal/11133_01098.png,0,normal,train,train,11133,11133.png,"[0, 597, 16, 632]",1.0,kolektor_deteksi,kolektor_permukaan
C:/Arib/MASSA AYAM/chicken detection + constrative classification/data/crops_kolektor_deteksi/train/normal/11133_01099.png,0,normal,train,train,11133,11133.png,"[0, 361, 13, 439]",1.0,kolektor_deteksi,kolektor_permukaan
C:/Arib/MASSA AYAM/chicken detection + constrative classification/data/crops_kolektor_deteksi/train/normal/11137_01106.png,0,normal,train,train,11137,11137.png,"[0, 65, 10, 106]",1.0,kolektor_deteksi,kolektor_permukaan
C:/Arib/MASSA AYAM/chicken detection + constrative classification/data/crops_kolektor_deteksi/train/normal/11137_01107.png,0,normal,train,train,11137,11137.png,"[0, 70, 10, 133]",1.0,kolektor_deteksi,kolektor_permukaan
C:/Arib/MASSA AYAM/chicken detection + constrative classification/data/crops_kolektor_deteksi/train/normal/11148_01114.png,0,normal,train,train,11148,11148.png,"[163, 422, 185, 459]",1.0,kolektor_deteksi,kolektor_permukaan
C:/Arib/MASSA AYAM/chicken detection + constrative classification/data/crops_kolektor_deteksi/train/normal/11150_01115.png,0,normal,train,train,11150,11150.png,"[0, 575, 12, 632]",1.0,kolektor_deteksi,kolektor_permukaan
C:/Arib/MASSA AYAM/chicken detection + constrative classification/data/crops_kolektor_deteksi/train/normal/11150_01116.png,0,normal,train,train,11150,11150.png,"[0, 561, 13, 632]",1.0,kolektor_deteksi,kolektor_permukaan
C:/Arib/MASSA AYAM/chicken detection + constrative classification/data/crops_kolektor_deteksi/train/normal/11150_01117.png,0,normal,train,train,11150,11150.png,"[0, 547, 11, 626]",1.0,kolektor_deteksi,kolektor_permukaan
C:/Arib/MASSA AYAM/chicken detection + constrative classification/data/crops_kolektor_deteksi/train/normal/11150_01118.png,0,normal,train,train,11150,11150.png,"[0, 534, 10, 612]",1.0,kolektor_deteksi,kolektor_permukaan
C:/Arib/MASSA AYAM/chicken detection + constrative classification/data/crops_kolektor_deteksi/train/normal/11150_01119.png,0,normal,train,train,11150,11150.png,"[0, 590, 12, 632]",1.0,kolektor_deteksi,kolektor_permukaan
C:/Arib/MASSA AYAM/chicken detection + constrative classification/data/crops_kolektor_deteksi/train/normal/11150_01120.png,0,normal,train,train,11150,11150.png,"[0, 520, 10, 600]",1.0,kolektor_deteksi,kolektor_permukaan
C:/Arib/MASSA AYAM/chicken detection + constrative classification/data/crops_kolektor_deteksi/train/normal/11150_01121.png,0,normal,train,train,11150,11150.png,"[0, 562, 14, 632]",1.0,kolektor_deteksi,kolektor_permukaan
C:/Arib/MASSA AYAM/chicken detection + constrative classification/data/crops_kolektor_deteksi/train/normal/11150_01122.png,0,normal,train,train,11150,11150.png,"[0, 547, 15, 632]",1.0,kolektor_deteksi,kolektor_permukaan
C:/Arib/MASSA AYAM/chicken detection + constrative classification/data/crops_kolektor_deteksi/train/normal/11150_01123.png,0,normal,train,train,11150,11150.png,"[0, 518, 12, 632]",1.0,kolektor_deteksi,kolektor_permukaan
C:/Arib/MASSA AYAM/chicken detection + constrative classification/data/crops_kolektor_deteksi/train/normal/11155_01124.png,0,normal,train,train,11155,11155.png,"[0, 14, 13, 77]",1.0,kolektor_deteksi,kolektor_permukaan
C:/Arib/MASSA AYAM/chicken detection + constrative classification/data/crops_kolektor_deteksi/train/normal/11155_01125.png,0,normal,train,train,11155,11155.png,"[0, 27, 14, 96]",1.0,kolektor_deteksi,kolektor_permukaan
C:/Arib/MASSA AYAM/chicken detection + constrative classification/data/crops_kolektor_deteksi/train/normal/11155_01126.png,0,normal,train,train,11155,11155.png,"[0, 0, 16, 82]",1.0,kolektor_deteksi,kolektor_permukaan
C:/Arib/MASSA AYAM/chicken detection + constrative classification/data/crops_kolektor_deteksi/train/normal/11160_01127.png,0,normal,train,train,11160,11160.png,"[0, 508, 11, 579]",1.0,kolektor_deteksi,kolektor_permukaan
C:/Arib/MASSA AYAM/chicken detection + constrative classification/data/crops_kolektor_deteksi/train/normal/11160_01128.png,0,normal,train,train,11160,11160.png,"[0, 552, 19, 609]",1.0,kolektor_deteksi,kolektor_permukaan
C:/Arib/MASSA AYAM/chicken detection + constrative classification/data/crops_kolektor_deteksi/train/normal/11160_01129.png,0,normal,train,train,11160,11160.png,"[0, 517, 13, 595]",1.0,kolektor_deteksi,kolektor_permukaan
C:/Arib/MASSA AYAM/chicken detection + constrative classification/data/crops_kolektor_deteksi/train/normal/11160_01130.png,0,normal,train,train,11160,11160.png,"[0, 564, 23, 631]",1.0,kolektor_deteksi,kolektor_permukaan
C:/Arib/MASSA AYAM/chicken detection + constrative classification/data/crops_kolektor_deteksi/train/normal/11161_01131.png,0,normal,train,train,11161,11161.png,"[0, 595, 32, 630]",1.0,kolektor_deteksi,kolektor_permukaan
C:/Arib/MASSA AYAM/chicken detection + constrative classification/data/crops_kolektor_deteksi/train/normal/11161_01132.png,0,normal,train,train,11161,11161.png,"[0, 590, 35, 630]",1.0,kolektor_deteksi,kolektor_permukaan
C:/Arib/MASSA AYAM/chicken detection + constrative classification/data/crops_kolektor_deteksi/train/normal/11165_01133.png,0,normal,train,train,11165,11165.png,"[74, 521, 90, 548]",1.0,kolektor_deteksi,kolektor_permukaan
C:/Arib/MASSA AYAM/chicken detection + constrative classification/data/crops_kolektor_deteksi/train/normal/11165_01134.png,0,normal,train,train,11165,11165.png,"[0, 58, 13, 123]",1.0,kolektor_deteksi,kolektor_permukaan
C:/Arib/MASSA AYAM/chicken detection + constrative classification/data/crops_kolektor_deteksi/train/normal/11165_01135.png,0,normal,train,train,11165,11165.png,"[72, 524, 93, 549]",1.0,kolektor_deteksi,kolektor_permukaan
C:/Arib/MASSA AYAM/chicken detection + constrative classification/data/crops_kolektor_deteksi/train/normal/11175_01136.png,0,normal,train,train,11175,11175.png,"[0, 611, 21, 634]",1.0,kolektor_deteksi,kolektor_permukaan
C:/Arib/MASSA AYAM/chicken detection + constrative classification/data/crops_kolektor_deteksi/train/normal/11175_01137.png,0,normal,train,train,11175,11175.png,"[0, 597, 18, 636]",1.0,kolektor_deteksi,kolektor_permukaan
C:/Arib/MASSA AYAM/chicken detection + constrative classification/data/crops_kolektor_deteksi/train/normal/11180_01139.png,0,normal,train,train,11180,11180.png,"[0, 571, 12, 625]",1.0,kolektor_deteksi,kolektor_permukaan
C:/Arib/MASSA AYAM/chicken detection + constrative classification/data/crops_kolektor_deteksi/train/normal/11180_01140.png,0,normal,train,train,11180,11180.png,"[0, 583, 13, 638]",1.0,kolektor_deteksi,kolektor_permukaan
C:/Arib/MASSA AYAM/chicken detection + constrative classification/data/crops_kolektor_deteksi/train/normal/11180_01141.png,0,normal,train,train,11180,11180.png,"[0, 0, 12, 76]",1.0,kolektor_deteksi,kolektor_permukaan
C:/Arib/MASSA AYAM/chicken detection + constrative classification/data/crops_kolektor_deteksi/train/normal/11189_01142.png,0,normal,train,train,11189,11189.png,"[0, 15, 12, 84]",1.0,kolektor_deteksi,kolektor_permukaan
C:/Arib/MASSA AYAM/chicken detection + constrative classification/data/crops_kolektor_deteksi/train/normal/11189_01143.png,0,normal,train,train,11189,11189.png,"[0, 2, 12, 68]",1.0,kolektor_deteksi,kolektor_permukaan
C:/Arib/MASSA AYAM/chicken detection + constrative classification/data/crops_kolektor_deteksi/train/normal/11189_01144.png,0,normal,train,train,11189,11189.png,"[0, 120, 16, 190]",1.0,kolektor_deteksi,kolektor_permukaan
C:/Arib/MASSA AYAM/chicken detection + constrative classification/data/crops_kolektor_deteksi/train/normal/11189_01145.png,0,normal,train,train,11189,11189.png,"[0, 106, 18, 183]",1.0,kolektor_deteksi,kolektor_permukaan
C:/Arib/MASSA AYAM/chicken detection + constrative classification/data/crops_kolektor_deteksi/train/normal/11189_01146.png,0,normal,train,train,11189,11189.png,"[0, 93, 13, 170]",1.0,kolektor_deteksi,kolektor_permukaan
C:/Arib/MASSA AYAM/chicken detection + constrative classification/data/crops_kolektor_deteksi/train/normal/11189_01147.png,0,normal,train,train,11189,11189.png,"[0, 25, 12, 104]",1.0,kolektor_deteksi,kolektor_permukaan
C:/Arib/MASSA AYAM/chicken detection + constrative classification/data/crops_kolektor_deteksi/train/normal/11189_01148.png,0,normal,train,train,11189,11189.png,"[0, 80, 12, 157]",1.0,kolektor_deteksi,kolektor_permukaan
C:/Arib/MASSA AYAM/chicken detection + constrative classification/data/crops_kolektor_deteksi/train/normal/11189_01149.png,0,normal,train,train,11189,11189.png,"[0, 0, 16, 63]",1.0,kolektor_deteksi,kolektor_permukaan
C:/Arib/MASSA AYAM/chicken detection + constrative classification/data/crops_kolektor_deteksi/train/normal/11189_01150.png,0,normal,train,train,11189,11189.png,"[0, 133, 14, 212]",1.0,kolektor_deteksi,kolektor_permukaan
C:/Arib/MASSA AYAM/chicken detection + constrative classification/data/crops_kolektor_deteksi/train/normal/11189_01151.png,0,normal,train,train,11189,11189.png,"[0, 60, 12, 138]",1.0,kolektor_deteksi,kolektor_permukaan
C:/Arib/MASSA AYAM/chicken detection + constrative classification/data/crops_kolektor_deteksi/train/normal/11189_01152.png,0,normal,train,train,11189,11189.png,"[0, 40, 13, 119]",1.0,kolektor_deteksi,kolektor_permukaan
C:/Arib/MASSA AYAM/chicken detection + constrative classification/data/crops_kolektor_deteksi/train/normal/11189_01153.png,0,normal,train,train,11189,11189.png,"[0, 0, 14, 104]",1.0,kolektor_deteksi,kolektor_permukaan
C:/Arib/MASSA AYAM/chicken detection + constrative classification/data/crops_kolektor_deteksi/train/normal/11189_01154.png,0,normal,train,train,11189,11189.png,"[0, 2, 17, 74]",1.0,kolektor_deteksi,kolektor_permukaan
C:/Arib/MASSA AYAM/chicken detection + constrative classification/data/crops_kolektor_deteksi/train/normal/11189_01155.png,0,normal,train,train,11189,11189.png,"[0, 9, 21, 97]",1.0,kolektor_deteksi,kolektor_permukaan
C:/Arib/MASSA AYAM/chicken detection + constrative classification/data/crops_kolektor_deteksi/train/normal/11189_01156.png,0,normal,train,train,11189,11189.png,"[0, 0, 18, 86]",1.0,kolektor_deteksi,kolektor_permukaan
C:/Arib/MASSA AYAM/chicken detection + constrative classification/data/crops_kolektor_deteksi/train/normal/11189_01157.png,0,normal,train,train,11189,11189.png,"[0, 149, 13, 232]",1.0,kolektor_deteksi,kolektor_permukaan
C:/Arib/MASSA AYAM/chicken detection + constrative classification/data/crops_kolektor_deteksi/train/normal/11189_01158.png,0,normal,train,train,11189,11189.png,"[0, 64, 15, 193]",1.0,kolektor_deteksi,kolektor_permukaan
C:/Arib/MASSA AYAM/chicken detection + constrative classification/data/crops_kolektor_deteksi/train/normal/11191_01163.png,0,normal,train,train,11191,11191.png,"[0, 580, 23, 636]",1.0,kolektor_deteksi,kolektor_permukaan
C:/Arib/MASSA AYAM/chicken detection + constrative classification/data/crops_kolektor_deteksi/train/normal/11199_01166.png,0,normal,train,train,11199,11199.png,"[0, 1, 11, 58]",1.0,kolektor_deteksi,kolektor_permukaan
C:/Arib/MASSA AYAM/chicken detection + constrative classification/data/crops_kolektor_deteksi/train/normal/11199_01167.png,0,normal,train,train,11199,11199.png,"[0, 0, 12, 68]",1.0,kolektor_deteksi,kolektor_permukaan
C:/Arib/MASSA AYAM/chicken detection + constrative classification/data/crops_kolektor_deteksi/train/normal/11199_01168.png,0,normal,train,train,11199,11199.png,"[0, 2, 11, 26]",1.0,kolektor_deteksi,kolektor_permukaan
C:/Arib/MASSA AYAM/chicken detection + constrative classification/data/crops_kolektor_deteksi/train/normal/11199_01169.png,0,normal,train,train,11199,11199.png,"[0, 93, 12, 145]",1.0,kolektor_deteksi,kolektor_permukaan
C:/Arib/MASSA AYAM/chicken detection + constrative classification/data/crops_kolektor_deteksi/train/normal/11199_01170.png,0,normal,train,train,11199,11199.png,"[0, 0, 12, 49]",1.0,kolektor_deteksi,kolektor_permukaan
C:/Arib/MASSA AYAM/chicken detection + constrative classification/data/crops_kolektor_deteksi/train/normal/11199_01171.png,0,normal,train,train,11199,11199.png,"[0, 0, 14, 92]",1.0,kolektor_deteksi,kolektor_permukaan
C:/Arib/MASSA AYAM/chicken detection + constrative classification/data/crops_kolektor_deteksi/train/normal/11199_01172.png,0,normal,train,train,11199,11199.png,"[0, 80, 13, 126]",1.0,kolektor_deteksi,kolektor_permukaan
C:/Arib/MASSA AYAM/chicken detection + constrative classification/data/crops_kolektor_deteksi/train/normal/11199_01173.png,0,normal,train,train,11199,11199.png,"[0, 181, 10, 241]",1.0,kolektor_deteksi,kolektor_permukaan
C:/Arib/MASSA AYAM/chicken detection + constrative classification/data/crops_kolektor_deteksi/train/normal/11202_01174.png,0,normal,train,train,11202,11202.png,"[0, 126, 13, 162]",1.0,kolektor_deteksi,kolektor_permukaan
C:/Arib/MASSA AYAM/chicken detection + constrative classification/data/crops_kolektor_deteksi/train/normal/11202_01175.png,0,normal,train,train,11202,11202.png,"[0, 135, 14, 197]",1.0,kolektor_deteksi,kolektor_permukaan
C:/Arib/MASSA AYAM/chicken detection + constrative classification/data/crops_kolektor_deteksi/train/normal/11202_01176.png,0,normal,train,train,11202,11202.png,"[0, 117, 14, 157]",1.0,kolektor_deteksi,kolektor_permukaan
C:/Arib/MASSA AYAM/chicken detection + constrative classification/data/crops_kolektor_deteksi/train/normal/11202_01177.png,0,normal,train,train,11202,11202.png,"[0, 130, 15, 208]",1.0,kolektor_deteksi,kolektor_permukaan
C:/Arib/MASSA AYAM/chicken detection + constrative classification/data/crops_kolektor_deteksi/train/normal/11202_01178.png,0,normal,train,train,11202,11202.png,"[0, 108, 15, 209]",1.0,kolektor_deteksi,kolektor_permukaan
C:/Arib/MASSA AYAM/chicken detection + constrative classification/data/crops_kolektor_deteksi/train/normal/11204_01179.png,0,normal,train,train,11204,11204.png,"[0, 36, 14, 99]",1.0,kolektor_deteksi,kolektor_permukaan
C:/Arib/MASSA AYAM/chicken detection + constrative classification/data/crops_kolektor_deteksi/train/normal/11204_01180.png,0,normal,train,train,11204,11204.png,"[0, 39, 16, 115]",1.0,kolektor_deteksi,kolektor_permukaan
C:/Arib/MASSA AYAM/chicken detection + constrative classification/data/crops_kolektor_deteksi/train/normal/11223_01181.png,0,normal,train,train,11223,11223.png,"[0, 14, 16, 72]",1.0,kolektor_deteksi,kolektor_permukaan
C:/Arib/MASSA AYAM/chicken detection + constrative classification/data/crops_kolektor_deteksi/train/normal/11223_01182.png,0,normal,train,train,11223,11223.png,"[0, 27, 17, 92]",1.0,kolektor_deteksi,kolektor_permukaan
C:/Arib/MASSA AYAM/chicken detection + constrative classification/data/crops_kolektor_deteksi/train/normal/11223_01183.png,0,normal,train,train,11223,11223.png,"[0, 2, 16, 63]",1.0,kolektor_deteksi,kolektor_permukaan
C:/Arib/MASSA AYAM/chicken detection + constrative classification/data/crops_kolektor_deteksi/train/normal/11238_01201.png,0,normal,train,train,11238,11238.png,"[71, 607, 112, 634]",1.0,kolektor_deteksi,kolektor_permukaan
C:/Arib/MASSA AYAM/chicken detection + constrative classification/data/crops_kolektor_deteksi/train/normal/11253_01210.png,0,normal,train,train,11253,11253.png,"[0, 427, 13, 497]",1.0,kolektor_deteksi,kolektor_permukaan
C:/Arib/MASSA AYAM/chicken detection + constrative classification/data/crops_kolektor_deteksi/train/normal/11253_01211.png,0,normal,train,train,11253,11253.png,"[0, 437, 14, 507]",1.0,kolektor_deteksi,kolektor_permukaan
C:/Arib/MASSA AYAM/chicken detection + constrative classification/data/crops_kolektor_deteksi/train/normal/11253_01212.png,0,normal,train,train,11253,11253.png,"[0, 416, 13, 472]",1.0,kolektor_deteksi,kolektor_permukaan
C:/Arib/MASSA AYAM/chicken detection + constrative classification/data/crops_kolektor_deteksi/train/normal/11253_01213.png,0,normal,train,train,11253,11253.png,"[0, 411, 16, 508]",1.0,kolektor_deteksi,kolektor_permukaan
C:/Arib/MASSA AYAM/chicken detection + constrative classification/data/crops_kolektor_deteksi/train/normal/11253_01214.png,0,normal,train,train,11253,11253.png,"[0, 406, 18, 481]",1.0,kolektor_deteksi,kolektor_permukaan
C:/Arib/MASSA AYAM/chicken detection + constrative classification/data/crops_kolektor_deteksi/train/normal/11253_01215.png,0,normal,train,train,11253,11253.png,"[0, 437, 15, 526]",1.0,kolektor_deteksi,kolektor_permukaan
C:/Arib/MASSA AYAM/chicken detection + constrative classification/data/crops_kolektor_deteksi/train/normal/11260_01220.png,0,normal,train,train,11260,11260.png,"[0, 549, 12, 628]",1.0,kolektor_deteksi,kolektor_permukaan
C:/Arib/MASSA AYAM/chicken detection + constrative classification/data/crops_kolektor_deteksi/train/normal/11260_01221.png,0,normal,train,train,11260,11260.png,"[0, 561, 12, 634]",1.0,kolektor_deteksi,kolektor_permukaan
C:/Arib/MASSA AYAM/chicken detection + constrative classification/data/crops_kolektor_deteksi/train/normal/11260_01222.png,0,normal,train,train,11260,11260.png,"[0, 519, 13, 597]",1.0,kolektor_deteksi,kolektor_permukaan
C:/Arib/MASSA AYAM/chicken detection + constrative classification/data/crops_kolektor_deteksi/train/normal/11260_01223.png,0,normal,train,train,11260,11260.png,"[0, 575, 11, 634]",1.0,kolektor_deteksi,kolektor_permukaan
C:/Arib/MASSA AYAM/chicken detection + constrative classification/data/crops_kolektor_deteksi/train/normal/11260_01224.png,0,normal,train,train,11260,11260.png,"[0, 534, 12, 614]",1.0,kolektor_deteksi,kolektor_permukaan
C:/Arib/MASSA AYAM/chicken detection + constrative classification/data/crops_kolektor_deteksi/train/normal/11260_01225.png,0,normal,train,train,11260,11260.png,"[0, 502, 12, 570]",1.0,kolektor_deteksi,kolektor_permukaan
C:/Arib/MASSA AYAM/chicken detection + constrative classification/data/crops_kolektor_deteksi/train/normal/11260_01226.png,0,normal,train,train,11260,11260.png,"[0, 528, 13, 634]",1.0,kolektor_deteksi,kolektor_permukaan
C:/Arib/MASSA AYAM/chicken detection + constrative classification/data/crops_kolektor_deteksi/train/normal/11260_01227.png,0,normal,train,train,11260,11260.png,"[0, 591, 11, 634]",1.0,kolektor_deteksi,kolektor_permukaan
C:/Arib/MASSA AYAM/chicken detection + constrative classification/data/crops_kolektor_deteksi/train/normal/11273_01233.png,0,normal,train,train,11273,11273.png,"[29, 319, 42, 327]",1.0,kolektor_deteksi,kolektor_permukaan
C:/Arib/MASSA AYAM/chicken detection + constrative classification/data/crops_kolektor_deteksi/train/normal/11275_01234.png,0,normal,train,train,11275,11275.png,"[0, 567, 14, 634]",1.0,kolektor_deteksi,kolektor_permukaan
C:/Arib/MASSA AYAM/chicken detection + constrative classification/data/crops_kolektor_deteksi/train/normal/11275_01235.png,0,normal,train,train,11275,11275.png,"[0, 554, 13, 605]",1.0,kolektor_deteksi,kolektor_permukaan
C:/Arib/MASSA AYAM/chicken detection + constrative classification/data/crops_kolektor_deteksi/train/normal/11275_01236.png,0,normal,train,train,11275,11275.png,"[0, 455, 15, 533]",1.0,kolektor_deteksi,kolektor_permukaan
C:/Arib/MASSA AYAM/chicken detection + constrative classification/data/crops_kolektor_deteksi/train/normal/11275_01237.png,0,normal,train,train,11275,11275.png,"[0, 547, 16, 640]",1.0,kolektor_deteksi,kolektor_permukaan
C:/Arib/MASSA AYAM/chicken detection + constrative classification/data/crops_kolektor_deteksi/train/normal/11275_01238.png,0,normal,train,train,11275,11275.png,"[0, 545, 16, 606]",1.0,kolektor_deteksi,kolektor_permukaan
C:/Arib/MASSA AYAM/chicken detection + constrative classification/data/crops_kolektor_deteksi/train/normal/11275_01239.png,0,normal,train,train,11275,11275.png,"[0, 546, 14, 597]",1.0,kolektor_deteksi,kolektor_permukaan
C:/Arib/MASSA AYAM/chicken detection + constrative classification/data/crops_kolektor_deteksi/train/normal/11275_01240.png,0,normal,train,train,11275,11275.png,"[0, 469, 17, 550]",1.0,kolektor_deteksi,kolektor_permukaan
C:/Arib/MASSA AYAM/chicken detection + constrative classification/data/crops_kolektor_deteksi/train/normal/11275_01241.png,0,normal,train,train,11275,11275.png,"[0, 564, 15, 640]",1.0,kolektor_deteksi,kolektor_permukaan
C:/Arib/MASSA AYAM/chicken detection + constrative classification/data/crops_kolektor_deteksi/train/normal/11275_01242.png,0,normal,train,train,11275,11275.png,"[0, 542, 18, 640]",1.0,kolektor_deteksi,kolektor_permukaan
C:/Arib/MASSA AYAM/chicken detection + constrative classification/data/crops_kolektor_deteksi/train/normal/11276_01243.png,0,normal,train,train,11276,11276.png,"[0, 6, 10, 75]",1.0,kolektor_deteksi,kolektor_permukaan
C:/Arib/MASSA AYAM/chicken detection + constrative classification/data/crops_kolektor_deteksi/train/normal/11276_01244.png,0,normal,train,train,11276,11276.png,"[0, 17, 11, 95]",1.0,kolektor_deteksi,kolektor_permukaan
C:/Arib/MASSA AYAM/chicken detection + constrative classification/data/crops_kolektor_deteksi/train/normal/11276_01245.png,0,normal,train,train,11276,11276.png,"[0, 0, 12, 75]",1.0,kolektor_deteksi,kolektor_permukaan
C:/Arib/MASSA AYAM/chicken detection + constrative classification/data/crops_kolektor_deteksi/train/normal/11283_01250.png,0,normal,train,train,11283,11283.png,"[0, 109, 10, 183]",1.0,kolektor_deteksi,kolektor_permukaan
C:/Arib/MASSA AYAM/chicken detection + constrative classification/data/crops_kolektor_deteksi/train/normal/11285_01251.png,0,normal,train,train,11285,11285.png,"[0, 593, 17, 642]",1.0,kolektor_deteksi,kolektor_permukaan
C:/Arib/MASSA AYAM/chicken detection + constrative classification/data/crops_kolektor_deteksi/train/normal/11285_01252.png,0,normal,train,train,11285,11285.png,"[0, 605, 25, 642]",1.0,kolektor_deteksi,kolektor_permukaan
C:/Arib/MASSA AYAM/chicken detection + constrative classification/data/crops_kolektor_deteksi/train/normal/11285_01253.png,0,normal,train,train,11285,11285.png,"[0, 528, 11, 608]",1.0,kolektor_deteksi,kolektor_permukaan
C:/Arib/MASSA AYAM/chicken detection + constrative classification/data/crops_kolektor_deteksi/train/normal/11285_01254.png,0,normal,train,train,11285,11285.png,"[0, 584, 20, 642]",1.0,kolektor_deteksi,kolektor_permukaan
C:/Arib/MASSA AYAM/chicken detection + constrative classification/data/crops_kolektor_deteksi/train/normal/11285_01255.png,0,normal,train,train,11285,11285.png,"[0, 468, 11, 551]",1.0,kolektor_deteksi,kolektor_permukaan
C:/Arib/MASSA AYAM/chicken detection + constrative classification/data/crops_kolektor_deteksi/train/normal/11285_01256.png,0,normal,train,train,11285,11285.png,"[0, 503, 11, 585]",1.0,kolektor_deteksi,kolektor_permukaan
C:/Arib/MASSA AYAM/chicken detection + constrative classification/data/crops_kolektor_deteksi/train/normal/11285_01257.png,0,normal,train,train,11285,11285.png,"[0, 541, 12, 626]",1.0,kolektor_deteksi,kolektor_permukaan
C:/Arib/MASSA AYAM/chicken detection + constrative classification/data/crops_kolektor_deteksi/train/normal/11285_01258.png,0,normal,train,train,11285,11285.png,"[0, 493, 10, 572]",1.0,kolektor_deteksi,kolektor_permukaan
C:/Arib/MASSA AYAM/chicken detection + constrative classification/data/crops_kolektor_deteksi/train/normal/11291_01259.png,0,normal,train,train,11291,11291.png,"[0, 510, 16, 544]",1.0,kolektor_deteksi,kolektor_permukaan
C:/Arib/MASSA AYAM/chicken detection + constrative classification/data/crops_kolektor_deteksi/train/normal/11291_01260.png,0,normal,train,train,11291,11291.png,"[0, 0, 16, 70]",1.0,kolektor_deteksi,kolektor_permukaan
C:/Arib/MASSA AYAM/chicken detection + constrative classification/data/crops_kolektor_deteksi/train/normal/11291_01261.png,0,normal,train,train,11291,11291.png,"[0, 509, 17, 534]",1.0,kolektor_deteksi,kolektor_permukaan
C:/Arib/MASSA AYAM/chicken detection + constrative classification/data/crops_kolektor_deteksi/train/normal/11291_01262.png,0,normal,train,train,11291,11291.png,"[0, 0, 13, 57]",1.0,kolektor_deteksi,kolektor_permukaan
C:/Arib/MASSA AYAM/chicken detection + constrative classification/data/crops_kolektor_deteksi/train/normal/11291_01263.png,0,normal,train,train,11291,11291.png,"[0, 514, 17, 537]",1.0,kolektor_deteksi,kolektor_permukaan
C:/Arib/MASSA AYAM/chicken detection + constrative classification/data/crops_kolektor_deteksi/train/normal/11295_01264.png,0,normal,train,train,11295,11295.png,"[0, 591, 13, 630]",1.0,kolektor_deteksi,kolektor_permukaan
C:/Arib/MASSA AYAM/chicken detection + constrative classification/data/crops_kolektor_deteksi/train/normal/11295_01265.png,0,normal,train,train,11295,11295.png,"[0, 580, 11, 631]",1.0,kolektor_deteksi,kolektor_permukaan
C:/Arib/MASSA AYAM/chicken detection + constrative classification/data/crops_kolektor_deteksi/train/normal/11296_01266.png,0,normal,train,train,11296,11296.png,"[18, 245, 37, 272]",1.0,kolektor_deteksi,kolektor_permukaan
C:/Arib/MASSA AYAM/chicken detection + constrative classification/data/crops_kolektor_deteksi/train/normal/11305_01271.png,0,normal,train,train,11305,11305.png,"[0, 178, 13, 260]",1.0,kolektor_deteksi,kolektor_permukaan
C:/Arib/MASSA AYAM/chicken detection + constrative classification/data/crops_kolektor_deteksi/train/normal/11305_01272.png,0,normal,train,train,11305,11305.png,"[0, 171, 12, 243]",1.0,kolektor_deteksi,kolektor_permukaan
C:/Arib/MASSA AYAM/chicken detection + constrative classification/data/crops_kolektor_deteksi/train/normal/11308_01273.png,0,normal,train,train,11308,11308.png,"[166, 12, 186, 37]",1.0,kolektor_deteksi,kolektor_permukaan
C:/Arib/MASSA AYAM/chicken detection + constrative classification/data/crops_kolektor_deteksi/train/normal/11314_01274.png,0,normal,train,train,11314,11314.png,"[0, 423, 11, 502]",1.0,kolektor_deteksi,kolektor_permukaan
C:/Arib/MASSA AYAM/chicken detection + constrative classification/data/crops_kolektor_deteksi/train/normal/11314_01275.png,0,normal,train,train,11314,11314.png,"[0, 415, 9, 484]",1.0,kolektor_deteksi,kolektor_permukaan
C:/Arib/MASSA AYAM/chicken detection + constrative classification/data/crops_kolektor_deteksi/train/normal/11314_01276.png,0,normal,train,train,11314,11314.png,"[0, 431, 12, 510]",1.0,kolektor_deteksi,kolektor_permukaan
C:/Arib/MASSA AYAM/chicken detection + constrative classification/data/crops_kolektor_deteksi/train/normal/11314_01277.png,0,normal,train,train,11314,11314.png,"[0, 165, 10, 237]",1.0,kolektor_deteksi,kolektor_permukaan
C:/Arib/MASSA AYAM/chicken detection + constrative classification/data/crops_kolektor_deteksi/train/normal/11314_01278.png,0,normal,train,train,11314,11314.png,"[0, 154, 9, 217]",1.0,kolektor_deteksi,kolektor_permukaan
C:/Arib/MASSA AYAM/chicken detection + constrative classification/data/crops_kolektor_deteksi/train/normal/11320_01279.png,0,normal,train,train,11320,11320.png,"[12, 257, 36, 266]",1.0,kolektor_deteksi,kolektor_permukaan
C:/Arib/MASSA AYAM/chicken detection + constrative classification/data/crops_kolektor_deteksi/train/normal/11326_01286.png,0,normal,train,train,11326,11326.png,"[0, 1, 23, 13]",1.0,kolektor_deteksi,kolektor_permukaan
C:/Arib/MASSA AYAM/chicken detection + constrative classification/data/crops_kolektor_deteksi/train/normal/11326_01287.png,0,normal,train,train,11326,11326.png,"[0, 0, 18, 45]",1.0,kolektor_deteksi,kolektor_permukaan
C:/Arib/MASSA AYAM/chicken detection + constrative classification/data/crops_kolektor_deteksi/train/normal/11326_01288.png,0,normal,train,train,11326,11326.png,"[0, 1, 30, 13]",1.0,kolektor_deteksi,kolektor_permukaan
C:/Arib/MASSA AYAM/chicken detection + constrative classification/data/crops_kolektor_deteksi/train/normal/11326_01289.png,0,normal,train,train,11326,11326.png,"[0, 1, 25, 15]",1.0,kolektor_deteksi,kolektor_permukaan
C:/Arib/MASSA AYAM/chicken detection + constrative classification/data/crops_kolektor_deteksi/train/normal/11327_01290.png,0,normal,train,train,11327,11327.png,"[0, 347, 11, 428]",1.0,kolektor_deteksi,kolektor_permukaan
C:/Arib/MASSA AYAM/chicken detection + constrative classification/data/crops_kolektor_deteksi/train/normal/11328_01291.png,0,normal,train,train,11328,11328.png,"[27, 77, 42, 87]",1.0,kolektor_deteksi,kolektor_permukaan
C:/Arib/MASSA AYAM/chicken detection + constrative classification/data/crops_kolektor_deteksi/train/normal/11328_01292.png,0,normal,train,train,11328,11328.png,"[0, 398, 11, 474]",1.0,kolektor_deteksi,kolektor_permukaan
C:/Arib/MASSA AYAM/chicken detection + constrative classification/data/crops_kolektor_deteksi/train/normal/11333_01293.png,0,normal,train,train,11333,11333.png,"[0, 613, 21, 643]",1.0,kolektor_deteksi,kolektor_permukaan
C:/Arib/MASSA AYAM/chicken detection + constrative classification/data/crops_kolektor_deteksi/train/normal/11334_01294.png,0,normal,train,train,11334,11334.png,"[0, 0, 14, 68]",1.0,kolektor_deteksi,kolektor_permukaan
C:/Arib/MASSA AYAM/chicken detection + constrative classification/data/crops_kolektor_deteksi/train/normal/11334_01295.png,0,normal,train,train,11334,11334.png,"[0, 0, 12, 58]",1.0,kolektor_deteksi,kolektor_permukaan
C:/Arib/MASSA AYAM/chicken detection + constrative classification/data/crops_kolektor_deteksi/train/normal/11334_01296.png,0,normal,train,train,11334,11334.png,"[0, 6, 14, 89]",1.0,kolektor_deteksi,kolektor_permukaan
C:/Arib/MASSA AYAM/chicken detection + constrative classification/data/crops_kolektor_deteksi/train/normal/11334_01297.png,0,normal,train,train,11334,11334.png,"[0, 0, 17, 88]",1.0,kolektor_deteksi,kolektor_permukaan
C:/Arib/MASSA AYAM/chicken detection + constrative classification/data/crops_kolektor_deteksi/train/normal/11334_01298.png,0,normal,train,train,11334,11334.png,"[0, 16, 16, 98]",1.0,kolektor_deteksi,kolektor_permukaan
C:/Arib/MASSA AYAM/chicken detection + constrative classification/data/crops_kolektor_deteksi/train/normal/11336_01299.png,0,normal,train,train,11336,11336.png,"[0, 233, 12, 269]",1.0,kolektor_deteksi,kolektor_permukaan
C:/Arib/MASSA AYAM/chicken detection + constrative classification/data/crops_kolektor_deteksi/train/normal/11336_01300.png,0,normal,train,train,11336,11336.png,"[0, 296, 24, 311]",1.0,kolektor_deteksi,kolektor_permukaan
C:/Arib/MASSA AYAM/chicken detection + constrative classification/data/crops_kolektor_deteksi/train/normal/11336_01301.png,0,normal,train,train,11336,11336.png,"[0, 246, 13, 282]",1.0,kolektor_deteksi,kolektor_permukaan
C:/Arib/MASSA AYAM/chicken detection + constrative classification/data/crops_kolektor_deteksi/train/normal/11336_01302.png,0,normal,train,train,11336,11336.png,"[91, 383, 122, 396]",1.0,kolektor_deteksi,kolektor_permukaan
C:/Arib/MASSA AYAM/chicken detection + constrative classification/data/crops_kolektor_deteksi/train/normal/11336_01303.png,0,normal,train,train,11336,11336.png,"[0, 292, 22, 315]",1.0,kolektor_deteksi,kolektor_permukaan
C:/Arib/MASSA AYAM/chicken detection + constrative classification/data/crops_kolektor_deteksi/train/normal/11336_01304.png,0,normal,train,train,11336,11336.png,"[0, 222, 14, 270]",1.0,kolektor_deteksi,kolektor_permukaan
C:/Arib/MASSA AYAM/chicken detection + constrative classification/data/crops_kolektor_deteksi/train/normal/11336_01305.png,0,normal,train,train,11336,11336.png,"[61, 338, 77, 351]",1.0,kolektor_deteksi,kolektor_permukaan
C:/Arib/MASSA AYAM/chicken detection + constrative classification/data/crops_kolektor_deteksi/train/normal/11343_01310.png,0,normal,train,train,11343,11343.png,"[0, 131, 18, 150]",1.0,kolektor_deteksi,kolektor_permukaan
C:/Arib/MASSA AYAM/chicken detection + constrative classification/data/crops_kolektor_deteksi/train/normal/11343_01311.png,0,normal,train,train,11343,11343.png,"[0, 129, 18, 155]",1.0,kolektor_deteksi,kolektor_permukaan
C:/Arib/MASSA AYAM/chicken detection + constrative classification/data/crops_kolektor_deteksi/train/normal/11346_01312.png,0,normal,train,train,11346,11346.png,"[0, 402, 19, 453]",1.0,kolektor_deteksi,kolektor_permukaan
C:/Arib/MASSA AYAM/chicken detection + constrative classification/data/crops_kolektor_deteksi/train/normal/11346_01313.png,0,normal,train,train,11346,11346.png,"[0, 397, 21, 443]",1.0,kolektor_deteksi,kolektor_permukaan
C:/Arib/MASSA AYAM/chicken detection + constrative classification/data/crops_kolektor_deteksi/train/normal/11346_01314.png,0,normal,train,train,11346,11346.png,"[0, 407, 24, 448]",1.0,kolektor_deteksi,kolektor_permukaan
C:/Arib/MASSA AYAM/chicken detection + constrative classification/data/crops_kolektor_deteksi/train/normal/11346_01315.png,0,normal,train,train,11346,11346.png,"[0, 399, 16, 474]",1.0,kolektor_deteksi,kolektor_permukaan
C:/Arib/MASSA AYAM/chicken detection + constrative classification/data/crops_kolektor_deteksi/train/normal/11346_01316.png,0,normal,train,train,11346,11346.png,"[0, 405, 25, 438]",1.0,kolektor_deteksi,kolektor_permukaan
C:/Arib/MASSA AYAM/chicken detection + constrative classification/data/crops_kolektor_deteksi/train/normal/11346_01317.png,0,normal,train,train,11346,11346.png,"[0, 385, 24, 442]",1.0,kolektor_deteksi,kolektor_permukaan
C:/Arib/MASSA AYAM/chicken detection + constrative classification/data/crops_kolektor_deteksi/train/normal/11346_01318.png,0,normal,train,train,11346,11346.png,"[0, 402, 24, 474]",1.0,kolektor_deteksi,kolektor_permukaan
C:/Arib/MASSA AYAM/chicken detection + constrative classification/data/crops_kolektor_deteksi/train/normal/11347_01319.png,0,normal,train,train,11347,11347.png,"[0, 523, 10, 599]",1.0,kolektor_deteksi,kolektor_permukaan
C:/Arib/MASSA AYAM/chicken detection + constrative classification/data/crops_kolektor_deteksi/train/normal/11347_01320.png,0,normal,train,train,11347,11347.png,"[0, 494, 13, 569]",1.0,kolektor_deteksi,kolektor_permukaan
C:/Arib/MASSA AYAM/chicken detection + constrative classification/data/crops_kolektor_deteksi/train/normal/11347_01321.png,0,normal,train,train,11347,11347.png,"[0, 509, 12, 589]",1.0,kolektor_deteksi,kolektor_permukaan
C:/Arib/MASSA AYAM/chicken detection + constrative classification/data/crops_kolektor_deteksi/train/normal/11347_01322.png,0,normal,train,train,11347,11347.png,"[0, 536, 11, 616]",1.0,kolektor_deteksi,kolektor_permukaan
C:/Arib/MASSA AYAM/chicken detection + constrative classification/data/crops_kolektor_deteksi/train/normal/11347_01323.png,0,normal,train,train,11347,11347.png,"[0, 478, 14, 548]",1.0,kolektor_deteksi,kolektor_permukaan
C:/Arib/MASSA AYAM/chicken detection + constrative classification/data/crops_kolektor_deteksi/train/normal/11347_01324.png,0,normal,train,train,11347,11347.png,"[0, 548, 12, 627]",1.0,kolektor_deteksi,kolektor_permukaan
C:/Arib/MASSA AYAM/chicken detection + constrative classification/data/crops_kolektor_deteksi/train/normal/11347_01325.png,0,normal,train,train,11347,11347.png,"[0, 569, 14, 627]",1.0,kolektor_deteksi,kolektor_permukaan
C:/Arib/MASSA AYAM/chicken detection + constrative classification/data/crops_kolektor_deteksi/train/normal/11358_01338.png,0,normal,train,train,11358,11358.png,"[0, 309, 11, 387]",1.0,kolektor_deteksi,kolektor_permukaan
C:/Arib/MASSA AYAM/chicken detection + constrative classification/data/crops_kolektor_deteksi/train/normal/11358_01339.png,0,normal,train,train,11358,11358.png,"[0, 597, 10, 641]",1.0,kolektor_deteksi,kolektor_permukaan
C:/Arib/MASSA AYAM/chicken detection + constrative classification/data/crops_kolektor_deteksi/train/normal/11358_01340.png,0,normal,train,train,11358,11358.png,"[0, 609, 13, 642]",1.0,kolektor_deteksi,kolektor_permukaan
C:/Arib/MASSA AYAM/chicken detection + constrative classification/data/crops_kolektor_deteksi/train/normal/11358_01341.png,0,normal,train,train,11358,11358.png,"[0, 322, 11, 405]",1.0,kolektor_deteksi,kolektor_permukaan
C:/Arib/MASSA AYAM/chicken detection + constrative classification/data/crops_kolektor_deteksi/train/normal/11358_01342.png,0,normal,train,train,11358,11358.png,"[0, 295, 11, 374]",1.0,kolektor_deteksi,kolektor_permukaan
C:/Arib/MASSA AYAM/chicken detection + constrative classification/data/crops_kolektor_deteksi/train/normal/11369_01351.png,0,normal,train,train,11369,11369.png,"[0, 611, 21, 630]",1.0,kolektor_deteksi,kolektor_permukaan
C:/Arib/MASSA AYAM/chicken detection + constrative classification/data/crops_kolektor_deteksi/train/normal/11374_01352.png,0,normal,train,train,11374,11374.png,"[175, 24, 207, 41]",1.0,kolektor_deteksi,kolektor_permukaan
C:/Arib/MASSA AYAM/chicken detection + constrative classification/data/crops_kolektor_deteksi/train/normal/11375_01353.png,0,normal,train,train,11375,11375.png,"[122, 434, 140, 451]",1.0,kolektor_deteksi,kolektor_permukaan
C:/Arib/MASSA AYAM/chicken detection + constrative classification/data/crops_kolektor_deteksi/train/normal/11377_01354.png,0,normal,train,train,11377,11377.png,"[0, 31, 11, 80]",1.0,kolektor_deteksi,kolektor_permukaan
C:/Arib/MASSA AYAM/chicken detection + constrative classification/data/crops_kolektor_deteksi/train/normal/11378_01355.png,0,normal,train,train,11378,11378.png,"[0, 101, 12, 138]",1.0,kolektor_deteksi,kolektor_permukaan
C:/Arib/MASSA AYAM/chicken detection + constrative classification/data/crops_kolektor_deteksi/train/normal/11378_01356.png,0,normal,train,train,11378,11378.png,"[0, 109, 13, 171]",1.0,kolektor_deteksi,kolektor_permukaan
C:/Arib/MASSA AYAM/chicken detection + constrative classification/data/crops_kolektor_deteksi/train/normal/11378_01357.png,0,normal,train,train,11378,11378.png,"[0, 93, 12, 131]",1.0,kolektor_deteksi,kolektor_permukaan
C:/Arib/MASSA AYAM/chicken detection + constrative classification/data/crops_kolektor_deteksi/train/normal/11381_01358.png,0,normal,train,train,11381,11381.png,"[0, 349, 12, 409]",1.0,kolektor_deteksi,kolektor_permukaan
C:/Arib/MASSA AYAM/chicken detection + constrative classification/data/crops_kolektor_deteksi/train/normal/11381_01359.png,0,normal,train,train,11381,11381.png,"[0, 341, 13, 395]",1.0,kolektor_deteksi,kolektor_permukaan
C:/Arib/MASSA AYAM/chicken detection + constrative classification/data/crops_kolektor_deteksi/train/normal/11381_01360.png,0,normal,train,train,11381,11381.png,"[0, 361, 13, 432]",1.0,kolektor_deteksi,kolektor_permukaan
C:/Arib/MASSA AYAM/chicken detection + constrative classification/data/crops_kolektor_deteksi/train/normal/11390_01366.png,0,normal,train,train,11390,11390.png,"[0, 214, 8, 262]",1.0,kolektor_deteksi,kolektor_permukaan
C:/Arib/MASSA AYAM/chicken detection + constrative classification/data/crops_kolektor_deteksi/train/normal/11391_01367.png,0,normal,train,train,11391,11391.png,"[0, 601, 18, 635]",1.0,kolektor_deteksi,kolektor_permukaan
C:/Arib/MASSA AYAM/chicken detection + constrative classification/data/crops_kolektor_deteksi/train/normal/11391_01368.png,0,normal,train,train,11391,11391.png,"[0, 609, 21, 632]",1.0,kolektor_deteksi,kolektor_permukaan
C:/Arib/MASSA AYAM/chicken detection + constrative classification/data/crops_kolektor_deteksi/train/normal/11392_01369.png,0,normal,train,train,11392,11392.png,"[0, 584, 11, 639]",1.0,kolektor_deteksi,kolektor_permukaan
C:/Arib/MASSA AYAM/chicken detection + constrative classification/data/crops_kolektor_deteksi/train/normal/11394_01370.png,0,normal,train,train,11394,11394.png,"[0, 241, 19, 304]",1.0,kolektor_deteksi,kolektor_permukaan
C:/Arib/MASSA AYAM/chicken detection + constrative classification/data/crops_kolektor_deteksi/train/normal/11394_01371.png,0,normal,train,train,11394,11394.png,"[0, 227, 19, 279]",1.0,kolektor_deteksi,kolektor_permukaan
C:/Arib/MASSA AYAM/chicken detection + constrative classification/data/crops_kolektor_deteksi/train/normal/11402_01387.png,0,normal,train,train,11402,11402.png,"[0, 592, 10, 633]",1.0,kolektor_deteksi,kolektor_permukaan
C:/Arib/MASSA AYAM/chicken detection + constrative classification/data/crops_kolektor_deteksi/train/normal/11415_01388.png,0,normal,train,train,11415,11415.png,"[0, 16, 12, 95]",1.0,kolektor_deteksi,kolektor_permukaan
C:/Arib/MASSA AYAM/chicken detection + constrative classification/data/crops_kolektor_deteksi/train/normal/11420_01391.png,0,normal,train,train,11420,11420.png,"[0, 539, 13, 610]",1.0,kolektor_deteksi,kolektor_permukaan
C:/Arib/MASSA AYAM/chicken detection + constrative classification/data/crops_kolektor_deteksi/train/normal/11420_01392.png,0,normal,train,train,11420,11420.png,"[0, 547, 14, 625]",1.0,kolektor_deteksi,kolektor_permukaan
C:/Arib/MASSA AYAM/chicken detection + constrative classification/data/crops_kolektor_deteksi/train/normal/11420_01393.png,0,normal,train,train,11420,11420.png,"[0, 526, 14, 602]",1.0,kolektor_deteksi,kolektor_permukaan
C:/Arib/MASSA AYAM/chicken detection + constrative classification/data/crops_kolektor_deteksi/train/normal/11420_01394.png,0,normal,train,train,11420,11420.png,"[0, 556, 16, 630]",1.0,kolektor_deteksi,kolektor_permukaan
C:/Arib/MASSA AYAM/chicken detection + constrative classification/data/crops_kolektor_deteksi/train/normal/11420_01395.png,0,normal,train,train,11420,11420.png,"[0, 572, 11, 630]",1.0,kolektor_deteksi,kolektor_permukaan
C:/Arib/MASSA AYAM/chicken detection + constrative classification/data/crops_kolektor_deteksi/train/normal/11420_01396.png,0,normal,train,train,11420,11420.png,"[0, 512, 15, 592]",1.0,kolektor_deteksi,kolektor_permukaan
C:/Arib/MASSA AYAM/chicken detection + constrative classification/data/crops_kolektor_deteksi/train/normal/11420_01397.png,0,normal,train,train,11420,11420.png,"[0, 580, 9, 630]",1.0,kolektor_deteksi,kolektor_permukaan
C:/Arib/MASSA AYAM/chicken detection + constrative classification/data/crops_kolektor_deteksi/train/normal/11420_01398.png,0,normal,train,train,11420,11420.png,"[0, 525, 17, 630]",1.0,kolektor_deteksi,kolektor_permukaan
C:/Arib/MASSA AYAM/chicken detection + constrative classification/data/crops_kolektor_deteksi/train/normal/11420_01399.png,0,normal,train,train,11420,11420.png,"[0, 589, 10, 629]",1.0,kolektor_deteksi,kolektor_permukaan
C:/Arib/MASSA AYAM/chicken detection + constrative classification/data/crops_kolektor_deteksi/train/normal/11420_01400.png,0,normal,train,train,11420,11420.png,"[0, 500, 14, 579]",1.0,kolektor_deteksi,kolektor_permukaan
C:/Arib/MASSA AYAM/chicken detection + constrative classification/data/crops_kolektor_deteksi/train/normal/11443_01423.png,0,normal,train,train,11443,11443.png,"[0, 81, 19, 118]",1.0,kolektor_deteksi,kolektor_permukaan
C:/Arib/MASSA AYAM/chicken detection + constrative classification/data/crops_kolektor_deteksi/train/normal/11443_01424.png,0,normal,train,train,11443,11443.png,"[0, 90, 18, 142]",1.0,kolektor_deteksi,kolektor_permukaan
C:/Arib/MASSA AYAM/chicken detection + constrative classification/data/crops_kolektor_deteksi/train/normal/11443_01425.png,0,normal,train,train,11443,11443.png,"[127, 31, 143, 49]",1.0,kolektor_deteksi,kolektor_permukaan
C:/Arib/MASSA AYAM/chicken detection + constrative classification/data/crops_kolektor_deteksi/train/normal/11462_01436.png,0,normal,train,train,11462,11462.png,"[0, 99, 11, 175]",1.0,kolektor_deteksi,kolektor_permukaan
C:/Arib/MASSA AYAM/chicken detection + constrative classification/data/crops_kolektor_deteksi/train/normal/11472_01437.png,0,normal,train,train,11472,11472.png,"[0, 490, 10, 540]",1.0,kolektor_deteksi,kolektor_permukaan
C:/Arib/MASSA AYAM/chicken detection + constrative classification/data/crops_kolektor_deteksi/train/normal/11474_01438.png,0,normal,train,train,11474,11474.png,"[0, 584, 26, 627]",1.0,kolektor_deteksi,kolektor_permukaan
C:/Arib/MASSA AYAM/chicken detection + constrative classification/data/crops_kolektor_deteksi/train/normal/11480_01444.png,0,normal,train,train,11480,11480.png,"[108, 558, 122, 571]",1.0,kolektor_deteksi,kolektor_permukaan
C:/Arib/MASSA AYAM/chicken detection + constrative classification/data/crops_kolektor_deteksi/train/normal/11484_01450.png,0,normal,train,train,11484,11484.png,"[0, 213, 11, 249]",1.0,kolektor_deteksi,kolektor_permukaan
C:/Arib/MASSA AYAM/chicken detection + constrative classification/data/crops_kolektor_deteksi/train/normal/11485_01451.png,0,normal,train,train,11485,11485.png,"[0, 404, 10, 456]",1.0,kolektor_deteksi,kolektor_permukaan
C:/Arib/MASSA AYAM/chicken detection + constrative classification/data/crops_kolektor_deteksi/train/normal/11487_01452.png,0,normal,train,train,11487,11487.png,"[0, 605, 12, 638]",1.0,kolektor_deteksi,kolektor_permukaan
C:/Arib/MASSA AYAM/chicken detection + constrative classification/data/crops_kolektor_deteksi/train/normal/11494_01453.png,0,normal,train,train,11494,11494.png,"[0, 1, 14, 57]",1.0,kolektor_deteksi,kolektor_permukaan
C:/Arib/MASSA AYAM/chicken detection + constrative classification/data/crops_kolektor_deteksi/train/normal/11494_01454.png,0,normal,train,train,11494,11494.png,"[0, 1, 16, 22]",1.0,kolektor_deteksi,kolektor_permukaan
C:/Arib/MASSA AYAM/chicken detection + constrative classification/data/crops_kolektor_deteksi/train/normal/11495_01455.png,0,normal,train,train,11495,11495.png,"[0, 236, 10, 269]",1.0,kolektor_deteksi,kolektor_permukaan
C:/Arib/MASSA AYAM/chicken detection + constrative classification/data/crops_kolektor_deteksi/train/normal/11502_01463.png,0,normal,train,train,11502,11502.png,"[0, 363, 12, 444]",1.0,kolektor_deteksi,kolektor_permukaan
C:/Arib/MASSA AYAM/chicken detection + constrative classification/data/crops_kolektor_deteksi/train/normal/11502_01464.png,0,normal,train,train,11502,11502.png,"[0, 377, 11, 457]",1.0,kolektor_deteksi,kolektor_permukaan
C:/Arib/MASSA AYAM/chicken detection + constrative classification/data/crops_kolektor_deteksi/train/normal/11502_01465.png,0,normal,train,train,11502,11502.png,"[0, 353, 11, 431]",1.0,kolektor_deteksi,kolektor_permukaan
C:/Arib/MASSA AYAM/chicken detection + constrative classification/data/crops_kolektor_deteksi/train/normal/11502_01466.png,0,normal,train,train,11502,11502.png,"[0, 389, 11, 473]",1.0,kolektor_deteksi,kolektor_permukaan
C:/Arib/MASSA AYAM/chicken detection + constrative classification/data/crops_kolektor_deteksi/train/normal/11502_01467.png,0,normal,train,train,11502,11502.png,"[0, 399, 13, 481]",1.0,kolektor_deteksi,kolektor_permukaan
C:/Arib/MASSA AYAM/chicken detection + constrative classification/data/crops_kolektor_deteksi/train/normal/11502_01468.png,0,normal,train,train,11502,11502.png,"[0, 452, 12, 532]",1.0,kolektor_deteksi,kolektor_permukaan
C:/Arib/MASSA AYAM/chicken detection + constrative classification/data/crops_kolektor_deteksi/train/normal/11504_01469.png,0,normal,train,train,11504,11504.png,"[0, 440, 14, 515]",1.0,kolektor_deteksi,kolektor_permukaan
C:/Arib/MASSA AYAM/chicken detection + constrative classification/data/crops_kolektor_deteksi/train/normal/11504_01470.png,0,normal,train,train,11504,11504.png,"[0, 435, 14, 495]",1.0,kolektor_deteksi,kolektor_permukaan
C:/Arib/MASSA AYAM/chicken detection + constrative classification/data/crops_kolektor_deteksi/train/normal/11516_01478.png,0,normal,train,train,11516,11516.png,"[0, 541, 12, 620]",1.0,kolektor_deteksi,kolektor_permukaan
C:/Arib/MASSA AYAM/chicken detection + constrative classification/data/crops_kolektor_deteksi/train/normal/11516_01479.png,0,normal,train,train,11516,11516.png,"[0, 551, 12, 635]",1.0,kolektor_deteksi,kolektor_permukaan
C:/Arib/MASSA AYAM/chicken detection + constrative classification/data/crops_kolektor_deteksi/train/normal/11516_01480.png,0,normal,train,train,11516,11516.png,"[0, 500, 12, 580]",1.0,kolektor_deteksi,kolektor_permukaan
C:/Arib/MASSA AYAM/chicken detection + constrative classification/data/crops_kolektor_deteksi/train/normal/11516_01481.png,0,normal,train,train,11516,11516.png,"[0, 571, 11, 638]",1.0,kolektor_deteksi,kolektor_permukaan
C:/Arib/MASSA AYAM/chicken detection + constrative classification/data/crops_kolektor_deteksi/train/normal/11516_01482.png,0,normal,train,train,11516,11516.png,"[0, 524, 11, 602]",1.0,kolektor_deteksi,kolektor_permukaan
C:/Arib/MASSA AYAM/chicken detection + constrative classification/data/crops_kolektor_deteksi/train/normal/11519_01483.png,0,normal,train,train,11519,11519.png,"[0, 602, 17, 627]",1.0,kolektor_deteksi,kolektor_permukaan
C:/Arib/MASSA AYAM/chicken detection + constrative classification/data/crops_kolektor_deteksi/train/normal/11519_01484.png,0,normal,train,train,11519,11519.png,"[0, 590, 13, 628]",1.0,kolektor_deteksi,kolektor_permukaan
C:/Arib/MASSA AYAM/chicken detection + constrative classification/data/crops_kolektor_deteksi/train/normal/11523_01485.png,0,normal,train,train,11523,11523.png,"[0, 0, 12, 69]",1.0,kolektor_deteksi,kolektor_permukaan
C:/Arib/MASSA AYAM/chicken detection + constrative classification/data/crops_kolektor_deteksi/train/normal/11537_01486.png,0,normal,train,train,11537,11537.png,"[0, 601, 23, 627]",1.0,kolektor_deteksi,kolektor_permukaan
C:/Arib/MASSA AYAM/chicken detection + constrative classification/data/crops_kolektor_deteksi/train/normal/11537_01487.png,0,normal,train,train,11537,11537.png,"[0, 583, 20, 629]",1.0,kolektor_deteksi,kolektor_permukaan
C:/Arib/MASSA AYAM/chicken detection + constrative classification/data/crops_kolektor_deteksi/train/normal/11537_01488.png,0,normal,train,train,11537,11537.png,"[0, 593, 26, 627]",1.0,kolektor_deteksi,kolektor_permukaan
C:/Arib/MASSA AYAM/chicken detection + constrative classification/data/crops_kolektor_deteksi/train/normal/11540_01489.png,0,normal,train,train,11540,11540.png,"[0, 0, 11, 67]",1.0,kolektor_deteksi,kolektor_permukaan
C:/Arib/MASSA AYAM/chicken detection + constrative classification/data/crops_kolektor_deteksi/train/normal/11540_01490.png,0,normal,train,train,11540,11540.png,"[0, 0, 10, 56]",1.0,kolektor_deteksi,kolektor_permukaan
C:/Arib/MASSA AYAM/chicken detection + constrative classification/data/crops_kolektor_deteksi/train/normal/11540_01491.png,0,normal,train,train,11540,11540.png,"[0, 41, 10, 121]",1.0,kolektor_deteksi,kolektor_permukaan
C:/Arib/MASSA AYAM/chicken detection + constrative classification/data/crops_kolektor_deteksi/train/normal/11540_01492.png,0,normal,train,train,11540,11540.png,"[0, 26, 12, 109]",1.0,kolektor_deteksi,kolektor_permukaan
C:/Arib/MASSA AYAM/chicken detection + constrative classification/data/crops_kolektor_deteksi/train/normal/11540_01493.png,0,normal,train,train,11540,11540.png,"[0, 6, 12, 91]",1.0,kolektor_deteksi,kolektor_permukaan
C:/Arib/MASSA AYAM/chicken detection + constrative classification/data/crops_kolektor_deteksi/train/normal/11540_01494.png,0,normal,train,train,11540,11540.png,"[0, 50, 12, 132]",1.0,kolektor_deteksi,kolektor_permukaan
C:/Arib/MASSA AYAM/chicken detection + constrative classification/data/crops_kolektor_deteksi/train/normal/11540_01495.png,0,normal,train,train,11540,11540.png,"[0, 0, 13, 88]",1.0,kolektor_deteksi,kolektor_permukaan
C:/Arib/MASSA AYAM/chicken detection + constrative classification/data/crops_kolektor_deteksi/train/normal/11540_01496.png,0,normal,train,train,11540,11540.png,"[0, 1, 11, 40]",1.0,kolektor_deteksi,kolektor_permukaan
C:/Arib/MASSA AYAM/chicken detection + constrative classification/data/crops_kolektor_deteksi/train/normal/11540_01497.png,0,normal,train,train,11540,11540.png,"[0, 0, 12, 62]",1.0,kolektor_deteksi,kolektor_permukaan
C:/Arib/MASSA AYAM/chicken detection + constrative classification/data/crops_kolektor_deteksi/train/normal/11548_01500.png,0,normal,train,train,11548,11548.png,"[0, 167, 14, 194]",1.0,kolektor_deteksi,kolektor_permukaan
C:/Arib/MASSA AYAM/chicken detection + constrative classification/data/crops_kolektor_deteksi/train/normal/11552_01506.png,0,normal,train,train,11552,11552.png,"[0, 319, 11, 389]",1.0,kolektor_deteksi,kolektor_permukaan
C:/Arib/MASSA AYAM/chicken detection + constrative classification/data/crops_kolektor_deteksi/train/normal/11552_01507.png,0,normal,train,train,11552,11552.png,"[0, 76, 11, 146]",1.0,kolektor_deteksi,kolektor_permukaan
C:/Arib/MASSA AYAM/chicken detection + constrative classification/data/crops_kolektor_deteksi/train/normal/11552_01508.png,0,normal,train,train,11552,11552.png,"[0, 86, 12, 163]",1.0,kolektor_deteksi,kolektor_permukaan
C:/Arib/MASSA AYAM/chicken detection + constrative classification/data/crops_kolektor_deteksi/train/normal/11552_01509.png,0,normal,train,train,11552,11552.png,"[0, 310, 11, 365]",1.0,kolektor_deteksi,kolektor_permukaan
C:/Arib/MASSA AYAM/chicken detection + constrative classification/data/crops_kolektor_deteksi/train/normal/11552_01510.png,0,normal,train,train,11552,11552.png,"[0, 333, 12, 405]",1.0,kolektor_deteksi,kolektor_permukaan
C:/Arib/MASSA AYAM/chicken detection + constrative classification/data/crops_kolektor_deteksi/train/normal/11554_01512.png,0,normal,train,train,11554,11554.png,"[0, 155, 12, 228]",1.0,kolektor_deteksi,kolektor_permukaan
C:/Arib/MASSA AYAM/chicken detection + constrative classification/data/crops_kolektor_deteksi/train/normal/11558_01513.png,0,normal,train,train,11558,11558.png,"[0, 22, 12, 93]",1.0,kolektor_deteksi,kolektor_permukaan
C:/Arib/MASSA AYAM/chicken detection + constrative classification/data/crops_kolektor_deteksi/train/normal/11558_01514.png,0,normal,train,train,11558,11558.png,"[0, 481, 12, 548]",1.0,kolektor_deteksi,kolektor_permukaan
C:/Arib/MASSA AYAM/chicken detection + constrative classification/data/crops_kolektor_deteksi/train/normal/11558_01515.png,0,normal,train,train,11558,11558.png,"[0, 352, 13, 411]",1.0,kolektor_deteksi,kolektor_permukaan
C:/Arib/MASSA AYAM/chicken detection + constrative classification/data/crops_kolektor_deteksi/train/normal/11558_01516.png,0,normal,train,train,11558,11558.png,"[0, 31, 14, 108]",1.0,kolektor_deteksi,kolektor_permukaan
C:/Arib/MASSA AYAM/chicken detection + constrative classification/data/crops_kolektor_deteksi/train/normal/11558_01517.png,0,normal,train,train,11558,11558.png,"[0, 561, 16, 632]",1.0,kolektor_deteksi,kolektor_permukaan
C:/Arib/MASSA AYAM/chicken detection + constrative classification/data/crops_kolektor_deteksi/train/normal/11558_01518.png,0,normal,train,train,11558,11558.png,"[0, 8, 14, 80]",1.0,kolektor_deteksi,kolektor_permukaan
C:/Arib/MASSA AYAM/chicken detection + constrative classification/data/crops_kolektor_deteksi/train/normal/11563_01519.png,0,normal,train,train,11563,11563.png,"[0, 53, 12, 130]",1.0,kolektor_deteksi,kolektor_permukaan
C:/Arib/MASSA AYAM/chicken detection + constrative classification/data/crops_kolektor_deteksi/train/normal/11567_01520.png,0,normal,train,train,11567,11567.png,"[0, 75, 10, 146]",1.0,kolektor_deteksi,kolektor_permukaan
C:/Arib/MASSA AYAM/chicken detection + constrative classification/data/crops_kolektor_deteksi/train/normal/11567_01521.png,0,normal,train,train,11567,11567.png,"[0, 65, 9, 135]",1.0,kolektor_deteksi,kolektor_permukaan
C:/Arib/MASSA AYAM/chicken detection + constrative classification/data/crops_kolektor_deteksi/train/normal/11567_01522.png,0,normal,train,train,11567,11567.png,"[0, 47, 11, 165]",1.0,kolektor_deteksi,kolektor_permukaan
C:/Arib/MASSA AYAM/chicken detection + constrative classification/data/crops_kolektor_deteksi/train/normal/11567_01523.png,0,normal,train,train,11567,11567.png,"[0, 57, 10, 114]",1.0,kolektor_deteksi,kolektor_permukaan
C:/Arib/MASSA AYAM/chicken detection + constrative classification/data/crops_kolektor_deteksi/train/normal/11570_01524.png,0,normal,train,train,11570,11570.png,"[0, 0, 10, 40]",1.0,kolektor_deteksi,kolektor_permukaan
C:/Arib/MASSA AYAM/chicken detection + constrative classification/data/crops_kolektor_deteksi/train/normal/11577_01531.png,0,normal,train,train,11577,11577.png,"[2, 13, 16, 29]",1.0,kolektor_deteksi,kolektor_permukaan
C:/Arib/MASSA AYAM/chicken detection + constrative classification/data/crops_kolektor_deteksi/train/normal/11577_01532.png,0,normal,train,train,11577,11577.png,"[0, 10, 17, 31]",1.0,kolektor_deteksi,kolektor_permukaan
C:/Arib/MASSA AYAM/chicken detection + constrative classification/data/crops_kolektor_deteksi/train/normal/11579_01533.png,0,normal,train,train,11579,11579.png,"[0, 587, 12, 636]",1.0,kolektor_deteksi,kolektor_permukaan
C:/Arib/MASSA AYAM/chicken detection + constrative classification/data/crops_kolektor_deteksi/train/normal/11579_01534.png,0,normal,train,train,11579,11579.png,"[0, 479, 17, 553]",1.0,kolektor_deteksi,kolektor_permukaan
C:/Arib/MASSA AYAM/chicken detection + constrative classification/data/crops_kolektor_deteksi/train/normal/11579_01535.png,0,normal,train,train,11579,11579.png,"[0, 570, 15, 636]",1.0,kolektor_deteksi,kolektor_permukaan
C:/Arib/MASSA AYAM/chicken detection + constrative classification/data/crops_kolektor_deteksi/train/normal/11579_01536.png,0,normal,train,train,11579,11579.png,"[0, 600, 13, 634]",1.0,kolektor_deteksi,kolektor_permukaan
C:/Arib/MASSA AYAM/chicken detection + constrative classification/data/crops_kolektor_deteksi/train/normal/11579_01537.png,0,normal,train,train,11579,11579.png,"[0, 557, 12, 636]",1.0,kolektor_deteksi,kolektor_permukaan
C:/Arib/MASSA AYAM/chicken detection + constrative classification/data/crops_kolektor_deteksi/train/normal/11579_01538.png,0,normal,train,train,11579,11579.png,"[0, 365, 12, 446]",1.0,kolektor_deteksi,kolektor_permukaan
C:/Arib/MASSA AYAM/chicken detection + constrative classification/data/crops_kolektor_deteksi/train/normal/11579_01539.png,0,normal,train,train,11579,11579.png,"[0, 493, 17, 574]",1.0,kolektor_deteksi,kolektor_permukaan
C:/Arib/MASSA AYAM/chicken detection + constrative classification/data/crops_kolektor_deteksi/train/normal/11579_01540.png,0,normal,train,train,11579,11579.png,"[0, 464, 19, 545]",1.0,kolektor_deteksi,kolektor_permukaan
C:/Arib/MASSA AYAM/chicken detection + constrative classification/data/crops_kolektor_deteksi/train/normal/11600_01551.png,0,normal,train,train,11600,11600.png,"[0, 0, 14, 58]",1.0,kolektor_deteksi,kolektor_permukaan
C:/Arib/MASSA AYAM/chicken detection + constrative classification/data/crops_kolektor_deteksi/train/normal/11605_01556.png,0,normal,train,train,11605,11605.png,"[0, 575, 12, 635]",1.0,kolektor_deteksi,kolektor_permukaan
C:/Arib/MASSA AYAM/chicken detection + constrative classification/data/crops_kolektor_deteksi/train/normal/11605_01557.png,0,normal,train,train,11605,11605.png,"[0, 561, 11, 619]",1.0,kolektor_deteksi,kolektor_permukaan
C:/Arib/MASSA AYAM/chicken detection + constrative classification/data/crops_kolektor_deteksi/train/normal/11605_01558.png,0,normal,train,train,11605,11605.png,"[0, 553, 12, 609]",1.0,kolektor_deteksi,kolektor_permukaan
C:/Arib/MASSA AYAM/chicken detection + constrative classification/data/crops_kolektor_deteksi/train/normal/11605_01559.png,0,normal,train,train,11605,11605.png,"[0, 547, 13, 635]",1.0,kolektor_deteksi,kolektor_permukaan
C:/Arib/MASSA AYAM/chicken detection + constrative classification/data/crops_kolektor_deteksi/train/normal/11605_01560.png,0,normal,train,train,11605,11605.png,"[0, 0, 17, 69]",1.0,kolektor_deteksi,kolektor_permukaan
C:/Arib/MASSA AYAM/chicken detection + constrative classification/data/crops_kolektor_deteksi/train/normal/11605_01561.png,0,normal,train,train,11605,11605.png,"[0, 1, 16, 55]",1.0,kolektor_deteksi,kolektor_permukaan
C:/Arib/MASSA AYAM/chicken detection + constrative classification/data/crops_kolektor_deteksi/train/normal/11605_01562.png,0,normal,train,train,11605,11605.png,"[0, 577, 18, 635]",1.0,kolektor_deteksi,kolektor_permukaan
C:/Arib/MASSA AYAM/chicken detection + constrative classification/data/crops_kolektor_deteksi/train/normal/11606_01563.png,0,normal,train,train,11606,11606.png,"[0, 611, 12, 639]",1.0,kolektor_deteksi,kolektor_permukaan
C:/Arib/MASSA AYAM/chicken detection + constrative classification/data/crops_kolektor_deteksi/train/normal/11610_01564.png,0,normal,train,train,11610,11610.png,"[0, 610, 17, 642]",1.0,kolektor_deteksi,kolektor_permukaan
C:/Arib/MASSA AYAM/chicken detection + constrative classification/data/crops_kolektor_deteksi/train/normal/11610_01565.png,0,normal,train,train,11610,11610.png,"[0, 598, 12, 643]",1.0,kolektor_deteksi,kolektor_permukaan
C:/Arib/MASSA AYAM/chicken detection + constrative classification/data/crops_kolektor_deteksi/train/normal/11611_01566.png,0,normal,train,train,11611,11611.png,"[0, 567, 11, 634]",1.0,kolektor_deteksi,kolektor_permukaan
C:/Arib/MASSA AYAM/chicken detection + constrative classification/data/crops_kolektor_deteksi/train/normal/11611_01567.png,0,normal,train,train,11611,11611.png,"[0, 543, 12, 624]",1.0,kolektor_deteksi,kolektor_permukaan
C:/Arib/MASSA AYAM/chicken detection + constrative classification/data/crops_kolektor_deteksi/train/normal/11611_01568.png,0,normal,train,train,11611,11611.png,"[0, 584, 11, 634]",1.0,kolektor_deteksi,kolektor_permukaan
C:/Arib/MASSA AYAM/chicken detection + constrative classification/data/crops_kolektor_deteksi/train/normal/11611_01569.png,0,normal,train,train,11611,11611.png,"[0, 528, 12, 603]",1.0,kolektor_deteksi,kolektor_permukaan
C:/Arib/MASSA AYAM/chicken detection + constrative classification/data/crops_kolektor_deteksi/train/normal/11618_01575.png,0,normal,train,train,11618,11618.png,"[0, 29, 12, 80]",1.0,kolektor_deteksi,kolektor_permukaan
C:/Arib/MASSA AYAM/chicken detection + constrative classification/data/crops_kolektor_deteksi/train/normal/11618_01576.png,0,normal,train,train,11618,11618.png,"[0, 46, 13, 105]",1.0,kolektor_deteksi,kolektor_permukaan
C:/Arib/MASSA AYAM/chicken detection + constrative classification/data/crops_kolektor_deteksi/train/normal/11618_01577.png,0,normal,train,train,11618,11618.png,"[0, 14, 18, 90]",1.0,kolektor_deteksi,kolektor_permukaan
C:/Arib/MASSA AYAM/chicken detection + constrative classification/data/crops_kolektor_deteksi/train/normal/11618_01578.png,0,normal,train,train,11618,11618.png,"[0, 49, 14, 124]",1.0,kolektor_deteksi,kolektor_permukaan
C:/Arib/MASSA AYAM/chicken detection + constrative classification/data/crops_kolektor_deteksi/train/normal/11621_01579.png,0,normal,train,train,11621,11621.png,"[0, 535, 11, 615]",1.0,kolektor_deteksi,kolektor_permukaan
C:/Arib/MASSA AYAM/chicken detection + constrative classification/data/crops_kolektor_deteksi/train/normal/11624_01581.png,0,normal,train,train,11624,11624.png,"[0, 255, 14, 328]",1.0,kolektor_deteksi,kolektor_permukaan
C:/Arib/MASSA AYAM/chicken detection + constrative classification/data/crops_kolektor_deteksi/train/normal/11628_01582.png,0,normal,train,train,11628,11628.png,"[0, 1, 15, 40]",1.0,kolektor_deteksi,kolektor_permukaan
C:/Arib/MASSA AYAM/chicken detection + constrative classification/data/crops_kolektor_deteksi/train/normal/11636_01595.png,0,normal,train,train,11636,11636.png,"[0, 385, 9, 460]",1.0,kolektor_deteksi,kolektor_permukaan
C:/Arib/MASSA AYAM/chicken detection + constrative classification/data/crops_kolektor_deteksi/train/normal/11636_01596.png,0,normal,train,train,11636,11636.png,"[0, 394, 10, 472]",1.0,kolektor_deteksi,kolektor_permukaan
C:/Arib/MASSA AYAM/chicken detection + constrative classification/data/crops_kolektor_deteksi/train/normal/11645_01604.png,0,normal,train,train,11645,11645.png,"[0, 588, 12, 643]",1.0,kolektor_deteksi,kolektor_permukaan
C:/Arib/MASSA AYAM/chicken detection + constrative classification/data/crops_kolektor_deteksi/train/normal/11645_01605.png,0,normal,train,train,11645,11645.png,"[0, 606, 13, 641]",1.0,kolektor_deteksi,kolektor_permukaan
C:/Arib/MASSA AYAM/chicken detection + constrative classification/data/crops_kolektor_deteksi/train/normal/11645_01606.png,0,normal,train,train,11645,11645.png,"[0, 444, 12, 520]",1.0,kolektor_deteksi,kolektor_permukaan
C:/Arib/MASSA AYAM/chicken detection + constrative classification/data/crops_kolektor_deteksi/train/normal/11645_01607.png,0,normal,train,train,11645,11645.png,"[0, 573, 15, 643]",1.0,kolektor_deteksi,kolektor_permukaan
C:/Arib/MASSA AYAM/chicken detection + constrative classification/data/crops_kolektor_deteksi/train/normal/11645_01608.png,0,normal,train,train,11645,11645.png,"[0, 582, 14, 643]",1.0,kolektor_deteksi,kolektor_permukaan
C:/Arib/MASSA AYAM/chicken detection + constrative classification/data/crops_kolektor_deteksi/train/normal/11655_01609.png,0,normal,train,train,11655,11655.png,"[0, 617, 89, 638]",1.0,kolektor_deteksi,kolektor_permukaan
C:/Arib/MASSA AYAM/chicken detection + constrative classification/data/crops_kolektor_deteksi/train/normal/11657_01610.png,0,normal,train,train,11657,11657.png,"[0, 56, 19, 128]",1.0,kolektor_deteksi,kolektor_permukaan
C:/Arib/MASSA AYAM/chicken detection + constrative classification/data/crops_kolektor_deteksi/train/normal/11660_01616.png,0,normal,train,train,11660,11660.png,"[0, 384, 12, 464]",1.0,kolektor_deteksi,kolektor_permukaan
C:/Arib/MASSA AYAM/chicken detection + constrative classification/data/crops_kolektor_deteksi/train/normal/11668_01619.png,0,normal,train,train,11668,11668.png,"[0, 1, 14, 82]",1.0,kolektor_deteksi,kolektor_permukaan
C:/Arib/MASSA AYAM/chicken detection + constrative classification/data/crops_kolektor_deteksi/train/normal/11674_01629.png,0,normal,train,train,11674,11674.png,"[0, 0, 11, 41]",1.0,kolektor_deteksi,kolektor_permukaan
C:/Arib/MASSA AYAM/chicken detection + constrative classification/data/crops_kolektor_deteksi/train/normal/11674_01630.png,0,normal,train,train,11674,11674.png,"[0, 0, 12, 60]",1.0,kolektor_deteksi,kolektor_permukaan
C:/Arib/MASSA AYAM/chicken detection + constrative classification/data/crops_kolektor_deteksi/train/normal/11674_01631.png,0,normal,train,train,11674,11674.png,"[0, 579, 10, 628]",1.0,kolektor_deteksi,kolektor_permukaan
C:/Arib/MASSA AYAM/chicken detection + constrative classification/data/crops_kolektor_deteksi/train/normal/11684_01632.png,0,normal,train,train,11684,11684.png,"[0, 317, 12, 384]",1.0,kolektor_deteksi,kolektor_permukaan
C:/Arib/MASSA AYAM/chicken detection + constrative classification/data/crops_kolektor_deteksi/train/normal/11684_01633.png,0,normal,train,train,11684,11684.png,"[0, 331, 15, 402]",1.0,kolektor_deteksi,kolektor_permukaan
C:/Arib/MASSA AYAM/chicken detection + constrative classification/data/crops_kolektor_deteksi/train/normal/11687_01634.png,0,normal,train,train,11687,11687.png,"[0, 598, 30, 650]",1.0,kolektor_deteksi,kolektor_permukaan
C:/Arib/MASSA AYAM/chicken detection + constrative classification/data/crops_kolektor_deteksi/train/normal/11687_01635.png,0,normal,train,train,11687,11687.png,"[0, 617, 31, 649]",1.0,kolektor_deteksi,kolektor_permukaan
C:/Arib/MASSA AYAM/chicken detection + constrative classification/data/crops_kolektor_deteksi/train/normal/11691_01636.png,0,normal,train,train,11691,11691.png,"[0, 119, 10, 181]",1.0,kolektor_deteksi,kolektor_permukaan
C:/Arib/MASSA AYAM/chicken detection + constrative classification/data/crops_kolektor_deteksi/train/normal/11691_01637.png,0,normal,train,train,11691,11691.png,"[0, 122, 11, 196]",1.0,kolektor_deteksi,kolektor_permukaan
C:/Arib/MASSA AYAM/chicken detection + constrative classification/data/crops_kolektor_deteksi/train/normal/11691_01638.png,0,normal,train,train,11691,11691.png,"[0, 230, 16, 255]",1.0,kolektor_deteksi,kolektor_permukaan
C:/Arib/MASSA AYAM/chicken detection + constrative classification/data/crops_kolektor_deteksi/train/normal/11691_01639.png,0,normal,train,train,11691,11691.png,"[0, 109, 10, 156]",1.0,kolektor_deteksi,kolektor_permukaan
C:/Arib/MASSA AYAM/chicken detection + constrative classification/data/crops_kolektor_deteksi/train/normal/11691_01640.png,0,normal,train,train,11691,11691.png,"[0, 612, 21, 641]",1.0,kolektor_deteksi,kolektor_permukaan
C:/Arib/MASSA AYAM/chicken detection + constrative classification/data/crops_kolektor_deteksi/train/normal/11691_01641.png,0,normal,train,train,11691,11691.png,"[0, 237, 18, 251]",1.0,kolektor_deteksi,kolektor_permukaan
C:/Arib/MASSA AYAM/chicken detection + constrative classification/data/crops_kolektor_deteksi/train/normal/11691_01642.png,0,normal,train,train,11691,11691.png,"[0, 233, 17, 288]",1.0,kolektor_deteksi,kolektor_permukaan
C:/Arib/MASSA AYAM/chicken detection + constrative classification/data/crops_kolektor_deteksi/train/normal/11691_01643.png,0,normal,train,train,11691,11691.png,"[0, 605, 14, 641]",1.0,kolektor_deteksi,kolektor_permukaan
C:/Arib/MASSA AYAM/chicken detection + constrative classification/data/crops_kolektor_deteksi/train/normal/11691_01644.png,0,normal,train,train,11691,11691.png,"[0, 94, 11, 182]",1.0,kolektor_deteksi,kolektor_permukaan
C:/Arib/MASSA AYAM/chicken detection + constrative classification/data/crops_kolektor_deteksi/train/normal/11691_01645.png,0,normal,train,train,11691,11691.png,"[0, 220, 16, 254]",1.0,kolektor_deteksi,kolektor_permukaan
C:/Arib/MASSA AYAM/chicken detection + constrative classification/data/crops_kolektor_deteksi/train/normal/11692_01646.png,0,normal,train,train,11692,11692.png,"[0, 302, 13, 376]",1.0,kolektor_deteksi,kolektor_permukaan
C:/Arib/MASSA AYAM/chicken detection + constrative classification/data/crops_kolektor_deteksi/train/normal/11692_01647.png,0,normal,train,train,11692,11692.png,"[0, 312, 14, 387]",1.0,kolektor_deteksi,kolektor_permukaan
C:/Arib/MASSA AYAM/chicken detection + constrative classification/data/crops_kolektor_deteksi/train/normal/11692_01648.png,0,normal,train,train,11692,11692.png,"[0, 293, 13, 352]",1.0,kolektor_deteksi,kolektor_permukaan
C:/Arib/MASSA AYAM/chicken detection + constrative classification/data/crops_kolektor_deteksi/train/normal/11696_01651.png,0,normal,train,train,11696,11696.png,"[0, 194, 20, 241]",1.0,kolektor_deteksi,kolektor_permukaan
C:/Arib/MASSA AYAM/chicken detection + constrative classification/data/crops_kolektor_deteksi/train/normal/11696_01652.png,0,normal,train,train,11696,11696.png,"[0, 200, 22, 234]",1.0,kolektor_deteksi,kolektor_permukaan
C:/Arib/MASSA AYAM/chicken detection + constrative classification/data/crops_kolektor_deteksi/train/normal/11696_01653.png,0,normal,train,train,11696,11696.png,"[0, 199, 21, 266]",1.0,kolektor_deteksi,kolektor_permukaan
C:/Arib/MASSA AYAM/chicken detection + constrative classification/data/crops_kolektor_deteksi/train/normal/11696_01654.png,0,normal,train,train,11696,11696.png,"[0, 174, 23, 239]",1.0,kolektor_deteksi,kolektor_permukaan
C:/Arib/MASSA AYAM/chicken detection + constrative classification/data/crops_kolektor_deteksi/train/normal/11696_01655.png,0,normal,train,train,11696,11696.png,"[0, 350, 13, 421]",1.0,kolektor_deteksi,kolektor_permukaan
C:/Arib/MASSA AYAM/chicken detection + constrative classification/data/crops_kolektor_deteksi/train/normal/11696_01656.png,0,normal,train,train,11696,11696.png,"[0, 194, 23, 279]",1.0,kolektor_deteksi,kolektor_permukaan
C:/Arib/MASSA AYAM/chicken detection + constrative classification/data/crops_kolektor_deteksi/train/normal/11696_01657.png,0,normal,train,train,11696,11696.png,"[0, 333, 14, 401]",1.0,kolektor_deteksi,kolektor_permukaan
C:/Arib/MASSA AYAM/chicken detection + constrative classification/data/crops_kolektor_deteksi/train/normal/11696_01658.png,0,normal,train,train,11696,11696.png,"[0, 194, 24, 231]",1.0,kolektor_deteksi,kolektor_permukaan
C:/Arib/MASSA AYAM/chicken detection + constrative classification/data/crops_kolektor_deteksi/train/normal/11696_01659.png,0,normal,train,train,11696,11696.png,"[0, 269, 15, 343]",1.0,kolektor_deteksi,kolektor_permukaan
C:/Arib/MASSA AYAM/chicken detection + constrative classification/data/crops_kolektor_deteksi/train/normal/11696_01660.png,0,normal,train,train,11696,11696.png,"[0, 278, 16, 354]",1.0,kolektor_deteksi,kolektor_permukaan
C:/Arib/MASSA AYAM/chicken detection + constrative classification/data/crops_kolektor_deteksi/train/normal/11696_01661.png,0,normal,train,train,11696,11696.png,"[0, 194, 27, 257]",1.0,kolektor_deteksi,kolektor_permukaan
C:/Arib/MASSA AYAM/chicken detection + constrative classification/data/crops_kolektor_deteksi/train/normal/11748_01678.png,0,normal,train,train,11748,11748.png,"[0, 564, 13, 622]",1.0,kolektor_deteksi,kolektor_permukaan
C:/Arib/MASSA AYAM/chicken detection + constrative classification/data/crops_kolektor_deteksi/train/normal/11757_01685.png,0,normal,train,train,11757,11757.png,"[106, 324, 118, 333]",1.0,kolektor_deteksi,kolektor_permukaan
C:/Arib/MASSA AYAM/chicken detection + constrative classification/data/crops_kolektor_deteksi/train/normal/11760_01686.png,0,normal,train,train,11760,11760.png,"[0, 0, 16, 66]",1.0,kolektor_deteksi,kolektor_permukaan
C:/Arib/MASSA AYAM/chicken detection + constrative classification/data/crops_kolektor_deteksi/train/normal/11765_01688.png,0,normal,train,train,11765,11765.png,"[0, 507, 12, 583]",1.0,kolektor_deteksi,kolektor_permukaan
C:/Arib/MASSA AYAM/chicken detection + constrative classification/data/crops_kolektor_deteksi/train/normal/11765_01689.png,0,normal,train,train,11765,11765.png,"[0, 517, 13, 592]",1.0,kolektor_deteksi,kolektor_permukaan
C:/Arib/MASSA AYAM/chicken detection + constrative classification/data/crops_kolektor_deteksi/train/normal/11765_01690.png,0,normal,train,train,11765,11765.png,"[0, 497, 12, 561]",1.0,kolektor_deteksi,kolektor_permukaan
C:/Arib/MASSA AYAM/chicken detection + constrative classification/data/crops_kolektor_deteksi/train/normal/11765_01691.png,0,normal,train,train,11765,11765.png,"[0, 574, 13, 636]",1.0,kolektor_deteksi,kolektor_permukaan
C:/Arib/MASSA AYAM/chicken detection + constrative classification/data/crops_kolektor_deteksi/train/normal/11765_01692.png,0,normal,train,train,11765,11765.png,"[0, 218, 12, 286]",1.0,kolektor_deteksi,kolektor_permukaan
C:/Arib/MASSA AYAM/chicken detection + constrative classification/data/crops_kolektor_deteksi/train/normal/11765_01693.png,0,normal,train,train,11765,11765.png,"[0, 406, 11, 486]",1.0,kolektor_deteksi,kolektor_permukaan
C:/Arib/MASSA AYAM/chicken detection + constrative classification/data/crops_kolektor_deteksi/train/normal/11765_01694.png,0,normal,train,train,11765,11765.png,"[0, 225, 12, 305]",1.0,kolektor_deteksi,kolektor_permukaan
C:/Arib/MASSA AYAM/chicken detection + constrative classification/data/crops_kolektor_deteksi/train/normal/11765_01695.png,0,normal,train,train,11765,11765.png,"[0, 564, 12, 636]",1.0,kolektor_deteksi,kolektor_permukaan
C:/Arib/MASSA AYAM/chicken detection + constrative classification/data/crops_kolektor_deteksi/train/normal/11765_01696.png,0,normal,train,train,11765,11765.png,"[0, 484, 13, 606]",1.0,kolektor_deteksi,kolektor_permukaan
C:/Arib/MASSA AYAM/chicken detection + constrative classification/data/crops_kolektor_deteksi/train/normal/11773_01697.png,0,normal,train,train,11773,11773.png,"[0, 71, 19, 127]",1.0,kolektor_deteksi,kolektor_permukaan
C:/Arib/MASSA AYAM/chicken detection + constrative classification/data/crops_kolektor_deteksi/train/normal/11777_01700.png,0,normal,train,train,11777,11777.png,"[0, 460, 12, 491]",1.0,kolektor_deteksi,kolektor_permukaan
C:/Arib/MASSA AYAM/chicken detection + constrative classification/data/crops_kolektor_deteksi/train/normal/11777_01701.png,0,normal,train,train,11777,11777.png,"[0, 0, 12, 65]",1.0,kolektor_deteksi,kolektor_permukaan
C:/Arib/MASSA AYAM/chicken detection + constrative classification/data/crops_kolektor_deteksi/train/normal/11777_01702.png,0,normal,train,train,11777,11777.png,"[0, 0, 10, 56]",1.0,kolektor_deteksi,kolektor_permukaan
C:/Arib/MASSA AYAM/chicken detection + constrative classification/data/crops_kolektor_deteksi/train/normal/11777_01703.png,0,normal,train,train,11777,11777.png,"[0, 2, 16, 80]",1.0,kolektor_deteksi,kolektor_permukaan
C:/Arib/MASSA AYAM/chicken detection + constrative classification/data/crops_kolektor_deteksi/train/normal/11777_01704.png,0,normal,train,train,11777,11777.png,"[0, 464, 12, 519]",1.0,kolektor_deteksi,kolektor_permukaan
C:/Arib/MASSA AYAM/chicken detection + constrative classification/data/crops_kolektor_deteksi/train/normal/11777_01705.png,0,normal,train,train,11777,11777.png,"[0, 22, 14, 98]",1.0,kolektor_deteksi,kolektor_permukaan
C:/Arib/MASSA AYAM/chicken detection + constrative classification/data/crops_kolektor_deteksi/train/normal/11777_01706.png,0,normal,train,train,11777,11777.png,"[0, 64, 11, 140]",1.0,kolektor_deteksi,kolektor_permukaan
C:/Arib/MASSA AYAM/chicken detection + constrative classification/data/crops_kolektor_deteksi/train/normal/11777_01707.png,0,normal,train,train,11777,11777.png,"[0, 53, 11, 111]",1.0,kolektor_deteksi,kolektor_permukaan
C:/Arib/MASSA AYAM/chicken detection + constrative classification/data/crops_kolektor_deteksi/train/normal/11777_01708.png,0,normal,train,train,11777,11777.png,"[0, 34, 19, 115]",1.0,kolektor_deteksi,kolektor_permukaan
C:/Arib/MASSA AYAM/chicken detection + constrative classification/data/crops_kolektor_deteksi/train/normal/11777_01709.png,0,normal,train,train,11777,11777.png,"[0, 46, 13, 115]",1.0,kolektor_deteksi,kolektor_permukaan
C:/Arib/MASSA AYAM/chicken detection + constrative classification/data/crops_kolektor_deteksi/train/normal/11777_01710.png,0,normal,train,train,11777,11777.png,"[0, 0, 14, 85]",1.0,kolektor_deteksi,kolektor_permukaan
C:/Arib/MASSA AYAM/chicken detection + constrative classification/data/crops_kolektor_deteksi/train/normal/11777_01711.png,0,normal,train,train,11777,11777.png,"[0, 380, 14, 438]",1.0,kolektor_deteksi,kolektor_permukaan
C:/Arib/MASSA AYAM/chicken detection + constrative classification/data/crops_kolektor_deteksi/train/normal/11777_01712.png,0,normal,train,train,11777,11777.png,"[0, 1, 11, 40]",1.0,kolektor_deteksi,kolektor_permukaan
C:/Arib/MASSA AYAM/chicken detection + constrative classification/data/crops_kolektor_deteksi/train/normal/11777_01713.png,0,normal,train,train,11777,11777.png,"[0, 465, 14, 491]",1.0,kolektor_deteksi,kolektor_permukaan
C:/Arib/MASSA AYAM/chicken detection + constrative classification/data/crops_kolektor_deteksi/train/normal/11777_01714.png,0,normal,train,train,11777,11777.png,"[0, 0, 13, 62]",1.0,kolektor_deteksi,kolektor_permukaan
C:/Arib/MASSA AYAM/chicken detection + constrative classification/data/crops_kolektor_deteksi/train/normal/11777_01715.png,0,normal,train,train,11777,11777.png,"[0, 373, 15, 411]",1.0,kolektor_deteksi,kolektor_permukaan
C:/Arib/MASSA AYAM/chicken detection + constrative classification/data/crops_kolektor_deteksi/train/normal/11777_01716.png,0,normal,train,train,11777,11777.png,"[0, 449, 14, 493]",1.0,kolektor_deteksi,kolektor_permukaan
C:/Arib/MASSA AYAM/chicken detection + constrative classification/data/crops_kolektor_deteksi/train/normal/11777_01717.png,0,normal,train,train,11777,11777.png,"[0, 0, 18, 109]",1.0,kolektor_deteksi,kolektor_permukaan
C:/Arib/MASSA AYAM/chicken detection + constrative classification/data/crops_kolektor_deteksi/train/normal/11786_01719.png,0,normal,train,train,11786,11786.png,"[0, 602, 12, 635]",1.0,kolektor_deteksi,kolektor_permukaan
C:/Arib/MASSA AYAM/chicken detection + constrative classification/data/crops_kolektor_deteksi/train/normal/11786_01720.png,0,normal,train,train,11786,11786.png,"[0, 611, 17, 637]",1.0,kolektor_deteksi,kolektor_permukaan
C:/Arib/MASSA AYAM/chicken detection + constrative classification/data/crops_kolektor_deteksi/train/normal/11789_01721.png,0,normal,train,train,11789,11789.png,"[0, 101, 10, 178]",1.0,kolektor_deteksi,kolektor_permukaan
C:/Arib/MASSA AYAM/chicken detection + constrative classification/data/crops_kolektor_deteksi/train/normal/11789_01722.png,0,normal,train,train,11789,11789.png,"[0, 85, 11, 164]",1.0,kolektor_deteksi,kolektor_permukaan
C:/Arib/MASSA AYAM/chicken detection + constrative classification/data/crops_kolektor_deteksi/train/normal/11789_01723.png,0,normal,train,train,11789,11789.png,"[0, 113, 13, 194]",1.0,kolektor_deteksi,kolektor_permukaan
C:/Arib/MASSA AYAM/chicken detection + constrative classification/data/crops_kolektor_deteksi/train/normal/11789_01724.png,0,normal,train,train,11789,11789.png,"[0, 579, 12, 633]",1.0,kolektor_deteksi,kolektor_permukaan
C:/Arib/MASSA AYAM/chicken detection + constrative classification/data/crops_kolektor_deteksi/train/normal/11789_01725.png,0,normal,train,train,11789,11789.png,"[0, 291, 14, 362]",1.0,kolektor_deteksi,kolektor_permukaan
C:/Arib/MASSA AYAM/chicken detection + constrative classification/data/crops_kolektor_deteksi/train/normal/11789_01726.png,0,normal,train,train,11789,11789.png,"[0, 60, 13, 138]",1.0,kolektor_deteksi,kolektor_permukaan
C:/Arib/MASSA AYAM/chicken detection + constrative classification/data/crops_kolektor_deteksi/train/normal/11794_01727.png,0,normal,train,train,11794,11794.png,"[0, 592, 15, 637]",1.0,kolektor_deteksi,kolektor_permukaan
C:/Arib/MASSA AYAM/chicken detection + constrative classification/data/crops_kolektor_deteksi/train/normal/11794_01728.png,0,normal,train,train,11794,11794.png,"[0, 602, 21, 636]",1.0,kolektor_deteksi,kolektor_permukaan
C:/Arib/MASSA AYAM/chicken detection + constrative classification/data/crops_kolektor_deteksi/train/normal/11794_01729.png,0,normal,train,train,11794,11794.png,"[0, 617, 83, 636]",1.0,kolektor_deteksi,kolektor_permukaan
C:/Arib/MASSA AYAM/chicken detection + constrative classification/data/crops_kolektor_deteksi/train/normal/11802_01732.png,0,normal,train,train,11802,11802.png,"[0, 0, 14, 74]",1.0,kolektor_deteksi,kolektor_permukaan
C:/Arib/MASSA AYAM/chicken detection + constrative classification/data/crops_kolektor_deteksi/train/normal/11802_01733.png,0,normal,train,train,11802,11802.png,"[0, 13, 15, 95]",1.0,kolektor_deteksi,kolektor_permukaan
C:/Arib/MASSA AYAM/chicken detection + constrative classification/data/crops_kolektor_deteksi/train/normal/11802_01734.png,0,normal,train,train,11802,11802.png,"[0, 339, 13, 419]",1.0,kolektor_deteksi,kolektor_permukaan
C:/Arib/MASSA AYAM/chicken detection + constrative classification/data/crops_kolektor_deteksi/train/normal/11802_01735.png,0,normal,train,train,11802,11802.png,"[0, 425, 13, 507]",1.0,kolektor_deteksi,kolektor_permukaan
C:/Arib/MASSA AYAM/chicken detection + constrative classification/data/crops_kolektor_deteksi/train/normal/11802_01736.png,0,normal,train,train,11802,11802.png,"[0, 0, 13, 55]",1.0,kolektor_deteksi,kolektor_permukaan
C:/Arib/MASSA AYAM/chicken detection + constrative classification/data/crops_kolektor_deteksi/train/normal/11802_01737.png,0,normal,train,train,11802,11802.png,"[0, 25, 16, 111]",1.0,kolektor_deteksi,kolektor_permukaan
C:/Arib/MASSA AYAM/chicken detection + constrative classification/data/crops_kolektor_deteksi/train/normal/11802_01738.png,0,normal,train,train,11802,11802.png,"[0, 351, 13, 436]",1.0,kolektor_deteksi,kolektor_permukaan
C:/Arib/MASSA AYAM/chicken detection + constrative classification/data/crops_kolektor_deteksi/train/normal/11802_01739.png,0,normal,train,train,11802,11802.png,"[0, 411, 12, 493]",1.0,kolektor_deteksi,kolektor_permukaan
C:/Arib/MASSA AYAM/chicken detection + constrative classification/data/crops_kolektor_deteksi/train/normal/11802_01740.png,0,normal,train,train,11802,11802.png,"[0, 52, 16, 134]",1.0,kolektor_deteksi,kolektor_permukaan
C:/Arib/MASSA AYAM/chicken detection + constrative classification/data/crops_kolektor_deteksi/train/normal/11802_01741.png,0,normal,train,train,11802,11802.png,"[0, 491, 12, 573]",1.0,kolektor_deteksi,kolektor_permukaan
C:/Arib/MASSA AYAM/chicken detection + constrative classification/data/crops_kolektor_deteksi/train/normal/11802_01742.png,0,normal,train,train,11802,11802.png,"[0, 444, 13, 528]",1.0,kolektor_deteksi,kolektor_permukaan
C:/Arib/MASSA AYAM/chicken detection + constrative classification/data/crops_kolektor_deteksi/train/normal/11802_01743.png,0,normal,train,train,11802,11802.png,"[0, 153, 16, 233]",1.0,kolektor_deteksi,kolektor_permukaan
C:/Arib/MASSA AYAM/chicken detection + constrative classification/data/crops_kolektor_deteksi/train/normal/11811_01754.png,0,normal,train,train,11811,11811.png,"[0, 0, 10, 80]",1.0,kolektor_deteksi,kolektor_permukaan
C:/Arib/MASSA AYAM/chicken detection + constrative classification/data/crops_kolektor_deteksi/train/normal/11812_01755.png,0,normal,train,train,11812,11812.png,"[0, 490, 10, 560]",1.0,kolektor_deteksi,kolektor_permukaan
C:/Arib/MASSA AYAM/chicken detection + constrative classification/data/crops_kolektor_deteksi/train/normal/11812_01756.png,0,normal,train,train,11812,11812.png,"[0, 494, 12, 572]",1.0,kolektor_deteksi,kolektor_permukaan
C:/Arib/MASSA AYAM/chicken detection + constrative classification/data/crops_kolektor_deteksi/train/normal/11812_01757.png,0,normal,train,train,11812,11812.png,"[0, 461, 10, 573]",1.0,kolektor_deteksi,kolektor_permukaan
C:/Arib/MASSA AYAM/chicken detection + constrative classification/data/crops_kolektor_deteksi/train/normal/11812_01758.png,0,normal,train,train,11812,11812.png,"[0, 473, 11, 537]",1.0,kolektor_deteksi,kolektor_permukaan
C:/Arib/MASSA AYAM/chicken detection + constrative classification/data/crops_kolektor_deteksi/train/normal/11812_01759.png,0,normal,train,train,11812,11812.png,"[0, 478, 11, 525]",1.0,kolektor_deteksi,kolektor_permukaan
C:/Arib/MASSA AYAM/chicken detection + constrative classification/data/crops_kolektor_deteksi/train/normal/11817_01760.png,0,normal,train,train,11817,11817.png,"[0, 574, 10, 638]",1.0,kolektor_deteksi,kolektor_permukaan
C:/Arib/MASSA AYAM/chicken detection + constrative classification/data/crops_kolektor_deteksi/train/normal/11817_01761.png,0,normal,train,train,11817,11817.png,"[0, 558, 11, 634]",1.0,kolektor_deteksi,kolektor_permukaan
C:/Arib/MASSA AYAM/chicken detection + constrative classification/data/crops_kolektor_deteksi/train/normal/11842_01767.png,0,normal,train,train,11842,11842.png,"[0, 409, 12, 464]",1.0,kolektor_deteksi,kolektor_permukaan
C:/Arib/MASSA AYAM/chicken detection + constrative classification/data/crops_kolektor_deteksi/train/normal/11859_01776.png,0,normal,train,train,11859,11859.png,"[0, 448, 11, 529]",1.0,kolektor_deteksi,kolektor_permukaan
C:/Arib/MASSA AYAM/chicken detection + constrative classification/data/crops_kolektor_deteksi/train/normal/11859_01777.png,0,normal,train,train,11859,11859.png,"[0, 428, 11, 512]",1.0,kolektor_deteksi,kolektor_permukaan
C:/Arib/MASSA AYAM/chicken detection + constrative classification/data/crops_kolektor_deteksi/train/normal/11859_01778.png,0,normal,train,train,11859,11859.png,"[0, 462, 11, 546]",1.0,kolektor_deteksi,kolektor_permukaan
C:/Arib/MASSA AYAM/chicken detection + constrative classification/data/crops_kolektor_deteksi/train/normal/11862_01785.png,0,normal,train,train,11862,11862.png,"[0, 577, 11, 633]",1.0,kolektor_deteksi,kolektor_permukaan
C:/Arib/MASSA AYAM/chicken detection + constrative classification/data/crops_kolektor_deteksi/train/normal/11862_01786.png,0,normal,train,train,11862,11862.png,"[0, 508, 11, 589]",1.0,kolektor_deteksi,kolektor_permukaan
C:/Arib/MASSA AYAM/chicken detection + constrative classification/data/crops_kolektor_deteksi/train/normal/11865_01787.png,0,normal,train,train,11865,11865.png,"[0, 150, 9, 219]",1.0,kolektor_deteksi,kolektor_permukaan
C:/Arib/MASSA AYAM/chicken detection + constrative classification/data/crops_kolektor_deteksi/train/normal/11865_01788.png,0,normal,train,train,11865,11865.png,"[0, 161, 12, 235]",1.0,kolektor_deteksi,kolektor_permukaan
C:/Arib/MASSA AYAM/chicken detection + constrative classification/data/crops_kolektor_deteksi/train/normal/11866_01789.png,0,normal,train,train,11866,11866.png,"[0, 485, 14, 532]",1.0,kolektor_deteksi,kolektor_permukaan
C:/Arib/MASSA AYAM/chicken detection + constrative classification/data/crops_kolektor_deteksi/train/normal/11866_01790.png,0,normal,train,train,11866,11866.png,"[0, 500, 15, 565]",1.0,kolektor_deteksi,kolektor_permukaan
C:/Arib/MASSA AYAM/chicken detection + constrative classification/data/crops_kolektor_deteksi/train/normal/11866_01791.png,0,normal,train,train,11866,11866.png,"[60, 412, 72, 421]",1.0,kolektor_deteksi,kolektor_permukaan
C:/Arib/MASSA AYAM/chicken detection + constrative classification/data/crops_kolektor_deteksi/train/normal/11866_01792.png,0,normal,train,train,11866,11866.png,"[58, 410, 73, 423]",1.0,kolektor_deteksi,kolektor_permukaan
C:/Arib/MASSA AYAM/chicken detection + constrative classification/data/crops_kolektor_deteksi/train/normal/11866_01793.png,0,normal,train,train,11866,11866.png,"[0, 473, 16, 531]",1.0,kolektor_deteksi,kolektor_permukaan
C:/Arib/MASSA AYAM/chicken detection + constrative classification/data/crops_kolektor_deteksi/train/normal/11866_01794.png,0,normal,train,train,11866,11866.png,"[0, 494, 16, 577]",1.0,kolektor_deteksi,kolektor_permukaan
C:/Arib/MASSA AYAM/chicken detection + constrative classification/data/crops_kolektor_deteksi/train/normal/11873_01799.png,0,normal,train,train,11873,11873.png,"[0, 184, 13, 241]",1.0,kolektor_deteksi,kolektor_permukaan
C:/Arib/MASSA AYAM/chicken detection + constrative classification/data/crops_kolektor_deteksi/train/normal/11875_01800.png,0,normal,train,train,11875,11875.png,"[88, 606, 160, 628]",1.0,kolektor_deteksi,kolektor_permukaan
C:/Arib/MASSA AYAM/chicken detection + constrative classification/data/crops_kolektor_deteksi/train/normal/11875_01801.png,0,normal,train,train,11875,11875.png,"[63, 607, 157, 628]",1.0,kolektor_deteksi,kolektor_permukaan
C:/Arib/MASSA AYAM/chicken detection + constrative classification/data/crops_kolektor_deteksi/train/normal/11875_01802.png,0,normal,train,train,11875,11875.png,"[104, 606, 147, 625]",1.0,kolektor_deteksi,kolektor_permukaan
C:/Arib/MASSA AYAM/chicken detection + constrative classification/data/crops_kolektor_deteksi/train/normal/11875_01803.png,0,normal,train,train,11875,11875.png,"[90, 606, 141, 624]",1.0,kolektor_deteksi,kolektor_permukaan
C:/Arib/MASSA AYAM/chicken detection + constrative classification/data/crops_kolektor_deteksi/train/normal/11883_01804.png,0,normal,train,train,11883,11883.png,"[0, 485, 14, 533]",1.0,kolektor_deteksi,kolektor_permukaan
C:/Arib/MASSA AYAM/chicken detection + constrative classification/data/crops_kolektor_deteksi/train/normal/11883_01805.png,0,normal,train,train,11883,11883.png,"[0, 501, 16, 565]",1.0,kolektor_deteksi,kolektor_permukaan
C:/Arib/MASSA AYAM/chicken detection + constrative classification/data/crops_kolektor_deteksi/train/normal/11885_01807.png,0,normal,train,train,11885,11885.png,"[0, 582, 18, 631]",1.0,kolektor_deteksi,kolektor_permukaan
C:/Arib/MASSA AYAM/chicken detection + constrative classification/data/crops_kolektor_deteksi/train/normal/11907_01827.png,0,normal,train,train,11907,11907.png,"[0, 560, 14, 627]",1.0,kolektor_deteksi,kolektor_permukaan
C:/Arib/MASSA AYAM/chicken detection + constrative classification/data/crops_kolektor_deteksi/train/normal/11919_01829.png,0,normal,train,train,11919,11919.png,"[0, 590, 12, 635]",1.0,kolektor_deteksi,kolektor_permukaan
C:/Arib/MASSA AYAM/chicken detection + constrative classification/data/crops_kolektor_deteksi/train/normal/11919_01830.png,0,normal,train,train,11919,11919.png,"[0, 602, 15, 634]",1.0,kolektor_deteksi,kolektor_permukaan
C:/Arib/MASSA AYAM/chicken detection + constrative classification/data/crops_kolektor_deteksi/train/normal/11933_01839.png,0,normal,train,train,11933,11933.png,"[0, 440, 11, 482]",1.0,kolektor_deteksi,kolektor_permukaan
C:/Arib/MASSA AYAM/chicken detection + constrative classification/data/crops_kolektor_deteksi/train/normal/11952_01844.png,0,normal,train,train,11952,11952.png,"[0, 578, 13, 637]",1.0,kolektor_deteksi,kolektor_permukaan
C:/Arib/MASSA AYAM/chicken detection + constrative classification/data/crops_kolektor_deteksi/train/normal/11952_01845.png,0,normal,train,train,11952,11952.png,"[0, 564, 16, 637]",1.0,kolektor_deteksi,kolektor_permukaan
C:/Arib/MASSA AYAM/chicken detection + constrative classification/data/crops_kolektor_deteksi/train/normal/11952_01846.png,0,normal,train,train,11952,11952.png,"[0, 517, 13, 601]",1.0,kolektor_deteksi,kolektor_permukaan
C:/Arib/MASSA AYAM/chicken detection + constrative classification/data/crops_kolektor_deteksi/train/normal/11954_01848.png,0,normal,train,train,11954,11954.png,"[26, 71, 43, 83]",1.0,kolektor_deteksi,kolektor_permukaan
C:/Arib/MASSA AYAM/chicken detection + constrative classification/data/crops_kolektor_deteksi/train/normal/11955_01849.png,0,normal,train,train,11955,11955.png,"[0, 265, 10, 324]",1.0,kolektor_deteksi,kolektor_permukaan
C:/Arib/MASSA AYAM/chicken detection + constrative classification/data/crops_kolektor_deteksi/train/normal/11955_01850.png,0,normal,train,train,11955,11955.png,"[0, 275, 11, 342]",1.0,kolektor_deteksi,kolektor_permukaan
C:/Arib/MASSA AYAM/chicken detection + constrative classification/data/crops_kolektor_deteksi/train/normal/11964_01858.png,0,normal,train,train,11964,11964.png,"[0, 586, 10, 632]",1.0,kolektor_deteksi,kolektor_permukaan
C:/Arib/MASSA AYAM/chicken detection + constrative classification/data/crops_kolektor_deteksi/train/normal/11964_01859.png,0,normal,train,train,11964,11964.png,"[0, 591, 12, 632]",1.0,kolektor_deteksi,kolektor_permukaan
C:/Arib/MASSA AYAM/chicken detection + constrative classification/data/crops_kolektor_deteksi/train/normal/11965_01860.png,0,normal,train,train,11965,11965.png,"[131, 314, 147, 329]",1.0,kolektor_deteksi,kolektor_permukaan
C:/Arib/MASSA AYAM/chicken detection + constrative classification/data/crops_kolektor_deteksi/train/normal/11971_01863.png,0,normal,train,train,11971,11971.png,"[0, 589, 16, 636]",1.0,kolektor_deteksi,kolektor_permukaan
C:/Arib/MASSA AYAM/chicken detection + constrative classification/data/crops_kolektor_deteksi/train/normal/11971_01864.png,0,normal,train,train,11971,11971.png,"[0, 579, 22, 636]",1.0,kolektor_deteksi,kolektor_permukaan
C:/Arib/MASSA AYAM/chicken detection + constrative classification/data/crops_kolektor_deteksi/train/normal/11971_01865.png,0,normal,train,train,11971,11971.png,"[0, 524, 11, 604]",1.0,kolektor_deteksi,kolektor_permukaan
C:/Arib/MASSA AYAM/chicken detection + constrative classification/data/crops_kolektor_deteksi/train/normal/11971_01866.png,0,normal,train,train,11971,11971.png,"[0, 598, 30, 635]",1.0,kolektor_deteksi,kolektor_permukaan
C:/Arib/MASSA AYAM/chicken detection + constrative classification/data/crops_kolektor_deteksi/train/normal/11971_01867.png,0,normal,train,train,11971,11971.png,"[0, 477, 11, 560]",1.0,kolektor_deteksi,kolektor_permukaan
C:/Arib/MASSA AYAM/chicken detection + constrative classification/data/crops_kolektor_deteksi/train/normal/11971_01868.png,0,normal,train,train,11971,11971.png,"[0, 508, 13, 592]",1.0,kolektor_deteksi,kolektor_permukaan
C:/Arib/MASSA AYAM/chicken detection + constrative classification/data/crops_kolektor_deteksi/train/normal/11971_01869.png,0,normal,train,train,11971,11971.png,"[0, 542, 12, 629]",1.0,kolektor_deteksi,kolektor_permukaan
C:/Arib/MASSA AYAM/chicken detection + constrative classification/data/crops_kolektor_deteksi/train/normal/11976_01870.png,0,normal,train,train,11976,11976.png,"[0, 520, 13, 598]",1.0,kolektor_deteksi,kolektor_permukaan
C:/Arib/MASSA AYAM/chicken detection + constrative classification/data/crops_kolektor_deteksi/train/normal/11976_01871.png,0,normal,train,train,11976,11976.png,"[0, 533, 15, 617]",1.0,kolektor_deteksi,kolektor_permukaan
C:/Arib/MASSA AYAM/chicken detection + constrative classification/data/crops_kolektor_deteksi/train/normal/11977_01872.png,0,normal,train,train,11977,11977.png,"[0, 7, 11, 80]",1.0,kolektor_deteksi,kolektor_permukaan
C:/Arib/MASSA AYAM/chicken detection + constrative classification/data/crops_kolektor_deteksi/train/normal/11982_01884.png,0,normal,train,train,11982,11982.png,"[0, 135, 15, 164]",1.0,kolektor_deteksi,kolektor_permukaan
C:/Arib/MASSA AYAM/chicken detection + constrative classification/data/crops_kolektor_deteksi/train/normal/11989_01889.png,0,normal,train,train,11989,11989.png,"[0, 468, 11, 503]",1.0,kolektor_deteksi,kolektor_permukaan
C:/Arib/MASSA AYAM/chicken detection + constrative classification/data/crops_kolektor_deteksi/train/normal/11989_01890.png,0,normal,train,train,11989,11989.png,"[0, 478, 13, 541]",1.0,kolektor_deteksi,kolektor_permukaan
C:/Arib/MASSA AYAM/chicken detection + constrative classification/data/crops_kolektor_deteksi/train/normal/11989_01891.png,0,normal,train,train,11989,11989.png,"[0, 504, 10, 574]",1.0,kolektor_deteksi,kolektor_permukaan
C:/Arib/MASSA AYAM/chicken detection + constrative classification/data/crops_kolektor_deteksi/train/normal/11989_01892.png,0,normal,train,train,11989,11989.png,"[0, 459, 12, 500]",1.0,kolektor_deteksi,kolektor_permukaan
C:/Arib/MASSA AYAM/chicken detection + constrative classification/data/crops_kolektor_deteksi/train/normal/11989_01893.png,0,normal,train,train,11989,11989.png,"[0, 512, 13, 590]",1.0,kolektor_deteksi,kolektor_permukaan
C:/Arib/MASSA AYAM/chicken detection + constrative classification/data/crops_kolektor_deteksi/train/normal/11995_01894.png,0,normal,train,train,11995,11995.png,"[0, 122, 18, 185]",1.0,kolektor_deteksi,kolektor_permukaan
C:/Arib/MASSA AYAM/chicken detection + constrative classification/data/crops_kolektor_deteksi/train/normal/11998_01895.png,0,normal,train,train,11998,11998.png,"[0, 104, 11, 177]",1.0,kolektor_deteksi,kolektor_permukaan
C:/Arib/MASSA AYAM/chicken detection + constrative classification/data/crops_kolektor_deteksi/train/normal/11998_01896.png,0,normal,train,train,11998,11998.png,"[0, 0, 12, 40]",1.0,kolektor_deteksi,kolektor_permukaan
C:/Arib/MASSA AYAM/chicken detection + constrative classification/data/crops_kolektor_deteksi/train/normal/11998_01897.png,0,normal,train,train,11998,11998.png,"[0, 95, 11, 154]",1.0,kolektor_deteksi,kolektor_permukaan
C:/Arib/MASSA AYAM/chicken detection + constrative classification/data/crops_kolektor_deteksi/train/normal/11998_01898.png,0,normal,train,train,11998,11998.png,"[0, 0, 13, 68]",1.0,kolektor_deteksi,kolektor_permukaan
C:/Arib/MASSA AYAM/chicken detection + constrative classification/data/crops_kolektor_deteksi/train/normal/11998_01899.png,0,normal,train,train,11998,11998.png,"[0, 565, 26, 634]",1.0,kolektor_deteksi,kolektor_permukaan
C:/Arib/MASSA AYAM/chicken detection + constrative classification/data/crops_kolektor_deteksi/train/normal/11998_01900.png,0,normal,train,train,11998,11998.png,"[0, 556, 19, 634]",1.0,kolektor_deteksi,kolektor_permukaan
C:/Arib/MASSA AYAM/chicken detection + constrative classification/data/crops_kolektor_deteksi/train/normal/11998_01901.png,0,normal,train,train,11998,11998.png,"[0, 1, 15, 28]",1.0,kolektor_deteksi,kolektor_permukaan
C:/Arib/MASSA AYAM/chicken detection + constrative classification/data/crops_kolektor_deteksi/train/normal/11998_01902.png,0,normal,train,train,11998,11998.png,"[0, 550, 13, 628]",1.0,kolektor_deteksi,kolektor_permukaan
C:/Arib/MASSA AYAM/chicken detection + constrative classification/data/crops_kolektor_deteksi/train/normal/11999_01903.png,0,normal,train,train,11999,11999.png,"[0, 0, 11, 67]",1.0,kolektor_deteksi,kolektor_permukaan
C:/Arib/MASSA AYAM/chicken detection + constrative classification/data/crops_kolektor_deteksi/train/normal/11999_01904.png,0,normal,train,train,11999,11999.png,"[0, 14, 11, 93]",1.0,kolektor_deteksi,kolektor_permukaan
C:/Arib/MASSA AYAM/chicken detection + constrative classification/data/crops_kolektor_deteksi/train/normal/11999_01905.png,0,normal,train,train,11999,11999.png,"[0, 28, 13, 108]",1.0,kolektor_deteksi,kolektor_permukaan
C:/Arib/MASSA AYAM/chicken detection + constrative classification/data/crops_kolektor_deteksi/train/normal/11999_01906.png,0,normal,train,train,11999,11999.png,"[0, 48, 13, 127]",1.0,kolektor_deteksi,kolektor_permukaan
C:/Arib/MASSA AYAM/chicken detection + constrative classification/data/crops_kolektor_deteksi/train/normal/11999_01907.png,0,normal,train,train,11999,11999.png,"[0, 0, 9, 55]",1.0,kolektor_deteksi,kolektor_permukaan
C:/Arib/MASSA AYAM/chicken detection + constrative classification/data/crops_kolektor_deteksi/train/normal/11999_01908.png,0,normal,train,train,11999,11999.png,"[0, 66, 12, 148]",1.0,kolektor_deteksi,kolektor_permukaan
C:/Arib/MASSA AYAM/chicken detection + constrative classification/data/crops_kolektor_deteksi/train/normal/11999_01909.png,0,normal,train,train,11999,11999.png,"[0, 0, 12, 89]",1.0,kolektor_deteksi,kolektor_permukaan
C:/Arib/MASSA AYAM/chicken detection + constrative classification/data/crops_kolektor_deteksi/train/normal/11999_01910.png,0,normal,train,train,11999,11999.png,"[0, 0, 13, 119]",1.0,kolektor_deteksi,kolektor_permukaan
C:/Arib/MASSA AYAM/chicken detection + constrative classification/data/crops_kolektor_deteksi/train/normal/11999_01911.png,0,normal,train,train,11999,11999.png,"[0, 7, 16, 134]",1.0,kolektor_deteksi,kolektor_permukaan
C:/Arib/MASSA AYAM/chicken detection + constrative classification/data/crops_kolektor_deteksi/train/normal/11999_01912.png,0,normal,train,train,11999,11999.png,"[0, 0, 11, 59]",1.0,kolektor_deteksi,kolektor_permukaan
C:/Arib/MASSA AYAM/chicken detection + constrative classification/data/crops_kolektor_deteksi/train/normal/12006_01917.png,0,normal,train,train,12006,12006.png,"[0, 599, 18, 629]",1.0,kolektor_deteksi,kolektor_permukaan
C:/Arib/MASSA AYAM/chicken detection + constrative classification/data/crops_kolektor_deteksi/train/normal/12011_01918.png,0,normal,train,train,12011,12011.png,"[0, 547, 17, 617]",1.0,kolektor_deteksi,kolektor_permukaan
C:/Arib/MASSA AYAM/chicken detection + constrative classification/data/crops_kolektor_deteksi/train/normal/12030_01926.png,0,normal,train,train,12030,12030.png,"[0, 594, 22, 635]",1.0,kolektor_deteksi,kolektor_permukaan
C:/Arib/MASSA AYAM/chicken detection + constrative classification/data/crops_kolektor_deteksi/train/normal/12030_01927.png,0,normal,train,train,12030,12030.png,"[0, 603, 24, 634]",1.0,kolektor_deteksi,kolektor_permukaan
C:/Arib/MASSA AYAM/chicken detection + constrative classification/data/crops_kolektor_deteksi/train/normal/12030_01928.png,0,normal,train,train,12030,12030.png,"[0, 595, 33, 634]",1.0,kolektor_deteksi,kolektor_permukaan
C:/Arib/MASSA AYAM/chicken detection + constrative classification/data/crops_kolektor_deteksi/train/normal/12030_01929.png,0,normal,train,train,12030,12030.png,"[0, 586, 26, 636]",1.0,kolektor_deteksi,kolektor_permukaan
C:/Arib/MASSA AYAM/chicken detection + constrative classification/data/crops_kolektor_deteksi/train/normal/12030_01930.png,0,normal,train,train,12030,12030.png,"[0, 602, 43, 634]",1.0,kolektor_deteksi,kolektor_permukaan
C:/Arib/MASSA AYAM/chicken detection + constrative classification/data/crops_kolektor_deteksi/train/normal/12030_01931.png,0,normal,train,train,12030,12030.png,"[0, 592, 47, 636]",1.0,kolektor_deteksi,kolektor_permukaan
C:/Arib/MASSA AYAM/chicken detection + constrative classification/data/crops_kolektor_deteksi/train/normal/12039_01932.png,0,normal,train,train,12039,12039.png,"[140, 592, 160, 601]",1.0,kolektor_deteksi,kolektor_permukaan
C:/Arib/MASSA AYAM/chicken detection + constrative classification/data/crops_kolektor_deteksi/train/normal/12039_01933.png,0,normal,train,train,12039,12039.png,"[138, 590, 162, 604]",1.0,kolektor_deteksi,kolektor_permukaan
C:/Arib/MASSA AYAM/chicken detection + constrative classification/data/crops_kolektor_deteksi/train/normal/12042_01934.png,0,normal,train,train,12042,12042.png,"[185, 51, 206, 82]",1.0,kolektor_deteksi,kolektor_permukaan
C:/Arib/MASSA AYAM/chicken detection + constrative classification/data/crops_kolektor_deteksi/train/normal/12043_01935.png,0,normal,train,train,12043,12043.png,"[0, 505, 12, 574]",1.0,kolektor_deteksi,kolektor_permukaan
C:/Arib/MASSA AYAM/chicken detection + constrative classification/data/crops_kolektor_deteksi/train/normal/12043_01936.png,0,normal,train,train,12043,12043.png,"[0, 543, 11, 618]",1.0,kolektor_deteksi,kolektor_permukaan
C:/Arib/MASSA AYAM/chicken detection + constrative classification/data/crops_kolektor_deteksi/train/normal/12043_01937.png,0,normal,train,train,12043,12043.png,"[0, 516, 13, 596]",1.0,kolektor_deteksi,kolektor_permukaan
C:/Arib/MASSA AYAM/chicken detection + constrative classification/data/crops_kolektor_deteksi/train/normal/12043_01938.png,0,normal,train,train,12043,12043.png,"[0, 320, 14, 385]",1.0,kolektor_deteksi,kolektor_permukaan
C:/Arib/MASSA AYAM/chicken detection + constrative classification/data/crops_kolektor_deteksi/train/normal/12043_01939.png,0,normal,train,train,12043,12043.png,"[0, 554, 14, 625]",1.0,kolektor_deteksi,kolektor_permukaan
C:/Arib/MASSA AYAM/chicken detection + constrative classification/data/crops_kolektor_deteksi/train/normal/12043_01940.png,0,normal,train,train,12043,12043.png,"[0, 489, 17, 561]",1.0,kolektor_deteksi,kolektor_permukaan
C:/Arib/MASSA AYAM/chicken detection + constrative classification/data/crops_kolektor_deteksi/train/normal/12043_01941.png,0,normal,train,train,12043,12043.png,"[0, 315, 14, 361]",1.0,kolektor_deteksi,kolektor_permukaan
C:/Arib/MASSA AYAM/chicken detection + constrative classification/data/crops_kolektor_deteksi/train/normal/12043_01942.png,0,normal,train,train,12043,12043.png,"[0, 575, 15, 625]",1.0,kolektor_deteksi,kolektor_permukaan
C:/Arib/MASSA AYAM/chicken detection + constrative classification/data/crops_kolektor_deteksi/train/normal/12043_01943.png,0,normal,train,train,12043,12043.png,"[0, 489, 15, 592]",1.0,kolektor_deteksi,kolektor_permukaan
C:/Arib/MASSA AYAM/chicken detection + constrative classification/data/crops_kolektor_deteksi/train/normal/12043_01944.png,0,normal,train,train,12043,12043.png,"[0, 482, 23, 560]",1.0,kolektor_deteksi,kolektor_permukaan
C:/Arib/MASSA AYAM/chicken detection + constrative classification/data/crops_kolektor_deteksi/train/normal/12043_01945.png,0,normal,train,train,12043,12043.png,"[0, 519, 12, 625]",1.0,kolektor_deteksi,kolektor_permukaan
C:/Arib/MASSA AYAM/chicken detection + constrative classification/data/crops_kolektor_deteksi/train/normal/12043_01946.png,0,normal,train,train,12043,12043.png,"[0, 457, 14, 534]",1.0,kolektor_deteksi,kolektor_permukaan
C:/Arib/MASSA AYAM/chicken detection + constrative classification/data/crops_kolektor_deteksi/train/normal/12043_01947.png,0,normal,train,train,12043,12043.png,"[0, 589, 20, 624]",1.0,kolektor_deteksi,kolektor_permukaan
C:/Arib/MASSA AYAM/chicken detection + constrative classification/data/crops_kolektor_deteksi/train/normal/12043_01948.png,0,normal,train,train,12043,12043.png,"[0, 468, 17, 549]",1.0,kolektor_deteksi,kolektor_permukaan
C:/Arib/MASSA AYAM/chicken detection + constrative classification/data/crops_kolektor_deteksi/train/normal/12043_01949.png,0,normal,train,train,12043,12043.png,"[0, 316, 12, 398]",1.0,kolektor_deteksi,kolektor_permukaan
C:/Arib/MASSA AYAM/chicken detection + constrative classification/data/crops_kolektor_deteksi/train/normal/12043_01950.png,0,normal,train,train,12043,12043.png,"[0, 246, 10, 313]",1.0,kolektor_deteksi,kolektor_permukaan
C:/Arib/MASSA AYAM/chicken detection + constrative classification/data/crops_kolektor_deteksi/train/normal/12046_01951.png,0,normal,train,train,12046,12046.png,"[0, 583, 21, 633]",1.0,kolektor_deteksi,kolektor_permukaan
C:/Arib/MASSA AYAM/chicken detection + constrative classification/data/crops_kolektor_deteksi/train/normal/12046_01952.png,0,normal,train,train,12046,12046.png,"[0, 576, 12, 633]",1.0,kolektor_deteksi,kolektor_permukaan
C:/Arib/MASSA AYAM/chicken detection + constrative classification/data/crops_kolektor_deteksi/train/normal/12046_01953.png,0,normal,train,train,12046,12046.png,"[0, 581, 17, 633]",1.0,kolektor_deteksi,kolektor_permukaan
C:/Arib/MASSA AYAM/chicken detection + constrative classification/data/crops_kolektor_deteksi/train/normal/12063_01960.png,0,normal,train,train,12063,12063.png,"[0, 602, 24, 629]",1.0,kolektor_deteksi,kolektor_permukaan
C:/Arib/MASSA AYAM/chicken detection + constrative classification/data/crops_kolektor_deteksi/train/normal/12074_01962.png,0,normal,train,train,12074,12074.png,"[0, 61, 11, 136]",1.0,kolektor_deteksi,kolektor_permukaan
C:/Arib/MASSA AYAM/chicken detection + constrative classification/data/crops_kolektor_deteksi/train/normal/12074_01963.png,0,normal,train,train,12074,12074.png,"[0, 48, 10, 116]",1.0,kolektor_deteksi,kolektor_permukaan
C:/Arib/MASSA AYAM/chicken detection + constrative classification/data/crops_kolektor_deteksi/train/normal/12077_01964.png,0,normal,train,train,12077,12077.png,"[0, 598, 11, 633]",1.0,kolektor_deteksi,kolektor_permukaan
C:/Arib/MASSA AYAM/chicken detection + constrative classification/data/crops_kolektor_deteksi/train/normal/12077_01965.png,0,normal,train,train,12077,12077.png,"[0, 588, 10, 634]",1.0,kolektor_deteksi,kolektor_permukaan
C:/Arib/MASSA AYAM/chicken detection + constrative classification/data/crops_kolektor_deteksi/train/normal/12097_01969.png,0,normal,train,train,12097,12097.png,"[218, 209, 229, 222]",1.0,kolektor_deteksi,kolektor_permukaan
C:/Arib/MASSA AYAM/chicken detection + constrative classification/data/crops_kolektor_deteksi/train/normal/12100_01970.png,0,normal,train,train,12100,12100.png,"[0, 595, 28, 630]",1.0,kolektor_deteksi,kolektor_permukaan
C:/Arib/MASSA AYAM/chicken detection + constrative classification/data/crops_kolektor_deteksi/train/normal/12100_01971.png,0,normal,train,train,12100,12100.png,"[0, 601, 33, 629]",1.0,kolektor_deteksi,kolektor_permukaan
C:/Arib/MASSA AYAM/chicken detection + constrative classification/data/crops_kolektor_deteksi/train/normal/12100_01972.png,0,normal,train,train,12100,12100.png,"[0, 597, 52, 629]",1.0,kolektor_deteksi,kolektor_permukaan
C:/Arib/MASSA AYAM/chicken detection + constrative classification/data/crops_kolektor_deteksi/train/normal/12100_01973.png,0,normal,train,train,12100,12100.png,"[0, 596, 74, 629]",1.0,kolektor_deteksi,kolektor_permukaan
C:/Arib/MASSA AYAM/chicken detection + constrative classification/data/crops_kolektor_deteksi/train/normal/12108_01981.png,0,normal,train,train,12108,12108.png,"[0, 274, 13, 349]",1.0,kolektor_deteksi,kolektor_permukaan
C:/Arib/MASSA AYAM/chicken detection + constrative classification/data/crops_kolektor_deteksi/train/normal/12108_01982.png,0,normal,train,train,12108,12108.png,"[0, 284, 15, 368]",1.0,kolektor_deteksi,kolektor_permukaan
C:/Arib/MASSA AYAM/chicken detection + constrative classification/data/crops_kolektor_deteksi/train/normal/12116_01986.png,0,normal,train,train,12116,12116.png,"[0, 605, 19, 632]",1.0,kolektor_deteksi,kolektor_permukaan
C:/Arib/MASSA AYAM/chicken detection + constrative classification/data/crops_kolektor_deteksi/train/normal/12117_01987.png,0,normal,train,train,12117,12117.png,"[0, 468, 11, 541]",1.0,kolektor_deteksi,kolektor_permukaan
C:/Arib/MASSA AYAM/chicken detection + constrative classification/data/crops_kolektor_deteksi/train/normal/12117_01988.png,0,normal,train,train,12117,12117.png,"[0, 475, 13, 553]",1.0,kolektor_deteksi,kolektor_permukaan
C:/Arib/MASSA AYAM/chicken detection + constrative classification/data/crops_kolektor_deteksi/train/normal/12117_01989.png,0,normal,train,train,12117,12117.png,"[0, 540, 12, 612]",1.0,kolektor_deteksi,kolektor_permukaan
C:/Arib/MASSA AYAM/chicken detection + constrative classification/data/crops_kolektor_deteksi/train/normal/12117_01990.png,0,normal,train,train,12117,12117.png,"[0, 552, 15, 626]",1.0,kolektor_deteksi,kolektor_permukaan
C:/Arib/MASSA AYAM/chicken detection + constrative classification/data/crops_kolektor_deteksi/train/normal/12117_01991.png,0,normal,train,train,12117,12117.png,"[0, 532, 13, 598]",1.0,kolektor_deteksi,kolektor_permukaan
C:/Arib/MASSA AYAM/chicken detection + constrative classification/data/crops_kolektor_deteksi/train/normal/12119_01992.png,0,normal,train,train,12119,12119.png,"[0, 450, 11, 520]",1.0,kolektor_deteksi,kolektor_permukaan
C:/Arib/MASSA AYAM/chicken detection + constrative classification/data/crops_kolektor_deteksi/train/normal/12119_01993.png,0,normal,train,train,12119,12119.png,"[0, 444, 9, 497]",1.0,kolektor_deteksi,kolektor_permukaan
C:/Arib/MASSA AYAM/chicken detection + constrative classification/data/crops_kolektor_deteksi/train/normal/12126_01994.png,0,normal,train,train,12126,12126.png,"[0, 13, 14, 84]",1.0,kolektor_deteksi,kolektor_permukaan
C:/Arib/MASSA AYAM/chicken detection + constrative classification/data/crops_kolektor_deteksi/train/normal/12126_01995.png,0,normal,train,train,12126,12126.png,"[0, 19, 16, 97]",1.0,kolektor_deteksi,kolektor_permukaan
C:/Arib/MASSA AYAM/chicken detection + constrative classification/data/crops_kolektor_deteksi/train/normal/12126_01996.png,0,normal,train,train,12126,12126.png,"[0, 5, 13, 60]",1.0,kolektor_deteksi,kolektor_permukaan
C:/Arib/MASSA AYAM/chicken detection + constrative classification/data/crops_kolektor_deteksi/train/normal/12130_01997.png,0,normal,train,train,12130,12130.png,"[0, 596, 29, 638]",1.0,kolektor_deteksi,kolektor_permukaan
C:/Arib/MASSA AYAM/chicken detection + constrative classification/data/crops_kolektor_deteksi/train/normal/12134_02002.png,0,normal,train,train,12134,12134.png,"[0, 482, 12, 560]",1.0,kolektor_deteksi,kolektor_permukaan
C:/Arib/MASSA AYAM/chicken detection + constrative classification/data/crops_kolektor_deteksi/train/normal/12137_02003.png,0,normal,train,train,12137,12137.png,"[0, 510, 17, 574]",1.0,kolektor_deteksi,kolektor_permukaan
C:/Arib/MASSA AYAM/chicken detection + constrative classification/data/crops_kolektor_deteksi/train/normal/12137_02004.png,0,normal,train,train,12137,12137.png,"[0, 498, 14, 559]",1.0,kolektor_deteksi,kolektor_permukaan
C:/Arib/MASSA AYAM/chicken detection + constrative classification/data/crops_kolektor_deteksi/train/normal/12137_02005.png,0,normal,train,train,12137,12137.png,"[0, 573, 11, 630]",1.0,kolektor_deteksi,kolektor_permukaan
C:/Arib/MASSA AYAM/chicken detection + constrative classification/data/crops_kolektor_deteksi/train/normal/12137_02006.png,0,normal,train,train,12137,12137.png,"[0, 560, 11, 612]",1.0,kolektor_deteksi,kolektor_permukaan
C:/Arib/MASSA AYAM/chicken detection + constrative classification/data/crops_kolektor_deteksi/train/normal/12140_02007.png,0,normal,train,train,12140,12140.png,"[0, 598, 13, 633]",1.0,kolektor_deteksi,kolektor_permukaan
C:/Arib/MASSA AYAM/chicken detection + constrative classification/data/crops_kolektor_deteksi/train/normal/12140_02008.png,0,normal,train,train,12140,12140.png,"[0, 586, 11, 634]",1.0,kolektor_deteksi,kolektor_permukaan
C:/Arib/MASSA AYAM/chicken detection + constrative classification/data/crops_kolektor_deteksi/train/normal/12148_02013.png,0,normal,train,train,12148,12148.png,"[0, 373, 10, 435]",1.0,kolektor_deteksi,kolektor_permukaan
C:/Arib/MASSA AYAM/chicken detection + constrative classification/data/crops_kolektor_deteksi/train/normal/12148_02014.png,0,normal,train,train,12148,12148.png,"[0, 386, 11, 459]",1.0,kolektor_deteksi,kolektor_permukaan
C:/Arib/MASSA AYAM/chicken detection + constrative classification/data/crops_kolektor_deteksi/train/normal/12148_02015.png,0,normal,train,train,12148,12148.png,"[0, 305, 11, 388]",1.0,kolektor_deteksi,kolektor_permukaan
C:/Arib/MASSA AYAM/chicken detection + constrative classification/data/crops_kolektor_deteksi/train/normal/12158_02017.png,0,normal,train,train,12158,12158.png,"[0, 568, 21, 629]",1.0,kolektor_deteksi,kolektor_permukaan
C:/Arib/MASSA AYAM/chicken detection + constrative classification/data/crops_kolektor_deteksi/train/normal/12159_02018.png,0,normal,train,train,12159,12159.png,"[0, 607, 15, 636]",1.0,kolektor_deteksi,kolektor_permukaan
C:/Arib/MASSA AYAM/chicken detection + constrative classification/data/crops_kolektor_deteksi/train/normal/12168_02023.png,0,normal,train,train,12168,12168.png,"[0, 0, 13, 68]",1.0,kolektor_deteksi,kolektor_permukaan
C:/Arib/MASSA AYAM/chicken detection + constrative classification/data/crops_kolektor_deteksi/train/normal/12168_02024.png,0,normal,train,train,12168,12168.png,"[0, 43, 11, 116]",1.0,kolektor_deteksi,kolektor_permukaan
C:/Arib/MASSA AYAM/chicken detection + constrative classification/data/crops_kolektor_deteksi/train/normal/12168_02025.png,0,normal,train,train,12168,12168.png,"[0, 523, 10, 585]",1.0,kolektor_deteksi,kolektor_permukaan
C:/Arib/MASSA AYAM/chicken detection + constrative classification/data/crops_kolektor_deteksi/train/normal/12180_02035.png,0,normal,train,train,12180,12180.png,"[0, 0, 11, 81]",1.0,kolektor_deteksi,kolektor_permukaan
C:/Arib/MASSA AYAM/chicken detection + constrative classification/data/crops_kolektor_deteksi/train/normal/12180_02036.png,0,normal,train,train,12180,12180.png,"[0, 13, 12, 96]",1.0,kolektor_deteksi,kolektor_permukaan
C:/Arib/MASSA AYAM/chicken detection + constrative classification/data/crops_kolektor_deteksi/train/normal/12180_02037.png,0,normal,train,train,12180,12180.png,"[0, 33, 11, 114]",1.0,kolektor_deteksi,kolektor_permukaan
C:/Arib/MASSA AYAM/chicken detection + constrative classification/data/crops_kolektor_deteksi/train/normal/12180_02038.png,0,normal,train,train,12180,12180.png,"[0, 46, 11, 130]",1.0,kolektor_deteksi,kolektor_permukaan
C:/Arib/MASSA AYAM/chicken detection + constrative classification/data/crops_kolektor_deteksi/train/normal/12180_02039.png,0,normal,train,train,12180,12180.png,"[0, 0, 10, 59]",1.0,kolektor_deteksi,kolektor_permukaan
C:/Arib/MASSA AYAM/chicken detection + constrative classification/data/crops_kolektor_deteksi/train/normal/12180_02040.png,0,normal,train,train,12180,12180.png,"[0, 0, 12, 106]",1.0,kolektor_deteksi,kolektor_permukaan
C:/Arib/MASSA AYAM/chicken detection + constrative classification/data/crops_kolektor_deteksi/train/normal/12182_02041.png,0,normal,train,train,12182,12182.png,"[0, 276, 10, 312]",1.0,kolektor_deteksi,kolektor_permukaan
C:/Arib/MASSA AYAM/chicken detection + constrative classification/data/crops_kolektor_deteksi/train/normal/12192_02045.png,0,normal,train,train,12192,12192.png,"[197, 363, 214, 384]",1.0,kolektor_deteksi,kolektor_permukaan
C:/Arib/MASSA AYAM/chicken detection + constrative classification/data/crops_kolektor_deteksi/train/normal/12192_02046.png,0,normal,train,train,12192,12192.png,"[195, 358, 215, 385]",1.0,kolektor_deteksi,kolektor_permukaan
C:/Arib/MASSA AYAM/chicken detection + constrative classification/data/crops_kolektor_deteksi/train/normal/12205_02056.png,0,normal,train,train,12205,12205.png,"[0, 553, 11, 626]",1.0,kolektor_deteksi,kolektor_permukaan
C:/Arib/MASSA AYAM/chicken detection + constrative classification/data/crops_kolektor_deteksi/train/normal/12205_02057.png,0,normal,train,train,12205,12205.png,"[0, 505, 11, 580]",1.0,kolektor_deteksi,kolektor_permukaan
C:/Arib/MASSA AYAM/chicken detection + constrative classification/data/crops_kolektor_deteksi/train/normal/12205_02058.png,0,normal,train,train,12205,12205.png,"[0, 543, 11, 612]",1.0,kolektor_deteksi,kolektor_permukaan
C:/Arib/MASSA AYAM/chicken detection + constrative classification/data/crops_kolektor_deteksi/train/normal/12205_02059.png,0,normal,train,train,12205,12205.png,"[0, 491, 12, 568]",1.0,kolektor_deteksi,kolektor_permukaan
C:/Arib/MASSA AYAM/chicken detection + constrative classification/data/crops_kolektor_deteksi/train/normal/12205_02060.png,0,normal,train,train,12205,12205.png,"[0, 518, 12, 598]",1.0,kolektor_deteksi,kolektor_permukaan
C:/Arib/MASSA AYAM/chicken detection + constrative classification/data/crops_kolektor_deteksi/train/normal/12205_02061.png,0,normal,train,train,12205,12205.png,"[0, 471, 12, 550]",1.0,kolektor_deteksi,kolektor_permukaan
C:/Arib/MASSA AYAM/chicken detection + constrative classification/data/crops_kolektor_deteksi/train/normal/12205_02062.png,0,normal,train,train,12205,12205.png,"[0, 442, 12, 518]",1.0,kolektor_deteksi,kolektor_permukaan
C:/Arib/MASSA AYAM/chicken detection + constrative classification/data/crops_kolektor_deteksi/train/normal/12205_02063.png,0,normal,train,train,12205,12205.png,"[0, 562, 12, 628]",1.0,kolektor_deteksi,kolektor_permukaan
C:/Arib/MASSA AYAM/chicken detection + constrative classification/data/crops_kolektor_deteksi/train/normal/12205_02064.png,0,normal,train,train,12205,12205.png,"[0, 529, 13, 611]",1.0,kolektor_deteksi,kolektor_permukaan
C:/Arib/MASSA AYAM/chicken detection + constrative classification/data/crops_kolektor_deteksi/train/normal/12205_02065.png,0,normal,train,train,12205,12205.png,"[0, 534, 12, 628]",1.0,kolektor_deteksi,kolektor_permukaan
C:/Arib/MASSA AYAM/chicken detection + constrative classification/data/crops_kolektor_deteksi/train/normal/12205_02066.png,0,normal,train,train,12205,12205.png,"[0, 487, 12, 598]",1.0,kolektor_deteksi,kolektor_permukaan
C:/Arib/MASSA AYAM/chicken detection + constrative classification/data/crops_kolektor_deteksi/train/normal/12205_02067.png,0,normal,train,train,12205,12205.png,"[0, 425, 11, 497]",1.0,kolektor_deteksi,kolektor_permukaan
C:/Arib/MASSA AYAM/chicken detection + constrative classification/data/crops_kolektor_deteksi/train/normal/12205_02068.png,0,normal,train,train,12205,12205.png,"[0, 466, 14, 588]",1.0,kolektor_deteksi,kolektor_permukaan
C:/Arib/MASSA AYAM/chicken detection + constrative classification/data/crops_kolektor_deteksi/train/normal/12205_02069.png,0,normal,train,train,12205,12205.png,"[0, 446, 13, 568]",1.0,kolektor_deteksi,kolektor_permukaan
C:/Arib/MASSA AYAM/chicken detection + constrative classification/data/crops_kolektor_deteksi/train/normal/12205_02070.png,0,normal,train,train,12205,12205.png,"[0, 418, 14, 542]",1.0,kolektor_deteksi,kolektor_permukaan
C:/Arib/MASSA AYAM/chicken detection + constrative classification/data/crops_kolektor_deteksi/train/normal/12205_02071.png,0,normal,train,train,12205,12205.png,"[0, 521, 16, 628]",1.0,kolektor_deteksi,kolektor_permukaan
C:/Arib/MASSA AYAM/chicken detection + constrative classification/data/crops_kolektor_deteksi/train/normal/12207_02072.png,0,normal,train,train,12207,12207.png,"[0, 595, 11, 639]",1.0,kolektor_deteksi,kolektor_permukaan
C:/Arib/MASSA AYAM/chicken detection + constrative classification/data/crops_kolektor_deteksi/train/normal/12207_02073.png,0,normal,train,train,12207,12207.png,"[0, 609, 13, 640]",1.0,kolektor_deteksi,kolektor_permukaan
C:/Arib/MASSA AYAM/chicken detection + constrative classification/data/crops_kolektor_deteksi/train/normal/12229_02086.png,0,normal,train,train,12229,12229.png,"[0, 314, 12, 346]",1.0,kolektor_deteksi,kolektor_permukaan
C:/Arib/MASSA AYAM/chicken detection + constrative classification/data/crops_kolektor_deteksi/train/normal/12229_02087.png,0,normal,train,train,12229,12229.png,"[0, 321, 14, 380]",1.0,kolektor_deteksi,kolektor_permukaan
C:/Arib/MASSA AYAM/chicken detection + constrative classification/data/crops_kolektor_deteksi/train/normal/12247_02109.png,0,normal,train,train,12247,12247.png,"[0, 239, 16, 316]",1.0,kolektor_deteksi,kolektor_permukaan
C:/Arib/MASSA AYAM/chicken detection + constrative classification/data/crops_kolektor_deteksi/train/normal/12247_02110.png,0,normal,train,train,12247,12247.png,"[0, 234, 14, 306]",1.0,kolektor_deteksi,kolektor_permukaan
C:/Arib/MASSA AYAM/chicken detection + constrative classification/data/crops_kolektor_deteksi/train/normal/12247_02111.png,0,normal,train,train,12247,12247.png,"[0, 243, 23, 323]",1.0,kolektor_deteksi,kolektor_permukaan
C:/Arib/MASSA AYAM/chicken detection + constrative classification/data/crops_kolektor_deteksi/train/normal/12249_02112.png,0,normal,train,train,12249,12249.png,"[0, 1, 13, 11]",1.0,kolektor_deteksi,kolektor_permukaan
C:/Arib/MASSA AYAM/chicken detection + constrative classification/data/crops_kolektor_deteksi/train/normal/12253_02113.png,0,normal,train,train,12253,12253.png,"[0, 573, 10, 632]",1.0,kolektor_deteksi,kolektor_permukaan
C:/Arib/MASSA AYAM/chicken detection + constrative classification/data/crops_kolektor_deteksi/train/normal/12253_02114.png,0,normal,train,train,12253,12253.png,"[0, 555, 11, 632]",1.0,kolektor_deteksi,kolektor_permukaan
C:/Arib/MASSA AYAM/chicken detection + constrative classification/data/crops_kolektor_deteksi/train/normal/12253_02115.png,0,normal,train,train,12253,12253.png,"[0, 541, 11, 617]",1.0,kolektor_deteksi,kolektor_permukaan
C:/Arib/MASSA AYAM/chicken detection + constrative classification/data/crops_kolektor_deteksi/train/normal/12253_02116.png,0,normal,train,train,12253,12253.png,"[0, 591, 10, 631]",1.0,kolektor_deteksi,kolektor_permukaan
C:/Arib/MASSA AYAM/chicken detection + constrative classification/data/crops_kolektor_deteksi/train/normal/12253_02117.png,0,normal,train,train,12253,12253.png,"[0, 560, 12, 632]",1.0,kolektor_deteksi,kolektor_permukaan
C:/Arib/MASSA AYAM/chicken detection + constrative classification/data/crops_kolektor_deteksi/train/normal/12253_02118.png,0,normal,train,train,12253,12253.png,"[0, 533, 13, 632]",1.0,kolektor_deteksi,kolektor_permukaan
C:/Arib/MASSA AYAM/chicken detection + constrative classification/data/crops_kolektor_deteksi/train/normal/12253_02119.png,0,normal,train,train,12253,12253.png,"[0, 526, 12, 606]",1.0,kolektor_deteksi,kolektor_permukaan
C:/Arib/MASSA AYAM/chicken detection + constrative classification/data/crops_kolektor_deteksi/train/normal/12253_02120.png,0,normal,train,train,12253,12253.png,"[0, 566, 10, 632]",1.0,kolektor_deteksi,kolektor_permukaan
C:/Arib/MASSA AYAM/chicken detection + constrative classification/data/crops_kolektor_deteksi/train/normal/12257_02124.png,0,normal,train,train,12257,12257.png,"[0, 356, 12, 423]",1.0,kolektor_deteksi,kolektor_permukaan
C:/Arib/MASSA AYAM/chicken detection + constrative classification/data/crops_kolektor_deteksi/train/normal/12257_02125.png,0,normal,train,train,12257,12257.png,"[0, 596, 16, 630]",1.0,kolektor_deteksi,kolektor_permukaan
C:/Arib/MASSA AYAM/chicken detection + constrative classification/data/crops_kolektor_deteksi/train/normal/12260_02126.png,0,normal,train,train,12260,12260.png,"[1, 613, 73, 630]",1.0,kolektor_deteksi,kolektor_permukaan
C:/Arib/MASSA AYAM/chicken detection + constrative classification/data/crops_kolektor_deteksi/train/normal/12262_02127.png,0,normal,train,train,12262,12262.png,"[0, 512, 26, 549]",1.0,kolektor_deteksi,kolektor_permukaan
C:/Arib/MASSA AYAM/chicken detection + constrative classification/data/crops_kolektor_deteksi/train/normal/12262_02128.png,0,normal,train,train,12262,12262.png,"[0, 515, 24, 542]",1.0,kolektor_deteksi,kolektor_permukaan
C:/Arib/MASSA AYAM/chicken detection + constrative classification/data/crops_kolektor_deteksi/train/normal/12266_02130.png,0,normal,train,train,12266,12266.png,"[46, 606, 88, 625]",1.0,kolektor_deteksi,kolektor_permukaan
C:/Arib/MASSA AYAM/chicken detection + constrative classification/data/crops_kolektor_deteksi/train/normal/12286_02131.png,0,normal,train,train,12286,12286.png,"[0, 30, 14, 104]",1.0,kolektor_deteksi,kolektor_permukaan
C:/Arib/MASSA AYAM/chicken detection + constrative classification/data/crops_kolektor_deteksi/train/normal/12286_02132.png,0,normal,train,train,12286,12286.png,"[0, 20, 13, 78]",1.0,kolektor_deteksi,kolektor_permukaan
C:/Arib/MASSA AYAM/chicken detection + constrative classification/data/crops_kolektor_deteksi/train/normal/12286_02133.png,0,normal,train,train,12286,12286.png,"[0, 39, 15, 114]",1.0,kolektor_deteksi,kolektor_permukaan
C:/Arib/MASSA AYAM/chicken detection + constrative classification/data/crops_kolektor_deteksi/train/normal/12292_02144.png,0,normal,train,train,12292,12292.png,"[0, 583, 21, 632]",1.0,kolektor_deteksi,kolektor_permukaan
C:/Arib/MASSA AYAM/chicken detection + constrative classification/data/crops_kolektor_deteksi/train/normal/12292_02145.png,0,normal,train,train,12292,12292.png,"[0, 572, 18, 632]",1.0,kolektor_deteksi,kolektor_permukaan
C:/Arib/MASSA AYAM/chicken detection + constrative classification/data/crops_kolektor_deteksi/train/normal/12293_02146.png,0,normal,train,train,12293,12293.png,"[40, 276, 53, 297]",1.0,kolektor_deteksi,kolektor_permukaan
C:/Arib/MASSA AYAM/chicken detection + constrative classification/data/crops_kolektor_deteksi/train/normal/12293_02147.png,0,normal,train,train,12293,12293.png,"[41, 278, 52, 291]",1.0,kolektor_deteksi,kolektor_permukaan
C:/Arib/MASSA AYAM/chicken detection + constrative classification/data/crops_kolektor_deteksi/train/normal/12300_02148.png,0,normal,train,train,12300,12300.png,"[0, 562, 12, 628]",1.0,kolektor_deteksi,kolektor_permukaan
C:/Arib/MASSA AYAM/chicken detection + constrative classification/data/crops_kolektor_deteksi/train/normal/12300_02149.png,0,normal,train,train,12300,12300.png,"[0, 554, 10, 610]",1.0,kolektor_deteksi,kolektor_permukaan
C:/Arib/MASSA AYAM/chicken detection + constrative classification/data/crops_kolektor_deteksi/train/normal/12300_02150.png,0,normal,train,train,12300,12300.png,"[0, 381, 11, 423]",1.0,kolektor_deteksi,kolektor_permukaan
C:/Arib/MASSA AYAM/chicken detection + constrative classification/data/crops_kolektor_deteksi/train/normal/12326_02165.png,0,normal,train,train,12326,12326.png,"[0, 154, 8, 206]",1.0,kolektor_deteksi,kolektor_permukaan
C:/Arib/MASSA AYAM/chicken detection + constrative classification/data/crops_kolektor_deteksi/train/normal/12326_02166.png,0,normal,train,train,12326,12326.png,"[0, 168, 10, 237]",1.0,kolektor_deteksi,kolektor_permukaan
C:/Arib/MASSA AYAM/chicken detection + constrative classification/data/crops_kolektor_deteksi/train/cacat/10021_00003.png,1,cacat,train,train,10021,10021.png,"[0, 12, 45, 90]",0.5291723202170964,kolektor_deteksi,kolektor_permukaan
C:/Arib/MASSA AYAM/chicken detection + constrative classification/data/crops_kolektor_deteksi/train/cacat/10021_00004.png,1,cacat,train,train,10021,10021.png,"[2, 2, 49, 86]",0.5952057892356399,kolektor_deteksi,kolektor_permukaan
C:/Arib/MASSA AYAM/chicken detection + constrative classification/data/crops_kolektor_deteksi/train/cacat/10021_00005.png,1,cacat,train,train,10021,10021.png,"[0, 0, 45, 79]",0.5359565807327001,kolektor_deteksi,kolektor_permukaan
C:/Arib/MASSA AYAM/chicken detection + constrative classification/data/crops_kolektor_deteksi/train/cacat/10028_00007.png,1,cacat,train,train,10028,10028.png,"[60, 292, 123, 325]",0.5643656716417911,kolektor_deteksi,kolektor_permukaan
C:/Arib/MASSA AYAM/chicken detection + constrative classification/data/crops_kolektor_deteksi/train/cacat/10028_00008.png,1,cacat,train,train,10028,10028.png,"[47, 283, 126, 331]",0.5698324022346368,kolektor_deteksi,kolektor_permukaan
C:/Arib/MASSA AYAM/chicken detection + constrative classification/data/crops_kolektor_deteksi/train/cacat/10057_00048.png,1,cacat,train,train,10057,10057.png,"[61, 364, 101, 400]",0.5193621867881549,kolektor_deteksi,kolektor_permukaan
C:/Arib/MASSA AYAM/chicken detection + constrative classification/data/crops_kolektor_deteksi/train/cacat/10057_00049.png,1,cacat,train,train,10057,10057.png,"[56, 358, 100, 412]",0.849438202247191,kolektor_deteksi,kolektor_permukaan
C:/Arib/MASSA AYAM/chicken detection + constrative classification/data/crops_kolektor_deteksi/train/cacat/10057_00050.png,1,cacat,train,train,10057,10057.png,"[60, 351, 103, 424]",0.7161348585189645,kolektor_deteksi,kolektor_permukaan
C:/Arib/MASSA AYAM/chicken detection + constrative classification/data/crops_kolektor_deteksi/train/cacat/10090_00085.png,1,cacat,train,train,10090,10090.png,"[0, 576, 45, 593]",0.7269193391642371,kolektor_deteksi,kolektor_permukaan
C:/Arib/MASSA AYAM/chicken detection + constrative classification/data/crops_kolektor_deteksi/train/cacat/10090_00086.png,1,cacat,train,train,10090,10090.png,"[2, 579, 43, 593]",0.567193675889328,kolektor_deteksi,kolektor_permukaan
C:/Arib/MASSA AYAM/chicken detection + constrative classification/data/crops_kolektor_deteksi/train/cacat/10090_00087.png,1,cacat,train,train,10090,10090.png,"[0, 575, 43, 589]",0.5948616600790514,kolektor_deteksi,kolektor_permukaan
C:/Arib/MASSA AYAM/chicken detection + constrative classification/data/crops_kolektor_deteksi/train/cacat/10090_00088.png,1,cacat,train,train,10090,10090.png,"[0, 572, 34, 590]",0.6047430830039525,kolektor_deteksi,kolektor_permukaan
C:/Arib/MASSA AYAM/chicken detection + constrative classification/data/crops_kolektor_deteksi/train/cacat/10090_00089.png,1,cacat,train,train,10090,10090.png,"[0, 572, 49, 598]",0.7344461305007587,kolektor_deteksi,kolektor_permukaan
C:/Arib/MASSA AYAM/chicken detection + constrative classification/data/crops_kolektor_deteksi/train/cacat/10090_00090.png,1,cacat,train,train,10090,10090.png,"[0, 576, 46, 597]",0.6677908937605397,kolektor_deteksi,kolektor_permukaan
C:/Arib/MASSA AYAM/chicken detection + constrative classification/data/crops_kolektor_deteksi/train/cacat/10145_00176.png,1,cacat,train,train,10145,10145.png,"[51, 522, 82, 569]",0.5381143430290872,kolektor_deteksi,kolektor_permukaan
C:/Arib/MASSA AYAM/chicken detection + constrative classification/data/crops_kolektor_deteksi/train/cacat/10145_00177.png,1,cacat,train,train,10145,10145.png,"[51, 533, 79, 568]",0.6086956521739131,kolektor_deteksi,kolektor_permukaan
C:/Arib/MASSA AYAM/chicken detection + constrative classification/data/crops_kolektor_deteksi/train/cacat/10145_00178.png,1,cacat,train,train,10145,10145.png,"[44, 517, 85, 568]",0.5161818926669398,kolektor_deteksi,kolektor_permukaan
C:/Arib/MASSA AYAM/chicken detection + constrative classification/data/crops_kolektor_deteksi/train/cacat/10201_00243.png,1,cacat,train,train,10201,10201.png,"[0, 280, 87, 395]",0.5106676194365047,kolektor_deteksi,kolektor_permukaan
C:/Arib/MASSA AYAM/chicken detection + constrative classification/data/crops_kolektor_deteksi/train/cacat/10244_00277.png,1,cacat,train,train,10244,10244.png,"[122, 588, 155, 642]",0.576370997423629,kolektor_deteksi,kolektor_permukaan
C:/Arib/MASSA AYAM/chicken detection + constrative classification/data/crops_kolektor_deteksi/train/cacat/10244_00278.png,1,cacat,train,train,10244,10244.png,"[116, 580, 158, 642]",0.619092927370758,kolektor_deteksi,kolektor_permukaan
C:/Arib/MASSA AYAM/chicken detection + constrative classification/data/crops_kolektor_deteksi/train/cacat/10244_00279.png,1,cacat,train,train,10244,10244.png,"[126, 581, 163, 642]",0.9024390243902439,kolektor_deteksi,kolektor_permukaan
C:/Arib/MASSA AYAM/chicken detection + constrative classification/data/crops_kolektor_deteksi/train/cacat/10244_00280.png,1,cacat,train,train,10244,10244.png,"[125, 573, 168, 642]",0.8429389956184699,kolektor_deteksi,kolektor_permukaan
C:/Arib/MASSA AYAM/chicken detection + constrative classification/data/crops_kolektor_deteksi/train/cacat/10247_00281.png,1,cacat,train,train,10247,10247.png,"[126, 548, 206, 629]",0.5486284289276808,kolektor_deteksi,kolektor_permukaan
C:/Arib/MASSA AYAM/chicken detection + constrative classification/data/crops_kolektor_deteksi/train/cacat/10254_00285.png,1,cacat,train,train,10254,10254.png,"[21, 332, 69, 397]",0.8366583541147132,kolektor_deteksi,kolektor_permukaan
C:/Arib/MASSA AYAM/chicken detection + constrative classification/data/crops_kolektor_deteksi/train/cacat/10254_00286.png,1,cacat,train,train,10254,10254.png,"[10, 329, 76, 403]",0.5675675675675675,kolektor_deteksi,kolektor_permukaan
C:/Arib/MASSA AYAM/chicken detection + constrative classification/data/crops_kolektor_deteksi/train/cacat/10254_00287.png,1,cacat,train,train,10254,10254.png,"[24, 343, 68, 387]",0.6984126984126984,kolektor_deteksi,kolektor_permukaan
C:/Arib/MASSA AYAM/chicken detection + constrative classification/data/crops_kolektor_deteksi/train/cacat/10254_00288.png,1,cacat,train,train,10254,10254.png,"[22, 321, 78, 399]",0.6346153846153846,kolektor_deteksi,kolektor_permukaan
C:/Arib/MASSA AYAM/chicken detection + constrative classification/data/crops_kolektor_deteksi/train/cacat/10258_00294.png,1,cacat,train,train,10258,10258.png,"[55, 280, 173, 371]",0.559473715403307,kolektor_deteksi,kolektor_permukaan
C:/Arib/MASSA AYAM/chicken detection + constrative classification/data/crops_kolektor_deteksi/train/cacat/10258_00295.png,1,cacat,train,train,10258,10258.png,"[32, 287, 158, 374]",0.6504135829342621,kolektor_deteksi,kolektor_permukaan
C:/Arib/MASSA AYAM/chicken detection + constrative classification/data/crops_kolektor_deteksi/train/cacat/10258_00296.png,1,cacat,train,train,10258,10258.png,"[8, 301, 144, 378]",0.5713682432432432,kolektor_deteksi,kolektor_permukaan
C:/Arib/MASSA AYAM/chicken detection + constrative classification/data/crops_kolektor_deteksi/train/cacat/10258_00297.png,1,cacat,train,train,10258,10258.png,"[71, 286, 186, 365]",0.5269349845201239,kolektor_deteksi,kolektor_permukaan
C:/Arib/MASSA AYAM/chicken detection + constrative classification/data/crops_kolektor_deteksi/train/cacat/10281_00321.png,1,cacat,train,train,10281,10281.png,"[56, 179, 142, 273]",0.7422068283028204,kolektor_deteksi,kolektor_permukaan
C:/Arib/MASSA AYAM/chicken detection + constrative classification/data/crops_kolektor_deteksi/train/cacat/10281_00322.png,1,cacat,train,train,10281,10281.png,"[54, 188, 167, 268]",0.5932203389830508,kolektor_deteksi,kolektor_permukaan
C:/Arib/MASSA AYAM/chicken detection + constrative classification/data/crops_kolektor_deteksi/train/cacat/10281_00323.png,1,cacat,train,train,10281,10281.png,"[47, 169, 155, 269]",0.5107913669064749,kolektor_deteksi,kolektor_permukaan
C:/Arib/MASSA AYAM/chicken detection + constrative classification/data/crops_kolektor_deteksi/train/cacat/10281_00324.png,1,cacat,train,train,10281,10281.png,"[61, 198, 134, 273]",0.9125,kolektor_deteksi,kolektor_permukaan
C:/Arib/MASSA AYAM/chicken detection + constrative classification/data/crops_kolektor_deteksi/train/cacat/10281_00325.png,1,cacat,train,train,10281,10281.png,"[73, 188, 147, 265]",0.6226938549035927,kolektor_deteksi,kolektor_permukaan
C:/Arib/MASSA AYAM/chicken detection + constrative classification/data/crops_kolektor_deteksi/train/cacat/10281_00326.png,1,cacat,train,train,10281,10281.png,"[34, 199, 172, 273]",0.575204041974349,kolektor_deteksi,kolektor_permukaan
C:/Arib/MASSA AYAM/chicken detection + constrative classification/data/crops_kolektor_deteksi/train/cacat/10281_00327.png,1,cacat,train,train,10281,10281.png,"[65, 179, 131, 262]",0.5822994210090985,kolektor_deteksi,kolektor_permukaan
C:/Arib/MASSA AYAM/chicken detection + constrative classification/data/crops_kolektor_deteksi/train/cacat/10301_00341.png,1,cacat,train,train,10301,10301.png,"[122, 583, 228, 645]",0.7857142857142857,kolektor_deteksi,kolektor_permukaan
C:/Arib/MASSA AYAM/chicken detection + constrative classification/data/crops_kolektor_deteksi/train/cacat/10301_00342.png,1,cacat,train,train,10301,10301.png,"[140, 585, 233, 645]",0.6001481847369721,kolektor_deteksi,kolektor_permukaan
C:/Arib/MASSA AYAM/chicken detection + constrative classification/data/crops_kolektor_deteksi/train/cacat/10301_00343.png,1,cacat,train,train,10301,10301.png,"[114, 575, 222, 645]",0.7988921001926782,kolektor_deteksi,kolektor_permukaan
C:/Arib/MASSA AYAM/chicken detection + constrative classification/data/crops_kolektor_deteksi/train/cacat/10301_00344.png,1,cacat,train,train,10301,10301.png,"[98, 585, 214, 642]",0.83933736523797,kolektor_deteksi,kolektor_permukaan
C:/Arib/MASSA AYAM/chicken detection + constrative classification/data/crops_kolektor_deteksi/train/cacat/10304_00345.png,1,cacat,train,train,10304,10304.png,"[17, 325, 57, 342]",0.6194690265486725,kolektor_deteksi,kolektor_permukaan
C:/Arib/MASSA AYAM/chicken detection + constrative classification/data/crops_kolektor_deteksi/train/cacat/10304_00346.png,1,cacat,train,train,10304,10304.png,"[20, 328, 55, 341]",0.5803571428571429,kolektor_deteksi,kolektor_permukaan
C:/Arib/MASSA AYAM/chicken detection + constrative classification/data/crops_kolektor_deteksi/train/cacat/10304_00347.png,1,cacat,train,train,10304,10304.png,"[10, 322, 58, 347]",0.5121951219512195,kolektor_deteksi,kolektor_permukaan
C:/Arib/MASSA AYAM/chicken detection + constrative classification/data/crops_kolektor_deteksi/train/cacat/10304_00348.png,1,cacat,train,train,10304,10304.png,"[11, 324, 58, 339]",0.6097297297297297,kolektor_deteksi,kolektor_permukaan
C:/Arib/MASSA AYAM/chicken detection + constrative classification/data/crops_kolektor_deteksi/train/cacat/10312_00350.png,1,cacat,train,train,10312,10312.png,"[151, 514, 224, 607]",0.5929824561403508,kolektor_deteksi,kolektor_permukaan
C:/Arib/MASSA AYAM/chicken detection + constrative classification/data/crops_kolektor_deteksi/train/cacat/10312_00351.png,1,cacat,train,train,10312,10312.png,"[150, 490, 222, 593]",0.8471411901983664,kolektor_deteksi,kolektor_permukaan
C:/Arib/MASSA AYAM/chicken detection + constrative classification/data/crops_kolektor_deteksi/train/cacat/10312_00352.png,1,cacat,train,train,10312,10312.png,"[48, 490, 128, 515]",0.6301029463968761,kolektor_deteksi,kolektor_permukaan
C:/Arib/MASSA AYAM/chicken detection + constrative classification/data/crops_kolektor_deteksi/train/cacat/10312_00353.png,1,cacat,train,train,10312,10312.png,"[146, 473, 218, 583]",0.7270811380400422,kolektor_deteksi,kolektor_permukaan
C:/Arib/MASSA AYAM/chicken detection + constrative classification/data/crops_kolektor_deteksi/train/cacat/10312_00354.png,1,cacat,train,train,10312,10312.png,"[43, 489, 139, 519]",0.7078651685393258,kolektor_deteksi,kolektor_permukaan
C:/Arib/MASSA AYAM/chicken detection + constrative classification/data/crops_kolektor_deteksi/train/cacat/10312_00355.png,1,cacat,train,train,10312,10312.png,"[142, 522, 212, 599]",0.5931430061269717,kolektor_deteksi,kolektor_permukaan
C:/Arib/MASSA AYAM/chicken detection + constrative classification/data/crops_kolektor_deteksi/train/cacat/10312_00356.png,1,cacat,train,train,10312,10312.png,"[60, 491, 127, 530]",0.5030320531331216,kolektor_deteksi,kolektor_permukaan
C:/Arib/MASSA AYAM/chicken detection + constrative classification/data/crops_kolektor_deteksi/train/cacat/10335_00370.png,1,cacat,train,train,10335,10335.png,"[206, 389, 232, 403]",0.6973180076628352,kolektor_deteksi,kolektor_permukaan
C:/Arib/MASSA AYAM/chicken detection + constrative classification/data/crops_kolektor_deteksi/train/cacat/10337_00371.png,1,cacat,train,train,10337,10337.png,"[3, 350, 34, 421]",0.5162241887905604,kolektor_deteksi,kolektor_permukaan
C:/Arib/MASSA AYAM/chicken detection + constrative classification/data/crops_kolektor_deteksi/train/cacat/10337_00372.png,1,cacat,train,train,10337,10337.png,"[5, 359, 32, 414]",0.5424063116370809,kolektor_deteksi,kolektor_permukaan
C:/Arib/MASSA AYAM/chicken detection + constrative classification/data/crops_kolektor_deteksi/train/cacat/10337_00373.png,1,cacat,train,train,10337,10337.png,"[0, 345, 36, 434]",0.5095199785465272,kolektor_deteksi,kolektor_permukaan
C:/Arib/MASSA AYAM/chicken detection + constrative classification/data/crops_kolektor_deteksi/train/cacat/10367_00396.png,1,cacat,train,train,10367,10367.png,"[164, 282, 230, 303]",0.6168831168831169,kolektor_deteksi,kolektor_permukaan
C:/Arib/MASSA AYAM/chicken detection + constrative classification/data/crops_kolektor_deteksi/train/cacat/10367_00397.png,1,cacat,train,train,10367,10367.png,"[153, 284, 233, 304]",0.534375,kolektor_deteksi,kolektor_permukaan
C:/Arib/MASSA AYAM/chicken detection + constrative classification/data/crops_kolektor_deteksi/train/cacat/10367_00398.png,1,cacat,train,train,10367,10367.png,"[169, 288, 228, 303]",0.9016393442622951,kolektor_deteksi,kolektor_permukaan
C:/Arib/MASSA AYAM/chicken detection + constrative classification/data/crops_kolektor_deteksi/train/cacat/10367_00399.png,1,cacat,train,train,10367,10367.png,"[175, 284, 230, 300]",0.6139534883720931,kolektor_deteksi,kolektor_permukaan
C:/Arib/MASSA AYAM/chicken detection + constrative classification/data/crops_kolektor_deteksi/train/cacat/10367_00400.png,1,cacat,train,train,10367,10367.png,"[170, 290, 221, 301]",0.5945945945945946,kolektor_deteksi,kolektor_permukaan
C:/Arib/MASSA AYAM/chicken detection + constrative classification/data/crops_kolektor_deteksi/train/cacat/10396_00417.png,1,cacat,train,train,10396,10396.png,"[0, 83, 44, 148]",0.8431130327362569,kolektor_deteksi,kolektor_permukaan
C:/Arib/MASSA AYAM/chicken detection + constrative classification/data/crops_kolektor_deteksi/train/cacat/10396_00418.png,1,cacat,train,train,10396,10396.png,"[1, 68, 47, 145]",0.7335766423357665,kolektor_deteksi,kolektor_permukaan
C:/Arib/MASSA AYAM/chicken detection + constrative classification/data/crops_kolektor_deteksi/train/cacat/10396_00419.png,1,cacat,train,train,10396,10396.png,"[0, 61, 60, 153]",0.5630434782608695,kolektor_deteksi,kolektor_permukaan
C:/Arib/MASSA AYAM/chicken detection + constrative classification/data/crops_kolektor_deteksi/train/cacat/10423_00461.png,1,cacat,train,train,10423,10423.png,"[153, 382, 178, 434]",0.7210123602118893,kolektor_deteksi,kolektor_permukaan
C:/Arib/MASSA AYAM/chicken detection + constrative classification/data/crops_kolektor_deteksi/train/cacat/10423_00462.png,1,cacat,train,train,10423,10423.png,"[88, 318, 131, 389]",0.6069636135508155,kolektor_deteksi,kolektor_permukaan
C:/Arib/MASSA AYAM/chicken detection + constrative classification/data/crops_kolektor_deteksi/train/cacat/10423_00463.png,1,cacat,train,train,10423,10423.png,"[90, 327, 128, 382]",0.6979591836734694,kolektor_deteksi,kolektor_permukaan
C:/Arib/MASSA AYAM/chicken detection + constrative classification/data/crops_kolektor_deteksi/train/cacat/10423_00464.png,1,cacat,train,train,10423,10423.png,"[93, 341, 127, 378]",0.5565949485500468,kolektor_deteksi,kolektor_permukaan
C:/Arib/MASSA AYAM/chicken detection + constrative classification/data/crops_kolektor_deteksi/train/cacat/10466_00499.png,1,cacat,train,train,10466,10466.png,"[0, 411, 45, 505]",0.8194271481942715,kolektor_deteksi,kolektor_permukaan
C:/Arib/MASSA AYAM/chicken detection + constrative classification/data/crops_kolektor_deteksi/train/cacat/10466_00500.png,1,cacat,train,train,10466,10466.png,"[1, 393, 47, 495]",0.7712092130518234,kolektor_deteksi,kolektor_permukaan
C:/Arib/MASSA AYAM/chicken detection + constrative classification/data/crops_kolektor_deteksi/train/cacat/10466_00501.png,1,cacat,train,train,10466,10466.png,"[0, 429, 40, 504]",0.6613756613756614,kolektor_deteksi,kolektor_permukaan
C:/Arib/MASSA AYAM/chicken detection + constrative classification/data/crops_kolektor_deteksi/train/cacat/10466_00502.png,1,cacat,train,train,10466,10466.png,"[0, 380, 49, 484]",0.6112412177985949,kolektor_deteksi,kolektor_permukaan
C:/Arib/MASSA AYAM/chicken detection + constrative classification/data/crops_kolektor_deteksi/train/cacat/10466_00503.png,1,cacat,train,train,10466,10466.png,"[0, 394, 51, 506]",0.7941176470588235,kolektor_deteksi,kolektor_permukaan
C:/Arib/MASSA AYAM/chicken detection + constrative classification/data/crops_kolektor_deteksi/train/cacat/10478_00523.png,1,cacat,train,train,10478,10478.png,"[103, 493, 219, 591]",0.727853152434158,kolektor_deteksi,kolektor_permukaan
C:/Arib/MASSA AYAM/chicken detection + constrative classification/data/crops_kolektor_deteksi/train/cacat/10478_00524.png,1,cacat,train,train,10478,10478.png,"[133, 499, 229, 599]",0.8310922821882483,kolektor_deteksi,kolektor_permukaan
C:/Arib/MASSA AYAM/chicken detection + constrative classification/data/crops_kolektor_deteksi/train/cacat/10478_00525.png,1,cacat,train,train,10478,10478.png,"[106, 508, 206, 584]",0.5450146880940038,kolektor_deteksi,kolektor_permukaan
C:/Arib/MASSA AYAM/chicken detection + constrative classification/data/crops_kolektor_deteksi/train/cacat/10478_00526.png,1,cacat,train,train,10478,10478.png,"[120, 502, 194, 587]",0.5727436651798424,kolektor_deteksi,kolektor_permukaan
C:/Arib/MASSA AYAM/chicken detection + constrative classification/data/crops_kolektor_deteksi/train/cacat/10478_00527.png,1,cacat,train,train,10478,10478.png,"[157, 507, 229, 599]",0.5779354116109763,kolektor_deteksi,kolektor_permukaan
C:/Arib/MASSA AYAM/chicken detection + constrative classification/data/crops_kolektor_deteksi/train/cacat/10478_00528.png,1,cacat,train,train,10478,10478.png,"[120, 480, 229, 594]",0.8274585546434895,kolektor_deteksi,kolektor_permukaan
C:/Arib/MASSA AYAM/chicken detection + constrative classification/data/crops_kolektor_deteksi/train/cacat/10478_00529.png,1,cacat,train,train,10478,10478.png,"[137, 519, 229, 593]",0.6621279906632951,kolektor_deteksi,kolektor_permukaan
C:/Arib/MASSA AYAM/chicken detection + constrative classification/data/crops_kolektor_deteksi/train/cacat/10478_00530.png,1,cacat,train,train,10478,10478.png,"[112, 511, 229, 586]",0.7157648329882056,kolektor_deteksi,kolektor_permukaan
C:/Arib/MASSA AYAM/chicken detection + constrative classification/data/crops_kolektor_deteksi/train/cacat/10478_00531.png,1,cacat,train,train,10478,10478.png,"[152, 482, 229, 600]",0.6276998067064459,kolektor_deteksi,kolektor_permukaan
C:/Arib/MASSA AYAM/chicken detection + constrative classification/data/crops_kolektor_deteksi/train/cacat/10478_00532.png,1,cacat,train,train,10478,10478.png,"[126, 485, 200, 583]",0.5802090843547224,kolektor_deteksi,kolektor_permukaan
C:/Arib/MASSA AYAM/chicken detection + constrative classification/data/crops_kolektor_deteksi/train/cacat/10478_00533.png,1,cacat,train,train,10478,10478.png,"[136, 463, 229, 586]",0.6269193318852521,kolektor_deteksi,kolektor_permukaan
C:/Arib/MASSA AYAM/chicken detection + constrative classification/data/crops_kolektor_deteksi/train/cacat/10478_00534.png,1,cacat,train,train,10478,10478.png,"[106, 469, 225, 581]",0.5803212851405622,kolektor_deteksi,kolektor_permukaan
C:/Arib/MASSA AYAM/chicken detection + constrative classification/data/crops_kolektor_deteksi/train/cacat/10487_00542.png,1,cacat,train,train,10487,10487.png,"[50, 288, 93, 303]",0.5158648925281474,kolektor_deteksi,kolektor_permukaan
C:/Arib/MASSA AYAM/chicken detection + constrative classification/data/crops_kolektor_deteksi/train/cacat/10487_00543.png,1,cacat,train,train,10487,10487.png,"[42, 288, 94, 307]",0.6056338028169014,kolektor_deteksi,kolektor_permukaan
C:/Arib/MASSA AYAM/chicken detection + constrative classification/data/crops_kolektor_deteksi/train/cacat/10487_00544.png,1,cacat,train,train,10487,10487.png,"[42, 284, 98, 312]",0.5331632653061225,kolektor_deteksi,kolektor_permukaan
C:/Arib/MASSA AYAM/chicken detection + constrative classification/data/crops_kolektor_deteksi/train/cacat/10499_00550.png,1,cacat,train,train,10499,10499.png,"[3, 567, 38, 638]",0.5532890213156085,kolektor_deteksi,kolektor_permukaan
C:/Arib/MASSA AYAM/chicken detection + constrative classification/data/crops_kolektor_deteksi/train/cacat/10499_00551.png,1,cacat,train,train,10499,10499.png,"[0, 561, 40, 644]",0.67628275710196,kolektor_deteksi,kolektor_permukaan
C:/Arib/MASSA AYAM/chicken detection + constrative classification/data/crops_kolektor_deteksi/train/cacat/10499_00552.png,1,cacat,train,train,10499,10499.png,"[5, 552, 41, 643]",0.6254295532646048,kolektor_deteksi,kolektor_permukaan
C:/Arib/MASSA AYAM/chicken detection + constrative classification/data/crops_kolektor_deteksi/train/cacat/10499_00553.png,1,cacat,train,train,10499,10499.png,"[0, 553, 36, 634]",0.679403541472507,kolektor_deteksi,kolektor_permukaan
C:/Arib/MASSA AYAM/chicken detection + constrative classification/data/crops_kolektor_deteksi/train/cacat/10506_00558.png,1,cacat,train,train,10506,10506.png,"[47, 343, 115, 365]",0.6393910561370124,kolektor_deteksi,kolektor_permukaan
C:/Arib/MASSA AYAM/chicken detection + constrative classification/data/crops_kolektor_deteksi/train/cacat/10506_00559.png,1,cacat,train,train,10506,10506.png,"[54, 340, 100, 367]",0.5287356321839081,kolektor_deteksi,kolektor_permukaan
C:/Arib/MASSA AYAM/chicken detection + constrative classification/data/crops_kolektor_deteksi/train/cacat/10506_00560.png,1,cacat,train,train,10506,10506.png,"[43, 339, 130, 366]",0.8301404853128991,kolektor_deteksi,kolektor_permukaan
C:/Arib/MASSA AYAM/chicken detection + constrative classification/data/crops_kolektor_deteksi/train/cacat/10506_00561.png,1,cacat,train,train,10506,10506.png,"[60, 344, 132, 361]",0.5862068965517241,kolektor_deteksi,kolektor_permukaan
C:/Arib/MASSA AYAM/chicken detection + constrative classification/data/crops_kolektor_deteksi/train/cacat/10506_00562.png,1,cacat,train,train,10506,10506.png,"[56, 344, 140, 365]",0.64773735581189,kolektor_deteksi,kolektor_permukaan
C:/Arib/MASSA AYAM/chicken detection + constrative classification/data/crops_kolektor_deteksi/train/cacat/10506_00563.png,1,cacat,train,train,10506,10506.png,"[44, 338, 114, 373]",0.5575221238938053,kolektor_deteksi,kolektor_permukaan
C:/Arib/MASSA AYAM/chicken detection + constrative classification/data/crops_kolektor_deteksi/train/cacat/10514_00567.png,1,cacat,train,train,10514,10514.png,"[116, 338, 184, 364]",0.894593118514473,kolektor_deteksi,kolektor_permukaan
C:/Arib/MASSA AYAM/chicken detection + constrative classification/data/crops_kolektor_deteksi/train/cacat/10514_00568.png,1,cacat,train,train,10514,10514.png,"[115, 340, 174, 360]",0.674026728646136,kolektor_deteksi,kolektor_permukaan
C:/Arib/MASSA AYAM/chicken detection + constrative classification/data/crops_kolektor_deteksi/train/cacat/10514_00569.png,1,cacat,train,train,10514,10514.png,"[100, 331, 187, 369]",0.514519056261343,kolektor_deteksi,kolektor_permukaan
C:/Arib/MASSA AYAM/chicken detection + constrative classification/data/crops_kolektor_deteksi/train/cacat/10514_00570.png,1,cacat,train,train,10514,10514.png,"[128, 340, 179, 364]",0.7195767195767195,kolektor_deteksi,kolektor_permukaan
C:/Arib/MASSA AYAM/chicken detection + constrative classification/data/crops_kolektor_deteksi/train/cacat/10557_00627.png,1,cacat,train,train,10557,10557.png,"[137, 513, 182, 569]",0.8153846153846154,kolektor_deteksi,kolektor_permukaan
C:/Arib/MASSA AYAM/chicken detection + constrative classification/data/crops_kolektor_deteksi/train/cacat/10557_00628.png,1,cacat,train,train,10557,10557.png,"[140, 527, 176, 561]",0.5024630541871922,kolektor_deteksi,kolektor_permukaan
C:/Arib/MASSA AYAM/chicken detection + constrative classification/data/crops_kolektor_deteksi/train/cacat/10557_00629.png,1,cacat,train,train,10557,10557.png,"[145, 512, 183, 560]",0.6824644549763034,kolektor_deteksi,kolektor_permukaan
C:/Arib/MASSA AYAM/chicken detection + constrative classification/data/crops_kolektor_deteksi/train/cacat/10583_00637.png,1,cacat,train,train,10583,10583.png,"[129, 287, 152, 315]",0.5220338983050847,kolektor_deteksi,kolektor_permukaan
C:/Arib/MASSA AYAM/chicken detection + constrative classification/data/crops_kolektor_deteksi/train/cacat/10583_00638.png,1,cacat,train,train,10583,10583.png,"[127, 272, 153, 317]",0.8695652173913043,kolektor_deteksi,kolektor_permukaan
C:/Arib/MASSA AYAM/chicken detection + constrative classification/data/crops_kolektor_deteksi/train/cacat/10602_00650.png,1,cacat,train,train,10602,10602.png,"[0, 341, 61, 359]",0.5045955882352942,kolektor_deteksi,kolektor_permukaan
C:/Arib/MASSA AYAM/chicken detection + constrative classification/data/crops_kolektor_deteksi/train/cacat/10602_00651.png,1,cacat,train,train,10602,10602.png,"[0, 339, 69, 361]",0.615923009623797,kolektor_deteksi,kolektor_permukaan
C:/Arib/MASSA AYAM/chicken detection + constrative classification/data/crops_kolektor_deteksi/train/cacat/10618_00656.png,1,cacat,train,train,10618,10618.png,"[158, 295, 228, 329]",0.6814159292035398,kolektor_deteksi,kolektor_permukaan
C:/Arib/MASSA AYAM/chicken detection + constrative classification/data/crops_kolektor_deteksi/train/cacat/10618_00657.png,1,cacat,train,train,10618,10618.png,"[139, 292, 228, 331]",0.7475553268142049,kolektor_deteksi,kolektor_permukaan
C:/Arib/MASSA AYAM/chicken detection + constrative classification/data/crops_kolektor_deteksi/train/cacat/10628_00671.png,1,cacat,train,train,10628,10628.png,"[0, 273, 41, 355]",0.5897159295217548,kolektor_deteksi,kolektor_permukaan
C:/Arib/MASSA AYAM/chicken detection + constrative classification/data/crops_kolektor_deteksi/train/cacat/10628_00672.png,1,cacat,train,train,10628,10628.png,"[0, 246, 41, 345]",0.6856335041526771,kolektor_deteksi,kolektor_permukaan
C:/Arib/MASSA AYAM/chicken detection + constrative classification/data/crops_kolektor_deteksi/train/cacat/10628_00673.png,1,cacat,train,train,10628,10628.png,"[0, 293, 39, 364]",0.5052919708029197,kolektor_deteksi,kolektor_permukaan
C:/Arib/MASSA AYAM/chicken detection + constrative classification/data/crops_kolektor_deteksi/train/cacat/10637_00682.png,1,cacat,train,train,10637,10637.png,"[77, 96, 154, 120]",0.6593406593406593,kolektor_deteksi,kolektor_permukaan
C:/Arib/MASSA AYAM/chicken detection + constrative classification/data/crops_kolektor_deteksi/train/cacat/10637_00683.png,1,cacat,train,train,10637,10637.png,"[64, 89, 154, 121]",0.5608308605341247,kolektor_deteksi,kolektor_permukaan
C:/Arib/MASSA AYAM/chicken detection + constrative classification/data/crops_kolektor_deteksi/train/cacat/10637_00684.png,1,cacat,train,train,10637,10637.png,"[80, 90, 142, 121]",0.636986301369863,kolektor_deteksi,kolektor_permukaan
C:/Arib/MASSA AYAM/chicken detection + constrative classification/data/crops_kolektor_deteksi/train/cacat/10647_00698.png,1,cacat,train,train,10647,10647.png,"[32, 384, 82, 421]",0.8035160289555325,kolektor_deteksi,kolektor_permukaan
C:/Arib/MASSA AYAM/chicken detection + constrative classification/data/crops_kolektor_deteksi/train/cacat/10647_00699.png,1,cacat,train,train,10647,10647.png,"[36, 394, 75, 423]",0.6904761904761905,kolektor_deteksi,kolektor_permukaan
C:/Arib/MASSA AYAM/chicken detection + constrative classification/data/crops_kolektor_deteksi/train/cacat/10647_00700.png,1,cacat,train,train,10647,10647.png,"[45, 382, 83, 414]",0.5311158798283262,kolektor_deteksi,kolektor_permukaan
C:/Arib/MASSA AYAM/chicken detection + constrative classification/data/crops_kolektor_deteksi/train/cacat/10647_00701.png,1,cacat,train,train,10647,10647.png,"[27, 379, 93, 428]",0.5064935064935064,kolektor_deteksi,kolektor_permukaan
C:/Arib/MASSA AYAM/chicken detection + constrative classification/data/crops_kolektor_deteksi/train/cacat/10647_00702.png,1,cacat,train,train,10647,10647.png,"[36, 387, 88, 429]",0.6545454545454545,kolektor_deteksi,kolektor_permukaan
C:/Arib/MASSA AYAM/chicken detection + constrative classification/data/crops_kolektor_deteksi/train/cacat/10647_00703.png,1,cacat,train,train,10647,10647.png,"[39, 381, 87, 417]",0.6190476190476191,kolektor_deteksi,kolektor_permukaan
C:/Arib/MASSA AYAM/chicken detection + constrative classification/data/crops_kolektor_deteksi/train/cacat/10661_00713.png,1,cacat,train,train,10661,10661.png,"[25, 320, 109, 364]",0.5573333333333333,kolektor_deteksi,kolektor_permukaan
C:/Arib/MASSA AYAM/chicken detection + constrative classification/data/crops_kolektor_deteksi/train/cacat/10661_00714.png,1,cacat,train,train,10661,10661.png,"[31, 326, 99, 365]",0.5782252710776721,kolektor_deteksi,kolektor_permukaan
C:/Arib/MASSA AYAM/chicken detection + constrative classification/data/crops_kolektor_deteksi/train/cacat/10661_00715.png,1,cacat,train,train,10661,10661.png,"[28, 326, 126, 359]",0.6725932350390286,kolektor_deteksi,kolektor_permukaan
C:/Arib/MASSA AYAM/chicken detection + constrative classification/data/crops_kolektor_deteksi/train/cacat/10661_00716.png,1,cacat,train,train,10661,10661.png,"[23, 316, 132, 365]",0.6586725215335247,kolektor_deteksi,kolektor_permukaan
C:/Arib/MASSA AYAM/chicken detection + constrative classification/data/crops_kolektor_deteksi/train/cacat/10661_00717.png,1,cacat,train,train,10661,10661.png,"[47, 328, 144, 356]",0.60625,kolektor_deteksi,kolektor_permukaan
C:/Arib/MASSA AYAM/chicken detection + constrative classification/data/crops_kolektor_deteksi/train/cacat/10661_00718.png,1,cacat,train,train,10661,10661.png,"[42, 321, 151, 358]",0.6218327300438179,kolektor_deteksi,kolektor_permukaan
C:/Arib/MASSA AYAM/chicken detection + constrative classification/data/crops_kolektor_deteksi/train/cacat/10672_00730.png,1,cacat,train,train,10672,10672.png,"[80, 504, 134, 577]",0.5953728362183754,kolektor_deteksi,kolektor_permukaan
C:/Arib/MASSA AYAM/chicken detection + constrative classification/data/crops_kolektor_deteksi/train/cacat/10672_00731.png,1,cacat,train,train,10672,10672.png,"[82, 491, 128, 571]",0.5847356790753017,kolektor_deteksi,kolektor_permukaan
C:/Arib/MASSA AYAM/chicken detection + constrative classification/data/crops_kolektor_deteksi/train/cacat/10672_00732.png,1,cacat,train,train,10672,10672.png,"[89, 501, 141, 583]",0.7395961369622476,kolektor_deteksi,kolektor_permukaan
C:/Arib/MASSA AYAM/chicken detection + constrative classification/data/crops_kolektor_deteksi/train/cacat/10678_00733.png,1,cacat,train,train,10678,10678.png,"[50, 145, 97, 192]",0.6293447293447293,kolektor_deteksi,kolektor_permukaan
C:/Arib/MASSA AYAM/chicken detection + constrative classification/data/crops_kolektor_deteksi/train/cacat/10678_00734.png,1,cacat,train,train,10678,10678.png,"[52, 131, 108, 195]",0.7164287442535688,kolektor_deteksi,kolektor_permukaan
C:/Arib/MASSA AYAM/chicken detection + constrative classification/data/crops_kolektor_deteksi/train/cacat/10678_00735.png,1,cacat,train,train,10678,10678.png,"[37, 144, 109, 194]",0.6122448979591837,kolektor_deteksi,kolektor_permukaan
C:/Arib/MASSA AYAM/chicken detection + constrative classification/data/crops_kolektor_deteksi/train/cacat/10707_00763.png,1,cacat,train,train,10707,10707.png,"[0, 226, 31, 267]",0.7553107789142408,kolektor_deteksi,kolektor_permukaan
C:/Arib/MASSA AYAM/chicken detection + constrative classification/data/crops_kolektor_deteksi/train/cacat/10711_00765.png,1,cacat,train,train,10711,10711.png,"[109, 421, 125, 433]",0.7142857142857143,kolektor_deteksi,kolektor_permukaan
C:/Arib/MASSA AYAM/chicken detection + constrative classification/data/crops_kolektor_deteksi/train/cacat/10711_00766.png,1,cacat,train,train,10711,10711.png,"[107, 420, 125, 436]",0.8333333333333334,kolektor_deteksi,kolektor_permukaan
C:/Arib/MASSA AYAM/chicken detection + constrative classification/data/crops_kolektor_deteksi/train/cacat/10712_00767.png,1,cacat,train,train,10712,10712.png,"[123, 303, 229, 398]",0.7922054270624659,kolektor_deteksi,kolektor_permukaan
C:/Arib/MASSA AYAM/chicken detection + constrative classification/data/crops_kolektor_deteksi/train/cacat/10712_00768.png,1,cacat,train,train,10712,10712.png,"[132, 316, 229, 389]",0.6609950248756219,kolektor_deteksi,kolektor_permukaan
C:/Arib/MASSA AYAM/chicken detection + constrative classification/data/crops_kolektor_deteksi/train/cacat/10712_00769.png,1,cacat,train,train,10712,10712.png,"[126, 286, 216, 395]",0.7018927444794952,kolektor_deteksi,kolektor_permukaan
C:/Arib/MASSA AYAM/chicken detection + constrative classification/data/crops_kolektor_deteksi/train/cacat/10712_00770.png,1,cacat,train,train,10712,10712.png,"[107, 303, 214, 402]",0.7430124223602484,kolektor_deteksi,kolektor_permukaan
C:/Arib/MASSA AYAM/chicken detection + constrative classification/data/crops_kolektor_deteksi/train/cacat/10712_00771.png,1,cacat,train,train,10712,10712.png,"[149, 307, 229, 389]",0.60055423594616,kolektor_deteksi,kolektor_permukaan
C:/Arib/MASSA AYAM/chicken detection + constrative classification/data/crops_kolektor_deteksi/train/cacat/10712_00772.png,1,cacat,train,train,10712,10712.png,"[112, 321, 229, 396]",0.6814814814814815,kolektor_deteksi,kolektor_permukaan
C:/Arib/MASSA AYAM/chicken detection + constrative classification/data/crops_kolektor_deteksi/train/cacat/10712_00773.png,1,cacat,train,train,10712,10712.png,"[132, 287, 229, 390]",0.7040159944367177,kolektor_deteksi,kolektor_permukaan
C:/Arib/MASSA AYAM/chicken detection + constrative classification/data/crops_kolektor_deteksi/train/cacat/10774_00817.png,1,cacat,train,train,10774,10774.png,"[81, 148, 140, 181]",0.6923076923076923,kolektor_deteksi,kolektor_permukaan
C:/Arib/MASSA AYAM/chicken detection + constrative classification/data/crops_kolektor_deteksi/train/cacat/10774_00818.png,1,cacat,train,train,10774,10774.png,"[67, 144, 138, 179]",0.5975855130784709,kolektor_deteksi,kolektor_permukaan
C:/Arib/MASSA AYAM/chicken detection + constrative classification/data/crops_kolektor_deteksi/train/cacat/10774_00819.png,1,cacat,train,train,10774,10774.png,"[77, 150, 126, 179]",0.8049689440993789,kolektor_deteksi,kolektor_permukaan
C:/Arib/MASSA AYAM/chicken detection + constrative classification/data/crops_kolektor_deteksi/train/cacat/10774_00820.png,1,cacat,train,train,10774,10774.png,"[74, 148, 152, 177]",0.5796795952782462,kolektor_deteksi,kolektor_permukaan
C:/Arib/MASSA AYAM/chicken detection + constrative classification/data/crops_kolektor_deteksi/train/cacat/10797_00830.png,1,cacat,train,train,10797,10797.png,"[165, 331, 213, 442]",0.6659167604049494,kolektor_deteksi,kolektor_permukaan
C:/Arib/MASSA AYAM/chicken detection + constrative classification/data/crops_kolektor_deteksi/train/cacat/10797_00831.png,1,cacat,train,train,10797,10797.png,"[157, 370, 220, 450]",0.6046511627906976,kolektor_deteksi,kolektor_permukaan
C:/Arib/MASSA AYAM/chicken detection + constrative classification/data/crops_kolektor_deteksi/train/cacat/10797_00832.png,1,cacat,train,train,10797,10797.png,"[151, 353, 220, 458]",0.6462585034013606,kolektor_deteksi,kolektor_permukaan
C:/Arib/MASSA AYAM/chicken detection + constrative classification/data/crops_kolektor_deteksi/train/cacat/10849_00854.png,1,cacat,train,train,10849,10849.png,"[191, 217, 230, 260]",0.6464981351015333,kolektor_deteksi,kolektor_permukaan
C:/Arib/MASSA AYAM/chicken detection + constrative classification/data/crops_kolektor_deteksi/train/cacat/10849_00855.png,1,cacat,train,train,10849,10849.png,"[0, 172, 18, 235]",0.5616224648985959,kolektor_deteksi,kolektor_permukaan
C:/Arib/MASSA AYAM/chicken detection + constrative classification/data/crops_kolektor_deteksi/train/cacat/10849_00856.png,1,cacat,train,train,10849,10849.png,"[0, 160, 19, 233]",0.7245762711864406,kolektor_deteksi,kolektor_permukaan
C:/Arib/MASSA AYAM/chicken detection + constrative classification/data/crops_kolektor_deteksi/train/cacat/10849_00857.png,1,cacat,train,train,10849,10849.png,"[0, 137, 18, 217]",0.6737481031866465,kolektor_deteksi,kolektor_permukaan
C:/Arib/MASSA AYAM/chicken detection + constrative classification/data/crops_kolektor_deteksi/train/cacat/10849_00858.png,1,cacat,train,train,10849,10849.png,"[188, 204, 231, 263]",0.8169172932330827,kolektor_deteksi,kolektor_permukaan
C:/Arib/MASSA AYAM/chicken detection + constrative classification/data/crops_kolektor_deteksi/train/cacat/10849_00859.png,1,cacat,train,train,10849,10849.png,"[0, 142, 22, 229]",0.91350531107739,kolektor_deteksi,kolektor_permukaan
C:/Arib/MASSA AYAM/chicken detection + constrative classification/data/crops_kolektor_deteksi/train/cacat/10849_00860.png,1,cacat,train,train,10849,10849.png,"[0, 168, 25, 236]",0.6040449438202247,kolektor_deteksi,kolektor_permukaan
C:/Arib/MASSA AYAM/chicken detection + constrative classification/data/crops_kolektor_deteksi/train/cacat/10849_00861.png,1,cacat,train,train,10849,10849.png,"[0, 143, 30, 241]",0.6357142857142857,kolektor_deteksi,kolektor_permukaan
C:/Arib/MASSA AYAM/chicken detection + constrative classification/data/crops_kolektor_deteksi/train/cacat/10849_00862.png,1,cacat,train,train,10849,10849.png,"[0, 115, 21, 212]",0.5897435897435898,kolektor_deteksi,kolektor_permukaan
C:/Arib/MASSA AYAM/chicken detection + constrative classification/data/crops_kolektor_deteksi/train/cacat/10849_00863.png,1,cacat,train,train,10849,10849.png,"[198, 194, 231, 259]",0.7126880061704589,kolektor_deteksi,kolektor_permukaan
C:/Arib/MASSA AYAM/chicken detection + constrative classification/data/crops_kolektor_deteksi/train/cacat/10849_00864.png,1,cacat,train,train,10849,10849.png,"[0, 153, 26, 271]",0.5061012812690665,kolektor_deteksi,kolektor_permukaan
C:/Arib/MASSA AYAM/chicken detection + constrative classification/data/crops_kolektor_deteksi/train/cacat/10849_00865.png,1,cacat,train,train,10849,10849.png,"[0, 114, 23, 252]",0.5888468809073724,kolektor_deteksi,kolektor_permukaan
C:/Arib/MASSA AYAM/chicken detection + constrative classification/data/crops_kolektor_deteksi/train/cacat/10893_00911.png,1,cacat,train,train,10893,10893.png,"[0, 327, 50, 371]",0.7568181818181818,kolektor_deteksi,kolektor_permukaan
C:/Arib/MASSA AYAM/chicken detection + constrative classification/data/crops_kolektor_deteksi/train/cacat/10893_00912.png,1,cacat,train,train,10893,10893.png,"[0, 332, 51, 362]",0.6511627906976745,kolektor_deteksi,kolektor_permukaan
C:/Arib/MASSA AYAM/chicken detection + constrative classification/data/crops_kolektor_deteksi/train/cacat/10893_00913.png,1,cacat,train,train,10893,10893.png,"[0, 324, 62, 377]",0.5066950699939136,kolektor_deteksi,kolektor_permukaan
C:/Arib/MASSA AYAM/chicken detection + constrative classification/data/crops_kolektor_deteksi/train/cacat/10893_00914.png,1,cacat,train,train,10893,10893.png,"[0, 332, 43, 371]",0.8691275167785235,kolektor_deteksi,kolektor_permukaan
C:/Arib/MASSA AYAM/chicken detection + constrative classification/data/crops_kolektor_deteksi/train/cacat/10905_00920.png,1,cacat,train,train,10905,10905.png,"[51, 265, 156, 290]",0.7496251874062968,kolektor_deteksi,kolektor_permukaan
C:/Arib/MASSA AYAM/chicken detection + constrative classification/data/crops_kolektor_deteksi/train/cacat/10951_00955.png,1,cacat,train,train,10951,10951.png,"[0, 342, 77, 385]",0.7710661431591664,kolektor_deteksi,kolektor_permukaan
C:/Arib/MASSA AYAM/chicken detection + constrative classification/data/crops_kolektor_deteksi/train/cacat/10951_00956.png,1,cacat,train,train,10951,10951.png,"[0, 344, 62, 383]",0.8569293985805005,kolektor_deteksi,kolektor_permukaan
C:/Arib/MASSA AYAM/chicken detection + constrative classification/data/crops_kolektor_deteksi/train/cacat/10951_00957.png,1,cacat,train,train,10951,10951.png,"[0, 332, 77, 389]",0.5816814764183186,kolektor_deteksi,kolektor_permukaan
C:/Arib/MASSA AYAM/chicken detection + constrative classification/data/crops_kolektor_deteksi/train/cacat/10951_00958.png,1,cacat,train,train,10951,10951.png,"[8, 344, 73, 377]",0.7108521485797523,kolektor_deteksi,kolektor_permukaan
C:/Arib/MASSA AYAM/chicken detection + constrative classification/data/crops_kolektor_deteksi/train/cacat/11002_00979.png,1,cacat,train,train,11002,11002.png,"[41, 297, 130, 342]",0.6959077549174768,kolektor_deteksi,kolektor_permukaan
C:/Arib/MASSA AYAM/chicken detection + constrative classification/data/crops_kolektor_deteksi/train/cacat/11002_00980.png,1,cacat,train,train,11002,11002.png,"[56, 301, 148, 341]",0.8185504308160162,kolektor_deteksi,kolektor_permukaan
C:/Arib/MASSA AYAM/chicken detection + constrative classification/data/crops_kolektor_deteksi/train/cacat/11002_00981.png,1,cacat,train,train,11002,11002.png,"[46, 299, 114, 336]",0.5546935608999224,kolektor_deteksi,kolektor_permukaan
C:/Arib/MASSA AYAM/chicken detection + constrative classification/data/crops_kolektor_deteksi/train/cacat/11002_00982.png,1,cacat,train,train,11002,11002.png,"[67, 309, 145, 341]",0.6534216335540839,kolektor_deteksi,kolektor_permukaan
C:/Arib/MASSA AYAM/chicken detection + constrative classification/data/crops_kolektor_deteksi/train/cacat/11002_00983.png,1,cacat,train,train,11002,11002.png,"[41, 297, 172, 348]",0.5232749588384973,kolektor_deteksi,kolektor_permukaan
C:/Arib/MASSA AYAM/chicken detection + constrative classification/data/crops_kolektor_deteksi/train/cacat/11012_00984.png,1,cacat,train,train,11012,11012.png,"[19, 575, 44, 612]",0.6894075403949731,kolektor_deteksi,kolektor_permukaan
C:/Arib/MASSA AYAM/chicken detection + constrative classification/data/crops_kolektor_deteksi/train/cacat/11012_00985.png,1,cacat,train,train,11012,11012.png,"[20, 575, 40, 605]",0.6269592476489029,kolektor_deteksi,kolektor_permukaan
C:/Arib/MASSA AYAM/chicken detection + constrative classification/data/crops_kolektor_deteksi/train/cacat/11025_00996.png,1,cacat,train,train,11025,11025.png,"[17, 157, 74, 211]",0.7497749774977498,kolektor_deteksi,kolektor_permukaan
C:/Arib/MASSA AYAM/chicken detection + constrative classification/data/crops_kolektor_deteksi/train/cacat/11025_00997.png,1,cacat,train,train,11025,11025.png,"[12, 166, 75, 205]",0.61731843575419,kolektor_deteksi,kolektor_permukaan
C:/Arib/MASSA AYAM/chicken detection + constrative classification/data/crops_kolektor_deteksi/train/cacat/11052_01040.png,1,cacat,train,train,11052,11052.png,"[0, 10, 47, 57]",0.6378029079159936,kolektor_deteksi,kolektor_permukaan
C:/Arib/MASSA AYAM/chicken detection + constrative classification/data/crops_kolektor_deteksi/train/cacat/11052_01041.png,1,cacat,train,train,11052,11052.png,"[0, 76, 25, 136]",0.6284038542103059,kolektor_deteksi,kolektor_permukaan
C:/Arib/MASSA AYAM/chicken detection + constrative classification/data/crops_kolektor_deteksi/train/cacat/11052_01042.png,1,cacat,train,train,11052,11052.png,"[0, 79, 23, 152]",0.553687428353076,kolektor_deteksi,kolektor_permukaan
C:/Arib/MASSA AYAM/chicken detection + constrative classification/data/crops_kolektor_deteksi/train/cacat/11052_01043.png,1,cacat,train,train,11052,11052.png,"[0, 0, 53, 59]",0.8529866914268028,kolektor_deteksi,kolektor_permukaan
C:/Arib/MASSA AYAM/chicken detection + constrative classification/data/crops_kolektor_deteksi/train/cacat/11052_01044.png,1,cacat,train,train,11052,11052.png,"[0, 68, 30, 135]",0.8420611646418098,kolektor_deteksi,kolektor_permukaan
C:/Arib/MASSA AYAM/chicken detection + constrative classification/data/crops_kolektor_deteksi/train/cacat/11052_01045.png,1,cacat,train,train,11052,11052.png,"[0, 81, 31, 132]",0.6623376623376623,kolektor_deteksi,kolektor_permukaan
C:/Arib/MASSA AYAM/chicken detection + constrative classification/data/crops_kolektor_deteksi/train/cacat/11052_01046.png,1,cacat,train,train,11052,11052.png,"[0, 77, 29, 163]",0.6291722296395194,kolektor_deteksi,kolektor_permukaan
C:/Arib/MASSA AYAM/chicken detection + constrative classification/data/crops_kolektor_deteksi/train/cacat/11052_01047.png,1,cacat,train,train,11052,11052.png,"[0, 70, 34, 145]",0.8251386321626617,kolektor_deteksi,kolektor_permukaan
C:/Arib/MASSA AYAM/chicken detection + constrative classification/data/crops_kolektor_deteksi/train/cacat/11052_01048.png,1,cacat,train,train,11052,11052.png,"[0, 1, 66, 64]",0.6657963446475196,kolektor_deteksi,kolektor_permukaan
C:/Arib/MASSA AYAM/chicken detection + constrative classification/data/crops_kolektor_deteksi/train/cacat/11052_01049.png,1,cacat,train,train,11052,11052.png,"[0, 9, 56, 68]",0.6225322453277178,kolektor_deteksi,kolektor_permukaan
C:/Arib/MASSA AYAM/chicken detection + constrative classification/data/crops_kolektor_deteksi/train/cacat/11061_01059.png,1,cacat,train,train,11061,11061.png,"[27, 404, 73, 494]",0.5989932885906041,kolektor_deteksi,kolektor_permukaan
C:/Arib/MASSA AYAM/chicken detection + constrative classification/data/crops_kolektor_deteksi/train/cacat/11061_01060.png,1,cacat,train,train,11061,11061.png,"[36, 395, 73, 482]",0.5972170686456401,kolektor_deteksi,kolektor_permukaan
C:/Arib/MASSA AYAM/chicken detection + constrative classification/data/crops_kolektor_deteksi/train/cacat/11094_01073.png,1,cacat,train,train,11094,11094.png,"[129, 538, 184, 561]",0.6803944315545244,kolektor_deteksi,kolektor_permukaan
C:/Arib/MASSA AYAM/chicken detection + constrative classification/data/crops_kolektor_deteksi/train/cacat/11094_01074.png,1,cacat,train,train,11094,11094.png,"[130, 543, 180, 562]",0.5821078431372549,kolektor_deteksi,kolektor_permukaan
C:/Arib/MASSA AYAM/chicken detection + constrative classification/data/crops_kolektor_deteksi/train/cacat/11094_01075.png,1,cacat,train,train,11094,11094.png,"[131, 534, 183, 567]",0.8305084745762712,kolektor_deteksi,kolektor_permukaan
C:/Arib/MASSA AYAM/chicken detection + constrative classification/data/crops_kolektor_deteksi/train/cacat/11135_01100.png,1,cacat,train,train,11135,11135.png,"[0, 252, 35, 324]",0.6169354838709677,kolektor_deteksi,kolektor_permukaan
C:/Arib/MASSA AYAM/chicken detection + constrative classification/data/crops_kolektor_deteksi/train/cacat/11135_01101.png,1,cacat,train,train,11135,11135.png,"[0, 266, 34, 315]",0.5384615384615384,kolektor_deteksi,kolektor_permukaan
C:/Arib/MASSA AYAM/chicken detection + constrative classification/data/crops_kolektor_deteksi/train/cacat/11135_01102.png,1,cacat,train,train,11135,11135.png,"[0, 247, 44, 327]",0.5374244537424454,kolektor_deteksi,kolektor_permukaan
C:/Arib/MASSA AYAM/chicken detection + constrative classification/data/crops_kolektor_deteksi/train/cacat/11135_01103.png,1,cacat,train,train,11135,11135.png,"[0, 256, 40, 317]",0.56859410430839,kolektor_deteksi,kolektor_permukaan
C:/Arib/MASSA AYAM/chicken detection + constrative classification/data/crops_kolektor_deteksi/train/cacat/11135_01104.png,1,cacat,train,train,11135,11135.png,"[0, 229, 43, 327]",0.666970802919708,kolektor_deteksi,kolektor_permukaan
C:/Arib/MASSA AYAM/chicken detection + constrative classification/data/crops_kolektor_deteksi/train/cacat/11135_01105.png,1,cacat,train,train,11135,11135.png,"[0, 232, 35, 319]",0.8507687669580947,kolektor_deteksi,kolektor_permukaan
C:/Arib/MASSA AYAM/chicken detection + constrative classification/data/crops_kolektor_deteksi/train/cacat/11139_01108.png,1,cacat,train,train,11139,11139.png,"[0, 251, 50, 332]",0.9007407407407407,kolektor_deteksi,kolektor_permukaan
C:/Arib/MASSA AYAM/chicken detection + constrative classification/data/crops_kolektor_deteksi/train/cacat/11139_01109.png,1,cacat,train,train,11139,11139.png,"[167, 217, 214, 292]",0.5569620253164557,kolektor_deteksi,kolektor_permukaan
C:/Arib/MASSA AYAM/chicken detection + constrative classification/data/crops_kolektor_deteksi/train/cacat/11139_01110.png,1,cacat,train,train,11139,11139.png,"[0, 232, 48, 321]",0.7368421052631579,kolektor_deteksi,kolektor_permukaan
C:/Arib/MASSA AYAM/chicken detection + constrative classification/data/crops_kolektor_deteksi/train/cacat/11139_01111.png,1,cacat,train,train,11139,11139.png,"[0, 269, 53, 338]",0.6157929661579297,kolektor_deteksi,kolektor_permukaan
C:/Arib/MASSA AYAM/chicken detection + constrative classification/data/crops_kolektor_deteksi/train/cacat/11139_01112.png,1,cacat,train,train,11139,11139.png,"[173, 192, 216, 287]",0.7037112979290547,kolektor_deteksi,kolektor_permukaan
C:/Arib/MASSA AYAM/chicken detection + constrative classification/data/crops_kolektor_deteksi/train/cacat/11139_01113.png,1,cacat,train,train,11139,11139.png,"[164, 194, 228, 296]",0.5430539609644087,kolektor_deteksi,kolektor_permukaan
C:/Arib/MASSA AYAM/chicken detection + constrative classification/data/crops_kolektor_deteksi/train/cacat/11178_01138.png,1,cacat,train,train,11178,11178.png,"[170, 513, 233, 586]",0.5152941176470588,kolektor_deteksi,kolektor_permukaan
C:/Arib/MASSA AYAM/chicken detection + constrative classification/data/crops_kolektor_deteksi/train/cacat/11195_01164.png,1,cacat,train,train,11195,11195.png,"[172, 0, 235, 72]",0.7078651685393258,kolektor_deteksi,kolektor_permukaan
C:/Arib/MASSA AYAM/chicken detection + constrative classification/data/crops_kolektor_deteksi/train/cacat/11195_01165.png,1,cacat,train,train,11195,11195.png,"[178, 4, 235, 67]",0.5603932584269663,kolektor_deteksi,kolektor_permukaan
C:/Arib/MASSA AYAM/chicken detection + constrative classification/data/crops_kolektor_deteksi/train/cacat/11228_01188.png,1,cacat,train,train,11228,11228.png,"[0, 260, 82, 352]",0.8274681152574398,kolektor_deteksi,kolektor_permukaan
C:/Arib/MASSA AYAM/chicken detection + constrative classification/data/crops_kolektor_deteksi/train/cacat/11228_01189.png,1,cacat,train,train,11228,11228.png,"[3, 273, 77, 346]",0.6811247005421762,kolektor_deteksi,kolektor_permukaan
C:/Arib/MASSA AYAM/chicken detection + constrative classification/data/crops_kolektor_deteksi/train/cacat/11228_01190.png,1,cacat,train,train,11228,11228.png,"[0, 247, 67, 345]",0.8125781445361341,kolektor_deteksi,kolektor_permukaan
C:/Arib/MASSA AYAM/chicken detection + constrative classification/data/crops_kolektor_deteksi/train/cacat/11228_01191.png,1,cacat,train,train,11228,11228.png,"[0, 240, 85, 346]",0.8031931878658861,kolektor_deteksi,kolektor_permukaan
C:/Arib/MASSA AYAM/chicken detection + constrative classification/data/crops_kolektor_deteksi/train/cacat/11228_01192.png,1,cacat,train,train,11228,11228.png,"[0, 280, 90, 346]",0.5782227784730913,kolektor_deteksi,kolektor_permukaan
C:/Arib/MASSA AYAM/chicken detection + constrative classification/data/crops_kolektor_deteksi/train/cacat/11269_01229.png,1,cacat,train,train,11269,11269.png,"[59, 231, 73, 241]",0.7070707070707071,kolektor_deteksi,kolektor_permukaan
C:/Arib/MASSA AYAM/chicken detection + constrative classification/data/crops_kolektor_deteksi/train/cacat/11269_01230.png,1,cacat,train,train,11269,11269.png,"[58, 228, 74, 240]",0.6956521739130435,kolektor_deteksi,kolektor_permukaan
C:/Arib/MASSA AYAM/chicken detection + constrative classification/data/crops_kolektor_deteksi/train/cacat/11269_01231.png,1,cacat,train,train,11269,11269.png,"[58, 230, 76, 243]",0.8461538461538461,kolektor_deteksi,kolektor_permukaan
C:/Arib/MASSA AYAM/chicken detection + constrative classification/data/crops_kolektor_deteksi/train/cacat/11269_01232.png,1,cacat,train,train,11269,11269.png,"[56, 229, 74, 245]",0.567741935483871,kolektor_deteksi,kolektor_permukaan
C:/Arib/MASSA AYAM/chicken detection + constrative classification/data/crops_kolektor_deteksi/train/cacat/11282_01246.png,1,cacat,train,train,11282,11282.png,"[97, 236, 137, 296]",0.8145766345123259,kolektor_deteksi,kolektor_permukaan
C:/Arib/MASSA AYAM/chicken detection + constrative classification/data/crops_kolektor_deteksi/train/cacat/11282_01247.png,1,cacat,train,train,11282,11282.png,"[103, 248, 135, 292]",0.5255692422545726,kolektor_deteksi,kolektor_permukaan
C:/Arib/MASSA AYAM/chicken detection + constrative classification/data/crops_kolektor_deteksi/train/cacat/11282_01248.png,1,cacat,train,train,11282,11282.png,"[99, 238, 129, 290]",0.5823068309070548,kolektor_deteksi,kolektor_permukaan
C:/Arib/MASSA AYAM/chicken detection + constrative classification/data/crops_kolektor_deteksi/train/cacat/11282_01249.png,1,cacat,train,train,11282,11282.png,"[92, 230, 141, 292]",0.7634176434299815,kolektor_deteksi,kolektor_permukaan
C:/Arib/MASSA AYAM/chicken detection + constrative classification/data/crops_kolektor_deteksi/train/cacat/11299_01267.png,1,cacat,train,train,11299,11299.png,"[93, 169, 142, 239]",0.8793237971391418,kolektor_deteksi,kolektor_permukaan
C:/Arib/MASSA AYAM/chicken detection + constrative classification/data/crops_kolektor_deteksi/train/cacat/11299_01268.png,1,cacat,train,train,11299,11299.png,"[94, 168, 137, 226]",0.6570073761854583,kolektor_deteksi,kolektor_permukaan
C:/Arib/MASSA AYAM/chicken detection + constrative classification/data/crops_kolektor_deteksi/train/cacat/11299_01269.png,1,cacat,train,train,11299,11299.png,"[99, 185, 141, 236]",0.5642781875658588,kolektor_deteksi,kolektor_permukaan
C:/Arib/MASSA AYAM/chicken detection + constrative classification/data/crops_kolektor_deteksi/train/cacat/11299_01270.png,1,cacat,train,train,11299,11299.png,"[97, 161, 153, 242]",0.7000612119975516,kolektor_deteksi,kolektor_permukaan
C:/Arib/MASSA AYAM/chicken detection + constrative classification/data/crops_kolektor_deteksi/train/cacat/11339_01307.png,1,cacat,train,train,11339,11339.png,"[86, 280, 150, 297]",0.7685823754789272,kolektor_deteksi,kolektor_permukaan
C:/Arib/MASSA AYAM/chicken detection + constrative classification/data/crops_kolektor_deteksi/train/cacat/11339_01308.png,1,cacat,train,train,11339,11339.png,"[73, 276, 149, 296]",0.5532879818594104,kolektor_deteksi,kolektor_permukaan
C:/Arib/MASSA AYAM/chicken detection + constrative classification/data/crops_kolektor_deteksi/train/cacat/11339_01309.png,1,cacat,train,train,11339,11339.png,"[98, 282, 147, 297]",0.564,kolektor_deteksi,kolektor_permukaan
C:/Arib/MASSA AYAM/chicken detection + constrative classification/data/crops_kolektor_deteksi/train/cacat/11351_01333.png,1,cacat,train,train,11351,11351.png,"[0, 420, 30, 526]",0.5312072892938496,kolektor_deteksi,kolektor_permukaan
C:/Arib/MASSA AYAM/chicken detection + constrative classification/data/crops_kolektor_deteksi/train/cacat/11351_01334.png,1,cacat,train,train,11351,11351.png,"[0, 441, 29, 542]",0.5229465756648624,kolektor_deteksi,kolektor_permukaan
C:/Arib/MASSA AYAM/chicken detection + constrative classification/data/crops_kolektor_deteksi/train/cacat/11360_01343.png,1,cacat,train,train,11360,11360.png,"[21, 371, 44, 434]",0.5393805309734513,kolektor_deteksi,kolektor_permukaan
C:/Arib/MASSA AYAM/chicken detection + constrative classification/data/crops_kolektor_deteksi/train/cacat/11360_01344.png,1,cacat,train,train,11360,11360.png,"[18, 364, 46, 439]",0.6454183266932271,kolektor_deteksi,kolektor_permukaan
C:/Arib/MASSA AYAM/chicken detection + constrative classification/data/crops_kolektor_deteksi/train/cacat/11360_01345.png,1,cacat,train,train,11360,11360.png,"[21, 353, 49, 436]",0.7670454545454546,kolektor_deteksi,kolektor_permukaan
C:/Arib/MASSA AYAM/chicken detection + constrative classification/data/crops_kolektor_deteksi/train/cacat/11360_01346.png,1,cacat,train,train,11360,11360.png,"[27, 366, 48, 419]",0.5482758620689655,kolektor_deteksi,kolektor_permukaan
C:/Arib/MASSA AYAM/chicken detection + constrative classification/data/crops_kolektor_deteksi/train/cacat/11360_01347.png,1,cacat,train,train,11360,11360.png,"[11, 360, 51, 444]",0.5251839275608375,kolektor_deteksi,kolektor_permukaan
C:/Arib/MASSA AYAM/chicken detection + constrative classification/data/crops_kolektor_deteksi/train/cacat/11360_01348.png,1,cacat,train,train,11360,11360.png,"[25, 365, 51, 431]",0.56802009208874,kolektor_deteksi,kolektor_permukaan
C:/Arib/MASSA AYAM/chicken detection + constrative classification/data/crops_kolektor_deteksi/train/cacat/11364_01350.png,1,cacat,train,train,11364,11364.png,"[115, 263, 149, 279]",0.6177606177606177,kolektor_deteksi,kolektor_permukaan
C:/Arib/MASSA AYAM/chicken detection + constrative classification/data/crops_kolektor_deteksi/train/cacat/11388_01361.png,1,cacat,train,train,11388,11388.png,"[132, 252, 211, 286]",0.742905788876277,kolektor_deteksi,kolektor_permukaan
C:/Arib/MASSA AYAM/chicken detection + constrative classification/data/crops_kolektor_deteksi/train/cacat/11388_01362.png,1,cacat,train,train,11388,11388.png,"[120, 251, 205, 282]",0.7624421296296297,kolektor_deteksi,kolektor_permukaan
C:/Arib/MASSA AYAM/chicken detection + constrative classification/data/crops_kolektor_deteksi/train/cacat/11388_01363.png,1,cacat,train,train,11388,11388.png,"[126, 255, 198, 280]",0.5208333333333334,kolektor_deteksi,kolektor_permukaan
C:/Arib/MASSA AYAM/chicken detection + constrative classification/data/crops_kolektor_deteksi/train/cacat/11388_01364.png,1,cacat,train,train,11388,11388.png,"[143, 257, 207, 291]",0.5172413793103449,kolektor_deteksi,kolektor_permukaan
C:/Arib/MASSA AYAM/chicken detection + constrative classification/data/crops_kolektor_deteksi/train/cacat/11388_01365.png,1,cacat,train,train,11388,11388.png,"[106, 245, 227, 293]",0.5950413223140496,kolektor_deteksi,kolektor_permukaan
C:/Arib/MASSA AYAM/chicken detection + constrative classification/data/crops_kolektor_deteksi/train/cacat/11398_01375.png,1,cacat,train,train,11398,11398.png,"[129, 246, 225, 346]",0.8008638531449653,kolektor_deteksi,kolektor_permukaan
C:/Arib/MASSA AYAM/chicken detection + constrative classification/data/crops_kolektor_deteksi/train/cacat/11398_01376.png,1,cacat,train,train,11398,11398.png,"[147, 256, 225, 343]",0.651685393258427,kolektor_deteksi,kolektor_permukaan
C:/Arib/MASSA AYAM/chicken detection + constrative classification/data/crops_kolektor_deteksi/train/cacat/11398_01377.png,1,cacat,train,train,11398,11398.png,"[144, 227, 225, 341]",0.7135007849293563,kolektor_deteksi,kolektor_permukaan
C:/Arib/MASSA AYAM/chicken detection + constrative classification/data/crops_kolektor_deteksi/train/cacat/11398_01378.png,1,cacat,train,train,11398,11398.png,"[156, 238, 225, 353]",0.738982087005971,kolektor_deteksi,kolektor_permukaan
C:/Arib/MASSA AYAM/chicken detection + constrative classification/data/crops_kolektor_deteksi/train/cacat/11398_01379.png,1,cacat,train,train,11398,11398.png,"[125, 267, 225, 339]",0.5718875502008032,kolektor_deteksi,kolektor_permukaan
C:/Arib/MASSA AYAM/chicken detection + constrative classification/data/crops_kolektor_deteksi/train/cacat/11398_01380.png,1,cacat,train,train,11398,11398.png,"[134, 254, 215, 337]",0.619812836752056,kolektor_deteksi,kolektor_permukaan
C:/Arib/MASSA AYAM/chicken detection + constrative classification/data/crops_kolektor_deteksi/train/cacat/11398_01381.png,1,cacat,train,train,11398,11398.png,"[111, 232, 225, 337]",0.6278545454545454,kolektor_deteksi,kolektor_permukaan
C:/Arib/MASSA AYAM/chicken detection + constrative classification/data/crops_kolektor_deteksi/train/cacat/11398_01382.png,1,cacat,train,train,11398,11398.png,"[131, 216, 225, 327]",0.5908882783882784,kolektor_deteksi,kolektor_permukaan
C:/Arib/MASSA AYAM/chicken detection + constrative classification/data/crops_kolektor_deteksi/train/cacat/11417_01389.png,1,cacat,train,train,11417,11417.png,"[0, 2, 29, 45]",0.5217993079584775,kolektor_deteksi,kolektor_permukaan
C:/Arib/MASSA AYAM/chicken detection + constrative classification/data/crops_kolektor_deteksi/train/cacat/11417_01390.png,1,cacat,train,train,11417,11417.png,"[0, 1, 29, 33]",0.7137648131267093,kolektor_deteksi,kolektor_permukaan
C:/Arib/MASSA AYAM/chicken detection + constrative classification/data/crops_kolektor_deteksi/train/cacat/11430_01403.png,1,cacat,train,train,11430,11430.png,"[50, 237, 153, 306]",0.8046286329386437,kolektor_deteksi,kolektor_permukaan
C:/Arib/MASSA AYAM/chicken detection + constrative classification/data/crops_kolektor_deteksi/train/cacat/11430_01404.png,1,cacat,train,train,11430,11430.png,"[58, 226, 140, 313]",0.6183766859344894,kolektor_deteksi,kolektor_permukaan
C:/Arib/MASSA AYAM/chicken detection + constrative classification/data/crops_kolektor_deteksi/train/cacat/11430_01405.png,1,cacat,train,train,11430,11430.png,"[63, 238, 132, 308]",0.674436090225564,kolektor_deteksi,kolektor_permukaan
C:/Arib/MASSA AYAM/chicken detection + constrative classification/data/crops_kolektor_deteksi/train/cacat/11430_01406.png,1,cacat,train,train,11430,11430.png,"[56, 246, 178, 304]",0.7254674403610574,kolektor_deteksi,kolektor_permukaan
C:/Arib/MASSA AYAM/chicken detection + constrative classification/data/crops_kolektor_deteksi/train/cacat/11430_01407.png,1,cacat,train,train,11430,11430.png,"[42, 211, 160, 313]",0.5238451312728482,kolektor_deteksi,kolektor_permukaan
C:/Arib/MASSA AYAM/chicken detection + constrative classification/data/crops_kolektor_deteksi/train/cacat/11430_01408.png,1,cacat,train,train,11430,11430.png,"[56, 231, 172, 314]",0.6548608226007478,kolektor_deteksi,kolektor_permukaan
C:/Arib/MASSA AYAM/chicken detection + constrative classification/data/crops_kolektor_deteksi/train/cacat/11430_01409.png,1,cacat,train,train,11430,11430.png,"[72, 254, 180, 298]",0.5202804894816444,kolektor_deteksi,kolektor_permukaan
C:/Arib/MASSA AYAM/chicken detection + constrative classification/data/crops_kolektor_deteksi/train/cacat/11430_01410.png,1,cacat,train,train,11430,11430.png,"[31, 246, 170, 311]",0.5950920245398773,kolektor_deteksi,kolektor_permukaan
C:/Arib/MASSA AYAM/chicken detection + constrative classification/data/crops_kolektor_deteksi/train/cacat/11432_01411.png,1,cacat,train,train,11432,11432.png,"[116, 271, 162, 353]",0.7166156982670744,kolektor_deteksi,kolektor_permukaan
C:/Arib/MASSA AYAM/chicken detection + constrative classification/data/crops_kolektor_deteksi/train/cacat/11432_01412.png,1,cacat,train,train,11432,11432.png,"[122, 275, 162, 341]",0.6930513595166163,kolektor_deteksi,kolektor_permukaan
C:/Arib/MASSA AYAM/chicken detection + constrative classification/data/crops_kolektor_deteksi/train/cacat/11432_01413.png,1,cacat,train,train,11432,11432.png,"[120, 292, 158, 353]",0.7461157024793389,kolektor_deteksi,kolektor_permukaan
C:/Arib/MASSA AYAM/chicken detection + constrative classification/data/crops_kolektor_deteksi/train/cacat/11447_01429.png,1,cacat,train,train,11447,11447.png,"[16, 299, 112, 356]",0.7729101475189987,kolektor_deteksi,kolektor_permukaan
C:/Arib/MASSA AYAM/chicken detection + constrative classification/data/crops_kolektor_deteksi/train/cacat/11447_01430.png,1,cacat,train,train,11447,11447.png,"[29, 291, 120, 354]",0.8150470219435737,kolektor_deteksi,kolektor_permukaan
C:/Arib/MASSA AYAM/chicken detection + constrative classification/data/crops_kolektor_deteksi/train/cacat/11447_01431.png,1,cacat,train,train,11447,11447.png,"[34, 282, 146, 349]",0.5417819590481461,kolektor_deteksi,kolektor_permukaan
C:/Arib/MASSA AYAM/chicken detection + constrative classification/data/crops_kolektor_deteksi/train/cacat/11447_01432.png,1,cacat,train,train,11447,11447.png,"[12, 295, 134, 363]",0.7530364372469636,kolektor_deteksi,kolektor_permukaan
C:/Arib/MASSA AYAM/chicken detection + constrative classification/data/crops_kolektor_deteksi/train/cacat/11447_01433.png,1,cacat,train,train,11447,11447.png,"[0, 302, 125, 366]",0.6363430127041743,kolektor_deteksi,kolektor_permukaan
C:/Arib/MASSA AYAM/chicken detection + constrative classification/data/crops_kolektor_deteksi/train/cacat/11458_01434.png,1,cacat,train,train,11458,11458.png,"[141, 343, 178, 362]",0.6431273644388399,kolektor_deteksi,kolektor_permukaan
C:/Arib/MASSA AYAM/chicken detection + constrative classification/data/crops_kolektor_deteksi/train/cacat/11458_01435.png,1,cacat,train,train,11458,11458.png,"[141, 340, 182, 366]",0.5628517823639775,kolektor_deteksi,kolektor_permukaan
C:/Arib/MASSA AYAM/chicken detection + constrative classification/data/crops_kolektor_deteksi/train/cacat/11477_01439.png,1,cacat,train,train,11477,11477.png,"[135, 295, 202, 350]",0.5229268292682927,kolektor_deteksi,kolektor_permukaan
C:/Arib/MASSA AYAM/chicken detection + constrative classification/data/crops_kolektor_deteksi/train/cacat/11477_01440.png,1,cacat,train,train,11477,11477.png,"[122, 292, 224, 349]",0.6408985794516022,kolektor_deteksi,kolektor_permukaan
C:/Arib/MASSA AYAM/chicken detection + constrative classification/data/crops_kolektor_deteksi/train/cacat/11477_01441.png,1,cacat,train,train,11477,11477.png,"[127, 301, 230, 345]",0.9090909090909091,kolektor_deteksi,kolektor_permukaan
C:/Arib/MASSA AYAM/chicken detection + constrative classification/data/crops_kolektor_deteksi/train/cacat/11477_01442.png,1,cacat,train,train,11477,11477.png,"[142, 310, 230, 340]",0.6407766990291263,kolektor_deteksi,kolektor_permukaan
C:/Arib/MASSA AYAM/chicken detection + constrative classification/data/crops_kolektor_deteksi/train/cacat/11477_01443.png,1,cacat,train,train,11477,11477.png,"[105, 296, 230, 352]",0.5885714285714285,kolektor_deteksi,kolektor_permukaan
C:/Arib/MASSA AYAM/chicken detection + constrative classification/data/crops_kolektor_deteksi/train/cacat/11481_01445.png,1,cacat,train,train,11481,11481.png,"[0, 342, 52, 356]",0.5396590066716086,kolektor_deteksi,kolektor_permukaan
C:/Arib/MASSA AYAM/chicken detection + constrative classification/data/crops_kolektor_deteksi/train/cacat/11481_01446.png,1,cacat,train,train,11481,11481.png,"[0, 342, 63, 358]",0.5979661016949153,kolektor_deteksi,kolektor_permukaan
C:/Arib/MASSA AYAM/chicken detection + constrative classification/data/crops_kolektor_deteksi/train/cacat/11482_01447.png,1,cacat,train,train,11482,11482.png,"[216, 41, 235, 72]",0.6764705882352942,kolektor_deteksi,kolektor_permukaan
C:/Arib/MASSA AYAM/chicken detection + constrative classification/data/crops_kolektor_deteksi/train/cacat/11482_01448.png,1,cacat,train,train,11482,11482.png,"[217, 48, 233, 71]",0.7164179104477612,kolektor_deteksi,kolektor_permukaan
C:/Arib/MASSA AYAM/chicken detection + constrative classification/data/crops_kolektor_deteksi/train/cacat/11482_01449.png,1,cacat,train,train,11482,11482.png,"[214, 48, 234, 75]",0.6903114186851211,kolektor_deteksi,kolektor_permukaan
C:/Arib/MASSA AYAM/chicken detection + constrative classification/data/crops_kolektor_deteksi/train/cacat/11500_01458.png,1,cacat,train,train,11500,11500.png,"[21, 211, 140, 312]",0.7585125774699234,kolektor_deteksi,kolektor_permukaan
C:/Arib/MASSA AYAM/chicken detection + constrative classification/data/crops_kolektor_deteksi/train/cacat/11500_01459.png,1,cacat,train,train,11500,11500.png,"[3, 231, 119, 314]",0.6533749334145043,kolektor_deteksi,kolektor_permukaan
C:/Arib/MASSA AYAM/chicken detection + constrative classification/data/crops_kolektor_deteksi/train/cacat/11500_01460.png,1,cacat,train,train,11500,11500.png,"[40, 215, 133, 301]",0.5611745513866232,kolektor_deteksi,kolektor_permukaan
C:/Arib/MASSA AYAM/chicken detection + constrative classification/data/crops_kolektor_deteksi/train/cacat/11500_01461.png,1,cacat,train,train,11500,11500.png,"[8, 201, 122, 315]",0.8991221431814742,kolektor_deteksi,kolektor_permukaan
C:/Arib/MASSA AYAM/chicken detection + constrative classification/data/crops_kolektor_deteksi/train/cacat/11500_01462.png,1,cacat,train,train,11500,11500.png,"[24, 186, 129, 302]",0.6885040684331316,kolektor_deteksi,kolektor_permukaan
C:/Arib/MASSA AYAM/chicken detection + constrative classification/data/crops_kolektor_deteksi/train/cacat/11506_01471.png,1,cacat,train,train,11506,11506.png,"[183, 2, 226, 21]",0.7141608391608392,kolektor_deteksi,kolektor_permukaan
C:/Arib/MASSA AYAM/chicken detection + constrative classification/data/crops_kolektor_deteksi/train/cacat/11506_01472.png,1,cacat,train,train,11506,11506.png,"[179, 0, 226, 24]",0.868421052631579,kolektor_deteksi,kolektor_permukaan
C:/Arib/MASSA AYAM/chicken detection + constrative classification/data/crops_kolektor_deteksi/train/cacat/11506_01473.png,1,cacat,train,train,11506,11506.png,"[180, 2, 220, 22]",0.6418918918918919,kolektor_deteksi,kolektor_permukaan
C:/Arib/MASSA AYAM/chicken detection + constrative classification/data/crops_kolektor_deteksi/train/cacat/11506_01474.png,1,cacat,train,train,11506,11506.png,"[175, 0, 226, 31]",0.7235926628716003,kolektor_deteksi,kolektor_permukaan
C:/Arib/MASSA AYAM/chicken detection + constrative classification/data/crops_kolektor_deteksi/train/cacat/11512_01475.png,1,cacat,train,train,11512,11512.png,"[13, 178, 24, 191]",0.5181159420289855,kolektor_deteksi,kolektor_permukaan
C:/Arib/MASSA AYAM/chicken detection + constrative classification/data/crops_kolektor_deteksi/train/cacat/11512_01476.png,1,cacat,train,train,11512,11512.png,"[12, 178, 25, 194]",0.6575342465753424,kolektor_deteksi,kolektor_permukaan
C:/Arib/MASSA AYAM/chicken detection + constrative classification/data/crops_kolektor_deteksi/train/cacat/11512_01477.png,1,cacat,train,train,11512,11512.png,"[11, 175, 27, 195]",0.5204081632653061,kolektor_deteksi,kolektor_permukaan
C:/Arib/MASSA AYAM/chicken detection + constrative classification/data/crops_kolektor_deteksi/train/cacat/11573_01525.png,1,cacat,train,train,11573,11573.png,"[63, 295, 149, 356]",0.5369127516778524,kolektor_deteksi,kolektor_permukaan
C:/Arib/MASSA AYAM/chicken detection + constrative classification/data/crops_kolektor_deteksi/train/cacat/11573_01526.png,1,cacat,train,train,11573,11573.png,"[57, 285, 171, 356]",0.5278613551570586,kolektor_deteksi,kolektor_permukaan
C:/Arib/MASSA AYAM/chicken detection + constrative classification/data/crops_kolektor_deteksi/train/cacat/11573_01527.png,1,cacat,train,train,11573,11573.png,"[73, 300, 141, 353]",0.5536830145805719,kolektor_deteksi,kolektor_permukaan
C:/Arib/MASSA AYAM/chicken detection + constrative classification/data/crops_kolektor_deteksi/train/cacat/11573_01528.png,1,cacat,train,train,11573,11573.png,"[87, 300, 191, 339]",0.6139075316927666,kolektor_deteksi,kolektor_permukaan
C:/Arib/MASSA AYAM/chicken detection + constrative classification/data/crops_kolektor_deteksi/train/cacat/11573_01529.png,1,cacat,train,train,11573,11573.png,"[77, 293, 193, 349]",0.6223684210526316,kolektor_deteksi,kolektor_permukaan
C:/Arib/MASSA AYAM/chicken detection + constrative classification/data/crops_kolektor_deteksi/train/cacat/11573_01530.png,1,cacat,train,train,11573,11573.png,"[58, 298, 158, 345]",0.6991231275118743,kolektor_deteksi,kolektor_permukaan
C:/Arib/MASSA AYAM/chicken detection + constrative classification/data/crops_kolektor_deteksi/train/cacat/11584_01541.png,1,cacat,train,train,11584,11584.png,"[81, 343, 198, 440]",0.9562903507241319,kolektor_deteksi,kolektor_permukaan
C:/Arib/MASSA AYAM/chicken detection + constrative classification/data/crops_kolektor_deteksi/train/cacat/11584_01542.png,1,cacat,train,train,11584,11584.png,"[97, 359, 205, 444]",0.6776277644330324,kolektor_deteksi,kolektor_permukaan
C:/Arib/MASSA AYAM/chicken detection + constrative classification/data/crops_kolektor_deteksi/train/cacat/11584_01543.png,1,cacat,train,train,11584,11584.png,"[76, 356, 180, 437]",0.6519528933322036,kolektor_deteksi,kolektor_permukaan
C:/Arib/MASSA AYAM/chicken detection + constrative classification/data/crops_kolektor_deteksi/train/cacat/11584_01544.png,1,cacat,train,train,11584,11584.png,"[89, 328, 175, 435]",0.651409024271054,kolektor_deteksi,kolektor_permukaan
C:/Arib/MASSA AYAM/chicken detection + constrative classification/data/crops_kolektor_deteksi/train/cacat/11584_01545.png,1,cacat,train,train,11584,11584.png,"[95, 328, 210, 443]",0.7105948609644491,kolektor_deteksi,kolektor_permukaan
C:/Arib/MASSA AYAM/chicken detection + constrative classification/data/crops_kolektor_deteksi/train/cacat/11584_01546.png,1,cacat,train,train,11584,11584.png,"[76, 317, 187, 432]",0.6262364417763832,kolektor_deteksi,kolektor_permukaan
C:/Arib/MASSA AYAM/chicken detection + constrative classification/data/crops_kolektor_deteksi/train/cacat/11584_01547.png,1,cacat,train,train,11584,11584.png,"[117, 350, 190, 441]",0.5893962501121378,kolektor_deteksi,kolektor_permukaan
C:/Arib/MASSA AYAM/chicken detection + constrative classification/data/crops_kolektor_deteksi/train/cacat/11585_01548.png,1,cacat,train,train,11585,11585.png,"[93, 534, 193, 579]",0.6624673528959901,kolektor_deteksi,kolektor_permukaan
C:/Arib/MASSA AYAM/chicken detection + constrative classification/data/crops_kolektor_deteksi/train/cacat/11601_01552.png,1,cacat,train,train,11601,11601.png,"[153, 289, 227, 348]",0.6890879181136904,kolektor_deteksi,kolektor_permukaan
C:/Arib/MASSA AYAM/chicken detection + constrative classification/data/crops_kolektor_deteksi/train/cacat/11601_01553.png,1,cacat,train,train,11601,11601.png,"[158, 302, 217, 350]",0.5255344418052257,kolektor_deteksi,kolektor_permukaan
C:/Arib/MASSA AYAM/chicken detection + constrative classification/data/crops_kolektor_deteksi/train/cacat/11601_01554.png,1,cacat,train,train,11601,11601.png,"[142, 291, 233, 353]",0.5293005671077504,kolektor_deteksi,kolektor_permukaan
C:/Arib/MASSA AYAM/chicken detection + constrative classification/data/crops_kolektor_deteksi/train/cacat/11601_01555.png,1,cacat,train,train,11601,11601.png,"[168, 291, 229, 340]",0.5070908394020698,kolektor_deteksi,kolektor_permukaan
C:/Arib/MASSA AYAM/chicken detection + constrative classification/data/crops_kolektor_deteksi/train/cacat/11629_01583.png,1,cacat,train,train,11629,11629.png,"[0, 401, 71, 457]",0.5493021844660194,kolektor_deteksi,kolektor_permukaan
C:/Arib/MASSA AYAM/chicken detection + constrative classification/data/crops_kolektor_deteksi/train/cacat/11629_01584.png,1,cacat,train,train,11629,11629.png,"[153, 505, 228, 617]",0.6127450980392157,kolektor_deteksi,kolektor_permukaan
C:/Arib/MASSA AYAM/chicken detection + constrative classification/data/crops_kolektor_deteksi/train/cacat/11629_01585.png,1,cacat,train,train,11629,11629.png,"[147, 481, 228, 600]",0.85,kolektor_deteksi,kolektor_permukaan
C:/Arib/MASSA AYAM/chicken detection + constrative classification/data/crops_kolektor_deteksi/train/cacat/11629_01586.png,1,cacat,train,train,11629,11629.png,"[144, 463, 228, 579]",0.7792405063291139,kolektor_deteksi,kolektor_permukaan
C:/Arib/MASSA AYAM/chicken detection + constrative classification/data/crops_kolektor_deteksi/train/cacat/11629_01587.png,1,cacat,train,train,11629,11629.png,"[0, 405, 99, 453]",0.734375,kolektor_deteksi,kolektor_permukaan
C:/Arib/MASSA AYAM/chicken detection + constrative classification/data/crops_kolektor_deteksi/train/cacat/11629_01588.png,1,cacat,train,train,11629,11629.png,"[150, 453, 225, 564]",0.6066176470588235,kolektor_deteksi,kolektor_permukaan
C:/Arib/MASSA AYAM/chicken detection + constrative classification/data/crops_kolektor_deteksi/train/cacat/11629_01589.png,1,cacat,train,train,11629,11629.png,"[137, 445, 228, 569]",0.5932394366197183,kolektor_deteksi,kolektor_permukaan
C:/Arib/MASSA AYAM/chicken detection + constrative classification/data/crops_kolektor_deteksi/train/cacat/11629_01590.png,1,cacat,train,train,11629,11629.png,"[0, 396, 97, 459]",0.7133342583599278,kolektor_deteksi,kolektor_permukaan
C:/Arib/MASSA AYAM/chicken detection + constrative classification/data/crops_kolektor_deteksi/train/cacat/11629_01591.png,1,cacat,train,train,11629,11629.png,"[143, 476, 219, 564]",0.5419089976052002,kolektor_deteksi,kolektor_permukaan
C:/Arib/MASSA AYAM/chicken detection + constrative classification/data/crops_kolektor_deteksi/train/cacat/11632_01592.png,1,cacat,train,train,11632,11632.png,"[160, 393, 191, 430]",0.7209302325581395,kolektor_deteksi,kolektor_permukaan
C:/Arib/MASSA AYAM/chicken detection + constrative classification/data/crops_kolektor_deteksi/train/cacat/11632_01593.png,1,cacat,train,train,11632,11632.png,"[156, 399, 194, 426]",0.647020725388601,kolektor_deteksi,kolektor_permukaan
C:/Arib/MASSA AYAM/chicken detection + constrative classification/data/crops_kolektor_deteksi/train/cacat/11632_01594.png,1,cacat,train,train,11632,11632.png,"[151, 385, 198, 427]",0.70458984375,kolektor_deteksi,kolektor_permukaan
C:/Arib/MASSA AYAM/chicken detection + constrative classification/data/crops_kolektor_deteksi/train/cacat/11641_01597.png,1,cacat,train,train,11641,11641.png,"[37, 156, 71, 175]",0.6912899669239251,kolektor_deteksi,kolektor_permukaan
C:/Arib/MASSA AYAM/chicken detection + constrative classification/data/crops_kolektor_deteksi/train/cacat/11641_01598.png,1,cacat,train,train,11641,11641.png,"[26, 156, 72, 174]",0.5543478260869565,kolektor_deteksi,kolektor_permukaan
C:/Arib/MASSA AYAM/chicken detection + constrative classification/data/crops_kolektor_deteksi/train/cacat/11641_01599.png,1,cacat,train,train,11641,11641.png,"[19, 137, 45, 158]",0.5338983050847458,kolektor_deteksi,kolektor_permukaan
C:/Arib/MASSA AYAM/chicken detection + constrative classification/data/crops_kolektor_deteksi/train/cacat/11641_01600.png,1,cacat,train,train,11641,11641.png,"[9, 138, 42, 154]",0.5478260869565217,kolektor_deteksi,kolektor_permukaan
C:/Arib/MASSA AYAM/chicken detection + constrative classification/data/crops_kolektor_deteksi/train/cacat/11643_01601.png,1,cacat,train,train,11643,11643.png,"[174, 456, 192, 468]",0.7870370370370371,kolektor_deteksi,kolektor_permukaan
C:/Arib/MASSA AYAM/chicken detection + constrative classification/data/crops_kolektor_deteksi/train/cacat/11643_01602.png,1,cacat,train,train,11643,11643.png,"[176, 456, 191, 466]",0.6,kolektor_deteksi,kolektor_permukaan
C:/Arib/MASSA AYAM/chicken detection + constrative classification/data/crops_kolektor_deteksi/train/cacat/11643_01603.png,1,cacat,train,train,11643,11643.png,"[173, 456, 194, 470]",0.5782312925170068,kolektor_deteksi,kolektor_permukaan
C:/Arib/MASSA AYAM/chicken detection + constrative classification/data/crops_kolektor_deteksi/train/cacat/11662_01617.png,1,cacat,train,train,11662,11662.png,"[25, 473, 53, 513]",0.805111821086262,kolektor_deteksi,kolektor_permukaan
C:/Arib/MASSA AYAM/chicken detection + constrative classification/data/crops_kolektor_deteksi/train/cacat/11662_01618.png,1,cacat,train,train,11662,11662.png,"[27, 483, 48, 512]",0.5342105263157895,kolektor_deteksi,kolektor_permukaan
C:/Arib/MASSA AYAM/chicken detection + constrative classification/data/crops_kolektor_deteksi/train/cacat/11711_01664.png,1,cacat,train,train,11711,11711.png,"[42, 292, 98, 318]",0.8064516129032258,kolektor_deteksi,kolektor_permukaan
C:/Arib/MASSA AYAM/chicken detection + constrative classification/data/crops_kolektor_deteksi/train/cacat/11711_01665.png,1,cacat,train,train,11711,11711.png,"[42, 294, 89, 315]",0.5866666666666667,kolektor_deteksi,kolektor_permukaan
C:/Arib/MASSA AYAM/chicken detection + constrative classification/data/crops_kolektor_deteksi/train/cacat/11713_01666.png,1,cacat,train,train,11713,11713.png,"[0, 347, 72, 405]",0.646551724137931,kolektor_deteksi,kolektor_permukaan
C:/Arib/MASSA AYAM/chicken detection + constrative classification/data/crops_kolektor_deteksi/train/cacat/11713_01667.png,1,cacat,train,train,11713,11713.png,"[0, 343, 62, 408]",0.6699751861042184,kolektor_deteksi,kolektor_permukaan
C:/Arib/MASSA AYAM/chicken detection + constrative classification/data/crops_kolektor_deteksi/train/cacat/11713_01668.png,1,cacat,train,train,11713,11713.png,"[0, 352, 57, 402]",0.8592964824120602,kolektor_deteksi,kolektor_permukaan
C:/Arib/MASSA AYAM/chicken detection + constrative classification/data/crops_kolektor_deteksi/train/cacat/11746_01672.png,1,cacat,train,train,11746,11746.png,"[204, 271, 228, 336]",0.6818181818181818,kolektor_deteksi,kolektor_permukaan
C:/Arib/MASSA AYAM/chicken detection + constrative classification/data/crops_kolektor_deteksi/train/cacat/11746_01673.png,1,cacat,train,train,11746,11746.png,"[113, 36, 169, 128]",0.7293413173652694,kolektor_deteksi,kolektor_permukaan
C:/Arib/MASSA AYAM/chicken detection + constrative classification/data/crops_kolektor_deteksi/train/cacat/11746_01674.png,1,cacat,train,train,11746,11746.png,"[207, 278, 226, 339]",0.5065559440559441,kolektor_deteksi,kolektor_permukaan
C:/Arib/MASSA AYAM/chicken detection + constrative classification/data/crops_kolektor_deteksi/train/cacat/11746_01675.png,1,cacat,train,train,11746,11746.png,"[110, 58, 171, 125]",0.6079423489727077,kolektor_deteksi,kolektor_permukaan
C:/Arib/MASSA AYAM/chicken detection + constrative classification/data/crops_kolektor_deteksi/train/cacat/11746_01676.png,1,cacat,train,train,11746,11746.png,"[205, 261, 228, 327]",0.6634615384615384,kolektor_deteksi,kolektor_permukaan
C:/Arib/MASSA AYAM/chicken detection + constrative classification/data/crops_kolektor_deteksi/train/cacat/11746_01677.png,1,cacat,train,train,11746,11746.png,"[117, 19, 171, 119]",0.7835550181378477,kolektor_deteksi,kolektor_permukaan
C:/Arib/MASSA AYAM/chicken detection + constrative classification/data/crops_kolektor_deteksi/train/cacat/11775_01698.png,1,cacat,train,train,11775,11775.png,"[156, 267, 229, 317]",0.5841564200765975,kolektor_deteksi,kolektor_permukaan
C:/Arib/MASSA AYAM/chicken detection + constrative classification/data/crops_kolektor_deteksi/train/cacat/11775_01699.png,1,cacat,train,train,11775,11775.png,"[158, 275, 228, 313]",0.6030338389731622,kolektor_deteksi,kolektor_permukaan
C:/Arib/MASSA AYAM/chicken detection + constrative classification/data/crops_kolektor_deteksi/train/cacat/11804_01744.png,1,cacat,train,train,11804,11804.png,"[123, 35, 192, 116]",0.8047578589634664,kolektor_deteksi,kolektor_permukaan
C:/Arib/MASSA AYAM/chicken detection + constrative classification/data/crops_kolektor_deteksi/train/cacat/11804_01745.png,1,cacat,train,train,11804,11804.png,"[129, 49, 187, 118]",0.6612725266642148,kolektor_deteksi,kolektor_permukaan
C:/Arib/MASSA AYAM/chicken detection + constrative classification/data/crops_kolektor_deteksi/train/cacat/11804_01746.png,1,cacat,train,train,11804,11804.png,"[119, 40, 180, 110]",0.8485691573926868,kolektor_deteksi,kolektor_permukaan
C:/Arib/MASSA AYAM/chicken detection + constrative classification/data/crops_kolektor_deteksi/train/cacat/11804_01747.png,1,cacat,train,train,11804,11804.png,"[121, 17, 188, 109]",0.7374301675977654,kolektor_deteksi,kolektor_permukaan
C:/Arib/MASSA AYAM/chicken detection + constrative classification/data/crops_kolektor_deteksi/train/cacat/11804_01748.png,1,cacat,train,train,11804,11804.png,"[111, 50, 191, 123]",0.6168947055324212,kolektor_deteksi,kolektor_permukaan
C:/Arib/MASSA AYAM/chicken detection + constrative classification/data/crops_kolektor_deteksi/train/cacat/11810_01751.png,1,cacat,train,train,11810,11810.png,"[89, 267, 140, 332]",0.8478073946689596,kolektor_deteksi,kolektor_permukaan
C:/Arib/MASSA AYAM/chicken detection + constrative classification/data/crops_kolektor_deteksi/train/cacat/11810_01752.png,1,cacat,train,train,11810,11810.png,"[97, 283, 143, 330]",0.5965018094089264,kolektor_deteksi,kolektor_permukaan
C:/Arib/MASSA AYAM/chicken detection + constrative classification/data/crops_kolektor_deteksi/train/cacat/11810_01753.png,1,cacat,train,train,11810,11810.png,"[90, 272, 132, 322]",0.6704980842911877,kolektor_deteksi,kolektor_permukaan
C:/Arib/MASSA AYAM/chicken detection + constrative classification/data/crops_kolektor_deteksi/train/cacat/11832_01763.png,1,cacat,train,train,11832,11832.png,"[0, 146, 45, 228]",0.896414342629482,kolektor_deteksi,kolektor_permukaan
C:/Arib/MASSA AYAM/chicken detection + constrative classification/data/crops_kolektor_deteksi/train/cacat/11832_01764.png,1,cacat,train,train,11832,11832.png,"[0, 159, 42, 238]",0.6936936936936937,kolektor_deteksi,kolektor_permukaan
C:/Arib/MASSA AYAM/chicken detection + constrative classification/data/crops_kolektor_deteksi/train/cacat/11832_01765.png,1,cacat,train,train,11832,11832.png,"[0, 131, 47, 221]",0.739918441323063,kolektor_deteksi,kolektor_permukaan
C:/Arib/MASSA AYAM/chicken detection + constrative classification/data/crops_kolektor_deteksi/train/cacat/11832_01766.png,1,cacat,train,train,11832,11832.png,"[0, 150, 53, 236]",0.7569109258446687,kolektor_deteksi,kolektor_permukaan
C:/Arib/MASSA AYAM/chicken detection + constrative classification/data/crops_kolektor_deteksi/train/cacat/11851_01772.png,1,cacat,train,train,11851,11851.png,"[69, 580, 106, 644]",0.5308056872037915,kolektor_deteksi,kolektor_permukaan
C:/Arib/MASSA AYAM/chicken detection + constrative classification/data/crops_kolektor_deteksi/train/cacat/11851_01773.png,1,cacat,train,train,11851,11851.png,"[66, 568, 113, 644]",0.5014137606032045,kolektor_deteksi,kolektor_permukaan
C:/Arib/MASSA AYAM/chicken detection + constrative classification/data/crops_kolektor_deteksi/train/cacat/11858_01774.png,1,cacat,train,train,11858,11858.png,"[14, 560, 54, 627]",0.6491485613623018,kolektor_deteksi,kolektor_permukaan
C:/Arib/MASSA AYAM/chicken detection + constrative classification/data/crops_kolektor_deteksi/train/cacat/11858_01775.png,1,cacat,train,train,11858,11858.png,"[23, 557, 53, 627]",0.6005719733079123,kolektor_deteksi,kolektor_permukaan
C:/Arib/MASSA AYAM/chicken detection + constrative classification/data/crops_kolektor_deteksi/train/cacat/11884_01806.png,1,cacat,train,train,11884,11884.png,"[5, 158, 55, 210]",0.7107692307692308,kolektor_deteksi,kolektor_permukaan
C:/Arib/MASSA AYAM/chicken detection + constrative classification/data/crops_kolektor_deteksi/train/cacat/11899_01818.png,1,cacat,train,train,11899,11899.png,"[0, 267, 61, 358]",0.5721500721500722,kolektor_deteksi,kolektor_permukaan
C:/Arib/MASSA AYAM/chicken detection + constrative classification/data/crops_kolektor_deteksi/train/cacat/11905_01819.png,1,cacat,train,train,11905,11905.png,"[0, 261, 20, 304]",0.5908096280087527,kolektor_deteksi,kolektor_permukaan
C:/Arib/MASSA AYAM/chicken detection + constrative classification/data/crops_kolektor_deteksi/train/cacat/11905_01820.png,1,cacat,train,train,11905,11905.png,"[3, 0, 53, 101]",0.8054226475279107,kolektor_deteksi,kolektor_permukaan
C:/Arib/MASSA AYAM/chicken detection + constrative classification/data/crops_kolektor_deteksi/train/cacat/11905_01821.png,1,cacat,train,train,11905,11905.png,"[0, 35, 58, 94]",0.5033348844423763,kolektor_deteksi,kolektor_permukaan
C:/Arib/MASSA AYAM/chicken detection + constrative classification/data/crops_kolektor_deteksi/train/cacat/11905_01822.png,1,cacat,train,train,11905,11905.png,"[0, 269, 22, 300]",0.8709677419354839,kolektor_deteksi,kolektor_permukaan
C:/Arib/MASSA AYAM/chicken detection + constrative classification/data/crops_kolektor_deteksi/train/cacat/11905_01823.png,1,cacat,train,train,11905,11905.png,"[0, 17, 65, 103]",0.6633941093969145,kolektor_deteksi,kolektor_permukaan
C:/Arib/MASSA AYAM/chicken detection + constrative classification/data/crops_kolektor_deteksi/train/cacat/11905_01824.png,1,cacat,train,train,11905,11905.png,"[0, 0, 64, 110]",0.8333333333333334,kolektor_deteksi,kolektor_permukaan
C:/Arib/MASSA AYAM/chicken detection + constrative classification/data/crops_kolektor_deteksi/train/cacat/11905_01825.png,1,cacat,train,train,11905,11905.png,"[0, 2, 58, 119]",0.8932714617169374,kolektor_deteksi,kolektor_permukaan
C:/Arib/MASSA AYAM/chicken detection + constrative classification/data/crops_kolektor_deteksi/train/cacat/11905_01826.png,1,cacat,train,train,11905,11905.png,"[0, 0, 58, 85]",0.7164750957854407,kolektor_deteksi,kolektor_permukaan
C:/Arib/MASSA AYAM/chicken detection + constrative classification/data/crops_kolektor_deteksi/train/cacat/11912_01828.png,1,cacat,train,train,11912,11912.png,"[202, 434, 216, 445]",0.7415730337078652,kolektor_deteksi,kolektor_permukaan
C:/Arib/MASSA AYAM/chicken detection + constrative classification/data/crops_kolektor_deteksi/train/cacat/11920_01831.png,1,cacat,train,train,11920,11920.png,"[0, 355, 34, 376]",0.8683473389355743,kolektor_deteksi,kolektor_permukaan
C:/Arib/MASSA AYAM/chicken detection + constrative classification/data/crops_kolektor_deteksi/train/cacat/11920_01832.png,1,cacat,train,train,11920,11920.png,"[0, 351, 31, 382]",0.6451612903225806,kolektor_deteksi,kolektor_permukaan
C:/Arib/MASSA AYAM/chicken detection + constrative classification/data/crops_kolektor_deteksi/train/cacat/11924_01833.png,1,cacat,train,train,11924,11924.png,"[75, 290, 153, 329]",0.7692307692307693,kolektor_deteksi,kolektor_permukaan
C:/Arib/MASSA AYAM/chicken detection + constrative classification/data/crops_kolektor_deteksi/train/cacat/11924_01834.png,1,cacat,train,train,11924,11924.png,"[89, 291, 147, 326]",0.7103718199608611,kolektor_deteksi,kolektor_permukaan
C:/Arib/MASSA AYAM/chicken detection + constrative classification/data/crops_kolektor_deteksi/train/cacat/11924_01835.png,1,cacat,train,train,11924,11924.png,"[75, 299, 145, 328]",0.7585513078470825,kolektor_deteksi,kolektor_permukaan
C:/Arib/MASSA AYAM/chicken detection + constrative classification/data/crops_kolektor_deteksi/train/cacat/11924_01836.png,1,cacat,train,train,11924,11924.png,"[76, 305, 137, 326]",0.5068664169787765,kolektor_deteksi,kolektor_permukaan
C:/Arib/MASSA AYAM/chicken detection + constrative classification/data/crops_kolektor_deteksi/train/cacat/11962_01855.png,1,cacat,train,train,11962,11962.png,"[32, 213, 80, 266]",0.5445205479452054,kolektor_deteksi,kolektor_permukaan
C:/Arib/MASSA AYAM/chicken detection + constrative classification/data/crops_kolektor_deteksi/train/cacat/11962_01856.png,1,cacat,train,train,11962,11962.png,"[39, 217, 83, 277]",0.565068493150685,kolektor_deteksi,kolektor_permukaan
C:/Arib/MASSA AYAM/chicken detection + constrative classification/data/crops_kolektor_deteksi/train/cacat/11962_01857.png,1,cacat,train,train,11962,11962.png,"[12, 210, 86, 274]",0.651685393258427,kolektor_deteksi,kolektor_permukaan
C:/Arib/MASSA AYAM/chicken detection + constrative classification/data/crops_kolektor_deteksi/train/cacat/11969_01861.png,1,cacat,train,train,11969,11969.png,"[159, 479, 178, 535]",0.7873873873873873,kolektor_deteksi,kolektor_permukaan
C:/Arib/MASSA AYAM/chicken detection + constrative classification/data/crops_kolektor_deteksi/train/cacat/11969_01862.png,1,cacat,train,train,11969,11969.png,"[161, 492, 177, 530]",0.5785123966942148,kolektor_deteksi,kolektor_permukaan
C:/Arib/MASSA AYAM/chicken detection + constrative classification/data/crops_kolektor_deteksi/train/cacat/11986_01885.png,1,cacat,train,train,11986,11986.png,"[83, 307, 139, 321]",0.5177809388335705,kolektor_deteksi,kolektor_permukaan
C:/Arib/MASSA AYAM/chicken detection + constrative classification/data/crops_kolektor_deteksi/train/cacat/11986_01886.png,1,cacat,train,train,11986,11986.png,"[82, 307, 155, 323]",0.7510431154381085,kolektor_deteksi,kolektor_permukaan
C:/Arib/MASSA AYAM/chicken detection + constrative classification/data/crops_kolektor_deteksi/train/cacat/11986_01887.png,1,cacat,train,train,11986,11986.png,"[76, 306, 165, 325]",0.7219705549263873,kolektor_deteksi,kolektor_permukaan
C:/Arib/MASSA AYAM/chicken detection + constrative classification/data/crops_kolektor_deteksi/train/cacat/11986_01888.png,1,cacat,train,train,11986,11986.png,"[75, 305, 177, 330]",0.5294117647058824,kolektor_deteksi,kolektor_permukaan
C:/Arib/MASSA AYAM/chicken detection + constrative classification/data/crops_kolektor_deteksi/train/cacat/12026_01919.png,1,cacat,train,train,12026,12026.png,"[51, 302, 153, 353]",0.6885936487362281,kolektor_deteksi,kolektor_permukaan
C:/Arib/MASSA AYAM/chicken detection + constrative classification/data/crops_kolektor_deteksi/train/cacat/12026_01920.png,1,cacat,train,train,12026,12026.png,"[43, 312, 130, 351]",0.6138279932546374,kolektor_deteksi,kolektor_permukaan
C:/Arib/MASSA AYAM/chicken detection + constrative classification/data/crops_kolektor_deteksi/train/cacat/12026_01921.png,1,cacat,train,train,12026,12026.png,"[69, 302, 141, 351]",0.6007319304666057,kolektor_deteksi,kolektor_permukaan
C:/Arib/MASSA AYAM/chicken detection + constrative classification/data/crops_kolektor_deteksi/train/cacat/12026_01922.png,1,cacat,train,train,12026,12026.png,"[33, 304, 145, 359]",0.6118980169971672,kolektor_deteksi,kolektor_permukaan
C:/Arib/MASSA AYAM/chicken detection + constrative classification/data/crops_kolektor_deteksi/train/cacat/12026_01923.png,1,cacat,train,train,12026,12026.png,"[46, 293, 157, 361]",0.6915739268680445,kolektor_deteksi,kolektor_permukaan
C:/Arib/MASSA AYAM/chicken detection + constrative classification/data/crops_kolektor_deteksi/train/cacat/12028_01924.png,1,cacat,train,train,12028,12028.png,"[21, 393, 42, 432]",0.926829268292683,kolektor_deteksi,kolektor_permukaan
C:/Arib/MASSA AYAM/chicken detection + constrative classification/data/crops_kolektor_deteksi/train/cacat/12028_01925.png,1,cacat,train,train,12028,12028.png,"[21, 402, 41, 432]",0.6744186046511628,kolektor_deteksi,kolektor_permukaan
C:/Arib/MASSA AYAM/chicken detection + constrative classification/data/crops_kolektor_deteksi/train/cacat/12050_01954.png,1,cacat,train,train,12050,12050.png,"[42, 6, 75, 79]",0.7160940325497287,kolektor_deteksi,kolektor_permukaan
C:/Arib/MASSA AYAM/chicken detection + constrative classification/data/crops_kolektor_deteksi/train/cacat/12050_01955.png,1,cacat,train,train,12050,12050.png,"[41, 0, 72, 90]",0.5936516264428122,kolektor_deteksi,kolektor_permukaan
C:/Arib/MASSA AYAM/chicken detection + constrative classification/data/crops_kolektor_deteksi/train/cacat/12050_01956.png,1,cacat,train,train,12050,12050.png,"[37, 0, 80, 79]",0.885972339825007,kolektor_deteksi,kolektor_permukaan
C:/Arib/MASSA AYAM/chicken detection + constrative classification/data/crops_kolektor_deteksi/train/cacat/12070_01961.png,1,cacat,train,train,12070,12070.png,"[176, 313, 229, 331]",0.5009404388714733,kolektor_deteksi,kolektor_permukaan
C:/Arib/MASSA AYAM/chicken detection + constrative classification/data/crops_kolektor_deteksi/train/cacat/12081_01966.png,1,cacat,train,train,12081,12081.png,"[150, 170, 203, 216]",0.9405864197530864,kolektor_deteksi,kolektor_permukaan
C:/Arib/MASSA AYAM/chicken detection + constrative classification/data/crops_kolektor_deteksi/train/cacat/12081_01967.png,1,cacat,train,train,12081,12081.png,"[154, 175, 205, 209]",0.6263157894736842,kolektor_deteksi,kolektor_permukaan
C:/Arib/MASSA AYAM/chicken detection + constrative classification/data/crops_kolektor_deteksi/train/cacat/12081_01968.png,1,cacat,train,train,12081,12081.png,"[148, 163, 218, 221]",0.638423645320197,kolektor_deteksi,kolektor_permukaan
C:/Arib/MASSA AYAM/chicken detection + constrative classification/data/crops_kolektor_deteksi/train/cacat/12105_01974.png,1,cacat,train,train,12105,12105.png,"[158, 318, 230, 349]",0.7153846153846154,kolektor_deteksi,kolektor_permukaan
C:/Arib/MASSA AYAM/chicken detection + constrative classification/data/crops_kolektor_deteksi/train/cacat/12105_01975.png,1,cacat,train,train,12105,12105.png,"[147, 328, 225, 354]",0.5159010600706714,kolektor_deteksi,kolektor_permukaan
C:/Arib/MASSA AYAM/chicken detection + constrative classification/data/crops_kolektor_deteksi/train/cacat/12105_01976.png,1,cacat,train,train,12105,12105.png,"[144, 324, 230, 355]",0.606329816768462,kolektor_deteksi,kolektor_permukaan
C:/Arib/MASSA AYAM/chicken detection + constrative classification/data/crops_kolektor_deteksi/train/cacat/12105_01977.png,1,cacat,train,train,12105,12105.png,"[154, 314, 230, 353]",0.9036295369211514,kolektor_deteksi,kolektor_permukaan
C:/Arib/MASSA AYAM/chicken detection + constrative classification/data/crops_kolektor_deteksi/train/cacat/12105_01978.png,1,cacat,train,train,12105,12105.png,"[138, 320, 229, 360]",0.5735567970204841,kolektor_deteksi,kolektor_permukaan
C:/Arib/MASSA AYAM/chicken detection + constrative classification/data/crops_kolektor_deteksi/train/cacat/12105_01979.png,1,cacat,train,train,12105,12105.png,"[132, 312, 230, 365]",0.6006931074316519,kolektor_deteksi,kolektor_permukaan
C:/Arib/MASSA AYAM/chicken detection + constrative classification/data/crops_kolektor_deteksi/train/cacat/12109_01983.png,1,cacat,train,train,12109,12109.png,"[138, 579, 176, 625]",0.6607551487414187,kolektor_deteksi,kolektor_permukaan
C:/Arib/MASSA AYAM/chicken detection + constrative classification/data/crops_kolektor_deteksi/train/cacat/12109_01984.png,1,cacat,train,train,12109,12109.png,"[140, 588, 175, 622]",0.7255334805003679,kolektor_deteksi,kolektor_permukaan
C:/Arib/MASSA AYAM/chicken detection + constrative classification/data/crops_kolektor_deteksi/train/cacat/12131_01998.png,1,cacat,train,train,12131,12131.png,"[150, 483, 198, 544]",0.9296320206584894,kolektor_deteksi,kolektor_permukaan
C:/Arib/MASSA AYAM/chicken detection + constrative classification/data/crops_kolektor_deteksi/train/cacat/12131_01999.png,1,cacat,train,train,12131,12131.png,"[142, 486, 201, 552]",0.7386079118678017,kolektor_deteksi,kolektor_permukaan
C:/Arib/MASSA AYAM/chicken detection + constrative classification/data/crops_kolektor_deteksi/train/cacat/12131_02000.png,1,cacat,train,train,12131,12131.png,"[153, 467, 216, 549]",0.5017364284408701,kolektor_deteksi,kolektor_permukaan
C:/Arib/MASSA AYAM/chicken detection + constrative classification/data/crops_kolektor_deteksi/train/cacat/12131_02001.png,1,cacat,train,train,12131,12131.png,"[147, 490, 199, 534]",0.7010834926704907,kolektor_deteksi,kolektor_permukaan
C:/Arib/MASSA AYAM/chicken detection + constrative classification/data/crops_kolektor_deteksi/train/cacat/12141_02009.png,1,cacat,train,train,12141,12141.png,"[10, 393, 27, 452]",0.5350795135640786,kolektor_deteksi,kolektor_permukaan
C:/Arib/MASSA AYAM/chicken detection + constrative classification/data/crops_kolektor_deteksi/train/cacat/12141_02010.png,1,cacat,train,train,12141,12141.png,"[11, 398, 26, 439]",0.5206310679611651,kolektor_deteksi,kolektor_permukaan
C:/Arib/MASSA AYAM/chicken detection + constrative classification/data/crops_kolektor_deteksi/train/cacat/12160_02019.png,1,cacat,train,train,12160,12160.png,"[142, 228, 197, 319]",0.5293220573963676,kolektor_deteksi,kolektor_permukaan
C:/Arib/MASSA AYAM/chicken detection + constrative classification/data/crops_kolektor_deteksi/train/cacat/12179_02032.png,1,cacat,train,train,12179,12179.png,"[175, 25, 229, 124]",0.6213662790697675,kolektor_deteksi,kolektor_permukaan
C:/Arib/MASSA AYAM/chicken detection + constrative classification/data/crops_kolektor_deteksi/train/cacat/12179_02033.png,1,cacat,train,train,12179,12179.png,"[184, 6, 229, 118]",0.6268656716417911,kolektor_deteksi,kolektor_permukaan
C:/Arib/MASSA AYAM/chicken detection + constrative classification/data/crops_kolektor_deteksi/train/cacat/12179_02034.png,1,cacat,train,train,12179,12179.png,"[164, 29, 229, 117]",0.7114427860696517,kolektor_deteksi,kolektor_permukaan
C:/Arib/MASSA AYAM/chicken detection + constrative classification/data/crops_kolektor_deteksi/train/cacat/12191_02042.png,1,cacat,train,train,12191,12191.png,"[18, 318, 38, 376]",0.6284454244762955,kolektor_deteksi,kolektor_permukaan
C:/Arib/MASSA AYAM/chicken detection + constrative classification/data/crops_kolektor_deteksi/train/cacat/12191_02043.png,1,cacat,train,train,12191,12191.png,"[14, 312, 39, 384]",0.7262247838616714,kolektor_deteksi,kolektor_permukaan
C:/Arib/MASSA AYAM/chicken detection + constrative classification/data/crops_kolektor_deteksi/train/cacat/12191_02044.png,1,cacat,train,train,12191,12191.png,"[12, 291, 41, 391]",0.6186206896551724,kolektor_deteksi,kolektor_permukaan
C:/Arib/MASSA AYAM/chicken detection + constrative classification/data/crops_kolektor_deteksi/train/cacat/12201_02050.png,1,cacat,train,train,12201,12201.png,"[32, 316, 126, 358]",0.6877249100359856,kolektor_deteksi,kolektor_permukaan
C:/Arib/MASSA AYAM/chicken detection + constrative classification/data/crops_kolektor_deteksi/train/cacat/12201_02051.png,1,cacat,train,train,12201,12201.png,"[42, 321, 116, 358]",0.5579491598448945,kolektor_deteksi,kolektor_permukaan
C:/Arib/MASSA AYAM/chicken detection + constrative classification/data/crops_kolektor_deteksi/train/cacat/12201_02052.png,1,cacat,train,train,12201,12201.png,"[11, 314, 113, 358]",0.9118773946360154,kolektor_deteksi,kolektor_permukaan
C:/Arib/MASSA AYAM/chicken detection + constrative classification/data/crops_kolektor_deteksi/train/cacat/12201_02053.png,1,cacat,train,train,12201,12201.png,"[18, 321, 88, 357]",0.5368098159509203,kolektor_deteksi,kolektor_permukaan
C:/Arib/MASSA AYAM/chicken detection + constrative classification/data/crops_kolektor_deteksi/train/cacat/12201_02054.png,1,cacat,train,train,12201,12201.png,"[12, 310, 152, 366]",0.5648312611012434,kolektor_deteksi,kolektor_permukaan
C:/Arib/MASSA AYAM/chicken detection + constrative classification/data/crops_kolektor_deteksi/train/cacat/12201_02055.png,1,cacat,train,train,12201,12201.png,"[0, 306, 113, 363]",0.6441136671177267,kolektor_deteksi,kolektor_permukaan
C:/Arib/MASSA AYAM/chicken detection + constrative classification/data/crops_kolektor_deteksi/train/cacat/12216_02074.png,1,cacat,train,train,12216,12216.png,"[147, 0, 194, 65]",0.7343702348276914,kolektor_deteksi,kolektor_permukaan
C:/Arib/MASSA AYAM/chicken detection + constrative classification/data/crops_kolektor_deteksi/train/cacat/12216_02075.png,1,cacat,train,train,12216,12216.png,"[48, 302, 122, 385]",0.7325628275769386,kolektor_deteksi,kolektor_permukaan
C:/Arib/MASSA AYAM/chicken detection + constrative classification/data/crops_kolektor_deteksi/train/cacat/12216_02076.png,1,cacat,train,train,12216,12216.png,"[53, 281, 116, 382]",0.7617896009673518,kolektor_deteksi,kolektor_permukaan
C:/Arib/MASSA AYAM/chicken detection + constrative classification/data/crops_kolektor_deteksi/train/cacat/12216_02077.png,1,cacat,train,train,12216,12216.png,"[44, 315, 113, 383]",0.6611498257839721,kolektor_deteksi,kolektor_permukaan
C:/Arib/MASSA AYAM/chicken detection + constrative classification/data/crops_kolektor_deteksi/train/cacat/12216_02078.png,1,cacat,train,train,12216,12216.png,"[32, 314, 128, 388]",0.5691471287801563,kolektor_deteksi,kolektor_permukaan
C:/Arib/MASSA AYAM/chicken detection + constrative classification/data/crops_kolektor_deteksi/train/cacat/12216_02079.png,1,cacat,train,train,12216,12216.png,"[141, 0, 198, 56]",0.8245614035087719,kolektor_deteksi,kolektor_permukaan
C:/Arib/MASSA AYAM/chicken detection + constrative classification/data/crops_kolektor_deteksi/train/cacat/12216_02080.png,1,cacat,train,train,12216,12216.png,"[146, 0, 214, 69]",0.5609548167092924,kolektor_deteksi,kolektor_permukaan
C:/Arib/MASSA AYAM/chicken detection + constrative classification/data/crops_kolektor_deteksi/train/cacat/12233_02088.png,1,cacat,train,train,12233,12233.png,"[72, 215, 182, 299]",0.5587392550143266,kolektor_deteksi,kolektor_permukaan
C:/Arib/MASSA AYAM/chicken detection + constrative classification/data/crops_kolektor_deteksi/train/cacat/12233_02089.png,1,cacat,train,train,12233,12233.png,"[81, 224, 199, 304]",0.6423516603157322,kolektor_deteksi,kolektor_permukaan
C:/Arib/MASSA AYAM/chicken detection + constrative classification/data/crops_kolektor_deteksi/train/cacat/12233_02090.png,1,cacat,train,train,12233,12233.png,"[93, 235, 211, 310]",0.5894424193330633,kolektor_deteksi,kolektor_permukaan
C:/Arib/MASSA AYAM/chicken detection + constrative classification/data/crops_kolektor_deteksi/train/cacat/12233_02091.png,1,cacat,train,train,12233,12233.png,"[43, 223, 180, 294]",0.522156435026488,kolektor_deteksi,kolektor_permukaan
C:/Arib/MASSA AYAM/chicken detection + constrative classification/data/crops_kolektor_deteksi/train/cacat/12237_02092.png,1,cacat,train,train,12237,12237.png,"[0, 254, 116, 372]",0.7218469931159891,kolektor_deteksi,kolektor_permukaan
C:/Arib/MASSA AYAM/chicken detection + constrative classification/data/crops_kolektor_deteksi/train/cacat/12237_02093.png,1,cacat,train,train,12237,12237.png,"[0, 248, 92, 368]",0.7718464622466404,kolektor_deteksi,kolektor_permukaan
C:/Arib/MASSA AYAM/chicken detection + constrative classification/data/crops_kolektor_deteksi/train/cacat/12237_02094.png,1,cacat,train,train,12237,12237.png,"[0, 267, 103, 388]",0.8333937504531284,kolektor_deteksi,kolektor_permukaan
C:/Arib/MASSA AYAM/chicken detection + constrative classification/data/crops_kolektor_deteksi/train/cacat/12237_02095.png,1,cacat,train,train,12237,12237.png,"[0, 238, 79, 353]",0.5464426877470355,kolektor_deteksi,kolektor_permukaan
C:/Arib/MASSA AYAM/chicken detection + constrative classification/data/crops_kolektor_deteksi/train/cacat/12237_02096.png,1,cacat,train,train,12237,12237.png,"[0, 280, 81, 404]",0.6382978723404256,kolektor_deteksi,kolektor_permukaan
C:/Arib/MASSA AYAM/chicken detection + constrative classification/data/crops_kolektor_deteksi/train/cacat/12237_02097.png,1,cacat,train,train,12237,12237.png,"[0, 234, 118, 353]",0.5302728256535855,kolektor_deteksi,kolektor_permukaan
C:/Arib/MASSA AYAM/chicken detection + constrative classification/data/crops_kolektor_deteksi/train/cacat/12237_02098.png,1,cacat,train,train,12237,12237.png,"[18, 238, 95, 374]",0.6482948917503891,kolektor_deteksi,kolektor_permukaan
C:/Arib/MASSA AYAM/chicken detection + constrative classification/data/crops_kolektor_deteksi/train/cacat/12237_02099.png,1,cacat,train,train,12237,12237.png,"[0, 250, 70, 368]",0.6003795066413662,kolektor_deteksi,kolektor_permukaan
C:/Arib/MASSA AYAM/chicken detection + constrative classification/data/crops_kolektor_deteksi/train/cacat/12237_02100.png,1,cacat,train,train,12237,12237.png,"[0, 269, 71, 390]",0.6698635477582846,kolektor_deteksi,kolektor_permukaan
C:/Arib/MASSA AYAM/chicken detection + constrative classification/data/crops_kolektor_deteksi/train/cacat/12244_02101.png,1,cacat,train,train,12244,12244.png,"[146, 0, 202, 33]",0.7491638795986622,kolektor_deteksi,kolektor_permukaan
C:/Arib/MASSA AYAM/chicken detection + constrative classification/data/crops_kolektor_deteksi/train/cacat/12244_02102.png,1,cacat,train,train,12244,12244.png,"[145, 0, 211, 41]",0.7208191126279864,kolektor_deteksi,kolektor_permukaan
C:/Arib/MASSA AYAM/chicken detection + constrative classification/data/crops_kolektor_deteksi/train/cacat/12244_02103.png,1,cacat,train,train,12244,12244.png,"[144, 2, 191, 27]",0.5029965753424658,kolektor_deteksi,kolektor_permukaan
C:/Arib/MASSA AYAM/chicken detection + constrative classification/data/crops_kolektor_deteksi/train/cacat/12244_02104.png,1,cacat,train,train,12244,12244.png,"[122, 0, 208, 40]",0.5903083700440529,kolektor_deteksi,kolektor_permukaan
C:/Arib/MASSA AYAM/chicken detection + constrative classification/data/crops_kolektor_deteksi/train/cacat/12244_02105.png,1,cacat,train,train,12244,12244.png,"[148, 0, 218, 28]",0.7549019607843137,kolektor_deteksi,kolektor_permukaan
C:/Arib/MASSA AYAM/chicken detection + constrative classification/data/crops_kolektor_deteksi/train/cacat/12244_02106.png,1,cacat,train,train,12244,12244.png,"[153, 0, 222, 40]",0.6208651399491094,kolektor_deteksi,kolektor_permukaan
C:/Arib/MASSA AYAM/chicken detection + constrative classification/data/crops_kolektor_deteksi/train/cacat/12244_02107.png,1,cacat,train,train,12244,12244.png,"[142, 0, 193, 36]",0.6425196850393701,kolektor_deteksi,kolektor_permukaan
C:/Arib/MASSA AYAM/chicken detection + constrative classification/data/crops_kolektor_deteksi/train/cacat/12245_02108.png,1,cacat,train,train,12245,12245.png,"[0, 559, 112, 627]",0.5984768907563025,kolektor_deteksi,kolektor_permukaan
C:/Arib/MASSA AYAM/chicken detection + constrative classification/data/crops_kolektor_deteksi/train/cacat/12255_02121.png,1,cacat,train,train,12255,12255.png,"[0, 39, 28, 98]",0.6337890625,kolektor_deteksi,kolektor_permukaan
C:/Arib/MASSA AYAM/chicken detection + constrative classification/data/crops_kolektor_deteksi/train/cacat/12255_02122.png,1,cacat,train,train,12255,12255.png,"[0, 33, 26, 113]",0.7954329210275928,kolektor_deteksi,kolektor_permukaan
C:/Arib/MASSA AYAM/chicken detection + constrative classification/data/crops_kolektor_deteksi/train/cacat/12255_02123.png,1,cacat,train,train,12255,12255.png,"[0, 45, 19, 115]",0.7653239929947461,kolektor_deteksi,kolektor_permukaan
C:/Arib/MASSA AYAM/chicken detection + constrative classification/data/crops_kolektor_deteksi/train/cacat/12287_02134.png,1,cacat,train,train,12287,12287.png,"[51, 168, 102, 236]",0.7597765363128491,kolektor_deteksi,kolektor_permukaan
C:/Arib/MASSA AYAM/chicken detection + constrative classification/data/crops_kolektor_deteksi/train/cacat/12287_02135.png,1,cacat,train,train,12287,12287.png,"[54, 178, 93, 241]",0.5559515324305061,kolektor_deteksi,kolektor_permukaan
C:/Arib/MASSA AYAM/chicken detection + constrative classification/data/crops_kolektor_deteksi/train/cacat/12287_02136.png,1,cacat,train,train,12287,12287.png,"[45, 162, 112, 240]",0.78300803673938,kolektor_deteksi,kolektor_permukaan
C:/Arib/MASSA AYAM/chicken detection + constrative classification/data/crops_kolektor_deteksi/train/cacat/12287_02137.png,1,cacat,train,train,12287,12287.png,"[49, 176, 106, 225]",0.6626418739434919,kolektor_deteksi,kolektor_permukaan
C:/Arib/MASSA AYAM/chicken detection + constrative classification/data/crops_kolektor_deteksi/train/cacat/12287_02138.png,1,cacat,train,train,12287,12287.png,"[34, 167, 128, 239]",0.6046099290780141,kolektor_deteksi,kolektor_permukaan
C:/Arib/MASSA AYAM/chicken detection + constrative classification/data/crops_kolektor_deteksi/train/cacat/12288_02139.png,1,cacat,train,train,12288,12288.png,"[95, 70, 137, 131]",0.8281487101669196,kolektor_deteksi,kolektor_permukaan
C:/Arib/MASSA AYAM/chicken detection + constrative classification/data/crops_kolektor_deteksi/train/cacat/12288_02140.png,1,cacat,train,train,12288,12288.png,"[58, 351, 78, 361]",0.8,kolektor_deteksi,kolektor_permukaan
C:/Arib/MASSA AYAM/chicken detection + constrative classification/data/crops_kolektor_deteksi/train/cacat/12288_02141.png,1,cacat,train,train,12288,12288.png,"[99, 80, 128, 130]",0.6424457244129376,kolektor_deteksi,kolektor_permukaan
C:/Arib/MASSA AYAM/chicken detection + constrative classification/data/crops_kolektor_deteksi/train/cacat/12288_02142.png,1,cacat,train,train,12288,12288.png,"[90, 58, 145, 135]",0.5329397874852421,kolektor_deteksi,kolektor_permukaan
C:/Arib/MASSA AYAM/chicken detection + constrative classification/data/crops_kolektor_deteksi/train/cacat/12288_02143.png,1,cacat,train,train,12288,12288.png,"[100, 72, 136, 119]",0.7496677004873726,kolektor_deteksi,kolektor_permukaan
C:/Arib/MASSA AYAM/chicken detection + constrative classification/data/crops_kolektor_deteksi/train/cacat/12301_02151.png,1,cacat,train,train,12301,12301.png,"[136, 0, 222, 52]",0.7141488342382626,kolektor_deteksi,kolektor_permukaan
C:/Arib/MASSA AYAM/chicken detection + constrative classification/data/crops_kolektor_deteksi/train/cacat/12301_02152.png,1,cacat,train,train,12301,12301.png,"[146, 1, 229, 64]",0.787647790914748,kolektor_deteksi,kolektor_permukaan
C:/Arib/MASSA AYAM/chicken detection + constrative classification/data/crops_kolektor_deteksi/train/cacat/12301_02153.png,1,cacat,train,train,12301,12301.png,"[161, 12, 229, 63]",0.5371248025276462,kolektor_deteksi,kolektor_permukaan
C:/Arib/MASSA AYAM/chicken detection + constrative classification/data/crops_kolektor_deteksi/train/cacat/12301_02154.png,1,cacat,train,train,12301,12301.png,"[121, 0, 229, 57]",0.8642846419456538,kolektor_deteksi,kolektor_permukaan
C:/Arib/MASSA AYAM/chicken detection + constrative classification/data/crops_kolektor_deteksi/train/cacat/12301_02155.png,1,cacat,train,train,12301,12301.png,"[115, 0, 217, 51]",0.6554512635379062,kolektor_deteksi,kolektor_permukaan
C:/Arib/MASSA AYAM/chicken detection + constrative classification/data/crops_kolektor_deteksi/train/cacat/12301_02156.png,1,cacat,train,train,12301,12301.png,"[139, 3, 209, 48]",0.5030341743851805,kolektor_deteksi,kolektor_permukaan
C:/Arib/MASSA AYAM/chicken detection + constrative classification/data/crops_kolektor_deteksi/train/cacat/12314_02157.png,1,cacat,train,train,12314,12314.png,"[171, 0, 229, 78]",0.8219476744186046,kolektor_deteksi,kolektor_permukaan
C:/Arib/MASSA AYAM/chicken detection + constrative classification/data/crops_kolektor_deteksi/train/cacat/12314_02158.png,1,cacat,train,train,12314,12314.png,"[164, 0, 229, 87]",0.9732979664014146,kolektor_deteksi,kolektor_permukaan
C:/Arib/MASSA AYAM/chicken detection + constrative classification/data/crops_kolektor_deteksi/train/cacat/12314_02159.png,1,cacat,train,train,12314,12314.png,"[162, 0, 229, 68]",0.7624386825508059,kolektor_deteksi,kolektor_permukaan
C:/Arib/MASSA AYAM/chicken detection + constrative classification/data/crops_kolektor_deteksi/train/cacat/12314_02160.png,1,cacat,train,train,12314,12314.png,"[172, 0, 229, 71]",0.7352834302325582,kolektor_deteksi,kolektor_permukaan
C:/Arib/MASSA AYAM/chicken detection + constrative classification/data/crops_kolektor_deteksi/train/cacat/12314_02161.png,1,cacat,train,train,12314,12314.png,"[149, 5, 229, 83]",0.7393364928909952,kolektor_deteksi,kolektor_permukaan
C:/Arib/MASSA AYAM/chicken detection + constrative classification/data/crops_kolektor_deteksi/val/normal/10024_00006.png,0,normal,val,train,10024,10024.png,"[0, 528, 15, 605]",1.0,kolektor_deteksi,kolektor_permukaan
C:/Arib/MASSA AYAM/chicken detection + constrative classification/data/crops_kolektor_deteksi/val/normal/10030_00009.png,0,normal,val,train,10030,10030.png,"[0, 416, 12, 482]",1.0,kolektor_deteksi,kolektor_permukaan
C:/Arib/MASSA AYAM/chicken detection + constrative classification/data/crops_kolektor_deteksi/val/normal/10049_00018.png,0,normal,val,train,10049,10049.png,"[0, 3, 18, 35]",1.0,kolektor_deteksi,kolektor_permukaan
C:/Arib/MASSA AYAM/chicken detection + constrative classification/data/crops_kolektor_deteksi/val/normal/10049_00019.png,0,normal,val,train,10049,10049.png,"[0, 2, 18, 61]",1.0,kolektor_deteksi,kolektor_permukaan
C:/Arib/MASSA AYAM/chicken detection + constrative classification/data/crops_kolektor_deteksi/val/normal/10049_00020.png,0,normal,val,train,10049,10049.png,"[0, 7, 20, 28]",1.0,kolektor_deteksi,kolektor_permukaan
C:/Arib/MASSA AYAM/chicken detection + constrative classification/data/crops_kolektor_deteksi/val/normal/10049_00021.png,0,normal,val,train,10049,10049.png,"[0, 226, 21, 289]",1.0,kolektor_deteksi,kolektor_permukaan
C:/Arib/MASSA AYAM/chicken detection + constrative classification/data/crops_kolektor_deteksi/val/normal/10049_00022.png,0,normal,val,train,10049,10049.png,"[0, 8, 20, 51]",1.0,kolektor_deteksi,kolektor_permukaan
C:/Arib/MASSA AYAM/chicken detection + constrative classification/data/crops_kolektor_deteksi/val/normal/10049_00023.png,0,normal,val,train,10049,10049.png,"[0, 281, 9, 342]",1.0,kolektor_deteksi,kolektor_permukaan
C:/Arib/MASSA AYAM/chicken detection + constrative classification/data/crops_kolektor_deteksi/val/normal/10049_00024.png,0,normal,val,train,10049,10049.png,"[0, 216, 19, 275]",1.0,kolektor_deteksi,kolektor_permukaan
C:/Arib/MASSA AYAM/chicken detection + constrative classification/data/crops_kolektor_deteksi/val/normal/10049_00025.png,0,normal,val,train,10049,10049.png,"[0, 2, 22, 30]",1.0,kolektor_deteksi,kolektor_permukaan
C:/Arib/MASSA AYAM/chicken detection + constrative classification/data/crops_kolektor_deteksi/val/normal/10049_00026.png,0,normal,val,train,10049,10049.png,"[0, 271, 10, 328]",1.0,kolektor_deteksi,kolektor_permukaan
C:/Arib/MASSA AYAM/chicken detection + constrative classification/data/crops_kolektor_deteksi/val/normal/10049_00027.png,0,normal,val,train,10049,10049.png,"[0, 0, 18, 76]",1.0,kolektor_deteksi,kolektor_permukaan
C:/Arib/MASSA AYAM/chicken detection + constrative classification/data/crops_kolektor_deteksi/val/normal/10049_00028.png,0,normal,val,train,10049,10049.png,"[0, 223, 15, 300]",1.0,kolektor_deteksi,kolektor_permukaan
C:/Arib/MASSA AYAM/chicken detection + constrative classification/data/crops_kolektor_deteksi/val/normal/10049_00029.png,0,normal,val,train,10049,10049.png,"[0, 230, 13, 313]",1.0,kolektor_deteksi,kolektor_permukaan
C:/Arib/MASSA AYAM/chicken detection + constrative classification/data/crops_kolektor_deteksi/val/normal/10049_00030.png,0,normal,val,train,10049,10049.png,"[0, 296, 11, 366]",1.0,kolektor_deteksi,kolektor_permukaan
C:/Arib/MASSA AYAM/chicken detection + constrative classification/data/crops_kolektor_deteksi/val/normal/10049_00031.png,0,normal,val,train,10049,10049.png,"[0, 266, 15, 342]",1.0,kolektor_deteksi,kolektor_permukaan
C:/Arib/MASSA AYAM/chicken detection + constrative classification/data/crops_kolektor_deteksi/val/normal/10049_00032.png,0,normal,val,train,10049,10049.png,"[0, 244, 15, 327]",1.0,kolektor_deteksi,kolektor_permukaan
C:/Arib/MASSA AYAM/chicken detection + constrative classification/data/crops_kolektor_deteksi/val/normal/10049_00033.png,0,normal,val,train,10049,10049.png,"[0, 383, 14, 465]",1.0,kolektor_deteksi,kolektor_permukaan
C:/Arib/MASSA AYAM/chicken detection + constrative classification/data/crops_kolektor_deteksi/val/normal/10088_00083.png,0,normal,val,train,10088,10088.png,"[0, 3, 12, 54]",1.0,kolektor_deteksi,kolektor_permukaan
C:/Arib/MASSA AYAM/chicken detection + constrative classification/data/crops_kolektor_deteksi/val/normal/10096_00093.png,0,normal,val,train,10096,10096.png,"[0, 0, 12, 68]",1.0,kolektor_deteksi,kolektor_permukaan
C:/Arib/MASSA AYAM/chicken detection + constrative classification/data/crops_kolektor_deteksi/val/normal/10096_00094.png,0,normal,val,train,10096,10096.png,"[0, 6, 13, 90]",1.0,kolektor_deteksi,kolektor_permukaan
C:/Arib/MASSA AYAM/chicken detection + constrative classification/data/crops_kolektor_deteksi/val/normal/10103_00101.png,0,normal,val,train,10103,10103.png,"[0, 357, 12, 421]",1.0,kolektor_deteksi,kolektor_permukaan
C:/Arib/MASSA AYAM/chicken detection + constrative classification/data/crops_kolektor_deteksi/val/normal/10103_00102.png,0,normal,val,train,10103,10103.png,"[0, 367, 12, 444]",1.0,kolektor_deteksi,kolektor_permukaan
C:/Arib/MASSA AYAM/chicken detection + constrative classification/data/crops_kolektor_deteksi/val/normal/10103_00103.png,0,normal,val,train,10103,10103.png,"[0, 346, 14, 428]",1.0,kolektor_deteksi,kolektor_permukaan
C:/Arib/MASSA AYAM/chicken detection + constrative classification/data/crops_kolektor_deteksi/val/normal/10144_00172.png,0,normal,val,train,10144,10144.png,"[0, 554, 12, 632]",1.0,kolektor_deteksi,kolektor_permukaan
C:/Arib/MASSA AYAM/chicken detection + constrative classification/data/crops_kolektor_deteksi/val/normal/10144_00173.png,0,normal,val,train,10144,10144.png,"[0, 542, 12, 614]",1.0,kolektor_deteksi,kolektor_permukaan
C:/Arib/MASSA AYAM/chicken detection + constrative classification/data/crops_kolektor_deteksi/val/normal/10144_00174.png,0,normal,val,train,10144,10144.png,"[0, 565, 12, 640]",1.0,kolektor_deteksi,kolektor_permukaan
C:/Arib/MASSA AYAM/chicken detection + constrative classification/data/crops_kolektor_deteksi/val/normal/10144_00175.png,0,normal,val,train,10144,10144.png,"[0, 537, 15, 640]",1.0,kolektor_deteksi,kolektor_permukaan
C:/Arib/MASSA AYAM/chicken detection + constrative classification/data/crops_kolektor_deteksi/val/normal/10163_00182.png,0,normal,val,train,10163,10163.png,"[0, 89, 16, 110]",1.0,kolektor_deteksi,kolektor_permukaan
C:/Arib/MASSA AYAM/chicken detection + constrative classification/data/crops_kolektor_deteksi/val/normal/10163_00183.png,0,normal,val,train,10163,10163.png,"[0, 92, 17, 106]",1.0,kolektor_deteksi,kolektor_permukaan
C:/Arib/MASSA AYAM/chicken detection + constrative classification/data/crops_kolektor_deteksi/val/normal/10163_00184.png,0,normal,val,train,10163,10163.png,"[1, 94, 17, 104]",1.0,kolektor_deteksi,kolektor_permukaan
C:/Arib/MASSA AYAM/chicken detection + constrative classification/data/crops_kolektor_deteksi/val/normal/10168_00189.png,0,normal,val,train,10168,10168.png,"[0, 511, 16, 573]",1.0,kolektor_deteksi,kolektor_permukaan
C:/Arib/MASSA AYAM/chicken detection + constrative classification/data/crops_kolektor_deteksi/val/normal/10168_00190.png,0,normal,val,train,10168,10168.png,"[0, 501, 16, 557]",1.0,kolektor_deteksi,kolektor_permukaan
C:/Arib/MASSA AYAM/chicken detection + constrative classification/data/crops_kolektor_deteksi/val/normal/10168_00191.png,0,normal,val,train,10168,10168.png,"[0, 511, 15, 595]",1.0,kolektor_deteksi,kolektor_permukaan
C:/Arib/MASSA AYAM/chicken detection + constrative classification/data/crops_kolektor_deteksi/val/normal/10168_00192.png,0,normal,val,train,10168,10168.png,"[0, 512, 18, 550]",1.0,kolektor_deteksi,kolektor_permukaan
C:/Arib/MASSA AYAM/chicken detection + constrative classification/data/crops_kolektor_deteksi/val/normal/10168_00193.png,0,normal,val,train,10168,10168.png,"[0, 483, 21, 558]",1.0,kolektor_deteksi,kolektor_permukaan
C:/Arib/MASSA AYAM/chicken detection + constrative classification/data/crops_kolektor_deteksi/val/normal/10168_00194.png,0,normal,val,train,10168,10168.png,"[0, 524, 11, 603]",1.0,kolektor_deteksi,kolektor_permukaan
C:/Arib/MASSA AYAM/chicken detection + constrative classification/data/crops_kolektor_deteksi/val/normal/10168_00195.png,0,normal,val,train,10168,10168.png,"[0, 541, 12, 619]",1.0,kolektor_deteksi,kolektor_permukaan
C:/Arib/MASSA AYAM/chicken detection + constrative classification/data/crops_kolektor_deteksi/val/normal/10168_00196.png,0,normal,val,train,10168,10168.png,"[0, 469, 13, 550]",1.0,kolektor_deteksi,kolektor_permukaan
C:/Arib/MASSA AYAM/chicken detection + constrative classification/data/crops_kolektor_deteksi/val/normal/10168_00197.png,0,normal,val,train,10168,10168.png,"[0, 598, 27, 631]",1.0,kolektor_deteksi,kolektor_permukaan
C:/Arib/MASSA AYAM/chicken detection + constrative classification/data/crops_kolektor_deteksi/val/normal/10168_00198.png,0,normal,val,train,10168,10168.png,"[0, 461, 10, 541]",1.0,kolektor_deteksi,kolektor_permukaan
C:/Arib/MASSA AYAM/chicken detection + constrative classification/data/crops_kolektor_deteksi/val/normal/10168_00199.png,0,normal,val,train,10168,10168.png,"[0, 495, 19, 584]",1.0,kolektor_deteksi,kolektor_permukaan
C:/Arib/MASSA AYAM/chicken detection + constrative classification/data/crops_kolektor_deteksi/val/normal/10168_00200.png,0,normal,val,train,10168,10168.png,"[0, 586, 23, 632]",1.0,kolektor_deteksi,kolektor_permukaan
C:/Arib/MASSA AYAM/chicken detection + constrative classification/data/crops_kolektor_deteksi/val/normal/10168_00201.png,0,normal,val,train,10168,10168.png,"[0, 593, 37, 631]",1.0,kolektor_deteksi,kolektor_permukaan
C:/Arib/MASSA AYAM/chicken detection + constrative classification/data/crops_kolektor_deteksi/val/normal/10168_00202.png,0,normal,val,train,10168,10168.png,"[0, 504, 23, 603]",1.0,kolektor_deteksi,kolektor_permukaan
C:/Arib/MASSA AYAM/chicken detection + constrative classification/data/crops_kolektor_deteksi/val/normal/10188_00235.png,0,normal,val,train,10188,10188.png,"[0, 166, 10, 237]",1.0,kolektor_deteksi,kolektor_permukaan
C:/Arib/MASSA AYAM/chicken detection + constrative classification/data/crops_kolektor_deteksi/val/normal/10188_00236.png,0,normal,val,train,10188,10188.png,"[0, 583, 11, 640]",1.0,kolektor_deteksi,kolektor_permukaan
C:/Arib/MASSA AYAM/chicken detection + constrative classification/data/crops_kolektor_deteksi/val/normal/10188_00237.png,0,normal,val,train,10188,10188.png,"[0, 156, 10, 223]",1.0,kolektor_deteksi,kolektor_permukaan
C:/Arib/MASSA AYAM/chicken detection + constrative classification/data/crops_kolektor_deteksi/val/normal/10188_00238.png,0,normal,val,train,10188,10188.png,"[0, 598, 11, 640]",1.0,kolektor_deteksi,kolektor_permukaan
C:/Arib/MASSA AYAM/chicken detection + constrative classification/data/crops_kolektor_deteksi/val/normal/10211_00251.png,0,normal,val,train,10211,10211.png,"[0, 125, 9, 169]",1.0,kolektor_deteksi,kolektor_permukaan
C:/Arib/MASSA AYAM/chicken detection + constrative classification/data/crops_kolektor_deteksi/val/normal/10211_00252.png,0,normal,val,train,10211,10211.png,"[0, 113, 9, 165]",1.0,kolektor_deteksi,kolektor_permukaan
C:/Arib/MASSA AYAM/chicken detection + constrative classification/data/crops_kolektor_deteksi/val/normal/10211_00253.png,0,normal,val,train,10211,10211.png,"[0, 141, 11, 206]",1.0,kolektor_deteksi,kolektor_permukaan
C:/Arib/MASSA AYAM/chicken detection + constrative classification/data/crops_kolektor_deteksi/val/normal/10211_00254.png,0,normal,val,train,10211,10211.png,"[0, 53, 10, 119]",1.0,kolektor_deteksi,kolektor_permukaan
C:/Arib/MASSA AYAM/chicken detection + constrative classification/data/crops_kolektor_deteksi/val/normal/10211_00255.png,0,normal,val,train,10211,10211.png,"[0, 63, 11, 139]",1.0,kolektor_deteksi,kolektor_permukaan
C:/Arib/MASSA AYAM/chicken detection + constrative classification/data/crops_kolektor_deteksi/val/normal/10213_00256.png,0,normal,val,train,10213,10213.png,"[0, 450, 11, 527]",1.0,kolektor_deteksi,kolektor_permukaan
C:/Arib/MASSA AYAM/chicken detection + constrative classification/data/crops_kolektor_deteksi/val/normal/10213_00257.png,0,normal,val,train,10213,10213.png,"[0, 461, 12, 545]",1.0,kolektor_deteksi,kolektor_permukaan
C:/Arib/MASSA AYAM/chicken detection + constrative classification/data/crops_kolektor_deteksi/val/normal/10213_00258.png,0,normal,val,train,10213,10213.png,"[0, 433, 12, 511]",1.0,kolektor_deteksi,kolektor_permukaan
C:/Arib/MASSA AYAM/chicken detection + constrative classification/data/crops_kolektor_deteksi/val/normal/10213_00259.png,0,normal,val,train,10213,10213.png,"[0, 426, 11, 550]",1.0,kolektor_deteksi,kolektor_permukaan
C:/Arib/MASSA AYAM/chicken detection + constrative classification/data/crops_kolektor_deteksi/val/normal/10215_00260.png,0,normal,val,train,10215,10215.png,"[0, 0, 9, 57]",1.0,kolektor_deteksi,kolektor_permukaan
C:/Arib/MASSA AYAM/chicken detection + constrative classification/data/crops_kolektor_deteksi/val/normal/10228_00268.png,0,normal,val,train,10228,10228.png,"[0, 209, 11, 272]",1.0,kolektor_deteksi,kolektor_permukaan
C:/Arib/MASSA AYAM/chicken detection + constrative classification/data/crops_kolektor_deteksi/val/normal/10228_00269.png,0,normal,val,train,10228,10228.png,"[0, 222, 13, 294]",1.0,kolektor_deteksi,kolektor_permukaan
C:/Arib/MASSA AYAM/chicken detection + constrative classification/data/crops_kolektor_deteksi/val/normal/10228_00270.png,0,normal,val,train,10228,10228.png,"[0, 525, 10, 596]",1.0,kolektor_deteksi,kolektor_permukaan
C:/Arib/MASSA AYAM/chicken detection + constrative classification/data/crops_kolektor_deteksi/val/normal/10250_00284.png,0,normal,val,train,10250,10250.png,"[0, 599, 20, 630]",1.0,kolektor_deteksi,kolektor_permukaan
C:/Arib/MASSA AYAM/chicken detection + constrative classification/data/crops_kolektor_deteksi/val/normal/10264_00298.png,0,normal,val,train,10264,10264.png,"[56, 614, 98, 631]",1.0,kolektor_deteksi,kolektor_permukaan
C:/Arib/MASSA AYAM/chicken detection + constrative classification/data/crops_kolektor_deteksi/val/normal/10264_00299.png,0,normal,val,train,10264,10264.png,"[5, 610, 89, 632]",1.0,kolektor_deteksi,kolektor_permukaan
C:/Arib/MASSA AYAM/chicken detection + constrative classification/data/crops_kolektor_deteksi/val/normal/10299_00339.png,0,normal,val,train,10299,10299.png,"[0, 275, 12, 335]",1.0,kolektor_deteksi,kolektor_permukaan
C:/Arib/MASSA AYAM/chicken detection + constrative classification/data/crops_kolektor_deteksi/val/normal/10299_00340.png,0,normal,val,train,10299,10299.png,"[0, 263, 12, 322]",1.0,kolektor_deteksi,kolektor_permukaan
C:/Arib/MASSA AYAM/chicken detection + constrative classification/data/crops_kolektor_deteksi/val/normal/10334_00369.png,0,normal,val,train,10334,10334.png,"[0, 212, 13, 292]",1.0,kolektor_deteksi,kolektor_permukaan
C:/Arib/MASSA AYAM/chicken detection + constrative classification/data/crops_kolektor_deteksi/val/normal/10346_00378.png,0,normal,val,train,10346,10346.png,"[0, 223, 11, 282]",1.0,kolektor_deteksi,kolektor_permukaan
C:/Arib/MASSA AYAM/chicken detection + constrative classification/data/crops_kolektor_deteksi/val/normal/10346_00379.png,0,normal,val,train,10346,10346.png,"[0, 457, 13, 531]",1.0,kolektor_deteksi,kolektor_permukaan
C:/Arib/MASSA AYAM/chicken detection + constrative classification/data/crops_kolektor_deteksi/val/normal/10346_00380.png,0,normal,val,train,10346,10346.png,"[0, 232, 13, 304]",1.0,kolektor_deteksi,kolektor_permukaan
C:/Arib/MASSA AYAM/chicken detection + constrative classification/data/crops_kolektor_deteksi/val/normal/10346_00381.png,0,normal,val,train,10346,10346.png,"[0, 467, 15, 543]",1.0,kolektor_deteksi,kolektor_permukaan
C:/Arib/MASSA AYAM/chicken detection + constrative classification/data/crops_kolektor_deteksi/val/normal/10346_00382.png,0,normal,val,train,10346,10346.png,"[0, 200, 11, 284]",1.0,kolektor_deteksi,kolektor_permukaan
C:/Arib/MASSA AYAM/chicken detection + constrative classification/data/crops_kolektor_deteksi/val/normal/10351_00384.png,0,normal,val,train,10351,10351.png,"[0, 129, 18, 163]",1.0,kolektor_deteksi,kolektor_permukaan
C:/Arib/MASSA AYAM/chicken detection + constrative classification/data/crops_kolektor_deteksi/val/normal/10351_00385.png,0,normal,val,train,10351,10351.png,"[0, 113, 18, 162]",1.0,kolektor_deteksi,kolektor_permukaan
C:/Arib/MASSA AYAM/chicken detection + constrative classification/data/crops_kolektor_deteksi/val/normal/10351_00386.png,0,normal,val,train,10351,10351.png,"[0, 139, 19, 157]",1.0,kolektor_deteksi,kolektor_permukaan
C:/Arib/MASSA AYAM/chicken detection + constrative classification/data/crops_kolektor_deteksi/val/normal/10351_00387.png,0,normal,val,train,10351,10351.png,"[0, 136, 18, 196]",1.0,kolektor_deteksi,kolektor_permukaan
C:/Arib/MASSA AYAM/chicken detection + constrative classification/data/crops_kolektor_deteksi/val/normal/10373_00411.png,0,normal,val,train,10373,10373.png,"[0, 589, 12, 640]",1.0,kolektor_deteksi,kolektor_permukaan
C:/Arib/MASSA AYAM/chicken detection + constrative classification/data/crops_kolektor_deteksi/val/normal/10387_00415.png,0,normal,val,train,10387,10387.png,"[0, 37, 9, 102]",1.0,kolektor_deteksi,kolektor_permukaan
C:/Arib/MASSA AYAM/chicken detection + constrative classification/data/crops_kolektor_deteksi/val/normal/10387_00416.png,0,normal,val,train,10387,10387.png,"[0, 44, 10, 120]",1.0,kolektor_deteksi,kolektor_permukaan
C:/Arib/MASSA AYAM/chicken detection + constrative classification/data/crops_kolektor_deteksi/val/normal/10415_00447.png,0,normal,val,train,10415,10415.png,"[0, 3, 12, 81]",1.0,kolektor_deteksi,kolektor_permukaan
C:/Arib/MASSA AYAM/chicken detection + constrative classification/data/crops_kolektor_deteksi/val/normal/10415_00448.png,0,normal,val,train,10415,10415.png,"[0, 99, 10, 173]",1.0,kolektor_deteksi,kolektor_permukaan
C:/Arib/MASSA AYAM/chicken detection + constrative classification/data/crops_kolektor_deteksi/val/normal/10415_00449.png,0,normal,val,train,10415,10415.png,"[0, 19, 12, 99]",1.0,kolektor_deteksi,kolektor_permukaan
C:/Arib/MASSA AYAM/chicken detection + constrative classification/data/crops_kolektor_deteksi/val/normal/10415_00450.png,0,normal,val,train,10415,10415.png,"[0, 30, 14, 106]",1.0,kolektor_deteksi,kolektor_permukaan
C:/Arib/MASSA AYAM/chicken detection + constrative classification/data/crops_kolektor_deteksi/val/normal/10415_00451.png,0,normal,val,train,10415,10415.png,"[0, 304, 30, 342]",1.0,kolektor_deteksi,kolektor_permukaan
C:/Arib/MASSA AYAM/chicken detection + constrative classification/data/crops_kolektor_deteksi/val/normal/10415_00452.png,0,normal,val,train,10415,10415.png,"[0, 67, 12, 145]",1.0,kolektor_deteksi,kolektor_permukaan
C:/Arib/MASSA AYAM/chicken detection + constrative classification/data/crops_kolektor_deteksi/val/normal/10415_00453.png,0,normal,val,train,10415,10415.png,"[0, 0, 10, 61]",1.0,kolektor_deteksi,kolektor_permukaan
C:/Arib/MASSA AYAM/chicken detection + constrative classification/data/crops_kolektor_deteksi/val/normal/10415_00454.png,0,normal,val,train,10415,10415.png,"[0, 84, 12, 164]",1.0,kolektor_deteksi,kolektor_permukaan
C:/Arib/MASSA AYAM/chicken detection + constrative classification/data/crops_kolektor_deteksi/val/normal/10415_00455.png,0,normal,val,train,10415,10415.png,"[0, 52, 14, 130]",1.0,kolektor_deteksi,kolektor_permukaan
C:/Arib/MASSA AYAM/chicken detection + constrative classification/data/crops_kolektor_deteksi/val/normal/10477_00514.png,0,normal,val,train,10477,10477.png,"[0, 83, 10, 153]",1.0,kolektor_deteksi,kolektor_permukaan
C:/Arib/MASSA AYAM/chicken detection + constrative classification/data/crops_kolektor_deteksi/val/normal/10477_00515.png,0,normal,val,train,10477,10477.png,"[0, 114, 10, 172]",1.0,kolektor_deteksi,kolektor_permukaan
C:/Arib/MASSA AYAM/chicken detection + constrative classification/data/crops_kolektor_deteksi/val/normal/10477_00516.png,0,normal,val,train,10477,10477.png,"[0, 126, 10, 191]",1.0,kolektor_deteksi,kolektor_permukaan
C:/Arib/MASSA AYAM/chicken detection + constrative classification/data/crops_kolektor_deteksi/val/normal/10477_00517.png,0,normal,val,train,10477,10477.png,"[0, 70, 9, 123]",1.0,kolektor_deteksi,kolektor_permukaan
C:/Arib/MASSA AYAM/chicken detection + constrative classification/data/crops_kolektor_deteksi/val/normal/10477_00518.png,0,normal,val,train,10477,10477.png,"[0, 84, 12, 172]",1.0,kolektor_deteksi,kolektor_permukaan
C:/Arib/MASSA AYAM/chicken detection + constrative classification/data/crops_kolektor_deteksi/val/normal/10477_00519.png,0,normal,val,train,10477,10477.png,"[0, 245, 10, 325]",1.0,kolektor_deteksi,kolektor_permukaan
C:/Arib/MASSA AYAM/chicken detection + constrative classification/data/crops_kolektor_deteksi/val/normal/10477_00520.png,0,normal,val,train,10477,10477.png,"[0, 50, 10, 174]",1.0,kolektor_deteksi,kolektor_permukaan
C:/Arib/MASSA AYAM/chicken detection + constrative classification/data/crops_kolektor_deteksi/val/normal/10477_00521.png,0,normal,val,train,10477,10477.png,"[0, 598, 9, 637]",1.0,kolektor_deteksi,kolektor_permukaan
C:/Arib/MASSA AYAM/chicken detection + constrative classification/data/crops_kolektor_deteksi/val/normal/10477_00522.png,0,normal,val,train,10477,10477.png,"[0, 588, 9, 638]",1.0,kolektor_deteksi,kolektor_permukaan
C:/Arib/MASSA AYAM/chicken detection + constrative classification/data/crops_kolektor_deteksi/val/normal/10482_00537.png,0,normal,val,train,10482,10482.png,"[0, 532, 13, 594]",1.0,kolektor_deteksi,kolektor_permukaan
C:/Arib/MASSA AYAM/chicken detection + constrative classification/data/crops_kolektor_deteksi/val/normal/10482_00538.png,0,normal,val,train,10482,10482.png,"[0, 540, 13, 618]",1.0,kolektor_deteksi,kolektor_permukaan
C:/Arib/MASSA AYAM/chicken detection + constrative classification/data/crops_kolektor_deteksi/val/normal/10482_00539.png,0,normal,val,train,10482,10482.png,"[0, 528, 14, 604]",1.0,kolektor_deteksi,kolektor_permukaan
C:/Arib/MASSA AYAM/chicken detection + constrative classification/data/crops_kolektor_deteksi/val/normal/10482_00540.png,0,normal,val,train,10482,10482.png,"[0, 501, 14, 583]",1.0,kolektor_deteksi,kolektor_permukaan
C:/Arib/MASSA AYAM/chicken detection + constrative classification/data/crops_kolektor_deteksi/val/normal/10482_00541.png,0,normal,val,train,10482,10482.png,"[0, 556, 15, 624]",1.0,kolektor_deteksi,kolektor_permukaan
C:/Arib/MASSA AYAM/chicken detection + constrative classification/data/crops_kolektor_deteksi/val/normal/10518_00571.png,0,normal,val,train,10518,10518.png,"[0, 594, 13, 635]",1.0,kolektor_deteksi,kolektor_permukaan
C:/Arib/MASSA AYAM/chicken detection + constrative classification/data/crops_kolektor_deteksi/val/normal/10535_00600.png,0,normal,val,train,10535,10535.png,"[0, 553, 12, 629]",1.0,kolektor_deteksi,kolektor_permukaan
C:/Arib/MASSA AYAM/chicken detection + constrative classification/data/crops_kolektor_deteksi/val/normal/10548_00611.png,0,normal,val,train,10548,10548.png,"[0, 53, 10, 128]",1.0,kolektor_deteksi,kolektor_permukaan
C:/Arib/MASSA AYAM/chicken detection + constrative classification/data/crops_kolektor_deteksi/val/normal/10548_00612.png,0,normal,val,train,10548,10548.png,"[0, 63, 11, 142]",1.0,kolektor_deteksi,kolektor_permukaan
C:/Arib/MASSA AYAM/chicken detection + constrative classification/data/crops_kolektor_deteksi/val/normal/10641_00686.png,0,normal,val,train,10641,10641.png,"[0, 385, 10, 417]",1.0,kolektor_deteksi,kolektor_permukaan
C:/Arib/MASSA AYAM/chicken detection + constrative classification/data/crops_kolektor_deteksi/val/normal/10641_00687.png,0,normal,val,train,10641,10641.png,"[0, 368, 10, 413]",1.0,kolektor_deteksi,kolektor_permukaan
C:/Arib/MASSA AYAM/chicken detection + constrative classification/data/crops_kolektor_deteksi/val/normal/10685_00737.png,0,normal,val,train,10685,10685.png,"[0, 589, 12, 638]",1.0,kolektor_deteksi,kolektor_permukaan
C:/Arib/MASSA AYAM/chicken detection + constrative classification/data/crops_kolektor_deteksi/val/normal/10685_00738.png,0,normal,val,train,10685,10685.png,"[0, 216, 12, 294]",1.0,kolektor_deteksi,kolektor_permukaan
C:/Arib/MASSA AYAM/chicken detection + constrative classification/data/crops_kolektor_deteksi/val/normal/10685_00739.png,0,normal,val,train,10685,10685.png,"[0, 599, 15, 637]",1.0,kolektor_deteksi,kolektor_permukaan
C:/Arib/MASSA AYAM/chicken detection + constrative classification/data/crops_kolektor_deteksi/val/normal/10685_00740.png,0,normal,val,train,10685,10685.png,"[0, 233, 10, 307]",1.0,kolektor_deteksi,kolektor_permukaan
C:/Arib/MASSA AYAM/chicken detection + constrative classification/data/crops_kolektor_deteksi/val/normal/10736_00782.png,0,normal,val,train,10736,10736.png,"[0, 18, 11, 93]",1.0,kolektor_deteksi,kolektor_permukaan
C:/Arib/MASSA AYAM/chicken detection + constrative classification/data/crops_kolektor_deteksi/val/normal/10737_00783.png,0,normal,val,train,10737,10737.png,"[0, 0, 14, 61]",1.0,kolektor_deteksi,kolektor_permukaan
C:/Arib/MASSA AYAM/chicken detection + constrative classification/data/crops_kolektor_deteksi/val/normal/10737_00784.png,0,normal,val,train,10737,10737.png,"[0, 1, 14, 40]",1.0,kolektor_deteksi,kolektor_permukaan
C:/Arib/MASSA AYAM/chicken detection + constrative classification/data/crops_kolektor_deteksi/val/normal/10737_00785.png,0,normal,val,train,10737,10737.png,"[0, 0, 18, 63]",1.0,kolektor_deteksi,kolektor_permukaan
C:/Arib/MASSA AYAM/chicken detection + constrative classification/data/crops_kolektor_deteksi/val/normal/10737_00786.png,0,normal,val,train,10737,10737.png,"[0, 0, 15, 88]",1.0,kolektor_deteksi,kolektor_permukaan
C:/Arib/MASSA AYAM/chicken detection + constrative classification/data/crops_kolektor_deteksi/val/normal/10766_00807.png,0,normal,val,train,10766,10766.png,"[56, 38, 74, 69]",1.0,kolektor_deteksi,kolektor_permukaan
C:/Arib/MASSA AYAM/chicken detection + constrative classification/data/crops_kolektor_deteksi/val/normal/10766_00808.png,0,normal,val,train,10766,10766.png,"[57, 25, 75, 69]",1.0,kolektor_deteksi,kolektor_permukaan
C:/Arib/MASSA AYAM/chicken detection + constrative classification/data/crops_kolektor_deteksi/val/normal/10771_00811.png,0,normal,val,train,10771,10771.png,"[0, 569, 11, 629]",1.0,kolektor_deteksi,kolektor_permukaan
C:/Arib/MASSA AYAM/chicken detection + constrative classification/data/crops_kolektor_deteksi/val/normal/10771_00812.png,0,normal,val,train,10771,10771.png,"[0, 588, 10, 629]",1.0,kolektor_deteksi,kolektor_permukaan
C:/Arib/MASSA AYAM/chicken detection + constrative classification/data/crops_kolektor_deteksi/val/normal/10876_00893.png,0,normal,val,train,10876,10876.png,"[0, 98, 18, 157]",1.0,kolektor_deteksi,kolektor_permukaan
C:/Arib/MASSA AYAM/chicken detection + constrative classification/data/crops_kolektor_deteksi/val/normal/10876_00894.png,0,normal,val,train,10876,10876.png,"[0, 569, 12, 622]",1.0,kolektor_deteksi,kolektor_permukaan
C:/Arib/MASSA AYAM/chicken detection + constrative classification/data/crops_kolektor_deteksi/val/normal/10876_00895.png,0,normal,val,train,10876,10876.png,"[0, 85, 20, 160]",1.0,kolektor_deteksi,kolektor_permukaan
C:/Arib/MASSA AYAM/chicken detection + constrative classification/data/crops_kolektor_deteksi/val/normal/10876_00896.png,0,normal,val,train,10876,10876.png,"[0, 109, 18, 184]",1.0,kolektor_deteksi,kolektor_permukaan
C:/Arib/MASSA AYAM/chicken detection + constrative classification/data/crops_kolektor_deteksi/val/normal/10876_00897.png,0,normal,val,train,10876,10876.png,"[0, 587, 13, 648]",1.0,kolektor_deteksi,kolektor_permukaan
C:/Arib/MASSA AYAM/chicken detection + constrative classification/data/crops_kolektor_deteksi/val/normal/10876_00898.png,0,normal,val,train,10876,10876.png,"[0, 74, 17, 151]",1.0,kolektor_deteksi,kolektor_permukaan
C:/Arib/MASSA AYAM/chicken detection + constrative classification/data/crops_kolektor_deteksi/val/normal/10876_00899.png,0,normal,val,train,10876,10876.png,"[0, 214, 12, 300]",1.0,kolektor_deteksi,kolektor_permukaan
C:/Arib/MASSA AYAM/chicken detection + constrative classification/data/crops_kolektor_deteksi/val/normal/10886_00907.png,0,normal,val,train,10886,10886.png,"[28, 627, 71, 638]",1.0,kolektor_deteksi,kolektor_permukaan
C:/Arib/MASSA AYAM/chicken detection + constrative classification/data/crops_kolektor_deteksi/val/normal/10886_00908.png,0,normal,val,train,10886,10886.png,"[27, 626, 93, 639]",1.0,kolektor_deteksi,kolektor_permukaan
C:/Arib/MASSA AYAM/chicken detection + constrative classification/data/crops_kolektor_deteksi/val/normal/10886_00909.png,0,normal,val,train,10886,10886.png,"[30, 624, 66, 639]",1.0,kolektor_deteksi,kolektor_permukaan
C:/Arib/MASSA AYAM/chicken detection + constrative classification/data/crops_kolektor_deteksi/val/normal/10886_00910.png,0,normal,val,train,10886,10886.png,"[19, 626, 60, 638]",1.0,kolektor_deteksi,kolektor_permukaan
C:/Arib/MASSA AYAM/chicken detection + constrative classification/data/crops_kolektor_deteksi/val/normal/10918_00923.png,0,normal,val,train,10918,10918.png,"[113, 238, 130, 250]",1.0,kolektor_deteksi,kolektor_permukaan
C:/Arib/MASSA AYAM/chicken detection + constrative classification/data/crops_kolektor_deteksi/val/normal/10926_00934.png,0,normal,val,train,10926,10926.png,"[148, 443, 160, 454]",1.0,kolektor_deteksi,kolektor_permukaan
C:/Arib/MASSA AYAM/chicken detection + constrative classification/data/crops_kolektor_deteksi/val/normal/10928_00935.png,0,normal,val,train,10928,10928.png,"[0, 568, 13, 633]",1.0,kolektor_deteksi,kolektor_permukaan
C:/Arib/MASSA AYAM/chicken detection + constrative classification/data/crops_kolektor_deteksi/val/normal/10928_00936.png,0,normal,val,train,10928,10928.png,"[0, 583, 11, 633]",1.0,kolektor_deteksi,kolektor_permukaan
C:/Arib/MASSA AYAM/chicken detection + constrative classification/data/crops_kolektor_deteksi/val/normal/10930_00937.png,0,normal,val,train,10930,10930.png,"[0, 170, 8, 195]",1.0,kolektor_deteksi,kolektor_permukaan
C:/Arib/MASSA AYAM/chicken detection + constrative classification/data/crops_kolektor_deteksi/val/normal/10940_00949.png,0,normal,val,train,10940,10940.png,"[0, 576, 11, 639]",1.0,kolektor_deteksi,kolektor_permukaan
C:/Arib/MASSA AYAM/chicken detection + constrative classification/data/crops_kolektor_deteksi/val/normal/10940_00950.png,0,normal,val,train,10940,10940.png,"[0, 559, 12, 635]",1.0,kolektor_deteksi,kolektor_permukaan
C:/Arib/MASSA AYAM/chicken detection + constrative classification/data/crops_kolektor_deteksi/val/normal/10940_00951.png,0,normal,val,train,10940,10940.png,"[0, 481, 12, 560]",1.0,kolektor_deteksi,kolektor_permukaan
C:/Arib/MASSA AYAM/chicken detection + constrative classification/data/crops_kolektor_deteksi/val/normal/10940_00952.png,0,normal,val,train,10940,10940.png,"[0, 492, 13, 576]",1.0,kolektor_deteksi,kolektor_permukaan
C:/Arib/MASSA AYAM/chicken detection + constrative classification/data/crops_kolektor_deteksi/val/normal/10947_00953.png,0,normal,val,train,10947,10947.png,"[140, 622, 167, 631]",1.0,kolektor_deteksi,kolektor_permukaan
C:/Arib/MASSA AYAM/chicken detection + constrative classification/data/crops_kolektor_deteksi/val/normal/10947_00954.png,0,normal,val,train,10947,10947.png,"[0, 551, 8, 617]",1.0,kolektor_deteksi,kolektor_permukaan
C:/Arib/MASSA AYAM/chicken detection + constrative classification/data/crops_kolektor_deteksi/val/normal/10971_00959.png,0,normal,val,train,10971,10971.png,"[0, 35, 16, 81]",1.0,kolektor_deteksi,kolektor_permukaan
C:/Arib/MASSA AYAM/chicken detection + constrative classification/data/crops_kolektor_deteksi/val/normal/10971_00960.png,0,normal,val,train,10971,10971.png,"[0, 46, 17, 112]",1.0,kolektor_deteksi,kolektor_permukaan
C:/Arib/MASSA AYAM/chicken detection + constrative classification/data/crops_kolektor_deteksi/val/normal/10983_00964.png,0,normal,val,train,10983,10983.png,"[0, 542, 14, 621]",1.0,kolektor_deteksi,kolektor_permukaan
C:/Arib/MASSA AYAM/chicken detection + constrative classification/data/crops_kolektor_deteksi/val/normal/10983_00965.png,0,normal,val,train,10983,10983.png,"[0, 530, 16, 604]",1.0,kolektor_deteksi,kolektor_permukaan
C:/Arib/MASSA AYAM/chicken detection + constrative classification/data/crops_kolektor_deteksi/val/normal/10987_00966.png,0,normal,val,train,10987,10987.png,"[31, 629, 109, 643]",1.0,kolektor_deteksi,kolektor_permukaan
C:/Arib/MASSA AYAM/chicken detection + constrative classification/data/crops_kolektor_deteksi/val/normal/10987_00967.png,0,normal,val,train,10987,10987.png,"[13, 628, 97, 643]",1.0,kolektor_deteksi,kolektor_permukaan
C:/Arib/MASSA AYAM/chicken detection + constrative classification/data/crops_kolektor_deteksi/val/normal/10987_00968.png,0,normal,val,train,10987,10987.png,"[13, 626, 118, 644]",1.0,kolektor_deteksi,kolektor_permukaan
C:/Arib/MASSA AYAM/chicken detection + constrative classification/data/crops_kolektor_deteksi/val/normal/11016_00989.png,0,normal,val,train,11016,11016.png,"[0, 578, 10, 636]",1.0,kolektor_deteksi,kolektor_permukaan
C:/Arib/MASSA AYAM/chicken detection + constrative classification/data/crops_kolektor_deteksi/val/normal/11016_00990.png,0,normal,val,train,11016,11016.png,"[0, 293, 9, 328]",1.0,kolektor_deteksi,kolektor_permukaan
C:/Arib/MASSA AYAM/chicken detection + constrative classification/data/crops_kolektor_deteksi/val/normal/11022_00994.png,0,normal,val,train,11022,11022.png,"[0, 20, 11, 83]",1.0,kolektor_deteksi,kolektor_permukaan
C:/Arib/MASSA AYAM/chicken detection + constrative classification/data/crops_kolektor_deteksi/val/normal/11022_00995.png,0,normal,val,train,11022,11022.png,"[0, 36, 13, 102]",1.0,kolektor_deteksi,kolektor_permukaan
C:/Arib/MASSA AYAM/chicken detection + constrative classification/data/crops_kolektor_deteksi/val/normal/11030_01004.png,0,normal,val,train,11030,11030.png,"[0, 189, 16, 224]",1.0,kolektor_deteksi,kolektor_permukaan
C:/Arib/MASSA AYAM/chicken detection + constrative classification/data/crops_kolektor_deteksi/val/normal/11030_01005.png,0,normal,val,train,11030,11030.png,"[0, 194, 18, 221]",1.0,kolektor_deteksi,kolektor_permukaan
C:/Arib/MASSA AYAM/chicken detection + constrative classification/data/crops_kolektor_deteksi/val/normal/11030_01006.png,0,normal,val,train,11030,11030.png,"[0, 181, 16, 216]",1.0,kolektor_deteksi,kolektor_permukaan
C:/Arib/MASSA AYAM/chicken detection + constrative classification/data/crops_kolektor_deteksi/val/normal/11030_01007.png,0,normal,val,train,11030,11030.png,"[0, 0, 14, 58]",1.0,kolektor_deteksi,kolektor_permukaan
C:/Arib/MASSA AYAM/chicken detection + constrative classification/data/crops_kolektor_deteksi/val/normal/11044_01029.png,0,normal,val,train,11044,11044.png,"[0, 22, 12, 101]",1.0,kolektor_deteksi,kolektor_permukaan
C:/Arib/MASSA AYAM/chicken detection + constrative classification/data/crops_kolektor_deteksi/val/normal/11044_01030.png,0,normal,val,train,11044,11044.png,"[0, 0, 12, 68]",1.0,kolektor_deteksi,kolektor_permukaan
C:/Arib/MASSA AYAM/chicken detection + constrative classification/data/crops_kolektor_deteksi/val/normal/11044_01031.png,0,normal,val,train,11044,11044.png,"[0, 7, 12, 86]",1.0,kolektor_deteksi,kolektor_permukaan
C:/Arib/MASSA AYAM/chicken detection + constrative classification/data/crops_kolektor_deteksi/val/normal/11044_01032.png,0,normal,val,train,11044,11044.png,"[0, 29, 14, 110]",1.0,kolektor_deteksi,kolektor_permukaan
C:/Arib/MASSA AYAM/chicken detection + constrative classification/data/crops_kolektor_deteksi/val/normal/11044_01033.png,0,normal,val,train,11044,11044.png,"[0, 0, 10, 59]",1.0,kolektor_deteksi,kolektor_permukaan
C:/Arib/MASSA AYAM/chicken detection + constrative classification/data/crops_kolektor_deteksi/val/normal/11044_01034.png,0,normal,val,train,11044,11044.png,"[0, 0, 10, 44]",1.0,kolektor_deteksi,kolektor_permukaan
C:/Arib/MASSA AYAM/chicken detection + constrative classification/data/crops_kolektor_deteksi/val/normal/11044_01035.png,0,normal,val,train,11044,11044.png,"[0, 40, 17, 122]",1.0,kolektor_deteksi,kolektor_permukaan
C:/Arib/MASSA AYAM/chicken detection + constrative classification/data/crops_kolektor_deteksi/val/normal/11044_01036.png,0,normal,val,train,11044,11044.png,"[0, 0, 15, 92]",1.0,kolektor_deteksi,kolektor_permukaan
C:/Arib/MASSA AYAM/chicken detection + constrative classification/data/crops_kolektor_deteksi/val/normal/11044_01037.png,0,normal,val,train,11044,11044.png,"[0, 0, 13, 128]",1.0,kolektor_deteksi,kolektor_permukaan
C:/Arib/MASSA AYAM/chicken detection + constrative classification/data/crops_kolektor_deteksi/val/normal/11049_01038.png,0,normal,val,train,11049,11049.png,"[0, 599, 30, 632]",1.0,kolektor_deteksi,kolektor_permukaan
C:/Arib/MASSA AYAM/chicken detection + constrative classification/data/crops_kolektor_deteksi/val/normal/11049_01039.png,0,normal,val,train,11049,11049.png,"[220, 169, 233, 181]",1.0,kolektor_deteksi,kolektor_permukaan
C:/Arib/MASSA AYAM/chicken detection + constrative classification/data/crops_kolektor_deteksi/val/normal/11057_01053.png,0,normal,val,train,11057,11057.png,"[0, 560, 9, 624]",1.0,kolektor_deteksi,kolektor_permukaan
C:/Arib/MASSA AYAM/chicken detection + constrative classification/data/crops_kolektor_deteksi/val/normal/11063_01061.png,0,normal,val,train,11063,11063.png,"[0, 609, 28, 633]",1.0,kolektor_deteksi,kolektor_permukaan
C:/Arib/MASSA AYAM/chicken detection + constrative classification/data/crops_kolektor_deteksi/val/normal/11080_01067.png,0,normal,val,train,11080,11080.png,"[0, 551, 10, 598]",1.0,kolektor_deteksi,kolektor_permukaan
C:/Arib/MASSA AYAM/chicken detection + constrative classification/data/crops_kolektor_deteksi/val/normal/11080_01068.png,0,normal,val,train,11080,11080.png,"[0, 556, 10, 623]",1.0,kolektor_deteksi,kolektor_permukaan
C:/Arib/MASSA AYAM/chicken detection + constrative classification/data/crops_kolektor_deteksi/val/normal/11113_01080.png,0,normal,val,train,11113,11113.png,"[0, 598, 18, 628]",1.0,kolektor_deteksi,kolektor_permukaan
C:/Arib/MASSA AYAM/chicken detection + constrative classification/data/crops_kolektor_deteksi/val/normal/11113_01081.png,0,normal,val,train,11113,11113.png,"[0, 583, 13, 630]",1.0,kolektor_deteksi,kolektor_permukaan
C:/Arib/MASSA AYAM/chicken detection + constrative classification/data/crops_kolektor_deteksi/val/normal/11125_01088.png,0,normal,val,train,11125,11125.png,"[0, 591, 12, 636]",1.0,kolektor_deteksi,kolektor_permukaan
C:/Arib/MASSA AYAM/chicken detection + constrative classification/data/crops_kolektor_deteksi/val/normal/11132_01089.png,0,normal,val,train,11132,11132.png,"[0, 581, 12, 625]",1.0,kolektor_deteksi,kolektor_permukaan
C:/Arib/MASSA AYAM/chicken detection + constrative classification/data/crops_kolektor_deteksi/val/normal/11132_01090.png,0,normal,val,train,11132,11132.png,"[0, 573, 15, 626]",1.0,kolektor_deteksi,kolektor_permukaan
C:/Arib/MASSA AYAM/chicken detection + constrative classification/data/crops_kolektor_deteksi/val/normal/11132_01091.png,0,normal,val,train,11132,11132.png,"[0, 595, 15, 626]",1.0,kolektor_deteksi,kolektor_permukaan
C:/Arib/MASSA AYAM/chicken detection + constrative classification/data/crops_kolektor_deteksi/val/normal/11132_01092.png,0,normal,val,train,11132,11132.png,"[0, 295, 13, 376]",1.0,kolektor_deteksi,kolektor_permukaan
C:/Arib/MASSA AYAM/chicken detection + constrative classification/data/crops_kolektor_deteksi/val/normal/11132_01093.png,0,normal,val,train,11132,11132.png,"[0, 281, 13, 361]",1.0,kolektor_deteksi,kolektor_permukaan
C:/Arib/MASSA AYAM/chicken detection + constrative classification/data/crops_kolektor_deteksi/val/normal/11132_01094.png,0,normal,val,train,11132,11132.png,"[0, 569, 17, 628]",1.0,kolektor_deteksi,kolektor_permukaan
C:/Arib/MASSA AYAM/chicken detection + constrative classification/data/crops_kolektor_deteksi/val/normal/11225_01184.png,0,normal,val,train,11225,11225.png,"[0, 490, 10, 559]",1.0,kolektor_deteksi,kolektor_permukaan
C:/Arib/MASSA AYAM/chicken detection + constrative classification/data/crops_kolektor_deteksi/val/normal/11225_01185.png,0,normal,val,train,11225,11225.png,"[0, 481, 9, 541]",1.0,kolektor_deteksi,kolektor_permukaan
C:/Arib/MASSA AYAM/chicken detection + constrative classification/data/crops_kolektor_deteksi/val/normal/11225_01186.png,0,normal,val,train,11225,11225.png,"[0, 494, 12, 576]",1.0,kolektor_deteksi,kolektor_permukaan
C:/Arib/MASSA AYAM/chicken detection + constrative classification/data/crops_kolektor_deteksi/val/normal/11225_01187.png,0,normal,val,train,11225,11225.png,"[0, 458, 11, 581]",1.0,kolektor_deteksi,kolektor_permukaan
C:/Arib/MASSA AYAM/chicken detection + constrative classification/data/crops_kolektor_deteksi/val/normal/11234_01194.png,0,normal,val,train,11234,11234.png,"[0, 446, 16, 523]",1.0,kolektor_deteksi,kolektor_permukaan
C:/Arib/MASSA AYAM/chicken detection + constrative classification/data/crops_kolektor_deteksi/val/normal/11234_01195.png,0,normal,val,train,11234,11234.png,"[0, 435, 15, 504]",1.0,kolektor_deteksi,kolektor_permukaan
C:/Arib/MASSA AYAM/chicken detection + constrative classification/data/crops_kolektor_deteksi/val/normal/11234_01196.png,0,normal,val,train,11234,11234.png,"[0, 465, 17, 525]",1.0,kolektor_deteksi,kolektor_permukaan
C:/Arib/MASSA AYAM/chicken detection + constrative classification/data/crops_kolektor_deteksi/val/normal/11234_01197.png,0,normal,val,train,11234,11234.png,"[0, 419, 18, 555]",1.0,kolektor_deteksi,kolektor_permukaan
C:/Arib/MASSA AYAM/chicken detection + constrative classification/data/crops_kolektor_deteksi/val/normal/11234_01198.png,0,normal,val,train,11234,11234.png,"[0, 440, 26, 528]",1.0,kolektor_deteksi,kolektor_permukaan
C:/Arib/MASSA AYAM/chicken detection + constrative classification/data/crops_kolektor_deteksi/val/normal/11234_01199.png,0,normal,val,train,11234,11234.png,"[0, 455, 22, 525]",1.0,kolektor_deteksi,kolektor_permukaan
C:/Arib/MASSA AYAM/chicken detection + constrative classification/data/crops_kolektor_deteksi/val/normal/11234_01200.png,0,normal,val,train,11234,11234.png,"[0, 473, 19, 559]",1.0,kolektor_deteksi,kolektor_permukaan
C:/Arib/MASSA AYAM/chicken detection + constrative classification/data/crops_kolektor_deteksi/val/normal/11246_01202.png,0,normal,val,train,11246,11246.png,"[0, 389, 16, 467]",1.0,kolektor_deteksi,kolektor_permukaan
C:/Arib/MASSA AYAM/chicken detection + constrative classification/data/crops_kolektor_deteksi/val/normal/11246_01203.png,0,normal,val,train,11246,11246.png,"[0, 379, 13, 456]",1.0,kolektor_deteksi,kolektor_permukaan
C:/Arib/MASSA AYAM/chicken detection + constrative classification/data/crops_kolektor_deteksi/val/normal/11246_01204.png,0,normal,val,train,11246,11246.png,"[0, 414, 13, 493]",1.0,kolektor_deteksi,kolektor_permukaan
C:/Arib/MASSA AYAM/chicken detection + constrative classification/data/crops_kolektor_deteksi/val/normal/11246_01205.png,0,normal,val,train,11246,11246.png,"[0, 402, 12, 484]",1.0,kolektor_deteksi,kolektor_permukaan
C:/Arib/MASSA AYAM/chicken detection + constrative classification/data/crops_kolektor_deteksi/val/normal/11246_01206.png,0,normal,val,train,11246,11246.png,"[0, 345, 11, 425]",1.0,kolektor_deteksi,kolektor_permukaan
C:/Arib/MASSA AYAM/chicken detection + constrative classification/data/crops_kolektor_deteksi/val/normal/11246_01207.png,0,normal,val,train,11246,11246.png,"[0, 430, 12, 510]",1.0,kolektor_deteksi,kolektor_permukaan
C:/Arib/MASSA AYAM/chicken detection + constrative classification/data/crops_kolektor_deteksi/val/normal/11246_01208.png,0,normal,val,train,11246,11246.png,"[0, 353, 14, 436]",1.0,kolektor_deteksi,kolektor_permukaan
C:/Arib/MASSA AYAM/chicken detection + constrative classification/data/crops_kolektor_deteksi/val/normal/11246_01209.png,0,normal,val,train,11246,11246.png,"[0, 557, 11, 636]",1.0,kolektor_deteksi,kolektor_permukaan
C:/Arib/MASSA AYAM/chicken detection + constrative classification/data/crops_kolektor_deteksi/val/normal/11262_01228.png,0,normal,val,train,11262,11262.png,"[0, 603, 14, 637]",1.0,kolektor_deteksi,kolektor_permukaan
C:/Arib/MASSA AYAM/chicken detection + constrative classification/data/crops_kolektor_deteksi/val/normal/11321_01280.png,0,normal,val,train,11321,11321.png,"[0, 590, 21, 627]",1.0,kolektor_deteksi,kolektor_permukaan
C:/Arib/MASSA AYAM/chicken detection + constrative classification/data/crops_kolektor_deteksi/val/normal/11321_01281.png,0,normal,val,train,11321,11321.png,"[0, 610, 22, 625]",1.0,kolektor_deteksi,kolektor_permukaan
C:/Arib/MASSA AYAM/chicken detection + constrative classification/data/crops_kolektor_deteksi/val/normal/11323_01282.png,0,normal,val,train,11323,11323.png,"[0, 0, 13, 60]",1.0,kolektor_deteksi,kolektor_permukaan
C:/Arib/MASSA AYAM/chicken detection + constrative classification/data/crops_kolektor_deteksi/val/normal/11323_01283.png,0,normal,val,train,11323,11323.png,"[0, 449, 10, 524]",1.0,kolektor_deteksi,kolektor_permukaan
C:/Arib/MASSA AYAM/chicken detection + constrative classification/data/crops_kolektor_deteksi/val/normal/11323_01284.png,0,normal,val,train,11323,11323.png,"[0, 4, 14, 77]",1.0,kolektor_deteksi,kolektor_permukaan
C:/Arib/MASSA AYAM/chicken detection + constrative classification/data/crops_kolektor_deteksi/val/normal/11323_01285.png,0,normal,val,train,11323,11323.png,"[0, 464, 14, 543]",1.0,kolektor_deteksi,kolektor_permukaan
C:/Arib/MASSA AYAM/chicken detection + constrative classification/data/crops_kolektor_deteksi/val/normal/11338_01306.png,0,normal,val,train,11338,11338.png,"[0, 271, 9, 329]",1.0,kolektor_deteksi,kolektor_permukaan
C:/Arib/MASSA AYAM/chicken detection + constrative classification/data/crops_kolektor_deteksi/val/normal/11355_01335.png,0,normal,val,train,11355,11355.png,"[0, 0, 13, 57]",1.0,kolektor_deteksi,kolektor_permukaan
C:/Arib/MASSA AYAM/chicken detection + constrative classification/data/crops_kolektor_deteksi/val/normal/11355_01336.png,0,normal,val,train,11355,11355.png,"[0, 0, 16, 47]",1.0,kolektor_deteksi,kolektor_permukaan
C:/Arib/MASSA AYAM/chicken detection + constrative classification/data/crops_kolektor_deteksi/val/normal/11355_01337.png,0,normal,val,train,11355,11355.png,"[0, 8, 14, 82]",1.0,kolektor_deteksi,kolektor_permukaan
C:/Arib/MASSA AYAM/chicken detection + constrative classification/data/crops_kolektor_deteksi/val/normal/11397_01372.png,0,normal,val,train,11397,11397.png,"[0, 106, 12, 159]",1.0,kolektor_deteksi,kolektor_permukaan
C:/Arib/MASSA AYAM/chicken detection + constrative classification/data/crops_kolektor_deteksi/val/normal/11397_01373.png,0,normal,val,train,11397,11397.png,"[0, 101, 13, 151]",1.0,kolektor_deteksi,kolektor_permukaan
C:/Arib/MASSA AYAM/chicken detection + constrative classification/data/crops_kolektor_deteksi/val/normal/11397_01374.png,0,normal,val,train,11397,11397.png,"[0, 111, 13, 186]",1.0,kolektor_deteksi,kolektor_permukaan
C:/Arib/MASSA AYAM/chicken detection + constrative classification/data/crops_kolektor_deteksi/val/normal/11399_01383.png,0,normal,val,train,11399,11399.png,"[95, 632, 129, 642]",1.0,kolektor_deteksi,kolektor_permukaan
C:/Arib/MASSA AYAM/chicken detection + constrative classification/data/crops_kolektor_deteksi/val/normal/11400_01384.png,0,normal,val,train,11400,11400.png,"[0, 288, 9, 363]",1.0,kolektor_deteksi,kolektor_permukaan
C:/Arib/MASSA AYAM/chicken detection + constrative classification/data/crops_kolektor_deteksi/val/normal/11400_01385.png,0,normal,val,train,11400,11400.png,"[0, 299, 11, 375]",1.0,kolektor_deteksi,kolektor_permukaan
C:/Arib/MASSA AYAM/chicken detection + constrative classification/data/crops_kolektor_deteksi/val/normal/11400_01386.png,0,normal,val,train,11400,11400.png,"[0, 281, 9, 345]",1.0,kolektor_deteksi,kolektor_permukaan
C:/Arib/MASSA AYAM/chicken detection + constrative classification/data/crops_kolektor_deteksi/val/normal/11428_01401.png,0,normal,val,train,11428,11428.png,"[0, 581, 11, 638]",1.0,kolektor_deteksi,kolektor_permukaan
C:/Arib/MASSA AYAM/chicken detection + constrative classification/data/crops_kolektor_deteksi/val/normal/11428_01402.png,0,normal,val,train,11428,11428.png,"[0, 566, 14, 638]",1.0,kolektor_deteksi,kolektor_permukaan
C:/Arib/MASSA AYAM/chicken detection + constrative classification/data/crops_kolektor_deteksi/val/normal/11435_01414.png,0,normal,val,train,11435,11435.png,"[0, 295, 11, 371]",1.0,kolektor_deteksi,kolektor_permukaan
C:/Arib/MASSA AYAM/chicken detection + constrative classification/data/crops_kolektor_deteksi/val/normal/11435_01415.png,0,normal,val,train,11435,11435.png,"[0, 0, 11, 59]",1.0,kolektor_deteksi,kolektor_permukaan
C:/Arib/MASSA AYAM/chicken detection + constrative classification/data/crops_kolektor_deteksi/val/normal/11435_01416.png,0,normal,val,train,11435,11435.png,"[0, 0, 9, 46]",1.0,kolektor_deteksi,kolektor_permukaan
C:/Arib/MASSA AYAM/chicken detection + constrative classification/data/crops_kolektor_deteksi/val/normal/11435_01417.png,0,normal,val,train,11435,11435.png,"[0, 280, 11, 356]",1.0,kolektor_deteksi,kolektor_permukaan
C:/Arib/MASSA AYAM/chicken detection + constrative classification/data/crops_kolektor_deteksi/val/normal/11435_01418.png,0,normal,val,train,11435,11435.png,"[0, 339, 11, 417]",1.0,kolektor_deteksi,kolektor_permukaan
C:/Arib/MASSA AYAM/chicken detection + constrative classification/data/crops_kolektor_deteksi/val/normal/11435_01419.png,0,normal,val,train,11435,11435.png,"[0, 248, 11, 326]",1.0,kolektor_deteksi,kolektor_permukaan
C:/Arib/MASSA AYAM/chicken detection + constrative classification/data/crops_kolektor_deteksi/val/normal/11435_01420.png,0,normal,val,train,11435,11435.png,"[0, 304, 13, 390]",1.0,kolektor_deteksi,kolektor_permukaan
C:/Arib/MASSA AYAM/chicken detection + constrative classification/data/crops_kolektor_deteksi/val/normal/11435_01421.png,0,normal,val,train,11435,11435.png,"[0, 118, 9, 186]",1.0,kolektor_deteksi,kolektor_permukaan
C:/Arib/MASSA AYAM/chicken detection + constrative classification/data/crops_kolektor_deteksi/val/normal/11435_01422.png,0,normal,val,train,11435,11435.png,"[0, 129, 11, 205]",1.0,kolektor_deteksi,kolektor_permukaan
C:/Arib/MASSA AYAM/chicken detection + constrative classification/data/crops_kolektor_deteksi/val/normal/11498_01456.png,0,normal,val,train,11498,11498.png,"[0, 476, 14, 559]",1.0,kolektor_deteksi,kolektor_permukaan
C:/Arib/MASSA AYAM/chicken detection + constrative classification/data/crops_kolektor_deteksi/val/normal/11498_01457.png,0,normal,val,train,11498,11498.png,"[0, 477, 15, 536]",1.0,kolektor_deteksi,kolektor_permukaan
C:/Arib/MASSA AYAM/chicken detection + constrative classification/data/crops_kolektor_deteksi/val/normal/11541_01498.png,0,normal,val,train,11541,11541.png,"[197, 137, 210, 151]",1.0,kolektor_deteksi,kolektor_permukaan
C:/Arib/MASSA AYAM/chicken detection + constrative classification/data/crops_kolektor_deteksi/val/normal/11542_01499.png,0,normal,val,train,11542,11542.png,"[0, 251, 10, 294]",1.0,kolektor_deteksi,kolektor_permukaan
C:/Arib/MASSA AYAM/chicken detection + constrative classification/data/crops_kolektor_deteksi/val/normal/11591_01549.png,0,normal,val,train,11591,11591.png,"[0, 86, 11, 158]",1.0,kolektor_deteksi,kolektor_permukaan
C:/Arib/MASSA AYAM/chicken detection + constrative classification/data/crops_kolektor_deteksi/val/normal/11591_01550.png,0,normal,val,train,11591,11591.png,"[0, 96, 11, 172]",1.0,kolektor_deteksi,kolektor_permukaan
C:/Arib/MASSA AYAM/chicken detection + constrative classification/data/crops_kolektor_deteksi/val/normal/11617_01574.png,0,normal,val,train,11617,11617.png,"[0, 604, 30, 635]",1.0,kolektor_deteksi,kolektor_permukaan
C:/Arib/MASSA AYAM/chicken detection + constrative classification/data/crops_kolektor_deteksi/val/normal/11623_01580.png,0,normal,val,train,11623,11623.png,"[29, 614, 92, 638]",1.0,kolektor_deteksi,kolektor_permukaan
C:/Arib/MASSA AYAM/chicken detection + constrative classification/data/crops_kolektor_deteksi/val/normal/11659_01612.png,0,normal,val,train,11659,11659.png,"[0, 207, 13, 277]",1.0,kolektor_deteksi,kolektor_permukaan
C:/Arib/MASSA AYAM/chicken detection + constrative classification/data/crops_kolektor_deteksi/val/normal/11659_01613.png,0,normal,val,train,11659,11659.png,"[0, 252, 14, 331]",1.0,kolektor_deteksi,kolektor_permukaan
C:/Arib/MASSA AYAM/chicken detection + constrative classification/data/crops_kolektor_deteksi/val/normal/11659_01614.png,0,normal,val,train,11659,11659.png,"[0, 217, 14, 294]",1.0,kolektor_deteksi,kolektor_permukaan
C:/Arib/MASSA AYAM/chicken detection + constrative classification/data/crops_kolektor_deteksi/val/normal/11659_01615.png,0,normal,val,train,11659,11659.png,"[0, 329, 14, 400]",1.0,kolektor_deteksi,kolektor_permukaan
C:/Arib/MASSA AYAM/chicken detection + constrative classification/data/crops_kolektor_deteksi/val/normal/11671_01626.png,0,normal,val,train,11671,11671.png,"[0, 586, 17, 634]",1.0,kolektor_deteksi,kolektor_permukaan
C:/Arib/MASSA AYAM/chicken detection + constrative classification/data/crops_kolektor_deteksi/val/normal/11671_01627.png,0,normal,val,train,11671,11671.png,"[0, 591, 26, 632]",1.0,kolektor_deteksi,kolektor_permukaan
C:/Arib/MASSA AYAM/chicken detection + constrative classification/data/crops_kolektor_deteksi/val/normal/11671_01628.png,0,normal,val,train,11671,11671.png,"[0, 569, 20, 628]",1.0,kolektor_deteksi,kolektor_permukaan
C:/Arib/MASSA AYAM/chicken detection + constrative classification/data/crops_kolektor_deteksi/val/normal/11693_01649.png,0,normal,val,train,11693,11693.png,"[0, 591, 19, 634]",1.0,kolektor_deteksi,kolektor_permukaan
C:/Arib/MASSA AYAM/chicken detection + constrative classification/data/crops_kolektor_deteksi/val/normal/11693_01650.png,0,normal,val,train,11693,11693.png,"[0, 602, 23, 632]",1.0,kolektor_deteksi,kolektor_permukaan
C:/Arib/MASSA AYAM/chicken detection + constrative classification/data/crops_kolektor_deteksi/val/normal/11704_01662.png,0,normal,val,train,11704,11704.png,"[0, 86, 14, 157]",1.0,kolektor_deteksi,kolektor_permukaan
C:/Arib/MASSA AYAM/chicken detection + constrative classification/data/crops_kolektor_deteksi/val/normal/11705_01663.png,0,normal,val,train,11705,11705.png,"[163, 81, 179, 92]",1.0,kolektor_deteksi,kolektor_permukaan
C:/Arib/MASSA AYAM/chicken detection + constrative classification/data/crops_kolektor_deteksi/val/normal/11715_01669.png,0,normal,val,train,11715,11715.png,"[0, 595, 14, 626]",1.0,kolektor_deteksi,kolektor_permukaan
C:/Arib/MASSA AYAM/chicken detection + constrative classification/data/crops_kolektor_deteksi/val/normal/11715_01670.png,0,normal,val,train,11715,11715.png,"[0, 589, 11, 625]",1.0,kolektor_deteksi,kolektor_permukaan
C:/Arib/MASSA AYAM/chicken detection + constrative classification/data/crops_kolektor_deteksi/val/normal/11764_01687.png,0,normal,val,train,11764,11764.png,"[0, 23, 15, 89]",1.0,kolektor_deteksi,kolektor_permukaan
C:/Arib/MASSA AYAM/chicken detection + constrative classification/data/crops_kolektor_deteksi/val/normal/11781_01718.png,0,normal,val,train,11781,11781.png,"[0, 300, 14, 327]",1.0,kolektor_deteksi,kolektor_permukaan
C:/Arib/MASSA AYAM/chicken detection + constrative classification/data/crops_kolektor_deteksi/val/normal/11806_01749.png,0,normal,val,train,11806,11806.png,"[0, 522, 11, 564]",1.0,kolektor_deteksi,kolektor_permukaan
C:/Arib/MASSA AYAM/chicken detection + constrative classification/data/crops_kolektor_deteksi/val/normal/11806_01750.png,0,normal,val,train,11806,11806.png,"[0, 510, 11, 551]",1.0,kolektor_deteksi,kolektor_permukaan
C:/Arib/MASSA AYAM/chicken detection + constrative classification/data/crops_kolektor_deteksi/val/normal/11824_01762.png,0,normal,val,train,11824,11824.png,"[0, 592, 10, 631]",1.0,kolektor_deteksi,kolektor_permukaan
C:/Arib/MASSA AYAM/chicken detection + constrative classification/data/crops_kolektor_deteksi/val/normal/11845_01768.png,0,normal,val,train,11845,11845.png,"[0, 178, 8, 215]",1.0,kolektor_deteksi,kolektor_permukaan
C:/Arib/MASSA AYAM/chicken detection + constrative classification/data/crops_kolektor_deteksi/val/normal/11845_01769.png,0,normal,val,train,11845,11845.png,"[0, 185, 9, 241]",1.0,kolektor_deteksi,kolektor_permukaan
C:/Arib/MASSA AYAM/chicken detection + constrative classification/data/crops_kolektor_deteksi/val/normal/11845_01770.png,0,normal,val,train,11845,11845.png,"[0, 72, 11, 137]",1.0,kolektor_deteksi,kolektor_permukaan
C:/Arib/MASSA AYAM/chicken detection + constrative classification/data/crops_kolektor_deteksi/val/normal/11846_01771.png,0,normal,val,train,11846,11846.png,"[0, 570, 10, 636]",1.0,kolektor_deteksi,kolektor_permukaan
C:/Arib/MASSA AYAM/chicken detection + constrative classification/data/crops_kolektor_deteksi/val/normal/11860_01779.png,0,normal,val,train,11860,11860.png,"[67, 609, 112, 627]",1.0,kolektor_deteksi,kolektor_permukaan
C:/Arib/MASSA AYAM/chicken detection + constrative classification/data/crops_kolektor_deteksi/val/normal/11860_01780.png,0,normal,val,train,11860,11860.png,"[62, 610, 120, 630]",1.0,kolektor_deteksi,kolektor_permukaan
C:/Arib/MASSA AYAM/chicken detection + constrative classification/data/crops_kolektor_deteksi/val/normal/11860_01781.png,0,normal,val,train,11860,11860.png,"[60, 602, 139, 633]",1.0,kolektor_deteksi,kolektor_permukaan
C:/Arib/MASSA AYAM/chicken detection + constrative classification/data/crops_kolektor_deteksi/val/normal/11860_01782.png,0,normal,val,train,11860,11860.png,"[0, 284, 12, 311]",1.0,kolektor_deteksi,kolektor_permukaan
C:/Arib/MASSA AYAM/chicken detection + constrative classification/data/crops_kolektor_deteksi/val/normal/11860_01783.png,0,normal,val,train,11860,11860.png,"[0, 289, 13, 341]",1.0,kolektor_deteksi,kolektor_permukaan
C:/Arib/MASSA AYAM/chicken detection + constrative classification/data/crops_kolektor_deteksi/val/normal/11860_01784.png,0,normal,val,train,11860,11860.png,"[42, 611, 118, 630]",1.0,kolektor_deteksi,kolektor_permukaan
C:/Arib/MASSA AYAM/chicken detection + constrative classification/data/crops_kolektor_deteksi/val/normal/11888_01808.png,0,normal,val,train,11888,11888.png,"[0, 250, 15, 314]",1.0,kolektor_deteksi,kolektor_permukaan
C:/Arib/MASSA AYAM/chicken detection + constrative classification/data/crops_kolektor_deteksi/val/normal/11888_01809.png,0,normal,val,train,11888,11888.png,"[95, 609, 123, 619]",1.0,kolektor_deteksi,kolektor_permukaan
C:/Arib/MASSA AYAM/chicken detection + constrative classification/data/crops_kolektor_deteksi/val/normal/11889_01810.png,0,normal,val,train,11889,11889.png,"[0, 556, 19, 627]",1.0,kolektor_deteksi,kolektor_permukaan
C:/Arib/MASSA AYAM/chicken detection + constrative classification/data/crops_kolektor_deteksi/val/normal/11889_01811.png,0,normal,val,train,11889,11889.png,"[0, 544, 16, 610]",1.0,kolektor_deteksi,kolektor_permukaan
C:/Arib/MASSA AYAM/chicken detection + constrative classification/data/crops_kolektor_deteksi/val/normal/11890_01812.png,0,normal,val,train,11890,11890.png,"[0, 105, 17, 144]",1.0,kolektor_deteksi,kolektor_permukaan
C:/Arib/MASSA AYAM/chicken detection + constrative classification/data/crops_kolektor_deteksi/val/normal/11892_01813.png,0,normal,val,train,11892,11892.png,"[0, 75, 9, 145]",1.0,kolektor_deteksi,kolektor_permukaan
C:/Arib/MASSA AYAM/chicken detection + constrative classification/data/crops_kolektor_deteksi/val/normal/11892_01814.png,0,normal,val,train,11892,11892.png,"[0, 92, 11, 160]",1.0,kolektor_deteksi,kolektor_permukaan
C:/Arib/MASSA AYAM/chicken detection + constrative classification/data/crops_kolektor_deteksi/val/normal/11892_01815.png,0,normal,val,train,11892,11892.png,"[0, 0, 11, 69]",1.0,kolektor_deteksi,kolektor_permukaan
C:/Arib/MASSA AYAM/chicken detection + constrative classification/data/crops_kolektor_deteksi/val/normal/11892_01816.png,0,normal,val,train,11892,11892.png,"[0, 0, 9, 57]",1.0,kolektor_deteksi,kolektor_permukaan
C:/Arib/MASSA AYAM/chicken detection + constrative classification/data/crops_kolektor_deteksi/val/normal/11892_01817.png,0,normal,val,train,11892,11892.png,"[0, 69, 10, 123]",1.0,kolektor_deteksi,kolektor_permukaan
C:/Arib/MASSA AYAM/chicken detection + constrative classification/data/crops_kolektor_deteksi/val/normal/11945_01840.png,0,normal,val,train,11945,11945.png,"[0, 604, 35, 629]",1.0,kolektor_deteksi,kolektor_permukaan
C:/Arib/MASSA AYAM/chicken detection + constrative classification/data/crops_kolektor_deteksi/val/normal/11948_01841.png,0,normal,val,train,11948,11948.png,"[0, 267, 11, 346]",1.0,kolektor_deteksi,kolektor_permukaan
C:/Arib/MASSA AYAM/chicken detection + constrative classification/data/crops_kolektor_deteksi/val/normal/11951_01842.png,0,normal,val,train,11951,11951.png,"[0, 464, 12, 545]",1.0,kolektor_deteksi,kolektor_permukaan
C:/Arib/MASSA AYAM/chicken detection + constrative classification/data/crops_kolektor_deteksi/val/normal/11951_01843.png,0,normal,val,train,11951,11951.png,"[0, 450, 12, 529]",1.0,kolektor_deteksi,kolektor_permukaan
C:/Arib/MASSA AYAM/chicken detection + constrative classification/data/crops_kolektor_deteksi/val/normal/11959_01852.png,0,normal,val,train,11959,11959.png,"[0, 564, 14, 628]",1.0,kolektor_deteksi,kolektor_permukaan
C:/Arib/MASSA AYAM/chicken detection + constrative classification/data/crops_kolektor_deteksi/val/normal/11959_01853.png,0,normal,val,train,11959,11959.png,"[0, 519, 9, 594]",1.0,kolektor_deteksi,kolektor_permukaan
C:/Arib/MASSA AYAM/chicken detection + constrative classification/data/crops_kolektor_deteksi/val/normal/11959_01854.png,0,normal,val,train,11959,11959.png,"[0, 555, 11, 628]",1.0,kolektor_deteksi,kolektor_permukaan
C:/Arib/MASSA AYAM/chicken detection + constrative classification/data/crops_kolektor_deteksi/val/normal/11981_01876.png,0,normal,val,train,11981,11981.png,"[0, 60, 11, 138]",1.0,kolektor_deteksi,kolektor_permukaan
C:/Arib/MASSA AYAM/chicken detection + constrative classification/data/crops_kolektor_deteksi/val/normal/11981_01877.png,0,normal,val,train,11981,11981.png,"[0, 48, 12, 124]",1.0,kolektor_deteksi,kolektor_permukaan
C:/Arib/MASSA AYAM/chicken detection + constrative classification/data/crops_kolektor_deteksi/val/normal/11981_01878.png,0,normal,val,train,11981,11981.png,"[0, 10, 14, 87]",1.0,kolektor_deteksi,kolektor_permukaan
C:/Arib/MASSA AYAM/chicken detection + constrative classification/data/crops_kolektor_deteksi/val/normal/11981_01879.png,0,normal,val,train,11981,11981.png,"[0, 72, 12, 155]",1.0,kolektor_deteksi,kolektor_permukaan
C:/Arib/MASSA AYAM/chicken detection + constrative classification/data/crops_kolektor_deteksi/val/normal/11981_01880.png,0,normal,val,train,11981,11981.png,"[0, 208, 10, 283]",1.0,kolektor_deteksi,kolektor_permukaan
C:/Arib/MASSA AYAM/chicken detection + constrative classification/data/crops_kolektor_deteksi/val/normal/11981_01881.png,0,normal,val,train,11981,11981.png,"[0, 200, 10, 263]",1.0,kolektor_deteksi,kolektor_permukaan
C:/Arib/MASSA AYAM/chicken detection + constrative classification/data/crops_kolektor_deteksi/val/normal/11981_01882.png,0,normal,val,train,11981,11981.png,"[0, 32, 14, 114]",1.0,kolektor_deteksi,kolektor_permukaan
C:/Arib/MASSA AYAM/chicken detection + constrative classification/data/crops_kolektor_deteksi/val/normal/11981_01883.png,0,normal,val,train,11981,11981.png,"[0, 19, 17, 104]",1.0,kolektor_deteksi,kolektor_permukaan
C:/Arib/MASSA AYAM/chicken detection + constrative classification/data/crops_kolektor_deteksi/val/normal/12000_01913.png,0,normal,val,train,12000,12000.png,"[0, 577, 13, 623]",1.0,kolektor_deteksi,kolektor_permukaan
C:/Arib/MASSA AYAM/chicken detection + constrative classification/data/crops_kolektor_deteksi/val/normal/12003_01914.png,0,normal,val,train,12003,12003.png,"[0, 250, 10, 314]",1.0,kolektor_deteksi,kolektor_permukaan
C:/Arib/MASSA AYAM/chicken detection + constrative classification/data/crops_kolektor_deteksi/val/normal/12003_01915.png,0,normal,val,train,12003,12003.png,"[0, 611, 31, 629]",1.0,kolektor_deteksi,kolektor_permukaan
C:/Arib/MASSA AYAM/chicken detection + constrative classification/data/crops_kolektor_deteksi/val/normal/12003_01916.png,0,normal,val,train,12003,12003.png,"[0, 247, 12, 325]",1.0,kolektor_deteksi,kolektor_permukaan
C:/Arib/MASSA AYAM/chicken detection + constrative classification/data/crops_kolektor_deteksi/val/normal/12058_01957.png,0,normal,val,train,12058,12058.png,"[0, 380, 18, 449]",1.0,kolektor_deteksi,kolektor_permukaan
C:/Arib/MASSA AYAM/chicken detection + constrative classification/data/crops_kolektor_deteksi/val/normal/12060_01958.png,0,normal,val,train,12060,12060.png,"[48, 503, 73, 515]",1.0,kolektor_deteksi,kolektor_permukaan
C:/Arib/MASSA AYAM/chicken detection + constrative classification/data/crops_kolektor_deteksi/val/normal/12060_01959.png,0,normal,val,train,12060,12060.png,"[51, 503, 74, 512]",1.0,kolektor_deteksi,kolektor_permukaan
C:/Arib/MASSA AYAM/chicken detection + constrative classification/data/crops_kolektor_deteksi/val/normal/12107_01980.png,0,normal,val,train,12107,12107.png,"[0, 303, 8, 364]",1.0,kolektor_deteksi,kolektor_permukaan
C:/Arib/MASSA AYAM/chicken detection + constrative classification/data/crops_kolektor_deteksi/val/normal/12111_01985.png,0,normal,val,train,12111,12111.png,"[0, 63, 10, 135]",1.0,kolektor_deteksi,kolektor_permukaan
C:/Arib/MASSA AYAM/chicken detection + constrative classification/data/crops_kolektor_deteksi/val/normal/12153_02016.png,0,normal,val,train,12153,12153.png,"[0, 487, 11, 568]",1.0,kolektor_deteksi,kolektor_permukaan
C:/Arib/MASSA AYAM/chicken detection + constrative classification/data/crops_kolektor_deteksi/val/normal/12163_02020.png,0,normal,val,train,12163,12163.png,"[0, 172, 11, 221]",1.0,kolektor_deteksi,kolektor_permukaan
C:/Arib/MASSA AYAM/chicken detection + constrative classification/data/crops_kolektor_deteksi/val/normal/12165_02021.png,0,normal,val,train,12165,12165.png,"[0, 268, 10, 336]",1.0,kolektor_deteksi,kolektor_permukaan
C:/Arib/MASSA AYAM/chicken detection + constrative classification/data/crops_kolektor_deteksi/val/normal/12165_02022.png,0,normal,val,train,12165,12165.png,"[0, 266, 10, 310]",1.0,kolektor_deteksi,kolektor_permukaan
C:/Arib/MASSA AYAM/chicken detection + constrative classification/data/crops_kolektor_deteksi/val/normal/12176_02026.png,0,normal,val,train,12176,12176.png,"[0, 14, 10, 90]",1.0,kolektor_deteksi,kolektor_permukaan
C:/Arib/MASSA AYAM/chicken detection + constrative classification/data/crops_kolektor_deteksi/val/normal/12176_02027.png,0,normal,val,train,12176,12176.png,"[0, 28, 12, 111]",1.0,kolektor_deteksi,kolektor_permukaan
C:/Arib/MASSA AYAM/chicken detection + constrative classification/data/crops_kolektor_deteksi/val/normal/12176_02028.png,0,normal,val,train,12176,12176.png,"[0, 0, 11, 79]",1.0,kolektor_deteksi,kolektor_permukaan
C:/Arib/MASSA AYAM/chicken detection + constrative classification/data/crops_kolektor_deteksi/val/normal/12176_02029.png,0,normal,val,train,12176,12176.png,"[0, 0, 12, 109]",1.0,kolektor_deteksi,kolektor_permukaan
C:/Arib/MASSA AYAM/chicken detection + constrative classification/data/crops_kolektor_deteksi/val/normal/12176_02030.png,0,normal,val,train,12176,12176.png,"[0, 79, 11, 163]",1.0,kolektor_deteksi,kolektor_permukaan
C:/Arib/MASSA AYAM/chicken detection + constrative classification/data/crops_kolektor_deteksi/val/normal/12176_02031.png,0,normal,val,train,12176,12176.png,"[0, 120, 11, 203]",1.0,kolektor_deteksi,kolektor_permukaan
C:/Arib/MASSA AYAM/chicken detection + constrative classification/data/crops_kolektor_deteksi/val/normal/12198_02047.png,0,normal,val,train,12198,12198.png,"[0, 103, 11, 124]",1.0,kolektor_deteksi,kolektor_permukaan
C:/Arib/MASSA AYAM/chicken detection + constrative classification/data/crops_kolektor_deteksi/val/normal/12198_02048.png,0,normal,val,train,12198,12198.png,"[55, 129, 67, 139]",1.0,kolektor_deteksi,kolektor_permukaan
C:/Arib/MASSA AYAM/chicken detection + constrative classification/data/crops_kolektor_deteksi/val/normal/12198_02049.png,0,normal,val,train,12198,12198.png,"[50, 128, 69, 150]",1.0,kolektor_deteksi,kolektor_permukaan
C:/Arib/MASSA AYAM/chicken detection + constrative classification/data/crops_kolektor_deteksi/val/normal/12217_02081.png,0,normal,val,train,12217,12217.png,"[0, 578, 20, 623]",1.0,kolektor_deteksi,kolektor_permukaan
C:/Arib/MASSA AYAM/chicken detection + constrative classification/data/crops_kolektor_deteksi/val/normal/12217_02082.png,0,normal,val,train,12217,12217.png,"[0, 335, 10, 376]",1.0,kolektor_deteksi,kolektor_permukaan
C:/Arib/MASSA AYAM/chicken detection + constrative classification/data/crops_kolektor_deteksi/val/normal/12217_02083.png,0,normal,val,train,12217,12217.png,"[0, 569, 22, 620]",1.0,kolektor_deteksi,kolektor_permukaan
C:/Arib/MASSA AYAM/chicken detection + constrative classification/data/crops_kolektor_deteksi/val/normal/12217_02084.png,0,normal,val,train,12217,12217.png,"[0, 584, 24, 623]",1.0,kolektor_deteksi,kolektor_permukaan
C:/Arib/MASSA AYAM/chicken detection + constrative classification/data/crops_kolektor_deteksi/val/normal/12217_02085.png,0,normal,val,train,12217,12217.png,"[0, 347, 13, 411]",1.0,kolektor_deteksi,kolektor_permukaan
C:/Arib/MASSA AYAM/chicken detection + constrative classification/data/crops_kolektor_deteksi/val/normal/12264_02129.png,0,normal,val,train,12264,12264.png,"[0, 1, 14, 48]",1.0,kolektor_deteksi,kolektor_permukaan
C:/Arib/MASSA AYAM/chicken detection + constrative classification/data/crops_kolektor_deteksi/val/normal/12320_02164.png,0,normal,val,train,12320,12320.png,"[0, 588, 9, 632]",1.0,kolektor_deteksi,kolektor_permukaan
C:/Arib/MASSA AYAM/chicken detection + constrative classification/data/crops_kolektor_deteksi/val/cacat/10157_00180.png,1,cacat,val,train,10157,10157.png,"[0, 37, 63, 127]",0.5942492012779552,kolektor_deteksi,kolektor_permukaan
C:/Arib/MASSA AYAM/chicken detection + constrative classification/data/crops_kolektor_deteksi/val/cacat/10266_00300.png,1,cacat,val,train,10266,10266.png,"[19, 396, 39, 415]",0.6063829787234043,kolektor_deteksi,kolektor_permukaan
C:/Arib/MASSA AYAM/chicken detection + constrative classification/data/crops_kolektor_deteksi/val/cacat/10266_00301.png,1,cacat,val,train,10266,10266.png,"[18, 398, 38, 422]",0.5833333333333334,kolektor_deteksi,kolektor_permukaan
C:/Arib/MASSA AYAM/chicken detection + constrative classification/data/crops_kolektor_deteksi/val/cacat/10344_00375.png,1,cacat,val,train,10344,10344.png,"[43, 0, 70, 42]",0.5569334836527621,kolektor_deteksi,kolektor_permukaan
C:/Arib/MASSA AYAM/chicken detection + constrative classification/data/crops_kolektor_deteksi/val/cacat/10345_00376.png,1,cacat,val,train,10345,10345.png,"[149, 190, 176, 215]",0.703125,kolektor_deteksi,kolektor_permukaan
C:/Arib/MASSA AYAM/chicken detection + constrative classification/data/crops_kolektor_deteksi/val/cacat/10345_00377.png,1,cacat,val,train,10345,10345.png,"[143, 184, 180, 221]",0.7012417823228634,kolektor_deteksi,kolektor_permukaan
C:/Arib/MASSA AYAM/chicken detection + constrative classification/data/crops_kolektor_deteksi/val/cacat/10352_00388.png,1,cacat,val,train,10352,10352.png,"[0, 244, 52, 292]",0.65865943432778,kolektor_deteksi,kolektor_permukaan
C:/Arib/MASSA AYAM/chicken detection + constrative classification/data/crops_kolektor_deteksi/val/cacat/10352_00389.png,1,cacat,val,train,10352,10352.png,"[123, 268, 181, 295]",0.8656716417910447,kolektor_deteksi,kolektor_permukaan
C:/Arib/MASSA AYAM/chicken detection + constrative classification/data/crops_kolektor_deteksi/val/cacat/10352_00390.png,1,cacat,val,train,10352,10352.png,"[0, 251, 54, 286]",0.6355140186915887,kolektor_deteksi,kolektor_permukaan
C:/Arib/MASSA AYAM/chicken detection + constrative classification/data/crops_kolektor_deteksi/val/cacat/10352_00391.png,1,cacat,val,train,10352,10352.png,"[116, 264, 183, 301]",0.675,kolektor_deteksi,kolektor_permukaan
C:/Arib/MASSA AYAM/chicken detection + constrative classification/data/crops_kolektor_deteksi/val/cacat/10352_00392.png,1,cacat,val,train,10352,10352.png,"[125, 258, 188, 300]",0.5865384615384616,kolektor_deteksi,kolektor_permukaan
C:/Arib/MASSA AYAM/chicken detection + constrative classification/data/crops_kolektor_deteksi/val/cacat/10352_00393.png,1,cacat,val,train,10352,10352.png,"[0, 240, 60, 289]",0.5028625954198473,kolektor_deteksi,kolektor_permukaan
C:/Arib/MASSA AYAM/chicken detection + constrative classification/data/crops_kolektor_deteksi/val/cacat/10402_00434.png,1,cacat,val,train,10402,10402.png,"[143, 309, 197, 331]",0.5380434782608695,kolektor_deteksi,kolektor_permukaan
C:/Arib/MASSA AYAM/chicken detection + constrative classification/data/crops_kolektor_deteksi/val/cacat/10402_00435.png,1,cacat,val,train,10402,10402.png,"[141, 306, 205, 334]",0.7123287671232876,kolektor_deteksi,kolektor_permukaan
C:/Arib/MASSA AYAM/chicken detection + constrative classification/data/crops_kolektor_deteksi/val/cacat/10402_00436.png,1,cacat,val,train,10402,10402.png,"[129, 302, 206, 336]",0.7510885341074021,kolektor_deteksi,kolektor_permukaan
C:/Arib/MASSA AYAM/chicken detection + constrative classification/data/crops_kolektor_deteksi/val/cacat/10426_00466.png,1,cacat,val,train,10426,10426.png,"[67, 413, 114, 458]",0.9148936170212766,kolektor_deteksi,kolektor_permukaan
C:/Arib/MASSA AYAM/chicken detection + constrative classification/data/crops_kolektor_deteksi/val/cacat/10426_00467.png,1,cacat,val,train,10426,10426.png,"[68, 403, 123, 459]",0.6382844528539893,kolektor_deteksi,kolektor_permukaan
C:/Arib/MASSA AYAM/chicken detection + constrative classification/data/crops_kolektor_deteksi/val/cacat/10457_00493.png,1,cacat,val,train,10457,10457.png,"[0, 405, 24, 441]",0.8067796610169492,kolektor_deteksi,kolektor_permukaan
C:/Arib/MASSA AYAM/chicken detection + constrative classification/data/crops_kolektor_deteksi/val/cacat/10457_00494.png,1,cacat,val,train,10457,10457.png,"[0, 411, 21, 440]",0.7777777777777778,kolektor_deteksi,kolektor_permukaan
C:/Arib/MASSA AYAM/chicken detection + constrative classification/data/crops_kolektor_deteksi/val/cacat/10457_00495.png,1,cacat,val,train,10457,10457.png,"[0, 395, 25, 442]",0.625531914893617,kolektor_deteksi,kolektor_permukaan
C:/Arib/MASSA AYAM/chicken detection + constrative classification/data/crops_kolektor_deteksi/val/cacat/10457_00496.png,1,cacat,val,train,10457,10457.png,"[0, 406, 29, 440]",0.6741245136186771,kolektor_deteksi,kolektor_permukaan
C:/Arib/MASSA AYAM/chicken detection + constrative classification/data/crops_kolektor_deteksi/val/cacat/10663_00719.png,1,cacat,val,train,10663,10663.png,"[44, 0, 96, 44]",0.8589692369157012,kolektor_deteksi,kolektor_permukaan
C:/Arib/MASSA AYAM/chicken detection + constrative classification/data/crops_kolektor_deteksi/val/cacat/10663_00720.png,1,cacat,val,train,10663,10663.png,"[40, 0, 92, 51]",0.804027328299173,kolektor_deteksi,kolektor_permukaan
C:/Arib/MASSA AYAM/chicken detection + constrative classification/data/crops_kolektor_deteksi/val/cacat/10663_00721.png,1,cacat,val,train,10663,10663.png,"[53, 4, 91, 46]",0.5978217022993142,kolektor_deteksi,kolektor_permukaan
C:/Arib/MASSA AYAM/chicken detection + constrative classification/data/crops_kolektor_deteksi/val/cacat/10695_00757.png,1,cacat,val,train,10695,10695.png,"[156, 518, 195, 552]",0.85,kolektor_deteksi,kolektor_permukaan
C:/Arib/MASSA AYAM/chicken detection + constrative classification/data/crops_kolektor_deteksi/val/cacat/10695_00758.png,1,cacat,val,train,10695,10695.png,"[166, 396, 189, 414]",0.5498392282958199,kolektor_deteksi,kolektor_permukaan
C:/Arib/MASSA AYAM/chicken detection + constrative classification/data/crops_kolektor_deteksi/val/cacat/10695_00759.png,1,cacat,val,train,10695,10695.png,"[165, 397, 187, 419]",0.581039755351682,kolektor_deteksi,kolektor_permukaan
C:/Arib/MASSA AYAM/chicken detection + constrative classification/data/crops_kolektor_deteksi/val/cacat/10695_00760.png,1,cacat,val,train,10695,10695.png,"[148, 517, 204, 557]",0.6964285714285714,kolektor_deteksi,kolektor_permukaan
C:/Arib/MASSA AYAM/chicken detection + constrative classification/data/crops_kolektor_deteksi/val/cacat/10714_00774.png,1,cacat,val,train,10714,10714.png,"[8, 542, 74, 560]",0.7913561847988078,kolektor_deteksi,kolektor_permukaan
C:/Arib/MASSA AYAM/chicken detection + constrative classification/data/crops_kolektor_deteksi/val/cacat/10714_00775.png,1,cacat,val,train,10714,10714.png,"[5, 542, 63, 557]",0.7154605263157895,kolektor_deteksi,kolektor_permukaan
C:/Arib/MASSA AYAM/chicken detection + constrative classification/data/crops_kolektor_deteksi/val/cacat/10714_00776.png,1,cacat,val,train,10714,10714.png,"[0, 543, 71, 564]",0.7408360128617363,kolektor_deteksi,kolektor_permukaan
C:/Arib/MASSA AYAM/chicken detection + constrative classification/data/crops_kolektor_deteksi/val/cacat/10770_00809.png,1,cacat,val,train,10770,10770.png,"[120, 291, 163, 349]",0.5573770491803278,kolektor_deteksi,kolektor_permukaan
C:/Arib/MASSA AYAM/chicken detection + constrative classification/data/crops_kolektor_deteksi/val/cacat/10770_00810.png,1,cacat,val,train,10770,10770.png,"[121, 297, 163, 335]",0.8209658421672555,kolektor_deteksi,kolektor_permukaan
C:/Arib/MASSA AYAM/chicken detection + constrative classification/data/crops_kolektor_deteksi/val/cacat/11190_01159.png,1,cacat,val,train,11190,11190.png,"[39, 259, 138, 338]",0.607155764365739,kolektor_deteksi,kolektor_permukaan
C:/Arib/MASSA AYAM/chicken detection + constrative classification/data/crops_kolektor_deteksi/val/cacat/11190_01160.png,1,cacat,val,train,11190,11190.png,"[23, 267, 130, 336]",0.7476635514018691,kolektor_deteksi,kolektor_permukaan
C:/Arib/MASSA AYAM/chicken detection + constrative classification/data/crops_kolektor_deteksi/val/cacat/11190_01161.png,1,cacat,val,train,11190,11190.png,"[24, 265, 157, 345]",0.518796992481203,kolektor_deteksi,kolektor_permukaan
C:/Arib/MASSA AYAM/chicken detection + constrative classification/data/crops_kolektor_deteksi/val/cacat/11190_01162.png,1,cacat,val,train,11190,11190.png,"[54, 267, 125, 335]",0.6485582284530826,kolektor_deteksi,kolektor_permukaan
C:/Arib/MASSA AYAM/chicken detection + constrative classification/data/crops_kolektor_deteksi/val/cacat/11258_01216.png,1,cacat,val,train,11258,11258.png,"[139, 314, 223, 333]",0.6305254378648875,kolektor_deteksi,kolektor_permukaan
C:/Arib/MASSA AYAM/chicken detection + constrative classification/data/crops_kolektor_deteksi/val/cacat/11258_01217.png,1,cacat,val,train,11258,11258.png,"[120, 315, 215, 334]",0.5508283132530121,kolektor_deteksi,kolektor_permukaan
C:/Arib/MASSA AYAM/chicken detection + constrative classification/data/crops_kolektor_deteksi/val/cacat/11258_01218.png,1,cacat,val,train,11258,11258.png,"[142, 311, 223, 339]",0.7369219105382866,kolektor_deteksi,kolektor_permukaan
C:/Arib/MASSA AYAM/chicken detection + constrative classification/data/crops_kolektor_deteksi/val/cacat/11258_01219.png,1,cacat,val,train,11258,11258.png,"[123, 313, 216, 341]",0.7017301038062284,kolektor_deteksi,kolektor_permukaan
C:/Arib/MASSA AYAM/chicken detection + constrative classification/data/crops_kolektor_deteksi/val/cacat/11350_01326.png,1,cacat,val,train,11350,11350.png,"[9, 363, 90, 395]",0.6857142857142857,kolektor_deteksi,kolektor_permukaan
C:/Arib/MASSA AYAM/chicken detection + constrative classification/data/crops_kolektor_deteksi/val/cacat/11350_01327.png,1,cacat,val,train,11350,11350.png,"[21, 364, 111, 391]",0.6428571428571429,kolektor_deteksi,kolektor_permukaan
C:/Arib/MASSA AYAM/chicken detection + constrative classification/data/crops_kolektor_deteksi/val/cacat/11350_01328.png,1,cacat,val,train,11350,11350.png,"[9, 358, 106, 393]",0.7624662245148612,kolektor_deteksi,kolektor_permukaan
C:/Arib/MASSA AYAM/chicken detection + constrative classification/data/crops_kolektor_deteksi/val/cacat/11350_01329.png,1,cacat,val,train,11350,11350.png,"[31, 364, 126, 389]",0.5368289637952559,kolektor_deteksi,kolektor_permukaan
C:/Arib/MASSA AYAM/chicken detection + constrative classification/data/crops_kolektor_deteksi/val/cacat/11350_01330.png,1,cacat,val,train,11350,11350.png,"[19, 358, 129, 394]",0.7177097203728362,kolektor_deteksi,kolektor_permukaan
C:/Arib/MASSA AYAM/chicken detection + constrative classification/data/crops_kolektor_deteksi/val/cacat/11350_01331.png,1,cacat,val,train,11350,11350.png,"[8, 358, 79, 400]",0.5681818181818182,kolektor_deteksi,kolektor_permukaan
C:/Arib/MASSA AYAM/chicken detection + constrative classification/data/crops_kolektor_deteksi/val/cacat/11350_01332.png,1,cacat,val,train,11350,11350.png,"[0, 352, 112, 407]",0.569060773480663,kolektor_deteksi,kolektor_permukaan
C:/Arib/MASSA AYAM/chicken detection + constrative classification/data/crops_kolektor_deteksi/val/cacat/11363_01349.png,1,cacat,val,train,11363,11363.png,"[0, 564, 20, 596]",0.5229885057471264,kolektor_deteksi,kolektor_permukaan
C:/Arib/MASSA AYAM/chicken detection + constrative classification/data/crops_kolektor_deteksi/val/cacat/11444_01426.png,1,cacat,val,train,11444,11444.png,"[9, 397, 56, 440]",0.7769852591535901,kolektor_deteksi,kolektor_permukaan
C:/Arib/MASSA AYAM/chicken detection + constrative classification/data/crops_kolektor_deteksi/val/cacat/11444_01427.png,1,cacat,val,train,11444,11444.png,"[30, 15, 66, 49]",0.5902165196471532,kolektor_deteksi,kolektor_permukaan
C:/Arib/MASSA AYAM/chicken detection + constrative classification/data/crops_kolektor_deteksi/val/cacat/11444_01428.png,1,cacat,val,train,11444,11444.png,"[20, 201, 48, 246]",0.5873015873015873,kolektor_deteksi,kolektor_permukaan
C:/Arib/MASSA AYAM/chicken detection + constrative classification/data/crops_kolektor_deteksi/val/cacat/11549_01501.png,1,cacat,val,train,11549,11549.png,"[0, 573, 23, 634]",0.5391073795846222,kolektor_deteksi,kolektor_permukaan
C:/Arib/MASSA AYAM/chicken detection + constrative classification/data/crops_kolektor_deteksi/val/cacat/11549_01502.png,1,cacat,val,train,11549,11549.png,"[63, 361, 99, 429]",0.5555555555555556,kolektor_deteksi,kolektor_permukaan
C:/Arib/MASSA AYAM/chicken detection + constrative classification/data/crops_kolektor_deteksi/val/cacat/11549_01503.png,1,cacat,val,train,11549,11549.png,"[0, 571, 25, 634]",0.5260960334029228,kolektor_deteksi,kolektor_permukaan
C:/Arib/MASSA AYAM/chicken detection + constrative classification/data/crops_kolektor_deteksi/val/cacat/11549_01504.png,1,cacat,val,train,11549,11549.png,"[0, 558, 28, 634]",0.5654761904761905,kolektor_deteksi,kolektor_permukaan
C:/Arib/MASSA AYAM/chicken detection + constrative classification/data/crops_kolektor_deteksi/val/cacat/11549_01505.png,1,cacat,val,train,11549,11549.png,"[67, 369, 95, 425]",0.511798839458414,kolektor_deteksi,kolektor_permukaan
C:/Arib/MASSA AYAM/chicken detection + constrative classification/data/crops_kolektor_deteksi/val/cacat/11553_01511.png,1,cacat,val,train,11553,11553.png,"[48, 292, 67, 338]",0.540796963946869,kolektor_deteksi,kolektor_permukaan
C:/Arib/MASSA AYAM/chicken detection + constrative classification/data/crops_kolektor_deteksi/val/cacat/11616_01570.png,1,cacat,val,train,11616,11616.png,"[0, 208, 35, 254]",0.7483296213808464,kolektor_deteksi,kolektor_permukaan
C:/Arib/MASSA AYAM/chicken detection + constrative classification/data/crops_kolektor_deteksi/val/cacat/11616_01571.png,1,cacat,val,train,11616,11616.png,"[0, 198, 36, 250]",0.5837988826815642,kolektor_deteksi,kolektor_permukaan
C:/Arib/MASSA AYAM/chicken detection + constrative classification/data/crops_kolektor_deteksi/val/cacat/11616_01572.png,1,cacat,val,train,11616,11616.png,"[0, 210, 36, 242]",0.5851063829787234,kolektor_deteksi,kolektor_permukaan
C:/Arib/MASSA AYAM/chicken detection + constrative classification/data/crops_kolektor_deteksi/val/cacat/11616_01573.png,1,cacat,val,train,11616,11616.png,"[0, 199, 36, 274]",0.5409836065573771,kolektor_deteksi,kolektor_permukaan
C:/Arib/MASSA AYAM/chicken detection + constrative classification/data/crops_kolektor_deteksi/val/cacat/11658_01611.png,1,cacat,val,train,11658,11658.png,"[205, 331, 223, 344]",0.5294117647058824,kolektor_deteksi,kolektor_permukaan
C:/Arib/MASSA AYAM/chicken detection + constrative classification/data/crops_kolektor_deteksi/val/cacat/11670_01620.png,1,cacat,val,train,11670,11670.png,"[154, 313, 224, 402]",0.6978828273776184,kolektor_deteksi,kolektor_permukaan
C:/Arib/MASSA AYAM/chicken detection + constrative classification/data/crops_kolektor_deteksi/val/cacat/11670_01621.png,1,cacat,val,train,11670,11670.png,"[157, 290, 221, 392]",0.7312647025876554,kolektor_deteksi,kolektor_permukaan
C:/Arib/MASSA AYAM/chicken detection + constrative classification/data/crops_kolektor_deteksi/val/cacat/11670_01622.png,1,cacat,val,train,11670,11670.png,"[150, 292, 227, 408]",0.9021195015443604,kolektor_deteksi,kolektor_permukaan
C:/Arib/MASSA AYAM/chicken detection + constrative classification/data/crops_kolektor_deteksi/val/cacat/11670_01623.png,1,cacat,val,train,11670,11670.png,"[128, 328, 227, 399]",0.5420894945394801,kolektor_deteksi,kolektor_permukaan
C:/Arib/MASSA AYAM/chicken detection + constrative classification/data/crops_kolektor_deteksi/val/cacat/11670_01624.png,1,cacat,val,train,11670,11670.png,"[148, 326, 218, 397]",0.5567379858855158,kolektor_deteksi,kolektor_permukaan
C:/Arib/MASSA AYAM/chicken detection + constrative classification/data/crops_kolektor_deteksi/val/cacat/11670_01625.png,1,cacat,val,train,11670,11670.png,"[146, 282, 227, 384]",0.7749896736885584,kolektor_deteksi,kolektor_permukaan
C:/Arib/MASSA AYAM/chicken detection + constrative classification/data/crops_kolektor_deteksi/val/cacat/11739_01671.png,1,cacat,val,train,11739,11739.png,"[187, 50, 204, 107]",0.6178489702517163,kolektor_deteksi,kolektor_permukaan
C:/Arib/MASSA AYAM/chicken detection + constrative classification/data/crops_kolektor_deteksi/val/cacat/11755_01679.png,1,cacat,val,train,11755,11755.png,"[8, 328, 98, 359]",0.7627240143369176,kolektor_deteksi,kolektor_permukaan
C:/Arib/MASSA AYAM/chicken detection + constrative classification/data/crops_kolektor_deteksi/val/cacat/11755_01680.png,1,cacat,val,train,11755,11755.png,"[12, 329, 82, 362]",0.6880943324457969,kolektor_deteksi,kolektor_permukaan
C:/Arib/MASSA AYAM/chicken detection + constrative classification/data/crops_kolektor_deteksi/val/cacat/11755_01681.png,1,cacat,val,train,11755,11755.png,"[26, 331, 93, 353]",0.6583793738489871,kolektor_deteksi,kolektor_permukaan
C:/Arib/MASSA AYAM/chicken detection + constrative classification/data/crops_kolektor_deteksi/val/cacat/11755_01682.png,1,cacat,val,train,11755,11755.png,"[14, 331, 66, 358]",0.5649091714665485,kolektor_deteksi,kolektor_permukaan
C:/Arib/MASSA AYAM/chicken detection + constrative classification/data/crops_kolektor_deteksi/val/cacat/11755_01683.png,1,cacat,val,train,11755,11755.png,"[22, 326, 96, 355]",0.7727084197428453,kolektor_deteksi,kolektor_permukaan
C:/Arib/MASSA AYAM/chicken detection + constrative classification/data/crops_kolektor_deteksi/val/cacat/11755_01684.png,1,cacat,val,train,11755,11755.png,"[1, 323, 95, 364]",0.5521536066424494,kolektor_deteksi,kolektor_permukaan
C:/Arib/MASSA AYAM/chicken detection + constrative classification/data/crops_kolektor_deteksi/val/cacat/11800_01730.png,1,cacat,val,train,11800,11800.png,"[0, 16, 39, 109]",0.5118989800874211,kolektor_deteksi,kolektor_permukaan
C:/Arib/MASSA AYAM/chicken detection + constrative classification/data/crops_kolektor_deteksi/val/cacat/11800_01731.png,1,cacat,val,train,11800,11800.png,"[0, 30, 33, 125]",0.5488445378151261,kolektor_deteksi,kolektor_permukaan
C:/Arib/MASSA AYAM/chicken detection + constrative classification/data/crops_kolektor_deteksi/val/cacat/11867_01795.png,1,cacat,val,train,11867,11867.png,"[146, 404, 163, 425]",0.5759493670886076,kolektor_deteksi,kolektor_permukaan
C:/Arib/MASSA AYAM/chicken detection + constrative classification/data/crops_kolektor_deteksi/val/cacat/11870_01796.png,1,cacat,val,train,11870,11870.png,"[14, 3, 45, 104]",0.531578947368421,kolektor_deteksi,kolektor_permukaan
C:/Arib/MASSA AYAM/chicken detection + constrative classification/data/crops_kolektor_deteksi/val/cacat/11870_01797.png,1,cacat,val,train,11870,11870.png,"[12, 15, 49, 118]",0.6470288624787776,kolektor_deteksi,kolektor_permukaan
C:/Arib/MASSA AYAM/chicken detection + constrative classification/data/crops_kolektor_deteksi/val/cacat/11870_01798.png,1,cacat,val,train,11870,11870.png,"[12, 0, 49, 97]",0.6093378607809847,kolektor_deteksi,kolektor_permukaan
C:/Arib/MASSA AYAM/chicken detection + constrative classification/data/crops_kolektor_deteksi/val/cacat/11927_01837.png,1,cacat,val,train,11927,11927.png,"[142, 295, 188, 310]",0.6666666666666666,kolektor_deteksi,kolektor_permukaan
C:/Arib/MASSA AYAM/chicken detection + constrative classification/data/crops_kolektor_deteksi/val/cacat/11927_01838.png,1,cacat,val,train,11927,11927.png,"[131, 294, 188, 311]",0.7544378698224852,kolektor_deteksi,kolektor_permukaan
C:/Arib/MASSA AYAM/chicken detection + constrative classification/data/crops_kolektor_deteksi/val/cacat/11956_01851.png,1,cacat,val,train,11956,11956.png,"[85, 295, 106, 305]",0.7,kolektor_deteksi,kolektor_permukaan
C:/Arib/MASSA AYAM/chicken detection + constrative classification/data/crops_kolektor_deteksi/val/cacat/11980_01873.png,1,cacat,val,train,11980,11980.png,"[0, 0, 25, 62]",0.54673721340388,kolektor_deteksi,kolektor_permukaan
C:/Arib/MASSA AYAM/chicken detection + constrative classification/data/crops_kolektor_deteksi/val/cacat/11980_01874.png,1,cacat,val,train,11980,11980.png,"[0, 0, 25, 90]",0.7936507936507936,kolektor_deteksi,kolektor_permukaan
C:/Arib/MASSA AYAM/chicken detection + constrative classification/data/crops_kolektor_deteksi/val/cacat/11980_01875.png,1,cacat,val,train,11980,11980.png,"[0, 20, 25, 114]",0.6944444444444444,kolektor_deteksi,kolektor_permukaan
C:/Arib/MASSA AYAM/chicken detection + constrative classification/data/crops_kolektor_deteksi/val/cacat/12146_02011.png,1,cacat,val,train,12146,12146.png,"[132, 341, 209, 378]",0.5915697674418605,kolektor_deteksi,kolektor_permukaan
C:/Arib/MASSA AYAM/chicken detection + constrative classification/data/crops_kolektor_deteksi/val/cacat/12146_02012.png,1,cacat,val,train,12146,12146.png,"[98, 332, 230, 389]",0.6400850611376927,kolektor_deteksi,kolektor_permukaan
C:/Arib/MASSA AYAM/chicken detection + constrative classification/data/crops_kolektor_deteksi/val/cacat/12315_02162.png,1,cacat,val,train,12315,12315.png,"[98, 122, 170, 222]",0.5926940639269407,kolektor_deteksi,kolektor_permukaan
C:/Arib/MASSA AYAM/chicken detection + constrative classification/data/crops_kolektor_deteksi/val/cacat/12317_02163.png,1,cacat,val,train,12317,12317.png,"[0, 504, 48, 537]",0.7174887892376681,kolektor_deteksi,kolektor_permukaan
