path,label,label_name,split,source_split,base_image,src_file,bbox,conf,origin,domain
utuh/deck_7002-1.jpg,0,utuh,test,deck,deck_7002,D/UD/7002-1.jpg,"[0, 0, 256, 256]",1.0,sdnet_tile,deck
utuh/deck_7002-10.jpg,0,utuh,test,deck,deck_7002,D/UD/7002-10.jpg,"[0, 0, 256, 256]",1.0,sdnet_tile,deck
utuh/deck_7002-11.jpg,0,utuh,test,deck,deck_7002,D/UD/7002-11.jpg,"[0, 0, 256, 256]",1.0,sdnet_tile,deck
utuh/deck_7002-115.jpg,0,utuh,test,deck,deck_7002,D/UD/7002-115.jpg,"[0, 0, 256, 256]",1.0,sdnet_tile,deck
utuh/deck_7002-140.jpg,0,utuh,test,deck,deck_7002,D/UD/7002-140.jpg,"[0, 0, 256, 256]",1.0,sdnet_tile,deck
utuh/deck_7002-155.jpg,0,utuh,test,deck,deck_7002,D/UD/7002-155.jpg,"[0, 0, 256, 256]",1.0,sdnet_tile,deck
utuh/deck_7002-157.jpg,0,utuh,test,deck,deck_7002,D/UD/7002-157.jpg,"[0, 0, 256, 256]",1.0,sdnet_tile,deck
utuh/deck_7002-16.jpg,0,utuh,test,deck,deck_7002,D/UD/7002-16.jpg,"[0, 0, 256, 256]",1.0,sdnet_tile,deck
utuh/deck_7002-161.jpg,0,utuh,test,deck,deck_7002,D/UD/7002-161.jpg,"[0, 0, 256, 256]",1.0,sdnet_tile,deck
utuh/deck_7002-171.jpg,0,utuh,test,deck,deck_7002,D/UD/7002-171.jpg,"[0, 0, 256, 256]",1.0,sdnet_tile,deck
utuh/deck_7002-172.jpg,0,utuh,test,deck,deck_7002,D/UD/7002-172.jpg,"[0, 0, 256, 256]",1.0,sdnet_tile,deck
utuh/deck_7002-199.jpg,0,utuh,test,deck,deck_7002,D/UD/7002-199.jpg,"[0, 0, 256, 256]",1.0,sdnet_tile,deck
utuh/deck_7002-202.jpg,0,utuh,test,deck,deck_7002,D/UD/7002-202.jpg,"[0, 0, 256, 256]",1.0,sdnet_tile,deck
utuh/deck_7002-206.jpg,0,utuh,test,deck,deck_7002,D/UD/7002-206.jpg,"[0, 0, 256, 256]",1.0,sdnet_tile,deck
utuh/deck_7002-209.jpg,0,utuh,test,deck,deck_7002,D/UD/7002-209.jpg,"[0, 0, 256, 256]",1.0,sdnet_tile,deck
utuh/deck_7002-211.jpg,0,utuh,test,deck,deck_7002,D/UD/7002-211.jpg,"[0, 0, 256, 256]",1.0,sdnet_tile,deck
utuh/deck_7002-214.jpg,0,utuh,test,deck,deck_7002,D/UD/7002-214.jpg,"[0, 0, 256, 256]",1.0,sdnet_tile,deck
utuh/deck_7002-230.jpg,0,utuh,test,deck,deck_7002,D/UD/7002-230.jpg,"[0, 0, 256, 256]",1.0,sdnet_tile,deck
utuh/deck_7002-238.jpg,0,utuh,test,deck,deck_7002,D/UD/7002-238.jpg,"[0, 0, 256, 256]",1.0,sdnet_tile,deck
utuh/deck_7002-26.jpg,0,utuh,test,deck,deck_7002,D/UD/7002-26.jpg,"[0, 0, 256, 256]",1.0,sdnet_tile,deck
utuh/deck_7002-31.jpg,0,utuh,test,deck,deck_7002,D/UD/7002-31.jpg,"[0, 0, 256, 256]",1.0,sdnet_tile,deck
utuh/deck_7002-36.jpg,0,utuh,test,deck,deck_7002,D/UD/7002-36.jpg,"[0, 0, 256, 256]",1.0,sdnet_tile,deck
utuh/deck_7002-38.jpg,0,utuh,test,deck,deck_7002,D/UD/7002-38.jpg,"[0, 0, 256, 256]",1.0,sdnet_tile,deck
utuh/deck_7002-42.jpg,0,utuh,test,deck,deck_7002,D/UD/7002-42.jpg,"[0, 0, 256, 256]",1.0,sdnet_tile,deck
utuh/deck_7002-44.jpg,0,utuh,test,deck,deck_7002,D/UD/7002-44.jpg,"[0, 0, 256, 256]",1.0,sdnet_tile,deck
utuh/deck_7002-51.jpg,0,utuh,test,deck,deck_7002,D/UD/7002-51.jpg,"[0, 0, 256, 256]",1.0,sdnet_tile,deck
utuh/deck_7002-53.jpg,0,utuh,test,deck,deck_7002,D/UD/7002-53.jpg,"[0, 0, 256, 256]",1.0,sdnet_tile,deck
utuh/deck_7002-69.jpg,0,utuh,test,deck,deck_7002,D/UD/7002-69.jpg,"[0, 0, 256, 256]",1.0,sdnet_tile,deck
utuh/deck_7003-102.jpg,0,utuh,test,deck,deck_7003,D/UD/7003-102.jpg,"[0, 0, 256, 256]",1.0,sdnet_tile,deck
utuh/deck_7003-104.jpg,0,utuh,test,deck,deck_7003,D/UD/7003-104.jpg,"[0, 0, 256, 256]",1.0,sdnet_tile,deck
utuh/deck_7003-109.jpg,0,utuh,test,deck,deck_7003,D/UD/7003-109.jpg,"[0, 0, 256, 256]",1.0,sdnet_tile,deck
utuh/deck_7003-113.jpg,0,utuh,test,deck,deck_7003,D/UD/7003-113.jpg,"[0, 0, 256, 256]",1.0,sdnet_tile,deck
utuh/deck_7003-115.jpg,0,utuh,test,deck,deck_7003,D/UD/7003-115.jpg,"[0, 0, 256, 256]",1.0,sdnet_tile,deck
utuh/deck_7003-118.jpg,0,utuh,test,deck,deck_7003,D/UD/7003-118.jpg,"[0, 0, 256, 256]",1.0,sdnet_tile,deck
utuh/deck_7003-142.jpg,0,utuh,test,deck,deck_7003,D/UD/7003-142.jpg,"[0, 0, 256, 256]",1.0,sdnet_tile,deck
utuh/deck_7003-144.jpg,0,utuh,test,deck,deck_7003,D/UD/7003-144.jpg,"[0, 0, 256, 256]",1.0,sdnet_tile,deck
utuh/deck_7003-147.jpg,0,utuh,test,deck,deck_7003,D/UD/7003-147.jpg,"[0, 0, 256, 256]",1.0,sdnet_tile,deck
utuh/deck_7003-150.jpg,0,utuh,test,deck,deck_7003,D/UD/7003-150.jpg,"[0, 0, 256, 256]",1.0,sdnet_tile,deck
utuh/deck_7003-151.jpg,0,utuh,test,deck,deck_7003,D/UD/7003-151.jpg,"[0, 0, 256, 256]",1.0,sdnet_tile,deck
utuh/deck_7003-177.jpg,0,utuh,test,deck,deck_7003,D/UD/7003-177.jpg,"[0, 0, 256, 256]",1.0,sdnet_tile,deck
utuh/deck_7003-187.jpg,0,utuh,test,deck,deck_7003,D/UD/7003-187.jpg,"[0, 0, 256, 256]",1.0,sdnet_tile,deck
utuh/deck_7003-190.jpg,0,utuh,test,deck,deck_7003,D/UD/7003-190.jpg,"[0, 0, 256, 256]",1.0,sdnet_tile,deck
utuh/deck_7003-198.jpg,0,utuh,test,deck,deck_7003,D/UD/7003-198.jpg,"[0, 0, 256, 256]",1.0,sdnet_tile,deck
utuh/deck_7003-207.jpg,0,utuh,test,deck,deck_7003,D/UD/7003-207.jpg,"[0, 0, 256, 256]",1.0,sdnet_tile,deck
utuh/deck_7003-208.jpg,0,utuh,test,deck,deck_7003,D/UD/7003-208.jpg,"[0, 0, 256, 256]",1.0,sdnet_tile,deck
utuh/deck_7003-223.jpg,0,utuh,test,deck,deck_7003,D/UD/7003-223.jpg,"[0, 0, 256, 256]",1.0,sdnet_tile,deck
utuh/deck_7003-224.jpg,0,utuh,test,deck,deck_7003,D/UD/7003-224.jpg,"[0, 0, 256, 256]",1.0,sdnet_tile,deck
utuh/deck_7003-23.jpg,0,utuh,test,deck,deck_7003,D/UD/7003-23.jpg,"[0, 0, 256, 256]",1.0,sdnet_tile,deck
utuh/deck_7003-247.jpg,0,utuh,test,deck,deck_7003,D/UD/7003-247.jpg,"[0, 0, 256, 256]",1.0,sdnet_tile,deck
utuh/deck_7003-25.jpg,0,utuh,test,deck,deck_7003,D/UD/7003-25.jpg,"[0, 0, 256, 256]",1.0,sdnet_tile,deck
utuh/deck_7003-30.jpg,0,utuh,test,deck,deck_7003,D/UD/7003-30.jpg,"[0, 0, 256, 256]",1.0,sdnet_tile,deck
utuh/deck_7003-53.jpg,0,utuh,test,deck,deck_7003,D/UD/7003-53.jpg,"[0, 0, 256, 256]",1.0,sdnet_tile,deck
utuh/deck_7003-81.jpg,0,utuh,test,deck,deck_7003,D/UD/7003-81.jpg,"[0, 0, 256, 256]",1.0,sdnet_tile,deck
utuh/deck_7003-83.jpg,0,utuh,test,deck,deck_7003,D/UD/7003-83.jpg,"[0, 0, 256, 256]",1.0,sdnet_tile,deck
utuh/deck_7003-85.jpg,0,utuh,test,deck,deck_7003,D/UD/7003-85.jpg,"[0, 0, 256, 256]",1.0,sdnet_tile,deck
utuh/deck_7003-95.jpg,0,utuh,test,deck,deck_7003,D/UD/7003-95.jpg,"[0, 0, 256, 256]",1.0,sdnet_tile,deck
utuh/deck_7005-108.jpg,0,utuh,test,deck,deck_7005,D/UD/7005-108.jpg,"[0, 0, 256, 256]",1.0,sdnet_tile,deck
utuh/deck_7005-113.jpg,0,utuh,test,deck,deck_7005,D/UD/7005-113.jpg,"[0, 0, 256, 256]",1.0,sdnet_tile,deck
utuh/deck_7005-116.jpg,0,utuh,test,deck,deck_7005,D/UD/7005-116.jpg,"[0, 0, 256, 256]",1.0,sdnet_tile,deck
utuh/deck_7005-126.jpg,0,utuh,test,deck,deck_7005,D/UD/7005-126.jpg,"[0, 0, 256, 256]",1.0,sdnet_tile,deck
utuh/deck_7005-133.jpg,0,utuh,test,deck,deck_7005,D/UD/7005-133.jpg,"[0, 0, 256, 256]",1.0,sdnet_tile,deck
utuh/deck_7005-136.jpg,0,utuh,test,deck,deck_7005,D/UD/7005-136.jpg,"[0, 0, 256, 256]",1.0,sdnet_tile,deck
utuh/deck_7005-145.jpg,0,utuh,test,deck,deck_7005,D/UD/7005-145.jpg,"[0, 0, 256, 256]",1.0,sdnet_tile,deck
utuh/deck_7005-161.jpg,0,utuh,test,deck,deck_7005,D/UD/7005-161.jpg,"[0, 0, 256, 256]",1.0,sdnet_tile,deck
utuh/deck_7005-178.jpg,0,utuh,test,deck,deck_7005,D/UD/7005-178.jpg,"[0, 0, 256, 256]",1.0,sdnet_tile,deck
utuh/deck_7005-190.jpg,0,utuh,test,deck,deck_7005,D/UD/7005-190.jpg,"[0, 0, 256, 256]",1.0,sdnet_tile,deck
utuh/deck_7005-194.jpg,0,utuh,test,deck,deck_7005,D/UD/7005-194.jpg,"[0, 0, 256, 256]",1.0,sdnet_tile,deck
utuh/deck_7005-196.jpg,0,utuh,test,deck,deck_7005,D/UD/7005-196.jpg,"[0, 0, 256, 256]",1.0,sdnet_tile,deck
utuh/deck_7005-2.jpg,0,utuh,test,deck,deck_7005,D/UD/7005-2.jpg,"[0, 0, 256, 256]",1.0,sdnet_tile,deck
utuh/deck_7005-21.jpg,0,utuh,test,deck,deck_7005,D/UD/7005-21.jpg,"[0, 0, 256, 256]",1.0,sdnet_tile,deck
utuh/deck_7005-214.jpg,0,utuh,test,deck,deck_7005,D/UD/7005-214.jpg,"[0, 0, 256, 256]",1.0,sdnet_tile,deck
utuh/deck_7005-216.jpg,0,utuh,test,deck,deck_7005,D/UD/7005-216.jpg,"[0, 0, 256, 256]",1.0,sdnet_tile,deck
utuh/deck_7005-220.jpg,0,utuh,test,deck,deck_7005,D/UD/7005-220.jpg,"[0, 0, 256, 256]",1.0,sdnet_tile,deck
utuh/deck_7005-223.jpg,0,utuh,test,deck,deck_7005,D/UD/7005-223.jpg,"[0, 0, 256, 256]",1.0,sdnet_tile,deck
utuh/deck_7005-226.jpg,0,utuh,test,deck,deck_7005,D/UD/7005-226.jpg,"[0, 0, 256, 256]",1.0,sdnet_tile,deck
utuh/deck_7005-23.jpg,0,utuh,test,deck,deck_7005,D/UD/7005-23.jpg,"[0, 0, 256, 256]",1.0,sdnet_tile,deck
utuh/deck_7005-232.jpg,0,utuh,test,deck,deck_7005,D/UD/7005-232.jpg,"[0, 0, 256, 256]",1.0,sdnet_tile,deck
utuh/deck_7005-29.jpg,0,utuh,test,deck,deck_7005,D/UD/7005-29.jpg,"[0, 0, 256, 256]",1.0,sdnet_tile,deck
utuh/deck_7005-38.jpg,0,utuh,test,deck,deck_7005,D/UD/7005-38.jpg,"[0, 0, 256, 256]",1.0,sdnet_tile,deck
utuh/deck_7005-43.jpg,0,utuh,test,deck,deck_7005,D/UD/7005-43.jpg,"[0, 0, 256, 256]",1.0,sdnet_tile,deck
utuh/deck_7005-47.jpg,0,utuh,test,deck,deck_7005,D/UD/7005-47.jpg,"[0, 0, 256, 256]",1.0,sdnet_tile,deck
utuh/deck_7005-58.jpg,0,utuh,test,deck,deck_7005,D/UD/7005-58.jpg,"[0, 0, 256, 256]",1.0,sdnet_tile,deck
utuh/deck_7005-85.jpg,0,utuh,test,deck,deck_7005,D/UD/7005-85.jpg,"[0, 0, 256, 256]",1.0,sdnet_tile,deck
utuh/deck_7005-97.jpg,0,utuh,test,deck,deck_7005,D/UD/7005-97.jpg,"[0, 0, 256, 256]",1.0,sdnet_tile,deck
utuh/deck_7007-102.jpg,0,utuh,test,deck,deck_7007,D/UD/7007-102.jpg,"[0, 0, 256, 256]",1.0,sdnet_tile,deck
utuh/deck_7007-115.jpg,0,utuh,test,deck,deck_7007,D/UD/7007-115.jpg,"[0, 0, 256, 256]",1.0,sdnet_tile,deck
utuh/deck_7007-120.jpg,0,utuh,test,deck,deck_7007,D/UD/7007-120.jpg,"[0, 0, 256, 256]",1.0,sdnet_tile,deck
utuh/deck_7007-125.jpg,0,utuh,test,deck,deck_7007,D/UD/7007-125.jpg,"[0, 0, 256, 256]",1.0,sdnet_tile,deck
utuh/deck_7007-126.jpg,0,utuh,test,deck,deck_7007,D/UD/7007-126.jpg,"[0, 0, 256, 256]",1.0,sdnet_tile,deck
utuh/deck_7007-134.jpg,0,utuh,test,deck,deck_7007,D/UD/7007-134.jpg,"[0, 0, 256, 256]",1.0,sdnet_tile,deck
utuh/deck_7007-135.jpg,0,utuh,test,deck,deck_7007,D/UD/7007-135.jpg,"[0, 0, 256, 256]",1.0,sdnet_tile,deck
utuh/deck_7007-14.jpg,0,utuh,test,deck,deck_7007,D/UD/7007-14.jpg,"[0, 0, 256, 256]",1.0,sdnet_tile,deck
utuh/deck_7007-140.jpg,0,utuh,test,deck,deck_7007,D/UD/7007-140.jpg,"[0, 0, 256, 256]",1.0,sdnet_tile,deck
utuh/deck_7007-151.jpg,0,utuh,test,deck,deck_7007,D/UD/7007-151.jpg,"[0, 0, 256, 256]",1.0,sdnet_tile,deck
utuh/deck_7007-167.jpg,0,utuh,test,deck,deck_7007,D/UD/7007-167.jpg,"[0, 0, 256, 256]",1.0,sdnet_tile,deck
utuh/deck_7007-17.jpg,0,utuh,test,deck,deck_7007,D/UD/7007-17.jpg,"[0, 0, 256, 256]",1.0,sdnet_tile,deck
utuh/deck_7007-182.jpg,0,utuh,test,deck,deck_7007,D/UD/7007-182.jpg,"[0, 0, 256, 256]",1.0,sdnet_tile,deck
utuh/deck_7007-195.jpg,0,utuh,test,deck,deck_7007,D/UD/7007-195.jpg,"[0, 0, 256, 256]",1.0,sdnet_tile,deck
utuh/deck_7007-198.jpg,0,utuh,test,deck,deck_7007,D/UD/7007-198.jpg,"[0, 0, 256, 256]",1.0,sdnet_tile,deck
utuh/deck_7007-209.jpg,0,utuh,test,deck,deck_7007,D/UD/7007-209.jpg,"[0, 0, 256, 256]",1.0,sdnet_tile,deck
utuh/deck_7007-21.jpg,0,utuh,test,deck,deck_7007,D/UD/7007-21.jpg,"[0, 0, 256, 256]",1.0,sdnet_tile,deck
utuh/deck_7007-226.jpg,0,utuh,test,deck,deck_7007,D/UD/7007-226.jpg,"[0, 0, 256, 256]",1.0,sdnet_tile,deck
utuh/deck_7007-238.jpg,0,utuh,test,deck,deck_7007,D/UD/7007-238.jpg,"[0, 0, 256, 256]",1.0,sdnet_tile,deck
utuh/deck_7007-246.jpg,0,utuh,test,deck,deck_7007,D/UD/7007-246.jpg,"[0, 0, 256, 256]",1.0,sdnet_tile,deck
utuh/deck_7007-25.jpg,0,utuh,test,deck,deck_7007,D/UD/7007-25.jpg,"[0, 0, 256, 256]",1.0,sdnet_tile,deck
utuh/deck_7007-35.jpg,0,utuh,test,deck,deck_7007,D/UD/7007-35.jpg,"[0, 0, 256, 256]",1.0,sdnet_tile,deck
utuh/deck_7007-39.jpg,0,utuh,test,deck,deck_7007,D/UD/7007-39.jpg,"[0, 0, 256, 256]",1.0,sdnet_tile,deck
utuh/deck_7007-50.jpg,0,utuh,test,deck,deck_7007,D/UD/7007-50.jpg,"[0, 0, 256, 256]",1.0,sdnet_tile,deck
utuh/deck_7007-61.jpg,0,utuh,test,deck,deck_7007,D/UD/7007-61.jpg,"[0, 0, 256, 256]",1.0,sdnet_tile,deck
utuh/deck_7007-8.jpg,0,utuh,test,deck,deck_7007,D/UD/7007-8.jpg,"[0, 0, 256, 256]",1.0,sdnet_tile,deck
utuh/deck_7007-84.jpg,0,utuh,test,deck,deck_7007,D/UD/7007-84.jpg,"[0, 0, 256, 256]",1.0,sdnet_tile,deck
utuh/deck_7007-93.jpg,0,utuh,test,deck,deck_7007,D/UD/7007-93.jpg,"[0, 0, 256, 256]",1.0,sdnet_tile,deck
utuh/deck_7011-101.jpg,0,utuh,test,deck,deck_7011,D/UD/7011-101.jpg,"[0, 0, 256, 256]",1.0,sdnet_tile,deck
utuh/deck_7011-113.jpg,0,utuh,test,deck,deck_7011,D/UD/7011-113.jpg,"[0, 0, 256, 256]",1.0,sdnet_tile,deck
utuh/deck_7011-135.jpg,0,utuh,test,deck,deck_7011,D/UD/7011-135.jpg,"[0, 0, 256, 256]",1.0,sdnet_tile,deck
utuh/deck_7011-15.jpg,0,utuh,test,deck,deck_7011,D/UD/7011-15.jpg,"[0, 0, 256, 256]",1.0,sdnet_tile,deck
utuh/deck_7011-151.jpg,0,utuh,test,deck,deck_7011,D/UD/7011-151.jpg,"[0, 0, 256, 256]",1.0,sdnet_tile,deck
utuh/deck_7011-164.jpg,0,utuh,test,deck,deck_7011,D/UD/7011-164.jpg,"[0, 0, 256, 256]",1.0,sdnet_tile,deck
utuh/deck_7011-170.jpg,0,utuh,test,deck,deck_7011,D/UD/7011-170.jpg,"[0, 0, 256, 256]",1.0,sdnet_tile,deck
utuh/deck_7011-197.jpg,0,utuh,test,deck,deck_7011,D/UD/7011-197.jpg,"[0, 0, 256, 256]",1.0,sdnet_tile,deck
utuh/deck_7011-2.jpg,0,utuh,test,deck,deck_7011,D/UD/7011-2.jpg,"[0, 0, 256, 256]",1.0,sdnet_tile,deck
utuh/deck_7011-201.jpg,0,utuh,test,deck,deck_7011,D/UD/7011-201.jpg,"[0, 0, 256, 256]",1.0,sdnet_tile,deck
utuh/deck_7011-215.jpg,0,utuh,test,deck,deck_7011,D/UD/7011-215.jpg,"[0, 0, 256, 256]",1.0,sdnet_tile,deck
utuh/deck_7011-23.jpg,0,utuh,test,deck,deck_7011,D/UD/7011-23.jpg,"[0, 0, 256, 256]",1.0,sdnet_tile,deck
utuh/deck_7011-234.jpg,0,utuh,test,deck,deck_7011,D/UD/7011-234.jpg,"[0, 0, 256, 256]",1.0,sdnet_tile,deck
utuh/deck_7011-238.jpg,0,utuh,test,deck,deck_7011,D/UD/7011-238.jpg,"[0, 0, 256, 256]",1.0,sdnet_tile,deck
utuh/deck_7011-248.jpg,0,utuh,test,deck,deck_7011,D/UD/7011-248.jpg,"[0, 0, 256, 256]",1.0,sdnet_tile,deck
utuh/deck_7011-27.jpg,0,utuh,test,deck,deck_7011,D/UD/7011-27.jpg,"[0, 0, 256, 256]",1.0,sdnet_tile,deck
utuh/deck_7011-31.jpg,0,utuh,test,deck,deck_7011,D/UD/7011-31.jpg,"[0, 0, 256, 256]",1.0,sdnet_tile,deck
utuh/deck_7011-32.jpg,0,utuh,test,deck,deck_7011,D/UD/7011-32.jpg,"[0, 0, 256, 256]",1.0,sdnet_tile,deck
utuh/deck_7011-41.jpg,0,utuh,test,deck,deck_7011,D/UD/7011-41.jpg,"[0, 0, 256, 256]",1.0,sdnet_tile,deck
utuh/deck_7011-5.jpg,0,utuh,test,deck,deck_7011,D/UD/7011-5.jpg,"[0, 0, 256, 256]",1.0,sdnet_tile,deck
utuh/deck_7011-56.jpg,0,utuh,test,deck,deck_7011,D/UD/7011-56.jpg,"[0, 0, 256, 256]",1.0,sdnet_tile,deck
utuh/deck_7011-57.jpg,0,utuh,test,deck,deck_7011,D/UD/7011-57.jpg,"[0, 0, 256, 256]",1.0,sdnet_tile,deck
utuh/deck_7011-58.jpg,0,utuh,test,deck,deck_7011,D/UD/7011-58.jpg,"[0, 0, 256, 256]",1.0,sdnet_tile,deck
utuh/deck_7011-65.jpg,0,utuh,test,deck,deck_7011,D/UD/7011-65.jpg,"[0, 0, 256, 256]",1.0,sdnet_tile,deck
utuh/deck_7011-68.jpg,0,utuh,test,deck,deck_7011,D/UD/7011-68.jpg,"[0, 0, 256, 256]",1.0,sdnet_tile,deck
utuh/deck_7011-77.jpg,0,utuh,test,deck,deck_7011,D/UD/7011-77.jpg,"[0, 0, 256, 256]",1.0,sdnet_tile,deck
utuh/deck_7011-87.jpg,0,utuh,test,deck,deck_7011,D/UD/7011-87.jpg,"[0, 0, 256, 256]",1.0,sdnet_tile,deck
utuh/deck_7011-93.jpg,0,utuh,test,deck,deck_7011,D/UD/7011-93.jpg,"[0, 0, 256, 256]",1.0,sdnet_tile,deck
utuh/deck_7015-106.jpg,0,utuh,test,deck,deck_7015,D/UD/7015-106.jpg,"[0, 0, 256, 256]",1.0,sdnet_tile,deck
utuh/deck_7015-115.jpg,0,utuh,test,deck,deck_7015,D/UD/7015-115.jpg,"[0, 0, 256, 256]",1.0,sdnet_tile,deck
utuh/deck_7015-119.jpg,0,utuh,test,deck,deck_7015,D/UD/7015-119.jpg,"[0, 0, 256, 256]",1.0,sdnet_tile,deck
utuh/deck_7015-130.jpg,0,utuh,test,deck,deck_7015,D/UD/7015-130.jpg,"[0, 0, 256, 256]",1.0,sdnet_tile,deck
utuh/deck_7015-135.jpg,0,utuh,test,deck,deck_7015,D/UD/7015-135.jpg,"[0, 0, 256, 256]",1.0,sdnet_tile,deck
utuh/deck_7015-160.jpg,0,utuh,test,deck,deck_7015,D/UD/7015-160.jpg,"[0, 0, 256, 256]",1.0,sdnet_tile,deck
utuh/deck_7015-161.jpg,0,utuh,test,deck,deck_7015,D/UD/7015-161.jpg,"[0, 0, 256, 256]",1.0,sdnet_tile,deck
utuh/deck_7015-168.jpg,0,utuh,test,deck,deck_7015,D/UD/7015-168.jpg,"[0, 0, 256, 256]",1.0,sdnet_tile,deck
utuh/deck_7015-170.jpg,0,utuh,test,deck,deck_7015,D/UD/7015-170.jpg,"[0, 0, 256, 256]",1.0,sdnet_tile,deck
utuh/deck_7015-177.jpg,0,utuh,test,deck,deck_7015,D/UD/7015-177.jpg,"[0, 0, 256, 256]",1.0,sdnet_tile,deck
utuh/deck_7015-179.jpg,0,utuh,test,deck,deck_7015,D/UD/7015-179.jpg,"[0, 0, 256, 256]",1.0,sdnet_tile,deck
utuh/deck_7015-183.jpg,0,utuh,test,deck,deck_7015,D/UD/7015-183.jpg,"[0, 0, 256, 256]",1.0,sdnet_tile,deck
utuh/deck_7015-204.jpg,0,utuh,test,deck,deck_7015,D/UD/7015-204.jpg,"[0, 0, 256, 256]",1.0,sdnet_tile,deck
utuh/deck_7015-214.jpg,0,utuh,test,deck,deck_7015,D/UD/7015-214.jpg,"[0, 0, 256, 256]",1.0,sdnet_tile,deck
utuh/deck_7015-215.jpg,0,utuh,test,deck,deck_7015,D/UD/7015-215.jpg,"[0, 0, 256, 256]",1.0,sdnet_tile,deck
utuh/deck_7015-216.jpg,0,utuh,test,deck,deck_7015,D/UD/7015-216.jpg,"[0, 0, 256, 256]",1.0,sdnet_tile,deck
utuh/deck_7015-223.jpg,0,utuh,test,deck,deck_7015,D/UD/7015-223.jpg,"[0, 0, 256, 256]",1.0,sdnet_tile,deck
utuh/deck_7015-25.jpg,0,utuh,test,deck,deck_7015,D/UD/7015-25.jpg,"[0, 0, 256, 256]",1.0,sdnet_tile,deck
utuh/deck_7015-251.jpg,0,utuh,test,deck,deck_7015,D/UD/7015-251.jpg,"[0, 0, 256, 256]",1.0,sdnet_tile,deck
utuh/deck_7015-36.jpg,0,utuh,test,deck,deck_7015,D/UD/7015-36.jpg,"[0, 0, 256, 256]",1.0,sdnet_tile,deck
utuh/deck_7015-37.jpg,0,utuh,test,deck,deck_7015,D/UD/7015-37.jpg,"[0, 0, 256, 256]",1.0,sdnet_tile,deck
utuh/deck_7015-39.jpg,0,utuh,test,deck,deck_7015,D/UD/7015-39.jpg,"[0, 0, 256, 256]",1.0,sdnet_tile,deck
utuh/deck_7015-53.jpg,0,utuh,test,deck,deck_7015,D/UD/7015-53.jpg,"[0, 0, 256, 256]",1.0,sdnet_tile,deck
utuh/deck_7015-57.jpg,0,utuh,test,deck,deck_7015,D/UD/7015-57.jpg,"[0, 0, 256, 256]",1.0,sdnet_tile,deck
utuh/deck_7015-69.jpg,0,utuh,test,deck,deck_7015,D/UD/7015-69.jpg,"[0, 0, 256, 256]",1.0,sdnet_tile,deck
utuh/deck_7015-73.jpg,0,utuh,test,deck,deck_7015,D/UD/7015-73.jpg,"[0, 0, 256, 256]",1.0,sdnet_tile,deck
utuh/deck_7015-84.jpg,0,utuh,test,deck,deck_7015,D/UD/7015-84.jpg,"[0, 0, 256, 256]",1.0,sdnet_tile,deck
utuh/deck_7015-92.jpg,0,utuh,test,deck,deck_7015,D/UD/7015-92.jpg,"[0, 0, 256, 256]",1.0,sdnet_tile,deck
utuh/deck_7032-1.jpg,0,utuh,test,deck,deck_7032,D/UD/7032-1.jpg,"[0, 0, 256, 256]",1.0,sdnet_tile,deck
utuh/deck_7032-110.jpg,0,utuh,test,deck,deck_7032,D/UD/7032-110.jpg,"[0, 0, 256, 256]",1.0,sdnet_tile,deck
utuh/deck_7032-119.jpg,0,utuh,test,deck,deck_7032,D/UD/7032-119.jpg,"[0, 0, 256, 256]",1.0,sdnet_tile,deck
utuh/deck_7032-124.jpg,0,utuh,test,deck,deck_7032,D/UD/7032-124.jpg,"[0, 0, 256, 256]",1.0,sdnet_tile,deck
utuh/deck_7032-129.jpg,0,utuh,test,deck,deck_7032,D/UD/7032-129.jpg,"[0, 0, 256, 256]",1.0,sdnet_tile,deck
utuh/deck_7032-133.jpg,0,utuh,test,deck,deck_7032,D/UD/7032-133.jpg,"[0, 0, 256, 256]",1.0,sdnet_tile,deck
utuh/deck_7032-14.jpg,0,utuh,test,deck,deck_7032,D/UD/7032-14.jpg,"[0, 0, 256, 256]",1.0,sdnet_tile,deck
utuh/deck_7032-142.jpg,0,utuh,test,deck,deck_7032,D/UD/7032-142.jpg,"[0, 0, 256, 256]",1.0,sdnet_tile,deck
utuh/deck_7032-143.jpg,0,utuh,test,deck,deck_7032,D/UD/7032-143.jpg,"[0, 0, 256, 256]",1.0,sdnet_tile,deck
utuh/deck_7032-144.jpg,0,utuh,test,deck,deck_7032,D/UD/7032-144.jpg,"[0, 0, 256, 256]",1.0,sdnet_tile,deck
utuh/deck_7032-150.jpg,0,utuh,test,deck,deck_7032,D/UD/7032-150.jpg,"[0, 0, 256, 256]",1.0,sdnet_tile,deck
utuh/deck_7032-164.jpg,0,utuh,test,deck,deck_7032,D/UD/7032-164.jpg,"[0, 0, 256, 256]",1.0,sdnet_tile,deck
utuh/deck_7032-167.jpg,0,utuh,test,deck,deck_7032,D/UD/7032-167.jpg,"[0, 0, 256, 256]",1.0,sdnet_tile,deck
utuh/deck_7032-189.jpg,0,utuh,test,deck,deck_7032,D/UD/7032-189.jpg,"[0, 0, 256, 256]",1.0,sdnet_tile,deck
utuh/deck_7032-203.jpg,0,utuh,test,deck,deck_7032,D/UD/7032-203.jpg,"[0, 0, 256, 256]",1.0,sdnet_tile,deck
utuh/deck_7032-207.jpg,0,utuh,test,deck,deck_7032,D/UD/7032-207.jpg,"[0, 0, 256, 256]",1.0,sdnet_tile,deck
utuh/deck_7032-219.jpg,0,utuh,test,deck,deck_7032,D/UD/7032-219.jpg,"[0, 0, 256, 256]",1.0,sdnet_tile,deck
utuh/deck_7032-244.jpg,0,utuh,test,deck,deck_7032,D/UD/7032-244.jpg,"[0, 0, 256, 256]",1.0,sdnet_tile,deck
utuh/deck_7032-39.jpg,0,utuh,test,deck,deck_7032,D/UD/7032-39.jpg,"[0, 0, 256, 256]",1.0,sdnet_tile,deck
utuh/deck_7032-4.jpg,0,utuh,test,deck,deck_7032,D/UD/7032-4.jpg,"[0, 0, 256, 256]",1.0,sdnet_tile,deck
utuh/deck_7032-42.jpg,0,utuh,test,deck,deck_7032,D/UD/7032-42.jpg,"[0, 0, 256, 256]",1.0,sdnet_tile,deck
utuh/deck_7032-44.jpg,0,utuh,test,deck,deck_7032,D/UD/7032-44.jpg,"[0, 0, 256, 256]",1.0,sdnet_tile,deck
utuh/deck_7032-48.jpg,0,utuh,test,deck,deck_7032,D/UD/7032-48.jpg,"[0, 0, 256, 256]",1.0,sdnet_tile,deck
utuh/deck_7032-56.jpg,0,utuh,test,deck,deck_7032,D/UD/7032-56.jpg,"[0, 0, 256, 256]",1.0,sdnet_tile,deck
utuh/deck_7032-65.jpg,0,utuh,test,deck,deck_7032,D/UD/7032-65.jpg,"[0, 0, 256, 256]",1.0,sdnet_tile,deck
utuh/deck_7032-75.jpg,0,utuh,test,deck,deck_7032,D/UD/7032-75.jpg,"[0, 0, 256, 256]",1.0,sdnet_tile,deck
utuh/deck_7032-78.jpg,0,utuh,test,deck,deck_7032,D/UD/7032-78.jpg,"[0, 0, 256, 256]",1.0,sdnet_tile,deck
utuh/deck_7032-9.jpg,0,utuh,test,deck,deck_7032,D/UD/7032-9.jpg,"[0, 0, 256, 256]",1.0,sdnet_tile,deck
utuh/deck_7044-106.jpg,0,utuh,test,deck,deck_7044,D/UD/7044-106.jpg,"[0, 0, 256, 256]",1.0,sdnet_tile,deck
utuh/deck_7044-107.jpg,0,utuh,test,deck,deck_7044,D/UD/7044-107.jpg,"[0, 0, 256, 256]",1.0,sdnet_tile,deck
utuh/deck_7044-116.jpg,0,utuh,test,deck,deck_7044,D/UD/7044-116.jpg,"[0, 0, 256, 256]",1.0,sdnet_tile,deck
utuh/deck_7044-119.jpg,0,utuh,test,deck,deck_7044,D/UD/7044-119.jpg,"[0, 0, 256, 256]",1.0,sdnet_tile,deck
utuh/deck_7044-123.jpg,0,utuh,test,deck,deck_7044,D/UD/7044-123.jpg,"[0, 0, 256, 256]",1.0,sdnet_tile,deck
utuh/deck_7044-130.jpg,0,utuh,test,deck,deck_7044,D/UD/7044-130.jpg,"[0, 0, 256, 256]",1.0,sdnet_tile,deck
utuh/deck_7044-154.jpg,0,utuh,test,deck,deck_7044,D/UD/7044-154.jpg,"[0, 0, 256, 256]",1.0,sdnet_tile,deck
utuh/deck_7044-160.jpg,0,utuh,test,deck,deck_7044,D/UD/7044-160.jpg,"[0, 0, 256, 256]",1.0,sdnet_tile,deck
utuh/deck_7044-162.jpg,0,utuh,test,deck,deck_7044,D/UD/7044-162.jpg,"[0, 0, 256, 256]",1.0,sdnet_tile,deck
utuh/deck_7044-167.jpg,0,utuh,test,deck,deck_7044,D/UD/7044-167.jpg,"[0, 0, 256, 256]",1.0,sdnet_tile,deck
utuh/deck_7044-169.jpg,0,utuh,test,deck,deck_7044,D/UD/7044-169.jpg,"[0, 0, 256, 256]",1.0,sdnet_tile,deck
utuh/deck_7044-183.jpg,0,utuh,test,deck,deck_7044,D/UD/7044-183.jpg,"[0, 0, 256, 256]",1.0,sdnet_tile,deck
utuh/deck_7044-204.jpg,0,utuh,test,deck,deck_7044,D/UD/7044-204.jpg,"[0, 0, 256, 256]",1.0,sdnet_tile,deck
utuh/deck_7044-207.jpg,0,utuh,test,deck,deck_7044,D/UD/7044-207.jpg,"[0, 0, 256, 256]",1.0,sdnet_tile,deck
utuh/deck_7044-208.jpg,0,utuh,test,deck,deck_7044,D/UD/7044-208.jpg,"[0, 0, 256, 256]",1.0,sdnet_tile,deck
utuh/deck_7044-218.jpg,0,utuh,test,deck,deck_7044,D/UD/7044-218.jpg,"[0, 0, 256, 256]",1.0,sdnet_tile,deck
utuh/deck_7044-225.jpg,0,utuh,test,deck,deck_7044,D/UD/7044-225.jpg,"[0, 0, 256, 256]",1.0,sdnet_tile,deck
utuh/deck_7044-247.jpg,0,utuh,test,deck,deck_7044,D/UD/7044-247.jpg,"[0, 0, 256, 256]",1.0,sdnet_tile,deck
utuh/deck_7044-251.jpg,0,utuh,test,deck,deck_7044,D/UD/7044-251.jpg,"[0, 0, 256, 256]",1.0,sdnet_tile,deck
utuh/deck_7044-29.jpg,0,utuh,test,deck,deck_7044,D/UD/7044-29.jpg,"[0, 0, 256, 256]",1.0,sdnet_tile,deck
utuh/deck_7044-35.jpg,0,utuh,test,deck,deck_7044,D/UD/7044-35.jpg,"[0, 0, 256, 256]",1.0,sdnet_tile,deck
utuh/deck_7044-48.jpg,0,utuh,test,deck,deck_7044,D/UD/7044-48.jpg,"[0, 0, 256, 256]",1.0,sdnet_tile,deck
utuh/deck_7044-74.jpg,0,utuh,test,deck,deck_7044,D/UD/7044-74.jpg,"[0, 0, 256, 256]",1.0,sdnet_tile,deck
utuh/deck_7044-76.jpg,0,utuh,test,deck,deck_7044,D/UD/7044-76.jpg,"[0, 0, 256, 256]",1.0,sdnet_tile,deck
utuh/deck_7044-79.jpg,0,utuh,test,deck,deck_7044,D/UD/7044-79.jpg,"[0, 0, 256, 256]",1.0,sdnet_tile,deck
utuh/deck_7044-86.jpg,0,utuh,test,deck,deck_7044,D/UD/7044-86.jpg,"[0, 0, 256, 256]",1.0,sdnet_tile,deck
utuh/deck_7044-90.jpg,0,utuh,test,deck,deck_7044,D/UD/7044-90.jpg,"[0, 0, 256, 256]",1.0,sdnet_tile,deck
utuh/deck_7045-109.jpg,0,utuh,test,deck,deck_7045,D/UD/7045-109.jpg,"[0, 0, 256, 256]",1.0,sdnet_tile,deck
utuh/deck_7045-119.jpg,0,utuh,test,deck,deck_7045,D/UD/7045-119.jpg,"[0, 0, 256, 256]",1.0,sdnet_tile,deck
utuh/deck_7045-120.jpg,0,utuh,test,deck,deck_7045,D/UD/7045-120.jpg,"[0, 0, 256, 256]",1.0,sdnet_tile,deck
utuh/deck_7045-122.jpg,0,utuh,test,deck,deck_7045,D/UD/7045-122.jpg,"[0, 0, 256, 256]",1.0,sdnet_tile,deck
utuh/deck_7045-127.jpg,0,utuh,test,deck,deck_7045,D/UD/7045-127.jpg,"[0, 0, 256, 256]",1.0,sdnet_tile,deck
utuh/deck_7045-129.jpg,0,utuh,test,deck,deck_7045,D/UD/7045-129.jpg,"[0, 0, 256, 256]",1.0,sdnet_tile,deck
utuh/deck_7045-130.jpg,0,utuh,test,deck,deck_7045,D/UD/7045-130.jpg,"[0, 0, 256, 256]",1.0,sdnet_tile,deck
utuh/deck_7045-133.jpg,0,utuh,test,deck,deck_7045,D/UD/7045-133.jpg,"[0, 0, 256, 256]",1.0,sdnet_tile,deck
utuh/deck_7045-147.jpg,0,utuh,test,deck,deck_7045,D/UD/7045-147.jpg,"[0, 0, 256, 256]",1.0,sdnet_tile,deck
utuh/deck_7045-16.jpg,0,utuh,test,deck,deck_7045,D/UD/7045-16.jpg,"[0, 0, 256, 256]",1.0,sdnet_tile,deck
utuh/deck_7045-17.jpg,0,utuh,test,deck,deck_7045,D/UD/7045-17.jpg,"[0, 0, 256, 256]",1.0,sdnet_tile,deck
utuh/deck_7045-192.jpg,0,utuh,test,deck,deck_7045,D/UD/7045-192.jpg,"[0, 0, 256, 256]",1.0,sdnet_tile,deck
utuh/deck_7045-196.jpg,0,utuh,test,deck,deck_7045,D/UD/7045-196.jpg,"[0, 0, 256, 256]",1.0,sdnet_tile,deck
utuh/deck_7045-197.jpg,0,utuh,test,deck,deck_7045,D/UD/7045-197.jpg,"[0, 0, 256, 256]",1.0,sdnet_tile,deck
utuh/deck_7045-204.jpg,0,utuh,test,deck,deck_7045,D/UD/7045-204.jpg,"[0, 0, 256, 256]",1.0,sdnet_tile,deck
utuh/deck_7045-212.jpg,0,utuh,test,deck,deck_7045,D/UD/7045-212.jpg,"[0, 0, 256, 256]",1.0,sdnet_tile,deck
utuh/deck_7045-215.jpg,0,utuh,test,deck,deck_7045,D/UD/7045-215.jpg,"[0, 0, 256, 256]",1.0,sdnet_tile,deck
utuh/deck_7045-221.jpg,0,utuh,test,deck,deck_7045,D/UD/7045-221.jpg,"[0, 0, 256, 256]",1.0,sdnet_tile,deck
utuh/deck_7045-231.jpg,0,utuh,test,deck,deck_7045,D/UD/7045-231.jpg,"[0, 0, 256, 256]",1.0,sdnet_tile,deck
utuh/deck_7045-233.jpg,0,utuh,test,deck,deck_7045,D/UD/7045-233.jpg,"[0, 0, 256, 256]",1.0,sdnet_tile,deck
utuh/deck_7045-237.jpg,0,utuh,test,deck,deck_7045,D/UD/7045-237.jpg,"[0, 0, 256, 256]",1.0,sdnet_tile,deck
utuh/deck_7045-245.jpg,0,utuh,test,deck,deck_7045,D/UD/7045-245.jpg,"[0, 0, 256, 256]",1.0,sdnet_tile,deck
utuh/deck_7045-250.jpg,0,utuh,test,deck,deck_7045,D/UD/7045-250.jpg,"[0, 0, 256, 256]",1.0,sdnet_tile,deck
utuh/deck_7045-33.jpg,0,utuh,test,deck,deck_7045,D/UD/7045-33.jpg,"[0, 0, 256, 256]",1.0,sdnet_tile,deck
utuh/deck_7045-56.jpg,0,utuh,test,deck,deck_7045,D/UD/7045-56.jpg,"[0, 0, 256, 256]",1.0,sdnet_tile,deck
utuh/deck_7045-67.jpg,0,utuh,test,deck,deck_7045,D/UD/7045-67.jpg,"[0, 0, 256, 256]",1.0,sdnet_tile,deck
utuh/deck_7045-69.jpg,0,utuh,test,deck,deck_7045,D/UD/7045-69.jpg,"[0, 0, 256, 256]",1.0,sdnet_tile,deck
utuh/deck_7048-102.jpg,0,utuh,test,deck,deck_7048,D/UD/7048-102.jpg,"[0, 0, 256, 256]",1.0,sdnet_tile,deck
utuh/deck_7048-107.jpg,0,utuh,test,deck,deck_7048,D/UD/7048-107.jpg,"[0, 0, 256, 256]",1.0,sdnet_tile,deck
utuh/deck_7048-116.jpg,0,utuh,test,deck,deck_7048,D/UD/7048-116.jpg,"[0, 0, 256, 256]",1.0,sdnet_tile,deck
utuh/deck_7048-123.jpg,0,utuh,test,deck,deck_7048,D/UD/7048-123.jpg,"[0, 0, 256, 256]",1.0,sdnet_tile,deck
utuh/deck_7048-144.jpg,0,utuh,test,deck,deck_7048,D/UD/7048-144.jpg,"[0, 0, 256, 256]",1.0,sdnet_tile,deck
utuh/deck_7048-145.jpg,0,utuh,test,deck,deck_7048,D/UD/7048-145.jpg,"[0, 0, 256, 256]",1.0,sdnet_tile,deck
utuh/deck_7048-15.jpg,0,utuh,test,deck,deck_7048,D/UD/7048-15.jpg,"[0, 0, 256, 256]",1.0,sdnet_tile,deck
utuh/deck_7048-162.jpg,0,utuh,test,deck,deck_7048,D/UD/7048-162.jpg,"[0, 0, 256, 256]",1.0,sdnet_tile,deck
utuh/deck_7048-163.jpg,0,utuh,test,deck,deck_7048,D/UD/7048-163.jpg,"[0, 0, 256, 256]",1.0,sdnet_tile,deck
utuh/deck_7048-17.jpg,0,utuh,test,deck,deck_7048,D/UD/7048-17.jpg,"[0, 0, 256, 256]",1.0,sdnet_tile,deck
utuh/deck_7048-174.jpg,0,utuh,test,deck,deck_7048,D/UD/7048-174.jpg,"[0, 0, 256, 256]",1.0,sdnet_tile,deck
utuh/deck_7048-175.jpg,0,utuh,test,deck,deck_7048,D/UD/7048-175.jpg,"[0, 0, 256, 256]",1.0,sdnet_tile,deck
utuh/deck_7048-180.jpg,0,utuh,test,deck,deck_7048,D/UD/7048-180.jpg,"[0, 0, 256, 256]",1.0,sdnet_tile,deck
utuh/deck_7048-184.jpg,0,utuh,test,deck,deck_7048,D/UD/7048-184.jpg,"[0, 0, 256, 256]",1.0,sdnet_tile,deck
utuh/deck_7048-186.jpg,0,utuh,test,deck,deck_7048,D/UD/7048-186.jpg,"[0, 0, 256, 256]",1.0,sdnet_tile,deck
utuh/deck_7048-187.jpg,0,utuh,test,deck,deck_7048,D/UD/7048-187.jpg,"[0, 0, 256, 256]",1.0,sdnet_tile,deck
utuh/deck_7048-197.jpg,0,utuh,test,deck,deck_7048,D/UD/7048-197.jpg,"[0, 0, 256, 256]",1.0,sdnet_tile,deck
utuh/deck_7048-201.jpg,0,utuh,test,deck,deck_7048,D/UD/7048-201.jpg,"[0, 0, 256, 256]",1.0,sdnet_tile,deck
utuh/deck_7048-202.jpg,0,utuh,test,deck,deck_7048,D/UD/7048-202.jpg,"[0, 0, 256, 256]",1.0,sdnet_tile,deck
utuh/deck_7048-204.jpg,0,utuh,test,deck,deck_7048,D/UD/7048-204.jpg,"[0, 0, 256, 256]",1.0,sdnet_tile,deck
utuh/deck_7048-207.jpg,0,utuh,test,deck,deck_7048,D/UD/7048-207.jpg,"[0, 0, 256, 256]",1.0,sdnet_tile,deck
utuh/deck_7048-218.jpg,0,utuh,test,deck,deck_7048,D/UD/7048-218.jpg,"[0, 0, 256, 256]",1.0,sdnet_tile,deck
utuh/deck_7048-224.jpg,0,utuh,test,deck,deck_7048,D/UD/7048-224.jpg,"[0, 0, 256, 256]",1.0,sdnet_tile,deck
utuh/deck_7048-241.jpg,0,utuh,test,deck,deck_7048,D/UD/7048-241.jpg,"[0, 0, 256, 256]",1.0,sdnet_tile,deck
utuh/deck_7048-29.jpg,0,utuh,test,deck,deck_7048,D/UD/7048-29.jpg,"[0, 0, 256, 256]",1.0,sdnet_tile,deck
utuh/deck_7048-37.jpg,0,utuh,test,deck,deck_7048,D/UD/7048-37.jpg,"[0, 0, 256, 256]",1.0,sdnet_tile,deck
utuh/deck_7048-99.jpg,0,utuh,test,deck,deck_7048,D/UD/7048-99.jpg,"[0, 0, 256, 256]",1.0,sdnet_tile,deck
utuh/deck_7049-100.jpg,0,utuh,test,deck,deck_7049,D/UD/7049-100.jpg,"[0, 0, 256, 256]",1.0,sdnet_tile,deck
utuh/deck_7049-102.jpg,0,utuh,test,deck,deck_7049,D/UD/7049-102.jpg,"[0, 0, 256, 256]",1.0,sdnet_tile,deck
utuh/deck_7049-118.jpg,0,utuh,test,deck,deck_7049,D/UD/7049-118.jpg,"[0, 0, 256, 256]",1.0,sdnet_tile,deck
utuh/deck_7049-13.jpg,0,utuh,test,deck,deck_7049,D/UD/7049-13.jpg,"[0, 0, 256, 256]",1.0,sdnet_tile,deck
utuh/deck_7049-145.jpg,0,utuh,test,deck,deck_7049,D/UD/7049-145.jpg,"[0, 0, 256, 256]",1.0,sdnet_tile,deck
utuh/deck_7049-154.jpg,0,utuh,test,deck,deck_7049,D/UD/7049-154.jpg,"[0, 0, 256, 256]",1.0,sdnet_tile,deck
utuh/deck_7049-170.jpg,0,utuh,test,deck,deck_7049,D/UD/7049-170.jpg,"[0, 0, 256, 256]",1.0,sdnet_tile,deck
utuh/deck_7049-174.jpg,0,utuh,test,deck,deck_7049,D/UD/7049-174.jpg,"[0, 0, 256, 256]",1.0,sdnet_tile,deck
utuh/deck_7049-185.jpg,0,utuh,test,deck,deck_7049,D/UD/7049-185.jpg,"[0, 0, 256, 256]",1.0,sdnet_tile,deck
utuh/deck_7049-19.jpg,0,utuh,test,deck,deck_7049,D/UD/7049-19.jpg,"[0, 0, 256, 256]",1.0,sdnet_tile,deck
utuh/deck_7049-206.jpg,0,utuh,test,deck,deck_7049,D/UD/7049-206.jpg,"[0, 0, 256, 256]",1.0,sdnet_tile,deck
utuh/deck_7049-219.jpg,0,utuh,test,deck,deck_7049,D/UD/7049-219.jpg,"[0, 0, 256, 256]",1.0,sdnet_tile,deck
utuh/deck_7049-220.jpg,0,utuh,test,deck,deck_7049,D/UD/7049-220.jpg,"[0, 0, 256, 256]",1.0,sdnet_tile,deck
utuh/deck_7049-235.jpg,0,utuh,test,deck,deck_7049,D/UD/7049-235.jpg,"[0, 0, 256, 256]",1.0,sdnet_tile,deck
utuh/deck_7049-242.jpg,0,utuh,test,deck,deck_7049,D/UD/7049-242.jpg,"[0, 0, 256, 256]",1.0,sdnet_tile,deck
utuh/deck_7049-246.jpg,0,utuh,test,deck,deck_7049,D/UD/7049-246.jpg,"[0, 0, 256, 256]",1.0,sdnet_tile,deck
utuh/deck_7049-249.jpg,0,utuh,test,deck,deck_7049,D/UD/7049-249.jpg,"[0, 0, 256, 256]",1.0,sdnet_tile,deck
utuh/deck_7049-252.jpg,0,utuh,test,deck,deck_7049,D/UD/7049-252.jpg,"[0, 0, 256, 256]",1.0,sdnet_tile,deck
utuh/deck_7049-36.jpg,0,utuh,test,deck,deck_7049,D/UD/7049-36.jpg,"[0, 0, 256, 256]",1.0,sdnet_tile,deck
utuh/deck_7049-37.jpg,0,utuh,test,deck,deck_7049,D/UD/7049-37.jpg,"[0, 0, 256, 256]",1.0,sdnet_tile,deck
utuh/deck_7049-54.jpg,0,utuh,test,deck,deck_7049,D/UD/7049-54.jpg,"[0, 0, 256, 256]",1.0,sdnet_tile,deck
utuh/deck_7049-56.jpg,0,utuh,test,deck,deck_7049,D/UD/7049-56.jpg,"[0, 0, 256, 256]",1.0,sdnet_tile,deck
utuh/deck_7049-60.jpg,0,utuh,test,deck,deck_7049,D/UD/7049-60.jpg,"[0, 0, 256, 256]",1.0,sdnet_tile,deck
utuh/deck_7049-82.jpg,0,utuh,test,deck,deck_7049,D/UD/7049-82.jpg,"[0, 0, 256, 256]",1.0,sdnet_tile,deck
utuh/deck_7049-85.jpg,0,utuh,test,deck,deck_7049,D/UD/7049-85.jpg,"[0, 0, 256, 256]",1.0,sdnet_tile,deck
utuh/deck_7049-94.jpg,0,utuh,test,deck,deck_7049,D/UD/7049-94.jpg,"[0, 0, 256, 256]",1.0,sdnet_tile,deck
utuh/deck_7049-95.jpg,0,utuh,test,deck,deck_7049,D/UD/7049-95.jpg,"[0, 0, 256, 256]",1.0,sdnet_tile,deck
retak/deck_7002-119.jpg,1,retak,test,deck,deck_7002,D/CD/7002-119.jpg,"[0, 0, 256, 256]",1.0,sdnet_tile,deck
retak/deck_7002-134.jpg,1,retak,test,deck,deck_7002,D/CD/7002-134.jpg,"[0, 0, 256, 256]",1.0,sdnet_tile,deck
retak/deck_7002-162.jpg,1,retak,test,deck,deck_7002,D/CD/7002-162.jpg,"[0, 0, 256, 256]",1.0,sdnet_tile,deck
retak/deck_7002-28.jpg,1,retak,test,deck,deck_7002,D/CD/7002-28.jpg,"[0, 0, 256, 256]",1.0,sdnet_tile,deck
retak/deck_7002-41.jpg,1,retak,test,deck,deck_7002,D/CD/7002-41.jpg,"[0, 0, 256, 256]",1.0,sdnet_tile,deck
retak/deck_7002-48.jpg,1,retak,test,deck,deck_7002,D/CD/7002-48.jpg,"[0, 0, 256, 256]",1.0,sdnet_tile,deck
retak/deck_7002-49.jpg,1,retak,test,deck,deck_7002,D/CD/7002-49.jpg,"[0, 0, 256, 256]",1.0,sdnet_tile,deck
retak/deck_7002-67.jpg,1,retak,test,deck,deck_7002,D/CD/7002-67.jpg,"[0, 0, 256, 256]",1.0,sdnet_tile,deck
retak/deck_7002-74.jpg,1,retak,test,deck,deck_7002,D/CD/7002-74.jpg,"[0, 0, 256, 256]",1.0,sdnet_tile,deck
retak/deck_7002-81.jpg,1,retak,test,deck,deck_7002,D/CD/7002-81.jpg,"[0, 0, 256, 256]",1.0,sdnet_tile,deck
retak/deck_7003-145.jpg,1,retak,test,deck,deck_7003,D/CD/7003-145.jpg,"[0, 0, 256, 256]",1.0,sdnet_tile,deck
retak/deck_7003-15.jpg,1,retak,test,deck,deck_7003,D/CD/7003-15.jpg,"[0, 0, 256, 256]",1.0,sdnet_tile,deck
retak/deck_7003-162.jpg,1,retak,test,deck,deck_7003,D/CD/7003-162.jpg,"[0, 0, 256, 256]",1.0,sdnet_tile,deck
retak/deck_7003-210.jpg,1,retak,test,deck,deck_7003,D/CD/7003-210.jpg,"[0, 0, 256, 256]",1.0,sdnet_tile,deck
retak/deck_7003-229.jpg,1,retak,test,deck,deck_7003,D/CD/7003-229.jpg,"[0, 0, 256, 256]",1.0,sdnet_tile,deck
retak/deck_7003-230.jpg,1,retak,test,deck,deck_7003,D/CD/7003-230.jpg,"[0, 0, 256, 256]",1.0,sdnet_tile,deck
retak/deck_7003-231.jpg,1,retak,test,deck,deck_7003,D/CD/7003-231.jpg,"[0, 0, 256, 256]",1.0,sdnet_tile,deck
retak/deck_7003-233.jpg,1,retak,test,deck,deck_7003,D/CD/7003-233.jpg,"[0, 0, 256, 256]",1.0,sdnet_tile,deck
retak/deck_7003-36.jpg,1,retak,test,deck,deck_7003,D/CD/7003-36.jpg,"[0, 0, 256, 256]",1.0,sdnet_tile,deck
retak/deck_7003-54.jpg,1,retak,test,deck,deck_7003,D/CD/7003-54.jpg,"[0, 0, 256, 256]",1.0,sdnet_tile,deck
retak/deck_7005-105.jpg,1,retak,test,deck,deck_7005,D/CD/7005-105.jpg,"[0, 0, 256, 256]",1.0,sdnet_tile,deck
retak/deck_7005-119.jpg,1,retak,test,deck,deck_7005,D/CD/7005-119.jpg,"[0, 0, 256, 256]",1.0,sdnet_tile,deck
retak/deck_7005-140.jpg,1,retak,test,deck,deck_7005,D/CD/7005-140.jpg,"[0, 0, 256, 256]",1.0,sdnet_tile,deck
retak/deck_7005-147.jpg,1,retak,test,deck,deck_7005,D/CD/7005-147.jpg,"[0, 0, 256, 256]",1.0,sdnet_tile,deck
retak/deck_7005-177.jpg,1,retak,test,deck,deck_7005,D/CD/7005-177.jpg,"[0, 0, 256, 256]",1.0,sdnet_tile,deck
retak/deck_7005-19.jpg,1,retak,test,deck,deck_7005,D/CD/7005-19.jpg,"[0, 0, 256, 256]",1.0,sdnet_tile,deck
retak/deck_7005-27.jpg,1,retak,test,deck,deck_7005,D/CD/7005-27.jpg,"[0, 0, 256, 256]",1.0,sdnet_tile,deck
retak/deck_7005-75.jpg,1,retak,test,deck,deck_7005,D/CD/7005-75.jpg,"[0, 0, 256, 256]",1.0,sdnet_tile,deck
retak/deck_7005-8.jpg,1,retak,test,deck,deck_7005,D/CD/7005-8.jpg,"[0, 0, 256, 256]",1.0,sdnet_tile,deck
retak/deck_7005-92.jpg,1,retak,test,deck,deck_7005,D/CD/7005-92.jpg,"[0, 0, 256, 256]",1.0,sdnet_tile,deck
retak/deck_7007-106.jpg,1,retak,test,deck,deck_7007,D/CD/7007-106.jpg,"[0, 0, 256, 256]",1.0,sdnet_tile,deck
retak/deck_7007-110.jpg,1,retak,test,deck,deck_7007,D/CD/7007-110.jpg,"[0, 0, 256, 256]",1.0,sdnet_tile,deck
retak/deck_7007-122.jpg,1,retak,test,deck,deck_7007,D/CD/7007-122.jpg,"[0, 0, 256, 256]",1.0,sdnet_tile,deck
retak/deck_7007-127.jpg,1,retak,test,deck,deck_7007,D/CD/7007-127.jpg,"[0, 0, 256, 256]",1.0,sdnet_tile,deck
retak/deck_7007-128.jpg,1,retak,test,deck,deck_7007,D/CD/7007-128.jpg,"[0, 0, 256, 256]",1.0,sdnet_tile,deck
retak/deck_7007-143.jpg,1,retak,test,deck,deck_7007,D/CD/7007-143.jpg,"[0, 0, 256, 256]",1.0,sdnet_tile,deck
retak/deck_7007-184.jpg,1,retak,test,deck,deck_7007,D/CD/7007-184.jpg,"[0, 0, 256, 256]",1.0,sdnet_tile,deck
retak/deck_7007-185.jpg,1,retak,test,deck,deck_7007,D/CD/7007-185.jpg,"[0, 0, 256, 256]",1.0,sdnet_tile,deck
retak/deck_7007-186.jpg,1,retak,test,deck,deck_7007,D/CD/7007-186.jpg,"[0, 0, 256, 256]",1.0,sdnet_tile,deck
retak/deck_7007-37.jpg,1,retak,test,deck,deck_7007,D/CD/7007-37.jpg,"[0, 0, 256, 256]",1.0,sdnet_tile,deck
retak/deck_7011-108.jpg,1,retak,test,deck,deck_7011,D/CD/7011-108.jpg,"[0, 0, 256, 256]",1.0,sdnet_tile,deck
retak/deck_7011-150.jpg,1,retak,test,deck,deck_7011,D/CD/7011-150.jpg,"[0, 0, 256, 256]",1.0,sdnet_tile,deck
retak/deck_7011-152.jpg,1,retak,test,deck,deck_7011,D/CD/7011-152.jpg,"[0, 0, 256, 256]",1.0,sdnet_tile,deck
retak/deck_7011-159.jpg,1,retak,test,deck,deck_7011,D/CD/7011-159.jpg,"[0, 0, 256, 256]",1.0,sdnet_tile,deck
retak/deck_7011-168.jpg,1,retak,test,deck,deck_7011,D/CD/7011-168.jpg,"[0, 0, 256, 256]",1.0,sdnet_tile,deck
retak/deck_7011-171.jpg,1,retak,test,deck,deck_7011,D/CD/7011-171.jpg,"[0, 0, 256, 256]",1.0,sdnet_tile,deck
retak/deck_7011-177.jpg,1,retak,test,deck,deck_7011,D/CD/7011-177.jpg,"[0, 0, 256, 256]",1.0,sdnet_tile,deck
retak/deck_7011-204.jpg,1,retak,test,deck,deck_7011,D/CD/7011-204.jpg,"[0, 0, 256, 256]",1.0,sdnet_tile,deck
retak/deck_7011-247.jpg,1,retak,test,deck,deck_7011,D/CD/7011-247.jpg,"[0, 0, 256, 256]",1.0,sdnet_tile,deck
retak/deck_7011-8.jpg,1,retak,test,deck,deck_7011,D/CD/7011-8.jpg,"[0, 0, 256, 256]",1.0,sdnet_tile,deck
retak/deck_7015-141.jpg,1,retak,test,deck,deck_7015,D/CD/7015-141.jpg,"[0, 0, 256, 256]",1.0,sdnet_tile,deck
retak/deck_7015-175.jpg,1,retak,test,deck,deck_7015,D/CD/7015-175.jpg,"[0, 0, 256, 256]",1.0,sdnet_tile,deck
retak/deck_7015-217.jpg,1,retak,test,deck,deck_7015,D/CD/7015-217.jpg,"[0, 0, 256, 256]",1.0,sdnet_tile,deck
retak/deck_7015-247.jpg,1,retak,test,deck,deck_7015,D/CD/7015-247.jpg,"[0, 0, 256, 256]",1.0,sdnet_tile,deck
retak/deck_7015-41.jpg,1,retak,test,deck,deck_7015,D/CD/7015-41.jpg,"[0, 0, 256, 256]",1.0,sdnet_tile,deck
retak/deck_7015-51.jpg,1,retak,test,deck,deck_7015,D/CD/7015-51.jpg,"[0, 0, 256, 256]",1.0,sdnet_tile,deck
retak/deck_7015-77.jpg,1,retak,test,deck,deck_7015,D/CD/7015-77.jpg,"[0, 0, 256, 256]",1.0,sdnet_tile,deck
retak/deck_7015-87.jpg,1,retak,test,deck,deck_7015,D/CD/7015-87.jpg,"[0, 0, 256, 256]",1.0,sdnet_tile,deck
retak/deck_7015-88.jpg,1,retak,test,deck,deck_7015,D/CD/7015-88.jpg,"[0, 0, 256, 256]",1.0,sdnet_tile,deck
retak/deck_7015-97.jpg,1,retak,test,deck,deck_7015,D/CD/7015-97.jpg,"[0, 0, 256, 256]",1.0,sdnet_tile,deck
retak/deck_7032-131.jpg,1,retak,test,deck,deck_7032,D/CD/7032-131.jpg,"[0, 0, 256, 256]",1.0,sdnet_tile,deck
retak/deck_7032-196.jpg,1,retak,test,deck,deck_7032,D/CD/7032-196.jpg,"[0, 0, 256, 256]",1.0,sdnet_tile,deck
retak/deck_7032-214.jpg,1,retak,test,deck,deck_7032,D/CD/7032-214.jpg,"[0, 0, 256, 256]",1.0,sdnet_tile,deck
retak/deck_7044-12.jpg,1,retak,test,deck,deck_7044,D/CD/7044-12.jpg,"[0, 0, 256, 256]",1.0,sdnet_tile,deck
retak/deck_7044-13.jpg,1,retak,test,deck,deck_7044,D/CD/7044-13.jpg,"[0, 0, 256, 256]",1.0,sdnet_tile,deck
retak/deck_7044-14.jpg,1,retak,test,deck,deck_7044,D/CD/7044-14.jpg,"[0, 0, 256, 256]",1.0,sdnet_tile,deck
retak/deck_7044-33.jpg,1,retak,test,deck,deck_7044,D/CD/7044-33.jpg,"[0, 0, 256, 256]",1.0,sdnet_tile,deck
retak/deck_7044-34.jpg,1,retak,test,deck,deck_7044,D/CD/7044-34.jpg,"[0, 0, 256, 256]",1.0,sdnet_tile,deck
retak/deck_7044-52.jpg,1,retak,test,deck,deck_7044,D/CD/7044-52.jpg,"[0, 0, 256, 256]",1.0,sdnet_tile,deck
retak/deck_7044-53.jpg,1,retak,test,deck,deck_7044,D/CD/7044-53.jpg,"[0, 0, 256, 256]",1.0,sdnet_tile,deck
retak/deck_7044-54.jpg,1,retak,test,deck,deck_7044,D/CD/7044-54.jpg,"[0, 0, 256, 256]",1.0,sdnet_tile,deck
retak/deck_7045-103.jpg,1,retak,test,deck,deck_7045,D/CD/7045-103.jpg,"[0, 0, 256, 256]",1.0,sdnet_tile,deck
retak/deck_7045-125.jpg,1,retak,test,deck,deck_7045,D/CD/7045-125.jpg,"[0, 0, 256, 256]",1.0,sdnet_tile,deck
retak/deck_7045-161.jpg,1,retak,test,deck,deck_7045,D/CD/7045-161.jpg,"[0, 0, 256, 256]",1.0,sdnet_tile,deck
retak/deck_7045-162.jpg,1,retak,test,deck,deck_7045,D/CD/7045-162.jpg,"[0, 0, 256, 256]",1.0,sdnet_tile,deck
retak/deck_7045-19.jpg,1,retak,test,deck,deck_7045,D/CD/7045-19.jpg,"[0, 0, 256, 256]",1.0,sdnet_tile,deck
retak/deck_7045-21.jpg,1,retak,test,deck,deck_7045,D/CD/7045-21.jpg,"[0, 0, 256, 256]",1.0,sdnet_tile,deck
retak/deck_7045-26.jpg,1,retak,test,deck,deck_7045,D/CD/7045-26.jpg,"[0, 0, 256, 256]",1.0,sdnet_tile,deck
retak/deck_7045-63.jpg,1,retak,test,deck,deck_7045,D/CD/7045-63.jpg,"[0, 0, 256, 256]",1.0,sdnet_tile,deck
retak/deck_7045-64.jpg,1,retak,test,deck,deck_7045,D/CD/7045-64.jpg,"[0, 0, 256, 256]",1.0,sdnet_tile,deck
retak/deck_7048-1.jpg,1,retak,test,deck,deck_7048,D/CD/7048-1.jpg,"[0, 0, 256, 256]",1.0,sdnet_tile,deck
retak/deck_7048-153.jpg,1,retak,test,deck,deck_7048,D/CD/7048-153.jpg,"[0, 0, 256, 256]",1.0,sdnet_tile,deck
retak/deck_7048-183.jpg,1,retak,test,deck,deck_7048,D/CD/7048-183.jpg,"[0, 0, 256, 256]",1.0,sdnet_tile,deck
retak/deck_7048-212.jpg,1,retak,test,deck,deck_7048,D/CD/7048-212.jpg,"[0, 0, 256, 256]",1.0,sdnet_tile,deck
retak/deck_7048-251.jpg,1,retak,test,deck,deck_7048,D/CD/7048-251.jpg,"[0, 0, 256, 256]",1.0,sdnet_tile,deck
retak/deck_7048-49.jpg,1,retak,test,deck,deck_7048,D/CD/7048-49.jpg,"[0, 0, 256, 256]",1.0,sdnet_tile,deck
retak/deck_7048-68.jpg,1,retak,test,deck,deck_7048,D/CD/7048-68.jpg,"[0, 0, 256, 256]",1.0,sdnet_tile,deck
retak/deck_7048-77.jpg,1,retak,test,deck,deck_7048,D/CD/7048-77.jpg,"[0, 0, 256, 256]",1.0,sdnet_tile,deck
retak/deck_7048-96.jpg,1,retak,test,deck,deck_7048,D/CD/7048-96.jpg,"[0, 0, 256, 256]",1.0,sdnet_tile,deck
retak/deck_7049-111.jpg,1,retak,test,deck,deck_7049,D/CD/7049-111.jpg,"[0, 0, 256, 256]",1.0,sdnet_tile,deck
retak/deck_7049-131.jpg,1,retak,test,deck,deck_7049,D/CD/7049-131.jpg,"[0, 0, 256, 256]",1.0,sdnet_tile,deck
retak/deck_7049-135.jpg,1,retak,test,deck,deck_7049,D/CD/7049-135.jpg,"[0, 0, 256, 256]",1.0,sdnet_tile,deck
retak/deck_7049-138.jpg,1,retak,test,deck,deck_7049,D/CD/7049-138.jpg,"[0, 0, 256, 256]",1.0,sdnet_tile,deck
retak/deck_7049-141.jpg,1,retak,test,deck,deck_7049,D/CD/7049-141.jpg,"[0, 0, 256, 256]",1.0,sdnet_tile,deck
retak/deck_7049-179.jpg,1,retak,test,deck,deck_7049,D/CD/7049-179.jpg,"[0, 0, 256, 256]",1.0,sdnet_tile,deck
retak/deck_7049-30.jpg,1,retak,test,deck,deck_7049,D/CD/7049-30.jpg,"[0, 0, 256, 256]",1.0,sdnet_tile,deck
retak/deck_7049-46.jpg,1,retak,test,deck,deck_7049,D/CD/7049-46.jpg,"[0, 0, 256, 256]",1.0,sdnet_tile,deck
retak/deck_7049-48.jpg,1,retak,test,deck,deck_7049,D/CD/7049-48.jpg,"[0, 0, 256, 256]",1.0,sdnet_tile,deck
utuh/pavement_001-108.jpg,0,utuh,test_pave,pavement,pavement_001,P/UP/001-108.jpg,"[0, 0, 256, 256]",1.0,sdnet_tile,pavement
utuh/pavement_001-12.jpg,0,utuh,test_pave,pavement,pavement_001,P/UP/001-12.jpg,"[0, 0, 256, 256]",1.0,sdnet_tile,pavement
utuh/pavement_001-14.jpg,0,utuh,test_pave,pavement,pavement_001,P/UP/001-14.jpg,"[0, 0, 256, 256]",1.0,sdnet_tile,pavement
utuh/pavement_001-143.jpg,0,utuh,test_pave,pavement,pavement_001,P/UP/001-143.jpg,"[0, 0, 256, 256]",1.0,sdnet_tile,pavement
utuh/pavement_001-147.jpg,0,utuh,test_pave,pavement,pavement_001,P/UP/001-147.jpg,"[0, 0, 256, 256]",1.0,sdnet_tile,pavement
utuh/pavement_001-149.jpg,0,utuh,test_pave,pavement,pavement_001,P/UP/001-149.jpg,"[0, 0, 256, 256]",1.0,sdnet_tile,pavement
utuh/pavement_001-155.jpg,0,utuh,test_pave,pavement,pavement_001,P/UP/001-155.jpg,"[0, 0, 256, 256]",1.0,sdnet_tile,pavement
utuh/pavement_001-160.jpg,0,utuh,test_pave,pavement,pavement_001,P/UP/001-160.jpg,"[0, 0, 256, 256]",1.0,sdnet_tile,pavement
utuh/pavement_001-169.jpg,0,utuh,test_pave,pavement,pavement_001,P/UP/001-169.jpg,"[0, 0, 256, 256]",1.0,sdnet_tile,pavement
utuh/pavement_001-176.jpg,0,utuh,test_pave,pavement,pavement_001,P/UP/001-176.jpg,"[0, 0, 256, 256]",1.0,sdnet_tile,pavement
utuh/pavement_001-186.jpg,0,utuh,test_pave,pavement,pavement_001,P/UP/001-186.jpg,"[0, 0, 256, 256]",1.0,sdnet_tile,pavement
utuh/pavement_001-188.jpg,0,utuh,test_pave,pavement,pavement_001,P/UP/001-188.jpg,"[0, 0, 256, 256]",1.0,sdnet_tile,pavement
utuh/pavement_001-205.jpg,0,utuh,test_pave,pavement,pavement_001,P/UP/001-205.jpg,"[0, 0, 256, 256]",1.0,sdnet_tile,pavement
utuh/pavement_001-223.jpg,0,utuh,test_pave,pavement,pavement_001,P/UP/001-223.jpg,"[0, 0, 256, 256]",1.0,sdnet_tile,pavement
utuh/pavement_001-229.jpg,0,utuh,test_pave,pavement,pavement_001,P/UP/001-229.jpg,"[0, 0, 256, 256]",1.0,sdnet_tile,pavement
utuh/pavement_001-4.jpg,0,utuh,test_pave,pavement,pavement_001,P/UP/001-4.jpg,"[0, 0, 256, 256]",1.0,sdnet_tile,pavement
utuh/pavement_001-42.jpg,0,utuh,test_pave,pavement,pavement_001,P/UP/001-42.jpg,"[0, 0, 256, 256]",1.0,sdnet_tile,pavement
utuh/pavement_001-44.jpg,0,utuh,test_pave,pavement,pavement_001,P/UP/001-44.jpg,"[0, 0, 256, 256]",1.0,sdnet_tile,pavement
utuh/pavement_001-50.jpg,0,utuh,test_pave,pavement,pavement_001,P/UP/001-50.jpg,"[0, 0, 256, 256]",1.0,sdnet_tile,pavement
utuh/pavement_001-51.jpg,0,utuh,test_pave,pavement,pavement_001,P/UP/001-51.jpg,"[0, 0, 256, 256]",1.0,sdnet_tile,pavement
utuh/pavement_001-54.jpg,0,utuh,test_pave,pavement,pavement_001,P/UP/001-54.jpg,"[0, 0, 256, 256]",1.0,sdnet_tile,pavement
utuh/pavement_001-59.jpg,0,utuh,test_pave,pavement,pavement_001,P/UP/001-59.jpg,"[0, 0, 256, 256]",1.0,sdnet_tile,pavement
utuh/pavement_001-75.jpg,0,utuh,test_pave,pavement,pavement_001,P/UP/001-75.jpg,"[0, 0, 256, 256]",1.0,sdnet_tile,pavement
utuh/pavement_001-96.jpg,0,utuh,test_pave,pavement,pavement_001,P/UP/001-96.jpg,"[0, 0, 256, 256]",1.0,sdnet_tile,pavement
utuh/pavement_002-10.jpg,0,utuh,test_pave,pavement,pavement_002,P/UP/002-10.jpg,"[0, 0, 256, 256]",1.0,sdnet_tile,pavement
utuh/pavement_002-146.jpg,0,utuh,test_pave,pavement,pavement_002,P/UP/002-146.jpg,"[0, 0, 256, 256]",1.0,sdnet_tile,pavement
utuh/pavement_002-161.jpg,0,utuh,test_pave,pavement,pavement_002,P/UP/002-161.jpg,"[0, 0, 256, 256]",1.0,sdnet_tile,pavement
utuh/pavement_002-162.jpg,0,utuh,test_pave,pavement,pavement_002,P/UP/002-162.jpg,"[0, 0, 256, 256]",1.0,sdnet_tile,pavement
utuh/pavement_002-169.jpg,0,utuh,test_pave,pavement,pavement_002,P/UP/002-169.jpg,"[0, 0, 256, 256]",1.0,sdnet_tile,pavement
utuh/pavement_002-174.jpg,0,utuh,test_pave,pavement,pavement_002,P/UP/002-174.jpg,"[0, 0, 256, 256]",1.0,sdnet_tile,pavement
utuh/pavement_002-176.jpg,0,utuh,test_pave,pavement,pavement_002,P/UP/002-176.jpg,"[0, 0, 256, 256]",1.0,sdnet_tile,pavement
utuh/pavement_002-184.jpg,0,utuh,test_pave,pavement,pavement_002,P/UP/002-184.jpg,"[0, 0, 256, 256]",1.0,sdnet_tile,pavement
utuh/pavement_002-186.jpg,0,utuh,test_pave,pavement,pavement_002,P/UP/002-186.jpg,"[0, 0, 256, 256]",1.0,sdnet_tile,pavement
utuh/pavement_002-189.jpg,0,utuh,test_pave,pavement,pavement_002,P/UP/002-189.jpg,"[0, 0, 256, 256]",1.0,sdnet_tile,pavement
utuh/pavement_002-20.jpg,0,utuh,test_pave,pavement,pavement_002,P/UP/002-20.jpg,"[0, 0, 256, 256]",1.0,sdnet_tile,pavement
utuh/pavement_002-209.jpg,0,utuh,test_pave,pavement,pavement_002,P/UP/002-209.jpg,"[0, 0, 256, 256]",1.0,sdnet_tile,pavement
utuh/pavement_002-225.jpg,0,utuh,test_pave,pavement,pavement_002,P/UP/002-225.jpg,"[0, 0, 256, 256]",1.0,sdnet_tile,pavement
utuh/pavement_002-26.jpg,0,utuh,test_pave,pavement,pavement_002,P/UP/002-26.jpg,"[0, 0, 256, 256]",1.0,sdnet_tile,pavement
utuh/pavement_002-32.jpg,0,utuh,test_pave,pavement,pavement_002,P/UP/002-32.jpg,"[0, 0, 256, 256]",1.0,sdnet_tile,pavement
utuh/pavement_002-36.jpg,0,utuh,test_pave,pavement,pavement_002,P/UP/002-36.jpg,"[0, 0, 256, 256]",1.0,sdnet_tile,pavement
utuh/pavement_002-39.jpg,0,utuh,test_pave,pavement,pavement_002,P/UP/002-39.jpg,"[0, 0, 256, 256]",1.0,sdnet_tile,pavement
utuh/pavement_002-55.jpg,0,utuh,test_pave,pavement,pavement_002,P/UP/002-55.jpg,"[0, 0, 256, 256]",1.0,sdnet_tile,pavement
utuh/pavement_002-58.jpg,0,utuh,test_pave,pavement,pavement_002,P/UP/002-58.jpg,"[0, 0, 256, 256]",1.0,sdnet_tile,pavement
utuh/pavement_002-6.jpg,0,utuh,test_pave,pavement,pavement_002,P/UP/002-6.jpg,"[0, 0, 256, 256]",1.0,sdnet_tile,pavement
utuh/pavement_002-69.jpg,0,utuh,test_pave,pavement,pavement_002,P/UP/002-69.jpg,"[0, 0, 256, 256]",1.0,sdnet_tile,pavement
utuh/pavement_002-73.jpg,0,utuh,test_pave,pavement,pavement_002,P/UP/002-73.jpg,"[0, 0, 256, 256]",1.0,sdnet_tile,pavement
utuh/pavement_002-79.jpg,0,utuh,test_pave,pavement,pavement_002,P/UP/002-79.jpg,"[0, 0, 256, 256]",1.0,sdnet_tile,pavement
utuh/pavement_002-8.jpg,0,utuh,test_pave,pavement,pavement_002,P/UP/002-8.jpg,"[0, 0, 256, 256]",1.0,sdnet_tile,pavement
utuh/pavement_003-111.jpg,0,utuh,test_pave,pavement,pavement_003,P/UP/003-111.jpg,"[0, 0, 256, 256]",1.0,sdnet_tile,pavement
utuh/pavement_003-117.jpg,0,utuh,test_pave,pavement,pavement_003,P/UP/003-117.jpg,"[0, 0, 256, 256]",1.0,sdnet_tile,pavement
utuh/pavement_003-118.jpg,0,utuh,test_pave,pavement,pavement_003,P/UP/003-118.jpg,"[0, 0, 256, 256]",1.0,sdnet_tile,pavement
utuh/pavement_003-122.jpg,0,utuh,test_pave,pavement,pavement_003,P/UP/003-122.jpg,"[0, 0, 256, 256]",1.0,sdnet_tile,pavement
utuh/pavement_003-124.jpg,0,utuh,test_pave,pavement,pavement_003,P/UP/003-124.jpg,"[0, 0, 256, 256]",1.0,sdnet_tile,pavement
utuh/pavement_003-136.jpg,0,utuh,test_pave,pavement,pavement_003,P/UP/003-136.jpg,"[0, 0, 256, 256]",1.0,sdnet_tile,pavement
utuh/pavement_003-155.jpg,0,utuh,test_pave,pavement,pavement_003,P/UP/003-155.jpg,"[0, 0, 256, 256]",1.0,sdnet_tile,pavement
utuh/pavement_003-156.jpg,0,utuh,test_pave,pavement,pavement_003,P/UP/003-156.jpg,"[0, 0, 256, 256]",1.0,sdnet_tile,pavement
utuh/pavement_003-182.jpg,0,utuh,test_pave,pavement,pavement_003,P/UP/003-182.jpg,"[0, 0, 256, 256]",1.0,sdnet_tile,pavement
utuh/pavement_003-19.jpg,0,utuh,test_pave,pavement,pavement_003,P/UP/003-19.jpg,"[0, 0, 256, 256]",1.0,sdnet_tile,pavement
utuh/pavement_003-194.jpg,0,utuh,test_pave,pavement,pavement_003,P/UP/003-194.jpg,"[0, 0, 256, 256]",1.0,sdnet_tile,pavement
utuh/pavement_003-215.jpg,0,utuh,test_pave,pavement,pavement_003,P/UP/003-215.jpg,"[0, 0, 256, 256]",1.0,sdnet_tile,pavement
utuh/pavement_003-229.jpg,0,utuh,test_pave,pavement,pavement_003,P/UP/003-229.jpg,"[0, 0, 256, 256]",1.0,sdnet_tile,pavement
utuh/pavement_003-231.jpg,0,utuh,test_pave,pavement,pavement_003,P/UP/003-231.jpg,"[0, 0, 256, 256]",1.0,sdnet_tile,pavement
utuh/pavement_003-37.jpg,0,utuh,test_pave,pavement,pavement_003,P/UP/003-37.jpg,"[0, 0, 256, 256]",1.0,sdnet_tile,pavement
utuh/pavement_003-40.jpg,0,utuh,test_pave,pavement,pavement_003,P/UP/003-40.jpg,"[0, 0, 256, 256]",1.0,sdnet_tile,pavement
utuh/pavement_003-5.jpg,0,utuh,test_pave,pavement,pavement_003,P/UP/003-5.jpg,"[0, 0, 256, 256]",1.0,sdnet_tile,pavement
utuh/pavement_003-57.jpg,0,utuh,test_pave,pavement,pavement_003,P/UP/003-57.jpg,"[0, 0, 256, 256]",1.0,sdnet_tile,pavement
utuh/pavement_003-75.jpg,0,utuh,test_pave,pavement,pavement_003,P/UP/003-75.jpg,"[0, 0, 256, 256]",1.0,sdnet_tile,pavement
utuh/pavement_003-83.jpg,0,utuh,test_pave,pavement,pavement_003,P/UP/003-83.jpg,"[0, 0, 256, 256]",1.0,sdnet_tile,pavement
utuh/pavement_003-87.jpg,0,utuh,test_pave,pavement,pavement_003,P/UP/003-87.jpg,"[0, 0, 256, 256]",1.0,sdnet_tile,pavement
utuh/pavement_003-92.jpg,0,utuh,test_pave,pavement,pavement_003,P/UP/003-92.jpg,"[0, 0, 256, 256]",1.0,sdnet_tile,pavement
utuh/pavement_003-94.jpg,0,utuh,test_pave,pavement,pavement_003,P/UP/003-94.jpg,"[0, 0, 256, 256]",1.0,sdnet_tile,pavement
utuh/pavement_003-98.jpg,0,utuh,test_pave,pavement,pavement_003,P/UP/003-98.jpg,"[0, 0, 256, 256]",1.0,sdnet_tile,pavement
utuh/pavement_004-11.jpg,0,utuh,test_pave,pavement,pavement_004,P/UP/004-11.jpg,"[0, 0, 256, 256]",1.0,sdnet_tile,pavement
utuh/pavement_004-131.jpg,0,utuh,test_pave,pavement,pavement_004,P/UP/004-131.jpg,"[0, 0, 256, 256]",1.0,sdnet_tile,pavement
utuh/pavement_004-134.jpg,0,utuh,test_pave,pavement,pavement_004,P/UP/004-134.jpg,"[0, 0, 256, 256]",1.0,sdnet_tile,pavement
utuh/pavement_004-135.jpg,0,utuh,test_pave,pavement,pavement_004,P/UP/004-135.jpg,"[0, 0, 256, 256]",1.0,sdnet_tile,pavement
utuh/pavement_004-141.jpg,0,utuh,test_pave,pavement,pavement_004,P/UP/004-141.jpg,"[0, 0, 256, 256]",1.0,sdnet_tile,pavement
utuh/pavement_004-147.jpg,0,utuh,test_pave,pavement,pavement_004,P/UP/004-147.jpg,"[0, 0, 256, 256]",1.0,sdnet_tile,pavement
utuh/pavement_004-158.jpg,0,utuh,test_pave,pavement,pavement_004,P/UP/004-158.jpg,"[0, 0, 256, 256]",1.0,sdnet_tile,pavement
utuh/pavement_004-160.jpg,0,utuh,test_pave,pavement,pavement_004,P/UP/004-160.jpg,"[0, 0, 256, 256]",1.0,sdnet_tile,pavement
utuh/pavement_004-173.jpg,0,utuh,test_pave,pavement,pavement_004,P/UP/004-173.jpg,"[0, 0, 256, 256]",1.0,sdnet_tile,pavement
utuh/pavement_004-179.jpg,0,utuh,test_pave,pavement,pavement_004,P/UP/004-179.jpg,"[0, 0, 256, 256]",1.0,sdnet_tile,pavement
utuh/pavement_004-181.jpg,0,utuh,test_pave,pavement,pavement_004,P/UP/004-181.jpg,"[0, 0, 256, 256]",1.0,sdnet_tile,pavement
utuh/pavement_004-186.jpg,0,utuh,test_pave,pavement,pavement_004,P/UP/004-186.jpg,"[0, 0, 256, 256]",1.0,sdnet_tile,pavement
utuh/pavement_004-187.jpg,0,utuh,test_pave,pavement,pavement_004,P/UP/004-187.jpg,"[0, 0, 256, 256]",1.0,sdnet_tile,pavement
utuh/pavement_004-189.jpg,0,utuh,test_pave,pavement,pavement_004,P/UP/004-189.jpg,"[0, 0, 256, 256]",1.0,sdnet_tile,pavement
utuh/pavement_004-205.jpg,0,utuh,test_pave,pavement,pavement_004,P/UP/004-205.jpg,"[0, 0, 256, 256]",1.0,sdnet_tile,pavement
utuh/pavement_004-214.jpg,0,utuh,test_pave,pavement,pavement_004,P/UP/004-214.jpg,"[0, 0, 256, 256]",1.0,sdnet_tile,pavement
utuh/pavement_004-226.jpg,0,utuh,test_pave,pavement,pavement_004,P/UP/004-226.jpg,"[0, 0, 256, 256]",1.0,sdnet_tile,pavement
utuh/pavement_004-28.jpg,0,utuh,test_pave,pavement,pavement_004,P/UP/004-28.jpg,"[0, 0, 256, 256]",1.0,sdnet_tile,pavement
utuh/pavement_004-32.jpg,0,utuh,test_pave,pavement,pavement_004,P/UP/004-32.jpg,"[0, 0, 256, 256]",1.0,sdnet_tile,pavement
utuh/pavement_004-34.jpg,0,utuh,test_pave,pavement,pavement_004,P/UP/004-34.jpg,"[0, 0, 256, 256]",1.0,sdnet_tile,pavement
utuh/pavement_004-41.jpg,0,utuh,test_pave,pavement,pavement_004,P/UP/004-41.jpg,"[0, 0, 256, 256]",1.0,sdnet_tile,pavement
utuh/pavement_004-46.jpg,0,utuh,test_pave,pavement,pavement_004,P/UP/004-46.jpg,"[0, 0, 256, 256]",1.0,sdnet_tile,pavement
utuh/pavement_004-66.jpg,0,utuh,test_pave,pavement,pavement_004,P/UP/004-66.jpg,"[0, 0, 256, 256]",1.0,sdnet_tile,pavement
utuh/pavement_004-82.jpg,0,utuh,test_pave,pavement,pavement_004,P/UP/004-82.jpg,"[0, 0, 256, 256]",1.0,sdnet_tile,pavement
utuh/pavement_005-122.jpg,0,utuh,test_pave,pavement,pavement_005,P/UP/005-122.jpg,"[0, 0, 256, 256]",1.0,sdnet_tile,pavement
utuh/pavement_005-125.jpg,0,utuh,test_pave,pavement,pavement_005,P/UP/005-125.jpg,"[0, 0, 256, 256]",1.0,sdnet_tile,pavement
utuh/pavement_005-126.jpg,0,utuh,test_pave,pavement,pavement_005,P/UP/005-126.jpg,"[0, 0, 256, 256]",1.0,sdnet_tile,pavement
utuh/pavement_005-131.jpg,0,utuh,test_pave,pavement,pavement_005,P/UP/005-131.jpg,"[0, 0, 256, 256]",1.0,sdnet_tile,pavement
utuh/pavement_005-134.jpg,0,utuh,test_pave,pavement,pavement_005,P/UP/005-134.jpg,"[0, 0, 256, 256]",1.0,sdnet_tile,pavement
utuh/pavement_005-155.jpg,0,utuh,test_pave,pavement,pavement_005,P/UP/005-155.jpg,"[0, 0, 256, 256]",1.0,sdnet_tile,pavement
utuh/pavement_005-160.jpg,0,utuh,test_pave,pavement,pavement_005,P/UP/005-160.jpg,"[0, 0, 256, 256]",1.0,sdnet_tile,pavement
utuh/pavement_005-166.jpg,0,utuh,test_pave,pavement,pavement_005,P/UP/005-166.jpg,"[0, 0, 256, 256]",1.0,sdnet_tile,pavement
utuh/pavement_005-17.jpg,0,utuh,test_pave,pavement,pavement_005,P/UP/005-17.jpg,"[0, 0, 256, 256]",1.0,sdnet_tile,pavement
utuh/pavement_005-182.jpg,0,utuh,test_pave,pavement,pavement_005,P/UP/005-182.jpg,"[0, 0, 256, 256]",1.0,sdnet_tile,pavement
utuh/pavement_005-186.jpg,0,utuh,test_pave,pavement,pavement_005,P/UP/005-186.jpg,"[0, 0, 256, 256]",1.0,sdnet_tile,pavement
utuh/pavement_005-207.jpg,0,utuh,test_pave,pavement,pavement_005,P/UP/005-207.jpg,"[0, 0, 256, 256]",1.0,sdnet_tile,pavement
utuh/pavement_005-217.jpg,0,utuh,test_pave,pavement,pavement_005,P/UP/005-217.jpg,"[0, 0, 256, 256]",1.0,sdnet_tile,pavement
utuh/pavement_005-221.jpg,0,utuh,test_pave,pavement,pavement_005,P/UP/005-221.jpg,"[0, 0, 256, 256]",1.0,sdnet_tile,pavement
utuh/pavement_005-225.jpg,0,utuh,test_pave,pavement,pavement_005,P/UP/005-225.jpg,"[0, 0, 256, 256]",1.0,sdnet_tile,pavement
utuh/pavement_005-27.jpg,0,utuh,test_pave,pavement,pavement_005,P/UP/005-27.jpg,"[0, 0, 256, 256]",1.0,sdnet_tile,pavement
utuh/pavement_005-4.jpg,0,utuh,test_pave,pavement,pavement_005,P/UP/005-4.jpg,"[0, 0, 256, 256]",1.0,sdnet_tile,pavement
utuh/pavement_005-46.jpg,0,utuh,test_pave,pavement,pavement_005,P/UP/005-46.jpg,"[0, 0, 256, 256]",1.0,sdnet_tile,pavement
utuh/pavement_005-50.jpg,0,utuh,test_pave,pavement,pavement_005,P/UP/005-50.jpg,"[0, 0, 256, 256]",1.0,sdnet_tile,pavement
utuh/pavement_005-58.jpg,0,utuh,test_pave,pavement,pavement_005,P/UP/005-58.jpg,"[0, 0, 256, 256]",1.0,sdnet_tile,pavement
utuh/pavement_005-71.jpg,0,utuh,test_pave,pavement,pavement_005,P/UP/005-71.jpg,"[0, 0, 256, 256]",1.0,sdnet_tile,pavement
utuh/pavement_005-76.jpg,0,utuh,test_pave,pavement,pavement_005,P/UP/005-76.jpg,"[0, 0, 256, 256]",1.0,sdnet_tile,pavement
utuh/pavement_005-86.jpg,0,utuh,test_pave,pavement,pavement_005,P/UP/005-86.jpg,"[0, 0, 256, 256]",1.0,sdnet_tile,pavement
utuh/pavement_005-96.jpg,0,utuh,test_pave,pavement,pavement_005,P/UP/005-96.jpg,"[0, 0, 256, 256]",1.0,sdnet_tile,pavement
utuh/pavement_006-100.jpg,0,utuh,test_pave,pavement,pavement_006,P/UP/006-100.jpg,"[0, 0, 256, 256]",1.0,sdnet_tile,pavement
utuh/pavement_006-111.jpg,0,utuh,test_pave,pavement,pavement_006,P/UP/006-111.jpg,"[0, 0, 256, 256]",1.0,sdnet_tile,pavement
utuh/pavement_006-119.jpg,0,utuh,test_pave,pavement,pavement_006,P/UP/006-119.jpg,"[0, 0, 256, 256]",1.0,sdnet_tile,pavement
utuh/pavement_006-122.jpg,0,utuh,test_pave,pavement,pavement_006,P/UP/006-122.jpg,"[0, 0, 256, 256]",1.0,sdnet_tile,pavement
utuh/pavement_006-123.jpg,0,utuh,test_pave,pavement,pavement_006,P/UP/006-123.jpg,"[0, 0, 256, 256]",1.0,sdnet_tile,pavement
utuh/pavement_006-124.jpg,0,utuh,test_pave,pavement,pavement_006,P/UP/006-124.jpg,"[0, 0, 256, 256]",1.0,sdnet_tile,pavement
utuh/pavement_006-125.jpg,0,utuh,test_pave,pavement,pavement_006,P/UP/006-125.jpg,"[0, 0, 256, 256]",1.0,sdnet_tile,pavement
utuh/pavement_006-146.jpg,0,utuh,test_pave,pavement,pavement_006,P/UP/006-146.jpg,"[0, 0, 256, 256]",1.0,sdnet_tile,pavement
utuh/pavement_006-151.jpg,0,utuh,test_pave,pavement,pavement_006,P/UP/006-151.jpg,"[0, 0, 256, 256]",1.0,sdnet_tile,pavement
utuh/pavement_006-155.jpg,0,utuh,test_pave,pavement,pavement_006,P/UP/006-155.jpg,"[0, 0, 256, 256]",1.0,sdnet_tile,pavement
utuh/pavement_006-184.jpg,0,utuh,test_pave,pavement,pavement_006,P/UP/006-184.jpg,"[0, 0, 256, 256]",1.0,sdnet_tile,pavement
utuh/pavement_006-200.jpg,0,utuh,test_pave,pavement,pavement_006,P/UP/006-200.jpg,"[0, 0, 256, 256]",1.0,sdnet_tile,pavement
utuh/pavement_006-211.jpg,0,utuh,test_pave,pavement,pavement_006,P/UP/006-211.jpg,"[0, 0, 256, 256]",1.0,sdnet_tile,pavement
utuh/pavement_006-212.jpg,0,utuh,test_pave,pavement,pavement_006,P/UP/006-212.jpg,"[0, 0, 256, 256]",1.0,sdnet_tile,pavement
utuh/pavement_006-231.jpg,0,utuh,test_pave,pavement,pavement_006,P/UP/006-231.jpg,"[0, 0, 256, 256]",1.0,sdnet_tile,pavement
utuh/pavement_006-26.jpg,0,utuh,test_pave,pavement,pavement_006,P/UP/006-26.jpg,"[0, 0, 256, 256]",1.0,sdnet_tile,pavement
utuh/pavement_006-40.jpg,0,utuh,test_pave,pavement,pavement_006,P/UP/006-40.jpg,"[0, 0, 256, 256]",1.0,sdnet_tile,pavement
utuh/pavement_006-44.jpg,0,utuh,test_pave,pavement,pavement_006,P/UP/006-44.jpg,"[0, 0, 256, 256]",1.0,sdnet_tile,pavement
utuh/pavement_006-48.jpg,0,utuh,test_pave,pavement,pavement_006,P/UP/006-48.jpg,"[0, 0, 256, 256]",1.0,sdnet_tile,pavement
utuh/pavement_006-51.jpg,0,utuh,test_pave,pavement,pavement_006,P/UP/006-51.jpg,"[0, 0, 256, 256]",1.0,sdnet_tile,pavement
utuh/pavement_006-73.jpg,0,utuh,test_pave,pavement,pavement_006,P/UP/006-73.jpg,"[0, 0, 256, 256]",1.0,sdnet_tile,pavement
utuh/pavement_006-79.jpg,0,utuh,test_pave,pavement,pavement_006,P/UP/006-79.jpg,"[0, 0, 256, 256]",1.0,sdnet_tile,pavement
utuh/pavement_006-85.jpg,0,utuh,test_pave,pavement,pavement_006,P/UP/006-85.jpg,"[0, 0, 256, 256]",1.0,sdnet_tile,pavement
utuh/pavement_006-91.jpg,0,utuh,test_pave,pavement,pavement_006,P/UP/006-91.jpg,"[0, 0, 256, 256]",1.0,sdnet_tile,pavement
utuh/pavement_007-111.jpg,0,utuh,test_pave,pavement,pavement_007,P/UP/007-111.jpg,"[0, 0, 256, 256]",1.0,sdnet_tile,pavement
utuh/pavement_007-114.jpg,0,utuh,test_pave,pavement,pavement_007,P/UP/007-114.jpg,"[0, 0, 256, 256]",1.0,sdnet_tile,pavement
utuh/pavement_007-13.jpg,0,utuh,test_pave,pavement,pavement_007,P/UP/007-13.jpg,"[0, 0, 256, 256]",1.0,sdnet_tile,pavement
utuh/pavement_007-145.jpg,0,utuh,test_pave,pavement,pavement_007,P/UP/007-145.jpg,"[0, 0, 256, 256]",1.0,sdnet_tile,pavement
utuh/pavement_007-150.jpg,0,utuh,test_pave,pavement,pavement_007,P/UP/007-150.jpg,"[0, 0, 256, 256]",1.0,sdnet_tile,pavement
utuh/pavement_007-154.jpg,0,utuh,test_pave,pavement,pavement_007,P/UP/007-154.jpg,"[0, 0, 256, 256]",1.0,sdnet_tile,pavement
utuh/pavement_007-158.jpg,0,utuh,test_pave,pavement,pavement_007,P/UP/007-158.jpg,"[0, 0, 256, 256]",1.0,sdnet_tile,pavement
utuh/pavement_007-16.jpg,0,utuh,test_pave,pavement,pavement_007,P/UP/007-16.jpg,"[0, 0, 256, 256]",1.0,sdnet_tile,pavement
utuh/pavement_007-174.jpg,0,utuh,test_pave,pavement,pavement_007,P/UP/007-174.jpg,"[0, 0, 256, 256]",1.0,sdnet_tile,pavement
utuh/pavement_007-180.jpg,0,utuh,test_pave,pavement,pavement_007,P/UP/007-180.jpg,"[0, 0, 256, 256]",1.0,sdnet_tile,pavement
utuh/pavement_007-182.jpg,0,utuh,test_pave,pavement,pavement_007,P/UP/007-182.jpg,"[0, 0, 256, 256]",1.0,sdnet_tile,pavement
utuh/pavement_007-186.jpg,0,utuh,test_pave,pavement,pavement_007,P/UP/007-186.jpg,"[0, 0, 256, 256]",1.0,sdnet_tile,pavement
utuh/pavement_007-187.jpg,0,utuh,test_pave,pavement,pavement_007,P/UP/007-187.jpg,"[0, 0, 256, 256]",1.0,sdnet_tile,pavement
utuh/pavement_007-196.jpg,0,utuh,test_pave,pavement,pavement_007,P/UP/007-196.jpg,"[0, 0, 256, 256]",1.0,sdnet_tile,pavement
utuh/pavement_007-203.jpg,0,utuh,test_pave,pavement,pavement_007,P/UP/007-203.jpg,"[0, 0, 256, 256]",1.0,sdnet_tile,pavement
utuh/pavement_007-219.jpg,0,utuh,test_pave,pavement,pavement_007,P/UP/007-219.jpg,"[0, 0, 256, 256]",1.0,sdnet_tile,pavement
utuh/pavement_007-221.jpg,0,utuh,test_pave,pavement,pavement_007,P/UP/007-221.jpg,"[0, 0, 256, 256]",1.0,sdnet_tile,pavement
utuh/pavement_007-36.jpg,0,utuh,test_pave,pavement,pavement_007,P/UP/007-36.jpg,"[0, 0, 256, 256]",1.0,sdnet_tile,pavement
utuh/pavement_007-55.jpg,0,utuh,test_pave,pavement,pavement_007,P/UP/007-55.jpg,"[0, 0, 256, 256]",1.0,sdnet_tile,pavement
utuh/pavement_007-62.jpg,0,utuh,test_pave,pavement,pavement_007,P/UP/007-62.jpg,"[0, 0, 256, 256]",1.0,sdnet_tile,pavement
utuh/pavement_007-63.jpg,0,utuh,test_pave,pavement,pavement_007,P/UP/007-63.jpg,"[0, 0, 256, 256]",1.0,sdnet_tile,pavement
utuh/pavement_007-74.jpg,0,utuh,test_pave,pavement,pavement_007,P/UP/007-74.jpg,"[0, 0, 256, 256]",1.0,sdnet_tile,pavement
utuh/pavement_007-8.jpg,0,utuh,test_pave,pavement,pavement_007,P/UP/007-8.jpg,"[0, 0, 256, 256]",1.0,sdnet_tile,pavement
utuh/pavement_007-85.jpg,0,utuh,test_pave,pavement,pavement_007,P/UP/007-85.jpg,"[0, 0, 256, 256]",1.0,sdnet_tile,pavement
utuh/pavement_008-115.jpg,0,utuh,test_pave,pavement,pavement_008,P/UP/008-115.jpg,"[0, 0, 256, 256]",1.0,sdnet_tile,pavement
utuh/pavement_008-119.jpg,0,utuh,test_pave,pavement,pavement_008,P/UP/008-119.jpg,"[0, 0, 256, 256]",1.0,sdnet_tile,pavement
utuh/pavement_008-12.jpg,0,utuh,test_pave,pavement,pavement_008,P/UP/008-12.jpg,"[0, 0, 256, 256]",1.0,sdnet_tile,pavement
utuh/pavement_008-122.jpg,0,utuh,test_pave,pavement,pavement_008,P/UP/008-122.jpg,"[0, 0, 256, 256]",1.0,sdnet_tile,pavement
utuh/pavement_008-152.jpg,0,utuh,test_pave,pavement,pavement_008,P/UP/008-152.jpg,"[0, 0, 256, 256]",1.0,sdnet_tile,pavement
utuh/pavement_008-171.jpg,0,utuh,test_pave,pavement,pavement_008,P/UP/008-171.jpg,"[0, 0, 256, 256]",1.0,sdnet_tile,pavement
utuh/pavement_008-172.jpg,0,utuh,test_pave,pavement,pavement_008,P/UP/008-172.jpg,"[0, 0, 256, 256]",1.0,sdnet_tile,pavement
utuh/pavement_008-173.jpg,0,utuh,test_pave,pavement,pavement_008,P/UP/008-173.jpg,"[0, 0, 256, 256]",1.0,sdnet_tile,pavement
utuh/pavement_008-177.jpg,0,utuh,test_pave,pavement,pavement_008,P/UP/008-177.jpg,"[0, 0, 256, 256]",1.0,sdnet_tile,pavement
utuh/pavement_008-185.jpg,0,utuh,test_pave,pavement,pavement_008,P/UP/008-185.jpg,"[0, 0, 256, 256]",1.0,sdnet_tile,pavement
utuh/pavement_008-194.jpg,0,utuh,test_pave,pavement,pavement_008,P/UP/008-194.jpg,"[0, 0, 256, 256]",1.0,sdnet_tile,pavement
utuh/pavement_008-199.jpg,0,utuh,test_pave,pavement,pavement_008,P/UP/008-199.jpg,"[0, 0, 256, 256]",1.0,sdnet_tile,pavement
utuh/pavement_008-205.jpg,0,utuh,test_pave,pavement,pavement_008,P/UP/008-205.jpg,"[0, 0, 256, 256]",1.0,sdnet_tile,pavement
utuh/pavement_008-216.jpg,0,utuh,test_pave,pavement,pavement_008,P/UP/008-216.jpg,"[0, 0, 256, 256]",1.0,sdnet_tile,pavement
utuh/pavement_008-219.jpg,0,utuh,test_pave,pavement,pavement_008,P/UP/008-219.jpg,"[0, 0, 256, 256]",1.0,sdnet_tile,pavement
utuh/pavement_008-222.jpg,0,utuh,test_pave,pavement,pavement_008,P/UP/008-222.jpg,"[0, 0, 256, 256]",1.0,sdnet_tile,pavement
utuh/pavement_008-232.jpg,0,utuh,test_pave,pavement,pavement_008,P/UP/008-232.jpg,"[0, 0, 256, 256]",1.0,sdnet_tile,pavement
utuh/pavement_008-27.jpg,0,utuh,test_pave,pavement,pavement_008,P/UP/008-27.jpg,"[0, 0, 256, 256]",1.0,sdnet_tile,pavement
utuh/pavement_008-31.jpg,0,utuh,test_pave,pavement,pavement_008,P/UP/008-31.jpg,"[0, 0, 256, 256]",1.0,sdnet_tile,pavement
utuh/pavement_008-73.jpg,0,utuh,test_pave,pavement,pavement_008,P/UP/008-73.jpg,"[0, 0, 256, 256]",1.0,sdnet_tile,pavement
utuh/pavement_008-84.jpg,0,utuh,test_pave,pavement,pavement_008,P/UP/008-84.jpg,"[0, 0, 256, 256]",1.0,sdnet_tile,pavement
utuh/pavement_008-89.jpg,0,utuh,test_pave,pavement,pavement_008,P/UP/008-89.jpg,"[0, 0, 256, 256]",1.0,sdnet_tile,pavement
utuh/pavement_008-92.jpg,0,utuh,test_pave,pavement,pavement_008,P/UP/008-92.jpg,"[0, 0, 256, 256]",1.0,sdnet_tile,pavement
utuh/pavement_008-96.jpg,0,utuh,test_pave,pavement,pavement_008,P/UP/008-96.jpg,"[0, 0, 256, 256]",1.0,sdnet_tile,pavement
utuh/pavement_009-101.jpg,0,utuh,test_pave,pavement,pavement_009,P/UP/009-101.jpg,"[0, 0, 256, 256]",1.0,sdnet_tile,pavement
utuh/pavement_009-107.jpg,0,utuh,test_pave,pavement,pavement_009,P/UP/009-107.jpg,"[0, 0, 256, 256]",1.0,sdnet_tile,pavement
utuh/pavement_009-128.jpg,0,utuh,test_pave,pavement,pavement_009,P/UP/009-128.jpg,"[0, 0, 256, 256]",1.0,sdnet_tile,pavement
utuh/pavement_009-133.jpg,0,utuh,test_pave,pavement,pavement_009,P/UP/009-133.jpg,"[0, 0, 256, 256]",1.0,sdnet_tile,pavement
utuh/pavement_009-136.jpg,0,utuh,test_pave,pavement,pavement_009,P/UP/009-136.jpg,"[0, 0, 256, 256]",1.0,sdnet_tile,pavement
utuh/pavement_009-156.jpg,0,utuh,test_pave,pavement,pavement_009,P/UP/009-156.jpg,"[0, 0, 256, 256]",1.0,sdnet_tile,pavement
utuh/pavement_009-158.jpg,0,utuh,test_pave,pavement,pavement_009,P/UP/009-158.jpg,"[0, 0, 256, 256]",1.0,sdnet_tile,pavement
utuh/pavement_009-159.jpg,0,utuh,test_pave,pavement,pavement_009,P/UP/009-159.jpg,"[0, 0, 256, 256]",1.0,sdnet_tile,pavement
utuh/pavement_009-172.jpg,0,utuh,test_pave,pavement,pavement_009,P/UP/009-172.jpg,"[0, 0, 256, 256]",1.0,sdnet_tile,pavement
utuh/pavement_009-173.jpg,0,utuh,test_pave,pavement,pavement_009,P/UP/009-173.jpg,"[0, 0, 256, 256]",1.0,sdnet_tile,pavement
utuh/pavement_009-184.jpg,0,utuh,test_pave,pavement,pavement_009,P/UP/009-184.jpg,"[0, 0, 256, 256]",1.0,sdnet_tile,pavement
utuh/pavement_009-212.jpg,0,utuh,test_pave,pavement,pavement_009,P/UP/009-212.jpg,"[0, 0, 256, 256]",1.0,sdnet_tile,pavement
utuh/pavement_009-214.jpg,0,utuh,test_pave,pavement,pavement_009,P/UP/009-214.jpg,"[0, 0, 256, 256]",1.0,sdnet_tile,pavement
utuh/pavement_009-219.jpg,0,utuh,test_pave,pavement,pavement_009,P/UP/009-219.jpg,"[0, 0, 256, 256]",1.0,sdnet_tile,pavement
utuh/pavement_009-220.jpg,0,utuh,test_pave,pavement,pavement_009,P/UP/009-220.jpg,"[0, 0, 256, 256]",1.0,sdnet_tile,pavement
utuh/pavement_009-229.jpg,0,utuh,test_pave,pavement,pavement_009,P/UP/009-229.jpg,"[0, 0, 256, 256]",1.0,sdnet_tile,pavement
utuh/pavement_009-29.jpg,0,utuh,test_pave,pavement,pavement_009,P/UP/009-29.jpg,"[0, 0, 256, 256]",1.0,sdnet_tile,pavement
utuh/pavement_009-39.jpg,0,utuh,test_pave,pavement,pavement_009,P/UP/009-39.jpg,"[0, 0, 256, 256]",1.0,sdnet_tile,pavement
utuh/pavement_009-40.jpg,0,utuh,test_pave,pavement,pavement_009,P/UP/009-40.jpg,"[0, 0, 256, 256]",1.0,sdnet_tile,pavement
utuh/pavement_009-45.jpg,0,utuh,test_pave,pavement,pavement_009,P/UP/009-45.jpg,"[0, 0, 256, 256]",1.0,sdnet_tile,pavement
utuh/pavement_009-92.jpg,0,utuh,test_pave,pavement,pavement_009,P/UP/009-92.jpg,"[0, 0, 256, 256]",1.0,sdnet_tile,pavement
utuh/pavement_009-96.jpg,0,utuh,test_pave,pavement,pavement_009,P/UP/009-96.jpg,"[0, 0, 256, 256]",1.0,sdnet_tile,pavement
utuh/pavement_009-99.jpg,0,utuh,test_pave,pavement,pavement_009,P/UP/009-99.jpg,"[0, 0, 256, 256]",1.0,sdnet_tile,pavement
utuh/pavement_010-138.jpg,0,utuh,test_pave,pavement,pavement_010,P/UP/010-138.jpg,"[0, 0, 256, 256]",1.0,sdnet_tile,pavement
utuh/pavement_010-141.jpg,0,utuh,test_pave,pavement,pavement_010,P/UP/010-141.jpg,"[0, 0, 256, 256]",1.0,sdnet_tile,pavement
utuh/pavement_010-145.jpg,0,utuh,test_pave,pavement,pavement_010,P/UP/010-145.jpg,"[0, 0, 256, 256]",1.0,sdnet_tile,pavement
utuh/pavement_010-150.jpg,0,utuh,test_pave,pavement,pavement_010,P/UP/010-150.jpg,"[0, 0, 256, 256]",1.0,sdnet_tile,pavement
utuh/pavement_010-153.jpg,0,utuh,test_pave,pavement,pavement_010,P/UP/010-153.jpg,"[0, 0, 256, 256]",1.0,sdnet_tile,pavement
utuh/pavement_010-156.jpg,0,utuh,test_pave,pavement,pavement_010,P/UP/010-156.jpg,"[0, 0, 256, 256]",1.0,sdnet_tile,pavement
utuh/pavement_010-161.jpg,0,utuh,test_pave,pavement,pavement_010,P/UP/010-161.jpg,"[0, 0, 256, 256]",1.0,sdnet_tile,pavement
utuh/pavement_010-167.jpg,0,utuh,test_pave,pavement,pavement_010,P/UP/010-167.jpg,"[0, 0, 256, 256]",1.0,sdnet_tile,pavement
utuh/pavement_010-182.jpg,0,utuh,test_pave,pavement,pavement_010,P/UP/010-182.jpg,"[0, 0, 256, 256]",1.0,sdnet_tile,pavement
utuh/pavement_010-183.jpg,0,utuh,test_pave,pavement,pavement_010,P/UP/010-183.jpg,"[0, 0, 256, 256]",1.0,sdnet_tile,pavement
utuh/pavement_010-185.jpg,0,utuh,test_pave,pavement,pavement_010,P/UP/010-185.jpg,"[0, 0, 256, 256]",1.0,sdnet_tile,pavement
utuh/pavement_010-196.jpg,0,utuh,test_pave,pavement,pavement_010,P/UP/010-196.jpg,"[0, 0, 256, 256]",1.0,sdnet_tile,pavement
utuh/pavement_010-198.jpg,0,utuh,test_pave,pavement,pavement_010,P/UP/010-198.jpg,"[0, 0, 256, 256]",1.0,sdnet_tile,pavement
utuh/pavement_010-205.jpg,0,utuh,test_pave,pavement,pavement_010,P/UP/010-205.jpg,"[0, 0, 256, 256]",1.0,sdnet_tile,pavement
utuh/pavement_010-214.jpg,0,utuh,test_pave,pavement,pavement_010,P/UP/010-214.jpg,"[0, 0, 256, 256]",1.0,sdnet_tile,pavement
utuh/pavement_010-218.jpg,0,utuh,test_pave,pavement,pavement_010,P/UP/010-218.jpg,"[0, 0, 256, 256]",1.0,sdnet_tile,pavement
utuh/pavement_010-219.jpg,0,utuh,test_pave,pavement,pavement_010,P/UP/010-219.jpg,"[0, 0, 256, 256]",1.0,sdnet_tile,pavement
utuh/pavement_010-222.jpg,0,utuh,test_pave,pavement,pavement_010,P/UP/010-222.jpg,"[0, 0, 256, 256]",1.0,sdnet_tile,pavement
utuh/pavement_010-224.jpg,0,utuh,test_pave,pavement,pavement_010,P/UP/010-224.jpg,"[0, 0, 256, 256]",1.0,sdnet_tile,pavement
utuh/pavement_010-225.jpg,0,utuh,test_pave,pavement,pavement_010,P/UP/010-225.jpg,"[0, 0, 256, 256]",1.0,sdnet_tile,pavement
utuh/pavement_010-59.jpg,0,utuh,test_pave,pavement,pavement_010,P/UP/010-59.jpg,"[0, 0, 256, 256]",1.0,sdnet_tile,pavement
utuh/pavement_010-77.jpg,0,utuh,test_pave,pavement,pavement_010,P/UP/010-77.jpg,"[0, 0, 256, 256]",1.0,sdnet_tile,pavement
utuh/pavement_010-95.jpg,0,utuh,test_pave,pavement,pavement_010,P/UP/010-95.jpg,"[0, 0, 256, 256]",1.0,sdnet_tile,pavement
utuh/pavement_011-105.jpg,0,utuh,test_pave,pavement,pavement_011,P/UP/011-105.jpg,"[0, 0, 256, 256]",1.0,sdnet_tile,pavement
utuh/pavement_011-11.jpg,0,utuh,test_pave,pavement,pavement_011,P/UP/011-11.jpg,"[0, 0, 256, 256]",1.0,sdnet_tile,pavement
utuh/pavement_011-129.jpg,0,utuh,test_pave,pavement,pavement_011,P/UP/011-129.jpg,"[0, 0, 256, 256]",1.0,sdnet_tile,pavement
utuh/pavement_011-137.jpg,0,utuh,test_pave,pavement,pavement_011,P/UP/011-137.jpg,"[0, 0, 256, 256]",1.0,sdnet_tile,pavement
utuh/pavement_011-14.jpg,0,utuh,test_pave,pavement,pavement_011,P/UP/011-14.jpg,"[0, 0, 256, 256]",1.0,sdnet_tile,pavement
utuh/pavement_011-142.jpg,0,utuh,test_pave,pavement,pavement_011,P/UP/011-142.jpg,"[0, 0, 256, 256]",1.0,sdnet_tile,pavement
utuh/pavement_011-148.jpg,0,utuh,test_pave,pavement,pavement_011,P/UP/011-148.jpg,"[0, 0, 256, 256]",1.0,sdnet_tile,pavement
utuh/pavement_011-153.jpg,0,utuh,test_pave,pavement,pavement_011,P/UP/011-153.jpg,"[0, 0, 256, 256]",1.0,sdnet_tile,pavement
utuh/pavement_011-17.jpg,0,utuh,test_pave,pavement,pavement_011,P/UP/011-17.jpg,"[0, 0, 256, 256]",1.0,sdnet_tile,pavement
utuh/pavement_011-174.jpg,0,utuh,test_pave,pavement,pavement_011,P/UP/011-174.jpg,"[0, 0, 256, 256]",1.0,sdnet_tile,pavement
utuh/pavement_011-175.jpg,0,utuh,test_pave,pavement,pavement_011,P/UP/011-175.jpg,"[0, 0, 256, 256]",1.0,sdnet_tile,pavement
utuh/pavement_011-176.jpg,0,utuh,test_pave,pavement,pavement_011,P/UP/011-176.jpg,"[0, 0, 256, 256]",1.0,sdnet_tile,pavement
utuh/pavement_011-178.jpg,0,utuh,test_pave,pavement,pavement_011,P/UP/011-178.jpg,"[0, 0, 256, 256]",1.0,sdnet_tile,pavement
utuh/pavement_011-196.jpg,0,utuh,test_pave,pavement,pavement_011,P/UP/011-196.jpg,"[0, 0, 256, 256]",1.0,sdnet_tile,pavement
utuh/pavement_011-207.jpg,0,utuh,test_pave,pavement,pavement_011,P/UP/011-207.jpg,"[0, 0, 256, 256]",1.0,sdnet_tile,pavement
utuh/pavement_011-216.jpg,0,utuh,test_pave,pavement,pavement_011,P/UP/011-216.jpg,"[0, 0, 256, 256]",1.0,sdnet_tile,pavement
utuh/pavement_011-225.jpg,0,utuh,test_pave,pavement,pavement_011,P/UP/011-225.jpg,"[0, 0, 256, 256]",1.0,sdnet_tile,pavement
utuh/pavement_011-29.jpg,0,utuh,test_pave,pavement,pavement_011,P/UP/011-29.jpg,"[0, 0, 256, 256]",1.0,sdnet_tile,pavement
utuh/pavement_011-31.jpg,0,utuh,test_pave,pavement,pavement_011,P/UP/011-31.jpg,"[0, 0, 256, 256]",1.0,sdnet_tile,pavement
utuh/pavement_011-53.jpg,0,utuh,test_pave,pavement,pavement_011,P/UP/011-53.jpg,"[0, 0, 256, 256]",1.0,sdnet_tile,pavement
utuh/pavement_011-62.jpg,0,utuh,test_pave,pavement,pavement_011,P/UP/011-62.jpg,"[0, 0, 256, 256]",1.0,sdnet_tile,pavement
utuh/pavement_011-76.jpg,0,utuh,test_pave,pavement,pavement_011,P/UP/011-76.jpg,"[0, 0, 256, 256]",1.0,sdnet_tile,pavement
utuh/pavement_011-91.jpg,0,utuh,test_pave,pavement,pavement_011,P/UP/011-91.jpg,"[0, 0, 256, 256]",1.0,sdnet_tile,pavement
utuh/pavement_012-1.jpg,0,utuh,test_pave,pavement,pavement_012,P/UP/012-1.jpg,"[0, 0, 256, 256]",1.0,sdnet_tile,pavement
utuh/pavement_012-123.jpg,0,utuh,test_pave,pavement,pavement_012,P/UP/012-123.jpg,"[0, 0, 256, 256]",1.0,sdnet_tile,pavement
utuh/pavement_012-139.jpg,0,utuh,test_pave,pavement,pavement_012,P/UP/012-139.jpg,"[0, 0, 256, 256]",1.0,sdnet_tile,pavement
utuh/pavement_012-145.jpg,0,utuh,test_pave,pavement,pavement_012,P/UP/012-145.jpg,"[0, 0, 256, 256]",1.0,sdnet_tile,pavement
utuh/pavement_012-151.jpg,0,utuh,test_pave,pavement,pavement_012,P/UP/012-151.jpg,"[0, 0, 256, 256]",1.0,sdnet_tile,pavement
utuh/pavement_012-161.jpg,0,utuh,test_pave,pavement,pavement_012,P/UP/012-161.jpg,"[0, 0, 256, 256]",1.0,sdnet_tile,pavement
utuh/pavement_012-168.jpg,0,utuh,test_pave,pavement,pavement_012,P/UP/012-168.jpg,"[0, 0, 256, 256]",1.0,sdnet_tile,pavement
utuh/pavement_012-173.jpg,0,utuh,test_pave,pavement,pavement_012,P/UP/012-173.jpg,"[0, 0, 256, 256]",1.0,sdnet_tile,pavement
utuh/pavement_012-18.jpg,0,utuh,test_pave,pavement,pavement_012,P/UP/012-18.jpg,"[0, 0, 256, 256]",1.0,sdnet_tile,pavement
utuh/pavement_012-183.jpg,0,utuh,test_pave,pavement,pavement_012,P/UP/012-183.jpg,"[0, 0, 256, 256]",1.0,sdnet_tile,pavement
utuh/pavement_012-20.jpg,0,utuh,test_pave,pavement,pavement_012,P/UP/012-20.jpg,"[0, 0, 256, 256]",1.0,sdnet_tile,pavement
utuh/pavement_012-203.jpg,0,utuh,test_pave,pavement,pavement_012,P/UP/012-203.jpg,"[0, 0, 256, 256]",1.0,sdnet_tile,pavement
utuh/pavement_012-21.jpg,0,utuh,test_pave,pavement,pavement_012,P/UP/012-21.jpg,"[0, 0, 256, 256]",1.0,sdnet_tile,pavement
utuh/pavement_012-212.jpg,0,utuh,test_pave,pavement,pavement_012,P/UP/012-212.jpg,"[0, 0, 256, 256]",1.0,sdnet_tile,pavement
utuh/pavement_012-27.jpg,0,utuh,test_pave,pavement,pavement_012,P/UP/012-27.jpg,"[0, 0, 256, 256]",1.0,sdnet_tile,pavement
utuh/pavement_012-3.jpg,0,utuh,test_pave,pavement,pavement_012,P/UP/012-3.jpg,"[0, 0, 256, 256]",1.0,sdnet_tile,pavement
utuh/pavement_012-35.jpg,0,utuh,test_pave,pavement,pavement_012,P/UP/012-35.jpg,"[0, 0, 256, 256]",1.0,sdnet_tile,pavement
utuh/pavement_012-43.jpg,0,utuh,test_pave,pavement,pavement_012,P/UP/012-43.jpg,"[0, 0, 256, 256]",1.0,sdnet_tile,pavement
utuh/pavement_012-62.jpg,0,utuh,test_pave,pavement,pavement_012,P/UP/012-62.jpg,"[0, 0, 256, 256]",1.0,sdnet_tile,pavement
utuh/pavement_012-69.jpg,0,utuh,test_pave,pavement,pavement_012,P/UP/012-69.jpg,"[0, 0, 256, 256]",1.0,sdnet_tile,pavement
utuh/pavement_012-7.jpg,0,utuh,test_pave,pavement,pavement_012,P/UP/012-7.jpg,"[0, 0, 256, 256]",1.0,sdnet_tile,pavement
utuh/pavement_012-78.jpg,0,utuh,test_pave,pavement,pavement_012,P/UP/012-78.jpg,"[0, 0, 256, 256]",1.0,sdnet_tile,pavement
utuh/pavement_012-80.jpg,0,utuh,test_pave,pavement,pavement_012,P/UP/012-80.jpg,"[0, 0, 256, 256]",1.0,sdnet_tile,pavement
utuh/pavement_013-106.jpg,0,utuh,test_pave,pavement,pavement_013,P/UP/013-106.jpg,"[0, 0, 256, 256]",1.0,sdnet_tile,pavement
utuh/pavement_013-113.jpg,0,utuh,test_pave,pavement,pavement_013,P/UP/013-113.jpg,"[0, 0, 256, 256]",1.0,sdnet_tile,pavement
utuh/pavement_013-115.jpg,0,utuh,test_pave,pavement,pavement_013,P/UP/013-115.jpg,"[0, 0, 256, 256]",1.0,sdnet_tile,pavement
utuh/pavement_013-123.jpg,0,utuh,test_pave,pavement,pavement_013,P/UP/013-123.jpg,"[0, 0, 256, 256]",1.0,sdnet_tile,pavement
utuh/pavement_013-130.jpg,0,utuh,test_pave,pavement,pavement_013,P/UP/013-130.jpg,"[0, 0, 256, 256]",1.0,sdnet_tile,pavement
utuh/pavement_013-134.jpg,0,utuh,test_pave,pavement,pavement_013,P/UP/013-134.jpg,"[0, 0, 256, 256]",1.0,sdnet_tile,pavement
utuh/pavement_013-172.jpg,0,utuh,test_pave,pavement,pavement_013,P/UP/013-172.jpg,"[0, 0, 256, 256]",1.0,sdnet_tile,pavement
utuh/pavement_013-177.jpg,0,utuh,test_pave,pavement,pavement_013,P/UP/013-177.jpg,"[0, 0, 256, 256]",1.0,sdnet_tile,pavement
utuh/pavement_013-181.jpg,0,utuh,test_pave,pavement,pavement_013,P/UP/013-181.jpg,"[0, 0, 256, 256]",1.0,sdnet_tile,pavement
utuh/pavement_013-184.jpg,0,utuh,test_pave,pavement,pavement_013,P/UP/013-184.jpg,"[0, 0, 256, 256]",1.0,sdnet_tile,pavement
utuh/pavement_013-185.jpg,0,utuh,test_pave,pavement,pavement_013,P/UP/013-185.jpg,"[0, 0, 256, 256]",1.0,sdnet_tile,pavement
utuh/pavement_013-190.jpg,0,utuh,test_pave,pavement,pavement_013,P/UP/013-190.jpg,"[0, 0, 256, 256]",1.0,sdnet_tile,pavement
utuh/pavement_013-191.jpg,0,utuh,test_pave,pavement,pavement_013,P/UP/013-191.jpg,"[0, 0, 256, 256]",1.0,sdnet_tile,pavement
utuh/pavement_013-213.jpg,0,utuh,test_pave,pavement,pavement_013,P/UP/013-213.jpg,"[0, 0, 256, 256]",1.0,sdnet_tile,pavement
utuh/pavement_013-214.jpg,0,utuh,test_pave,pavement,pavement_013,P/UP/013-214.jpg,"[0, 0, 256, 256]",1.0,sdnet_tile,pavement
utuh/pavement_013-25.jpg,0,utuh,test_pave,pavement,pavement_013,P/UP/013-25.jpg,"[0, 0, 256, 256]",1.0,sdnet_tile,pavement
utuh/pavement_013-39.jpg,0,utuh,test_pave,pavement,pavement_013,P/UP/013-39.jpg,"[0, 0, 256, 256]",1.0,sdnet_tile,pavement
utuh/pavement_013-47.jpg,0,utuh,test_pave,pavement,pavement_013,P/UP/013-47.jpg,"[0, 0, 256, 256]",1.0,sdnet_tile,pavement
utuh/pavement_013-49.jpg,0,utuh,test_pave,pavement,pavement_013,P/UP/013-49.jpg,"[0, 0, 256, 256]",1.0,sdnet_tile,pavement
utuh/pavement_013-61.jpg,0,utuh,test_pave,pavement,pavement_013,P/UP/013-61.jpg,"[0, 0, 256, 256]",1.0,sdnet_tile,pavement
utuh/pavement_013-65.jpg,0,utuh,test_pave,pavement,pavement_013,P/UP/013-65.jpg,"[0, 0, 256, 256]",1.0,sdnet_tile,pavement
utuh/pavement_013-71.jpg,0,utuh,test_pave,pavement,pavement_013,P/UP/013-71.jpg,"[0, 0, 256, 256]",1.0,sdnet_tile,pavement
utuh/pavement_013-75.jpg,0,utuh,test_pave,pavement,pavement_013,P/UP/013-75.jpg,"[0, 0, 256, 256]",1.0,sdnet_tile,pavement
utuh/pavement_014-106.jpg,0,utuh,test_pave,pavement,pavement_014,P/UP/014-106.jpg,"[0, 0, 256, 256]",1.0,sdnet_tile,pavement
utuh/pavement_014-110.jpg,0,utuh,test_pave,pavement,pavement_014,P/UP/014-110.jpg,"[0, 0, 256, 256]",1.0,sdnet_tile,pavement
utuh/pavement_014-120.jpg,0,utuh,test_pave,pavement,pavement_014,P/UP/014-120.jpg,"[0, 0, 256, 256]",1.0,sdnet_tile,pavement
utuh/pavement_014-127.jpg,0,utuh,test_pave,pavement,pavement_014,P/UP/014-127.jpg,"[0, 0, 256, 256]",1.0,sdnet_tile,pavement
utuh/pavement_014-130.jpg,0,utuh,test_pave,pavement,pavement_014,P/UP/014-130.jpg,"[0, 0, 256, 256]",1.0,sdnet_tile,pavement
utuh/pavement_014-131.jpg,0,utuh,test_pave,pavement,pavement_014,P/UP/014-131.jpg,"[0, 0, 256, 256]",1.0,sdnet_tile,pavement
utuh/pavement_014-161.jpg,0,utuh,test_pave,pavement,pavement_014,P/UP/014-161.jpg,"[0, 0, 256, 256]",1.0,sdnet_tile,pavement
utuh/pavement_014-166.jpg,0,utuh,test_pave,pavement,pavement_014,P/UP/014-166.jpg,"[0, 0, 256, 256]",1.0,sdnet_tile,pavement
utuh/pavement_014-188.jpg,0,utuh,test_pave,pavement,pavement_014,P/UP/014-188.jpg,"[0, 0, 256, 256]",1.0,sdnet_tile,pavement
utuh/pavement_014-189.jpg,0,utuh,test_pave,pavement,pavement_014,P/UP/014-189.jpg,"[0, 0, 256, 256]",1.0,sdnet_tile,pavement
utuh/pavement_014-199.jpg,0,utuh,test_pave,pavement,pavement_014,P/UP/014-199.jpg,"[0, 0, 256, 256]",1.0,sdnet_tile,pavement
utuh/pavement_014-201.jpg,0,utuh,test_pave,pavement,pavement_014,P/UP/014-201.jpg,"[0, 0, 256, 256]",1.0,sdnet_tile,pavement
utuh/pavement_014-215.jpg,0,utuh,test_pave,pavement,pavement_014,P/UP/014-215.jpg,"[0, 0, 256, 256]",1.0,sdnet_tile,pavement
utuh/pavement_014-24.jpg,0,utuh,test_pave,pavement,pavement_014,P/UP/014-24.jpg,"[0, 0, 256, 256]",1.0,sdnet_tile,pavement
utuh/pavement_014-25.jpg,0,utuh,test_pave,pavement,pavement_014,P/UP/014-25.jpg,"[0, 0, 256, 256]",1.0,sdnet_tile,pavement
utuh/pavement_014-28.jpg,0,utuh,test_pave,pavement,pavement_014,P/UP/014-28.jpg,"[0, 0, 256, 256]",1.0,sdnet_tile,pavement
utuh/pavement_014-29.jpg,0,utuh,test_pave,pavement,pavement_014,P/UP/014-29.jpg,"[0, 0, 256, 256]",1.0,sdnet_tile,pavement
utuh/pavement_014-32.jpg,0,utuh,test_pave,pavement,pavement_014,P/UP/014-32.jpg,"[0, 0, 256, 256]",1.0,sdnet_tile,pavement
utuh/pavement_014-37.jpg,0,utuh,test_pave,pavement,pavement_014,P/UP/014-37.jpg,"[0, 0, 256, 256]",1.0,sdnet_tile,pavement
utuh/pavement_014-6.jpg,0,utuh,test_pave,pavement,pavement_014,P/UP/014-6.jpg,"[0, 0, 256, 256]",1.0,sdnet_tile,pavement
utuh/pavement_014-67.jpg,0,utuh,test_pave,pavement,pavement_014,P/UP/014-67.jpg,"[0, 0, 256, 256]",1.0,sdnet_tile,pavement
utuh/pavement_014-81.jpg,0,utuh,test_pave,pavement,pavement_014,P/UP/014-81.jpg,"[0, 0, 256, 256]",1.0,sdnet_tile,pavement
utuh/pavement_014-85.jpg,0,utuh,test_pave,pavement,pavement_014,P/UP/014-85.jpg,"[0, 0, 256, 256]",1.0,sdnet_tile,pavement
utuh/pavement_015-112.jpg,0,utuh,test_pave,pavement,pavement_015,P/UP/015-112.jpg,"[0, 0, 256, 256]",1.0,sdnet_tile,pavement
utuh/pavement_015-120.jpg,0,utuh,test_pave,pavement,pavement_015,P/UP/015-120.jpg,"[0, 0, 256, 256]",1.0,sdnet_tile,pavement
utuh/pavement_015-138.jpg,0,utuh,test_pave,pavement,pavement_015,P/UP/015-138.jpg,"[0, 0, 256, 256]",1.0,sdnet_tile,pavement
utuh/pavement_015-14.jpg,0,utuh,test_pave,pavement,pavement_015,P/UP/015-14.jpg,"[0, 0, 256, 256]",1.0,sdnet_tile,pavement
utuh/pavement_015-140.jpg,0,utuh,test_pave,pavement,pavement_015,P/UP/015-140.jpg,"[0, 0, 256, 256]",1.0,sdnet_tile,pavement
utuh/pavement_015-164.jpg,0,utuh,test_pave,pavement,pavement_015,P/UP/015-164.jpg,"[0, 0, 256, 256]",1.0,sdnet_tile,pavement
utuh/pavement_015-191.jpg,0,utuh,test_pave,pavement,pavement_015,P/UP/015-191.jpg,"[0, 0, 256, 256]",1.0,sdnet_tile,pavement
utuh/pavement_015-194.jpg,0,utuh,test_pave,pavement,pavement_015,P/UP/015-194.jpg,"[0, 0, 256, 256]",1.0,sdnet_tile,pavement
utuh/pavement_015-213.jpg,0,utuh,test_pave,pavement,pavement_015,P/UP/015-213.jpg,"[0, 0, 256, 256]",1.0,sdnet_tile,pavement
utuh/pavement_015-216.jpg,0,utuh,test_pave,pavement,pavement_015,P/UP/015-216.jpg,"[0, 0, 256, 256]",1.0,sdnet_tile,pavement
utuh/pavement_015-217.jpg,0,utuh,test_pave,pavement,pavement_015,P/UP/015-217.jpg,"[0, 0, 256, 256]",1.0,sdnet_tile,pavement
utuh/pavement_015-221.jpg,0,utuh,test_pave,pavement,pavement_015,P/UP/015-221.jpg,"[0, 0, 256, 256]",1.0,sdnet_tile,pavement
utuh/pavement_015-227.jpg,0,utuh,test_pave,pavement,pavement_015,P/UP/015-227.jpg,"[0, 0, 256, 256]",1.0,sdnet_tile,pavement
utuh/pavement_015-25.jpg,0,utuh,test_pave,pavement,pavement_015,P/UP/015-25.jpg,"[0, 0, 256, 256]",1.0,sdnet_tile,pavement
utuh/pavement_015-37.jpg,0,utuh,test_pave,pavement,pavement_015,P/UP/015-37.jpg,"[0, 0, 256, 256]",1.0,sdnet_tile,pavement
utuh/pavement_015-43.jpg,0,utuh,test_pave,pavement,pavement_015,P/UP/015-43.jpg,"[0, 0, 256, 256]",1.0,sdnet_tile,pavement
utuh/pavement_015-47.jpg,0,utuh,test_pave,pavement,pavement_015,P/UP/015-47.jpg,"[0, 0, 256, 256]",1.0,sdnet_tile,pavement
utuh/pavement_015-59.jpg,0,utuh,test_pave,pavement,pavement_015,P/UP/015-59.jpg,"[0, 0, 256, 256]",1.0,sdnet_tile,pavement
utuh/pavement_015-60.jpg,0,utuh,test_pave,pavement,pavement_015,P/UP/015-60.jpg,"[0, 0, 256, 256]",1.0,sdnet_tile,pavement
utuh/pavement_015-64.jpg,0,utuh,test_pave,pavement,pavement_015,P/UP/015-64.jpg,"[0, 0, 256, 256]",1.0,sdnet_tile,pavement
utuh/pavement_015-78.jpg,0,utuh,test_pave,pavement,pavement_015,P/UP/015-78.jpg,"[0, 0, 256, 256]",1.0,sdnet_tile,pavement
utuh/pavement_015-9.jpg,0,utuh,test_pave,pavement,pavement_015,P/UP/015-9.jpg,"[0, 0, 256, 256]",1.0,sdnet_tile,pavement
utuh/pavement_015-99.jpg,0,utuh,test_pave,pavement,pavement_015,P/UP/015-99.jpg,"[0, 0, 256, 256]",1.0,sdnet_tile,pavement
utuh/pavement_016-100.jpg,0,utuh,test_pave,pavement,pavement_016,P/UP/016-100.jpg,"[0, 0, 256, 256]",1.0,sdnet_tile,pavement
utuh/pavement_016-103.jpg,0,utuh,test_pave,pavement,pavement_016,P/UP/016-103.jpg,"[0, 0, 256, 256]",1.0,sdnet_tile,pavement
utuh/pavement_016-112.jpg,0,utuh,test_pave,pavement,pavement_016,P/UP/016-112.jpg,"[0, 0, 256, 256]",1.0,sdnet_tile,pavement
utuh/pavement_016-115.jpg,0,utuh,test_pave,pavement,pavement_016,P/UP/016-115.jpg,"[0, 0, 256, 256]",1.0,sdnet_tile,pavement
utuh/pavement_016-118.jpg,0,utuh,test_pave,pavement,pavement_016,P/UP/016-118.jpg,"[0, 0, 256, 256]",1.0,sdnet_tile,pavement
utuh/pavement_016-123.jpg,0,utuh,test_pave,pavement,pavement_016,P/UP/016-123.jpg,"[0, 0, 256, 256]",1.0,sdnet_tile,pavement
utuh/pavement_016-132.jpg,0,utuh,test_pave,pavement,pavement_016,P/UP/016-132.jpg,"[0, 0, 256, 256]",1.0,sdnet_tile,pavement
utuh/pavement_016-135.jpg,0,utuh,test_pave,pavement,pavement_016,P/UP/016-135.jpg,"[0, 0, 256, 256]",1.0,sdnet_tile,pavement
utuh/pavement_016-139.jpg,0,utuh,test_pave,pavement,pavement_016,P/UP/016-139.jpg,"[0, 0, 256, 256]",1.0,sdnet_tile,pavement
utuh/pavement_016-150.jpg,0,utuh,test_pave,pavement,pavement_016,P/UP/016-150.jpg,"[0, 0, 256, 256]",1.0,sdnet_tile,pavement
utuh/pavement_016-156.jpg,0,utuh,test_pave,pavement,pavement_016,P/UP/016-156.jpg,"[0, 0, 256, 256]",1.0,sdnet_tile,pavement
utuh/pavement_016-157.jpg,0,utuh,test_pave,pavement,pavement_016,P/UP/016-157.jpg,"[0, 0, 256, 256]",1.0,sdnet_tile,pavement
utuh/pavement_016-190.jpg,0,utuh,test_pave,pavement,pavement_016,P/UP/016-190.jpg,"[0, 0, 256, 256]",1.0,sdnet_tile,pavement
utuh/pavement_016-202.jpg,0,utuh,test_pave,pavement,pavement_016,P/UP/016-202.jpg,"[0, 0, 256, 256]",1.0,sdnet_tile,pavement
utuh/pavement_016-214.jpg,0,utuh,test_pave,pavement,pavement_016,P/UP/016-214.jpg,"[0, 0, 256, 256]",1.0,sdnet_tile,pavement
utuh/pavement_016-220.jpg,0,utuh,test_pave,pavement,pavement_016,P/UP/016-220.jpg,"[0, 0, 256, 256]",1.0,sdnet_tile,pavement
utuh/pavement_016-221.jpg,0,utuh,test_pave,pavement,pavement_016,P/UP/016-221.jpg,"[0, 0, 256, 256]",1.0,sdnet_tile,pavement
utuh/pavement_016-230.jpg,0,utuh,test_pave,pavement,pavement_016,P/UP/016-230.jpg,"[0, 0, 256, 256]",1.0,sdnet_tile,pavement
utuh/pavement_016-27.jpg,0,utuh,test_pave,pavement,pavement_016,P/UP/016-27.jpg,"[0, 0, 256, 256]",1.0,sdnet_tile,pavement
utuh/pavement_016-34.jpg,0,utuh,test_pave,pavement,pavement_016,P/UP/016-34.jpg,"[0, 0, 256, 256]",1.0,sdnet_tile,pavement
utuh/pavement_016-73.jpg,0,utuh,test_pave,pavement,pavement_016,P/UP/016-73.jpg,"[0, 0, 256, 256]",1.0,sdnet_tile,pavement
utuh/pavement_016-75.jpg,0,utuh,test_pave,pavement,pavement_016,P/UP/016-75.jpg,"[0, 0, 256, 256]",1.0,sdnet_tile,pavement
utuh/pavement_016-93.jpg,0,utuh,test_pave,pavement,pavement_016,P/UP/016-93.jpg,"[0, 0, 256, 256]",1.0,sdnet_tile,pavement
utuh/pavement_017-10.jpg,0,utuh,test_pave,pavement,pavement_017,P/UP/017-10.jpg,"[0, 0, 256, 256]",1.0,sdnet_tile,pavement
utuh/pavement_017-114.jpg,0,utuh,test_pave,pavement,pavement_017,P/UP/017-114.jpg,"[0, 0, 256, 256]",1.0,sdnet_tile,pavement
utuh/pavement_017-120.jpg,0,utuh,test_pave,pavement,pavement_017,P/UP/017-120.jpg,"[0, 0, 256, 256]",1.0,sdnet_tile,pavement
utuh/pavement_017-125.jpg,0,utuh,test_pave,pavement,pavement_017,P/UP/017-125.jpg,"[0, 0, 256, 256]",1.0,sdnet_tile,pavement
utuh/pavement_017-135.jpg,0,utuh,test_pave,pavement,pavement_017,P/UP/017-135.jpg,"[0, 0, 256, 256]",1.0,sdnet_tile,pavement
utuh/pavement_017-157.jpg,0,utuh,test_pave,pavement,pavement_017,P/UP/017-157.jpg,"[0, 0, 256, 256]",1.0,sdnet_tile,pavement
utuh/pavement_017-165.jpg,0,utuh,test_pave,pavement,pavement_017,P/UP/017-165.jpg,"[0, 0, 256, 256]",1.0,sdnet_tile,pavement
utuh/pavement_017-184.jpg,0,utuh,test_pave,pavement,pavement_017,P/UP/017-184.jpg,"[0, 0, 256, 256]",1.0,sdnet_tile,pavement
utuh/pavement_017-189.jpg,0,utuh,test_pave,pavement,pavement_017,P/UP/017-189.jpg,"[0, 0, 256, 256]",1.0,sdnet_tile,pavement
utuh/pavement_017-192.jpg,0,utuh,test_pave,pavement,pavement_017,P/UP/017-192.jpg,"[0, 0, 256, 256]",1.0,sdnet_tile,pavement
utuh/pavement_017-199.jpg,0,utuh,test_pave,pavement,pavement_017,P/UP/017-199.jpg,"[0, 0, 256, 256]",1.0,sdnet_tile,pavement
utuh/pavement_017-206.jpg,0,utuh,test_pave,pavement,pavement_017,P/UP/017-206.jpg,"[0, 0, 256, 256]",1.0,sdnet_tile,pavement
utuh/pavement_017-215.jpg,0,utuh,test_pave,pavement,pavement_017,P/UP/017-215.jpg,"[0, 0, 256, 256]",1.0,sdnet_tile,pavement
utuh/pavement_017-22.jpg,0,utuh,test_pave,pavement,pavement_017,P/UP/017-22.jpg,"[0, 0, 256, 256]",1.0,sdnet_tile,pavement
utuh/pavement_017-224.jpg,0,utuh,test_pave,pavement,pavement_017,P/UP/017-224.jpg,"[0, 0, 256, 256]",1.0,sdnet_tile,pavement
utuh/pavement_017-229.jpg,0,utuh,test_pave,pavement,pavement_017,P/UP/017-229.jpg,"[0, 0, 256, 256]",1.0,sdnet_tile,pavement
utuh/pavement_017-46.jpg,0,utuh,test_pave,pavement,pavement_017,P/UP/017-46.jpg,"[0, 0, 256, 256]",1.0,sdnet_tile,pavement
utuh/pavement_017-48.jpg,0,utuh,test_pave,pavement,pavement_017,P/UP/017-48.jpg,"[0, 0, 256, 256]",1.0,sdnet_tile,pavement
utuh/pavement_017-61.jpg,0,utuh,test_pave,pavement,pavement_017,P/UP/017-61.jpg,"[0, 0, 256, 256]",1.0,sdnet_tile,pavement
utuh/pavement_017-64.jpg,0,utuh,test_pave,pavement,pavement_017,P/UP/017-64.jpg,"[0, 0, 256, 256]",1.0,sdnet_tile,pavement
utuh/pavement_017-8.jpg,0,utuh,test_pave,pavement,pavement_017,P/UP/017-8.jpg,"[0, 0, 256, 256]",1.0,sdnet_tile,pavement
utuh/pavement_017-81.jpg,0,utuh,test_pave,pavement,pavement_017,P/UP/017-81.jpg,"[0, 0, 256, 256]",1.0,sdnet_tile,pavement
utuh/pavement_017-85.jpg,0,utuh,test_pave,pavement,pavement_017,P/UP/017-85.jpg,"[0, 0, 256, 256]",1.0,sdnet_tile,pavement
utuh/pavement_018-12.jpg,0,utuh,test_pave,pavement,pavement_018,P/UP/018-12.jpg,"[0, 0, 256, 256]",1.0,sdnet_tile,pavement
utuh/pavement_018-159.jpg,0,utuh,test_pave,pavement,pavement_018,P/UP/018-159.jpg,"[0, 0, 256, 256]",1.0,sdnet_tile,pavement
utuh/pavement_018-16.jpg,0,utuh,test_pave,pavement,pavement_018,P/UP/018-16.jpg,"[0, 0, 256, 256]",1.0,sdnet_tile,pavement
utuh/pavement_018-164.jpg,0,utuh,test_pave,pavement,pavement_018,P/UP/018-164.jpg,"[0, 0, 256, 256]",1.0,sdnet_tile,pavement
utuh/pavement_018-165.jpg,0,utuh,test_pave,pavement,pavement_018,P/UP/018-165.jpg,"[0, 0, 256, 256]",1.0,sdnet_tile,pavement
utuh/pavement_018-18.jpg,0,utuh,test_pave,pavement,pavement_018,P/UP/018-18.jpg,"[0, 0, 256, 256]",1.0,sdnet_tile,pavement
utuh/pavement_018-180.jpg,0,utuh,test_pave,pavement,pavement_018,P/UP/018-180.jpg,"[0, 0, 256, 256]",1.0,sdnet_tile,pavement
utuh/pavement_018-194.jpg,0,utuh,test_pave,pavement,pavement_018,P/UP/018-194.jpg,"[0, 0, 256, 256]",1.0,sdnet_tile,pavement
utuh/pavement_018-195.jpg,0,utuh,test_pave,pavement,pavement_018,P/UP/018-195.jpg,"[0, 0, 256, 256]",1.0,sdnet_tile,pavement
utuh/pavement_018-199.jpg,0,utuh,test_pave,pavement,pavement_018,P/UP/018-199.jpg,"[0, 0, 256, 256]",1.0,sdnet_tile,pavement
utuh/pavement_018-213.jpg,0,utuh,test_pave,pavement,pavement_018,P/UP/018-213.jpg,"[0, 0, 256, 256]",1.0,sdnet_tile,pavement
utuh/pavement_018-218.jpg,0,utuh,test_pave,pavement,pavement_018,P/UP/018-218.jpg,"[0, 0, 256, 256]",1.0,sdnet_tile,pavement
utuh/pavement_018-22.jpg,0,utuh,test_pave,pavement,pavement_018,P/UP/018-22.jpg,"[0, 0, 256, 256]",1.0,sdnet_tile,pavement
utuh/pavement_018-30.jpg,0,utuh,test_pave,pavement,pavement_018,P/UP/018-30.jpg,"[0, 0, 256, 256]",1.0,sdnet_tile,pavement
utuh/pavement_018-33.jpg,0,utuh,test_pave,pavement,pavement_018,P/UP/018-33.jpg,"[0, 0, 256, 256]",1.0,sdnet_tile,pavement
utuh/pavement_018-34.jpg,0,utuh,test_pave,pavement,pavement_018,P/UP/018-34.jpg,"[0, 0, 256, 256]",1.0,sdnet_tile,pavement
utuh/pavement_018-38.jpg,0,utuh,test_pave,pavement,pavement_018,P/UP/018-38.jpg,"[0, 0, 256, 256]",1.0,sdnet_tile,pavement
utuh/pavement_018-4.jpg,0,utuh,test_pave,pavement,pavement_018,P/UP/018-4.jpg,"[0, 0, 256, 256]",1.0,sdnet_tile,pavement
utuh/pavement_018-43.jpg,0,utuh,test_pave,pavement,pavement_018,P/UP/018-43.jpg,"[0, 0, 256, 256]",1.0,sdnet_tile,pavement
utuh/pavement_018-44.jpg,0,utuh,test_pave,pavement,pavement_018,P/UP/018-44.jpg,"[0, 0, 256, 256]",1.0,sdnet_tile,pavement
utuh/pavement_018-55.jpg,0,utuh,test_pave,pavement,pavement_018,P/UP/018-55.jpg,"[0, 0, 256, 256]",1.0,sdnet_tile,pavement
utuh/pavement_018-62.jpg,0,utuh,test_pave,pavement,pavement_018,P/UP/018-62.jpg,"[0, 0, 256, 256]",1.0,sdnet_tile,pavement
utuh/pavement_018-91.jpg,0,utuh,test_pave,pavement,pavement_018,P/UP/018-91.jpg,"[0, 0, 256, 256]",1.0,sdnet_tile,pavement
utuh/pavement_019-158.jpg,0,utuh,test_pave,pavement,pavement_019,P/UP/019-158.jpg,"[0, 0, 256, 256]",1.0,sdnet_tile,pavement
utuh/pavement_019-16.jpg,0,utuh,test_pave,pavement,pavement_019,P/UP/019-16.jpg,"[0, 0, 256, 256]",1.0,sdnet_tile,pavement
utuh/pavement_019-176.jpg,0,utuh,test_pave,pavement,pavement_019,P/UP/019-176.jpg,"[0, 0, 256, 256]",1.0,sdnet_tile,pavement
utuh/pavement_019-184.jpg,0,utuh,test_pave,pavement,pavement_019,P/UP/019-184.jpg,"[0, 0, 256, 256]",1.0,sdnet_tile,pavement
utuh/pavement_019-186.jpg,0,utuh,test_pave,pavement,pavement_019,P/UP/019-186.jpg,"[0, 0, 256, 256]",1.0,sdnet_tile,pavement
utuh/pavement_019-210.jpg,0,utuh,test_pave,pavement,pavement_019,P/UP/019-210.jpg,"[0, 0, 256, 256]",1.0,sdnet_tile,pavement
utuh/pavement_019-214.jpg,0,utuh,test_pave,pavement,pavement_019,P/UP/019-214.jpg,"[0, 0, 256, 256]",1.0,sdnet_tile,pavement
utuh/pavement_019-222.jpg,0,utuh,test_pave,pavement,pavement_019,P/UP/019-222.jpg,"[0, 0, 256, 256]",1.0,sdnet_tile,pavement
utuh/pavement_019-225.jpg,0,utuh,test_pave,pavement,pavement_019,P/UP/019-225.jpg,"[0, 0, 256, 256]",1.0,sdnet_tile,pavement
utuh/pavement_019-228.jpg,0,utuh,test_pave,pavement,pavement_019,P/UP/019-228.jpg,"[0, 0, 256, 256]",1.0,sdnet_tile,pavement
utuh/pavement_019-229.jpg,0,utuh,test_pave,pavement,pavement_019,P/UP/019-229.jpg,"[0, 0, 256, 256]",1.0,sdnet_tile,pavement
utuh/pavement_019-23.jpg,0,utuh,test_pave,pavement,pavement_019,P/UP/019-23.jpg,"[0, 0, 256, 256]",1.0,sdnet_tile,pavement
utuh/pavement_019-231.jpg,0,utuh,test_pave,pavement,pavement_019,P/UP/019-231.jpg,"[0, 0, 256, 256]",1.0,sdnet_tile,pavement
utuh/pavement_019-232.jpg,0,utuh,test_pave,pavement,pavement_019,P/UP/019-232.jpg,"[0, 0, 256, 256]",1.0,sdnet_tile,pavement
utuh/pavement_019-35.jpg,0,utuh,test_pave,pavement,pavement_019,P/UP/019-35.jpg,"[0, 0, 256, 256]",1.0,sdnet_tile,pavement
utuh/pavement_019-42.jpg,0,utuh,test_pave,pavement,pavement_019,P/UP/019-42.jpg,"[0, 0, 256, 256]",1.0,sdnet_tile,pavement
utuh/pavement_019-53.jpg,0,utuh,test_pave,pavement,pavement_019,P/UP/019-53.jpg,"[0, 0, 256, 256]",1.0,sdnet_tile,pavement
utuh/pavement_019-59.jpg,0,utuh,test_pave,pavement,pavement_019,P/UP/019-59.jpg,"[0, 0, 256, 256]",1.0,sdnet_tile,pavement
utuh/pavement_019-61.jpg,0,utuh,test_pave,pavement,pavement_019,P/UP/019-61.jpg,"[0, 0, 256, 256]",1.0,sdnet_tile,pavement
utuh/pavement_019-64.jpg,0,utuh,test_pave,pavement,pavement_019,P/UP/019-64.jpg,"[0, 0, 256, 256]",1.0,sdnet_tile,pavement
utuh/pavement_019-71.jpg,0,utuh,test_pave,pavement,pavement_019,P/UP/019-71.jpg,"[0, 0, 256, 256]",1.0,sdnet_tile,pavement
utuh/pavement_019-74.jpg,0,utuh,test_pave,pavement,pavement_019,P/UP/019-74.jpg,"[0, 0, 256, 256]",1.0,sdnet_tile,pavement
utuh/pavement_019-92.jpg,0,utuh,test_pave,pavement,pavement_019,P/UP/019-92.jpg,"[0, 0, 256, 256]",1.0,sdnet_tile,pavement
utuh/pavement_020-108.jpg,0,utuh,test_pave,pavement,pavement_020,P/UP/020-108.jpg,"[0, 0, 256, 256]",1.0,sdnet_tile,pavement
utuh/pavement_020-146.jpg,0,utuh,test_pave,pavement,pavement_020,P/UP/020-146.jpg,"[0, 0, 256, 256]",1.0,sdnet_tile,pavement
utuh/pavement_020-149.jpg,0,utuh,test_pave,pavement,pavement_020,P/UP/020-149.jpg,"[0, 0, 256, 256]",1.0,sdnet_tile,pavement
utuh/pavement_020-151.jpg,0,utuh,test_pave,pavement,pavement_020,P/UP/020-151.jpg,"[0, 0, 256, 256]",1.0,sdnet_tile,pavement
utuh/pavement_020-16.jpg,0,utuh,test_pave,pavement,pavement_020,P/UP/020-16.jpg,"[0, 0, 256, 256]",1.0,sdnet_tile,pavement
utuh/pavement_020-160.jpg,0,utuh,test_pave,pavement,pavement_020,P/UP/020-160.jpg,"[0, 0, 256, 256]",1.0,sdnet_tile,pavement
utuh/pavement_020-161.jpg,0,utuh,test_pave,pavement,pavement_020,P/UP/020-161.jpg,"[0, 0, 256, 256]",1.0,sdnet_tile,pavement
utuh/pavement_020-167.jpg,0,utuh,test_pave,pavement,pavement_020,P/UP/020-167.jpg,"[0, 0, 256, 256]",1.0,sdnet_tile,pavement
utuh/pavement_020-17.jpg,0,utuh,test_pave,pavement,pavement_020,P/UP/020-17.jpg,"[0, 0, 256, 256]",1.0,sdnet_tile,pavement
utuh/pavement_020-174.jpg,0,utuh,test_pave,pavement,pavement_020,P/UP/020-174.jpg,"[0, 0, 256, 256]",1.0,sdnet_tile,pavement
utuh/pavement_020-180.jpg,0,utuh,test_pave,pavement,pavement_020,P/UP/020-180.jpg,"[0, 0, 256, 256]",1.0,sdnet_tile,pavement
utuh/pavement_020-188.jpg,0,utuh,test_pave,pavement,pavement_020,P/UP/020-188.jpg,"[0, 0, 256, 256]",1.0,sdnet_tile,pavement
utuh/pavement_020-199.jpg,0,utuh,test_pave,pavement,pavement_020,P/UP/020-199.jpg,"[0, 0, 256, 256]",1.0,sdnet_tile,pavement
utuh/pavement_020-205.jpg,0,utuh,test_pave,pavement,pavement_020,P/UP/020-205.jpg,"[0, 0, 256, 256]",1.0,sdnet_tile,pavement
utuh/pavement_020-224.jpg,0,utuh,test_pave,pavement,pavement_020,P/UP/020-224.jpg,"[0, 0, 256, 256]",1.0,sdnet_tile,pavement
utuh/pavement_020-233.jpg,0,utuh,test_pave,pavement,pavement_020,P/UP/020-233.jpg,"[0, 0, 256, 256]",1.0,sdnet_tile,pavement
utuh/pavement_020-26.jpg,0,utuh,test_pave,pavement,pavement_020,P/UP/020-26.jpg,"[0, 0, 256, 256]",1.0,sdnet_tile,pavement
utuh/pavement_020-41.jpg,0,utuh,test_pave,pavement,pavement_020,P/UP/020-41.jpg,"[0, 0, 256, 256]",1.0,sdnet_tile,pavement
utuh/pavement_020-55.jpg,0,utuh,test_pave,pavement,pavement_020,P/UP/020-55.jpg,"[0, 0, 256, 256]",1.0,sdnet_tile,pavement
utuh/pavement_020-58.jpg,0,utuh,test_pave,pavement,pavement_020,P/UP/020-58.jpg,"[0, 0, 256, 256]",1.0,sdnet_tile,pavement
utuh/pavement_020-65.jpg,0,utuh,test_pave,pavement,pavement_020,P/UP/020-65.jpg,"[0, 0, 256, 256]",1.0,sdnet_tile,pavement
utuh/pavement_020-66.jpg,0,utuh,test_pave,pavement,pavement_020,P/UP/020-66.jpg,"[0, 0, 256, 256]",1.0,sdnet_tile,pavement
utuh/pavement_020-69.jpg,0,utuh,test_pave,pavement,pavement_020,P/UP/020-69.jpg,"[0, 0, 256, 256]",1.0,sdnet_tile,pavement
utuh/pavement_021-109.jpg,0,utuh,test_pave,pavement,pavement_021,P/UP/021-109.jpg,"[0, 0, 256, 256]",1.0,sdnet_tile,pavement
utuh/pavement_021-117.jpg,0,utuh,test_pave,pavement,pavement_021,P/UP/021-117.jpg,"[0, 0, 256, 256]",1.0,sdnet_tile,pavement
utuh/pavement_021-126.jpg,0,utuh,test_pave,pavement,pavement_021,P/UP/021-126.jpg,"[0, 0, 256, 256]",1.0,sdnet_tile,pavement
utuh/pavement_021-128.jpg,0,utuh,test_pave,pavement,pavement_021,P/UP/021-128.jpg,"[0, 0, 256, 256]",1.0,sdnet_tile,pavement
utuh/pavement_021-146.jpg,0,utuh,test_pave,pavement,pavement_021,P/UP/021-146.jpg,"[0, 0, 256, 256]",1.0,sdnet_tile,pavement
utuh/pavement_021-169.jpg,0,utuh,test_pave,pavement,pavement_021,P/UP/021-169.jpg,"[0, 0, 256, 256]",1.0,sdnet_tile,pavement
utuh/pavement_021-191.jpg,0,utuh,test_pave,pavement,pavement_021,P/UP/021-191.jpg,"[0, 0, 256, 256]",1.0,sdnet_tile,pavement
utuh/pavement_021-199.jpg,0,utuh,test_pave,pavement,pavement_021,P/UP/021-199.jpg,"[0, 0, 256, 256]",1.0,sdnet_tile,pavement
utuh/pavement_021-20.jpg,0,utuh,test_pave,pavement,pavement_021,P/UP/021-20.jpg,"[0, 0, 256, 256]",1.0,sdnet_tile,pavement
utuh/pavement_021-201.jpg,0,utuh,test_pave,pavement,pavement_021,P/UP/021-201.jpg,"[0, 0, 256, 256]",1.0,sdnet_tile,pavement
utuh/pavement_021-211.jpg,0,utuh,test_pave,pavement,pavement_021,P/UP/021-211.jpg,"[0, 0, 256, 256]",1.0,sdnet_tile,pavement
utuh/pavement_021-213.jpg,0,utuh,test_pave,pavement,pavement_021,P/UP/021-213.jpg,"[0, 0, 256, 256]",1.0,sdnet_tile,pavement
utuh/pavement_021-218.jpg,0,utuh,test_pave,pavement,pavement_021,P/UP/021-218.jpg,"[0, 0, 256, 256]",1.0,sdnet_tile,pavement
utuh/pavement_021-225.jpg,0,utuh,test_pave,pavement,pavement_021,P/UP/021-225.jpg,"[0, 0, 256, 256]",1.0,sdnet_tile,pavement
utuh/pavement_021-227.jpg,0,utuh,test_pave,pavement,pavement_021,P/UP/021-227.jpg,"[0, 0, 256, 256]",1.0,sdnet_tile,pavement
utuh/pavement_021-24.jpg,0,utuh,test_pave,pavement,pavement_021,P/UP/021-24.jpg,"[0, 0, 256, 256]",1.0,sdnet_tile,pavement
utuh/pavement_021-25.jpg,0,utuh,test_pave,pavement,pavement_021,P/UP/021-25.jpg,"[0, 0, 256, 256]",1.0,sdnet_tile,pavement
utuh/pavement_021-41.jpg,0,utuh,test_pave,pavement,pavement_021,P/UP/021-41.jpg,"[0, 0, 256, 256]",1.0,sdnet_tile,pavement
utuh/pavement_021-46.jpg,0,utuh,test_pave,pavement,pavement_021,P/UP/021-46.jpg,"[0, 0, 256, 256]",1.0,sdnet_tile,pavement
utuh/pavement_021-54.jpg,0,utuh,test_pave,pavement,pavement_021,P/UP/021-54.jpg,"[0, 0, 256, 256]",1.0,sdnet_tile,pavement
utuh/pavement_021-67.jpg,0,utuh,test_pave,pavement,pavement_021,P/UP/021-67.jpg,"[0, 0, 256, 256]",1.0,sdnet_tile,pavement
utuh/pavement_021-76.jpg,0,utuh,test_pave,pavement,pavement_021,P/UP/021-76.jpg,"[0, 0, 256, 256]",1.0,sdnet_tile,pavement
utuh/pavement_021-81.jpg,0,utuh,test_pave,pavement,pavement_021,P/UP/021-81.jpg,"[0, 0, 256, 256]",1.0,sdnet_tile,pavement
utuh/pavement_022-11.jpg,0,utuh,test_pave,pavement,pavement_022,P/UP/022-11.jpg,"[0, 0, 256, 256]",1.0,sdnet_tile,pavement
utuh/pavement_022-124.jpg,0,utuh,test_pave,pavement,pavement_022,P/UP/022-124.jpg,"[0, 0, 256, 256]",1.0,sdnet_tile,pavement
utuh/pavement_022-125.jpg,0,utuh,test_pave,pavement,pavement_022,P/UP/022-125.jpg,"[0, 0, 256, 256]",1.0,sdnet_tile,pavement
utuh/pavement_022-126.jpg,0,utuh,test_pave,pavement,pavement_022,P/UP/022-126.jpg,"[0, 0, 256, 256]",1.0,sdnet_tile,pavement
utuh/pavement_022-134.jpg,0,utuh,test_pave,pavement,pavement_022,P/UP/022-134.jpg,"[0, 0, 256, 256]",1.0,sdnet_tile,pavement
utuh/pavement_022-163.jpg,0,utuh,test_pave,pavement,pavement_022,P/UP/022-163.jpg,"[0, 0, 256, 256]",1.0,sdnet_tile,pavement
utuh/pavement_022-169.jpg,0,utuh,test_pave,pavement,pavement_022,P/UP/022-169.jpg,"[0, 0, 256, 256]",1.0,sdnet_tile,pavement
utuh/pavement_022-2.jpg,0,utuh,test_pave,pavement,pavement_022,P/UP/022-2.jpg,"[0, 0, 256, 256]",1.0,sdnet_tile,pavement
utuh/pavement_022-204.jpg,0,utuh,test_pave,pavement,pavement_022,P/UP/022-204.jpg,"[0, 0, 256, 256]",1.0,sdnet_tile,pavement
utuh/pavement_022-205.jpg,0,utuh,test_pave,pavement,pavement_022,P/UP/022-205.jpg,"[0, 0, 256, 256]",1.0,sdnet_tile,pavement
utuh/pavement_022-206.jpg,0,utuh,test_pave,pavement,pavement_022,P/UP/022-206.jpg,"[0, 0, 256, 256]",1.0,sdnet_tile,pavement
utuh/pavement_022-215.jpg,0,utuh,test_pave,pavement,pavement_022,P/UP/022-215.jpg,"[0, 0, 256, 256]",1.0,sdnet_tile,pavement
utuh/pavement_022-220.jpg,0,utuh,test_pave,pavement,pavement_022,P/UP/022-220.jpg,"[0, 0, 256, 256]",1.0,sdnet_tile,pavement
utuh/pavement_022-31.jpg,0,utuh,test_pave,pavement,pavement_022,P/UP/022-31.jpg,"[0, 0, 256, 256]",1.0,sdnet_tile,pavement
utuh/pavement_022-34.jpg,0,utuh,test_pave,pavement,pavement_022,P/UP/022-34.jpg,"[0, 0, 256, 256]",1.0,sdnet_tile,pavement
utuh/pavement_022-41.jpg,0,utuh,test_pave,pavement,pavement_022,P/UP/022-41.jpg,"[0, 0, 256, 256]",1.0,sdnet_tile,pavement
utuh/pavement_022-64.jpg,0,utuh,test_pave,pavement,pavement_022,P/UP/022-64.jpg,"[0, 0, 256, 256]",1.0,sdnet_tile,pavement
utuh/pavement_022-68.jpg,0,utuh,test_pave,pavement,pavement_022,P/UP/022-68.jpg,"[0, 0, 256, 256]",1.0,sdnet_tile,pavement
utuh/pavement_022-7.jpg,0,utuh,test_pave,pavement,pavement_022,P/UP/022-7.jpg,"[0, 0, 256, 256]",1.0,sdnet_tile,pavement
utuh/pavement_022-75.jpg,0,utuh,test_pave,pavement,pavement_022,P/UP/022-75.jpg,"[0, 0, 256, 256]",1.0,sdnet_tile,pavement
utuh/pavement_022-8.jpg,0,utuh,test_pave,pavement,pavement_022,P/UP/022-8.jpg,"[0, 0, 256, 256]",1.0,sdnet_tile,pavement
utuh/pavement_022-98.jpg,0,utuh,test_pave,pavement,pavement_022,P/UP/022-98.jpg,"[0, 0, 256, 256]",1.0,sdnet_tile,pavement
utuh/pavement_022-99.jpg,0,utuh,test_pave,pavement,pavement_022,P/UP/022-99.jpg,"[0, 0, 256, 256]",1.0,sdnet_tile,pavement
utuh/pavement_023-100.jpg,0,utuh,test_pave,pavement,pavement_023,P/UP/023-100.jpg,"[0, 0, 256, 256]",1.0,sdnet_tile,pavement
utuh/pavement_023-106.jpg,0,utuh,test_pave,pavement,pavement_023,P/UP/023-106.jpg,"[0, 0, 256, 256]",1.0,sdnet_tile,pavement
utuh/pavement_023-109.jpg,0,utuh,test_pave,pavement,pavement_023,P/UP/023-109.jpg,"[0, 0, 256, 256]",1.0,sdnet_tile,pavement
utuh/pavement_023-110.jpg,0,utuh,test_pave,pavement,pavement_023,P/UP/023-110.jpg,"[0, 0, 256, 256]",1.0,sdnet_tile,pavement
utuh/pavement_023-140.jpg,0,utuh,test_pave,pavement,pavement_023,P/UP/023-140.jpg,"[0, 0, 256, 256]",1.0,sdnet_tile,pavement
utuh/pavement_023-141.jpg,0,utuh,test_pave,pavement,pavement_023,P/UP/023-141.jpg,"[0, 0, 256, 256]",1.0,sdnet_tile,pavement
utuh/pavement_023-148.jpg,0,utuh,test_pave,pavement,pavement_023,P/UP/023-148.jpg,"[0, 0, 256, 256]",1.0,sdnet_tile,pavement
utuh/pavement_023-15.jpg,0,utuh,test_pave,pavement,pavement_023,P/UP/023-15.jpg,"[0, 0, 256, 256]",1.0,sdnet_tile,pavement
utuh/pavement_023-151.jpg,0,utuh,test_pave,pavement,pavement_023,P/UP/023-151.jpg,"[0, 0, 256, 256]",1.0,sdnet_tile,pavement
utuh/pavement_023-157.jpg,0,utuh,test_pave,pavement,pavement_023,P/UP/023-157.jpg,"[0, 0, 256, 256]",1.0,sdnet_tile,pavement
utuh/pavement_023-158.jpg,0,utuh,test_pave,pavement,pavement_023,P/UP/023-158.jpg,"[0, 0, 256, 256]",1.0,sdnet_tile,pavement
utuh/pavement_023-173.jpg,0,utuh,test_pave,pavement,pavement_023,P/UP/023-173.jpg,"[0, 0, 256, 256]",1.0,sdnet_tile,pavement
utuh/pavement_023-180.jpg,0,utuh,test_pave,pavement,pavement_023,P/UP/023-180.jpg,"[0, 0, 256, 256]",1.0,sdnet_tile,pavement
utuh/pavement_023-183.jpg,0,utuh,test_pave,pavement,pavement_023,P/UP/023-183.jpg,"[0, 0, 256, 256]",1.0,sdnet_tile,pavement
utuh/pavement_023-205.jpg,0,utuh,test_pave,pavement,pavement_023,P/UP/023-205.jpg,"[0, 0, 256, 256]",1.0,sdnet_tile,pavement
utuh/pavement_023-215.jpg,0,utuh,test_pave,pavement,pavement_023,P/UP/023-215.jpg,"[0, 0, 256, 256]",1.0,sdnet_tile,pavement
utuh/pavement_023-217.jpg,0,utuh,test_pave,pavement,pavement_023,P/UP/023-217.jpg,"[0, 0, 256, 256]",1.0,sdnet_tile,pavement
utuh/pavement_023-222.jpg,0,utuh,test_pave,pavement,pavement_023,P/UP/023-222.jpg,"[0, 0, 256, 256]",1.0,sdnet_tile,pavement
utuh/pavement_023-224.jpg,0,utuh,test_pave,pavement,pavement_023,P/UP/023-224.jpg,"[0, 0, 256, 256]",1.0,sdnet_tile,pavement
utuh/pavement_023-229.jpg,0,utuh,test_pave,pavement,pavement_023,P/UP/023-229.jpg,"[0, 0, 256, 256]",1.0,sdnet_tile,pavement
utuh/pavement_023-58.jpg,0,utuh,test_pave,pavement,pavement_023,P/UP/023-58.jpg,"[0, 0, 256, 256]",1.0,sdnet_tile,pavement
utuh/pavement_023-72.jpg,0,utuh,test_pave,pavement,pavement_023,P/UP/023-72.jpg,"[0, 0, 256, 256]",1.0,sdnet_tile,pavement
utuh/pavement_023-74.jpg,0,utuh,test_pave,pavement,pavement_023,P/UP/023-74.jpg,"[0, 0, 256, 256]",1.0,sdnet_tile,pavement
utuh/pavement_024-121.jpg,0,utuh,test_pave,pavement,pavement_024,P/UP/024-121.jpg,"[0, 0, 256, 256]",1.0,sdnet_tile,pavement
utuh/pavement_024-133.jpg,0,utuh,test_pave,pavement,pavement_024,P/UP/024-133.jpg,"[0, 0, 256, 256]",1.0,sdnet_tile,pavement
utuh/pavement_024-170.jpg,0,utuh,test_pave,pavement,pavement_024,P/UP/024-170.jpg,"[0, 0, 256, 256]",1.0,sdnet_tile,pavement
utuh/pavement_024-177.jpg,0,utuh,test_pave,pavement,pavement_024,P/UP/024-177.jpg,"[0, 0, 256, 256]",1.0,sdnet_tile,pavement
utuh/pavement_024-181.jpg,0,utuh,test_pave,pavement,pavement_024,P/UP/024-181.jpg,"[0, 0, 256, 256]",1.0,sdnet_tile,pavement
utuh/pavement_024-184.jpg,0,utuh,test_pave,pavement,pavement_024,P/UP/024-184.jpg,"[0, 0, 256, 256]",1.0,sdnet_tile,pavement
utuh/pavement_024-188.jpg,0,utuh,test_pave,pavement,pavement_024,P/UP/024-188.jpg,"[0, 0, 256, 256]",1.0,sdnet_tile,pavement
utuh/pavement_024-199.jpg,0,utuh,test_pave,pavement,pavement_024,P/UP/024-199.jpg,"[0, 0, 256, 256]",1.0,sdnet_tile,pavement
utuh/pavement_024-201.jpg,0,utuh,test_pave,pavement,pavement_024,P/UP/024-201.jpg,"[0, 0, 256, 256]",1.0,sdnet_tile,pavement
utuh/pavement_024-204.jpg,0,utuh,test_pave,pavement,pavement_024,P/UP/024-204.jpg,"[0, 0, 256, 256]",1.0,sdnet_tile,pavement
utuh/pavement_024-207.jpg,0,utuh,test_pave,pavement,pavement_024,P/UP/024-207.jpg,"[0, 0, 256, 256]",1.0,sdnet_tile,pavement
utuh/pavement_024-216.jpg,0,utuh,test_pave,pavement,pavement_024,P/UP/024-216.jpg,"[0, 0, 256, 256]",1.0,sdnet_tile,pavement
utuh/pavement_024-219.jpg,0,utuh,test_pave,pavement,pavement_024,P/UP/024-219.jpg,"[0, 0, 256, 256]",1.0,sdnet_tile,pavement
utuh/pavement_024-22.jpg,0,utuh,test_pave,pavement,pavement_024,P/UP/024-22.jpg,"[0, 0, 256, 256]",1.0,sdnet_tile,pavement
utuh/pavement_024-228.jpg,0,utuh,test_pave,pavement,pavement_024,P/UP/024-228.jpg,"[0, 0, 256, 256]",1.0,sdnet_tile,pavement
utuh/pavement_024-24.jpg,0,utuh,test_pave,pavement,pavement_024,P/UP/024-24.jpg,"[0, 0, 256, 256]",1.0,sdnet_tile,pavement
utuh/pavement_024-39.jpg,0,utuh,test_pave,pavement,pavement_024,P/UP/024-39.jpg,"[0, 0, 256, 256]",1.0,sdnet_tile,pavement
utuh/pavement_024-45.jpg,0,utuh,test_pave,pavement,pavement_024,P/UP/024-45.jpg,"[0, 0, 256, 256]",1.0,sdnet_tile,pavement
utuh/pavement_024-62.jpg,0,utuh,test_pave,pavement,pavement_024,P/UP/024-62.jpg,"[0, 0, 256, 256]",1.0,sdnet_tile,pavement
utuh/pavement_024-63.jpg,0,utuh,test_pave,pavement,pavement_024,P/UP/024-63.jpg,"[0, 0, 256, 256]",1.0,sdnet_tile,pavement
utuh/pavement_024-68.jpg,0,utuh,test_pave,pavement,pavement_024,P/UP/024-68.jpg,"[0, 0, 256, 256]",1.0,sdnet_tile,pavement
utuh/pavement_024-74.jpg,0,utuh,test_pave,pavement,pavement_024,P/UP/024-74.jpg,"[0, 0, 256, 256]",1.0,sdnet_tile,pavement
utuh/pavement_024-88.jpg,0,utuh,test_pave,pavement,pavement_024,P/UP/024-88.jpg,"[0, 0, 256, 256]",1.0,sdnet_tile,pavement
utuh/pavement_025-1.jpg,0,utuh,test_pave,pavement,pavement_025,P/UP/025-1.jpg,"[0, 0, 256, 256]",1.0,sdnet_tile,pavement
utuh/pavement_025-11.jpg,0,utuh,test_pave,pavement,pavement_025,P/UP/025-11.jpg,"[0, 0, 256, 256]",1.0,sdnet_tile,pavement
utuh/pavement_025-110.jpg,0,utuh,test_pave,pavement,pavement_025,P/UP/025-110.jpg,"[0, 0, 256, 256]",1.0,sdnet_tile,pavement
utuh/pavement_025-129.jpg,0,utuh,test_pave,pavement,pavement_025,P/UP/025-129.jpg,"[0, 0, 256, 256]",1.0,sdnet_tile,pavement
utuh/pavement_025-144.jpg,0,utuh,test_pave,pavement,pavement_025,P/UP/025-144.jpg,"[0, 0, 256, 256]",1.0,sdnet_tile,pavement
utuh/pavement_025-153.jpg,0,utuh,test_pave,pavement,pavement_025,P/UP/025-153.jpg,"[0, 0, 256, 256]",1.0,sdnet_tile,pavement
utuh/pavement_025-160.jpg,0,utuh,test_pave,pavement,pavement_025,P/UP/025-160.jpg,"[0, 0, 256, 256]",1.0,sdnet_tile,pavement
utuh/pavement_025-173.jpg,0,utuh,test_pave,pavement,pavement_025,P/UP/025-173.jpg,"[0, 0, 256, 256]",1.0,sdnet_tile,pavement
utuh/pavement_025-174.jpg,0,utuh,test_pave,pavement,pavement_025,P/UP/025-174.jpg,"[0, 0, 256, 256]",1.0,sdnet_tile,pavement
utuh/pavement_025-176.jpg,0,utuh,test_pave,pavement,pavement_025,P/UP/025-176.jpg,"[0, 0, 256, 256]",1.0,sdnet_tile,pavement
utuh/pavement_025-18.jpg,0,utuh,test_pave,pavement,pavement_025,P/UP/025-18.jpg,"[0, 0, 256, 256]",1.0,sdnet_tile,pavement
utuh/pavement_025-183.jpg,0,utuh,test_pave,pavement,pavement_025,P/UP/025-183.jpg,"[0, 0, 256, 256]",1.0,sdnet_tile,pavement
utuh/pavement_025-184.jpg,0,utuh,test_pave,pavement,pavement_025,P/UP/025-184.jpg,"[0, 0, 256, 256]",1.0,sdnet_tile,pavement
utuh/pavement_025-186.jpg,0,utuh,test_pave,pavement,pavement_025,P/UP/025-186.jpg,"[0, 0, 256, 256]",1.0,sdnet_tile,pavement
utuh/pavement_025-192.jpg,0,utuh,test_pave,pavement,pavement_025,P/UP/025-192.jpg,"[0, 0, 256, 256]",1.0,sdnet_tile,pavement
utuh/pavement_025-2.jpg,0,utuh,test_pave,pavement,pavement_025,P/UP/025-2.jpg,"[0, 0, 256, 256]",1.0,sdnet_tile,pavement
utuh/pavement_025-231.jpg,0,utuh,test_pave,pavement,pavement_025,P/UP/025-231.jpg,"[0, 0, 256, 256]",1.0,sdnet_tile,pavement
utuh/pavement_025-48.jpg,0,utuh,test_pave,pavement,pavement_025,P/UP/025-48.jpg,"[0, 0, 256, 256]",1.0,sdnet_tile,pavement
utuh/pavement_025-58.jpg,0,utuh,test_pave,pavement,pavement_025,P/UP/025-58.jpg,"[0, 0, 256, 256]",1.0,sdnet_tile,pavement
utuh/pavement_025-65.jpg,0,utuh,test_pave,pavement,pavement_025,P/UP/025-65.jpg,"[0, 0, 256, 256]",1.0,sdnet_tile,pavement
utuh/pavement_025-82.jpg,0,utuh,test_pave,pavement,pavement_025,P/UP/025-82.jpg,"[0, 0, 256, 256]",1.0,sdnet_tile,pavement
utuh/pavement_025-89.jpg,0,utuh,test_pave,pavement,pavement_025,P/UP/025-89.jpg,"[0, 0, 256, 256]",1.0,sdnet_tile,pavement
utuh/pavement_025-93.jpg,0,utuh,test_pave,pavement,pavement_025,P/UP/025-93.jpg,"[0, 0, 256, 256]",1.0,sdnet_tile,pavement
utuh/pavement_026-132.jpg,0,utuh,test_pave,pavement,pavement_026,P/UP/026-132.jpg,"[0, 0, 256, 256]",1.0,sdnet_tile,pavement
utuh/pavement_026-148.jpg,0,utuh,test_pave,pavement,pavement_026,P/UP/026-148.jpg,"[0, 0, 256, 256]",1.0,sdnet_tile,pavement
utuh/pavement_026-16.jpg,0,utuh,test_pave,pavement,pavement_026,P/UP/026-16.jpg,"[0, 0, 256, 256]",1.0,sdnet_tile,pavement
utuh/pavement_026-164.jpg,0,utuh,test_pave,pavement,pavement_026,P/UP/026-164.jpg,"[0, 0, 256, 256]",1.0,sdnet_tile,pavement
utuh/pavement_026-188.jpg,0,utuh,test_pave,pavement,pavement_026,P/UP/026-188.jpg,"[0, 0, 256, 256]",1.0,sdnet_tile,pavement
utuh/pavement_026-189.jpg,0,utuh,test_pave,pavement,pavement_026,P/UP/026-189.jpg,"[0, 0, 256, 256]",1.0,sdnet_tile,pavement
utuh/pavement_026-198.jpg,0,utuh,test_pave,pavement,pavement_026,P/UP/026-198.jpg,"[0, 0, 256, 256]",1.0,sdnet_tile,pavement
utuh/pavement_026-200.jpg,0,utuh,test_pave,pavement,pavement_026,P/UP/026-200.jpg,"[0, 0, 256, 256]",1.0,sdnet_tile,pavement
utuh/pavement_026-201.jpg,0,utuh,test_pave,pavement,pavement_026,P/UP/026-201.jpg,"[0, 0, 256, 256]",1.0,sdnet_tile,pavement
utuh/pavement_026-207.jpg,0,utuh,test_pave,pavement,pavement_026,P/UP/026-207.jpg,"[0, 0, 256, 256]",1.0,sdnet_tile,pavement
utuh/pavement_026-208.jpg,0,utuh,test_pave,pavement,pavement_026,P/UP/026-208.jpg,"[0, 0, 256, 256]",1.0,sdnet_tile,pavement
utuh/pavement_026-213.jpg,0,utuh,test_pave,pavement,pavement_026,P/UP/026-213.jpg,"[0, 0, 256, 256]",1.0,sdnet_tile,pavement
utuh/pavement_026-217.jpg,0,utuh,test_pave,pavement,pavement_026,P/UP/026-217.jpg,"[0, 0, 256, 256]",1.0,sdnet_tile,pavement
utuh/pavement_026-227.jpg,0,utuh,test_pave,pavement,pavement_026,P/UP/026-227.jpg,"[0, 0, 256, 256]",1.0,sdnet_tile,pavement
utuh/pavement_026-24.jpg,0,utuh,test_pave,pavement,pavement_026,P/UP/026-24.jpg,"[0, 0, 256, 256]",1.0,sdnet_tile,pavement
utuh/pavement_026-32.jpg,0,utuh,test_pave,pavement,pavement_026,P/UP/026-32.jpg,"[0, 0, 256, 256]",1.0,sdnet_tile,pavement
utuh/pavement_026-39.jpg,0,utuh,test_pave,pavement,pavement_026,P/UP/026-39.jpg,"[0, 0, 256, 256]",1.0,sdnet_tile,pavement
utuh/pavement_026-40.jpg,0,utuh,test_pave,pavement,pavement_026,P/UP/026-40.jpg,"[0, 0, 256, 256]",1.0,sdnet_tile,pavement
utuh/pavement_026-45.jpg,0,utuh,test_pave,pavement,pavement_026,P/UP/026-45.jpg,"[0, 0, 256, 256]",1.0,sdnet_tile,pavement
utuh/pavement_026-63.jpg,0,utuh,test_pave,pavement,pavement_026,P/UP/026-63.jpg,"[0, 0, 256, 256]",1.0,sdnet_tile,pavement
utuh/pavement_026-74.jpg,0,utuh,test_pave,pavement,pavement_026,P/UP/026-74.jpg,"[0, 0, 256, 256]",1.0,sdnet_tile,pavement
utuh/pavement_026-81.jpg,0,utuh,test_pave,pavement,pavement_026,P/UP/026-81.jpg,"[0, 0, 256, 256]",1.0,sdnet_tile,pavement
utuh/pavement_026-99.jpg,0,utuh,test_pave,pavement,pavement_026,P/UP/026-99.jpg,"[0, 0, 256, 256]",1.0,sdnet_tile,pavement
utuh/pavement_027-11.jpg,0,utuh,test_pave,pavement,pavement_027,P/UP/027-11.jpg,"[0, 0, 256, 256]",1.0,sdnet_tile,pavement
utuh/pavement_027-113.jpg,0,utuh,test_pave,pavement,pavement_027,P/UP/027-113.jpg,"[0, 0, 256, 256]",1.0,sdnet_tile,pavement
utuh/pavement_027-122.jpg,0,utuh,test_pave,pavement,pavement_027,P/UP/027-122.jpg,"[0, 0, 256, 256]",1.0,sdnet_tile,pavement
utuh/pavement_027-135.jpg,0,utuh,test_pave,pavement,pavement_027,P/UP/027-135.jpg,"[0, 0, 256, 256]",1.0,sdnet_tile,pavement
utuh/pavement_027-138.jpg,0,utuh,test_pave,pavement,pavement_027,P/UP/027-138.jpg,"[0, 0, 256, 256]",1.0,sdnet_tile,pavement
utuh/pavement_027-144.jpg,0,utuh,test_pave,pavement,pavement_027,P/UP/027-144.jpg,"[0, 0, 256, 256]",1.0,sdnet_tile,pavement
utuh/pavement_027-16.jpg,0,utuh,test_pave,pavement,pavement_027,P/UP/027-16.jpg,"[0, 0, 256, 256]",1.0,sdnet_tile,pavement
utuh/pavement_027-160.jpg,0,utuh,test_pave,pavement,pavement_027,P/UP/027-160.jpg,"[0, 0, 256, 256]",1.0,sdnet_tile,pavement
utuh/pavement_027-165.jpg,0,utuh,test_pave,pavement,pavement_027,P/UP/027-165.jpg,"[0, 0, 256, 256]",1.0,sdnet_tile,pavement
utuh/pavement_027-174.jpg,0,utuh,test_pave,pavement,pavement_027,P/UP/027-174.jpg,"[0, 0, 256, 256]",1.0,sdnet_tile,pavement
utuh/pavement_027-177.jpg,0,utuh,test_pave,pavement,pavement_027,P/UP/027-177.jpg,"[0, 0, 256, 256]",1.0,sdnet_tile,pavement
utuh/pavement_027-188.jpg,0,utuh,test_pave,pavement,pavement_027,P/UP/027-188.jpg,"[0, 0, 256, 256]",1.0,sdnet_tile,pavement
utuh/pavement_027-19.jpg,0,utuh,test_pave,pavement,pavement_027,P/UP/027-19.jpg,"[0, 0, 256, 256]",1.0,sdnet_tile,pavement
utuh/pavement_027-203.jpg,0,utuh,test_pave,pavement,pavement_027,P/UP/027-203.jpg,"[0, 0, 256, 256]",1.0,sdnet_tile,pavement
utuh/pavement_027-207.jpg,0,utuh,test_pave,pavement,pavement_027,P/UP/027-207.jpg,"[0, 0, 256, 256]",1.0,sdnet_tile,pavement
utuh/pavement_027-231.jpg,0,utuh,test_pave,pavement,pavement_027,P/UP/027-231.jpg,"[0, 0, 256, 256]",1.0,sdnet_tile,pavement
utuh/pavement_027-32.jpg,0,utuh,test_pave,pavement,pavement_027,P/UP/027-32.jpg,"[0, 0, 256, 256]",1.0,sdnet_tile,pavement
utuh/pavement_027-45.jpg,0,utuh,test_pave,pavement,pavement_027,P/UP/027-45.jpg,"[0, 0, 256, 256]",1.0,sdnet_tile,pavement
utuh/pavement_027-46.jpg,0,utuh,test_pave,pavement,pavement_027,P/UP/027-46.jpg,"[0, 0, 256, 256]",1.0,sdnet_tile,pavement
utuh/pavement_027-65.jpg,0,utuh,test_pave,pavement,pavement_027,P/UP/027-65.jpg,"[0, 0, 256, 256]",1.0,sdnet_tile,pavement
utuh/pavement_027-71.jpg,0,utuh,test_pave,pavement,pavement_027,P/UP/027-71.jpg,"[0, 0, 256, 256]",1.0,sdnet_tile,pavement
utuh/pavement_027-85.jpg,0,utuh,test_pave,pavement,pavement_027,P/UP/027-85.jpg,"[0, 0, 256, 256]",1.0,sdnet_tile,pavement
utuh/pavement_027-88.jpg,0,utuh,test_pave,pavement,pavement_027,P/UP/027-88.jpg,"[0, 0, 256, 256]",1.0,sdnet_tile,pavement
utuh/pavement_028-102.jpg,0,utuh,test_pave,pavement,pavement_028,P/UP/028-102.jpg,"[0, 0, 256, 256]",1.0,sdnet_tile,pavement
utuh/pavement_028-108.jpg,0,utuh,test_pave,pavement,pavement_028,P/UP/028-108.jpg,"[0, 0, 256, 256]",1.0,sdnet_tile,pavement
utuh/pavement_028-110.jpg,0,utuh,test_pave,pavement,pavement_028,P/UP/028-110.jpg,"[0, 0, 256, 256]",1.0,sdnet_tile,pavement
utuh/pavement_028-13.jpg,0,utuh,test_pave,pavement,pavement_028,P/UP/028-13.jpg,"[0, 0, 256, 256]",1.0,sdnet_tile,pavement
utuh/pavement_028-145.jpg,0,utuh,test_pave,pavement,pavement_028,P/UP/028-145.jpg,"[0, 0, 256, 256]",1.0,sdnet_tile,pavement
utuh/pavement_028-158.jpg,0,utuh,test_pave,pavement,pavement_028,P/UP/028-158.jpg,"[0, 0, 256, 256]",1.0,sdnet_tile,pavement
utuh/pavement_028-180.jpg,0,utuh,test_pave,pavement,pavement_028,P/UP/028-180.jpg,"[0, 0, 256, 256]",1.0,sdnet_tile,pavement
utuh/pavement_028-181.jpg,0,utuh,test_pave,pavement,pavement_028,P/UP/028-181.jpg,"[0, 0, 256, 256]",1.0,sdnet_tile,pavement
utuh/pavement_028-201.jpg,0,utuh,test_pave,pavement,pavement_028,P/UP/028-201.jpg,"[0, 0, 256, 256]",1.0,sdnet_tile,pavement
utuh/pavement_028-205.jpg,0,utuh,test_pave,pavement,pavement_028,P/UP/028-205.jpg,"[0, 0, 256, 256]",1.0,sdnet_tile,pavement
utuh/pavement_028-209.jpg,0,utuh,test_pave,pavement,pavement_028,P/UP/028-209.jpg,"[0, 0, 256, 256]",1.0,sdnet_tile,pavement
utuh/pavement_028-216.jpg,0,utuh,test_pave,pavement,pavement_028,P/UP/028-216.jpg,"[0, 0, 256, 256]",1.0,sdnet_tile,pavement
utuh/pavement_028-217.jpg,0,utuh,test_pave,pavement,pavement_028,P/UP/028-217.jpg,"[0, 0, 256, 256]",1.0,sdnet_tile,pavement
utuh/pavement_028-220.jpg,0,utuh,test_pave,pavement,pavement_028,P/UP/028-220.jpg,"[0, 0, 256, 256]",1.0,sdnet_tile,pavement
utuh/pavement_028-222.jpg,0,utuh,test_pave,pavement,pavement_028,P/UP/028-222.jpg,"[0, 0, 256, 256]",1.0,sdnet_tile,pavement
utuh/pavement_028-234.jpg,0,utuh,test_pave,pavement,pavement_028,P/UP/028-234.jpg,"[0, 0, 256, 256]",1.0,sdnet_tile,pavement
utuh/pavement_028-33.jpg,0,utuh,test_pave,pavement,pavement_028,P/UP/028-33.jpg,"[0, 0, 256, 256]",1.0,sdnet_tile,pavement
utuh/pavement_028-39.jpg,0,utuh,test_pave,pavement,pavement_028,P/UP/028-39.jpg,"[0, 0, 256, 256]",1.0,sdnet_tile,pavement
utuh/pavement_028-40.jpg,0,utuh,test_pave,pavement,pavement_028,P/UP/028-40.jpg,"[0, 0, 256, 256]",1.0,sdnet_tile,pavement
utuh/pavement_028-6.jpg,0,utuh,test_pave,pavement,pavement_028,P/UP/028-6.jpg,"[0, 0, 256, 256]",1.0,sdnet_tile,pavement
utuh/pavement_028-68.jpg,0,utuh,test_pave,pavement,pavement_028,P/UP/028-68.jpg,"[0, 0, 256, 256]",1.0,sdnet_tile,pavement
utuh/pavement_028-73.jpg,0,utuh,test_pave,pavement,pavement_028,P/UP/028-73.jpg,"[0, 0, 256, 256]",1.0,sdnet_tile,pavement
utuh/pavement_028-80.jpg,0,utuh,test_pave,pavement,pavement_028,P/UP/028-80.jpg,"[0, 0, 256, 256]",1.0,sdnet_tile,pavement
utuh/pavement_029-105.jpg,0,utuh,test_pave,pavement,pavement_029,P/UP/029-105.jpg,"[0, 0, 256, 256]",1.0,sdnet_tile,pavement
utuh/pavement_029-108.jpg,0,utuh,test_pave,pavement,pavement_029,P/UP/029-108.jpg,"[0, 0, 256, 256]",1.0,sdnet_tile,pavement
utuh/pavement_029-129.jpg,0,utuh,test_pave,pavement,pavement_029,P/UP/029-129.jpg,"[0, 0, 256, 256]",1.0,sdnet_tile,pavement
utuh/pavement_029-152.jpg,0,utuh,test_pave,pavement,pavement_029,P/UP/029-152.jpg,"[0, 0, 256, 256]",1.0,sdnet_tile,pavement
utuh/pavement_029-161.jpg,0,utuh,test_pave,pavement,pavement_029,P/UP/029-161.jpg,"[0, 0, 256, 256]",1.0,sdnet_tile,pavement
utuh/pavement_029-162.jpg,0,utuh,test_pave,pavement,pavement_029,P/UP/029-162.jpg,"[0, 0, 256, 256]",1.0,sdnet_tile,pavement
utuh/pavement_029-164.jpg,0,utuh,test_pave,pavement,pavement_029,P/UP/029-164.jpg,"[0, 0, 256, 256]",1.0,sdnet_tile,pavement
utuh/pavement_029-170.jpg,0,utuh,test_pave,pavement,pavement_029,P/UP/029-170.jpg,"[0, 0, 256, 256]",1.0,sdnet_tile,pavement
utuh/pavement_029-182.jpg,0,utuh,test_pave,pavement,pavement_029,P/UP/029-182.jpg,"[0, 0, 256, 256]",1.0,sdnet_tile,pavement
utuh/pavement_029-184.jpg,0,utuh,test_pave,pavement,pavement_029,P/UP/029-184.jpg,"[0, 0, 256, 256]",1.0,sdnet_tile,pavement
utuh/pavement_029-192.jpg,0,utuh,test_pave,pavement,pavement_029,P/UP/029-192.jpg,"[0, 0, 256, 256]",1.0,sdnet_tile,pavement
utuh/pavement_029-196.jpg,0,utuh,test_pave,pavement,pavement_029,P/UP/029-196.jpg,"[0, 0, 256, 256]",1.0,sdnet_tile,pavement
utuh/pavement_029-197.jpg,0,utuh,test_pave,pavement,pavement_029,P/UP/029-197.jpg,"[0, 0, 256, 256]",1.0,sdnet_tile,pavement
utuh/pavement_029-199.jpg,0,utuh,test_pave,pavement,pavement_029,P/UP/029-199.jpg,"[0, 0, 256, 256]",1.0,sdnet_tile,pavement
utuh/pavement_029-2.jpg,0,utuh,test_pave,pavement,pavement_029,P/UP/029-2.jpg,"[0, 0, 256, 256]",1.0,sdnet_tile,pavement
utuh/pavement_029-213.jpg,0,utuh,test_pave,pavement,pavement_029,P/UP/029-213.jpg,"[0, 0, 256, 256]",1.0,sdnet_tile,pavement
utuh/pavement_029-221.jpg,0,utuh,test_pave,pavement,pavement_029,P/UP/029-221.jpg,"[0, 0, 256, 256]",1.0,sdnet_tile,pavement
utuh/pavement_029-229.jpg,0,utuh,test_pave,pavement,pavement_029,P/UP/029-229.jpg,"[0, 0, 256, 256]",1.0,sdnet_tile,pavement
utuh/pavement_029-27.jpg,0,utuh,test_pave,pavement,pavement_029,P/UP/029-27.jpg,"[0, 0, 256, 256]",1.0,sdnet_tile,pavement
utuh/pavement_029-38.jpg,0,utuh,test_pave,pavement,pavement_029,P/UP/029-38.jpg,"[0, 0, 256, 256]",1.0,sdnet_tile,pavement
utuh/pavement_029-5.jpg,0,utuh,test_pave,pavement,pavement_029,P/UP/029-5.jpg,"[0, 0, 256, 256]",1.0,sdnet_tile,pavement
utuh/pavement_029-60.jpg,0,utuh,test_pave,pavement,pavement_029,P/UP/029-60.jpg,"[0, 0, 256, 256]",1.0,sdnet_tile,pavement
utuh/pavement_029-93.jpg,0,utuh,test_pave,pavement,pavement_029,P/UP/029-93.jpg,"[0, 0, 256, 256]",1.0,sdnet_tile,pavement
utuh/pavement_030-10.jpg,0,utuh,test_pave,pavement,pavement_030,P/UP/030-10.jpg,"[0, 0, 256, 256]",1.0,sdnet_tile,pavement
utuh/pavement_030-11.jpg,0,utuh,test_pave,pavement,pavement_030,P/UP/030-11.jpg,"[0, 0, 256, 256]",1.0,sdnet_tile,pavement
utuh/pavement_030-120.jpg,0,utuh,test_pave,pavement,pavement_030,P/UP/030-120.jpg,"[0, 0, 256, 256]",1.0,sdnet_tile,pavement
utuh/pavement_030-129.jpg,0,utuh,test_pave,pavement,pavement_030,P/UP/030-129.jpg,"[0, 0, 256, 256]",1.0,sdnet_tile,pavement
utuh/pavement_030-133.jpg,0,utuh,test_pave,pavement,pavement_030,P/UP/030-133.jpg,"[0, 0, 256, 256]",1.0,sdnet_tile,pavement
utuh/pavement_030-134.jpg,0,utuh,test_pave,pavement,pavement_030,P/UP/030-134.jpg,"[0, 0, 256, 256]",1.0,sdnet_tile,pavement
utuh/pavement_030-145.jpg,0,utuh,test_pave,pavement,pavement_030,P/UP/030-145.jpg,"[0, 0, 256, 256]",1.0,sdnet_tile,pavement
utuh/pavement_030-152.jpg,0,utuh,test_pave,pavement,pavement_030,P/UP/030-152.jpg,"[0, 0, 256, 256]",1.0,sdnet_tile,pavement
utuh/pavement_030-161.jpg,0,utuh,test_pave,pavement,pavement_030,P/UP/030-161.jpg,"[0, 0, 256, 256]",1.0,sdnet_tile,pavement
utuh/pavement_030-192.jpg,0,utuh,test_pave,pavement,pavement_030,P/UP/030-192.jpg,"[0, 0, 256, 256]",1.0,sdnet_tile,pavement
utuh/pavement_030-206.jpg,0,utuh,test_pave,pavement,pavement_030,P/UP/030-206.jpg,"[0, 0, 256, 256]",1.0,sdnet_tile,pavement
utuh/pavement_030-208.jpg,0,utuh,test_pave,pavement,pavement_030,P/UP/030-208.jpg,"[0, 0, 256, 256]",1.0,sdnet_tile,pavement
utuh/pavement_030-210.jpg,0,utuh,test_pave,pavement,pavement_030,P/UP/030-210.jpg,"[0, 0, 256, 256]",1.0,sdnet_tile,pavement
utuh/pavement_030-230.jpg,0,utuh,test_pave,pavement,pavement_030,P/UP/030-230.jpg,"[0, 0, 256, 256]",1.0,sdnet_tile,pavement
utuh/pavement_030-234.jpg,0,utuh,test_pave,pavement,pavement_030,P/UP/030-234.jpg,"[0, 0, 256, 256]",1.0,sdnet_tile,pavement
utuh/pavement_030-32.jpg,0,utuh,test_pave,pavement,pavement_030,P/UP/030-32.jpg,"[0, 0, 256, 256]",1.0,sdnet_tile,pavement
utuh/pavement_030-56.jpg,0,utuh,test_pave,pavement,pavement_030,P/UP/030-56.jpg,"[0, 0, 256, 256]",1.0,sdnet_tile,pavement
utuh/pavement_030-57.jpg,0,utuh,test_pave,pavement,pavement_030,P/UP/030-57.jpg,"[0, 0, 256, 256]",1.0,sdnet_tile,pavement
utuh/pavement_030-58.jpg,0,utuh,test_pave,pavement,pavement_030,P/UP/030-58.jpg,"[0, 0, 256, 256]",1.0,sdnet_tile,pavement
utuh/pavement_030-6.jpg,0,utuh,test_pave,pavement,pavement_030,P/UP/030-6.jpg,"[0, 0, 256, 256]",1.0,sdnet_tile,pavement
utuh/pavement_030-65.jpg,0,utuh,test_pave,pavement,pavement_030,P/UP/030-65.jpg,"[0, 0, 256, 256]",1.0,sdnet_tile,pavement
utuh/pavement_030-76.jpg,0,utuh,test_pave,pavement,pavement_030,P/UP/030-76.jpg,"[0, 0, 256, 256]",1.0,sdnet_tile,pavement
utuh/pavement_030-92.jpg,0,utuh,test_pave,pavement,pavement_030,P/UP/030-92.jpg,"[0, 0, 256, 256]",1.0,sdnet_tile,pavement
utuh/pavement_031-103.jpg,0,utuh,test_pave,pavement,pavement_031,P/UP/031-103.jpg,"[0, 0, 256, 256]",1.0,sdnet_tile,pavement
utuh/pavement_031-108.jpg,0,utuh,test_pave,pavement,pavement_031,P/UP/031-108.jpg,"[0, 0, 256, 256]",1.0,sdnet_tile,pavement
utuh/pavement_031-111.jpg,0,utuh,test_pave,pavement,pavement_031,P/UP/031-111.jpg,"[0, 0, 256, 256]",1.0,sdnet_tile,pavement
utuh/pavement_031-114.jpg,0,utuh,test_pave,pavement,pavement_031,P/UP/031-114.jpg,"[0, 0, 256, 256]",1.0,sdnet_tile,pavement
utuh/pavement_031-115.jpg,0,utuh,test_pave,pavement,pavement_031,P/UP/031-115.jpg,"[0, 0, 256, 256]",1.0,sdnet_tile,pavement
utuh/pavement_031-130.jpg,0,utuh,test_pave,pavement,pavement_031,P/UP/031-130.jpg,"[0, 0, 256, 256]",1.0,sdnet_tile,pavement
utuh/pavement_031-158.jpg,0,utuh,test_pave,pavement,pavement_031,P/UP/031-158.jpg,"[0, 0, 256, 256]",1.0,sdnet_tile,pavement
utuh/pavement_031-168.jpg,0,utuh,test_pave,pavement,pavement_031,P/UP/031-168.jpg,"[0, 0, 256, 256]",1.0,sdnet_tile,pavement
utuh/pavement_031-171.jpg,0,utuh,test_pave,pavement,pavement_031,P/UP/031-171.jpg,"[0, 0, 256, 256]",1.0,sdnet_tile,pavement
utuh/pavement_031-19.jpg,0,utuh,test_pave,pavement,pavement_031,P/UP/031-19.jpg,"[0, 0, 256, 256]",1.0,sdnet_tile,pavement
utuh/pavement_031-203.jpg,0,utuh,test_pave,pavement,pavement_031,P/UP/031-203.jpg,"[0, 0, 256, 256]",1.0,sdnet_tile,pavement
utuh/pavement_031-212.jpg,0,utuh,test_pave,pavement,pavement_031,P/UP/031-212.jpg,"[0, 0, 256, 256]",1.0,sdnet_tile,pavement
utuh/pavement_031-228.jpg,0,utuh,test_pave,pavement,pavement_031,P/UP/031-228.jpg,"[0, 0, 256, 256]",1.0,sdnet_tile,pavement
utuh/pavement_031-25.jpg,0,utuh,test_pave,pavement,pavement_031,P/UP/031-25.jpg,"[0, 0, 256, 256]",1.0,sdnet_tile,pavement
utuh/pavement_031-31.jpg,0,utuh,test_pave,pavement,pavement_031,P/UP/031-31.jpg,"[0, 0, 256, 256]",1.0,sdnet_tile,pavement
utuh/pavement_031-42.jpg,0,utuh,test_pave,pavement,pavement_031,P/UP/031-42.jpg,"[0, 0, 256, 256]",1.0,sdnet_tile,pavement
utuh/pavement_031-49.jpg,0,utuh,test_pave,pavement,pavement_031,P/UP/031-49.jpg,"[0, 0, 256, 256]",1.0,sdnet_tile,pavement
utuh/pavement_031-51.jpg,0,utuh,test_pave,pavement,pavement_031,P/UP/031-51.jpg,"[0, 0, 256, 256]",1.0,sdnet_tile,pavement
utuh/pavement_031-54.jpg,0,utuh,test_pave,pavement,pavement_031,P/UP/031-54.jpg,"[0, 0, 256, 256]",1.0,sdnet_tile,pavement
utuh/pavement_031-58.jpg,0,utuh,test_pave,pavement,pavement_031,P/UP/031-58.jpg,"[0, 0, 256, 256]",1.0,sdnet_tile,pavement
utuh/pavement_031-82.jpg,0,utuh,test_pave,pavement,pavement_031,P/UP/031-82.jpg,"[0, 0, 256, 256]",1.0,sdnet_tile,pavement
utuh/pavement_031-86.jpg,0,utuh,test_pave,pavement,pavement_031,P/UP/031-86.jpg,"[0, 0, 256, 256]",1.0,sdnet_tile,pavement
utuh/pavement_031-91.jpg,0,utuh,test_pave,pavement,pavement_031,P/UP/031-91.jpg,"[0, 0, 256, 256]",1.0,sdnet_tile,pavement
utuh/pavement_032-111.jpg,0,utuh,test_pave,pavement,pavement_032,P/UP/032-111.jpg,"[0, 0, 256, 256]",1.0,sdnet_tile,pavement
utuh/pavement_032-118.jpg,0,utuh,test_pave,pavement,pavement_032,P/UP/032-118.jpg,"[0, 0, 256, 256]",1.0,sdnet_tile,pavement
utuh/pavement_032-120.jpg,0,utuh,test_pave,pavement,pavement_032,P/UP/032-120.jpg,"[0, 0, 256, 256]",1.0,sdnet_tile,pavement
utuh/pavement_032-127.jpg,0,utuh,test_pave,pavement,pavement_032,P/UP/032-127.jpg,"[0, 0, 256, 256]",1.0,sdnet_tile,pavement
utuh/pavement_032-144.jpg,0,utuh,test_pave,pavement,pavement_032,P/UP/032-144.jpg,"[0, 0, 256, 256]",1.0,sdnet_tile,pavement
utuh/pavement_032-152.jpg,0,utuh,test_pave,pavement,pavement_032,P/UP/032-152.jpg,"[0, 0, 256, 256]",1.0,sdnet_tile,pavement
utuh/pavement_032-17.jpg,0,utuh,test_pave,pavement,pavement_032,P/UP/032-17.jpg,"[0, 0, 256, 256]",1.0,sdnet_tile,pavement
utuh/pavement_032-191.jpg,0,utuh,test_pave,pavement,pavement_032,P/UP/032-191.jpg,"[0, 0, 256, 256]",1.0,sdnet_tile,pavement
utuh/pavement_032-196.jpg,0,utuh,test_pave,pavement,pavement_032,P/UP/032-196.jpg,"[0, 0, 256, 256]",1.0,sdnet_tile,pavement
utuh/pavement_032-205.jpg,0,utuh,test_pave,pavement,pavement_032,P/UP/032-205.jpg,"[0, 0, 256, 256]",1.0,sdnet_tile,pavement
utuh/pavement_032-22.jpg,0,utuh,test_pave,pavement,pavement_032,P/UP/032-22.jpg,"[0, 0, 256, 256]",1.0,sdnet_tile,pavement
utuh/pavement_032-227.jpg,0,utuh,test_pave,pavement,pavement_032,P/UP/032-227.jpg,"[0, 0, 256, 256]",1.0,sdnet_tile,pavement
utuh/pavement_032-230.jpg,0,utuh,test_pave,pavement,pavement_032,P/UP/032-230.jpg,"[0, 0, 256, 256]",1.0,sdnet_tile,pavement
utuh/pavement_032-34.jpg,0,utuh,test_pave,pavement,pavement_032,P/UP/032-34.jpg,"[0, 0, 256, 256]",1.0,sdnet_tile,pavement
utuh/pavement_032-43.jpg,0,utuh,test_pave,pavement,pavement_032,P/UP/032-43.jpg,"[0, 0, 256, 256]",1.0,sdnet_tile,pavement
utuh/pavement_032-45.jpg,0,utuh,test_pave,pavement,pavement_032,P/UP/032-45.jpg,"[0, 0, 256, 256]",1.0,sdnet_tile,pavement
utuh/pavement_032-50.jpg,0,utuh,test_pave,pavement,pavement_032,P/UP/032-50.jpg,"[0, 0, 256, 256]",1.0,sdnet_tile,pavement
utuh/pavement_032-69.jpg,0,utuh,test_pave,pavement,pavement_032,P/UP/032-69.jpg,"[0, 0, 256, 256]",1.0,sdnet_tile,pavement
utuh/pavement_032-7.jpg,0,utuh,test_pave,pavement,pavement_032,P/UP/032-7.jpg,"[0, 0, 256, 256]",1.0,sdnet_tile,pavement
utuh/pavement_032-75.jpg,0,utuh,test_pave,pavement,pavement_032,P/UP/032-75.jpg,"[0, 0, 256, 256]",1.0,sdnet_tile,pavement
utuh/pavement_032-85.jpg,0,utuh,test_pave,pavement,pavement_032,P/UP/032-85.jpg,"[0, 0, 256, 256]",1.0,sdnet_tile,pavement
utuh/pavement_032-86.jpg,0,utuh,test_pave,pavement,pavement_032,P/UP/032-86.jpg,"[0, 0, 256, 256]",1.0,sdnet_tile,pavement
utuh/pavement_032-93.jpg,0,utuh,test_pave,pavement,pavement_032,P/UP/032-93.jpg,"[0, 0, 256, 256]",1.0,sdnet_tile,pavement
utuh/pavement_033-104.jpg,0,utuh,test_pave,pavement,pavement_033,P/UP/033-104.jpg,"[0, 0, 256, 256]",1.0,sdnet_tile,pavement
utuh/pavement_033-110.jpg,0,utuh,test_pave,pavement,pavement_033,P/UP/033-110.jpg,"[0, 0, 256, 256]",1.0,sdnet_tile,pavement
utuh/pavement_033-130.jpg,0,utuh,test_pave,pavement,pavement_033,P/UP/033-130.jpg,"[0, 0, 256, 256]",1.0,sdnet_tile,pavement
utuh/pavement_033-132.jpg,0,utuh,test_pave,pavement,pavement_033,P/UP/033-132.jpg,"[0, 0, 256, 256]",1.0,sdnet_tile,pavement
utuh/pavement_033-14.jpg,0,utuh,test_pave,pavement,pavement_033,P/UP/033-14.jpg,"[0, 0, 256, 256]",1.0,sdnet_tile,pavement
utuh/pavement_033-147.jpg,0,utuh,test_pave,pavement,pavement_033,P/UP/033-147.jpg,"[0, 0, 256, 256]",1.0,sdnet_tile,pavement
utuh/pavement_033-149.jpg,0,utuh,test_pave,pavement,pavement_033,P/UP/033-149.jpg,"[0, 0, 256, 256]",1.0,sdnet_tile,pavement
utuh/pavement_033-162.jpg,0,utuh,test_pave,pavement,pavement_033,P/UP/033-162.jpg,"[0, 0, 256, 256]",1.0,sdnet_tile,pavement
utuh/pavement_033-166.jpg,0,utuh,test_pave,pavement,pavement_033,P/UP/033-166.jpg,"[0, 0, 256, 256]",1.0,sdnet_tile,pavement
utuh/pavement_033-186.jpg,0,utuh,test_pave,pavement,pavement_033,P/UP/033-186.jpg,"[0, 0, 256, 256]",1.0,sdnet_tile,pavement
utuh/pavement_033-19.jpg,0,utuh,test_pave,pavement,pavement_033,P/UP/033-19.jpg,"[0, 0, 256, 256]",1.0,sdnet_tile,pavement
utuh/pavement_033-193.jpg,0,utuh,test_pave,pavement,pavement_033,P/UP/033-193.jpg,"[0, 0, 256, 256]",1.0,sdnet_tile,pavement
utuh/pavement_033-203.jpg,0,utuh,test_pave,pavement,pavement_033,P/UP/033-203.jpg,"[0, 0, 256, 256]",1.0,sdnet_tile,pavement
utuh/pavement_033-215.jpg,0,utuh,test_pave,pavement,pavement_033,P/UP/033-215.jpg,"[0, 0, 256, 256]",1.0,sdnet_tile,pavement
utuh/pavement_033-227.jpg,0,utuh,test_pave,pavement,pavement_033,P/UP/033-227.jpg,"[0, 0, 256, 256]",1.0,sdnet_tile,pavement
utuh/pavement_033-34.jpg,0,utuh,test_pave,pavement,pavement_033,P/UP/033-34.jpg,"[0, 0, 256, 256]",1.0,sdnet_tile,pavement
utuh/pavement_033-4.jpg,0,utuh,test_pave,pavement,pavement_033,P/UP/033-4.jpg,"[0, 0, 256, 256]",1.0,sdnet_tile,pavement
utuh/pavement_033-46.jpg,0,utuh,test_pave,pavement,pavement_033,P/UP/033-46.jpg,"[0, 0, 256, 256]",1.0,sdnet_tile,pavement
utuh/pavement_033-55.jpg,0,utuh,test_pave,pavement,pavement_033,P/UP/033-55.jpg,"[0, 0, 256, 256]",1.0,sdnet_tile,pavement
utuh/pavement_033-60.jpg,0,utuh,test_pave,pavement,pavement_033,P/UP/033-60.jpg,"[0, 0, 256, 256]",1.0,sdnet_tile,pavement
utuh/pavement_033-73.jpg,0,utuh,test_pave,pavement,pavement_033,P/UP/033-73.jpg,"[0, 0, 256, 256]",1.0,sdnet_tile,pavement
utuh/pavement_033-76.jpg,0,utuh,test_pave,pavement,pavement_033,P/UP/033-76.jpg,"[0, 0, 256, 256]",1.0,sdnet_tile,pavement
utuh/pavement_033-82.jpg,0,utuh,test_pave,pavement,pavement_033,P/UP/033-82.jpg,"[0, 0, 256, 256]",1.0,sdnet_tile,pavement
utuh/pavement_034-11.jpg,0,utuh,test_pave,pavement,pavement_034,P/UP/034-11.jpg,"[0, 0, 256, 256]",1.0,sdnet_tile,pavement
utuh/pavement_034-142.jpg,0,utuh,test_pave,pavement,pavement_034,P/UP/034-142.jpg,"[0, 0, 256, 256]",1.0,sdnet_tile,pavement
utuh/pavement_034-156.jpg,0,utuh,test_pave,pavement,pavement_034,P/UP/034-156.jpg,"[0, 0, 256, 256]",1.0,sdnet_tile,pavement
utuh/pavement_034-157.jpg,0,utuh,test_pave,pavement,pavement_034,P/UP/034-157.jpg,"[0, 0, 256, 256]",1.0,sdnet_tile,pavement
utuh/pavement_034-165.jpg,0,utuh,test_pave,pavement,pavement_034,P/UP/034-165.jpg,"[0, 0, 256, 256]",1.0,sdnet_tile,pavement
utuh/pavement_034-166.jpg,0,utuh,test_pave,pavement,pavement_034,P/UP/034-166.jpg,"[0, 0, 256, 256]",1.0,sdnet_tile,pavement
utuh/pavement_034-169.jpg,0,utuh,test_pave,pavement,pavement_034,P/UP/034-169.jpg,"[0, 0, 256, 256]",1.0,sdnet_tile,pavement
utuh/pavement_034-17.jpg,0,utuh,test_pave,pavement,pavement_034,P/UP/034-17.jpg,"[0, 0, 256, 256]",1.0,sdnet_tile,pavement
utuh/pavement_034-178.jpg,0,utuh,test_pave,pavement,pavement_034,P/UP/034-178.jpg,"[0, 0, 256, 256]",1.0,sdnet_tile,pavement
utuh/pavement_034-184.jpg,0,utuh,test_pave,pavement,pavement_034,P/UP/034-184.jpg,"[0, 0, 256, 256]",1.0,sdnet_tile,pavement
utuh/pavement_034-185.jpg,0,utuh,test_pave,pavement,pavement_034,P/UP/034-185.jpg,"[0, 0, 256, 256]",1.0,sdnet_tile,pavement
utuh/pavement_034-186.jpg,0,utuh,test_pave,pavement,pavement_034,P/UP/034-186.jpg,"[0, 0, 256, 256]",1.0,sdnet_tile,pavement
utuh/pavement_034-19.jpg,0,utuh,test_pave,pavement,pavement_034,P/UP/034-19.jpg,"[0, 0, 256, 256]",1.0,sdnet_tile,pavement
utuh/pavement_034-196.jpg,0,utuh,test_pave,pavement,pavement_034,P/UP/034-196.jpg,"[0, 0, 256, 256]",1.0,sdnet_tile,pavement
utuh/pavement_034-214.jpg,0,utuh,test_pave,pavement,pavement_034,P/UP/034-214.jpg,"[0, 0, 256, 256]",1.0,sdnet_tile,pavement
utuh/pavement_034-29.jpg,0,utuh,test_pave,pavement,pavement_034,P/UP/034-29.jpg,"[0, 0, 256, 256]",1.0,sdnet_tile,pavement
utuh/pavement_034-38.jpg,0,utuh,test_pave,pavement,pavement_034,P/UP/034-38.jpg,"[0, 0, 256, 256]",1.0,sdnet_tile,pavement
utuh/pavement_034-40.jpg,0,utuh,test_pave,pavement,pavement_034,P/UP/034-40.jpg,"[0, 0, 256, 256]",1.0,sdnet_tile,pavement
utuh/pavement_034-58.jpg,0,utuh,test_pave,pavement,pavement_034,P/UP/034-58.jpg,"[0, 0, 256, 256]",1.0,sdnet_tile,pavement
utuh/pavement_034-6.jpg,0,utuh,test_pave,pavement,pavement_034,P/UP/034-6.jpg,"[0, 0, 256, 256]",1.0,sdnet_tile,pavement
utuh/pavement_034-84.jpg,0,utuh,test_pave,pavement,pavement_034,P/UP/034-84.jpg,"[0, 0, 256, 256]",1.0,sdnet_tile,pavement
utuh/pavement_034-87.jpg,0,utuh,test_pave,pavement,pavement_034,P/UP/034-87.jpg,"[0, 0, 256, 256]",1.0,sdnet_tile,pavement
utuh/pavement_034-97.jpg,0,utuh,test_pave,pavement,pavement_034,P/UP/034-97.jpg,"[0, 0, 256, 256]",1.0,sdnet_tile,pavement
utuh/pavement_035-103.jpg,0,utuh,test_pave,pavement,pavement_035,P/UP/035-103.jpg,"[0, 0, 256, 256]",1.0,sdnet_tile,pavement
utuh/pavement_035-119.jpg,0,utuh,test_pave,pavement,pavement_035,P/UP/035-119.jpg,"[0, 0, 256, 256]",1.0,sdnet_tile,pavement
utuh/pavement_035-127.jpg,0,utuh,test_pave,pavement,pavement_035,P/UP/035-127.jpg,"[0, 0, 256, 256]",1.0,sdnet_tile,pavement
utuh/pavement_035-142.jpg,0,utuh,test_pave,pavement,pavement_035,P/UP/035-142.jpg,"[0, 0, 256, 256]",1.0,sdnet_tile,pavement
utuh/pavement_035-143.jpg,0,utuh,test_pave,pavement,pavement_035,P/UP/035-143.jpg,"[0, 0, 256, 256]",1.0,sdnet_tile,pavement
utuh/pavement_035-144.jpg,0,utuh,test_pave,pavement,pavement_035,P/UP/035-144.jpg,"[0, 0, 256, 256]",1.0,sdnet_tile,pavement
utuh/pavement_035-165.jpg,0,utuh,test_pave,pavement,pavement_035,P/UP/035-165.jpg,"[0, 0, 256, 256]",1.0,sdnet_tile,pavement
utuh/pavement_035-17.jpg,0,utuh,test_pave,pavement,pavement_035,P/UP/035-17.jpg,"[0, 0, 256, 256]",1.0,sdnet_tile,pavement
utuh/pavement_035-175.jpg,0,utuh,test_pave,pavement,pavement_035,P/UP/035-175.jpg,"[0, 0, 256, 256]",1.0,sdnet_tile,pavement
utuh/pavement_035-184.jpg,0,utuh,test_pave,pavement,pavement_035,P/UP/035-184.jpg,"[0, 0, 256, 256]",1.0,sdnet_tile,pavement
utuh/pavement_035-204.jpg,0,utuh,test_pave,pavement,pavement_035,P/UP/035-204.jpg,"[0, 0, 256, 256]",1.0,sdnet_tile,pavement
utuh/pavement_035-218.jpg,0,utuh,test_pave,pavement,pavement_035,P/UP/035-218.jpg,"[0, 0, 256, 256]",1.0,sdnet_tile,pavement
utuh/pavement_035-225.jpg,0,utuh,test_pave,pavement,pavement_035,P/UP/035-225.jpg,"[0, 0, 256, 256]",1.0,sdnet_tile,pavement
utuh/pavement_035-28.jpg,0,utuh,test_pave,pavement,pavement_035,P/UP/035-28.jpg,"[0, 0, 256, 256]",1.0,sdnet_tile,pavement
utuh/pavement_035-30.jpg,0,utuh,test_pave,pavement,pavement_035,P/UP/035-30.jpg,"[0, 0, 256, 256]",1.0,sdnet_tile,pavement
utuh/pavement_035-33.jpg,0,utuh,test_pave,pavement,pavement_035,P/UP/035-33.jpg,"[0, 0, 256, 256]",1.0,sdnet_tile,pavement
utuh/pavement_035-34.jpg,0,utuh,test_pave,pavement,pavement_035,P/UP/035-34.jpg,"[0, 0, 256, 256]",1.0,sdnet_tile,pavement
utuh/pavement_035-47.jpg,0,utuh,test_pave,pavement,pavement_035,P/UP/035-47.jpg,"[0, 0, 256, 256]",1.0,sdnet_tile,pavement
utuh/pavement_035-60.jpg,0,utuh,test_pave,pavement,pavement_035,P/UP/035-60.jpg,"[0, 0, 256, 256]",1.0,sdnet_tile,pavement
utuh/pavement_035-63.jpg,0,utuh,test_pave,pavement,pavement_035,P/UP/035-63.jpg,"[0, 0, 256, 256]",1.0,sdnet_tile,pavement
utuh/pavement_035-85.jpg,0,utuh,test_pave,pavement,pavement_035,P/UP/035-85.jpg,"[0, 0, 256, 256]",1.0,sdnet_tile,pavement
utuh/pavement_035-89.jpg,0,utuh,test_pave,pavement,pavement_035,P/UP/035-89.jpg,"[0, 0, 256, 256]",1.0,sdnet_tile,pavement
utuh/pavement_035-9.jpg,0,utuh,test_pave,pavement,pavement_035,P/UP/035-9.jpg,"[0, 0, 256, 256]",1.0,sdnet_tile,pavement
utuh/pavement_036-108.jpg,0,utuh,test_pave,pavement,pavement_036,P/UP/036-108.jpg,"[0, 0, 256, 256]",1.0,sdnet_tile,pavement
utuh/pavement_036-116.jpg,0,utuh,test_pave,pavement,pavement_036,P/UP/036-116.jpg,"[0, 0, 256, 256]",1.0,sdnet_tile,pavement
utuh/pavement_036-118.jpg,0,utuh,test_pave,pavement,pavement_036,P/UP/036-118.jpg,"[0, 0, 256, 256]",1.0,sdnet_tile,pavement
utuh/pavement_036-119.jpg,0,utuh,test_pave,pavement,pavement_036,P/UP/036-119.jpg,"[0, 0, 256, 256]",1.0,sdnet_tile,pavement
utuh/pavement_036-120.jpg,0,utuh,test_pave,pavement,pavement_036,P/UP/036-120.jpg,"[0, 0, 256, 256]",1.0,sdnet_tile,pavement
utuh/pavement_036-130.jpg,0,utuh,test_pave,pavement,pavement_036,P/UP/036-130.jpg,"[0, 0, 256, 256]",1.0,sdnet_tile,pavement
utuh/pavement_036-137.jpg,0,utuh,test_pave,pavement,pavement_036,P/UP/036-137.jpg,"[0, 0, 256, 256]",1.0,sdnet_tile,pavement
utuh/pavement_036-140.jpg,0,utuh,test_pave,pavement,pavement_036,P/UP/036-140.jpg,"[0, 0, 256, 256]",1.0,sdnet_tile,pavement
utuh/pavement_036-157.jpg,0,utuh,test_pave,pavement,pavement_036,P/UP/036-157.jpg,"[0, 0, 256, 256]",1.0,sdnet_tile,pavement
utuh/pavement_036-188.jpg,0,utuh,test_pave,pavement,pavement_036,P/UP/036-188.jpg,"[0, 0, 256, 256]",1.0,sdnet_tile,pavement
utuh/pavement_036-201.jpg,0,utuh,test_pave,pavement,pavement_036,P/UP/036-201.jpg,"[0, 0, 256, 256]",1.0,sdnet_tile,pavement
utuh/pavement_036-207.jpg,0,utuh,test_pave,pavement,pavement_036,P/UP/036-207.jpg,"[0, 0, 256, 256]",1.0,sdnet_tile,pavement
utuh/pavement_036-226.jpg,0,utuh,test_pave,pavement,pavement_036,P/UP/036-226.jpg,"[0, 0, 256, 256]",1.0,sdnet_tile,pavement
utuh/pavement_036-24.jpg,0,utuh,test_pave,pavement,pavement_036,P/UP/036-24.jpg,"[0, 0, 256, 256]",1.0,sdnet_tile,pavement
utuh/pavement_036-33.jpg,0,utuh,test_pave,pavement,pavement_036,P/UP/036-33.jpg,"[0, 0, 256, 256]",1.0,sdnet_tile,pavement
utuh/pavement_036-36.jpg,0,utuh,test_pave,pavement,pavement_036,P/UP/036-36.jpg,"[0, 0, 256, 256]",1.0,sdnet_tile,pavement
utuh/pavement_036-45.jpg,0,utuh,test_pave,pavement,pavement_036,P/UP/036-45.jpg,"[0, 0, 256, 256]",1.0,sdnet_tile,pavement
utuh/pavement_036-88.jpg,0,utuh,test_pave,pavement,pavement_036,P/UP/036-88.jpg,"[0, 0, 256, 256]",1.0,sdnet_tile,pavement
utuh/pavement_036-9.jpg,0,utuh,test_pave,pavement,pavement_036,P/UP/036-9.jpg,"[0, 0, 256, 256]",1.0,sdnet_tile,pavement
utuh/pavement_036-90.jpg,0,utuh,test_pave,pavement,pavement_036,P/UP/036-90.jpg,"[0, 0, 256, 256]",1.0,sdnet_tile,pavement
utuh/pavement_036-94.jpg,0,utuh,test_pave,pavement,pavement_036,P/UP/036-94.jpg,"[0, 0, 256, 256]",1.0,sdnet_tile,pavement
utuh/pavement_036-95.jpg,0,utuh,test_pave,pavement,pavement_036,P/UP/036-95.jpg,"[0, 0, 256, 256]",1.0,sdnet_tile,pavement
utuh/pavement_036-97.jpg,0,utuh,test_pave,pavement,pavement_036,P/UP/036-97.jpg,"[0, 0, 256, 256]",1.0,sdnet_tile,pavement
utuh/pavement_037-107.jpg,0,utuh,test_pave,pavement,pavement_037,P/UP/037-107.jpg,"[0, 0, 256, 256]",1.0,sdnet_tile,pavement
utuh/pavement_037-114.jpg,0,utuh,test_pave,pavement,pavement_037,P/UP/037-114.jpg,"[0, 0, 256, 256]",1.0,sdnet_tile,pavement
utuh/pavement_037-119.jpg,0,utuh,test_pave,pavement,pavement_037,P/UP/037-119.jpg,"[0, 0, 256, 256]",1.0,sdnet_tile,pavement
utuh/pavement_037-139.jpg,0,utuh,test_pave,pavement,pavement_037,P/UP/037-139.jpg,"[0, 0, 256, 256]",1.0,sdnet_tile,pavement
utuh/pavement_037-152.jpg,0,utuh,test_pave,pavement,pavement_037,P/UP/037-152.jpg,"[0, 0, 256, 256]",1.0,sdnet_tile,pavement
utuh/pavement_037-159.jpg,0,utuh,test_pave,pavement,pavement_037,P/UP/037-159.jpg,"[0, 0, 256, 256]",1.0,sdnet_tile,pavement
utuh/pavement_037-165.jpg,0,utuh,test_pave,pavement,pavement_037,P/UP/037-165.jpg,"[0, 0, 256, 256]",1.0,sdnet_tile,pavement
utuh/pavement_037-172.jpg,0,utuh,test_pave,pavement,pavement_037,P/UP/037-172.jpg,"[0, 0, 256, 256]",1.0,sdnet_tile,pavement
utuh/pavement_037-189.jpg,0,utuh,test_pave,pavement,pavement_037,P/UP/037-189.jpg,"[0, 0, 256, 256]",1.0,sdnet_tile,pavement
utuh/pavement_037-199.jpg,0,utuh,test_pave,pavement,pavement_037,P/UP/037-199.jpg,"[0, 0, 256, 256]",1.0,sdnet_tile,pavement
utuh/pavement_037-216.jpg,0,utuh,test_pave,pavement,pavement_037,P/UP/037-216.jpg,"[0, 0, 256, 256]",1.0,sdnet_tile,pavement
utuh/pavement_037-218.jpg,0,utuh,test_pave,pavement,pavement_037,P/UP/037-218.jpg,"[0, 0, 256, 256]",1.0,sdnet_tile,pavement
utuh/pavement_037-222.jpg,0,utuh,test_pave,pavement,pavement_037,P/UP/037-222.jpg,"[0, 0, 256, 256]",1.0,sdnet_tile,pavement
utuh/pavement_037-230.jpg,0,utuh,test_pave,pavement,pavement_037,P/UP/037-230.jpg,"[0, 0, 256, 256]",1.0,sdnet_tile,pavement
utuh/pavement_037-28.jpg,0,utuh,test_pave,pavement,pavement_037,P/UP/037-28.jpg,"[0, 0, 256, 256]",1.0,sdnet_tile,pavement
utuh/pavement_037-33.jpg,0,utuh,test_pave,pavement,pavement_037,P/UP/037-33.jpg,"[0, 0, 256, 256]",1.0,sdnet_tile,pavement
utuh/pavement_037-38.jpg,0,utuh,test_pave,pavement,pavement_037,P/UP/037-38.jpg,"[0, 0, 256, 256]",1.0,sdnet_tile,pavement
utuh/pavement_037-63.jpg,0,utuh,test_pave,pavement,pavement_037,P/UP/037-63.jpg,"[0, 0, 256, 256]",1.0,sdnet_tile,pavement
utuh/pavement_037-67.jpg,0,utuh,test_pave,pavement,pavement_037,P/UP/037-67.jpg,"[0, 0, 256, 256]",1.0,sdnet_tile,pavement
utuh/pavement_037-68.jpg,0,utuh,test_pave,pavement,pavement_037,P/UP/037-68.jpg,"[0, 0, 256, 256]",1.0,sdnet_tile,pavement
utuh/pavement_037-71.jpg,0,utuh,test_pave,pavement,pavement_037,P/UP/037-71.jpg,"[0, 0, 256, 256]",1.0,sdnet_tile,pavement
utuh/pavement_037-76.jpg,0,utuh,test_pave,pavement,pavement_037,P/UP/037-76.jpg,"[0, 0, 256, 256]",1.0,sdnet_tile,pavement
utuh/pavement_037-94.jpg,0,utuh,test_pave,pavement,pavement_037,P/UP/037-94.jpg,"[0, 0, 256, 256]",1.0,sdnet_tile,pavement
utuh/pavement_038-111.jpg,0,utuh,test_pave,pavement,pavement_038,P/UP/038-111.jpg,"[0, 0, 256, 256]",1.0,sdnet_tile,pavement
utuh/pavement_038-120.jpg,0,utuh,test_pave,pavement,pavement_038,P/UP/038-120.jpg,"[0, 0, 256, 256]",1.0,sdnet_tile,pavement
utuh/pavement_038-136.jpg,0,utuh,test_pave,pavement,pavement_038,P/UP/038-136.jpg,"[0, 0, 256, 256]",1.0,sdnet_tile,pavement
utuh/pavement_038-14.jpg,0,utuh,test_pave,pavement,pavement_038,P/UP/038-14.jpg,"[0, 0, 256, 256]",1.0,sdnet_tile,pavement
utuh/pavement_038-152.jpg,0,utuh,test_pave,pavement,pavement_038,P/UP/038-152.jpg,"[0, 0, 256, 256]",1.0,sdnet_tile,pavement
utuh/pavement_038-153.jpg,0,utuh,test_pave,pavement,pavement_038,P/UP/038-153.jpg,"[0, 0, 256, 256]",1.0,sdnet_tile,pavement
utuh/pavement_038-155.jpg,0,utuh,test_pave,pavement,pavement_038,P/UP/038-155.jpg,"[0, 0, 256, 256]",1.0,sdnet_tile,pavement
utuh/pavement_038-176.jpg,0,utuh,test_pave,pavement,pavement_038,P/UP/038-176.jpg,"[0, 0, 256, 256]",1.0,sdnet_tile,pavement
utuh/pavement_038-182.jpg,0,utuh,test_pave,pavement,pavement_038,P/UP/038-182.jpg,"[0, 0, 256, 256]",1.0,sdnet_tile,pavement
utuh/pavement_038-186.jpg,0,utuh,test_pave,pavement,pavement_038,P/UP/038-186.jpg,"[0, 0, 256, 256]",1.0,sdnet_tile,pavement
utuh/pavement_038-189.jpg,0,utuh,test_pave,pavement,pavement_038,P/UP/038-189.jpg,"[0, 0, 256, 256]",1.0,sdnet_tile,pavement
utuh/pavement_038-194.jpg,0,utuh,test_pave,pavement,pavement_038,P/UP/038-194.jpg,"[0, 0, 256, 256]",1.0,sdnet_tile,pavement
utuh/pavement_038-20.jpg,0,utuh,test_pave,pavement,pavement_038,P/UP/038-20.jpg,"[0, 0, 256, 256]",1.0,sdnet_tile,pavement
utuh/pavement_038-228.jpg,0,utuh,test_pave,pavement,pavement_038,P/UP/038-228.jpg,"[0, 0, 256, 256]",1.0,sdnet_tile,pavement
utuh/pavement_038-23.jpg,0,utuh,test_pave,pavement,pavement_038,P/UP/038-23.jpg,"[0, 0, 256, 256]",1.0,sdnet_tile,pavement
utuh/pavement_038-234.jpg,0,utuh,test_pave,pavement,pavement_038,P/UP/038-234.jpg,"[0, 0, 256, 256]",1.0,sdnet_tile,pavement
utuh/pavement_038-32.jpg,0,utuh,test_pave,pavement,pavement_038,P/UP/038-32.jpg,"[0, 0, 256, 256]",1.0,sdnet_tile,pavement
utuh/pavement_038-35.jpg,0,utuh,test_pave,pavement,pavement_038,P/UP/038-35.jpg,"[0, 0, 256, 256]",1.0,sdnet_tile,pavement
utuh/pavement_038-58.jpg,0,utuh,test_pave,pavement,pavement_038,P/UP/038-58.jpg,"[0, 0, 256, 256]",1.0,sdnet_tile,pavement
utuh/pavement_038-60.jpg,0,utuh,test_pave,pavement,pavement_038,P/UP/038-60.jpg,"[0, 0, 256, 256]",1.0,sdnet_tile,pavement
utuh/pavement_038-69.jpg,0,utuh,test_pave,pavement,pavement_038,P/UP/038-69.jpg,"[0, 0, 256, 256]",1.0,sdnet_tile,pavement
utuh/pavement_038-80.jpg,0,utuh,test_pave,pavement,pavement_038,P/UP/038-80.jpg,"[0, 0, 256, 256]",1.0,sdnet_tile,pavement
utuh/pavement_038-81.jpg,0,utuh,test_pave,pavement,pavement_038,P/UP/038-81.jpg,"[0, 0, 256, 256]",1.0,sdnet_tile,pavement
utuh/pavement_039-100.jpg,0,utuh,test_pave,pavement,pavement_039,P/UP/039-100.jpg,"[0, 0, 256, 256]",1.0,sdnet_tile,pavement
utuh/pavement_039-102.jpg,0,utuh,test_pave,pavement,pavement_039,P/UP/039-102.jpg,"[0, 0, 256, 256]",1.0,sdnet_tile,pavement
utuh/pavement_039-109.jpg,0,utuh,test_pave,pavement,pavement_039,P/UP/039-109.jpg,"[0, 0, 256, 256]",1.0,sdnet_tile,pavement
utuh/pavement_039-122.jpg,0,utuh,test_pave,pavement,pavement_039,P/UP/039-122.jpg,"[0, 0, 256, 256]",1.0,sdnet_tile,pavement
utuh/pavement_039-125.jpg,0,utuh,test_pave,pavement,pavement_039,P/UP/039-125.jpg,"[0, 0, 256, 256]",1.0,sdnet_tile,pavement
utuh/pavement_039-150.jpg,0,utuh,test_pave,pavement,pavement_039,P/UP/039-150.jpg,"[0, 0, 256, 256]",1.0,sdnet_tile,pavement
utuh/pavement_039-159.jpg,0,utuh,test_pave,pavement,pavement_039,P/UP/039-159.jpg,"[0, 0, 256, 256]",1.0,sdnet_tile,pavement
utuh/pavement_039-160.jpg,0,utuh,test_pave,pavement,pavement_039,P/UP/039-160.jpg,"[0, 0, 256, 256]",1.0,sdnet_tile,pavement
utuh/pavement_039-17.jpg,0,utuh,test_pave,pavement,pavement_039,P/UP/039-17.jpg,"[0, 0, 256, 256]",1.0,sdnet_tile,pavement
utuh/pavement_039-179.jpg,0,utuh,test_pave,pavement,pavement_039,P/UP/039-179.jpg,"[0, 0, 256, 256]",1.0,sdnet_tile,pavement
utuh/pavement_039-182.jpg,0,utuh,test_pave,pavement,pavement_039,P/UP/039-182.jpg,"[0, 0, 256, 256]",1.0,sdnet_tile,pavement
utuh/pavement_039-200.jpg,0,utuh,test_pave,pavement,pavement_039,P/UP/039-200.jpg,"[0, 0, 256, 256]",1.0,sdnet_tile,pavement
utuh/pavement_039-211.jpg,0,utuh,test_pave,pavement,pavement_039,P/UP/039-211.jpg,"[0, 0, 256, 256]",1.0,sdnet_tile,pavement
utuh/pavement_039-212.jpg,0,utuh,test_pave,pavement,pavement_039,P/UP/039-212.jpg,"[0, 0, 256, 256]",1.0,sdnet_tile,pavement
utuh/pavement_039-220.jpg,0,utuh,test_pave,pavement,pavement_039,P/UP/039-220.jpg,"[0, 0, 256, 256]",1.0,sdnet_tile,pavement
utuh/pavement_039-221.jpg,0,utuh,test_pave,pavement,pavement_039,P/UP/039-221.jpg,"[0, 0, 256, 256]",1.0,sdnet_tile,pavement
utuh/pavement_039-49.jpg,0,utuh,test_pave,pavement,pavement_039,P/UP/039-49.jpg,"[0, 0, 256, 256]",1.0,sdnet_tile,pavement
utuh/pavement_039-5.jpg,0,utuh,test_pave,pavement,pavement_039,P/UP/039-5.jpg,"[0, 0, 256, 256]",1.0,sdnet_tile,pavement
utuh/pavement_039-55.jpg,0,utuh,test_pave,pavement,pavement_039,P/UP/039-55.jpg,"[0, 0, 256, 256]",1.0,sdnet_tile,pavement
utuh/pavement_039-69.jpg,0,utuh,test_pave,pavement,pavement_039,P/UP/039-69.jpg,"[0, 0, 256, 256]",1.0,sdnet_tile,pavement
utuh/pavement_039-82.jpg,0,utuh,test_pave,pavement,pavement_039,P/UP/039-82.jpg,"[0, 0, 256, 256]",1.0,sdnet_tile,pavement
utuh/pavement_039-90.jpg,0,utuh,test_pave,pavement,pavement_039,P/UP/039-90.jpg,"[0, 0, 256, 256]",1.0,sdnet_tile,pavement
utuh/pavement_039-97.jpg,0,utuh,test_pave,pavement,pavement_039,P/UP/039-97.jpg,"[0, 0, 256, 256]",1.0,sdnet_tile,pavement
utuh/pavement_040-12.jpg,0,utuh,test_pave,pavement,pavement_040,P/UP/040-12.jpg,"[0, 0, 256, 256]",1.0,sdnet_tile,pavement
utuh/pavement_040-126.jpg,0,utuh,test_pave,pavement,pavement_040,P/UP/040-126.jpg,"[0, 0, 256, 256]",1.0,sdnet_tile,pavement
utuh/pavement_040-140.jpg,0,utuh,test_pave,pavement,pavement_040,P/UP/040-140.jpg,"[0, 0, 256, 256]",1.0,sdnet_tile,pavement
utuh/pavement_040-144.jpg,0,utuh,test_pave,pavement,pavement_040,P/UP/040-144.jpg,"[0, 0, 256, 256]",1.0,sdnet_tile,pavement
utuh/pavement_040-156.jpg,0,utuh,test_pave,pavement,pavement_040,P/UP/040-156.jpg,"[0, 0, 256, 256]",1.0,sdnet_tile,pavement
utuh/pavement_040-166.jpg,0,utuh,test_pave,pavement,pavement_040,P/UP/040-166.jpg,"[0, 0, 256, 256]",1.0,sdnet_tile,pavement
utuh/pavement_040-179.jpg,0,utuh,test_pave,pavement,pavement_040,P/UP/040-179.jpg,"[0, 0, 256, 256]",1.0,sdnet_tile,pavement
utuh/pavement_040-181.jpg,0,utuh,test_pave,pavement,pavement_040,P/UP/040-181.jpg,"[0, 0, 256, 256]",1.0,sdnet_tile,pavement
utuh/pavement_040-186.jpg,0,utuh,test_pave,pavement,pavement_040,P/UP/040-186.jpg,"[0, 0, 256, 256]",1.0,sdnet_tile,pavement
utuh/pavement_040-2.jpg,0,utuh,test_pave,pavement,pavement_040,P/UP/040-2.jpg,"[0, 0, 256, 256]",1.0,sdnet_tile,pavement
utuh/pavement_040-201.jpg,0,utuh,test_pave,pavement,pavement_040,P/UP/040-201.jpg,"[0, 0, 256, 256]",1.0,sdnet_tile,pavement
utuh/pavement_040-205.jpg,0,utuh,test_pave,pavement,pavement_040,P/UP/040-205.jpg,"[0, 0, 256, 256]",1.0,sdnet_tile,pavement
utuh/pavement_040-220.jpg,0,utuh,test_pave,pavement,pavement_040,P/UP/040-220.jpg,"[0, 0, 256, 256]",1.0,sdnet_tile,pavement
utuh/pavement_040-229.jpg,0,utuh,test_pave,pavement,pavement_040,P/UP/040-229.jpg,"[0, 0, 256, 256]",1.0,sdnet_tile,pavement
utuh/pavement_040-3.jpg,0,utuh,test_pave,pavement,pavement_040,P/UP/040-3.jpg,"[0, 0, 256, 256]",1.0,sdnet_tile,pavement
utuh/pavement_040-48.jpg,0,utuh,test_pave,pavement,pavement_040,P/UP/040-48.jpg,"[0, 0, 256, 256]",1.0,sdnet_tile,pavement
utuh/pavement_040-49.jpg,0,utuh,test_pave,pavement,pavement_040,P/UP/040-49.jpg,"[0, 0, 256, 256]",1.0,sdnet_tile,pavement
utuh/pavement_040-63.jpg,0,utuh,test_pave,pavement,pavement_040,P/UP/040-63.jpg,"[0, 0, 256, 256]",1.0,sdnet_tile,pavement
utuh/pavement_040-64.jpg,0,utuh,test_pave,pavement,pavement_040,P/UP/040-64.jpg,"[0, 0, 256, 256]",1.0,sdnet_tile,pavement
utuh/pavement_040-70.jpg,0,utuh,test_pave,pavement,pavement_040,P/UP/040-70.jpg,"[0, 0, 256, 256]",1.0,sdnet_tile,pavement
utuh/pavement_040-72.jpg,0,utuh,test_pave,pavement,pavement_040,P/UP/040-72.jpg,"[0, 0, 256, 256]",1.0,sdnet_tile,pavement
utuh/pavement_040-76.jpg,0,utuh,test_pave,pavement,pavement_040,P/UP/040-76.jpg,"[0, 0, 256, 256]",1.0,sdnet_tile,pavement
utuh/pavement_040-88.jpg,0,utuh,test_pave,pavement,pavement_040,P/UP/040-88.jpg,"[0, 0, 256, 256]",1.0,sdnet_tile,pavement
utuh/pavement_041-107.jpg,0,utuh,test_pave,pavement,pavement_041,P/UP/041-107.jpg,"[0, 0, 256, 256]",1.0,sdnet_tile,pavement
utuh/pavement_041-108.jpg,0,utuh,test_pave,pavement,pavement_041,P/UP/041-108.jpg,"[0, 0, 256, 256]",1.0,sdnet_tile,pavement
utuh/pavement_041-11.jpg,0,utuh,test_pave,pavement,pavement_041,P/UP/041-11.jpg,"[0, 0, 256, 256]",1.0,sdnet_tile,pavement
utuh/pavement_041-12.jpg,0,utuh,test_pave,pavement,pavement_041,P/UP/041-12.jpg,"[0, 0, 256, 256]",1.0,sdnet_tile,pavement
utuh/pavement_041-14.jpg,0,utuh,test_pave,pavement,pavement_041,P/UP/041-14.jpg,"[0, 0, 256, 256]",1.0,sdnet_tile,pavement
utuh/pavement_041-147.jpg,0,utuh,test_pave,pavement,pavement_041,P/UP/041-147.jpg,"[0, 0, 256, 256]",1.0,sdnet_tile,pavement
utuh/pavement_041-150.jpg,0,utuh,test_pave,pavement,pavement_041,P/UP/041-150.jpg,"[0, 0, 256, 256]",1.0,sdnet_tile,pavement
utuh/pavement_041-151.jpg,0,utuh,test_pave,pavement,pavement_041,P/UP/041-151.jpg,"[0, 0, 256, 256]",1.0,sdnet_tile,pavement
utuh/pavement_041-152.jpg,0,utuh,test_pave,pavement,pavement_041,P/UP/041-152.jpg,"[0, 0, 256, 256]",1.0,sdnet_tile,pavement
utuh/pavement_041-165.jpg,0,utuh,test_pave,pavement,pavement_041,P/UP/041-165.jpg,"[0, 0, 256, 256]",1.0,sdnet_tile,pavement
utuh/pavement_041-171.jpg,0,utuh,test_pave,pavement,pavement_041,P/UP/041-171.jpg,"[0, 0, 256, 256]",1.0,sdnet_tile,pavement
utuh/pavement_041-189.jpg,0,utuh,test_pave,pavement,pavement_041,P/UP/041-189.jpg,"[0, 0, 256, 256]",1.0,sdnet_tile,pavement
utuh/pavement_041-193.jpg,0,utuh,test_pave,pavement,pavement_041,P/UP/041-193.jpg,"[0, 0, 256, 256]",1.0,sdnet_tile,pavement
utuh/pavement_041-204.jpg,0,utuh,test_pave,pavement,pavement_041,P/UP/041-204.jpg,"[0, 0, 256, 256]",1.0,sdnet_tile,pavement
utuh/pavement_041-227.jpg,0,utuh,test_pave,pavement,pavement_041,P/UP/041-227.jpg,"[0, 0, 256, 256]",1.0,sdnet_tile,pavement
utuh/pavement_041-229.jpg,0,utuh,test_pave,pavement,pavement_041,P/UP/041-229.jpg,"[0, 0, 256, 256]",1.0,sdnet_tile,pavement
utuh/pavement_041-3.jpg,0,utuh,test_pave,pavement,pavement_041,P/UP/041-3.jpg,"[0, 0, 256, 256]",1.0,sdnet_tile,pavement
utuh/pavement_041-43.jpg,0,utuh,test_pave,pavement,pavement_041,P/UP/041-43.jpg,"[0, 0, 256, 256]",1.0,sdnet_tile,pavement
utuh/pavement_041-51.jpg,0,utuh,test_pave,pavement,pavement_041,P/UP/041-51.jpg,"[0, 0, 256, 256]",1.0,sdnet_tile,pavement
utuh/pavement_041-61.jpg,0,utuh,test_pave,pavement,pavement_041,P/UP/041-61.jpg,"[0, 0, 256, 256]",1.0,sdnet_tile,pavement
utuh/pavement_041-66.jpg,0,utuh,test_pave,pavement,pavement_041,P/UP/041-66.jpg,"[0, 0, 256, 256]",1.0,sdnet_tile,pavement
utuh/pavement_041-72.jpg,0,utuh,test_pave,pavement,pavement_041,P/UP/041-72.jpg,"[0, 0, 256, 256]",1.0,sdnet_tile,pavement
utuh/pavement_041-89.jpg,0,utuh,test_pave,pavement,pavement_041,P/UP/041-89.jpg,"[0, 0, 256, 256]",1.0,sdnet_tile,pavement
utuh/pavement_042-104.jpg,0,utuh,test_pave,pavement,pavement_042,P/UP/042-104.jpg,"[0, 0, 256, 256]",1.0,sdnet_tile,pavement
utuh/pavement_042-131.jpg,0,utuh,test_pave,pavement,pavement_042,P/UP/042-131.jpg,"[0, 0, 256, 256]",1.0,sdnet_tile,pavement
utuh/pavement_042-138.jpg,0,utuh,test_pave,pavement,pavement_042,P/UP/042-138.jpg,"[0, 0, 256, 256]",1.0,sdnet_tile,pavement
utuh/pavement_042-158.jpg,0,utuh,test_pave,pavement,pavement_042,P/UP/042-158.jpg,"[0, 0, 256, 256]",1.0,sdnet_tile,pavement
utuh/pavement_042-164.jpg,0,utuh,test_pave,pavement,pavement_042,P/UP/042-164.jpg,"[0, 0, 256, 256]",1.0,sdnet_tile,pavement
utuh/pavement_042-170.jpg,0,utuh,test_pave,pavement,pavement_042,P/UP/042-170.jpg,"[0, 0, 256, 256]",1.0,sdnet_tile,pavement
utuh/pavement_042-180.jpg,0,utuh,test_pave,pavement,pavement_042,P/UP/042-180.jpg,"[0, 0, 256, 256]",1.0,sdnet_tile,pavement
utuh/pavement_042-189.jpg,0,utuh,test_pave,pavement,pavement_042,P/UP/042-189.jpg,"[0, 0, 256, 256]",1.0,sdnet_tile,pavement
utuh/pavement_042-196.jpg,0,utuh,test_pave,pavement,pavement_042,P/UP/042-196.jpg,"[0, 0, 256, 256]",1.0,sdnet_tile,pavement
utuh/pavement_042-21.jpg,0,utuh,test_pave,pavement,pavement_042,P/UP/042-21.jpg,"[0, 0, 256, 256]",1.0,sdnet_tile,pavement
utuh/pavement_042-221.jpg,0,utuh,test_pave,pavement,pavement_042,P/UP/042-221.jpg,"[0, 0, 256, 256]",1.0,sdnet_tile,pavement
utuh/pavement_042-223.jpg,0,utuh,test_pave,pavement,pavement_042,P/UP/042-223.jpg,"[0, 0, 256, 256]",1.0,sdnet_tile,pavement
utuh/pavement_042-227.jpg,0,utuh,test_pave,pavement,pavement_042,P/UP/042-227.jpg,"[0, 0, 256, 256]",1.0,sdnet_tile,pavement
utuh/pavement_042-230.jpg,0,utuh,test_pave,pavement,pavement_042,P/UP/042-230.jpg,"[0, 0, 256, 256]",1.0,sdnet_tile,pavement
utuh/pavement_042-233.jpg,0,utuh,test_pave,pavement,pavement_042,P/UP/042-233.jpg,"[0, 0, 256, 256]",1.0,sdnet_tile,pavement
utuh/pavement_042-234.jpg,0,utuh,test_pave,pavement,pavement_042,P/UP/042-234.jpg,"[0, 0, 256, 256]",1.0,sdnet_tile,pavement
utuh/pavement_042-39.jpg,0,utuh,test_pave,pavement,pavement_042,P/UP/042-39.jpg,"[0, 0, 256, 256]",1.0,sdnet_tile,pavement
utuh/pavement_042-63.jpg,0,utuh,test_pave,pavement,pavement_042,P/UP/042-63.jpg,"[0, 0, 256, 256]",1.0,sdnet_tile,pavement
utuh/pavement_042-7.jpg,0,utuh,test_pave,pavement,pavement_042,P/UP/042-7.jpg,"[0, 0, 256, 256]",1.0,sdnet_tile,pavement
utuh/pavement_042-70.jpg,0,utuh,test_pave,pavement,pavement_042,P/UP/042-70.jpg,"[0, 0, 256, 256]",1.0,sdnet_tile,pavement
utuh/pavement_042-84.jpg,0,utuh,test_pave,pavement,pavement_042,P/UP/042-84.jpg,"[0, 0, 256, 256]",1.0,sdnet_tile,pavement
utuh/pavement_042-86.jpg,0,utuh,test_pave,pavement,pavement_042,P/UP/042-86.jpg,"[0, 0, 256, 256]",1.0,sdnet_tile,pavement
utuh/pavement_042-92.jpg,0,utuh,test_pave,pavement,pavement_042,P/UP/042-92.jpg,"[0, 0, 256, 256]",1.0,sdnet_tile,pavement
utuh/pavement_043-103.jpg,0,utuh,test_pave,pavement,pavement_043,P/UP/043-103.jpg,"[0, 0, 256, 256]",1.0,sdnet_tile,pavement
utuh/pavement_043-113.jpg,0,utuh,test_pave,pavement,pavement_043,P/UP/043-113.jpg,"[0, 0, 256, 256]",1.0,sdnet_tile,pavement
utuh/pavement_043-123.jpg,0,utuh,test_pave,pavement,pavement_043,P/UP/043-123.jpg,"[0, 0, 256, 256]",1.0,sdnet_tile,pavement
utuh/pavement_043-13.jpg,0,utuh,test_pave,pavement,pavement_043,P/UP/043-13.jpg,"[0, 0, 256, 256]",1.0,sdnet_tile,pavement
utuh/pavement_043-132.jpg,0,utuh,test_pave,pavement,pavement_043,P/UP/043-132.jpg,"[0, 0, 256, 256]",1.0,sdnet_tile,pavement
utuh/pavement_043-136.jpg,0,utuh,test_pave,pavement,pavement_043,P/UP/043-136.jpg,"[0, 0, 256, 256]",1.0,sdnet_tile,pavement
utuh/pavement_043-138.jpg,0,utuh,test_pave,pavement,pavement_043,P/UP/043-138.jpg,"[0, 0, 256, 256]",1.0,sdnet_tile,pavement
utuh/pavement_043-148.jpg,0,utuh,test_pave,pavement,pavement_043,P/UP/043-148.jpg,"[0, 0, 256, 256]",1.0,sdnet_tile,pavement
utuh/pavement_043-154.jpg,0,utuh,test_pave,pavement,pavement_043,P/UP/043-154.jpg,"[0, 0, 256, 256]",1.0,sdnet_tile,pavement
utuh/pavement_043-164.jpg,0,utuh,test_pave,pavement,pavement_043,P/UP/043-164.jpg,"[0, 0, 256, 256]",1.0,sdnet_tile,pavement
utuh/pavement_043-166.jpg,0,utuh,test_pave,pavement,pavement_043,P/UP/043-166.jpg,"[0, 0, 256, 256]",1.0,sdnet_tile,pavement
utuh/pavement_043-168.jpg,0,utuh,test_pave,pavement,pavement_043,P/UP/043-168.jpg,"[0, 0, 256, 256]",1.0,sdnet_tile,pavement
utuh/pavement_043-178.jpg,0,utuh,test_pave,pavement,pavement_043,P/UP/043-178.jpg,"[0, 0, 256, 256]",1.0,sdnet_tile,pavement
utuh/pavement_043-189.jpg,0,utuh,test_pave,pavement,pavement_043,P/UP/043-189.jpg,"[0, 0, 256, 256]",1.0,sdnet_tile,pavement
utuh/pavement_043-20.jpg,0,utuh,test_pave,pavement,pavement_043,P/UP/043-20.jpg,"[0, 0, 256, 256]",1.0,sdnet_tile,pavement
utuh/pavement_043-220.jpg,0,utuh,test_pave,pavement,pavement_043,P/UP/043-220.jpg,"[0, 0, 256, 256]",1.0,sdnet_tile,pavement
utuh/pavement_043-229.jpg,0,utuh,test_pave,pavement,pavement_043,P/UP/043-229.jpg,"[0, 0, 256, 256]",1.0,sdnet_tile,pavement
utuh/pavement_043-27.jpg,0,utuh,test_pave,pavement,pavement_043,P/UP/043-27.jpg,"[0, 0, 256, 256]",1.0,sdnet_tile,pavement
utuh/pavement_043-28.jpg,0,utuh,test_pave,pavement,pavement_043,P/UP/043-28.jpg,"[0, 0, 256, 256]",1.0,sdnet_tile,pavement
utuh/pavement_043-3.jpg,0,utuh,test_pave,pavement,pavement_043,P/UP/043-3.jpg,"[0, 0, 256, 256]",1.0,sdnet_tile,pavement
utuh/pavement_043-49.jpg,0,utuh,test_pave,pavement,pavement_043,P/UP/043-49.jpg,"[0, 0, 256, 256]",1.0,sdnet_tile,pavement
utuh/pavement_043-61.jpg,0,utuh,test_pave,pavement,pavement_043,P/UP/043-61.jpg,"[0, 0, 256, 256]",1.0,sdnet_tile,pavement
utuh/pavement_043-71.jpg,0,utuh,test_pave,pavement,pavement_043,P/UP/043-71.jpg,"[0, 0, 256, 256]",1.0,sdnet_tile,pavement
utuh/pavement_044-10.jpg,0,utuh,test_pave,pavement,pavement_044,P/UP/044-10.jpg,"[0, 0, 256, 256]",1.0,sdnet_tile,pavement
utuh/pavement_044-108.jpg,0,utuh,test_pave,pavement,pavement_044,P/UP/044-108.jpg,"[0, 0, 256, 256]",1.0,sdnet_tile,pavement
utuh/pavement_044-131.jpg,0,utuh,test_pave,pavement,pavement_044,P/UP/044-131.jpg,"[0, 0, 256, 256]",1.0,sdnet_tile,pavement
utuh/pavement_044-139.jpg,0,utuh,test_pave,pavement,pavement_044,P/UP/044-139.jpg,"[0, 0, 256, 256]",1.0,sdnet_tile,pavement
utuh/pavement_044-156.jpg,0,utuh,test_pave,pavement,pavement_044,P/UP/044-156.jpg,"[0, 0, 256, 256]",1.0,sdnet_tile,pavement
utuh/pavement_044-181.jpg,0,utuh,test_pave,pavement,pavement_044,P/UP/044-181.jpg,"[0, 0, 256, 256]",1.0,sdnet_tile,pavement
utuh/pavement_044-184.jpg,0,utuh,test_pave,pavement,pavement_044,P/UP/044-184.jpg,"[0, 0, 256, 256]",1.0,sdnet_tile,pavement
utuh/pavement_044-2.jpg,0,utuh,test_pave,pavement,pavement_044,P/UP/044-2.jpg,"[0, 0, 256, 256]",1.0,sdnet_tile,pavement
utuh/pavement_044-20.jpg,0,utuh,test_pave,pavement,pavement_044,P/UP/044-20.jpg,"[0, 0, 256, 256]",1.0,sdnet_tile,pavement
utuh/pavement_044-204.jpg,0,utuh,test_pave,pavement,pavement_044,P/UP/044-204.jpg,"[0, 0, 256, 256]",1.0,sdnet_tile,pavement
utuh/pavement_044-214.jpg,0,utuh,test_pave,pavement,pavement_044,P/UP/044-214.jpg,"[0, 0, 256, 256]",1.0,sdnet_tile,pavement
utuh/pavement_044-225.jpg,0,utuh,test_pave,pavement,pavement_044,P/UP/044-225.jpg,"[0, 0, 256, 256]",1.0,sdnet_tile,pavement
utuh/pavement_044-23.jpg,0,utuh,test_pave,pavement,pavement_044,P/UP/044-23.jpg,"[0, 0, 256, 256]",1.0,sdnet_tile,pavement
utuh/pavement_044-34.jpg,0,utuh,test_pave,pavement,pavement_044,P/UP/044-34.jpg,"[0, 0, 256, 256]",1.0,sdnet_tile,pavement
utuh/pavement_044-36.jpg,0,utuh,test_pave,pavement,pavement_044,P/UP/044-36.jpg,"[0, 0, 256, 256]",1.0,sdnet_tile,pavement
utuh/pavement_044-5.jpg,0,utuh,test_pave,pavement,pavement_044,P/UP/044-5.jpg,"[0, 0, 256, 256]",1.0,sdnet_tile,pavement
utuh/pavement_044-51.jpg,0,utuh,test_pave,pavement,pavement_044,P/UP/044-51.jpg,"[0, 0, 256, 256]",1.0,sdnet_tile,pavement
utuh/pavement_044-64.jpg,0,utuh,test_pave,pavement,pavement_044,P/UP/044-64.jpg,"[0, 0, 256, 256]",1.0,sdnet_tile,pavement
utuh/pavement_044-66.jpg,0,utuh,test_pave,pavement,pavement_044,P/UP/044-66.jpg,"[0, 0, 256, 256]",1.0,sdnet_tile,pavement
utuh/pavement_044-67.jpg,0,utuh,test_pave,pavement,pavement_044,P/UP/044-67.jpg,"[0, 0, 256, 256]",1.0,sdnet_tile,pavement
utuh/pavement_044-83.jpg,0,utuh,test_pave,pavement,pavement_044,P/UP/044-83.jpg,"[0, 0, 256, 256]",1.0,sdnet_tile,pavement
utuh/pavement_044-9.jpg,0,utuh,test_pave,pavement,pavement_044,P/UP/044-9.jpg,"[0, 0, 256, 256]",1.0,sdnet_tile,pavement
utuh/pavement_044-90.jpg,0,utuh,test_pave,pavement,pavement_044,P/UP/044-90.jpg,"[0, 0, 256, 256]",1.0,sdnet_tile,pavement
utuh/pavement_045-101.jpg,0,utuh,test_pave,pavement,pavement_045,P/UP/045-101.jpg,"[0, 0, 256, 256]",1.0,sdnet_tile,pavement
utuh/pavement_045-102.jpg,0,utuh,test_pave,pavement,pavement_045,P/UP/045-102.jpg,"[0, 0, 256, 256]",1.0,sdnet_tile,pavement
utuh/pavement_045-121.jpg,0,utuh,test_pave,pavement,pavement_045,P/UP/045-121.jpg,"[0, 0, 256, 256]",1.0,sdnet_tile,pavement
utuh/pavement_045-129.jpg,0,utuh,test_pave,pavement,pavement_045,P/UP/045-129.jpg,"[0, 0, 256, 256]",1.0,sdnet_tile,pavement
utuh/pavement_045-132.jpg,0,utuh,test_pave,pavement,pavement_045,P/UP/045-132.jpg,"[0, 0, 256, 256]",1.0,sdnet_tile,pavement
utuh/pavement_045-135.jpg,0,utuh,test_pave,pavement,pavement_045,P/UP/045-135.jpg,"[0, 0, 256, 256]",1.0,sdnet_tile,pavement
utuh/pavement_045-145.jpg,0,utuh,test_pave,pavement,pavement_045,P/UP/045-145.jpg,"[0, 0, 256, 256]",1.0,sdnet_tile,pavement
utuh/pavement_045-153.jpg,0,utuh,test_pave,pavement,pavement_045,P/UP/045-153.jpg,"[0, 0, 256, 256]",1.0,sdnet_tile,pavement
utuh/pavement_045-154.jpg,0,utuh,test_pave,pavement,pavement_045,P/UP/045-154.jpg,"[0, 0, 256, 256]",1.0,sdnet_tile,pavement
utuh/pavement_045-159.jpg,0,utuh,test_pave,pavement,pavement_045,P/UP/045-159.jpg,"[0, 0, 256, 256]",1.0,sdnet_tile,pavement
utuh/pavement_045-160.jpg,0,utuh,test_pave,pavement,pavement_045,P/UP/045-160.jpg,"[0, 0, 256, 256]",1.0,sdnet_tile,pavement
utuh/pavement_045-170.jpg,0,utuh,test_pave,pavement,pavement_045,P/UP/045-170.jpg,"[0, 0, 256, 256]",1.0,sdnet_tile,pavement
utuh/pavement_045-171.jpg,0,utuh,test_pave,pavement,pavement_045,P/UP/045-171.jpg,"[0, 0, 256, 256]",1.0,sdnet_tile,pavement
utuh/pavement_045-198.jpg,0,utuh,test_pave,pavement,pavement_045,P/UP/045-198.jpg,"[0, 0, 256, 256]",1.0,sdnet_tile,pavement
utuh/pavement_045-201.jpg,0,utuh,test_pave,pavement,pavement_045,P/UP/045-201.jpg,"[0, 0, 256, 256]",1.0,sdnet_tile,pavement
utuh/pavement_045-206.jpg,0,utuh,test_pave,pavement,pavement_045,P/UP/045-206.jpg,"[0, 0, 256, 256]",1.0,sdnet_tile,pavement
utuh/pavement_045-216.jpg,0,utuh,test_pave,pavement,pavement_045,P/UP/045-216.jpg,"[0, 0, 256, 256]",1.0,sdnet_tile,pavement
utuh/pavement_045-219.jpg,0,utuh,test_pave,pavement,pavement_045,P/UP/045-219.jpg,"[0, 0, 256, 256]",1.0,sdnet_tile,pavement
utuh/pavement_045-36.jpg,0,utuh,test_pave,pavement,pavement_045,P/UP/045-36.jpg,"[0, 0, 256, 256]",1.0,sdnet_tile,pavement
utuh/pavement_045-45.jpg,0,utuh,test_pave,pavement,pavement_045,P/UP/045-45.jpg,"[0, 0, 256, 256]",1.0,sdnet_tile,pavement
utuh/pavement_045-58.jpg,0,utuh,test_pave,pavement,pavement_045,P/UP/045-58.jpg,"[0, 0, 256, 256]",1.0,sdnet_tile,pavement
utuh/pavement_045-69.jpg,0,utuh,test_pave,pavement,pavement_045,P/UP/045-69.jpg,"[0, 0, 256, 256]",1.0,sdnet_tile,pavement
utuh/pavement_045-72.jpg,0,utuh,test_pave,pavement,pavement_045,P/UP/045-72.jpg,"[0, 0, 256, 256]",1.0,sdnet_tile,pavement
utuh/pavement_046-119.jpg,0,utuh,test_pave,pavement,pavement_046,P/UP/046-119.jpg,"[0, 0, 256, 256]",1.0,sdnet_tile,pavement
utuh/pavement_046-128.jpg,0,utuh,test_pave,pavement,pavement_046,P/UP/046-128.jpg,"[0, 0, 256, 256]",1.0,sdnet_tile,pavement
utuh/pavement_046-132.jpg,0,utuh,test_pave,pavement,pavement_046,P/UP/046-132.jpg,"[0, 0, 256, 256]",1.0,sdnet_tile,pavement
utuh/pavement_046-146.jpg,0,utuh,test_pave,pavement,pavement_046,P/UP/046-146.jpg,"[0, 0, 256, 256]",1.0,sdnet_tile,pavement
utuh/pavement_046-155.jpg,0,utuh,test_pave,pavement,pavement_046,P/UP/046-155.jpg,"[0, 0, 256, 256]",1.0,sdnet_tile,pavement
utuh/pavement_046-16.jpg,0,utuh,test_pave,pavement,pavement_046,P/UP/046-16.jpg,"[0, 0, 256, 256]",1.0,sdnet_tile,pavement
utuh/pavement_046-17.jpg,0,utuh,test_pave,pavement,pavement_046,P/UP/046-17.jpg,"[0, 0, 256, 256]",1.0,sdnet_tile,pavement
utuh/pavement_046-181.jpg,0,utuh,test_pave,pavement,pavement_046,P/UP/046-181.jpg,"[0, 0, 256, 256]",1.0,sdnet_tile,pavement
utuh/pavement_046-184.jpg,0,utuh,test_pave,pavement,pavement_046,P/UP/046-184.jpg,"[0, 0, 256, 256]",1.0,sdnet_tile,pavement
utuh/pavement_046-188.jpg,0,utuh,test_pave,pavement,pavement_046,P/UP/046-188.jpg,"[0, 0, 256, 256]",1.0,sdnet_tile,pavement
utuh/pavement_046-21.jpg,0,utuh,test_pave,pavement,pavement_046,P/UP/046-21.jpg,"[0, 0, 256, 256]",1.0,sdnet_tile,pavement
utuh/pavement_046-223.jpg,0,utuh,test_pave,pavement,pavement_046,P/UP/046-223.jpg,"[0, 0, 256, 256]",1.0,sdnet_tile,pavement
utuh/pavement_046-225.jpg,0,utuh,test_pave,pavement,pavement_046,P/UP/046-225.jpg,"[0, 0, 256, 256]",1.0,sdnet_tile,pavement
utuh/pavement_046-30.jpg,0,utuh,test_pave,pavement,pavement_046,P/UP/046-30.jpg,"[0, 0, 256, 256]",1.0,sdnet_tile,pavement
utuh/pavement_046-42.jpg,0,utuh,test_pave,pavement,pavement_046,P/UP/046-42.jpg,"[0, 0, 256, 256]",1.0,sdnet_tile,pavement
utuh/pavement_046-44.jpg,0,utuh,test_pave,pavement,pavement_046,P/UP/046-44.jpg,"[0, 0, 256, 256]",1.0,sdnet_tile,pavement
utuh/pavement_046-47.jpg,0,utuh,test_pave,pavement,pavement_046,P/UP/046-47.jpg,"[0, 0, 256, 256]",1.0,sdnet_tile,pavement
utuh/pavement_046-49.jpg,0,utuh,test_pave,pavement,pavement_046,P/UP/046-49.jpg,"[0, 0, 256, 256]",1.0,sdnet_tile,pavement
utuh/pavement_046-52.jpg,0,utuh,test_pave,pavement,pavement_046,P/UP/046-52.jpg,"[0, 0, 256, 256]",1.0,sdnet_tile,pavement
utuh/pavement_046-58.jpg,0,utuh,test_pave,pavement,pavement_046,P/UP/046-58.jpg,"[0, 0, 256, 256]",1.0,sdnet_tile,pavement
utuh/pavement_046-59.jpg,0,utuh,test_pave,pavement,pavement_046,P/UP/046-59.jpg,"[0, 0, 256, 256]",1.0,sdnet_tile,pavement
utuh/pavement_046-61.jpg,0,utuh,test_pave,pavement,pavement_046,P/UP/046-61.jpg,"[0, 0, 256, 256]",1.0,sdnet_tile,pavement
utuh/pavement_046-73.jpg,0,utuh,test_pave,pavement,pavement_046,P/UP/046-73.jpg,"[0, 0, 256, 256]",1.0,sdnet_tile,pavement
utuh/pavement_047-100.jpg,0,utuh,test_pave,pavement,pavement_047,P/UP/047-100.jpg,"[0, 0, 256, 256]",1.0,sdnet_tile,pavement
utuh/pavement_047-101.jpg,0,utuh,test_pave,pavement,pavement_047,P/UP/047-101.jpg,"[0, 0, 256, 256]",1.0,sdnet_tile,pavement
utuh/pavement_047-113.jpg,0,utuh,test_pave,pavement,pavement_047,P/UP/047-113.jpg,"[0, 0, 256, 256]",1.0,sdnet_tile,pavement
utuh/pavement_047-125.jpg,0,utuh,test_pave,pavement,pavement_047,P/UP/047-125.jpg,"[0, 0, 256, 256]",1.0,sdnet_tile,pavement
utuh/pavement_047-130.jpg,0,utuh,test_pave,pavement,pavement_047,P/UP/047-130.jpg,"[0, 0, 256, 256]",1.0,sdnet_tile,pavement
utuh/pavement_047-135.jpg,0,utuh,test_pave,pavement,pavement_047,P/UP/047-135.jpg,"[0, 0, 256, 256]",1.0,sdnet_tile,pavement
utuh/pavement_047-136.jpg,0,utuh,test_pave,pavement,pavement_047,P/UP/047-136.jpg,"[0, 0, 256, 256]",1.0,sdnet_tile,pavement
utuh/pavement_047-14.jpg,0,utuh,test_pave,pavement,pavement_047,P/UP/047-14.jpg,"[0, 0, 256, 256]",1.0,sdnet_tile,pavement
utuh/pavement_047-145.jpg,0,utuh,test_pave,pavement,pavement_047,P/UP/047-145.jpg,"[0, 0, 256, 256]",1.0,sdnet_tile,pavement
utuh/pavement_047-146.jpg,0,utuh,test_pave,pavement,pavement_047,P/UP/047-146.jpg,"[0, 0, 256, 256]",1.0,sdnet_tile,pavement
utuh/pavement_047-155.jpg,0,utuh,test_pave,pavement,pavement_047,P/UP/047-155.jpg,"[0, 0, 256, 256]",1.0,sdnet_tile,pavement
utuh/pavement_047-161.jpg,0,utuh,test_pave,pavement,pavement_047,P/UP/047-161.jpg,"[0, 0, 256, 256]",1.0,sdnet_tile,pavement
utuh/pavement_047-169.jpg,0,utuh,test_pave,pavement,pavement_047,P/UP/047-169.jpg,"[0, 0, 256, 256]",1.0,sdnet_tile,pavement
utuh/pavement_047-187.jpg,0,utuh,test_pave,pavement,pavement_047,P/UP/047-187.jpg,"[0, 0, 256, 256]",1.0,sdnet_tile,pavement
utuh/pavement_047-192.jpg,0,utuh,test_pave,pavement,pavement_047,P/UP/047-192.jpg,"[0, 0, 256, 256]",1.0,sdnet_tile,pavement
utuh/pavement_047-199.jpg,0,utuh,test_pave,pavement,pavement_047,P/UP/047-199.jpg,"[0, 0, 256, 256]",1.0,sdnet_tile,pavement
utuh/pavement_047-211.jpg,0,utuh,test_pave,pavement,pavement_047,P/UP/047-211.jpg,"[0, 0, 256, 256]",1.0,sdnet_tile,pavement
utuh/pavement_047-213.jpg,0,utuh,test_pave,pavement,pavement_047,P/UP/047-213.jpg,"[0, 0, 256, 256]",1.0,sdnet_tile,pavement
utuh/pavement_047-234.jpg,0,utuh,test_pave,pavement,pavement_047,P/UP/047-234.jpg,"[0, 0, 256, 256]",1.0,sdnet_tile,pavement
utuh/pavement_047-29.jpg,0,utuh,test_pave,pavement,pavement_047,P/UP/047-29.jpg,"[0, 0, 256, 256]",1.0,sdnet_tile,pavement
utuh/pavement_047-33.jpg,0,utuh,test_pave,pavement,pavement_047,P/UP/047-33.jpg,"[0, 0, 256, 256]",1.0,sdnet_tile,pavement
utuh/pavement_047-49.jpg,0,utuh,test_pave,pavement,pavement_047,P/UP/047-49.jpg,"[0, 0, 256, 256]",1.0,sdnet_tile,pavement
utuh/pavement_047-57.jpg,0,utuh,test_pave,pavement,pavement_047,P/UP/047-57.jpg,"[0, 0, 256, 256]",1.0,sdnet_tile,pavement
utuh/pavement_048-104.jpg,0,utuh,test_pave,pavement,pavement_048,P/UP/048-104.jpg,"[0, 0, 256, 256]",1.0,sdnet_tile,pavement
utuh/pavement_048-12.jpg,0,utuh,test_pave,pavement,pavement_048,P/UP/048-12.jpg,"[0, 0, 256, 256]",1.0,sdnet_tile,pavement
utuh/pavement_048-139.jpg,0,utuh,test_pave,pavement,pavement_048,P/UP/048-139.jpg,"[0, 0, 256, 256]",1.0,sdnet_tile,pavement
utuh/pavement_048-147.jpg,0,utuh,test_pave,pavement,pavement_048,P/UP/048-147.jpg,"[0, 0, 256, 256]",1.0,sdnet_tile,pavement
utuh/pavement_048-155.jpg,0,utuh,test_pave,pavement,pavement_048,P/UP/048-155.jpg,"[0, 0, 256, 256]",1.0,sdnet_tile,pavement
utuh/pavement_048-168.jpg,0,utuh,test_pave,pavement,pavement_048,P/UP/048-168.jpg,"[0, 0, 256, 256]",1.0,sdnet_tile,pavement
utuh/pavement_048-184.jpg,0,utuh,test_pave,pavement,pavement_048,P/UP/048-184.jpg,"[0, 0, 256, 256]",1.0,sdnet_tile,pavement
utuh/pavement_048-200.jpg,0,utuh,test_pave,pavement,pavement_048,P/UP/048-200.jpg,"[0, 0, 256, 256]",1.0,sdnet_tile,pavement
utuh/pavement_048-206.jpg,0,utuh,test_pave,pavement,pavement_048,P/UP/048-206.jpg,"[0, 0, 256, 256]",1.0,sdnet_tile,pavement
utuh/pavement_048-208.jpg,0,utuh,test_pave,pavement,pavement_048,P/UP/048-208.jpg,"[0, 0, 256, 256]",1.0,sdnet_tile,pavement
utuh/pavement_048-210.jpg,0,utuh,test_pave,pavement,pavement_048,P/UP/048-210.jpg,"[0, 0, 256, 256]",1.0,sdnet_tile,pavement
utuh/pavement_048-38.jpg,0,utuh,test_pave,pavement,pavement_048,P/UP/048-38.jpg,"[0, 0, 256, 256]",1.0,sdnet_tile,pavement
utuh/pavement_048-44.jpg,0,utuh,test_pave,pavement,pavement_048,P/UP/048-44.jpg,"[0, 0, 256, 256]",1.0,sdnet_tile,pavement
utuh/pavement_048-46.jpg,0,utuh,test_pave,pavement,pavement_048,P/UP/048-46.jpg,"[0, 0, 256, 256]",1.0,sdnet_tile,pavement
utuh/pavement_048-47.jpg,0,utuh,test_pave,pavement,pavement_048,P/UP/048-47.jpg,"[0, 0, 256, 256]",1.0,sdnet_tile,pavement
utuh/pavement_048-5.jpg,0,utuh,test_pave,pavement,pavement_048,P/UP/048-5.jpg,"[0, 0, 256, 256]",1.0,sdnet_tile,pavement
utuh/pavement_048-64.jpg,0,utuh,test_pave,pavement,pavement_048,P/UP/048-64.jpg,"[0, 0, 256, 256]",1.0,sdnet_tile,pavement
utuh/pavement_048-70.jpg,0,utuh,test_pave,pavement,pavement_048,P/UP/048-70.jpg,"[0, 0, 256, 256]",1.0,sdnet_tile,pavement
utuh/pavement_048-71.jpg,0,utuh,test_pave,pavement,pavement_048,P/UP/048-71.jpg,"[0, 0, 256, 256]",1.0,sdnet_tile,pavement
utuh/pavement_048-72.jpg,0,utuh,test_pave,pavement,pavement_048,P/UP/048-72.jpg,"[0, 0, 256, 256]",1.0,sdnet_tile,pavement
utuh/pavement_048-86.jpg,0,utuh,test_pave,pavement,pavement_048,P/UP/048-86.jpg,"[0, 0, 256, 256]",1.0,sdnet_tile,pavement
utuh/pavement_048-87.jpg,0,utuh,test_pave,pavement,pavement_048,P/UP/048-87.jpg,"[0, 0, 256, 256]",1.0,sdnet_tile,pavement
utuh/pavement_048-93.jpg,0,utuh,test_pave,pavement,pavement_048,P/UP/048-93.jpg,"[0, 0, 256, 256]",1.0,sdnet_tile,pavement
utuh/pavement_049-10.jpg,0,utuh,test_pave,pavement,pavement_049,P/UP/049-10.jpg,"[0, 0, 256, 256]",1.0,sdnet_tile,pavement
utuh/pavement_049-106.jpg,0,utuh,test_pave,pavement,pavement_049,P/UP/049-106.jpg,"[0, 0, 256, 256]",1.0,sdnet_tile,pavement
utuh/pavement_049-113.jpg,0,utuh,test_pave,pavement,pavement_049,P/UP/049-113.jpg,"[0, 0, 256, 256]",1.0,sdnet_tile,pavement
utuh/pavement_049-125.jpg,0,utuh,test_pave,pavement,pavement_049,P/UP/049-125.jpg,"[0, 0, 256, 256]",1.0,sdnet_tile,pavement
utuh/pavement_049-126.jpg,0,utuh,test_pave,pavement,pavement_049,P/UP/049-126.jpg,"[0, 0, 256, 256]",1.0,sdnet_tile,pavement
utuh/pavement_049-127.jpg,0,utuh,test_pave,pavement,pavement_049,P/UP/049-127.jpg,"[0, 0, 256, 256]",1.0,sdnet_tile,pavement
utuh/pavement_049-13.jpg,0,utuh,test_pave,pavement,pavement_049,P/UP/049-13.jpg,"[0, 0, 256, 256]",1.0,sdnet_tile,pavement
utuh/pavement_049-133.jpg,0,utuh,test_pave,pavement,pavement_049,P/UP/049-133.jpg,"[0, 0, 256, 256]",1.0,sdnet_tile,pavement
utuh/pavement_049-171.jpg,0,utuh,test_pave,pavement,pavement_049,P/UP/049-171.jpg,"[0, 0, 256, 256]",1.0,sdnet_tile,pavement
utuh/pavement_049-201.jpg,0,utuh,test_pave,pavement,pavement_049,P/UP/049-201.jpg,"[0, 0, 256, 256]",1.0,sdnet_tile,pavement
utuh/pavement_049-202.jpg,0,utuh,test_pave,pavement,pavement_049,P/UP/049-202.jpg,"[0, 0, 256, 256]",1.0,sdnet_tile,pavement
utuh/pavement_049-22.jpg,0,utuh,test_pave,pavement,pavement_049,P/UP/049-22.jpg,"[0, 0, 256, 256]",1.0,sdnet_tile,pavement
utuh/pavement_049-221.jpg,0,utuh,test_pave,pavement,pavement_049,P/UP/049-221.jpg,"[0, 0, 256, 256]",1.0,sdnet_tile,pavement
utuh/pavement_049-222.jpg,0,utuh,test_pave,pavement,pavement_049,P/UP/049-222.jpg,"[0, 0, 256, 256]",1.0,sdnet_tile,pavement
utuh/pavement_049-225.jpg,0,utuh,test_pave,pavement,pavement_049,P/UP/049-225.jpg,"[0, 0, 256, 256]",1.0,sdnet_tile,pavement
utuh/pavement_049-228.jpg,0,utuh,test_pave,pavement,pavement_049,P/UP/049-228.jpg,"[0, 0, 256, 256]",1.0,sdnet_tile,pavement
utuh/pavement_049-232.jpg,0,utuh,test_pave,pavement,pavement_049,P/UP/049-232.jpg,"[0, 0, 256, 256]",1.0,sdnet_tile,pavement
utuh/pavement_049-25.jpg,0,utuh,test_pave,pavement,pavement_049,P/UP/049-25.jpg,"[0, 0, 256, 256]",1.0,sdnet_tile,pavement
utuh/pavement_049-27.jpg,0,utuh,test_pave,pavement,pavement_049,P/UP/049-27.jpg,"[0, 0, 256, 256]",1.0,sdnet_tile,pavement
utuh/pavement_049-48.jpg,0,utuh,test_pave,pavement,pavement_049,P/UP/049-48.jpg,"[0, 0, 256, 256]",1.0,sdnet_tile,pavement
utuh/pavement_049-54.jpg,0,utuh,test_pave,pavement,pavement_049,P/UP/049-54.jpg,"[0, 0, 256, 256]",1.0,sdnet_tile,pavement
utuh/pavement_049-74.jpg,0,utuh,test_pave,pavement,pavement_049,P/UP/049-74.jpg,"[0, 0, 256, 256]",1.0,sdnet_tile,pavement
utuh/pavement_049-82.jpg,0,utuh,test_pave,pavement,pavement_049,P/UP/049-82.jpg,"[0, 0, 256, 256]",1.0,sdnet_tile,pavement
utuh/pavement_050-10.jpg,0,utuh,test_pave,pavement,pavement_050,P/UP/050-10.jpg,"[0, 0, 256, 256]",1.0,sdnet_tile,pavement
utuh/pavement_050-114.jpg,0,utuh,test_pave,pavement,pavement_050,P/UP/050-114.jpg,"[0, 0, 256, 256]",1.0,sdnet_tile,pavement
utuh/pavement_050-115.jpg,0,utuh,test_pave,pavement,pavement_050,P/UP/050-115.jpg,"[0, 0, 256, 256]",1.0,sdnet_tile,pavement
utuh/pavement_050-117.jpg,0,utuh,test_pave,pavement,pavement_050,P/UP/050-117.jpg,"[0, 0, 256, 256]",1.0,sdnet_tile,pavement
utuh/pavement_050-126.jpg,0,utuh,test_pave,pavement,pavement_050,P/UP/050-126.jpg,"[0, 0, 256, 256]",1.0,sdnet_tile,pavement
utuh/pavement_050-131.jpg,0,utuh,test_pave,pavement,pavement_050,P/UP/050-131.jpg,"[0, 0, 256, 256]",1.0,sdnet_tile,pavement
utuh/pavement_050-140.jpg,0,utuh,test_pave,pavement,pavement_050,P/UP/050-140.jpg,"[0, 0, 256, 256]",1.0,sdnet_tile,pavement
utuh/pavement_050-155.jpg,0,utuh,test_pave,pavement,pavement_050,P/UP/050-155.jpg,"[0, 0, 256, 256]",1.0,sdnet_tile,pavement
utuh/pavement_050-157.jpg,0,utuh,test_pave,pavement,pavement_050,P/UP/050-157.jpg,"[0, 0, 256, 256]",1.0,sdnet_tile,pavement
utuh/pavement_050-187.jpg,0,utuh,test_pave,pavement,pavement_050,P/UP/050-187.jpg,"[0, 0, 256, 256]",1.0,sdnet_tile,pavement
utuh/pavement_050-191.jpg,0,utuh,test_pave,pavement,pavement_050,P/UP/050-191.jpg,"[0, 0, 256, 256]",1.0,sdnet_tile,pavement
utuh/pavement_050-199.jpg,0,utuh,test_pave,pavement,pavement_050,P/UP/050-199.jpg,"[0, 0, 256, 256]",1.0,sdnet_tile,pavement
utuh/pavement_050-206.jpg,0,utuh,test_pave,pavement,pavement_050,P/UP/050-206.jpg,"[0, 0, 256, 256]",1.0,sdnet_tile,pavement
utuh/pavement_050-214.jpg,0,utuh,test_pave,pavement,pavement_050,P/UP/050-214.jpg,"[0, 0, 256, 256]",1.0,sdnet_tile,pavement
utuh/pavement_050-223.jpg,0,utuh,test_pave,pavement,pavement_050,P/UP/050-223.jpg,"[0, 0, 256, 256]",1.0,sdnet_tile,pavement
utuh/pavement_050-224.jpg,0,utuh,test_pave,pavement,pavement_050,P/UP/050-224.jpg,"[0, 0, 256, 256]",1.0,sdnet_tile,pavement
utuh/pavement_050-228.jpg,0,utuh,test_pave,pavement,pavement_050,P/UP/050-228.jpg,"[0, 0, 256, 256]",1.0,sdnet_tile,pavement
utuh/pavement_050-26.jpg,0,utuh,test_pave,pavement,pavement_050,P/UP/050-26.jpg,"[0, 0, 256, 256]",1.0,sdnet_tile,pavement
utuh/pavement_050-36.jpg,0,utuh,test_pave,pavement,pavement_050,P/UP/050-36.jpg,"[0, 0, 256, 256]",1.0,sdnet_tile,pavement
utuh/pavement_050-44.jpg,0,utuh,test_pave,pavement,pavement_050,P/UP/050-44.jpg,"[0, 0, 256, 256]",1.0,sdnet_tile,pavement
utuh/pavement_050-45.jpg,0,utuh,test_pave,pavement,pavement_050,P/UP/050-45.jpg,"[0, 0, 256, 256]",1.0,sdnet_tile,pavement
utuh/pavement_050-56.jpg,0,utuh,test_pave,pavement,pavement_050,P/UP/050-56.jpg,"[0, 0, 256, 256]",1.0,sdnet_tile,pavement
utuh/pavement_050-8.jpg,0,utuh,test_pave,pavement,pavement_050,P/UP/050-8.jpg,"[0, 0, 256, 256]",1.0,sdnet_tile,pavement
utuh/pavement_051-10.jpg,0,utuh,test_pave,pavement,pavement_051,P/UP/051-10.jpg,"[0, 0, 256, 256]",1.0,sdnet_tile,pavement
utuh/pavement_051-107.jpg,0,utuh,test_pave,pavement,pavement_051,P/UP/051-107.jpg,"[0, 0, 256, 256]",1.0,sdnet_tile,pavement
utuh/pavement_051-118.jpg,0,utuh,test_pave,pavement,pavement_051,P/UP/051-118.jpg,"[0, 0, 256, 256]",1.0,sdnet_tile,pavement
utuh/pavement_051-123.jpg,0,utuh,test_pave,pavement,pavement_051,P/UP/051-123.jpg,"[0, 0, 256, 256]",1.0,sdnet_tile,pavement
utuh/pavement_051-140.jpg,0,utuh,test_pave,pavement,pavement_051,P/UP/051-140.jpg,"[0, 0, 256, 256]",1.0,sdnet_tile,pavement
utuh/pavement_051-154.jpg,0,utuh,test_pave,pavement,pavement_051,P/UP/051-154.jpg,"[0, 0, 256, 256]",1.0,sdnet_tile,pavement
utuh/pavement_051-165.jpg,0,utuh,test_pave,pavement,pavement_051,P/UP/051-165.jpg,"[0, 0, 256, 256]",1.0,sdnet_tile,pavement
utuh/pavement_051-174.jpg,0,utuh,test_pave,pavement,pavement_051,P/UP/051-174.jpg,"[0, 0, 256, 256]",1.0,sdnet_tile,pavement
utuh/pavement_051-175.jpg,0,utuh,test_pave,pavement,pavement_051,P/UP/051-175.jpg,"[0, 0, 256, 256]",1.0,sdnet_tile,pavement
utuh/pavement_051-188.jpg,0,utuh,test_pave,pavement,pavement_051,P/UP/051-188.jpg,"[0, 0, 256, 256]",1.0,sdnet_tile,pavement
utuh/pavement_051-192.jpg,0,utuh,test_pave,pavement,pavement_051,P/UP/051-192.jpg,"[0, 0, 256, 256]",1.0,sdnet_tile,pavement
utuh/pavement_051-204.jpg,0,utuh,test_pave,pavement,pavement_051,P/UP/051-204.jpg,"[0, 0, 256, 256]",1.0,sdnet_tile,pavement
utuh/pavement_051-209.jpg,0,utuh,test_pave,pavement,pavement_051,P/UP/051-209.jpg,"[0, 0, 256, 256]",1.0,sdnet_tile,pavement
utuh/pavement_051-211.jpg,0,utuh,test_pave,pavement,pavement_051,P/UP/051-211.jpg,"[0, 0, 256, 256]",1.0,sdnet_tile,pavement
utuh/pavement_051-218.jpg,0,utuh,test_pave,pavement,pavement_051,P/UP/051-218.jpg,"[0, 0, 256, 256]",1.0,sdnet_tile,pavement
utuh/pavement_051-220.jpg,0,utuh,test_pave,pavement,pavement_051,P/UP/051-220.jpg,"[0, 0, 256, 256]",1.0,sdnet_tile,pavement
utuh/pavement_051-226.jpg,0,utuh,test_pave,pavement,pavement_051,P/UP/051-226.jpg,"[0, 0, 256, 256]",1.0,sdnet_tile,pavement
utuh/pavement_051-27.jpg,0,utuh,test_pave,pavement,pavement_051,P/UP/051-27.jpg,"[0, 0, 256, 256]",1.0,sdnet_tile,pavement
utuh/pavement_051-38.jpg,0,utuh,test_pave,pavement,pavement_051,P/UP/051-38.jpg,"[0, 0, 256, 256]",1.0,sdnet_tile,pavement
utuh/pavement_051-46.jpg,0,utuh,test_pave,pavement,pavement_051,P/UP/051-46.jpg,"[0, 0, 256, 256]",1.0,sdnet_tile,pavement
utuh/pavement_051-47.jpg,0,utuh,test_pave,pavement,pavement_051,P/UP/051-47.jpg,"[0, 0, 256, 256]",1.0,sdnet_tile,pavement
utuh/pavement_051-68.jpg,0,utuh,test_pave,pavement,pavement_051,P/UP/051-68.jpg,"[0, 0, 256, 256]",1.0,sdnet_tile,pavement
utuh/pavement_051-71.jpg,0,utuh,test_pave,pavement,pavement_051,P/UP/051-71.jpg,"[0, 0, 256, 256]",1.0,sdnet_tile,pavement
utuh/pavement_052-107.jpg,0,utuh,test_pave,pavement,pavement_052,P/UP/052-107.jpg,"[0, 0, 256, 256]",1.0,sdnet_tile,pavement
utuh/pavement_052-109.jpg,0,utuh,test_pave,pavement,pavement_052,P/UP/052-109.jpg,"[0, 0, 256, 256]",1.0,sdnet_tile,pavement
utuh/pavement_052-11.jpg,0,utuh,test_pave,pavement,pavement_052,P/UP/052-11.jpg,"[0, 0, 256, 256]",1.0,sdnet_tile,pavement
utuh/pavement_052-132.jpg,0,utuh,test_pave,pavement,pavement_052,P/UP/052-132.jpg,"[0, 0, 256, 256]",1.0,sdnet_tile,pavement
utuh/pavement_052-15.jpg,0,utuh,test_pave,pavement,pavement_052,P/UP/052-15.jpg,"[0, 0, 256, 256]",1.0,sdnet_tile,pavement
utuh/pavement_052-176.jpg,0,utuh,test_pave,pavement,pavement_052,P/UP/052-176.jpg,"[0, 0, 256, 256]",1.0,sdnet_tile,pavement
utuh/pavement_052-184.jpg,0,utuh,test_pave,pavement,pavement_052,P/UP/052-184.jpg,"[0, 0, 256, 256]",1.0,sdnet_tile,pavement
utuh/pavement_052-200.jpg,0,utuh,test_pave,pavement,pavement_052,P/UP/052-200.jpg,"[0, 0, 256, 256]",1.0,sdnet_tile,pavement
utuh/pavement_052-203.jpg,0,utuh,test_pave,pavement,pavement_052,P/UP/052-203.jpg,"[0, 0, 256, 256]",1.0,sdnet_tile,pavement
utuh/pavement_052-206.jpg,0,utuh,test_pave,pavement,pavement_052,P/UP/052-206.jpg,"[0, 0, 256, 256]",1.0,sdnet_tile,pavement
utuh/pavement_052-208.jpg,0,utuh,test_pave,pavement,pavement_052,P/UP/052-208.jpg,"[0, 0, 256, 256]",1.0,sdnet_tile,pavement
utuh/pavement_052-209.jpg,0,utuh,test_pave,pavement,pavement_052,P/UP/052-209.jpg,"[0, 0, 256, 256]",1.0,sdnet_tile,pavement
utuh/pavement_052-218.jpg,0,utuh,test_pave,pavement,pavement_052,P/UP/052-218.jpg,"[0, 0, 256, 256]",1.0,sdnet_tile,pavement
utuh/pavement_052-26.jpg,0,utuh,test_pave,pavement,pavement_052,P/UP/052-26.jpg,"[0, 0, 256, 256]",1.0,sdnet_tile,pavement
utuh/pavement_052-3.jpg,0,utuh,test_pave,pavement,pavement_052,P/UP/052-3.jpg,"[0, 0, 256, 256]",1.0,sdnet_tile,pavement
utuh/pavement_052-34.jpg,0,utuh,test_pave,pavement,pavement_052,P/UP/052-34.jpg,"[0, 0, 256, 256]",1.0,sdnet_tile,pavement
utuh/pavement_052-38.jpg,0,utuh,test_pave,pavement,pavement_052,P/UP/052-38.jpg,"[0, 0, 256, 256]",1.0,sdnet_tile,pavement
utuh/pavement_052-49.jpg,0,utuh,test_pave,pavement,pavement_052,P/UP/052-49.jpg,"[0, 0, 256, 256]",1.0,sdnet_tile,pavement
utuh/pavement_052-5.jpg,0,utuh,test_pave,pavement,pavement_052,P/UP/052-5.jpg,"[0, 0, 256, 256]",1.0,sdnet_tile,pavement
utuh/pavement_052-51.jpg,0,utuh,test_pave,pavement,pavement_052,P/UP/052-51.jpg,"[0, 0, 256, 256]",1.0,sdnet_tile,pavement
utuh/pavement_052-66.jpg,0,utuh,test_pave,pavement,pavement_052,P/UP/052-66.jpg,"[0, 0, 256, 256]",1.0,sdnet_tile,pavement
utuh/pavement_052-81.jpg,0,utuh,test_pave,pavement,pavement_052,P/UP/052-81.jpg,"[0, 0, 256, 256]",1.0,sdnet_tile,pavement
utuh/pavement_052-93.jpg,0,utuh,test_pave,pavement,pavement_052,P/UP/052-93.jpg,"[0, 0, 256, 256]",1.0,sdnet_tile,pavement
utuh/pavement_053-101.jpg,0,utuh,test_pave,pavement,pavement_053,P/UP/053-101.jpg,"[0, 0, 256, 256]",1.0,sdnet_tile,pavement
utuh/pavement_053-108.jpg,0,utuh,test_pave,pavement,pavement_053,P/UP/053-108.jpg,"[0, 0, 256, 256]",1.0,sdnet_tile,pavement
utuh/pavement_053-122.jpg,0,utuh,test_pave,pavement,pavement_053,P/UP/053-122.jpg,"[0, 0, 256, 256]",1.0,sdnet_tile,pavement
utuh/pavement_053-126.jpg,0,utuh,test_pave,pavement,pavement_053,P/UP/053-126.jpg,"[0, 0, 256, 256]",1.0,sdnet_tile,pavement
utuh/pavement_053-127.jpg,0,utuh,test_pave,pavement,pavement_053,P/UP/053-127.jpg,"[0, 0, 256, 256]",1.0,sdnet_tile,pavement
utuh/pavement_053-142.jpg,0,utuh,test_pave,pavement,pavement_053,P/UP/053-142.jpg,"[0, 0, 256, 256]",1.0,sdnet_tile,pavement
utuh/pavement_053-148.jpg,0,utuh,test_pave,pavement,pavement_053,P/UP/053-148.jpg,"[0, 0, 256, 256]",1.0,sdnet_tile,pavement
utuh/pavement_053-163.jpg,0,utuh,test_pave,pavement,pavement_053,P/UP/053-163.jpg,"[0, 0, 256, 256]",1.0,sdnet_tile,pavement
utuh/pavement_053-168.jpg,0,utuh,test_pave,pavement,pavement_053,P/UP/053-168.jpg,"[0, 0, 256, 256]",1.0,sdnet_tile,pavement
utuh/pavement_053-17.jpg,0,utuh,test_pave,pavement,pavement_053,P/UP/053-17.jpg,"[0, 0, 256, 256]",1.0,sdnet_tile,pavement
utuh/pavement_053-192.jpg,0,utuh,test_pave,pavement,pavement_053,P/UP/053-192.jpg,"[0, 0, 256, 256]",1.0,sdnet_tile,pavement
utuh/pavement_053-21.jpg,0,utuh,test_pave,pavement,pavement_053,P/UP/053-21.jpg,"[0, 0, 256, 256]",1.0,sdnet_tile,pavement
utuh/pavement_053-213.jpg,0,utuh,test_pave,pavement,pavement_053,P/UP/053-213.jpg,"[0, 0, 256, 256]",1.0,sdnet_tile,pavement
utuh/pavement_053-226.jpg,0,utuh,test_pave,pavement,pavement_053,P/UP/053-226.jpg,"[0, 0, 256, 256]",1.0,sdnet_tile,pavement
utuh/pavement_053-227.jpg,0,utuh,test_pave,pavement,pavement_053,P/UP/053-227.jpg,"[0, 0, 256, 256]",1.0,sdnet_tile,pavement
utuh/pavement_053-26.jpg,0,utuh,test_pave,pavement,pavement_053,P/UP/053-26.jpg,"[0, 0, 256, 256]",1.0,sdnet_tile,pavement
utuh/pavement_053-38.jpg,0,utuh,test_pave,pavement,pavement_053,P/UP/053-38.jpg,"[0, 0, 256, 256]",1.0,sdnet_tile,pavement
utuh/pavement_053-4.jpg,0,utuh,test_pave,pavement,pavement_053,P/UP/053-4.jpg,"[0, 0, 256, 256]",1.0,sdnet_tile,pavement
utuh/pavement_053-41.jpg,0,utuh,test_pave,pavement,pavement_053,P/UP/053-41.jpg,"[0, 0, 256, 256]",1.0,sdnet_tile,pavement
utuh/pavement_053-45.jpg,0,utuh,test_pave,pavement,pavement_053,P/UP/053-45.jpg,"[0, 0, 256, 256]",1.0,sdnet_tile,pavement
utuh/pavement_053-83.jpg,0,utuh,test_pave,pavement,pavement_053,P/UP/053-83.jpg,"[0, 0, 256, 256]",1.0,sdnet_tile,pavement
utuh/pavement_053-93.jpg,0,utuh,test_pave,pavement,pavement_053,P/UP/053-93.jpg,"[0, 0, 256, 256]",1.0,sdnet_tile,pavement
utuh/pavement_053-95.jpg,0,utuh,test_pave,pavement,pavement_053,P/UP/053-95.jpg,"[0, 0, 256, 256]",1.0,sdnet_tile,pavement
utuh/pavement_054-1.jpg,0,utuh,test_pave,pavement,pavement_054,P/UP/054-1.jpg,"[0, 0, 256, 256]",1.0,sdnet_tile,pavement
utuh/pavement_054-105.jpg,0,utuh,test_pave,pavement,pavement_054,P/UP/054-105.jpg,"[0, 0, 256, 256]",1.0,sdnet_tile,pavement
utuh/pavement_054-135.jpg,0,utuh,test_pave,pavement,pavement_054,P/UP/054-135.jpg,"[0, 0, 256, 256]",1.0,sdnet_tile,pavement
utuh/pavement_054-144.jpg,0,utuh,test_pave,pavement,pavement_054,P/UP/054-144.jpg,"[0, 0, 256, 256]",1.0,sdnet_tile,pavement
utuh/pavement_054-157.jpg,0,utuh,test_pave,pavement,pavement_054,P/UP/054-157.jpg,"[0, 0, 256, 256]",1.0,sdnet_tile,pavement
utuh/pavement_054-178.jpg,0,utuh,test_pave,pavement,pavement_054,P/UP/054-178.jpg,"[0, 0, 256, 256]",1.0,sdnet_tile,pavement
utuh/pavement_054-192.jpg,0,utuh,test_pave,pavement,pavement_054,P/UP/054-192.jpg,"[0, 0, 256, 256]",1.0,sdnet_tile,pavement
utuh/pavement_054-194.jpg,0,utuh,test_pave,pavement,pavement_054,P/UP/054-194.jpg,"[0, 0, 256, 256]",1.0,sdnet_tile,pavement
utuh/pavement_054-196.jpg,0,utuh,test_pave,pavement,pavement_054,P/UP/054-196.jpg,"[0, 0, 256, 256]",1.0,sdnet_tile,pavement
utuh/pavement_054-200.jpg,0,utuh,test_pave,pavement,pavement_054,P/UP/054-200.jpg,"[0, 0, 256, 256]",1.0,sdnet_tile,pavement
utuh/pavement_054-204.jpg,0,utuh,test_pave,pavement,pavement_054,P/UP/054-204.jpg,"[0, 0, 256, 256]",1.0,sdnet_tile,pavement
utuh/pavement_054-207.jpg,0,utuh,test_pave,pavement,pavement_054,P/UP/054-207.jpg,"[0, 0, 256, 256]",1.0,sdnet_tile,pavement
utuh/pavement_054-217.jpg,0,utuh,test_pave,pavement,pavement_054,P/UP/054-217.jpg,"[0, 0, 256, 256]",1.0,sdnet_tile,pavement
utuh/pavement_054-22.jpg,0,utuh,test_pave,pavement,pavement_054,P/UP/054-22.jpg,"[0, 0, 256, 256]",1.0,sdnet_tile,pavement
utuh/pavement_054-36.jpg,0,utuh,test_pave,pavement,pavement_054,P/UP/054-36.jpg,"[0, 0, 256, 256]",1.0,sdnet_tile,pavement
utuh/pavement_054-37.jpg,0,utuh,test_pave,pavement,pavement_054,P/UP/054-37.jpg,"[0, 0, 256, 256]",1.0,sdnet_tile,pavement
utuh/pavement_054-53.jpg,0,utuh,test_pave,pavement,pavement_054,P/UP/054-53.jpg,"[0, 0, 256, 256]",1.0,sdnet_tile,pavement
utuh/pavement_054-57.jpg,0,utuh,test_pave,pavement,pavement_054,P/UP/054-57.jpg,"[0, 0, 256, 256]",1.0,sdnet_tile,pavement
utuh/pavement_054-63.jpg,0,utuh,test_pave,pavement,pavement_054,P/UP/054-63.jpg,"[0, 0, 256, 256]",1.0,sdnet_tile,pavement
utuh/pavement_054-66.jpg,0,utuh,test_pave,pavement,pavement_054,P/UP/054-66.jpg,"[0, 0, 256, 256]",1.0,sdnet_tile,pavement
utuh/pavement_054-67.jpg,0,utuh,test_pave,pavement,pavement_054,P/UP/054-67.jpg,"[0, 0, 256, 256]",1.0,sdnet_tile,pavement
utuh/pavement_054-77.jpg,0,utuh,test_pave,pavement,pavement_054,P/UP/054-77.jpg,"[0, 0, 256, 256]",1.0,sdnet_tile,pavement
utuh/pavement_054-80.jpg,0,utuh,test_pave,pavement,pavement_054,P/UP/054-80.jpg,"[0, 0, 256, 256]",1.0,sdnet_tile,pavement
utuh/pavement_055-105.jpg,0,utuh,test_pave,pavement,pavement_055,P/UP/055-105.jpg,"[0, 0, 256, 256]",1.0,sdnet_tile,pavement
utuh/pavement_055-119.jpg,0,utuh,test_pave,pavement,pavement_055,P/UP/055-119.jpg,"[0, 0, 256, 256]",1.0,sdnet_tile,pavement
utuh/pavement_055-141.jpg,0,utuh,test_pave,pavement,pavement_055,P/UP/055-141.jpg,"[0, 0, 256, 256]",1.0,sdnet_tile,pavement
utuh/pavement_055-148.jpg,0,utuh,test_pave,pavement,pavement_055,P/UP/055-148.jpg,"[0, 0, 256, 256]",1.0,sdnet_tile,pavement
utuh/pavement_055-15.jpg,0,utuh,test_pave,pavement,pavement_055,P/UP/055-15.jpg,"[0, 0, 256, 256]",1.0,sdnet_tile,pavement
utuh/pavement_055-16.jpg,0,utuh,test_pave,pavement,pavement_055,P/UP/055-16.jpg,"[0, 0, 256, 256]",1.0,sdnet_tile,pavement
utuh/pavement_055-160.jpg,0,utuh,test_pave,pavement,pavement_055,P/UP/055-160.jpg,"[0, 0, 256, 256]",1.0,sdnet_tile,pavement
utuh/pavement_055-162.jpg,0,utuh,test_pave,pavement,pavement_055,P/UP/055-162.jpg,"[0, 0, 256, 256]",1.0,sdnet_tile,pavement
utuh/pavement_055-170.jpg,0,utuh,test_pave,pavement,pavement_055,P/UP/055-170.jpg,"[0, 0, 256, 256]",1.0,sdnet_tile,pavement
utuh/pavement_055-183.jpg,0,utuh,test_pave,pavement,pavement_055,P/UP/055-183.jpg,"[0, 0, 256, 256]",1.0,sdnet_tile,pavement
utuh/pavement_055-187.jpg,0,utuh,test_pave,pavement,pavement_055,P/UP/055-187.jpg,"[0, 0, 256, 256]",1.0,sdnet_tile,pavement
utuh/pavement_055-188.jpg,0,utuh,test_pave,pavement,pavement_055,P/UP/055-188.jpg,"[0, 0, 256, 256]",1.0,sdnet_tile,pavement
utuh/pavement_055-191.jpg,0,utuh,test_pave,pavement,pavement_055,P/UP/055-191.jpg,"[0, 0, 256, 256]",1.0,sdnet_tile,pavement
utuh/pavement_055-194.jpg,0,utuh,test_pave,pavement,pavement_055,P/UP/055-194.jpg,"[0, 0, 256, 256]",1.0,sdnet_tile,pavement
utuh/pavement_055-198.jpg,0,utuh,test_pave,pavement,pavement_055,P/UP/055-198.jpg,"[0, 0, 256, 256]",1.0,sdnet_tile,pavement
utuh/pavement_055-200.jpg,0,utuh,test_pave,pavement,pavement_055,P/UP/055-200.jpg,"[0, 0, 256, 256]",1.0,sdnet_tile,pavement
utuh/pavement_055-221.jpg,0,utuh,test_pave,pavement,pavement_055,P/UP/055-221.jpg,"[0, 0, 256, 256]",1.0,sdnet_tile,pavement
utuh/pavement_055-39.jpg,0,utuh,test_pave,pavement,pavement_055,P/UP/055-39.jpg,"[0, 0, 256, 256]",1.0,sdnet_tile,pavement
utuh/pavement_055-51.jpg,0,utuh,test_pave,pavement,pavement_055,P/UP/055-51.jpg,"[0, 0, 256, 256]",1.0,sdnet_tile,pavement
utuh/pavement_055-54.jpg,0,utuh,test_pave,pavement,pavement_055,P/UP/055-54.jpg,"[0, 0, 256, 256]",1.0,sdnet_tile,pavement
utuh/pavement_055-6.jpg,0,utuh,test_pave,pavement,pavement_055,P/UP/055-6.jpg,"[0, 0, 256, 256]",1.0,sdnet_tile,pavement
utuh/pavement_055-78.jpg,0,utuh,test_pave,pavement,pavement_055,P/UP/055-78.jpg,"[0, 0, 256, 256]",1.0,sdnet_tile,pavement
utuh/pavement_055-83.jpg,0,utuh,test_pave,pavement,pavement_055,P/UP/055-83.jpg,"[0, 0, 256, 256]",1.0,sdnet_tile,pavement
utuh/pavement_056-102.jpg,0,utuh,test_pave,pavement,pavement_056,P/UP/056-102.jpg,"[0, 0, 256, 256]",1.0,sdnet_tile,pavement
utuh/pavement_056-104.jpg,0,utuh,test_pave,pavement,pavement_056,P/UP/056-104.jpg,"[0, 0, 256, 256]",1.0,sdnet_tile,pavement
utuh/pavement_056-105.jpg,0,utuh,test_pave,pavement,pavement_056,P/UP/056-105.jpg,"[0, 0, 256, 256]",1.0,sdnet_tile,pavement
utuh/pavement_056-118.jpg,0,utuh,test_pave,pavement,pavement_056,P/UP/056-118.jpg,"[0, 0, 256, 256]",1.0,sdnet_tile,pavement
utuh/pavement_056-122.jpg,0,utuh,test_pave,pavement,pavement_056,P/UP/056-122.jpg,"[0, 0, 256, 256]",1.0,sdnet_tile,pavement
utuh/pavement_056-127.jpg,0,utuh,test_pave,pavement,pavement_056,P/UP/056-127.jpg,"[0, 0, 256, 256]",1.0,sdnet_tile,pavement
utuh/pavement_056-133.jpg,0,utuh,test_pave,pavement,pavement_056,P/UP/056-133.jpg,"[0, 0, 256, 256]",1.0,sdnet_tile,pavement
utuh/pavement_056-142.jpg,0,utuh,test_pave,pavement,pavement_056,P/UP/056-142.jpg,"[0, 0, 256, 256]",1.0,sdnet_tile,pavement
utuh/pavement_056-204.jpg,0,utuh,test_pave,pavement,pavement_056,P/UP/056-204.jpg,"[0, 0, 256, 256]",1.0,sdnet_tile,pavement
utuh/pavement_056-207.jpg,0,utuh,test_pave,pavement,pavement_056,P/UP/056-207.jpg,"[0, 0, 256, 256]",1.0,sdnet_tile,pavement
utuh/pavement_056-21.jpg,0,utuh,test_pave,pavement,pavement_056,P/UP/056-21.jpg,"[0, 0, 256, 256]",1.0,sdnet_tile,pavement
utuh/pavement_056-210.jpg,0,utuh,test_pave,pavement,pavement_056,P/UP/056-210.jpg,"[0, 0, 256, 256]",1.0,sdnet_tile,pavement
utuh/pavement_056-212.jpg,0,utuh,test_pave,pavement,pavement_056,P/UP/056-212.jpg,"[0, 0, 256, 256]",1.0,sdnet_tile,pavement
utuh/pavement_056-221.jpg,0,utuh,test_pave,pavement,pavement_056,P/UP/056-221.jpg,"[0, 0, 256, 256]",1.0,sdnet_tile,pavement
utuh/pavement_056-225.jpg,0,utuh,test_pave,pavement,pavement_056,P/UP/056-225.jpg,"[0, 0, 256, 256]",1.0,sdnet_tile,pavement
utuh/pavement_056-226.jpg,0,utuh,test_pave,pavement,pavement_056,P/UP/056-226.jpg,"[0, 0, 256, 256]",1.0,sdnet_tile,pavement
utuh/pavement_056-228.jpg,0,utuh,test_pave,pavement,pavement_056,P/UP/056-228.jpg,"[0, 0, 256, 256]",1.0,sdnet_tile,pavement
utuh/pavement_056-28.jpg,0,utuh,test_pave,pavement,pavement_056,P/UP/056-28.jpg,"[0, 0, 256, 256]",1.0,sdnet_tile,pavement
utuh/pavement_056-50.jpg,0,utuh,test_pave,pavement,pavement_056,P/UP/056-50.jpg,"[0, 0, 256, 256]",1.0,sdnet_tile,pavement
utuh/pavement_056-53.jpg,0,utuh,test_pave,pavement,pavement_056,P/UP/056-53.jpg,"[0, 0, 256, 256]",1.0,sdnet_tile,pavement
utuh/pavement_056-58.jpg,0,utuh,test_pave,pavement,pavement_056,P/UP/056-58.jpg,"[0, 0, 256, 256]",1.0,sdnet_tile,pavement
utuh/pavement_056-62.jpg,0,utuh,test_pave,pavement,pavement_056,P/UP/056-62.jpg,"[0, 0, 256, 256]",1.0,sdnet_tile,pavement
utuh/pavement_056-71.jpg,0,utuh,test_pave,pavement,pavement_056,P/UP/056-71.jpg,"[0, 0, 256, 256]",1.0,sdnet_tile,pavement
utuh/pavement_057-100.jpg,0,utuh,test_pave,pavement,pavement_057,P/UP/057-100.jpg,"[0, 0, 256, 256]",1.0,sdnet_tile,pavement
utuh/pavement_057-110.jpg,0,utuh,test_pave,pavement,pavement_057,P/UP/057-110.jpg,"[0, 0, 256, 256]",1.0,sdnet_tile,pavement
utuh/pavement_057-111.jpg,0,utuh,test_pave,pavement,pavement_057,P/UP/057-111.jpg,"[0, 0, 256, 256]",1.0,sdnet_tile,pavement
utuh/pavement_057-136.jpg,0,utuh,test_pave,pavement,pavement_057,P/UP/057-136.jpg,"[0, 0, 256, 256]",1.0,sdnet_tile,pavement
utuh/pavement_057-139.jpg,0,utuh,test_pave,pavement,pavement_057,P/UP/057-139.jpg,"[0, 0, 256, 256]",1.0,sdnet_tile,pavement
utuh/pavement_057-14.jpg,0,utuh,test_pave,pavement,pavement_057,P/UP/057-14.jpg,"[0, 0, 256, 256]",1.0,sdnet_tile,pavement
utuh/pavement_057-154.jpg,0,utuh,test_pave,pavement,pavement_057,P/UP/057-154.jpg,"[0, 0, 256, 256]",1.0,sdnet_tile,pavement
utuh/pavement_057-167.jpg,0,utuh,test_pave,pavement,pavement_057,P/UP/057-167.jpg,"[0, 0, 256, 256]",1.0,sdnet_tile,pavement
utuh/pavement_057-171.jpg,0,utuh,test_pave,pavement,pavement_057,P/UP/057-171.jpg,"[0, 0, 256, 256]",1.0,sdnet_tile,pavement
utuh/pavement_057-195.jpg,0,utuh,test_pave,pavement,pavement_057,P/UP/057-195.jpg,"[0, 0, 256, 256]",1.0,sdnet_tile,pavement
utuh/pavement_057-196.jpg,0,utuh,test_pave,pavement,pavement_057,P/UP/057-196.jpg,"[0, 0, 256, 256]",1.0,sdnet_tile,pavement
utuh/pavement_057-202.jpg,0,utuh,test_pave,pavement,pavement_057,P/UP/057-202.jpg,"[0, 0, 256, 256]",1.0,sdnet_tile,pavement
utuh/pavement_057-21.jpg,0,utuh,test_pave,pavement,pavement_057,P/UP/057-21.jpg,"[0, 0, 256, 256]",1.0,sdnet_tile,pavement
utuh/pavement_057-217.jpg,0,utuh,test_pave,pavement,pavement_057,P/UP/057-217.jpg,"[0, 0, 256, 256]",1.0,sdnet_tile,pavement
utuh/pavement_057-228.jpg,0,utuh,test_pave,pavement,pavement_057,P/UP/057-228.jpg,"[0, 0, 256, 256]",1.0,sdnet_tile,pavement
utuh/pavement_057-234.jpg,0,utuh,test_pave,pavement,pavement_057,P/UP/057-234.jpg,"[0, 0, 256, 256]",1.0,sdnet_tile,pavement
utuh/pavement_057-25.jpg,0,utuh,test_pave,pavement,pavement_057,P/UP/057-25.jpg,"[0, 0, 256, 256]",1.0,sdnet_tile,pavement
utuh/pavement_057-28.jpg,0,utuh,test_pave,pavement,pavement_057,P/UP/057-28.jpg,"[0, 0, 256, 256]",1.0,sdnet_tile,pavement
utuh/pavement_057-3.jpg,0,utuh,test_pave,pavement,pavement_057,P/UP/057-3.jpg,"[0, 0, 256, 256]",1.0,sdnet_tile,pavement
utuh/pavement_057-38.jpg,0,utuh,test_pave,pavement,pavement_057,P/UP/057-38.jpg,"[0, 0, 256, 256]",1.0,sdnet_tile,pavement
utuh/pavement_057-47.jpg,0,utuh,test_pave,pavement,pavement_057,P/UP/057-47.jpg,"[0, 0, 256, 256]",1.0,sdnet_tile,pavement
utuh/pavement_057-61.jpg,0,utuh,test_pave,pavement,pavement_057,P/UP/057-61.jpg,"[0, 0, 256, 256]",1.0,sdnet_tile,pavement
utuh/pavement_057-70.jpg,0,utuh,test_pave,pavement,pavement_057,P/UP/057-70.jpg,"[0, 0, 256, 256]",1.0,sdnet_tile,pavement
utuh/pavement_058-100.jpg,0,utuh,test_pave,pavement,pavement_058,P/UP/058-100.jpg,"[0, 0, 256, 256]",1.0,sdnet_tile,pavement
utuh/pavement_058-11.jpg,0,utuh,test_pave,pavement,pavement_058,P/UP/058-11.jpg,"[0, 0, 256, 256]",1.0,sdnet_tile,pavement
utuh/pavement_058-112.jpg,0,utuh,test_pave,pavement,pavement_058,P/UP/058-112.jpg,"[0, 0, 256, 256]",1.0,sdnet_tile,pavement
utuh/pavement_058-113.jpg,0,utuh,test_pave,pavement,pavement_058,P/UP/058-113.jpg,"[0, 0, 256, 256]",1.0,sdnet_tile,pavement
utuh/pavement_058-13.jpg,0,utuh,test_pave,pavement,pavement_058,P/UP/058-13.jpg,"[0, 0, 256, 256]",1.0,sdnet_tile,pavement
utuh/pavement_058-130.jpg,0,utuh,test_pave,pavement,pavement_058,P/UP/058-130.jpg,"[0, 0, 256, 256]",1.0,sdnet_tile,pavement
utuh/pavement_058-145.jpg,0,utuh,test_pave,pavement,pavement_058,P/UP/058-145.jpg,"[0, 0, 256, 256]",1.0,sdnet_tile,pavement
utuh/pavement_058-147.jpg,0,utuh,test_pave,pavement,pavement_058,P/UP/058-147.jpg,"[0, 0, 256, 256]",1.0,sdnet_tile,pavement
utuh/pavement_058-16.jpg,0,utuh,test_pave,pavement,pavement_058,P/UP/058-16.jpg,"[0, 0, 256, 256]",1.0,sdnet_tile,pavement
utuh/pavement_058-163.jpg,0,utuh,test_pave,pavement,pavement_058,P/UP/058-163.jpg,"[0, 0, 256, 256]",1.0,sdnet_tile,pavement
utuh/pavement_058-165.jpg,0,utuh,test_pave,pavement,pavement_058,P/UP/058-165.jpg,"[0, 0, 256, 256]",1.0,sdnet_tile,pavement
utuh/pavement_058-189.jpg,0,utuh,test_pave,pavement,pavement_058,P/UP/058-189.jpg,"[0, 0, 256, 256]",1.0,sdnet_tile,pavement
utuh/pavement_058-194.jpg,0,utuh,test_pave,pavement,pavement_058,P/UP/058-194.jpg,"[0, 0, 256, 256]",1.0,sdnet_tile,pavement
utuh/pavement_058-200.jpg,0,utuh,test_pave,pavement,pavement_058,P/UP/058-200.jpg,"[0, 0, 256, 256]",1.0,sdnet_tile,pavement
utuh/pavement_058-206.jpg,0,utuh,test_pave,pavement,pavement_058,P/UP/058-206.jpg,"[0, 0, 256, 256]",1.0,sdnet_tile,pavement
utuh/pavement_058-228.jpg,0,utuh,test_pave,pavement,pavement_058,P/UP/058-228.jpg,"[0, 0, 256, 256]",1.0,sdnet_tile,pavement
utuh/pavement_058-3.jpg,0,utuh,test_pave,pavement,pavement_058,P/UP/058-3.jpg,"[0, 0, 256, 256]",1.0,sdnet_tile,pavement
utuh/pavement_058-34.jpg,0,utuh,test_pave,pavement,pavement_058,P/UP/058-34.jpg,"[0, 0, 256, 256]",1.0,sdnet_tile,pavement
utuh/pavement_058-5.jpg,0,utuh,test_pave,pavement,pavement_058,P/UP/058-5.jpg,"[0, 0, 256, 256]",1.0,sdnet_tile,pavement
utuh/pavement_058-51.jpg,0,utuh,test_pave,pavement,pavement_058,P/UP/058-51.jpg,"[0, 0, 256, 256]",1.0,sdnet_tile,pavement
utuh/pavement_058-53.jpg,0,utuh,test_pave,pavement,pavement_058,P/UP/058-53.jpg,"[0, 0, 256, 256]",1.0,sdnet_tile,pavement
utuh/pavement_058-57.jpg,0,utuh,test_pave,pavement,pavement_058,P/UP/058-57.jpg,"[0, 0, 256, 256]",1.0,sdnet_tile,pavement
utuh/pavement_058-85.jpg,0,utuh,test_pave,pavement,pavement_058,P/UP/058-85.jpg,"[0, 0, 256, 256]",1.0,sdnet_tile,pavement
utuh/pavement_059-125.jpg,0,utuh,test_pave,pavement,pavement_059,P/UP/059-125.jpg,"[0, 0, 256, 256]",1.0,sdnet_tile,pavement
utuh/pavement_059-15.jpg,0,utuh,test_pave,pavement,pavement_059,P/UP/059-15.jpg,"[0, 0, 256, 256]",1.0,sdnet_tile,pavement
utuh/pavement_059-159.jpg,0,utuh,test_pave,pavement,pavement_059,P/UP/059-159.jpg,"[0, 0, 256, 256]",1.0,sdnet_tile,pavement
utuh/pavement_059-171.jpg,0,utuh,test_pave,pavement,pavement_059,P/UP/059-171.jpg,"[0, 0, 256, 256]",1.0,sdnet_tile,pavement
utuh/pavement_059-172.jpg,0,utuh,test_pave,pavement,pavement_059,P/UP/059-172.jpg,"[0, 0, 256, 256]",1.0,sdnet_tile,pavement
utuh/pavement_059-177.jpg,0,utuh,test_pave,pavement,pavement_059,P/UP/059-177.jpg,"[0, 0, 256, 256]",1.0,sdnet_tile,pavement
utuh/pavement_059-181.jpg,0,utuh,test_pave,pavement,pavement_059,P/UP/059-181.jpg,"[0, 0, 256, 256]",1.0,sdnet_tile,pavement
utuh/pavement_059-190.jpg,0,utuh,test_pave,pavement,pavement_059,P/UP/059-190.jpg,"[0, 0, 256, 256]",1.0,sdnet_tile,pavement
utuh/pavement_059-195.jpg,0,utuh,test_pave,pavement,pavement_059,P/UP/059-195.jpg,"[0, 0, 256, 256]",1.0,sdnet_tile,pavement
utuh/pavement_059-197.jpg,0,utuh,test_pave,pavement,pavement_059,P/UP/059-197.jpg,"[0, 0, 256, 256]",1.0,sdnet_tile,pavement
utuh/pavement_059-208.jpg,0,utuh,test_pave,pavement,pavement_059,P/UP/059-208.jpg,"[0, 0, 256, 256]",1.0,sdnet_tile,pavement
utuh/pavement_059-211.jpg,0,utuh,test_pave,pavement,pavement_059,P/UP/059-211.jpg,"[0, 0, 256, 256]",1.0,sdnet_tile,pavement
utuh/pavement_059-222.jpg,0,utuh,test_pave,pavement,pavement_059,P/UP/059-222.jpg,"[0, 0, 256, 256]",1.0,sdnet_tile,pavement
utuh/pavement_059-233.jpg,0,utuh,test_pave,pavement,pavement_059,P/UP/059-233.jpg,"[0, 0, 256, 256]",1.0,sdnet_tile,pavement
utuh/pavement_059-39.jpg,0,utuh,test_pave,pavement,pavement_059,P/UP/059-39.jpg,"[0, 0, 256, 256]",1.0,sdnet_tile,pavement
utuh/pavement_059-42.jpg,0,utuh,test_pave,pavement,pavement_059,P/UP/059-42.jpg,"[0, 0, 256, 256]",1.0,sdnet_tile,pavement
utuh/pavement_059-44.jpg,0,utuh,test_pave,pavement,pavement_059,P/UP/059-44.jpg,"[0, 0, 256, 256]",1.0,sdnet_tile,pavement
utuh/pavement_059-48.jpg,0,utuh,test_pave,pavement,pavement_059,P/UP/059-48.jpg,"[0, 0, 256, 256]",1.0,sdnet_tile,pavement
utuh/pavement_059-54.jpg,0,utuh,test_pave,pavement,pavement_059,P/UP/059-54.jpg,"[0, 0, 256, 256]",1.0,sdnet_tile,pavement
utuh/pavement_059-61.jpg,0,utuh,test_pave,pavement,pavement_059,P/UP/059-61.jpg,"[0, 0, 256, 256]",1.0,sdnet_tile,pavement
utuh/pavement_059-69.jpg,0,utuh,test_pave,pavement,pavement_059,P/UP/059-69.jpg,"[0, 0, 256, 256]",1.0,sdnet_tile,pavement
utuh/pavement_059-88.jpg,0,utuh,test_pave,pavement,pavement_059,P/UP/059-88.jpg,"[0, 0, 256, 256]",1.0,sdnet_tile,pavement
utuh/pavement_059-9.jpg,0,utuh,test_pave,pavement,pavement_059,P/UP/059-9.jpg,"[0, 0, 256, 256]",1.0,sdnet_tile,pavement
utuh/pavement_060-10.jpg,0,utuh,test_pave,pavement,pavement_060,P/UP/060-10.jpg,"[0, 0, 256, 256]",1.0,sdnet_tile,pavement
utuh/pavement_060-100.jpg,0,utuh,test_pave,pavement,pavement_060,P/UP/060-100.jpg,"[0, 0, 256, 256]",1.0,sdnet_tile,pavement
utuh/pavement_060-11.jpg,0,utuh,test_pave,pavement,pavement_060,P/UP/060-11.jpg,"[0, 0, 256, 256]",1.0,sdnet_tile,pavement
utuh/pavement_060-121.jpg,0,utuh,test_pave,pavement,pavement_060,P/UP/060-121.jpg,"[0, 0, 256, 256]",1.0,sdnet_tile,pavement
utuh/pavement_060-122.jpg,0,utuh,test_pave,pavement,pavement_060,P/UP/060-122.jpg,"[0, 0, 256, 256]",1.0,sdnet_tile,pavement
utuh/pavement_060-124.jpg,0,utuh,test_pave,pavement,pavement_060,P/UP/060-124.jpg,"[0, 0, 256, 256]",1.0,sdnet_tile,pavement
utuh/pavement_060-14.jpg,0,utuh,test_pave,pavement,pavement_060,P/UP/060-14.jpg,"[0, 0, 256, 256]",1.0,sdnet_tile,pavement
utuh/pavement_060-142.jpg,0,utuh,test_pave,pavement,pavement_060,P/UP/060-142.jpg,"[0, 0, 256, 256]",1.0,sdnet_tile,pavement
utuh/pavement_060-146.jpg,0,utuh,test_pave,pavement,pavement_060,P/UP/060-146.jpg,"[0, 0, 256, 256]",1.0,sdnet_tile,pavement
utuh/pavement_060-16.jpg,0,utuh,test_pave,pavement,pavement_060,P/UP/060-16.jpg,"[0, 0, 256, 256]",1.0,sdnet_tile,pavement
utuh/pavement_060-168.jpg,0,utuh,test_pave,pavement,pavement_060,P/UP/060-168.jpg,"[0, 0, 256, 256]",1.0,sdnet_tile,pavement
utuh/pavement_060-189.jpg,0,utuh,test_pave,pavement,pavement_060,P/UP/060-189.jpg,"[0, 0, 256, 256]",1.0,sdnet_tile,pavement
utuh/pavement_060-195.jpg,0,utuh,test_pave,pavement,pavement_060,P/UP/060-195.jpg,"[0, 0, 256, 256]",1.0,sdnet_tile,pavement
utuh/pavement_060-2.jpg,0,utuh,test_pave,pavement,pavement_060,P/UP/060-2.jpg,"[0, 0, 256, 256]",1.0,sdnet_tile,pavement
utuh/pavement_060-213.jpg,0,utuh,test_pave,pavement,pavement_060,P/UP/060-213.jpg,"[0, 0, 256, 256]",1.0,sdnet_tile,pavement
utuh/pavement_060-219.jpg,0,utuh,test_pave,pavement,pavement_060,P/UP/060-219.jpg,"[0, 0, 256, 256]",1.0,sdnet_tile,pavement
utuh/pavement_060-226.jpg,0,utuh,test_pave,pavement,pavement_060,P/UP/060-226.jpg,"[0, 0, 256, 256]",1.0,sdnet_tile,pavement
utuh/pavement_060-227.jpg,0,utuh,test_pave,pavement,pavement_060,P/UP/060-227.jpg,"[0, 0, 256, 256]",1.0,sdnet_tile,pavement
utuh/pavement_060-35.jpg,0,utuh,test_pave,pavement,pavement_060,P/UP/060-35.jpg,"[0, 0, 256, 256]",1.0,sdnet_tile,pavement
utuh/pavement_060-45.jpg,0,utuh,test_pave,pavement,pavement_060,P/UP/060-45.jpg,"[0, 0, 256, 256]",1.0,sdnet_tile,pavement
utuh/pavement_060-62.jpg,0,utuh,test_pave,pavement,pavement_060,P/UP/060-62.jpg,"[0, 0, 256, 256]",1.0,sdnet_tile,pavement
utuh/pavement_060-8.jpg,0,utuh,test_pave,pavement,pavement_060,P/UP/060-8.jpg,"[0, 0, 256, 256]",1.0,sdnet_tile,pavement
utuh/pavement_060-92.jpg,0,utuh,test_pave,pavement,pavement_060,P/UP/060-92.jpg,"[0, 0, 256, 256]",1.0,sdnet_tile,pavement
utuh/pavement_061-11.jpg,0,utuh,test_pave,pavement,pavement_061,P/UP/061-11.jpg,"[0, 0, 256, 256]",1.0,sdnet_tile,pavement
utuh/pavement_061-112.jpg,0,utuh,test_pave,pavement,pavement_061,P/UP/061-112.jpg,"[0, 0, 256, 256]",1.0,sdnet_tile,pavement
utuh/pavement_061-129.jpg,0,utuh,test_pave,pavement,pavement_061,P/UP/061-129.jpg,"[0, 0, 256, 256]",1.0,sdnet_tile,pavement
utuh/pavement_061-133.jpg,0,utuh,test_pave,pavement,pavement_061,P/UP/061-133.jpg,"[0, 0, 256, 256]",1.0,sdnet_tile,pavement
utuh/pavement_061-135.jpg,0,utuh,test_pave,pavement,pavement_061,P/UP/061-135.jpg,"[0, 0, 256, 256]",1.0,sdnet_tile,pavement
utuh/pavement_061-147.jpg,0,utuh,test_pave,pavement,pavement_061,P/UP/061-147.jpg,"[0, 0, 256, 256]",1.0,sdnet_tile,pavement
utuh/pavement_061-16.jpg,0,utuh,test_pave,pavement,pavement_061,P/UP/061-16.jpg,"[0, 0, 256, 256]",1.0,sdnet_tile,pavement
utuh/pavement_061-161.jpg,0,utuh,test_pave,pavement,pavement_061,P/UP/061-161.jpg,"[0, 0, 256, 256]",1.0,sdnet_tile,pavement
utuh/pavement_061-167.jpg,0,utuh,test_pave,pavement,pavement_061,P/UP/061-167.jpg,"[0, 0, 256, 256]",1.0,sdnet_tile,pavement
utuh/pavement_061-176.jpg,0,utuh,test_pave,pavement,pavement_061,P/UP/061-176.jpg,"[0, 0, 256, 256]",1.0,sdnet_tile,pavement
utuh/pavement_061-179.jpg,0,utuh,test_pave,pavement,pavement_061,P/UP/061-179.jpg,"[0, 0, 256, 256]",1.0,sdnet_tile,pavement
utuh/pavement_061-193.jpg,0,utuh,test_pave,pavement,pavement_061,P/UP/061-193.jpg,"[0, 0, 256, 256]",1.0,sdnet_tile,pavement
utuh/pavement_061-219.jpg,0,utuh,test_pave,pavement,pavement_061,P/UP/061-219.jpg,"[0, 0, 256, 256]",1.0,sdnet_tile,pavement
utuh/pavement_061-228.jpg,0,utuh,test_pave,pavement,pavement_061,P/UP/061-228.jpg,"[0, 0, 256, 256]",1.0,sdnet_tile,pavement
utuh/pavement_061-28.jpg,0,utuh,test_pave,pavement,pavement_061,P/UP/061-28.jpg,"[0, 0, 256, 256]",1.0,sdnet_tile,pavement
utuh/pavement_061-32.jpg,0,utuh,test_pave,pavement,pavement_061,P/UP/061-32.jpg,"[0, 0, 256, 256]",1.0,sdnet_tile,pavement
utuh/pavement_061-39.jpg,0,utuh,test_pave,pavement,pavement_061,P/UP/061-39.jpg,"[0, 0, 256, 256]",1.0,sdnet_tile,pavement
utuh/pavement_061-46.jpg,0,utuh,test_pave,pavement,pavement_061,P/UP/061-46.jpg,"[0, 0, 256, 256]",1.0,sdnet_tile,pavement
utuh/pavement_061-47.jpg,0,utuh,test_pave,pavement,pavement_061,P/UP/061-47.jpg,"[0, 0, 256, 256]",1.0,sdnet_tile,pavement
utuh/pavement_061-51.jpg,0,utuh,test_pave,pavement,pavement_061,P/UP/061-51.jpg,"[0, 0, 256, 256]",1.0,sdnet_tile,pavement
utuh/pavement_061-61.jpg,0,utuh,test_pave,pavement,pavement_061,P/UP/061-61.jpg,"[0, 0, 256, 256]",1.0,sdnet_tile,pavement
utuh/pavement_061-77.jpg,0,utuh,test_pave,pavement,pavement_061,P/UP/061-77.jpg,"[0, 0, 256, 256]",1.0,sdnet_tile,pavement
utuh/pavement_061-81.jpg,0,utuh,test_pave,pavement,pavement_061,P/UP/061-81.jpg,"[0, 0, 256, 256]",1.0,sdnet_tile,pavement
utuh/pavement_062-129.jpg,0,utuh,test_pave,pavement,pavement_062,P/UP/062-129.jpg,"[0, 0, 256, 256]",1.0,sdnet_tile,pavement
utuh/pavement_062-146.jpg,0,utuh,test_pave,pavement,pavement_062,P/UP/062-146.jpg,"[0, 0, 256, 256]",1.0,sdnet_tile,pavement
utuh/pavement_062-151.jpg,0,utuh,test_pave,pavement,pavement_062,P/UP/062-151.jpg,"[0, 0, 256, 256]",1.0,sdnet_tile,pavement
utuh/pavement_062-153.jpg,0,utuh,test_pave,pavement,pavement_062,P/UP/062-153.jpg,"[0, 0, 256, 256]",1.0,sdnet_tile,pavement
utuh/pavement_062-164.jpg,0,utuh,test_pave,pavement,pavement_062,P/UP/062-164.jpg,"[0, 0, 256, 256]",1.0,sdnet_tile,pavement
utuh/pavement_062-172.jpg,0,utuh,test_pave,pavement,pavement_062,P/UP/062-172.jpg,"[0, 0, 256, 256]",1.0,sdnet_tile,pavement
utuh/pavement_062-191.jpg,0,utuh,test_pave,pavement,pavement_062,P/UP/062-191.jpg,"[0, 0, 256, 256]",1.0,sdnet_tile,pavement
utuh/pavement_062-192.jpg,0,utuh,test_pave,pavement,pavement_062,P/UP/062-192.jpg,"[0, 0, 256, 256]",1.0,sdnet_tile,pavement
utuh/pavement_062-201.jpg,0,utuh,test_pave,pavement,pavement_062,P/UP/062-201.jpg,"[0, 0, 256, 256]",1.0,sdnet_tile,pavement
utuh/pavement_062-206.jpg,0,utuh,test_pave,pavement,pavement_062,P/UP/062-206.jpg,"[0, 0, 256, 256]",1.0,sdnet_tile,pavement
utuh/pavement_062-209.jpg,0,utuh,test_pave,pavement,pavement_062,P/UP/062-209.jpg,"[0, 0, 256, 256]",1.0,sdnet_tile,pavement
utuh/pavement_062-21.jpg,0,utuh,test_pave,pavement,pavement_062,P/UP/062-21.jpg,"[0, 0, 256, 256]",1.0,sdnet_tile,pavement
utuh/pavement_062-211.jpg,0,utuh,test_pave,pavement,pavement_062,P/UP/062-211.jpg,"[0, 0, 256, 256]",1.0,sdnet_tile,pavement
utuh/pavement_062-219.jpg,0,utuh,test_pave,pavement,pavement_062,P/UP/062-219.jpg,"[0, 0, 256, 256]",1.0,sdnet_tile,pavement
utuh/pavement_062-230.jpg,0,utuh,test_pave,pavement,pavement_062,P/UP/062-230.jpg,"[0, 0, 256, 256]",1.0,sdnet_tile,pavement
utuh/pavement_062-29.jpg,0,utuh,test_pave,pavement,pavement_062,P/UP/062-29.jpg,"[0, 0, 256, 256]",1.0,sdnet_tile,pavement
utuh/pavement_062-37.jpg,0,utuh,test_pave,pavement,pavement_062,P/UP/062-37.jpg,"[0, 0, 256, 256]",1.0,sdnet_tile,pavement
utuh/pavement_062-43.jpg,0,utuh,test_pave,pavement,pavement_062,P/UP/062-43.jpg,"[0, 0, 256, 256]",1.0,sdnet_tile,pavement
utuh/pavement_062-73.jpg,0,utuh,test_pave,pavement,pavement_062,P/UP/062-73.jpg,"[0, 0, 256, 256]",1.0,sdnet_tile,pavement
utuh/pavement_062-78.jpg,0,utuh,test_pave,pavement,pavement_062,P/UP/062-78.jpg,"[0, 0, 256, 256]",1.0,sdnet_tile,pavement
utuh/pavement_062-79.jpg,0,utuh,test_pave,pavement,pavement_062,P/UP/062-79.jpg,"[0, 0, 256, 256]",1.0,sdnet_tile,pavement
utuh/pavement_062-86.jpg,0,utuh,test_pave,pavement,pavement_062,P/UP/062-86.jpg,"[0, 0, 256, 256]",1.0,sdnet_tile,pavement
utuh/pavement_062-88.jpg,0,utuh,test_pave,pavement,pavement_062,P/UP/062-88.jpg,"[0, 0, 256, 256]",1.0,sdnet_tile,pavement
utuh/pavement_063-110.jpg,0,utuh,test_pave,pavement,pavement_063,P/UP/063-110.jpg,"[0, 0, 256, 256]",1.0,sdnet_tile,pavement
utuh/pavement_063-118.jpg,0,utuh,test_pave,pavement,pavement_063,P/UP/063-118.jpg,"[0, 0, 256, 256]",1.0,sdnet_tile,pavement
utuh/pavement_063-121.jpg,0,utuh,test_pave,pavement,pavement_063,P/UP/063-121.jpg,"[0, 0, 256, 256]",1.0,sdnet_tile,pavement
utuh/pavement_063-130.jpg,0,utuh,test_pave,pavement,pavement_063,P/UP/063-130.jpg,"[0, 0, 256, 256]",1.0,sdnet_tile,pavement
utuh/pavement_063-145.jpg,0,utuh,test_pave,pavement,pavement_063,P/UP/063-145.jpg,"[0, 0, 256, 256]",1.0,sdnet_tile,pavement
utuh/pavement_063-190.jpg,0,utuh,test_pave,pavement,pavement_063,P/UP/063-190.jpg,"[0, 0, 256, 256]",1.0,sdnet_tile,pavement
utuh/pavement_063-210.jpg,0,utuh,test_pave,pavement,pavement_063,P/UP/063-210.jpg,"[0, 0, 256, 256]",1.0,sdnet_tile,pavement
utuh/pavement_063-219.jpg,0,utuh,test_pave,pavement,pavement_063,P/UP/063-219.jpg,"[0, 0, 256, 256]",1.0,sdnet_tile,pavement
utuh/pavement_063-223.jpg,0,utuh,test_pave,pavement,pavement_063,P/UP/063-223.jpg,"[0, 0, 256, 256]",1.0,sdnet_tile,pavement
utuh/pavement_063-23.jpg,0,utuh,test_pave,pavement,pavement_063,P/UP/063-23.jpg,"[0, 0, 256, 256]",1.0,sdnet_tile,pavement
utuh/pavement_063-230.jpg,0,utuh,test_pave,pavement,pavement_063,P/UP/063-230.jpg,"[0, 0, 256, 256]",1.0,sdnet_tile,pavement
utuh/pavement_063-38.jpg,0,utuh,test_pave,pavement,pavement_063,P/UP/063-38.jpg,"[0, 0, 256, 256]",1.0,sdnet_tile,pavement
utuh/pavement_063-40.jpg,0,utuh,test_pave,pavement,pavement_063,P/UP/063-40.jpg,"[0, 0, 256, 256]",1.0,sdnet_tile,pavement
utuh/pavement_063-43.jpg,0,utuh,test_pave,pavement,pavement_063,P/UP/063-43.jpg,"[0, 0, 256, 256]",1.0,sdnet_tile,pavement
utuh/pavement_063-49.jpg,0,utuh,test_pave,pavement,pavement_063,P/UP/063-49.jpg,"[0, 0, 256, 256]",1.0,sdnet_tile,pavement
utuh/pavement_063-5.jpg,0,utuh,test_pave,pavement,pavement_063,P/UP/063-5.jpg,"[0, 0, 256, 256]",1.0,sdnet_tile,pavement
utuh/pavement_063-57.jpg,0,utuh,test_pave,pavement,pavement_063,P/UP/063-57.jpg,"[0, 0, 256, 256]",1.0,sdnet_tile,pavement
utuh/pavement_063-61.jpg,0,utuh,test_pave,pavement,pavement_063,P/UP/063-61.jpg,"[0, 0, 256, 256]",1.0,sdnet_tile,pavement
utuh/pavement_063-67.jpg,0,utuh,test_pave,pavement,pavement_063,P/UP/063-67.jpg,"[0, 0, 256, 256]",1.0,sdnet_tile,pavement
utuh/pavement_063-73.jpg,0,utuh,test_pave,pavement,pavement_063,P/UP/063-73.jpg,"[0, 0, 256, 256]",1.0,sdnet_tile,pavement
utuh/pavement_063-85.jpg,0,utuh,test_pave,pavement,pavement_063,P/UP/063-85.jpg,"[0, 0, 256, 256]",1.0,sdnet_tile,pavement
utuh/pavement_063-9.jpg,0,utuh,test_pave,pavement,pavement_063,P/UP/063-9.jpg,"[0, 0, 256, 256]",1.0,sdnet_tile,pavement
utuh/pavement_063-95.jpg,0,utuh,test_pave,pavement,pavement_063,P/UP/063-95.jpg,"[0, 0, 256, 256]",1.0,sdnet_tile,pavement
utuh/pavement_064-105.jpg,0,utuh,test_pave,pavement,pavement_064,P/UP/064-105.jpg,"[0, 0, 256, 256]",1.0,sdnet_tile,pavement
utuh/pavement_064-108.jpg,0,utuh,test_pave,pavement,pavement_064,P/UP/064-108.jpg,"[0, 0, 256, 256]",1.0,sdnet_tile,pavement
utuh/pavement_064-12.jpg,0,utuh,test_pave,pavement,pavement_064,P/UP/064-12.jpg,"[0, 0, 256, 256]",1.0,sdnet_tile,pavement
utuh/pavement_064-133.jpg,0,utuh,test_pave,pavement,pavement_064,P/UP/064-133.jpg,"[0, 0, 256, 256]",1.0,sdnet_tile,pavement
utuh/pavement_064-14.jpg,0,utuh,test_pave,pavement,pavement_064,P/UP/064-14.jpg,"[0, 0, 256, 256]",1.0,sdnet_tile,pavement
utuh/pavement_064-142.jpg,0,utuh,test_pave,pavement,pavement_064,P/UP/064-142.jpg,"[0, 0, 256, 256]",1.0,sdnet_tile,pavement
utuh/pavement_064-159.jpg,0,utuh,test_pave,pavement,pavement_064,P/UP/064-159.jpg,"[0, 0, 256, 256]",1.0,sdnet_tile,pavement
utuh/pavement_064-163.jpg,0,utuh,test_pave,pavement,pavement_064,P/UP/064-163.jpg,"[0, 0, 256, 256]",1.0,sdnet_tile,pavement
utuh/pavement_064-178.jpg,0,utuh,test_pave,pavement,pavement_064,P/UP/064-178.jpg,"[0, 0, 256, 256]",1.0,sdnet_tile,pavement
utuh/pavement_064-188.jpg,0,utuh,test_pave,pavement,pavement_064,P/UP/064-188.jpg,"[0, 0, 256, 256]",1.0,sdnet_tile,pavement
utuh/pavement_064-204.jpg,0,utuh,test_pave,pavement,pavement_064,P/UP/064-204.jpg,"[0, 0, 256, 256]",1.0,sdnet_tile,pavement
utuh/pavement_064-223.jpg,0,utuh,test_pave,pavement,pavement_064,P/UP/064-223.jpg,"[0, 0, 256, 256]",1.0,sdnet_tile,pavement
utuh/pavement_064-30.jpg,0,utuh,test_pave,pavement,pavement_064,P/UP/064-30.jpg,"[0, 0, 256, 256]",1.0,sdnet_tile,pavement
utuh/pavement_064-38.jpg,0,utuh,test_pave,pavement,pavement_064,P/UP/064-38.jpg,"[0, 0, 256, 256]",1.0,sdnet_tile,pavement
utuh/pavement_064-39.jpg,0,utuh,test_pave,pavement,pavement_064,P/UP/064-39.jpg,"[0, 0, 256, 256]",1.0,sdnet_tile,pavement
utuh/pavement_064-45.jpg,0,utuh,test_pave,pavement,pavement_064,P/UP/064-45.jpg,"[0, 0, 256, 256]",1.0,sdnet_tile,pavement
utuh/pavement_064-56.jpg,0,utuh,test_pave,pavement,pavement_064,P/UP/064-56.jpg,"[0, 0, 256, 256]",1.0,sdnet_tile,pavement
utuh/pavement_064-60.jpg,0,utuh,test_pave,pavement,pavement_064,P/UP/064-60.jpg,"[0, 0, 256, 256]",1.0,sdnet_tile,pavement
utuh/pavement_064-79.jpg,0,utuh,test_pave,pavement,pavement_064,P/UP/064-79.jpg,"[0, 0, 256, 256]",1.0,sdnet_tile,pavement
utuh/pavement_064-82.jpg,0,utuh,test_pave,pavement,pavement_064,P/UP/064-82.jpg,"[0, 0, 256, 256]",1.0,sdnet_tile,pavement
utuh/pavement_064-83.jpg,0,utuh,test_pave,pavement,pavement_064,P/UP/064-83.jpg,"[0, 0, 256, 256]",1.0,sdnet_tile,pavement
utuh/pavement_064-89.jpg,0,utuh,test_pave,pavement,pavement_064,P/UP/064-89.jpg,"[0, 0, 256, 256]",1.0,sdnet_tile,pavement
utuh/pavement_064-91.jpg,0,utuh,test_pave,pavement,pavement_064,P/UP/064-91.jpg,"[0, 0, 256, 256]",1.0,sdnet_tile,pavement
utuh/pavement_065-101.jpg,0,utuh,test_pave,pavement,pavement_065,P/UP/065-101.jpg,"[0, 0, 256, 256]",1.0,sdnet_tile,pavement
utuh/pavement_065-103.jpg,0,utuh,test_pave,pavement,pavement_065,P/UP/065-103.jpg,"[0, 0, 256, 256]",1.0,sdnet_tile,pavement
utuh/pavement_065-117.jpg,0,utuh,test_pave,pavement,pavement_065,P/UP/065-117.jpg,"[0, 0, 256, 256]",1.0,sdnet_tile,pavement
utuh/pavement_065-128.jpg,0,utuh,test_pave,pavement,pavement_065,P/UP/065-128.jpg,"[0, 0, 256, 256]",1.0,sdnet_tile,pavement
utuh/pavement_065-129.jpg,0,utuh,test_pave,pavement,pavement_065,P/UP/065-129.jpg,"[0, 0, 256, 256]",1.0,sdnet_tile,pavement
utuh/pavement_065-14.jpg,0,utuh,test_pave,pavement,pavement_065,P/UP/065-14.jpg,"[0, 0, 256, 256]",1.0,sdnet_tile,pavement
utuh/pavement_065-149.jpg,0,utuh,test_pave,pavement,pavement_065,P/UP/065-149.jpg,"[0, 0, 256, 256]",1.0,sdnet_tile,pavement
utuh/pavement_065-158.jpg,0,utuh,test_pave,pavement,pavement_065,P/UP/065-158.jpg,"[0, 0, 256, 256]",1.0,sdnet_tile,pavement
utuh/pavement_065-178.jpg,0,utuh,test_pave,pavement,pavement_065,P/UP/065-178.jpg,"[0, 0, 256, 256]",1.0,sdnet_tile,pavement
utuh/pavement_065-184.jpg,0,utuh,test_pave,pavement,pavement_065,P/UP/065-184.jpg,"[0, 0, 256, 256]",1.0,sdnet_tile,pavement
utuh/pavement_065-191.jpg,0,utuh,test_pave,pavement,pavement_065,P/UP/065-191.jpg,"[0, 0, 256, 256]",1.0,sdnet_tile,pavement
utuh/pavement_065-207.jpg,0,utuh,test_pave,pavement,pavement_065,P/UP/065-207.jpg,"[0, 0, 256, 256]",1.0,sdnet_tile,pavement
utuh/pavement_065-220.jpg,0,utuh,test_pave,pavement,pavement_065,P/UP/065-220.jpg,"[0, 0, 256, 256]",1.0,sdnet_tile,pavement
utuh/pavement_065-221.jpg,0,utuh,test_pave,pavement,pavement_065,P/UP/065-221.jpg,"[0, 0, 256, 256]",1.0,sdnet_tile,pavement
utuh/pavement_065-226.jpg,0,utuh,test_pave,pavement,pavement_065,P/UP/065-226.jpg,"[0, 0, 256, 256]",1.0,sdnet_tile,pavement
utuh/pavement_065-24.jpg,0,utuh,test_pave,pavement,pavement_065,P/UP/065-24.jpg,"[0, 0, 256, 256]",1.0,sdnet_tile,pavement
utuh/pavement_065-3.jpg,0,utuh,test_pave,pavement,pavement_065,P/UP/065-3.jpg,"[0, 0, 256, 256]",1.0,sdnet_tile,pavement
utuh/pavement_065-32.jpg,0,utuh,test_pave,pavement,pavement_065,P/UP/065-32.jpg,"[0, 0, 256, 256]",1.0,sdnet_tile,pavement
utuh/pavement_065-4.jpg,0,utuh,test_pave,pavement,pavement_065,P/UP/065-4.jpg,"[0, 0, 256, 256]",1.0,sdnet_tile,pavement
utuh/pavement_065-47.jpg,0,utuh,test_pave,pavement,pavement_065,P/UP/065-47.jpg,"[0, 0, 256, 256]",1.0,sdnet_tile,pavement
utuh/pavement_065-48.jpg,0,utuh,test_pave,pavement,pavement_065,P/UP/065-48.jpg,"[0, 0, 256, 256]",1.0,sdnet_tile,pavement
utuh/pavement_065-53.jpg,0,utuh,test_pave,pavement,pavement_065,P/UP/065-53.jpg,"[0, 0, 256, 256]",1.0,sdnet_tile,pavement
utuh/pavement_065-99.jpg,0,utuh,test_pave,pavement,pavement_065,P/UP/065-99.jpg,"[0, 0, 256, 256]",1.0,sdnet_tile,pavement
utuh/pavement_066-125.jpg,0,utuh,test_pave,pavement,pavement_066,P/UP/066-125.jpg,"[0, 0, 256, 256]",1.0,sdnet_tile,pavement
utuh/pavement_066-127.jpg,0,utuh,test_pave,pavement,pavement_066,P/UP/066-127.jpg,"[0, 0, 256, 256]",1.0,sdnet_tile,pavement
utuh/pavement_066-131.jpg,0,utuh,test_pave,pavement,pavement_066,P/UP/066-131.jpg,"[0, 0, 256, 256]",1.0,sdnet_tile,pavement
utuh/pavement_066-145.jpg,0,utuh,test_pave,pavement,pavement_066,P/UP/066-145.jpg,"[0, 0, 256, 256]",1.0,sdnet_tile,pavement
utuh/pavement_066-146.jpg,0,utuh,test_pave,pavement,pavement_066,P/UP/066-146.jpg,"[0, 0, 256, 256]",1.0,sdnet_tile,pavement
utuh/pavement_066-156.jpg,0,utuh,test_pave,pavement,pavement_066,P/UP/066-156.jpg,"[0, 0, 256, 256]",1.0,sdnet_tile,pavement
utuh/pavement_066-167.jpg,0,utuh,test_pave,pavement,pavement_066,P/UP/066-167.jpg,"[0, 0, 256, 256]",1.0,sdnet_tile,pavement
utuh/pavement_066-17.jpg,0,utuh,test_pave,pavement,pavement_066,P/UP/066-17.jpg,"[0, 0, 256, 256]",1.0,sdnet_tile,pavement
utuh/pavement_066-177.jpg,0,utuh,test_pave,pavement,pavement_066,P/UP/066-177.jpg,"[0, 0, 256, 256]",1.0,sdnet_tile,pavement
utuh/pavement_066-180.jpg,0,utuh,test_pave,pavement,pavement_066,P/UP/066-180.jpg,"[0, 0, 256, 256]",1.0,sdnet_tile,pavement
utuh/pavement_066-184.jpg,0,utuh,test_pave,pavement,pavement_066,P/UP/066-184.jpg,"[0, 0, 256, 256]",1.0,sdnet_tile,pavement
utuh/pavement_066-191.jpg,0,utuh,test_pave,pavement,pavement_066,P/UP/066-191.jpg,"[0, 0, 256, 256]",1.0,sdnet_tile,pavement
utuh/pavement_066-194.jpg,0,utuh,test_pave,pavement,pavement_066,P/UP/066-194.jpg,"[0, 0, 256, 256]",1.0,sdnet_tile,pavement
utuh/pavement_066-200.jpg,0,utuh,test_pave,pavement,pavement_066,P/UP/066-200.jpg,"[0, 0, 256, 256]",1.0,sdnet_tile,pavement
utuh/pavement_066-23.jpg,0,utuh,test_pave,pavement,pavement_066,P/UP/066-23.jpg,"[0, 0, 256, 256]",1.0,sdnet_tile,pavement
utuh/pavement_066-25.jpg,0,utuh,test_pave,pavement,pavement_066,P/UP/066-25.jpg,"[0, 0, 256, 256]",1.0,sdnet_tile,pavement
utuh/pavement_066-31.jpg,0,utuh,test_pave,pavement,pavement_066,P/UP/066-31.jpg,"[0, 0, 256, 256]",1.0,sdnet_tile,pavement
utuh/pavement_066-46.jpg,0,utuh,test_pave,pavement,pavement_066,P/UP/066-46.jpg,"[0, 0, 256, 256]",1.0,sdnet_tile,pavement
utuh/pavement_066-52.jpg,0,utuh,test_pave,pavement,pavement_066,P/UP/066-52.jpg,"[0, 0, 256, 256]",1.0,sdnet_tile,pavement
utuh/pavement_066-57.jpg,0,utuh,test_pave,pavement,pavement_066,P/UP/066-57.jpg,"[0, 0, 256, 256]",1.0,sdnet_tile,pavement
utuh/pavement_066-71.jpg,0,utuh,test_pave,pavement,pavement_066,P/UP/066-71.jpg,"[0, 0, 256, 256]",1.0,sdnet_tile,pavement
utuh/pavement_066-72.jpg,0,utuh,test_pave,pavement,pavement_066,P/UP/066-72.jpg,"[0, 0, 256, 256]",1.0,sdnet_tile,pavement
utuh/pavement_066-81.jpg,0,utuh,test_pave,pavement,pavement_066,P/UP/066-81.jpg,"[0, 0, 256, 256]",1.0,sdnet_tile,pavement
utuh/pavement_067-1.jpg,0,utuh,test_pave,pavement,pavement_067,P/UP/067-1.jpg,"[0, 0, 256, 256]",1.0,sdnet_tile,pavement
utuh/pavement_067-115.jpg,0,utuh,test_pave,pavement,pavement_067,P/UP/067-115.jpg,"[0, 0, 256, 256]",1.0,sdnet_tile,pavement
utuh/pavement_067-117.jpg,0,utuh,test_pave,pavement,pavement_067,P/UP/067-117.jpg,"[0, 0, 256, 256]",1.0,sdnet_tile,pavement
utuh/pavement_067-118.jpg,0,utuh,test_pave,pavement,pavement_067,P/UP/067-118.jpg,"[0, 0, 256, 256]",1.0,sdnet_tile,pavement
utuh/pavement_067-133.jpg,0,utuh,test_pave,pavement,pavement_067,P/UP/067-133.jpg,"[0, 0, 256, 256]",1.0,sdnet_tile,pavement
utuh/pavement_067-138.jpg,0,utuh,test_pave,pavement,pavement_067,P/UP/067-138.jpg,"[0, 0, 256, 256]",1.0,sdnet_tile,pavement
utuh/pavement_067-144.jpg,0,utuh,test_pave,pavement,pavement_067,P/UP/067-144.jpg,"[0, 0, 256, 256]",1.0,sdnet_tile,pavement
utuh/pavement_067-147.jpg,0,utuh,test_pave,pavement,pavement_067,P/UP/067-147.jpg,"[0, 0, 256, 256]",1.0,sdnet_tile,pavement
utuh/pavement_067-184.jpg,0,utuh,test_pave,pavement,pavement_067,P/UP/067-184.jpg,"[0, 0, 256, 256]",1.0,sdnet_tile,pavement
utuh/pavement_067-19.jpg,0,utuh,test_pave,pavement,pavement_067,P/UP/067-19.jpg,"[0, 0, 256, 256]",1.0,sdnet_tile,pavement
utuh/pavement_067-196.jpg,0,utuh,test_pave,pavement,pavement_067,P/UP/067-196.jpg,"[0, 0, 256, 256]",1.0,sdnet_tile,pavement
utuh/pavement_067-2.jpg,0,utuh,test_pave,pavement,pavement_067,P/UP/067-2.jpg,"[0, 0, 256, 256]",1.0,sdnet_tile,pavement
utuh/pavement_067-21.jpg,0,utuh,test_pave,pavement,pavement_067,P/UP/067-21.jpg,"[0, 0, 256, 256]",1.0,sdnet_tile,pavement
utuh/pavement_067-213.jpg,0,utuh,test_pave,pavement,pavement_067,P/UP/067-213.jpg,"[0, 0, 256, 256]",1.0,sdnet_tile,pavement
utuh/pavement_067-214.jpg,0,utuh,test_pave,pavement,pavement_067,P/UP/067-214.jpg,"[0, 0, 256, 256]",1.0,sdnet_tile,pavement
utuh/pavement_067-29.jpg,0,utuh,test_pave,pavement,pavement_067,P/UP/067-29.jpg,"[0, 0, 256, 256]",1.0,sdnet_tile,pavement
utuh/pavement_067-37.jpg,0,utuh,test_pave,pavement,pavement_067,P/UP/067-37.jpg,"[0, 0, 256, 256]",1.0,sdnet_tile,pavement
utuh/pavement_067-47.jpg,0,utuh,test_pave,pavement,pavement_067,P/UP/067-47.jpg,"[0, 0, 256, 256]",1.0,sdnet_tile,pavement
utuh/pavement_067-61.jpg,0,utuh,test_pave,pavement,pavement_067,P/UP/067-61.jpg,"[0, 0, 256, 256]",1.0,sdnet_tile,pavement
utuh/pavement_067-62.jpg,0,utuh,test_pave,pavement,pavement_067,P/UP/067-62.jpg,"[0, 0, 256, 256]",1.0,sdnet_tile,pavement
utuh/pavement_067-65.jpg,0,utuh,test_pave,pavement,pavement_067,P/UP/067-65.jpg,"[0, 0, 256, 256]",1.0,sdnet_tile,pavement
utuh/pavement_067-67.jpg,0,utuh,test_pave,pavement,pavement_067,P/UP/067-67.jpg,"[0, 0, 256, 256]",1.0,sdnet_tile,pavement
utuh/pavement_067-93.jpg,0,utuh,test_pave,pavement,pavement_067,P/UP/067-93.jpg,"[0, 0, 256, 256]",1.0,sdnet_tile,pavement
utuh/pavement_068-105.jpg,0,utuh,test_pave,pavement,pavement_068,P/UP/068-105.jpg,"[0, 0, 256, 256]",1.0,sdnet_tile,pavement
utuh/pavement_068-107.jpg,0,utuh,test_pave,pavement,pavement_068,P/UP/068-107.jpg,"[0, 0, 256, 256]",1.0,sdnet_tile,pavement
utuh/pavement_068-11.jpg,0,utuh,test_pave,pavement,pavement_068,P/UP/068-11.jpg,"[0, 0, 256, 256]",1.0,sdnet_tile,pavement
utuh/pavement_068-121.jpg,0,utuh,test_pave,pavement,pavement_068,P/UP/068-121.jpg,"[0, 0, 256, 256]",1.0,sdnet_tile,pavement
utuh/pavement_068-14.jpg,0,utuh,test_pave,pavement,pavement_068,P/UP/068-14.jpg,"[0, 0, 256, 256]",1.0,sdnet_tile,pavement
utuh/pavement_068-156.jpg,0,utuh,test_pave,pavement,pavement_068,P/UP/068-156.jpg,"[0, 0, 256, 256]",1.0,sdnet_tile,pavement
utuh/pavement_068-182.jpg,0,utuh,test_pave,pavement,pavement_068,P/UP/068-182.jpg,"[0, 0, 256, 256]",1.0,sdnet_tile,pavement
utuh/pavement_068-183.jpg,0,utuh,test_pave,pavement,pavement_068,P/UP/068-183.jpg,"[0, 0, 256, 256]",1.0,sdnet_tile,pavement
utuh/pavement_068-192.jpg,0,utuh,test_pave,pavement,pavement_068,P/UP/068-192.jpg,"[0, 0, 256, 256]",1.0,sdnet_tile,pavement
utuh/pavement_068-212.jpg,0,utuh,test_pave,pavement,pavement_068,P/UP/068-212.jpg,"[0, 0, 256, 256]",1.0,sdnet_tile,pavement
utuh/pavement_068-217.jpg,0,utuh,test_pave,pavement,pavement_068,P/UP/068-217.jpg,"[0, 0, 256, 256]",1.0,sdnet_tile,pavement
utuh/pavement_068-227.jpg,0,utuh,test_pave,pavement,pavement_068,P/UP/068-227.jpg,"[0, 0, 256, 256]",1.0,sdnet_tile,pavement
utuh/pavement_068-26.jpg,0,utuh,test_pave,pavement,pavement_068,P/UP/068-26.jpg,"[0, 0, 256, 256]",1.0,sdnet_tile,pavement
utuh/pavement_068-27.jpg,0,utuh,test_pave,pavement,pavement_068,P/UP/068-27.jpg,"[0, 0, 256, 256]",1.0,sdnet_tile,pavement
utuh/pavement_068-31.jpg,0,utuh,test_pave,pavement,pavement_068,P/UP/068-31.jpg,"[0, 0, 256, 256]",1.0,sdnet_tile,pavement
utuh/pavement_068-46.jpg,0,utuh,test_pave,pavement,pavement_068,P/UP/068-46.jpg,"[0, 0, 256, 256]",1.0,sdnet_tile,pavement
utuh/pavement_068-51.jpg,0,utuh,test_pave,pavement,pavement_068,P/UP/068-51.jpg,"[0, 0, 256, 256]",1.0,sdnet_tile,pavement
utuh/pavement_068-59.jpg,0,utuh,test_pave,pavement,pavement_068,P/UP/068-59.jpg,"[0, 0, 256, 256]",1.0,sdnet_tile,pavement
utuh/pavement_068-64.jpg,0,utuh,test_pave,pavement,pavement_068,P/UP/068-64.jpg,"[0, 0, 256, 256]",1.0,sdnet_tile,pavement
utuh/pavement_068-65.jpg,0,utuh,test_pave,pavement,pavement_068,P/UP/068-65.jpg,"[0, 0, 256, 256]",1.0,sdnet_tile,pavement
utuh/pavement_068-74.jpg,0,utuh,test_pave,pavement,pavement_068,P/UP/068-74.jpg,"[0, 0, 256, 256]",1.0,sdnet_tile,pavement
utuh/pavement_068-82.jpg,0,utuh,test_pave,pavement,pavement_068,P/UP/068-82.jpg,"[0, 0, 256, 256]",1.0,sdnet_tile,pavement
utuh/pavement_068-9.jpg,0,utuh,test_pave,pavement,pavement_068,P/UP/068-9.jpg,"[0, 0, 256, 256]",1.0,sdnet_tile,pavement
utuh/pavement_069-100.jpg,0,utuh,test_pave,pavement,pavement_069,P/UP/069-100.jpg,"[0, 0, 256, 256]",1.0,sdnet_tile,pavement
utuh/pavement_069-104.jpg,0,utuh,test_pave,pavement,pavement_069,P/UP/069-104.jpg,"[0, 0, 256, 256]",1.0,sdnet_tile,pavement
utuh/pavement_069-112.jpg,0,utuh,test_pave,pavement,pavement_069,P/UP/069-112.jpg,"[0, 0, 256, 256]",1.0,sdnet_tile,pavement
utuh/pavement_069-138.jpg,0,utuh,test_pave,pavement,pavement_069,P/UP/069-138.jpg,"[0, 0, 256, 256]",1.0,sdnet_tile,pavement
utuh/pavement_069-146.jpg,0,utuh,test_pave,pavement,pavement_069,P/UP/069-146.jpg,"[0, 0, 256, 256]",1.0,sdnet_tile,pavement
utuh/pavement_069-169.jpg,0,utuh,test_pave,pavement,pavement_069,P/UP/069-169.jpg,"[0, 0, 256, 256]",1.0,sdnet_tile,pavement
utuh/pavement_069-175.jpg,0,utuh,test_pave,pavement,pavement_069,P/UP/069-175.jpg,"[0, 0, 256, 256]",1.0,sdnet_tile,pavement
utuh/pavement_069-180.jpg,0,utuh,test_pave,pavement,pavement_069,P/UP/069-180.jpg,"[0, 0, 256, 256]",1.0,sdnet_tile,pavement
utuh/pavement_069-189.jpg,0,utuh,test_pave,pavement,pavement_069,P/UP/069-189.jpg,"[0, 0, 256, 256]",1.0,sdnet_tile,pavement
utuh/pavement_069-190.jpg,0,utuh,test_pave,pavement,pavement_069,P/UP/069-190.jpg,"[0, 0, 256, 256]",1.0,sdnet_tile,pavement
utuh/pavement_069-196.jpg,0,utuh,test_pave,pavement,pavement_069,P/UP/069-196.jpg,"[0, 0, 256, 256]",1.0,sdnet_tile,pavement
utuh/pavement_069-197.jpg,0,utuh,test_pave,pavement,pavement_069,P/UP/069-197.jpg,"[0, 0, 256, 256]",1.0,sdnet_tile,pavement
utuh/pavement_069-2.jpg,0,utuh,test_pave,pavement,pavement_069,P/UP/069-2.jpg,"[0, 0, 256, 256]",1.0,sdnet_tile,pavement
utuh/pavement_069-202.jpg,0,utuh,test_pave,pavement,pavement_069,P/UP/069-202.jpg,"[0, 0, 256, 256]",1.0,sdnet_tile,pavement
utuh/pavement_069-217.jpg,0,utuh,test_pave,pavement,pavement_069,P/UP/069-217.jpg,"[0, 0, 256, 256]",1.0,sdnet_tile,pavement
utuh/pavement_069-230.jpg,0,utuh,test_pave,pavement,pavement_069,P/UP/069-230.jpg,"[0, 0, 256, 256]",1.0,sdnet_tile,pavement
utuh/pavement_069-34.jpg,0,utuh,test_pave,pavement,pavement_069,P/UP/069-34.jpg,"[0, 0, 256, 256]",1.0,sdnet_tile,pavement
utuh/pavement_069-40.jpg,0,utuh,test_pave,pavement,pavement_069,P/UP/069-40.jpg,"[0, 0, 256, 256]",1.0,sdnet_tile,pavement
utuh/pavement_069-54.jpg,0,utuh,test_pave,pavement,pavement_069,P/UP/069-54.jpg,"[0, 0, 256, 256]",1.0,sdnet_tile,pavement
utuh/pavement_069-78.jpg,0,utuh,test_pave,pavement,pavement_069,P/UP/069-78.jpg,"[0, 0, 256, 256]",1.0,sdnet_tile,pavement
utuh/pavement_069-79.jpg,0,utuh,test_pave,pavement,pavement_069,P/UP/069-79.jpg,"[0, 0, 256, 256]",1.0,sdnet_tile,pavement
utuh/pavement_069-8.jpg,0,utuh,test_pave,pavement,pavement_069,P/UP/069-8.jpg,"[0, 0, 256, 256]",1.0,sdnet_tile,pavement
utuh/pavement_069-81.jpg,0,utuh,test_pave,pavement,pavement_069,P/UP/069-81.jpg,"[0, 0, 256, 256]",1.0,sdnet_tile,pavement
utuh/pavement_070-126.jpg,0,utuh,test_pave,pavement,pavement_070,P/UP/070-126.jpg,"[0, 0, 256, 256]",1.0,sdnet_tile,pavement
utuh/pavement_070-137.jpg,0,utuh,test_pave,pavement,pavement_070,P/UP/070-137.jpg,"[0, 0, 256, 256]",1.0,sdnet_tile,pavement
utuh/pavement_070-142.jpg,0,utuh,test_pave,pavement,pavement_070,P/UP/070-142.jpg,"[0, 0, 256, 256]",1.0,sdnet_tile,pavement
utuh/pavement_070-143.jpg,0,utuh,test_pave,pavement,pavement_070,P/UP/070-143.jpg,"[0, 0, 256, 256]",1.0,sdnet_tile,pavement
utuh/pavement_070-153.jpg,0,utuh,test_pave,pavement,pavement_070,P/UP/070-153.jpg,"[0, 0, 256, 256]",1.0,sdnet_tile,pavement
utuh/pavement_070-176.jpg,0,utuh,test_pave,pavement,pavement_070,P/UP/070-176.jpg,"[0, 0, 256, 256]",1.0,sdnet_tile,pavement
utuh/pavement_070-195.jpg,0,utuh,test_pave,pavement,pavement_070,P/UP/070-195.jpg,"[0, 0, 256, 256]",1.0,sdnet_tile,pavement
utuh/pavement_070-20.jpg,0,utuh,test_pave,pavement,pavement_070,P/UP/070-20.jpg,"[0, 0, 256, 256]",1.0,sdnet_tile,pavement
utuh/pavement_070-201.jpg,0,utuh,test_pave,pavement,pavement_070,P/UP/070-201.jpg,"[0, 0, 256, 256]",1.0,sdnet_tile,pavement
utuh/pavement_070-202.jpg,0,utuh,test_pave,pavement,pavement_070,P/UP/070-202.jpg,"[0, 0, 256, 256]",1.0,sdnet_tile,pavement
utuh/pavement_070-211.jpg,0,utuh,test_pave,pavement,pavement_070,P/UP/070-211.jpg,"[0, 0, 256, 256]",1.0,sdnet_tile,pavement
utuh/pavement_070-212.jpg,0,utuh,test_pave,pavement,pavement_070,P/UP/070-212.jpg,"[0, 0, 256, 256]",1.0,sdnet_tile,pavement
utuh/pavement_070-229.jpg,0,utuh,test_pave,pavement,pavement_070,P/UP/070-229.jpg,"[0, 0, 256, 256]",1.0,sdnet_tile,pavement
utuh/pavement_070-232.jpg,0,utuh,test_pave,pavement,pavement_070,P/UP/070-232.jpg,"[0, 0, 256, 256]",1.0,sdnet_tile,pavement
utuh/pavement_070-34.jpg,0,utuh,test_pave,pavement,pavement_070,P/UP/070-34.jpg,"[0, 0, 256, 256]",1.0,sdnet_tile,pavement
utuh/pavement_070-36.jpg,0,utuh,test_pave,pavement,pavement_070,P/UP/070-36.jpg,"[0, 0, 256, 256]",1.0,sdnet_tile,pavement
utuh/pavement_070-39.jpg,0,utuh,test_pave,pavement,pavement_070,P/UP/070-39.jpg,"[0, 0, 256, 256]",1.0,sdnet_tile,pavement
utuh/pavement_070-50.jpg,0,utuh,test_pave,pavement,pavement_070,P/UP/070-50.jpg,"[0, 0, 256, 256]",1.0,sdnet_tile,pavement
utuh/pavement_070-53.jpg,0,utuh,test_pave,pavement,pavement_070,P/UP/070-53.jpg,"[0, 0, 256, 256]",1.0,sdnet_tile,pavement
utuh/pavement_070-6.jpg,0,utuh,test_pave,pavement,pavement_070,P/UP/070-6.jpg,"[0, 0, 256, 256]",1.0,sdnet_tile,pavement
utuh/pavement_070-92.jpg,0,utuh,test_pave,pavement,pavement_070,P/UP/070-92.jpg,"[0, 0, 256, 256]",1.0,sdnet_tile,pavement
utuh/pavement_070-95.jpg,0,utuh,test_pave,pavement,pavement_070,P/UP/070-95.jpg,"[0, 0, 256, 256]",1.0,sdnet_tile,pavement
utuh/pavement_070-99.jpg,0,utuh,test_pave,pavement,pavement_070,P/UP/070-99.jpg,"[0, 0, 256, 256]",1.0,sdnet_tile,pavement
utuh/pavement_071-1.jpg,0,utuh,test_pave,pavement,pavement_071,P/UP/071-1.jpg,"[0, 0, 256, 256]",1.0,sdnet_tile,pavement
utuh/pavement_071-104.jpg,0,utuh,test_pave,pavement,pavement_071,P/UP/071-104.jpg,"[0, 0, 256, 256]",1.0,sdnet_tile,pavement
utuh/pavement_071-12.jpg,0,utuh,test_pave,pavement,pavement_071,P/UP/071-12.jpg,"[0, 0, 256, 256]",1.0,sdnet_tile,pavement
utuh/pavement_071-126.jpg,0,utuh,test_pave,pavement,pavement_071,P/UP/071-126.jpg,"[0, 0, 256, 256]",1.0,sdnet_tile,pavement
utuh/pavement_071-137.jpg,0,utuh,test_pave,pavement,pavement_071,P/UP/071-137.jpg,"[0, 0, 256, 256]",1.0,sdnet_tile,pavement
utuh/pavement_071-142.jpg,0,utuh,test_pave,pavement,pavement_071,P/UP/071-142.jpg,"[0, 0, 256, 256]",1.0,sdnet_tile,pavement
utuh/pavement_071-146.jpg,0,utuh,test_pave,pavement,pavement_071,P/UP/071-146.jpg,"[0, 0, 256, 256]",1.0,sdnet_tile,pavement
utuh/pavement_071-149.jpg,0,utuh,test_pave,pavement,pavement_071,P/UP/071-149.jpg,"[0, 0, 256, 256]",1.0,sdnet_tile,pavement
utuh/pavement_071-159.jpg,0,utuh,test_pave,pavement,pavement_071,P/UP/071-159.jpg,"[0, 0, 256, 256]",1.0,sdnet_tile,pavement
utuh/pavement_071-181.jpg,0,utuh,test_pave,pavement,pavement_071,P/UP/071-181.jpg,"[0, 0, 256, 256]",1.0,sdnet_tile,pavement
utuh/pavement_071-184.jpg,0,utuh,test_pave,pavement,pavement_071,P/UP/071-184.jpg,"[0, 0, 256, 256]",1.0,sdnet_tile,pavement
utuh/pavement_071-185.jpg,0,utuh,test_pave,pavement,pavement_071,P/UP/071-185.jpg,"[0, 0, 256, 256]",1.0,sdnet_tile,pavement
utuh/pavement_071-196.jpg,0,utuh,test_pave,pavement,pavement_071,P/UP/071-196.jpg,"[0, 0, 256, 256]",1.0,sdnet_tile,pavement
utuh/pavement_071-206.jpg,0,utuh,test_pave,pavement,pavement_071,P/UP/071-206.jpg,"[0, 0, 256, 256]",1.0,sdnet_tile,pavement
utuh/pavement_071-220.jpg,0,utuh,test_pave,pavement,pavement_071,P/UP/071-220.jpg,"[0, 0, 256, 256]",1.0,sdnet_tile,pavement
utuh/pavement_071-222.jpg,0,utuh,test_pave,pavement,pavement_071,P/UP/071-222.jpg,"[0, 0, 256, 256]",1.0,sdnet_tile,pavement
utuh/pavement_071-230.jpg,0,utuh,test_pave,pavement,pavement_071,P/UP/071-230.jpg,"[0, 0, 256, 256]",1.0,sdnet_tile,pavement
utuh/pavement_071-232.jpg,0,utuh,test_pave,pavement,pavement_071,P/UP/071-232.jpg,"[0, 0, 256, 256]",1.0,sdnet_tile,pavement
utuh/pavement_071-26.jpg,0,utuh,test_pave,pavement,pavement_071,P/UP/071-26.jpg,"[0, 0, 256, 256]",1.0,sdnet_tile,pavement
utuh/pavement_071-32.jpg,0,utuh,test_pave,pavement,pavement_071,P/UP/071-32.jpg,"[0, 0, 256, 256]",1.0,sdnet_tile,pavement
utuh/pavement_071-49.jpg,0,utuh,test_pave,pavement,pavement_071,P/UP/071-49.jpg,"[0, 0, 256, 256]",1.0,sdnet_tile,pavement
utuh/pavement_071-93.jpg,0,utuh,test_pave,pavement,pavement_071,P/UP/071-93.jpg,"[0, 0, 256, 256]",1.0,sdnet_tile,pavement
utuh/pavement_071-94.jpg,0,utuh,test_pave,pavement,pavement_071,P/UP/071-94.jpg,"[0, 0, 256, 256]",1.0,sdnet_tile,pavement
utuh/pavement_072-109.jpg,0,utuh,test_pave,pavement,pavement_072,P/UP/072-109.jpg,"[0, 0, 256, 256]",1.0,sdnet_tile,pavement
utuh/pavement_072-129.jpg,0,utuh,test_pave,pavement,pavement_072,P/UP/072-129.jpg,"[0, 0, 256, 256]",1.0,sdnet_tile,pavement
utuh/pavement_072-13.jpg,0,utuh,test_pave,pavement,pavement_072,P/UP/072-13.jpg,"[0, 0, 256, 256]",1.0,sdnet_tile,pavement
utuh/pavement_072-131.jpg,0,utuh,test_pave,pavement,pavement_072,P/UP/072-131.jpg,"[0, 0, 256, 256]",1.0,sdnet_tile,pavement
utuh/pavement_072-133.jpg,0,utuh,test_pave,pavement,pavement_072,P/UP/072-133.jpg,"[0, 0, 256, 256]",1.0,sdnet_tile,pavement
utuh/pavement_072-136.jpg,0,utuh,test_pave,pavement,pavement_072,P/UP/072-136.jpg,"[0, 0, 256, 256]",1.0,sdnet_tile,pavement
utuh/pavement_072-144.jpg,0,utuh,test_pave,pavement,pavement_072,P/UP/072-144.jpg,"[0, 0, 256, 256]",1.0,sdnet_tile,pavement
utuh/pavement_072-148.jpg,0,utuh,test_pave,pavement,pavement_072,P/UP/072-148.jpg,"[0, 0, 256, 256]",1.0,sdnet_tile,pavement
utuh/pavement_072-155.jpg,0,utuh,test_pave,pavement,pavement_072,P/UP/072-155.jpg,"[0, 0, 256, 256]",1.0,sdnet_tile,pavement
utuh/pavement_072-167.jpg,0,utuh,test_pave,pavement,pavement_072,P/UP/072-167.jpg,"[0, 0, 256, 256]",1.0,sdnet_tile,pavement
utuh/pavement_072-175.jpg,0,utuh,test_pave,pavement,pavement_072,P/UP/072-175.jpg,"[0, 0, 256, 256]",1.0,sdnet_tile,pavement
utuh/pavement_072-187.jpg,0,utuh,test_pave,pavement,pavement_072,P/UP/072-187.jpg,"[0, 0, 256, 256]",1.0,sdnet_tile,pavement
utuh/pavement_072-189.jpg,0,utuh,test_pave,pavement,pavement_072,P/UP/072-189.jpg,"[0, 0, 256, 256]",1.0,sdnet_tile,pavement
utuh/pavement_072-207.jpg,0,utuh,test_pave,pavement,pavement_072,P/UP/072-207.jpg,"[0, 0, 256, 256]",1.0,sdnet_tile,pavement
utuh/pavement_072-212.jpg,0,utuh,test_pave,pavement,pavement_072,P/UP/072-212.jpg,"[0, 0, 256, 256]",1.0,sdnet_tile,pavement
utuh/pavement_072-225.jpg,0,utuh,test_pave,pavement,pavement_072,P/UP/072-225.jpg,"[0, 0, 256, 256]",1.0,sdnet_tile,pavement
utuh/pavement_072-229.jpg,0,utuh,test_pave,pavement,pavement_072,P/UP/072-229.jpg,"[0, 0, 256, 256]",1.0,sdnet_tile,pavement
utuh/pavement_072-53.jpg,0,utuh,test_pave,pavement,pavement_072,P/UP/072-53.jpg,"[0, 0, 256, 256]",1.0,sdnet_tile,pavement
utuh/pavement_072-54.jpg,0,utuh,test_pave,pavement,pavement_072,P/UP/072-54.jpg,"[0, 0, 256, 256]",1.0,sdnet_tile,pavement
utuh/pavement_072-64.jpg,0,utuh,test_pave,pavement,pavement_072,P/UP/072-64.jpg,"[0, 0, 256, 256]",1.0,sdnet_tile,pavement
utuh/pavement_072-67.jpg,0,utuh,test_pave,pavement,pavement_072,P/UP/072-67.jpg,"[0, 0, 256, 256]",1.0,sdnet_tile,pavement
utuh/pavement_072-71.jpg,0,utuh,test_pave,pavement,pavement_072,P/UP/072-71.jpg,"[0, 0, 256, 256]",1.0,sdnet_tile,pavement
utuh/pavement_072-88.jpg,0,utuh,test_pave,pavement,pavement_072,P/UP/072-88.jpg,"[0, 0, 256, 256]",1.0,sdnet_tile,pavement
utuh/pavement_073-1.jpg,0,utuh,test_pave,pavement,pavement_073,P/UP/073-1.jpg,"[0, 0, 256, 256]",1.0,sdnet_tile,pavement
utuh/pavement_073-100.jpg,0,utuh,test_pave,pavement,pavement_073,P/UP/073-100.jpg,"[0, 0, 256, 256]",1.0,sdnet_tile,pavement
utuh/pavement_073-104.jpg,0,utuh,test_pave,pavement,pavement_073,P/UP/073-104.jpg,"[0, 0, 256, 256]",1.0,sdnet_tile,pavement
utuh/pavement_073-110.jpg,0,utuh,test_pave,pavement,pavement_073,P/UP/073-110.jpg,"[0, 0, 256, 256]",1.0,sdnet_tile,pavement
utuh/pavement_073-126.jpg,0,utuh,test_pave,pavement,pavement_073,P/UP/073-126.jpg,"[0, 0, 256, 256]",1.0,sdnet_tile,pavement
utuh/pavement_073-131.jpg,0,utuh,test_pave,pavement,pavement_073,P/UP/073-131.jpg,"[0, 0, 256, 256]",1.0,sdnet_tile,pavement
utuh/pavement_073-133.jpg,0,utuh,test_pave,pavement,pavement_073,P/UP/073-133.jpg,"[0, 0, 256, 256]",1.0,sdnet_tile,pavement
utuh/pavement_073-148.jpg,0,utuh,test_pave,pavement,pavement_073,P/UP/073-148.jpg,"[0, 0, 256, 256]",1.0,sdnet_tile,pavement
utuh/pavement_073-16.jpg,0,utuh,test_pave,pavement,pavement_073,P/UP/073-16.jpg,"[0, 0, 256, 256]",1.0,sdnet_tile,pavement
utuh/pavement_073-164.jpg,0,utuh,test_pave,pavement,pavement_073,P/UP/073-164.jpg,"[0, 0, 256, 256]",1.0,sdnet_tile,pavement
utuh/pavement_073-17.jpg,0,utuh,test_pave,pavement,pavement_073,P/UP/073-17.jpg,"[0, 0, 256, 256]",1.0,sdnet_tile,pavement
utuh/pavement_073-179.jpg,0,utuh,test_pave,pavement,pavement_073,P/UP/073-179.jpg,"[0, 0, 256, 256]",1.0,sdnet_tile,pavement
utuh/pavement_073-189.jpg,0,utuh,test_pave,pavement,pavement_073,P/UP/073-189.jpg,"[0, 0, 256, 256]",1.0,sdnet_tile,pavement
utuh/pavement_073-201.jpg,0,utuh,test_pave,pavement,pavement_073,P/UP/073-201.jpg,"[0, 0, 256, 256]",1.0,sdnet_tile,pavement
utuh/pavement_073-209.jpg,0,utuh,test_pave,pavement,pavement_073,P/UP/073-209.jpg,"[0, 0, 256, 256]",1.0,sdnet_tile,pavement
utuh/pavement_073-212.jpg,0,utuh,test_pave,pavement,pavement_073,P/UP/073-212.jpg,"[0, 0, 256, 256]",1.0,sdnet_tile,pavement
utuh/pavement_073-219.jpg,0,utuh,test_pave,pavement,pavement_073,P/UP/073-219.jpg,"[0, 0, 256, 256]",1.0,sdnet_tile,pavement
utuh/pavement_073-26.jpg,0,utuh,test_pave,pavement,pavement_073,P/UP/073-26.jpg,"[0, 0, 256, 256]",1.0,sdnet_tile,pavement
utuh/pavement_073-28.jpg,0,utuh,test_pave,pavement,pavement_073,P/UP/073-28.jpg,"[0, 0, 256, 256]",1.0,sdnet_tile,pavement
utuh/pavement_073-7.jpg,0,utuh,test_pave,pavement,pavement_073,P/UP/073-7.jpg,"[0, 0, 256, 256]",1.0,sdnet_tile,pavement
utuh/pavement_073-80.jpg,0,utuh,test_pave,pavement,pavement_073,P/UP/073-80.jpg,"[0, 0, 256, 256]",1.0,sdnet_tile,pavement
utuh/pavement_073-85.jpg,0,utuh,test_pave,pavement,pavement_073,P/UP/073-85.jpg,"[0, 0, 256, 256]",1.0,sdnet_tile,pavement
utuh/pavement_073-9.jpg,0,utuh,test_pave,pavement,pavement_073,P/UP/073-9.jpg,"[0, 0, 256, 256]",1.0,sdnet_tile,pavement
utuh/pavement_074-121.jpg,0,utuh,test_pave,pavement,pavement_074,P/UP/074-121.jpg,"[0, 0, 256, 256]",1.0,sdnet_tile,pavement
utuh/pavement_074-139.jpg,0,utuh,test_pave,pavement,pavement_074,P/UP/074-139.jpg,"[0, 0, 256, 256]",1.0,sdnet_tile,pavement
utuh/pavement_074-141.jpg,0,utuh,test_pave,pavement,pavement_074,P/UP/074-141.jpg,"[0, 0, 256, 256]",1.0,sdnet_tile,pavement
utuh/pavement_074-152.jpg,0,utuh,test_pave,pavement,pavement_074,P/UP/074-152.jpg,"[0, 0, 256, 256]",1.0,sdnet_tile,pavement
utuh/pavement_074-157.jpg,0,utuh,test_pave,pavement,pavement_074,P/UP/074-157.jpg,"[0, 0, 256, 256]",1.0,sdnet_tile,pavement
utuh/pavement_074-158.jpg,0,utuh,test_pave,pavement,pavement_074,P/UP/074-158.jpg,"[0, 0, 256, 256]",1.0,sdnet_tile,pavement
utuh/pavement_074-160.jpg,0,utuh,test_pave,pavement,pavement_074,P/UP/074-160.jpg,"[0, 0, 256, 256]",1.0,sdnet_tile,pavement
utuh/pavement_074-166.jpg,0,utuh,test_pave,pavement,pavement_074,P/UP/074-166.jpg,"[0, 0, 256, 256]",1.0,sdnet_tile,pavement
utuh/pavement_074-173.jpg,0,utuh,test_pave,pavement,pavement_074,P/UP/074-173.jpg,"[0, 0, 256, 256]",1.0,sdnet_tile,pavement
utuh/pavement_074-180.jpg,0,utuh,test_pave,pavement,pavement_074,P/UP/074-180.jpg,"[0, 0, 256, 256]",1.0,sdnet_tile,pavement
utuh/pavement_074-195.jpg,0,utuh,test_pave,pavement,pavement_074,P/UP/074-195.jpg,"[0, 0, 256, 256]",1.0,sdnet_tile,pavement
utuh/pavement_074-2.jpg,0,utuh,test_pave,pavement,pavement_074,P/UP/074-2.jpg,"[0, 0, 256, 256]",1.0,sdnet_tile,pavement
utuh/pavement_074-214.jpg,0,utuh,test_pave,pavement,pavement_074,P/UP/074-214.jpg,"[0, 0, 256, 256]",1.0,sdnet_tile,pavement
utuh/pavement_074-216.jpg,0,utuh,test_pave,pavement,pavement_074,P/UP/074-216.jpg,"[0, 0, 256, 256]",1.0,sdnet_tile,pavement
utuh/pavement_074-22.jpg,0,utuh,test_pave,pavement,pavement_074,P/UP/074-22.jpg,"[0, 0, 256, 256]",1.0,sdnet_tile,pavement
utuh/pavement_074-220.jpg,0,utuh,test_pave,pavement,pavement_074,P/UP/074-220.jpg,"[0, 0, 256, 256]",1.0,sdnet_tile,pavement
utuh/pavement_074-227.jpg,0,utuh,test_pave,pavement,pavement_074,P/UP/074-227.jpg,"[0, 0, 256, 256]",1.0,sdnet_tile,pavement
utuh/pavement_074-28.jpg,0,utuh,test_pave,pavement,pavement_074,P/UP/074-28.jpg,"[0, 0, 256, 256]",1.0,sdnet_tile,pavement
utuh/pavement_074-42.jpg,0,utuh,test_pave,pavement,pavement_074,P/UP/074-42.jpg,"[0, 0, 256, 256]",1.0,sdnet_tile,pavement
utuh/pavement_074-55.jpg,0,utuh,test_pave,pavement,pavement_074,P/UP/074-55.jpg,"[0, 0, 256, 256]",1.0,sdnet_tile,pavement
utuh/pavement_074-70.jpg,0,utuh,test_pave,pavement,pavement_074,P/UP/074-70.jpg,"[0, 0, 256, 256]",1.0,sdnet_tile,pavement
utuh/pavement_074-89.jpg,0,utuh,test_pave,pavement,pavement_074,P/UP/074-89.jpg,"[0, 0, 256, 256]",1.0,sdnet_tile,pavement
utuh/pavement_074-93.jpg,0,utuh,test_pave,pavement,pavement_074,P/UP/074-93.jpg,"[0, 0, 256, 256]",1.0,sdnet_tile,pavement
utuh/pavement_075-108.jpg,0,utuh,test_pave,pavement,pavement_075,P/UP/075-108.jpg,"[0, 0, 256, 256]",1.0,sdnet_tile,pavement
utuh/pavement_075-136.jpg,0,utuh,test_pave,pavement,pavement_075,P/UP/075-136.jpg,"[0, 0, 256, 256]",1.0,sdnet_tile,pavement
utuh/pavement_075-152.jpg,0,utuh,test_pave,pavement,pavement_075,P/UP/075-152.jpg,"[0, 0, 256, 256]",1.0,sdnet_tile,pavement
utuh/pavement_075-167.jpg,0,utuh,test_pave,pavement,pavement_075,P/UP/075-167.jpg,"[0, 0, 256, 256]",1.0,sdnet_tile,pavement
utuh/pavement_075-176.jpg,0,utuh,test_pave,pavement,pavement_075,P/UP/075-176.jpg,"[0, 0, 256, 256]",1.0,sdnet_tile,pavement
utuh/pavement_075-179.jpg,0,utuh,test_pave,pavement,pavement_075,P/UP/075-179.jpg,"[0, 0, 256, 256]",1.0,sdnet_tile,pavement
utuh/pavement_075-181.jpg,0,utuh,test_pave,pavement,pavement_075,P/UP/075-181.jpg,"[0, 0, 256, 256]",1.0,sdnet_tile,pavement
utuh/pavement_075-19.jpg,0,utuh,test_pave,pavement,pavement_075,P/UP/075-19.jpg,"[0, 0, 256, 256]",1.0,sdnet_tile,pavement
utuh/pavement_075-202.jpg,0,utuh,test_pave,pavement,pavement_075,P/UP/075-202.jpg,"[0, 0, 256, 256]",1.0,sdnet_tile,pavement
utuh/pavement_075-212.jpg,0,utuh,test_pave,pavement,pavement_075,P/UP/075-212.jpg,"[0, 0, 256, 256]",1.0,sdnet_tile,pavement
utuh/pavement_075-215.jpg,0,utuh,test_pave,pavement,pavement_075,P/UP/075-215.jpg,"[0, 0, 256, 256]",1.0,sdnet_tile,pavement
utuh/pavement_075-222.jpg,0,utuh,test_pave,pavement,pavement_075,P/UP/075-222.jpg,"[0, 0, 256, 256]",1.0,sdnet_tile,pavement
utuh/pavement_075-224.jpg,0,utuh,test_pave,pavement,pavement_075,P/UP/075-224.jpg,"[0, 0, 256, 256]",1.0,sdnet_tile,pavement
utuh/pavement_075-32.jpg,0,utuh,test_pave,pavement,pavement_075,P/UP/075-32.jpg,"[0, 0, 256, 256]",1.0,sdnet_tile,pavement
utuh/pavement_075-40.jpg,0,utuh,test_pave,pavement,pavement_075,P/UP/075-40.jpg,"[0, 0, 256, 256]",1.0,sdnet_tile,pavement
utuh/pavement_075-42.jpg,0,utuh,test_pave,pavement,pavement_075,P/UP/075-42.jpg,"[0, 0, 256, 256]",1.0,sdnet_tile,pavement
utuh/pavement_075-44.jpg,0,utuh,test_pave,pavement,pavement_075,P/UP/075-44.jpg,"[0, 0, 256, 256]",1.0,sdnet_tile,pavement
utuh/pavement_075-51.jpg,0,utuh,test_pave,pavement,pavement_075,P/UP/075-51.jpg,"[0, 0, 256, 256]",1.0,sdnet_tile,pavement
utuh/pavement_075-6.jpg,0,utuh,test_pave,pavement,pavement_075,P/UP/075-6.jpg,"[0, 0, 256, 256]",1.0,sdnet_tile,pavement
utuh/pavement_075-65.jpg,0,utuh,test_pave,pavement,pavement_075,P/UP/075-65.jpg,"[0, 0, 256, 256]",1.0,sdnet_tile,pavement
utuh/pavement_075-7.jpg,0,utuh,test_pave,pavement,pavement_075,P/UP/075-7.jpg,"[0, 0, 256, 256]",1.0,sdnet_tile,pavement
utuh/pavement_075-84.jpg,0,utuh,test_pave,pavement,pavement_075,P/UP/075-84.jpg,"[0, 0, 256, 256]",1.0,sdnet_tile,pavement
utuh/pavement_075-9.jpg,0,utuh,test_pave,pavement,pavement_075,P/UP/075-9.jpg,"[0, 0, 256, 256]",1.0,sdnet_tile,pavement
utuh/pavement_076-104.jpg,0,utuh,test_pave,pavement,pavement_076,P/UP/076-104.jpg,"[0, 0, 256, 256]",1.0,sdnet_tile,pavement
utuh/pavement_076-107.jpg,0,utuh,test_pave,pavement,pavement_076,P/UP/076-107.jpg,"[0, 0, 256, 256]",1.0,sdnet_tile,pavement
utuh/pavement_076-108.jpg,0,utuh,test_pave,pavement,pavement_076,P/UP/076-108.jpg,"[0, 0, 256, 256]",1.0,sdnet_tile,pavement
utuh/pavement_076-121.jpg,0,utuh,test_pave,pavement,pavement_076,P/UP/076-121.jpg,"[0, 0, 256, 256]",1.0,sdnet_tile,pavement
utuh/pavement_076-122.jpg,0,utuh,test_pave,pavement,pavement_076,P/UP/076-122.jpg,"[0, 0, 256, 256]",1.0,sdnet_tile,pavement
utuh/pavement_076-171.jpg,0,utuh,test_pave,pavement,pavement_076,P/UP/076-171.jpg,"[0, 0, 256, 256]",1.0,sdnet_tile,pavement
utuh/pavement_076-175.jpg,0,utuh,test_pave,pavement,pavement_076,P/UP/076-175.jpg,"[0, 0, 256, 256]",1.0,sdnet_tile,pavement
utuh/pavement_076-184.jpg,0,utuh,test_pave,pavement,pavement_076,P/UP/076-184.jpg,"[0, 0, 256, 256]",1.0,sdnet_tile,pavement
utuh/pavement_076-186.jpg,0,utuh,test_pave,pavement,pavement_076,P/UP/076-186.jpg,"[0, 0, 256, 256]",1.0,sdnet_tile,pavement
utuh/pavement_076-202.jpg,0,utuh,test_pave,pavement,pavement_076,P/UP/076-202.jpg,"[0, 0, 256, 256]",1.0,sdnet_tile,pavement
utuh/pavement_076-221.jpg,0,utuh,test_pave,pavement,pavement_076,P/UP/076-221.jpg,"[0, 0, 256, 256]",1.0,sdnet_tile,pavement
utuh/pavement_076-226.jpg,0,utuh,test_pave,pavement,pavement_076,P/UP/076-226.jpg,"[0, 0, 256, 256]",1.0,sdnet_tile,pavement
utuh/pavement_076-227.jpg,0,utuh,test_pave,pavement,pavement_076,P/UP/076-227.jpg,"[0, 0, 256, 256]",1.0,sdnet_tile,pavement
utuh/pavement_076-3.jpg,0,utuh,test_pave,pavement,pavement_076,P/UP/076-3.jpg,"[0, 0, 256, 256]",1.0,sdnet_tile,pavement
utuh/pavement_076-31.jpg,0,utuh,test_pave,pavement,pavement_076,P/UP/076-31.jpg,"[0, 0, 256, 256]",1.0,sdnet_tile,pavement
utuh/pavement_076-37.jpg,0,utuh,test_pave,pavement,pavement_076,P/UP/076-37.jpg,"[0, 0, 256, 256]",1.0,sdnet_tile,pavement
utuh/pavement_076-6.jpg,0,utuh,test_pave,pavement,pavement_076,P/UP/076-6.jpg,"[0, 0, 256, 256]",1.0,sdnet_tile,pavement
utuh/pavement_076-66.jpg,0,utuh,test_pave,pavement,pavement_076,P/UP/076-66.jpg,"[0, 0, 256, 256]",1.0,sdnet_tile,pavement
utuh/pavement_076-70.jpg,0,utuh,test_pave,pavement,pavement_076,P/UP/076-70.jpg,"[0, 0, 256, 256]",1.0,sdnet_tile,pavement
utuh/pavement_076-77.jpg,0,utuh,test_pave,pavement,pavement_076,P/UP/076-77.jpg,"[0, 0, 256, 256]",1.0,sdnet_tile,pavement
utuh/pavement_076-86.jpg,0,utuh,test_pave,pavement,pavement_076,P/UP/076-86.jpg,"[0, 0, 256, 256]",1.0,sdnet_tile,pavement
utuh/pavement_076-91.jpg,0,utuh,test_pave,pavement,pavement_076,P/UP/076-91.jpg,"[0, 0, 256, 256]",1.0,sdnet_tile,pavement
utuh/pavement_076-97.jpg,0,utuh,test_pave,pavement,pavement_076,P/UP/076-97.jpg,"[0, 0, 256, 256]",1.0,sdnet_tile,pavement
utuh/pavement_077-1.jpg,0,utuh,test_pave,pavement,pavement_077,P/UP/077-1.jpg,"[0, 0, 256, 256]",1.0,sdnet_tile,pavement
utuh/pavement_077-121.jpg,0,utuh,test_pave,pavement,pavement_077,P/UP/077-121.jpg,"[0, 0, 256, 256]",1.0,sdnet_tile,pavement
utuh/pavement_077-125.jpg,0,utuh,test_pave,pavement,pavement_077,P/UP/077-125.jpg,"[0, 0, 256, 256]",1.0,sdnet_tile,pavement
utuh/pavement_077-128.jpg,0,utuh,test_pave,pavement,pavement_077,P/UP/077-128.jpg,"[0, 0, 256, 256]",1.0,sdnet_tile,pavement
utuh/pavement_077-131.jpg,0,utuh,test_pave,pavement,pavement_077,P/UP/077-131.jpg,"[0, 0, 256, 256]",1.0,sdnet_tile,pavement
utuh/pavement_077-132.jpg,0,utuh,test_pave,pavement,pavement_077,P/UP/077-132.jpg,"[0, 0, 256, 256]",1.0,sdnet_tile,pavement
utuh/pavement_077-145.jpg,0,utuh,test_pave,pavement,pavement_077,P/UP/077-145.jpg,"[0, 0, 256, 256]",1.0,sdnet_tile,pavement
utuh/pavement_077-149.jpg,0,utuh,test_pave,pavement,pavement_077,P/UP/077-149.jpg,"[0, 0, 256, 256]",1.0,sdnet_tile,pavement
utuh/pavement_077-15.jpg,0,utuh,test_pave,pavement,pavement_077,P/UP/077-15.jpg,"[0, 0, 256, 256]",1.0,sdnet_tile,pavement
utuh/pavement_077-155.jpg,0,utuh,test_pave,pavement,pavement_077,P/UP/077-155.jpg,"[0, 0, 256, 256]",1.0,sdnet_tile,pavement
utuh/pavement_077-170.jpg,0,utuh,test_pave,pavement,pavement_077,P/UP/077-170.jpg,"[0, 0, 256, 256]",1.0,sdnet_tile,pavement
utuh/pavement_077-182.jpg,0,utuh,test_pave,pavement,pavement_077,P/UP/077-182.jpg,"[0, 0, 256, 256]",1.0,sdnet_tile,pavement
utuh/pavement_077-185.jpg,0,utuh,test_pave,pavement,pavement_077,P/UP/077-185.jpg,"[0, 0, 256, 256]",1.0,sdnet_tile,pavement
utuh/pavement_077-188.jpg,0,utuh,test_pave,pavement,pavement_077,P/UP/077-188.jpg,"[0, 0, 256, 256]",1.0,sdnet_tile,pavement
utuh/pavement_077-204.jpg,0,utuh,test_pave,pavement,pavement_077,P/UP/077-204.jpg,"[0, 0, 256, 256]",1.0,sdnet_tile,pavement
utuh/pavement_077-208.jpg,0,utuh,test_pave,pavement,pavement_077,P/UP/077-208.jpg,"[0, 0, 256, 256]",1.0,sdnet_tile,pavement
utuh/pavement_077-213.jpg,0,utuh,test_pave,pavement,pavement_077,P/UP/077-213.jpg,"[0, 0, 256, 256]",1.0,sdnet_tile,pavement
utuh/pavement_077-232.jpg,0,utuh,test_pave,pavement,pavement_077,P/UP/077-232.jpg,"[0, 0, 256, 256]",1.0,sdnet_tile,pavement
utuh/pavement_077-4.jpg,0,utuh,test_pave,pavement,pavement_077,P/UP/077-4.jpg,"[0, 0, 256, 256]",1.0,sdnet_tile,pavement
utuh/pavement_077-55.jpg,0,utuh,test_pave,pavement,pavement_077,P/UP/077-55.jpg,"[0, 0, 256, 256]",1.0,sdnet_tile,pavement
utuh/pavement_077-77.jpg,0,utuh,test_pave,pavement,pavement_077,P/UP/077-77.jpg,"[0, 0, 256, 256]",1.0,sdnet_tile,pavement
utuh/pavement_077-80.jpg,0,utuh,test_pave,pavement,pavement_077,P/UP/077-80.jpg,"[0, 0, 256, 256]",1.0,sdnet_tile,pavement
utuh/pavement_077-81.jpg,0,utuh,test_pave,pavement,pavement_077,P/UP/077-81.jpg,"[0, 0, 256, 256]",1.0,sdnet_tile,pavement
utuh/pavement_078-15.jpg,0,utuh,test_pave,pavement,pavement_078,P/UP/078-15.jpg,"[0, 0, 256, 256]",1.0,sdnet_tile,pavement
utuh/pavement_078-152.jpg,0,utuh,test_pave,pavement,pavement_078,P/UP/078-152.jpg,"[0, 0, 256, 256]",1.0,sdnet_tile,pavement
utuh/pavement_078-156.jpg,0,utuh,test_pave,pavement,pavement_078,P/UP/078-156.jpg,"[0, 0, 256, 256]",1.0,sdnet_tile,pavement
utuh/pavement_078-157.jpg,0,utuh,test_pave,pavement,pavement_078,P/UP/078-157.jpg,"[0, 0, 256, 256]",1.0,sdnet_tile,pavement
utuh/pavement_078-164.jpg,0,utuh,test_pave,pavement,pavement_078,P/UP/078-164.jpg,"[0, 0, 256, 256]",1.0,sdnet_tile,pavement
utuh/pavement_078-17.jpg,0,utuh,test_pave,pavement,pavement_078,P/UP/078-17.jpg,"[0, 0, 256, 256]",1.0,sdnet_tile,pavement
utuh/pavement_078-171.jpg,0,utuh,test_pave,pavement,pavement_078,P/UP/078-171.jpg,"[0, 0, 256, 256]",1.0,sdnet_tile,pavement
utuh/pavement_078-176.jpg,0,utuh,test_pave,pavement,pavement_078,P/UP/078-176.jpg,"[0, 0, 256, 256]",1.0,sdnet_tile,pavement
utuh/pavement_078-187.jpg,0,utuh,test_pave,pavement,pavement_078,P/UP/078-187.jpg,"[0, 0, 256, 256]",1.0,sdnet_tile,pavement
utuh/pavement_078-19.jpg,0,utuh,test_pave,pavement,pavement_078,P/UP/078-19.jpg,"[0, 0, 256, 256]",1.0,sdnet_tile,pavement
utuh/pavement_078-20.jpg,0,utuh,test_pave,pavement,pavement_078,P/UP/078-20.jpg,"[0, 0, 256, 256]",1.0,sdnet_tile,pavement
utuh/pavement_078-202.jpg,0,utuh,test_pave,pavement,pavement_078,P/UP/078-202.jpg,"[0, 0, 256, 256]",1.0,sdnet_tile,pavement
utuh/pavement_078-22.jpg,0,utuh,test_pave,pavement,pavement_078,P/UP/078-22.jpg,"[0, 0, 256, 256]",1.0,sdnet_tile,pavement
utuh/pavement_078-221.jpg,0,utuh,test_pave,pavement,pavement_078,P/UP/078-221.jpg,"[0, 0, 256, 256]",1.0,sdnet_tile,pavement
utuh/pavement_078-228.jpg,0,utuh,test_pave,pavement,pavement_078,P/UP/078-228.jpg,"[0, 0, 256, 256]",1.0,sdnet_tile,pavement
utuh/pavement_078-39.jpg,0,utuh,test_pave,pavement,pavement_078,P/UP/078-39.jpg,"[0, 0, 256, 256]",1.0,sdnet_tile,pavement
utuh/pavement_078-42.jpg,0,utuh,test_pave,pavement,pavement_078,P/UP/078-42.jpg,"[0, 0, 256, 256]",1.0,sdnet_tile,pavement
utuh/pavement_078-49.jpg,0,utuh,test_pave,pavement,pavement_078,P/UP/078-49.jpg,"[0, 0, 256, 256]",1.0,sdnet_tile,pavement
utuh/pavement_078-63.jpg,0,utuh,test_pave,pavement,pavement_078,P/UP/078-63.jpg,"[0, 0, 256, 256]",1.0,sdnet_tile,pavement
utuh/pavement_078-73.jpg,0,utuh,test_pave,pavement,pavement_078,P/UP/078-73.jpg,"[0, 0, 256, 256]",1.0,sdnet_tile,pavement
utuh/pavement_078-8.jpg,0,utuh,test_pave,pavement,pavement_078,P/UP/078-8.jpg,"[0, 0, 256, 256]",1.0,sdnet_tile,pavement
utuh/pavement_078-80.jpg,0,utuh,test_pave,pavement,pavement_078,P/UP/078-80.jpg,"[0, 0, 256, 256]",1.0,sdnet_tile,pavement
utuh/pavement_078-97.jpg,0,utuh,test_pave,pavement,pavement_078,P/UP/078-97.jpg,"[0, 0, 256, 256]",1.0,sdnet_tile,pavement
utuh/pavement_079-107.jpg,0,utuh,test_pave,pavement,pavement_079,P/UP/079-107.jpg,"[0, 0, 256, 256]",1.0,sdnet_tile,pavement
utuh/pavement_079-114.jpg,0,utuh,test_pave,pavement,pavement_079,P/UP/079-114.jpg,"[0, 0, 256, 256]",1.0,sdnet_tile,pavement
utuh/pavement_079-115.jpg,0,utuh,test_pave,pavement,pavement_079,P/UP/079-115.jpg,"[0, 0, 256, 256]",1.0,sdnet_tile,pavement
utuh/pavement_079-118.jpg,0,utuh,test_pave,pavement,pavement_079,P/UP/079-118.jpg,"[0, 0, 256, 256]",1.0,sdnet_tile,pavement
utuh/pavement_079-130.jpg,0,utuh,test_pave,pavement,pavement_079,P/UP/079-130.jpg,"[0, 0, 256, 256]",1.0,sdnet_tile,pavement
utuh/pavement_079-133.jpg,0,utuh,test_pave,pavement,pavement_079,P/UP/079-133.jpg,"[0, 0, 256, 256]",1.0,sdnet_tile,pavement
utuh/pavement_079-138.jpg,0,utuh,test_pave,pavement,pavement_079,P/UP/079-138.jpg,"[0, 0, 256, 256]",1.0,sdnet_tile,pavement
utuh/pavement_079-196.jpg,0,utuh,test_pave,pavement,pavement_079,P/UP/079-196.jpg,"[0, 0, 256, 256]",1.0,sdnet_tile,pavement
utuh/pavement_079-199.jpg,0,utuh,test_pave,pavement,pavement_079,P/UP/079-199.jpg,"[0, 0, 256, 256]",1.0,sdnet_tile,pavement
utuh/pavement_079-206.jpg,0,utuh,test_pave,pavement,pavement_079,P/UP/079-206.jpg,"[0, 0, 256, 256]",1.0,sdnet_tile,pavement
utuh/pavement_079-207.jpg,0,utuh,test_pave,pavement,pavement_079,P/UP/079-207.jpg,"[0, 0, 256, 256]",1.0,sdnet_tile,pavement
utuh/pavement_079-208.jpg,0,utuh,test_pave,pavement,pavement_079,P/UP/079-208.jpg,"[0, 0, 256, 256]",1.0,sdnet_tile,pavement
utuh/pavement_079-214.jpg,0,utuh,test_pave,pavement,pavement_079,P/UP/079-214.jpg,"[0, 0, 256, 256]",1.0,sdnet_tile,pavement
utuh/pavement_079-222.jpg,0,utuh,test_pave,pavement,pavement_079,P/UP/079-222.jpg,"[0, 0, 256, 256]",1.0,sdnet_tile,pavement
utuh/pavement_079-224.jpg,0,utuh,test_pave,pavement,pavement_079,P/UP/079-224.jpg,"[0, 0, 256, 256]",1.0,sdnet_tile,pavement
utuh/pavement_079-24.jpg,0,utuh,test_pave,pavement,pavement_079,P/UP/079-24.jpg,"[0, 0, 256, 256]",1.0,sdnet_tile,pavement
utuh/pavement_079-32.jpg,0,utuh,test_pave,pavement,pavement_079,P/UP/079-32.jpg,"[0, 0, 256, 256]",1.0,sdnet_tile,pavement
utuh/pavement_079-33.jpg,0,utuh,test_pave,pavement,pavement_079,P/UP/079-33.jpg,"[0, 0, 256, 256]",1.0,sdnet_tile,pavement
utuh/pavement_079-39.jpg,0,utuh,test_pave,pavement,pavement_079,P/UP/079-39.jpg,"[0, 0, 256, 256]",1.0,sdnet_tile,pavement
utuh/pavement_079-54.jpg,0,utuh,test_pave,pavement,pavement_079,P/UP/079-54.jpg,"[0, 0, 256, 256]",1.0,sdnet_tile,pavement
utuh/pavement_079-55.jpg,0,utuh,test_pave,pavement,pavement_079,P/UP/079-55.jpg,"[0, 0, 256, 256]",1.0,sdnet_tile,pavement
utuh/pavement_079-65.jpg,0,utuh,test_pave,pavement,pavement_079,P/UP/079-65.jpg,"[0, 0, 256, 256]",1.0,sdnet_tile,pavement
utuh/pavement_079-83.jpg,0,utuh,test_pave,pavement,pavement_079,P/UP/079-83.jpg,"[0, 0, 256, 256]",1.0,sdnet_tile,pavement
utuh/pavement_080-102.jpg,0,utuh,test_pave,pavement,pavement_080,P/UP/080-102.jpg,"[0, 0, 256, 256]",1.0,sdnet_tile,pavement
utuh/pavement_080-108.jpg,0,utuh,test_pave,pavement,pavement_080,P/UP/080-108.jpg,"[0, 0, 256, 256]",1.0,sdnet_tile,pavement
utuh/pavement_080-110.jpg,0,utuh,test_pave,pavement,pavement_080,P/UP/080-110.jpg,"[0, 0, 256, 256]",1.0,sdnet_tile,pavement
utuh/pavement_080-114.jpg,0,utuh,test_pave,pavement,pavement_080,P/UP/080-114.jpg,"[0, 0, 256, 256]",1.0,sdnet_tile,pavement
utuh/pavement_080-128.jpg,0,utuh,test_pave,pavement,pavement_080,P/UP/080-128.jpg,"[0, 0, 256, 256]",1.0,sdnet_tile,pavement
utuh/pavement_080-131.jpg,0,utuh,test_pave,pavement,pavement_080,P/UP/080-131.jpg,"[0, 0, 256, 256]",1.0,sdnet_tile,pavement
utuh/pavement_080-132.jpg,0,utuh,test_pave,pavement,pavement_080,P/UP/080-132.jpg,"[0, 0, 256, 256]",1.0,sdnet_tile,pavement
utuh/pavement_080-180.jpg,0,utuh,test_pave,pavement,pavement_080,P/UP/080-180.jpg,"[0, 0, 256, 256]",1.0,sdnet_tile,pavement
utuh/pavement_080-185.jpg,0,utuh,test_pave,pavement,pavement_080,P/UP/080-185.jpg,"[0, 0, 256, 256]",1.0,sdnet_tile,pavement
utuh/pavement_080-191.jpg,0,utuh,test_pave,pavement,pavement_080,P/UP/080-191.jpg,"[0, 0, 256, 256]",1.0,sdnet_tile,pavement
utuh/pavement_080-200.jpg,0,utuh,test_pave,pavement,pavement_080,P/UP/080-200.jpg,"[0, 0, 256, 256]",1.0,sdnet_tile,pavement
utuh/pavement_080-215.jpg,0,utuh,test_pave,pavement,pavement_080,P/UP/080-215.jpg,"[0, 0, 256, 256]",1.0,sdnet_tile,pavement
utuh/pavement_080-220.jpg,0,utuh,test_pave,pavement,pavement_080,P/UP/080-220.jpg,"[0, 0, 256, 256]",1.0,sdnet_tile,pavement
utuh/pavement_080-29.jpg,0,utuh,test_pave,pavement,pavement_080,P/UP/080-29.jpg,"[0, 0, 256, 256]",1.0,sdnet_tile,pavement
utuh/pavement_080-3.jpg,0,utuh,test_pave,pavement,pavement_080,P/UP/080-3.jpg,"[0, 0, 256, 256]",1.0,sdnet_tile,pavement
utuh/pavement_080-33.jpg,0,utuh,test_pave,pavement,pavement_080,P/UP/080-33.jpg,"[0, 0, 256, 256]",1.0,sdnet_tile,pavement
utuh/pavement_080-34.jpg,0,utuh,test_pave,pavement,pavement_080,P/UP/080-34.jpg,"[0, 0, 256, 256]",1.0,sdnet_tile,pavement
utuh/pavement_080-40.jpg,0,utuh,test_pave,pavement,pavement_080,P/UP/080-40.jpg,"[0, 0, 256, 256]",1.0,sdnet_tile,pavement
utuh/pavement_080-41.jpg,0,utuh,test_pave,pavement,pavement_080,P/UP/080-41.jpg,"[0, 0, 256, 256]",1.0,sdnet_tile,pavement
utuh/pavement_080-68.jpg,0,utuh,test_pave,pavement,pavement_080,P/UP/080-68.jpg,"[0, 0, 256, 256]",1.0,sdnet_tile,pavement
utuh/pavement_080-72.jpg,0,utuh,test_pave,pavement,pavement_080,P/UP/080-72.jpg,"[0, 0, 256, 256]",1.0,sdnet_tile,pavement
utuh/pavement_080-84.jpg,0,utuh,test_pave,pavement,pavement_080,P/UP/080-84.jpg,"[0, 0, 256, 256]",1.0,sdnet_tile,pavement
utuh/pavement_080-89.jpg,0,utuh,test_pave,pavement,pavement_080,P/UP/080-89.jpg,"[0, 0, 256, 256]",1.0,sdnet_tile,pavement
utuh/pavement_081-1.jpg,0,utuh,test_pave,pavement,pavement_081,P/UP/081-1.jpg,"[0, 0, 256, 256]",1.0,sdnet_tile,pavement
utuh/pavement_081-125.jpg,0,utuh,test_pave,pavement,pavement_081,P/UP/081-125.jpg,"[0, 0, 256, 256]",1.0,sdnet_tile,pavement
utuh/pavement_081-13.jpg,0,utuh,test_pave,pavement,pavement_081,P/UP/081-13.jpg,"[0, 0, 256, 256]",1.0,sdnet_tile,pavement
utuh/pavement_081-133.jpg,0,utuh,test_pave,pavement,pavement_081,P/UP/081-133.jpg,"[0, 0, 256, 256]",1.0,sdnet_tile,pavement
utuh/pavement_081-135.jpg,0,utuh,test_pave,pavement,pavement_081,P/UP/081-135.jpg,"[0, 0, 256, 256]",1.0,sdnet_tile,pavement
utuh/pavement_081-163.jpg,0,utuh,test_pave,pavement,pavement_081,P/UP/081-163.jpg,"[0, 0, 256, 256]",1.0,sdnet_tile,pavement
utuh/pavement_081-167.jpg,0,utuh,test_pave,pavement,pavement_081,P/UP/081-167.jpg,"[0, 0, 256, 256]",1.0,sdnet_tile,pavement
utuh/pavement_081-17.jpg,0,utuh,test_pave,pavement,pavement_081,P/UP/081-17.jpg,"[0, 0, 256, 256]",1.0,sdnet_tile,pavement
utuh/pavement_081-185.jpg,0,utuh,test_pave,pavement,pavement_081,P/UP/081-185.jpg,"[0, 0, 256, 256]",1.0,sdnet_tile,pavement
utuh/pavement_081-187.jpg,0,utuh,test_pave,pavement,pavement_081,P/UP/081-187.jpg,"[0, 0, 256, 256]",1.0,sdnet_tile,pavement
utuh/pavement_081-199.jpg,0,utuh,test_pave,pavement,pavement_081,P/UP/081-199.jpg,"[0, 0, 256, 256]",1.0,sdnet_tile,pavement
utuh/pavement_081-209.jpg,0,utuh,test_pave,pavement,pavement_081,P/UP/081-209.jpg,"[0, 0, 256, 256]",1.0,sdnet_tile,pavement
utuh/pavement_081-218.jpg,0,utuh,test_pave,pavement,pavement_081,P/UP/081-218.jpg,"[0, 0, 256, 256]",1.0,sdnet_tile,pavement
utuh/pavement_081-25.jpg,0,utuh,test_pave,pavement,pavement_081,P/UP/081-25.jpg,"[0, 0, 256, 256]",1.0,sdnet_tile,pavement
utuh/pavement_081-26.jpg,0,utuh,test_pave,pavement,pavement_081,P/UP/081-26.jpg,"[0, 0, 256, 256]",1.0,sdnet_tile,pavement
utuh/pavement_081-32.jpg,0,utuh,test_pave,pavement,pavement_081,P/UP/081-32.jpg,"[0, 0, 256, 256]",1.0,sdnet_tile,pavement
utuh/pavement_081-37.jpg,0,utuh,test_pave,pavement,pavement_081,P/UP/081-37.jpg,"[0, 0, 256, 256]",1.0,sdnet_tile,pavement
utuh/pavement_081-44.jpg,0,utuh,test_pave,pavement,pavement_081,P/UP/081-44.jpg,"[0, 0, 256, 256]",1.0,sdnet_tile,pavement
utuh/pavement_081-67.jpg,0,utuh,test_pave,pavement,pavement_081,P/UP/081-67.jpg,"[0, 0, 256, 256]",1.0,sdnet_tile,pavement
utuh/pavement_081-7.jpg,0,utuh,test_pave,pavement,pavement_081,P/UP/081-7.jpg,"[0, 0, 256, 256]",1.0,sdnet_tile,pavement
utuh/pavement_081-71.jpg,0,utuh,test_pave,pavement,pavement_081,P/UP/081-71.jpg,"[0, 0, 256, 256]",1.0,sdnet_tile,pavement
utuh/pavement_081-82.jpg,0,utuh,test_pave,pavement,pavement_081,P/UP/081-82.jpg,"[0, 0, 256, 256]",1.0,sdnet_tile,pavement
utuh/pavement_081-93.jpg,0,utuh,test_pave,pavement,pavement_081,P/UP/081-93.jpg,"[0, 0, 256, 256]",1.0,sdnet_tile,pavement
utuh/pavement_082-12.jpg,0,utuh,test_pave,pavement,pavement_082,P/UP/082-12.jpg,"[0, 0, 256, 256]",1.0,sdnet_tile,pavement
utuh/pavement_082-120.jpg,0,utuh,test_pave,pavement,pavement_082,P/UP/082-120.jpg,"[0, 0, 256, 256]",1.0,sdnet_tile,pavement
utuh/pavement_082-142.jpg,0,utuh,test_pave,pavement,pavement_082,P/UP/082-142.jpg,"[0, 0, 256, 256]",1.0,sdnet_tile,pavement
utuh/pavement_082-155.jpg,0,utuh,test_pave,pavement,pavement_082,P/UP/082-155.jpg,"[0, 0, 256, 256]",1.0,sdnet_tile,pavement
utuh/pavement_082-16.jpg,0,utuh,test_pave,pavement,pavement_082,P/UP/082-16.jpg,"[0, 0, 256, 256]",1.0,sdnet_tile,pavement
utuh/pavement_082-172.jpg,0,utuh,test_pave,pavement,pavement_082,P/UP/082-172.jpg,"[0, 0, 256, 256]",1.0,sdnet_tile,pavement
utuh/pavement_082-195.jpg,0,utuh,test_pave,pavement,pavement_082,P/UP/082-195.jpg,"[0, 0, 256, 256]",1.0,sdnet_tile,pavement
utuh/pavement_082-20.jpg,0,utuh,test_pave,pavement,pavement_082,P/UP/082-20.jpg,"[0, 0, 256, 256]",1.0,sdnet_tile,pavement
utuh/pavement_082-213.jpg,0,utuh,test_pave,pavement,pavement_082,P/UP/082-213.jpg,"[0, 0, 256, 256]",1.0,sdnet_tile,pavement
utuh/pavement_082-231.jpg,0,utuh,test_pave,pavement,pavement_082,P/UP/082-231.jpg,"[0, 0, 256, 256]",1.0,sdnet_tile,pavement
utuh/pavement_082-232.jpg,0,utuh,test_pave,pavement,pavement_082,P/UP/082-232.jpg,"[0, 0, 256, 256]",1.0,sdnet_tile,pavement
utuh/pavement_082-38.jpg,0,utuh,test_pave,pavement,pavement_082,P/UP/082-38.jpg,"[0, 0, 256, 256]",1.0,sdnet_tile,pavement
utuh/pavement_082-40.jpg,0,utuh,test_pave,pavement,pavement_082,P/UP/082-40.jpg,"[0, 0, 256, 256]",1.0,sdnet_tile,pavement
utuh/pavement_082-47.jpg,0,utuh,test_pave,pavement,pavement_082,P/UP/082-47.jpg,"[0, 0, 256, 256]",1.0,sdnet_tile,pavement
utuh/pavement_082-5.jpg,0,utuh,test_pave,pavement,pavement_082,P/UP/082-5.jpg,"[0, 0, 256, 256]",1.0,sdnet_tile,pavement
utuh/pavement_082-52.jpg,0,utuh,test_pave,pavement,pavement_082,P/UP/082-52.jpg,"[0, 0, 256, 256]",1.0,sdnet_tile,pavement
utuh/pavement_082-55.jpg,0,utuh,test_pave,pavement,pavement_082,P/UP/082-55.jpg,"[0, 0, 256, 256]",1.0,sdnet_tile,pavement
utuh/pavement_082-6.jpg,0,utuh,test_pave,pavement,pavement_082,P/UP/082-6.jpg,"[0, 0, 256, 256]",1.0,sdnet_tile,pavement
utuh/pavement_082-68.jpg,0,utuh,test_pave,pavement,pavement_082,P/UP/082-68.jpg,"[0, 0, 256, 256]",1.0,sdnet_tile,pavement
utuh/pavement_082-71.jpg,0,utuh,test_pave,pavement,pavement_082,P/UP/082-71.jpg,"[0, 0, 256, 256]",1.0,sdnet_tile,pavement
utuh/pavement_082-77.jpg,0,utuh,test_pave,pavement,pavement_082,P/UP/082-77.jpg,"[0, 0, 256, 256]",1.0,sdnet_tile,pavement
utuh/pavement_082-93.jpg,0,utuh,test_pave,pavement,pavement_082,P/UP/082-93.jpg,"[0, 0, 256, 256]",1.0,sdnet_tile,pavement
utuh/pavement_082-94.jpg,0,utuh,test_pave,pavement,pavement_082,P/UP/082-94.jpg,"[0, 0, 256, 256]",1.0,sdnet_tile,pavement
utuh/pavement_083-114.jpg,0,utuh,test_pave,pavement,pavement_083,P/UP/083-114.jpg,"[0, 0, 256, 256]",1.0,sdnet_tile,pavement
utuh/pavement_083-126.jpg,0,utuh,test_pave,pavement,pavement_083,P/UP/083-126.jpg,"[0, 0, 256, 256]",1.0,sdnet_tile,pavement
utuh/pavement_083-132.jpg,0,utuh,test_pave,pavement,pavement_083,P/UP/083-132.jpg,"[0, 0, 256, 256]",1.0,sdnet_tile,pavement
utuh/pavement_083-148.jpg,0,utuh,test_pave,pavement,pavement_083,P/UP/083-148.jpg,"[0, 0, 256, 256]",1.0,sdnet_tile,pavement
utuh/pavement_083-152.jpg,0,utuh,test_pave,pavement,pavement_083,P/UP/083-152.jpg,"[0, 0, 256, 256]",1.0,sdnet_tile,pavement
utuh/pavement_083-155.jpg,0,utuh,test_pave,pavement,pavement_083,P/UP/083-155.jpg,"[0, 0, 256, 256]",1.0,sdnet_tile,pavement
utuh/pavement_083-158.jpg,0,utuh,test_pave,pavement,pavement_083,P/UP/083-158.jpg,"[0, 0, 256, 256]",1.0,sdnet_tile,pavement
utuh/pavement_083-174.jpg,0,utuh,test_pave,pavement,pavement_083,P/UP/083-174.jpg,"[0, 0, 256, 256]",1.0,sdnet_tile,pavement
utuh/pavement_083-188.jpg,0,utuh,test_pave,pavement,pavement_083,P/UP/083-188.jpg,"[0, 0, 256, 256]",1.0,sdnet_tile,pavement
utuh/pavement_083-192.jpg,0,utuh,test_pave,pavement,pavement_083,P/UP/083-192.jpg,"[0, 0, 256, 256]",1.0,sdnet_tile,pavement
utuh/pavement_083-203.jpg,0,utuh,test_pave,pavement,pavement_083,P/UP/083-203.jpg,"[0, 0, 256, 256]",1.0,sdnet_tile,pavement
utuh/pavement_083-210.jpg,0,utuh,test_pave,pavement,pavement_083,P/UP/083-210.jpg,"[0, 0, 256, 256]",1.0,sdnet_tile,pavement
utuh/pavement_083-216.jpg,0,utuh,test_pave,pavement,pavement_083,P/UP/083-216.jpg,"[0, 0, 256, 256]",1.0,sdnet_tile,pavement
utuh/pavement_083-218.jpg,0,utuh,test_pave,pavement,pavement_083,P/UP/083-218.jpg,"[0, 0, 256, 256]",1.0,sdnet_tile,pavement
utuh/pavement_083-224.jpg,0,utuh,test_pave,pavement,pavement_083,P/UP/083-224.jpg,"[0, 0, 256, 256]",1.0,sdnet_tile,pavement
utuh/pavement_083-3.jpg,0,utuh,test_pave,pavement,pavement_083,P/UP/083-3.jpg,"[0, 0, 256, 256]",1.0,sdnet_tile,pavement
utuh/pavement_083-32.jpg,0,utuh,test_pave,pavement,pavement_083,P/UP/083-32.jpg,"[0, 0, 256, 256]",1.0,sdnet_tile,pavement
utuh/pavement_083-33.jpg,0,utuh,test_pave,pavement,pavement_083,P/UP/083-33.jpg,"[0, 0, 256, 256]",1.0,sdnet_tile,pavement
utuh/pavement_083-38.jpg,0,utuh,test_pave,pavement,pavement_083,P/UP/083-38.jpg,"[0, 0, 256, 256]",1.0,sdnet_tile,pavement
utuh/pavement_083-54.jpg,0,utuh,test_pave,pavement,pavement_083,P/UP/083-54.jpg,"[0, 0, 256, 256]",1.0,sdnet_tile,pavement
utuh/pavement_083-60.jpg,0,utuh,test_pave,pavement,pavement_083,P/UP/083-60.jpg,"[0, 0, 256, 256]",1.0,sdnet_tile,pavement
utuh/pavement_083-67.jpg,0,utuh,test_pave,pavement,pavement_083,P/UP/083-67.jpg,"[0, 0, 256, 256]",1.0,sdnet_tile,pavement
utuh/pavement_083-68.jpg,0,utuh,test_pave,pavement,pavement_083,P/UP/083-68.jpg,"[0, 0, 256, 256]",1.0,sdnet_tile,pavement
utuh/pavement_084-127.jpg,0,utuh,test_pave,pavement,pavement_084,P/UP/084-127.jpg,"[0, 0, 256, 256]",1.0,sdnet_tile,pavement
utuh/pavement_084-145.jpg,0,utuh,test_pave,pavement,pavement_084,P/UP/084-145.jpg,"[0, 0, 256, 256]",1.0,sdnet_tile,pavement
utuh/pavement_084-147.jpg,0,utuh,test_pave,pavement,pavement_084,P/UP/084-147.jpg,"[0, 0, 256, 256]",1.0,sdnet_tile,pavement
utuh/pavement_084-174.jpg,0,utuh,test_pave,pavement,pavement_084,P/UP/084-174.jpg,"[0, 0, 256, 256]",1.0,sdnet_tile,pavement
utuh/pavement_084-183.jpg,0,utuh,test_pave,pavement,pavement_084,P/UP/084-183.jpg,"[0, 0, 256, 256]",1.0,sdnet_tile,pavement
utuh/pavement_084-189.jpg,0,utuh,test_pave,pavement,pavement_084,P/UP/084-189.jpg,"[0, 0, 256, 256]",1.0,sdnet_tile,pavement
utuh/pavement_084-2.jpg,0,utuh,test_pave,pavement,pavement_084,P/UP/084-2.jpg,"[0, 0, 256, 256]",1.0,sdnet_tile,pavement
utuh/pavement_084-20.jpg,0,utuh,test_pave,pavement,pavement_084,P/UP/084-20.jpg,"[0, 0, 256, 256]",1.0,sdnet_tile,pavement
utuh/pavement_084-203.jpg,0,utuh,test_pave,pavement,pavement_084,P/UP/084-203.jpg,"[0, 0, 256, 256]",1.0,sdnet_tile,pavement
utuh/pavement_084-215.jpg,0,utuh,test_pave,pavement,pavement_084,P/UP/084-215.jpg,"[0, 0, 256, 256]",1.0,sdnet_tile,pavement
utuh/pavement_084-219.jpg,0,utuh,test_pave,pavement,pavement_084,P/UP/084-219.jpg,"[0, 0, 256, 256]",1.0,sdnet_tile,pavement
utuh/pavement_084-229.jpg,0,utuh,test_pave,pavement,pavement_084,P/UP/084-229.jpg,"[0, 0, 256, 256]",1.0,sdnet_tile,pavement
utuh/pavement_084-24.jpg,0,utuh,test_pave,pavement,pavement_084,P/UP/084-24.jpg,"[0, 0, 256, 256]",1.0,sdnet_tile,pavement
utuh/pavement_084-25.jpg,0,utuh,test_pave,pavement,pavement_084,P/UP/084-25.jpg,"[0, 0, 256, 256]",1.0,sdnet_tile,pavement
utuh/pavement_084-4.jpg,0,utuh,test_pave,pavement,pavement_084,P/UP/084-4.jpg,"[0, 0, 256, 256]",1.0,sdnet_tile,pavement
utuh/pavement_084-40.jpg,0,utuh,test_pave,pavement,pavement_084,P/UP/084-40.jpg,"[0, 0, 256, 256]",1.0,sdnet_tile,pavement
utuh/pavement_084-41.jpg,0,utuh,test_pave,pavement,pavement_084,P/UP/084-41.jpg,"[0, 0, 256, 256]",1.0,sdnet_tile,pavement
utuh/pavement_084-5.jpg,0,utuh,test_pave,pavement,pavement_084,P/UP/084-5.jpg,"[0, 0, 256, 256]",1.0,sdnet_tile,pavement
utuh/pavement_084-74.jpg,0,utuh,test_pave,pavement,pavement_084,P/UP/084-74.jpg,"[0, 0, 256, 256]",1.0,sdnet_tile,pavement
utuh/pavement_084-78.jpg,0,utuh,test_pave,pavement,pavement_084,P/UP/084-78.jpg,"[0, 0, 256, 256]",1.0,sdnet_tile,pavement
utuh/pavement_084-80.jpg,0,utuh,test_pave,pavement,pavement_084,P/UP/084-80.jpg,"[0, 0, 256, 256]",1.0,sdnet_tile,pavement
utuh/pavement_084-82.jpg,0,utuh,test_pave,pavement,pavement_084,P/UP/084-82.jpg,"[0, 0, 256, 256]",1.0,sdnet_tile,pavement
utuh/pavement_084-9.jpg,0,utuh,test_pave,pavement,pavement_084,P/UP/084-9.jpg,"[0, 0, 256, 256]",1.0,sdnet_tile,pavement
utuh/pavement_085-103.jpg,0,utuh,test_pave,pavement,pavement_085,P/UP/085-103.jpg,"[0, 0, 256, 256]",1.0,sdnet_tile,pavement
utuh/pavement_085-11.jpg,0,utuh,test_pave,pavement,pavement_085,P/UP/085-11.jpg,"[0, 0, 256, 256]",1.0,sdnet_tile,pavement
utuh/pavement_085-130.jpg,0,utuh,test_pave,pavement,pavement_085,P/UP/085-130.jpg,"[0, 0, 256, 256]",1.0,sdnet_tile,pavement
utuh/pavement_085-15.jpg,0,utuh,test_pave,pavement,pavement_085,P/UP/085-15.jpg,"[0, 0, 256, 256]",1.0,sdnet_tile,pavement
utuh/pavement_085-152.jpg,0,utuh,test_pave,pavement,pavement_085,P/UP/085-152.jpg,"[0, 0, 256, 256]",1.0,sdnet_tile,pavement
utuh/pavement_085-162.jpg,0,utuh,test_pave,pavement,pavement_085,P/UP/085-162.jpg,"[0, 0, 256, 256]",1.0,sdnet_tile,pavement
utuh/pavement_085-169.jpg,0,utuh,test_pave,pavement,pavement_085,P/UP/085-169.jpg,"[0, 0, 256, 256]",1.0,sdnet_tile,pavement
utuh/pavement_085-17.jpg,0,utuh,test_pave,pavement,pavement_085,P/UP/085-17.jpg,"[0, 0, 256, 256]",1.0,sdnet_tile,pavement
utuh/pavement_085-192.jpg,0,utuh,test_pave,pavement,pavement_085,P/UP/085-192.jpg,"[0, 0, 256, 256]",1.0,sdnet_tile,pavement
utuh/pavement_085-194.jpg,0,utuh,test_pave,pavement,pavement_085,P/UP/085-194.jpg,"[0, 0, 256, 256]",1.0,sdnet_tile,pavement
utuh/pavement_085-198.jpg,0,utuh,test_pave,pavement,pavement_085,P/UP/085-198.jpg,"[0, 0, 256, 256]",1.0,sdnet_tile,pavement
utuh/pavement_085-209.jpg,0,utuh,test_pave,pavement,pavement_085,P/UP/085-209.jpg,"[0, 0, 256, 256]",1.0,sdnet_tile,pavement
utuh/pavement_085-226.jpg,0,utuh,test_pave,pavement,pavement_085,P/UP/085-226.jpg,"[0, 0, 256, 256]",1.0,sdnet_tile,pavement
utuh/pavement_085-24.jpg,0,utuh,test_pave,pavement,pavement_085,P/UP/085-24.jpg,"[0, 0, 256, 256]",1.0,sdnet_tile,pavement
utuh/pavement_085-25.jpg,0,utuh,test_pave,pavement,pavement_085,P/UP/085-25.jpg,"[0, 0, 256, 256]",1.0,sdnet_tile,pavement
utuh/pavement_085-3.jpg,0,utuh,test_pave,pavement,pavement_085,P/UP/085-3.jpg,"[0, 0, 256, 256]",1.0,sdnet_tile,pavement
utuh/pavement_085-43.jpg,0,utuh,test_pave,pavement,pavement_085,P/UP/085-43.jpg,"[0, 0, 256, 256]",1.0,sdnet_tile,pavement
utuh/pavement_085-52.jpg,0,utuh,test_pave,pavement,pavement_085,P/UP/085-52.jpg,"[0, 0, 256, 256]",1.0,sdnet_tile,pavement
utuh/pavement_085-56.jpg,0,utuh,test_pave,pavement,pavement_085,P/UP/085-56.jpg,"[0, 0, 256, 256]",1.0,sdnet_tile,pavement
utuh/pavement_085-62.jpg,0,utuh,test_pave,pavement,pavement_085,P/UP/085-62.jpg,"[0, 0, 256, 256]",1.0,sdnet_tile,pavement
utuh/pavement_085-7.jpg,0,utuh,test_pave,pavement,pavement_085,P/UP/085-7.jpg,"[0, 0, 256, 256]",1.0,sdnet_tile,pavement
utuh/pavement_085-71.jpg,0,utuh,test_pave,pavement,pavement_085,P/UP/085-71.jpg,"[0, 0, 256, 256]",1.0,sdnet_tile,pavement
utuh/pavement_085-80.jpg,0,utuh,test_pave,pavement,pavement_085,P/UP/085-80.jpg,"[0, 0, 256, 256]",1.0,sdnet_tile,pavement
utuh/pavement_086-100.jpg,0,utuh,test_pave,pavement,pavement_086,P/UP/086-100.jpg,"[0, 0, 256, 256]",1.0,sdnet_tile,pavement
utuh/pavement_086-13.jpg,0,utuh,test_pave,pavement,pavement_086,P/UP/086-13.jpg,"[0, 0, 256, 256]",1.0,sdnet_tile,pavement
utuh/pavement_086-139.jpg,0,utuh,test_pave,pavement,pavement_086,P/UP/086-139.jpg,"[0, 0, 256, 256]",1.0,sdnet_tile,pavement
utuh/pavement_086-148.jpg,0,utuh,test_pave,pavement,pavement_086,P/UP/086-148.jpg,"[0, 0, 256, 256]",1.0,sdnet_tile,pavement
utuh/pavement_086-155.jpg,0,utuh,test_pave,pavement,pavement_086,P/UP/086-155.jpg,"[0, 0, 256, 256]",1.0,sdnet_tile,pavement
utuh/pavement_086-159.jpg,0,utuh,test_pave,pavement,pavement_086,P/UP/086-159.jpg,"[0, 0, 256, 256]",1.0,sdnet_tile,pavement
utuh/pavement_086-16.jpg,0,utuh,test_pave,pavement,pavement_086,P/UP/086-16.jpg,"[0, 0, 256, 256]",1.0,sdnet_tile,pavement
utuh/pavement_086-169.jpg,0,utuh,test_pave,pavement,pavement_086,P/UP/086-169.jpg,"[0, 0, 256, 256]",1.0,sdnet_tile,pavement
utuh/pavement_086-170.jpg,0,utuh,test_pave,pavement,pavement_086,P/UP/086-170.jpg,"[0, 0, 256, 256]",1.0,sdnet_tile,pavement
utuh/pavement_086-179.jpg,0,utuh,test_pave,pavement,pavement_086,P/UP/086-179.jpg,"[0, 0, 256, 256]",1.0,sdnet_tile,pavement
utuh/pavement_086-185.jpg,0,utuh,test_pave,pavement,pavement_086,P/UP/086-185.jpg,"[0, 0, 256, 256]",1.0,sdnet_tile,pavement
utuh/pavement_086-200.jpg,0,utuh,test_pave,pavement,pavement_086,P/UP/086-200.jpg,"[0, 0, 256, 256]",1.0,sdnet_tile,pavement
utuh/pavement_086-206.jpg,0,utuh,test_pave,pavement,pavement_086,P/UP/086-206.jpg,"[0, 0, 256, 256]",1.0,sdnet_tile,pavement
utuh/pavement_086-208.jpg,0,utuh,test_pave,pavement,pavement_086,P/UP/086-208.jpg,"[0, 0, 256, 256]",1.0,sdnet_tile,pavement
utuh/pavement_086-209.jpg,0,utuh,test_pave,pavement,pavement_086,P/UP/086-209.jpg,"[0, 0, 256, 256]",1.0,sdnet_tile,pavement
utuh/pavement_086-225.jpg,0,utuh,test_pave,pavement,pavement_086,P/UP/086-225.jpg,"[0, 0, 256, 256]",1.0,sdnet_tile,pavement
utuh/pavement_086-230.jpg,0,utuh,test_pave,pavement,pavement_086,P/UP/086-230.jpg,"[0, 0, 256, 256]",1.0,sdnet_tile,pavement
utuh/pavement_086-231.jpg,0,utuh,test_pave,pavement,pavement_086,P/UP/086-231.jpg,"[0, 0, 256, 256]",1.0,sdnet_tile,pavement
utuh/pavement_086-28.jpg,0,utuh,test_pave,pavement,pavement_086,P/UP/086-28.jpg,"[0, 0, 256, 256]",1.0,sdnet_tile,pavement
utuh/pavement_086-3.jpg,0,utuh,test_pave,pavement,pavement_086,P/UP/086-3.jpg,"[0, 0, 256, 256]",1.0,sdnet_tile,pavement
utuh/pavement_086-6.jpg,0,utuh,test_pave,pavement,pavement_086,P/UP/086-6.jpg,"[0, 0, 256, 256]",1.0,sdnet_tile,pavement
utuh/pavement_086-91.jpg,0,utuh,test_pave,pavement,pavement_086,P/UP/086-91.jpg,"[0, 0, 256, 256]",1.0,sdnet_tile,pavement
utuh/pavement_086-92.jpg,0,utuh,test_pave,pavement,pavement_086,P/UP/086-92.jpg,"[0, 0, 256, 256]",1.0,sdnet_tile,pavement
utuh/pavement_087-107.jpg,0,utuh,test_pave,pavement,pavement_087,P/UP/087-107.jpg,"[0, 0, 256, 256]",1.0,sdnet_tile,pavement
utuh/pavement_087-129.jpg,0,utuh,test_pave,pavement,pavement_087,P/UP/087-129.jpg,"[0, 0, 256, 256]",1.0,sdnet_tile,pavement
utuh/pavement_087-138.jpg,0,utuh,test_pave,pavement,pavement_087,P/UP/087-138.jpg,"[0, 0, 256, 256]",1.0,sdnet_tile,pavement
utuh/pavement_087-141.jpg,0,utuh,test_pave,pavement,pavement_087,P/UP/087-141.jpg,"[0, 0, 256, 256]",1.0,sdnet_tile,pavement
utuh/pavement_087-145.jpg,0,utuh,test_pave,pavement,pavement_087,P/UP/087-145.jpg,"[0, 0, 256, 256]",1.0,sdnet_tile,pavement
utuh/pavement_087-157.jpg,0,utuh,test_pave,pavement,pavement_087,P/UP/087-157.jpg,"[0, 0, 256, 256]",1.0,sdnet_tile,pavement
utuh/pavement_087-168.jpg,0,utuh,test_pave,pavement,pavement_087,P/UP/087-168.jpg,"[0, 0, 256, 256]",1.0,sdnet_tile,pavement
utuh/pavement_087-176.jpg,0,utuh,test_pave,pavement,pavement_087,P/UP/087-176.jpg,"[0, 0, 256, 256]",1.0,sdnet_tile,pavement
utuh/pavement_087-18.jpg,0,utuh,test_pave,pavement,pavement_087,P/UP/087-18.jpg,"[0, 0, 256, 256]",1.0,sdnet_tile,pavement
utuh/pavement_087-181.jpg,0,utuh,test_pave,pavement,pavement_087,P/UP/087-181.jpg,"[0, 0, 256, 256]",1.0,sdnet_tile,pavement
utuh/pavement_087-187.jpg,0,utuh,test_pave,pavement,pavement_087,P/UP/087-187.jpg,"[0, 0, 256, 256]",1.0,sdnet_tile,pavement
utuh/pavement_087-19.jpg,0,utuh,test_pave,pavement,pavement_087,P/UP/087-19.jpg,"[0, 0, 256, 256]",1.0,sdnet_tile,pavement
utuh/pavement_087-192.jpg,0,utuh,test_pave,pavement,pavement_087,P/UP/087-192.jpg,"[0, 0, 256, 256]",1.0,sdnet_tile,pavement
utuh/pavement_087-203.jpg,0,utuh,test_pave,pavement,pavement_087,P/UP/087-203.jpg,"[0, 0, 256, 256]",1.0,sdnet_tile,pavement
utuh/pavement_087-204.jpg,0,utuh,test_pave,pavement,pavement_087,P/UP/087-204.jpg,"[0, 0, 256, 256]",1.0,sdnet_tile,pavement
utuh/pavement_087-210.jpg,0,utuh,test_pave,pavement,pavement_087,P/UP/087-210.jpg,"[0, 0, 256, 256]",1.0,sdnet_tile,pavement
utuh/pavement_087-211.jpg,0,utuh,test_pave,pavement,pavement_087,P/UP/087-211.jpg,"[0, 0, 256, 256]",1.0,sdnet_tile,pavement
utuh/pavement_087-224.jpg,0,utuh,test_pave,pavement,pavement_087,P/UP/087-224.jpg,"[0, 0, 256, 256]",1.0,sdnet_tile,pavement
utuh/pavement_087-227.jpg,0,utuh,test_pave,pavement,pavement_087,P/UP/087-227.jpg,"[0, 0, 256, 256]",1.0,sdnet_tile,pavement
utuh/pavement_087-73.jpg,0,utuh,test_pave,pavement,pavement_087,P/UP/087-73.jpg,"[0, 0, 256, 256]",1.0,sdnet_tile,pavement
utuh/pavement_087-75.jpg,0,utuh,test_pave,pavement,pavement_087,P/UP/087-75.jpg,"[0, 0, 256, 256]",1.0,sdnet_tile,pavement
utuh/pavement_087-9.jpg,0,utuh,test_pave,pavement,pavement_087,P/UP/087-9.jpg,"[0, 0, 256, 256]",1.0,sdnet_tile,pavement
utuh/pavement_087-93.jpg,0,utuh,test_pave,pavement,pavement_087,P/UP/087-93.jpg,"[0, 0, 256, 256]",1.0,sdnet_tile,pavement
utuh/pavement_088-112.jpg,0,utuh,test_pave,pavement,pavement_088,P/UP/088-112.jpg,"[0, 0, 256, 256]",1.0,sdnet_tile,pavement
utuh/pavement_088-115.jpg,0,utuh,test_pave,pavement,pavement_088,P/UP/088-115.jpg,"[0, 0, 256, 256]",1.0,sdnet_tile,pavement
utuh/pavement_088-116.jpg,0,utuh,test_pave,pavement,pavement_088,P/UP/088-116.jpg,"[0, 0, 256, 256]",1.0,sdnet_tile,pavement
utuh/pavement_088-118.jpg,0,utuh,test_pave,pavement,pavement_088,P/UP/088-118.jpg,"[0, 0, 256, 256]",1.0,sdnet_tile,pavement
utuh/pavement_088-129.jpg,0,utuh,test_pave,pavement,pavement_088,P/UP/088-129.jpg,"[0, 0, 256, 256]",1.0,sdnet_tile,pavement
utuh/pavement_088-141.jpg,0,utuh,test_pave,pavement,pavement_088,P/UP/088-141.jpg,"[0, 0, 256, 256]",1.0,sdnet_tile,pavement
utuh/pavement_088-143.jpg,0,utuh,test_pave,pavement,pavement_088,P/UP/088-143.jpg,"[0, 0, 256, 256]",1.0,sdnet_tile,pavement
utuh/pavement_088-148.jpg,0,utuh,test_pave,pavement,pavement_088,P/UP/088-148.jpg,"[0, 0, 256, 256]",1.0,sdnet_tile,pavement
utuh/pavement_088-153.jpg,0,utuh,test_pave,pavement,pavement_088,P/UP/088-153.jpg,"[0, 0, 256, 256]",1.0,sdnet_tile,pavement
utuh/pavement_088-156.jpg,0,utuh,test_pave,pavement,pavement_088,P/UP/088-156.jpg,"[0, 0, 256, 256]",1.0,sdnet_tile,pavement
utuh/pavement_088-178.jpg,0,utuh,test_pave,pavement,pavement_088,P/UP/088-178.jpg,"[0, 0, 256, 256]",1.0,sdnet_tile,pavement
utuh/pavement_088-179.jpg,0,utuh,test_pave,pavement,pavement_088,P/UP/088-179.jpg,"[0, 0, 256, 256]",1.0,sdnet_tile,pavement
utuh/pavement_088-187.jpg,0,utuh,test_pave,pavement,pavement_088,P/UP/088-187.jpg,"[0, 0, 256, 256]",1.0,sdnet_tile,pavement
utuh/pavement_088-197.jpg,0,utuh,test_pave,pavement,pavement_088,P/UP/088-197.jpg,"[0, 0, 256, 256]",1.0,sdnet_tile,pavement
utuh/pavement_088-216.jpg,0,utuh,test_pave,pavement,pavement_088,P/UP/088-216.jpg,"[0, 0, 256, 256]",1.0,sdnet_tile,pavement
utuh/pavement_088-224.jpg,0,utuh,test_pave,pavement,pavement_088,P/UP/088-224.jpg,"[0, 0, 256, 256]",1.0,sdnet_tile,pavement
utuh/pavement_088-225.jpg,0,utuh,test_pave,pavement,pavement_088,P/UP/088-225.jpg,"[0, 0, 256, 256]",1.0,sdnet_tile,pavement
utuh/pavement_088-232.jpg,0,utuh,test_pave,pavement,pavement_088,P/UP/088-232.jpg,"[0, 0, 256, 256]",1.0,sdnet_tile,pavement
utuh/pavement_088-34.jpg,0,utuh,test_pave,pavement,pavement_088,P/UP/088-34.jpg,"[0, 0, 256, 256]",1.0,sdnet_tile,pavement
utuh/pavement_088-61.jpg,0,utuh,test_pave,pavement,pavement_088,P/UP/088-61.jpg,"[0, 0, 256, 256]",1.0,sdnet_tile,pavement
utuh/pavement_088-71.jpg,0,utuh,test_pave,pavement,pavement_088,P/UP/088-71.jpg,"[0, 0, 256, 256]",1.0,sdnet_tile,pavement
utuh/pavement_088-90.jpg,0,utuh,test_pave,pavement,pavement_088,P/UP/088-90.jpg,"[0, 0, 256, 256]",1.0,sdnet_tile,pavement
utuh/pavement_088-91.jpg,0,utuh,test_pave,pavement,pavement_088,P/UP/088-91.jpg,"[0, 0, 256, 256]",1.0,sdnet_tile,pavement
utuh/pavement_089-105.jpg,0,utuh,test_pave,pavement,pavement_089,P/UP/089-105.jpg,"[0, 0, 256, 256]",1.0,sdnet_tile,pavement
utuh/pavement_089-107.jpg,0,utuh,test_pave,pavement,pavement_089,P/UP/089-107.jpg,"[0, 0, 256, 256]",1.0,sdnet_tile,pavement
utuh/pavement_089-108.jpg,0,utuh,test_pave,pavement,pavement_089,P/UP/089-108.jpg,"[0, 0, 256, 256]",1.0,sdnet_tile,pavement
utuh/pavement_089-132.jpg,0,utuh,test_pave,pavement,pavement_089,P/UP/089-132.jpg,"[0, 0, 256, 256]",1.0,sdnet_tile,pavement
utuh/pavement_089-137.jpg,0,utuh,test_pave,pavement,pavement_089,P/UP/089-137.jpg,"[0, 0, 256, 256]",1.0,sdnet_tile,pavement
utuh/pavement_089-149.jpg,0,utuh,test_pave,pavement,pavement_089,P/UP/089-149.jpg,"[0, 0, 256, 256]",1.0,sdnet_tile,pavement
utuh/pavement_089-151.jpg,0,utuh,test_pave,pavement,pavement_089,P/UP/089-151.jpg,"[0, 0, 256, 256]",1.0,sdnet_tile,pavement
utuh/pavement_089-166.jpg,0,utuh,test_pave,pavement,pavement_089,P/UP/089-166.jpg,"[0, 0, 256, 256]",1.0,sdnet_tile,pavement
utuh/pavement_089-180.jpg,0,utuh,test_pave,pavement,pavement_089,P/UP/089-180.jpg,"[0, 0, 256, 256]",1.0,sdnet_tile,pavement
utuh/pavement_089-182.jpg,0,utuh,test_pave,pavement,pavement_089,P/UP/089-182.jpg,"[0, 0, 256, 256]",1.0,sdnet_tile,pavement
utuh/pavement_089-185.jpg,0,utuh,test_pave,pavement,pavement_089,P/UP/089-185.jpg,"[0, 0, 256, 256]",1.0,sdnet_tile,pavement
utuh/pavement_089-207.jpg,0,utuh,test_pave,pavement,pavement_089,P/UP/089-207.jpg,"[0, 0, 256, 256]",1.0,sdnet_tile,pavement
utuh/pavement_089-211.jpg,0,utuh,test_pave,pavement,pavement_089,P/UP/089-211.jpg,"[0, 0, 256, 256]",1.0,sdnet_tile,pavement
utuh/pavement_089-221.jpg,0,utuh,test_pave,pavement,pavement_089,P/UP/089-221.jpg,"[0, 0, 256, 256]",1.0,sdnet_tile,pavement
utuh/pavement_089-223.jpg,0,utuh,test_pave,pavement,pavement_089,P/UP/089-223.jpg,"[0, 0, 256, 256]",1.0,sdnet_tile,pavement
utuh/pavement_089-228.jpg,0,utuh,test_pave,pavement,pavement_089,P/UP/089-228.jpg,"[0, 0, 256, 256]",1.0,sdnet_tile,pavement
utuh/pavement_089-229.jpg,0,utuh,test_pave,pavement,pavement_089,P/UP/089-229.jpg,"[0, 0, 256, 256]",1.0,sdnet_tile,pavement
utuh/pavement_089-4.jpg,0,utuh,test_pave,pavement,pavement_089,P/UP/089-4.jpg,"[0, 0, 256, 256]",1.0,sdnet_tile,pavement
utuh/pavement_089-50.jpg,0,utuh,test_pave,pavement,pavement_089,P/UP/089-50.jpg,"[0, 0, 256, 256]",1.0,sdnet_tile,pavement
utuh/pavement_089-54.jpg,0,utuh,test_pave,pavement,pavement_089,P/UP/089-54.jpg,"[0, 0, 256, 256]",1.0,sdnet_tile,pavement
utuh/pavement_089-69.jpg,0,utuh,test_pave,pavement,pavement_089,P/UP/089-69.jpg,"[0, 0, 256, 256]",1.0,sdnet_tile,pavement
utuh/pavement_089-77.jpg,0,utuh,test_pave,pavement,pavement_089,P/UP/089-77.jpg,"[0, 0, 256, 256]",1.0,sdnet_tile,pavement
utuh/pavement_089-98.jpg,0,utuh,test_pave,pavement,pavement_089,P/UP/089-98.jpg,"[0, 0, 256, 256]",1.0,sdnet_tile,pavement
utuh/pavement_090-10.jpg,0,utuh,test_pave,pavement,pavement_090,P/UP/090-10.jpg,"[0, 0, 256, 256]",1.0,sdnet_tile,pavement
utuh/pavement_090-106.jpg,0,utuh,test_pave,pavement,pavement_090,P/UP/090-106.jpg,"[0, 0, 256, 256]",1.0,sdnet_tile,pavement
utuh/pavement_090-113.jpg,0,utuh,test_pave,pavement,pavement_090,P/UP/090-113.jpg,"[0, 0, 256, 256]",1.0,sdnet_tile,pavement
utuh/pavement_090-116.jpg,0,utuh,test_pave,pavement,pavement_090,P/UP/090-116.jpg,"[0, 0, 256, 256]",1.0,sdnet_tile,pavement
utuh/pavement_090-12.jpg,0,utuh,test_pave,pavement,pavement_090,P/UP/090-12.jpg,"[0, 0, 256, 256]",1.0,sdnet_tile,pavement
utuh/pavement_090-127.jpg,0,utuh,test_pave,pavement,pavement_090,P/UP/090-127.jpg,"[0, 0, 256, 256]",1.0,sdnet_tile,pavement
utuh/pavement_090-133.jpg,0,utuh,test_pave,pavement,pavement_090,P/UP/090-133.jpg,"[0, 0, 256, 256]",1.0,sdnet_tile,pavement
utuh/pavement_090-135.jpg,0,utuh,test_pave,pavement,pavement_090,P/UP/090-135.jpg,"[0, 0, 256, 256]",1.0,sdnet_tile,pavement
utuh/pavement_090-136.jpg,0,utuh,test_pave,pavement,pavement_090,P/UP/090-136.jpg,"[0, 0, 256, 256]",1.0,sdnet_tile,pavement
utuh/pavement_090-15.jpg,0,utuh,test_pave,pavement,pavement_090,P/UP/090-15.jpg,"[0, 0, 256, 256]",1.0,sdnet_tile,pavement
utuh/pavement_090-150.jpg,0,utuh,test_pave,pavement,pavement_090,P/UP/090-150.jpg,"[0, 0, 256, 256]",1.0,sdnet_tile,pavement
utuh/pavement_090-155.jpg,0,utuh,test_pave,pavement,pavement_090,P/UP/090-155.jpg,"[0, 0, 256, 256]",1.0,sdnet_tile,pavement
utuh/pavement_090-16.jpg,0,utuh,test_pave,pavement,pavement_090,P/UP/090-16.jpg,"[0, 0, 256, 256]",1.0,sdnet_tile,pavement
utuh/pavement_090-166.jpg,0,utuh,test_pave,pavement,pavement_090,P/UP/090-166.jpg,"[0, 0, 256, 256]",1.0,sdnet_tile,pavement
utuh/pavement_090-169.jpg,0,utuh,test_pave,pavement,pavement_090,P/UP/090-169.jpg,"[0, 0, 256, 256]",1.0,sdnet_tile,pavement
utuh/pavement_090-183.jpg,0,utuh,test_pave,pavement,pavement_090,P/UP/090-183.jpg,"[0, 0, 256, 256]",1.0,sdnet_tile,pavement
utuh/pavement_090-196.jpg,0,utuh,test_pave,pavement,pavement_090,P/UP/090-196.jpg,"[0, 0, 256, 256]",1.0,sdnet_tile,pavement
utuh/pavement_090-30.jpg,0,utuh,test_pave,pavement,pavement_090,P/UP/090-30.jpg,"[0, 0, 256, 256]",1.0,sdnet_tile,pavement
utuh/pavement_090-49.jpg,0,utuh,test_pave,pavement,pavement_090,P/UP/090-49.jpg,"[0, 0, 256, 256]",1.0,sdnet_tile,pavement
utuh/pavement_090-6.jpg,0,utuh,test_pave,pavement,pavement_090,P/UP/090-6.jpg,"[0, 0, 256, 256]",1.0,sdnet_tile,pavement
utuh/pavement_090-60.jpg,0,utuh,test_pave,pavement,pavement_090,P/UP/090-60.jpg,"[0, 0, 256, 256]",1.0,sdnet_tile,pavement
utuh/pavement_090-61.jpg,0,utuh,test_pave,pavement,pavement_090,P/UP/090-61.jpg,"[0, 0, 256, 256]",1.0,sdnet_tile,pavement
utuh/pavement_090-88.jpg,0,utuh,test_pave,pavement,pavement_090,P/UP/090-88.jpg,"[0, 0, 256, 256]",1.0,sdnet_tile,pavement
utuh/pavement_091-112.jpg,0,utuh,test_pave,pavement,pavement_091,P/UP/091-112.jpg,"[0, 0, 256, 256]",1.0,sdnet_tile,pavement
utuh/pavement_091-113.jpg,0,utuh,test_pave,pavement,pavement_091,P/UP/091-113.jpg,"[0, 0, 256, 256]",1.0,sdnet_tile,pavement
utuh/pavement_091-126.jpg,0,utuh,test_pave,pavement,pavement_091,P/UP/091-126.jpg,"[0, 0, 256, 256]",1.0,sdnet_tile,pavement
utuh/pavement_091-133.jpg,0,utuh,test_pave,pavement,pavement_091,P/UP/091-133.jpg,"[0, 0, 256, 256]",1.0,sdnet_tile,pavement
utuh/pavement_091-144.jpg,0,utuh,test_pave,pavement,pavement_091,P/UP/091-144.jpg,"[0, 0, 256, 256]",1.0,sdnet_tile,pavement
utuh/pavement_091-155.jpg,0,utuh,test_pave,pavement,pavement_091,P/UP/091-155.jpg,"[0, 0, 256, 256]",1.0,sdnet_tile,pavement
utuh/pavement_091-167.jpg,0,utuh,test_pave,pavement,pavement_091,P/UP/091-167.jpg,"[0, 0, 256, 256]",1.0,sdnet_tile,pavement
utuh/pavement_091-17.jpg,0,utuh,test_pave,pavement,pavement_091,P/UP/091-17.jpg,"[0, 0, 256, 256]",1.0,sdnet_tile,pavement
utuh/pavement_091-170.jpg,0,utuh,test_pave,pavement,pavement_091,P/UP/091-170.jpg,"[0, 0, 256, 256]",1.0,sdnet_tile,pavement
utuh/pavement_091-172.jpg,0,utuh,test_pave,pavement,pavement_091,P/UP/091-172.jpg,"[0, 0, 256, 256]",1.0,sdnet_tile,pavement
utuh/pavement_091-175.jpg,0,utuh,test_pave,pavement,pavement_091,P/UP/091-175.jpg,"[0, 0, 256, 256]",1.0,sdnet_tile,pavement
utuh/pavement_091-176.jpg,0,utuh,test_pave,pavement,pavement_091,P/UP/091-176.jpg,"[0, 0, 256, 256]",1.0,sdnet_tile,pavement
utuh/pavement_091-186.jpg,0,utuh,test_pave,pavement,pavement_091,P/UP/091-186.jpg,"[0, 0, 256, 256]",1.0,sdnet_tile,pavement
utuh/pavement_091-199.jpg,0,utuh,test_pave,pavement,pavement_091,P/UP/091-199.jpg,"[0, 0, 256, 256]",1.0,sdnet_tile,pavement
utuh/pavement_091-206.jpg,0,utuh,test_pave,pavement,pavement_091,P/UP/091-206.jpg,"[0, 0, 256, 256]",1.0,sdnet_tile,pavement
utuh/pavement_091-21.jpg,0,utuh,test_pave,pavement,pavement_091,P/UP/091-21.jpg,"[0, 0, 256, 256]",1.0,sdnet_tile,pavement
utuh/pavement_091-24.jpg,0,utuh,test_pave,pavement,pavement_091,P/UP/091-24.jpg,"[0, 0, 256, 256]",1.0,sdnet_tile,pavement
utuh/pavement_091-32.jpg,0,utuh,test_pave,pavement,pavement_091,P/UP/091-32.jpg,"[0, 0, 256, 256]",1.0,sdnet_tile,pavement
utuh/pavement_091-34.jpg,0,utuh,test_pave,pavement,pavement_091,P/UP/091-34.jpg,"[0, 0, 256, 256]",1.0,sdnet_tile,pavement
utuh/pavement_091-36.jpg,0,utuh,test_pave,pavement,pavement_091,P/UP/091-36.jpg,"[0, 0, 256, 256]",1.0,sdnet_tile,pavement
utuh/pavement_091-59.jpg,0,utuh,test_pave,pavement,pavement_091,P/UP/091-59.jpg,"[0, 0, 256, 256]",1.0,sdnet_tile,pavement
utuh/pavement_091-61.jpg,0,utuh,test_pave,pavement,pavement_091,P/UP/091-61.jpg,"[0, 0, 256, 256]",1.0,sdnet_tile,pavement
utuh/pavement_091-7.jpg,0,utuh,test_pave,pavement,pavement_091,P/UP/091-7.jpg,"[0, 0, 256, 256]",1.0,sdnet_tile,pavement
utuh/pavement_092-101.jpg,0,utuh,test_pave,pavement,pavement_092,P/UP/092-101.jpg,"[0, 0, 256, 256]",1.0,sdnet_tile,pavement
utuh/pavement_092-107.jpg,0,utuh,test_pave,pavement,pavement_092,P/UP/092-107.jpg,"[0, 0, 256, 256]",1.0,sdnet_tile,pavement
utuh/pavement_092-116.jpg,0,utuh,test_pave,pavement,pavement_092,P/UP/092-116.jpg,"[0, 0, 256, 256]",1.0,sdnet_tile,pavement
utuh/pavement_092-125.jpg,0,utuh,test_pave,pavement,pavement_092,P/UP/092-125.jpg,"[0, 0, 256, 256]",1.0,sdnet_tile,pavement
utuh/pavement_092-126.jpg,0,utuh,test_pave,pavement,pavement_092,P/UP/092-126.jpg,"[0, 0, 256, 256]",1.0,sdnet_tile,pavement
utuh/pavement_092-128.jpg,0,utuh,test_pave,pavement,pavement_092,P/UP/092-128.jpg,"[0, 0, 256, 256]",1.0,sdnet_tile,pavement
utuh/pavement_092-13.jpg,0,utuh,test_pave,pavement,pavement_092,P/UP/092-13.jpg,"[0, 0, 256, 256]",1.0,sdnet_tile,pavement
utuh/pavement_092-133.jpg,0,utuh,test_pave,pavement,pavement_092,P/UP/092-133.jpg,"[0, 0, 256, 256]",1.0,sdnet_tile,pavement
utuh/pavement_092-134.jpg,0,utuh,test_pave,pavement,pavement_092,P/UP/092-134.jpg,"[0, 0, 256, 256]",1.0,sdnet_tile,pavement
utuh/pavement_092-143.jpg,0,utuh,test_pave,pavement,pavement_092,P/UP/092-143.jpg,"[0, 0, 256, 256]",1.0,sdnet_tile,pavement
utuh/pavement_092-158.jpg,0,utuh,test_pave,pavement,pavement_092,P/UP/092-158.jpg,"[0, 0, 256, 256]",1.0,sdnet_tile,pavement
utuh/pavement_092-164.jpg,0,utuh,test_pave,pavement,pavement_092,P/UP/092-164.jpg,"[0, 0, 256, 256]",1.0,sdnet_tile,pavement
utuh/pavement_092-176.jpg,0,utuh,test_pave,pavement,pavement_092,P/UP/092-176.jpg,"[0, 0, 256, 256]",1.0,sdnet_tile,pavement
utuh/pavement_092-18.jpg,0,utuh,test_pave,pavement,pavement_092,P/UP/092-18.jpg,"[0, 0, 256, 256]",1.0,sdnet_tile,pavement
utuh/pavement_092-182.jpg,0,utuh,test_pave,pavement,pavement_092,P/UP/092-182.jpg,"[0, 0, 256, 256]",1.0,sdnet_tile,pavement
utuh/pavement_092-215.jpg,0,utuh,test_pave,pavement,pavement_092,P/UP/092-215.jpg,"[0, 0, 256, 256]",1.0,sdnet_tile,pavement
utuh/pavement_092-216.jpg,0,utuh,test_pave,pavement,pavement_092,P/UP/092-216.jpg,"[0, 0, 256, 256]",1.0,sdnet_tile,pavement
utuh/pavement_092-232.jpg,0,utuh,test_pave,pavement,pavement_092,P/UP/092-232.jpg,"[0, 0, 256, 256]",1.0,sdnet_tile,pavement
utuh/pavement_092-233.jpg,0,utuh,test_pave,pavement,pavement_092,P/UP/092-233.jpg,"[0, 0, 256, 256]",1.0,sdnet_tile,pavement
utuh/pavement_092-30.jpg,0,utuh,test_pave,pavement,pavement_092,P/UP/092-30.jpg,"[0, 0, 256, 256]",1.0,sdnet_tile,pavement
utuh/pavement_092-78.jpg,0,utuh,test_pave,pavement,pavement_092,P/UP/092-78.jpg,"[0, 0, 256, 256]",1.0,sdnet_tile,pavement
utuh/pavement_092-8.jpg,0,utuh,test_pave,pavement,pavement_092,P/UP/092-8.jpg,"[0, 0, 256, 256]",1.0,sdnet_tile,pavement
utuh/pavement_092-99.jpg,0,utuh,test_pave,pavement,pavement_092,P/UP/092-99.jpg,"[0, 0, 256, 256]",1.0,sdnet_tile,pavement
utuh/pavement_093-107.jpg,0,utuh,test_pave,pavement,pavement_093,P/UP/093-107.jpg,"[0, 0, 256, 256]",1.0,sdnet_tile,pavement
utuh/pavement_093-112.jpg,0,utuh,test_pave,pavement,pavement_093,P/UP/093-112.jpg,"[0, 0, 256, 256]",1.0,sdnet_tile,pavement
utuh/pavement_093-116.jpg,0,utuh,test_pave,pavement,pavement_093,P/UP/093-116.jpg,"[0, 0, 256, 256]",1.0,sdnet_tile,pavement
utuh/pavement_093-132.jpg,0,utuh,test_pave,pavement,pavement_093,P/UP/093-132.jpg,"[0, 0, 256, 256]",1.0,sdnet_tile,pavement
utuh/pavement_093-143.jpg,0,utuh,test_pave,pavement,pavement_093,P/UP/093-143.jpg,"[0, 0, 256, 256]",1.0,sdnet_tile,pavement
utuh/pavement_093-146.jpg,0,utuh,test_pave,pavement,pavement_093,P/UP/093-146.jpg,"[0, 0, 256, 256]",1.0,sdnet_tile,pavement
utuh/pavement_093-152.jpg,0,utuh,test_pave,pavement,pavement_093,P/UP/093-152.jpg,"[0, 0, 256, 256]",1.0,sdnet_tile,pavement
utuh/pavement_093-176.jpg,0,utuh,test_pave,pavement,pavement_093,P/UP/093-176.jpg,"[0, 0, 256, 256]",1.0,sdnet_tile,pavement
utuh/pavement_093-200.jpg,0,utuh,test_pave,pavement,pavement_093,P/UP/093-200.jpg,"[0, 0, 256, 256]",1.0,sdnet_tile,pavement
utuh/pavement_093-204.jpg,0,utuh,test_pave,pavement,pavement_093,P/UP/093-204.jpg,"[0, 0, 256, 256]",1.0,sdnet_tile,pavement
utuh/pavement_093-210.jpg,0,utuh,test_pave,pavement,pavement_093,P/UP/093-210.jpg,"[0, 0, 256, 256]",1.0,sdnet_tile,pavement
utuh/pavement_093-218.jpg,0,utuh,test_pave,pavement,pavement_093,P/UP/093-218.jpg,"[0, 0, 256, 256]",1.0,sdnet_tile,pavement
utuh/pavement_093-28.jpg,0,utuh,test_pave,pavement,pavement_093,P/UP/093-28.jpg,"[0, 0, 256, 256]",1.0,sdnet_tile,pavement
utuh/pavement_093-30.jpg,0,utuh,test_pave,pavement,pavement_093,P/UP/093-30.jpg,"[0, 0, 256, 256]",1.0,sdnet_tile,pavement
utuh/pavement_093-32.jpg,0,utuh,test_pave,pavement,pavement_093,P/UP/093-32.jpg,"[0, 0, 256, 256]",1.0,sdnet_tile,pavement
utuh/pavement_093-34.jpg,0,utuh,test_pave,pavement,pavement_093,P/UP/093-34.jpg,"[0, 0, 256, 256]",1.0,sdnet_tile,pavement
utuh/pavement_093-40.jpg,0,utuh,test_pave,pavement,pavement_093,P/UP/093-40.jpg,"[0, 0, 256, 256]",1.0,sdnet_tile,pavement
utuh/pavement_093-6.jpg,0,utuh,test_pave,pavement,pavement_093,P/UP/093-6.jpg,"[0, 0, 256, 256]",1.0,sdnet_tile,pavement
utuh/pavement_093-60.jpg,0,utuh,test_pave,pavement,pavement_093,P/UP/093-60.jpg,"[0, 0, 256, 256]",1.0,sdnet_tile,pavement
utuh/pavement_093-68.jpg,0,utuh,test_pave,pavement,pavement_093,P/UP/093-68.jpg,"[0, 0, 256, 256]",1.0,sdnet_tile,pavement
utuh/pavement_093-77.jpg,0,utuh,test_pave,pavement,pavement_093,P/UP/093-77.jpg,"[0, 0, 256, 256]",1.0,sdnet_tile,pavement
utuh/pavement_093-83.jpg,0,utuh,test_pave,pavement,pavement_093,P/UP/093-83.jpg,"[0, 0, 256, 256]",1.0,sdnet_tile,pavement
utuh/pavement_093-86.jpg,0,utuh,test_pave,pavement,pavement_093,P/UP/093-86.jpg,"[0, 0, 256, 256]",1.0,sdnet_tile,pavement
utuh/pavement_094-13.jpg,0,utuh,test_pave,pavement,pavement_094,P/UP/094-13.jpg,"[0, 0, 256, 256]",1.0,sdnet_tile,pavement
utuh/pavement_094-14.jpg,0,utuh,test_pave,pavement,pavement_094,P/UP/094-14.jpg,"[0, 0, 256, 256]",1.0,sdnet_tile,pavement
utuh/pavement_094-140.jpg,0,utuh,test_pave,pavement,pavement_094,P/UP/094-140.jpg,"[0, 0, 256, 256]",1.0,sdnet_tile,pavement
utuh/pavement_094-144.jpg,0,utuh,test_pave,pavement,pavement_094,P/UP/094-144.jpg,"[0, 0, 256, 256]",1.0,sdnet_tile,pavement
utuh/pavement_094-171.jpg,0,utuh,test_pave,pavement,pavement_094,P/UP/094-171.jpg,"[0, 0, 256, 256]",1.0,sdnet_tile,pavement
utuh/pavement_094-172.jpg,0,utuh,test_pave,pavement,pavement_094,P/UP/094-172.jpg,"[0, 0, 256, 256]",1.0,sdnet_tile,pavement
utuh/pavement_094-176.jpg,0,utuh,test_pave,pavement,pavement_094,P/UP/094-176.jpg,"[0, 0, 256, 256]",1.0,sdnet_tile,pavement
utuh/pavement_094-184.jpg,0,utuh,test_pave,pavement,pavement_094,P/UP/094-184.jpg,"[0, 0, 256, 256]",1.0,sdnet_tile,pavement
utuh/pavement_094-189.jpg,0,utuh,test_pave,pavement,pavement_094,P/UP/094-189.jpg,"[0, 0, 256, 256]",1.0,sdnet_tile,pavement
utuh/pavement_094-192.jpg,0,utuh,test_pave,pavement,pavement_094,P/UP/094-192.jpg,"[0, 0, 256, 256]",1.0,sdnet_tile,pavement
utuh/pavement_094-194.jpg,0,utuh,test_pave,pavement,pavement_094,P/UP/094-194.jpg,"[0, 0, 256, 256]",1.0,sdnet_tile,pavement
utuh/pavement_094-221.jpg,0,utuh,test_pave,pavement,pavement_094,P/UP/094-221.jpg,"[0, 0, 256, 256]",1.0,sdnet_tile,pavement
utuh/pavement_094-228.jpg,0,utuh,test_pave,pavement,pavement_094,P/UP/094-228.jpg,"[0, 0, 256, 256]",1.0,sdnet_tile,pavement
utuh/pavement_094-230.jpg,0,utuh,test_pave,pavement,pavement_094,P/UP/094-230.jpg,"[0, 0, 256, 256]",1.0,sdnet_tile,pavement
utuh/pavement_094-31.jpg,0,utuh,test_pave,pavement,pavement_094,P/UP/094-31.jpg,"[0, 0, 256, 256]",1.0,sdnet_tile,pavement
utuh/pavement_094-37.jpg,0,utuh,test_pave,pavement,pavement_094,P/UP/094-37.jpg,"[0, 0, 256, 256]",1.0,sdnet_tile,pavement
utuh/pavement_094-45.jpg,0,utuh,test_pave,pavement,pavement_094,P/UP/094-45.jpg,"[0, 0, 256, 256]",1.0,sdnet_tile,pavement
utuh/pavement_094-5.jpg,0,utuh,test_pave,pavement,pavement_094,P/UP/094-5.jpg,"[0, 0, 256, 256]",1.0,sdnet_tile,pavement
utuh/pavement_094-56.jpg,0,utuh,test_pave,pavement,pavement_094,P/UP/094-56.jpg,"[0, 0, 256, 256]",1.0,sdnet_tile,pavement
utuh/pavement_094-61.jpg,0,utuh,test_pave,pavement,pavement_094,P/UP/094-61.jpg,"[0, 0, 256, 256]",1.0,sdnet_tile,pavement
utuh/pavement_094-65.jpg,0,utuh,test_pave,pavement,pavement_094,P/UP/094-65.jpg,"[0, 0, 256, 256]",1.0,sdnet_tile,pavement
utuh/pavement_094-87.jpg,0,utuh,test_pave,pavement,pavement_094,P/UP/094-87.jpg,"[0, 0, 256, 256]",1.0,sdnet_tile,pavement
utuh/pavement_094-91.jpg,0,utuh,test_pave,pavement,pavement_094,P/UP/094-91.jpg,"[0, 0, 256, 256]",1.0,sdnet_tile,pavement
utuh/pavement_095-12.jpg,0,utuh,test_pave,pavement,pavement_095,P/UP/095-12.jpg,"[0, 0, 256, 256]",1.0,sdnet_tile,pavement
utuh/pavement_095-120.jpg,0,utuh,test_pave,pavement,pavement_095,P/UP/095-120.jpg,"[0, 0, 256, 256]",1.0,sdnet_tile,pavement
utuh/pavement_095-122.jpg,0,utuh,test_pave,pavement,pavement_095,P/UP/095-122.jpg,"[0, 0, 256, 256]",1.0,sdnet_tile,pavement
utuh/pavement_095-128.jpg,0,utuh,test_pave,pavement,pavement_095,P/UP/095-128.jpg,"[0, 0, 256, 256]",1.0,sdnet_tile,pavement
utuh/pavement_095-133.jpg,0,utuh,test_pave,pavement,pavement_095,P/UP/095-133.jpg,"[0, 0, 256, 256]",1.0,sdnet_tile,pavement
utuh/pavement_095-141.jpg,0,utuh,test_pave,pavement,pavement_095,P/UP/095-141.jpg,"[0, 0, 256, 256]",1.0,sdnet_tile,pavement
utuh/pavement_095-152.jpg,0,utuh,test_pave,pavement,pavement_095,P/UP/095-152.jpg,"[0, 0, 256, 256]",1.0,sdnet_tile,pavement
utuh/pavement_095-157.jpg,0,utuh,test_pave,pavement,pavement_095,P/UP/095-157.jpg,"[0, 0, 256, 256]",1.0,sdnet_tile,pavement
utuh/pavement_095-178.jpg,0,utuh,test_pave,pavement,pavement_095,P/UP/095-178.jpg,"[0, 0, 256, 256]",1.0,sdnet_tile,pavement
utuh/pavement_095-188.jpg,0,utuh,test_pave,pavement,pavement_095,P/UP/095-188.jpg,"[0, 0, 256, 256]",1.0,sdnet_tile,pavement
utuh/pavement_095-190.jpg,0,utuh,test_pave,pavement,pavement_095,P/UP/095-190.jpg,"[0, 0, 256, 256]",1.0,sdnet_tile,pavement
utuh/pavement_095-195.jpg,0,utuh,test_pave,pavement,pavement_095,P/UP/095-195.jpg,"[0, 0, 256, 256]",1.0,sdnet_tile,pavement
utuh/pavement_095-199.jpg,0,utuh,test_pave,pavement,pavement_095,P/UP/095-199.jpg,"[0, 0, 256, 256]",1.0,sdnet_tile,pavement
utuh/pavement_095-206.jpg,0,utuh,test_pave,pavement,pavement_095,P/UP/095-206.jpg,"[0, 0, 256, 256]",1.0,sdnet_tile,pavement
utuh/pavement_095-222.jpg,0,utuh,test_pave,pavement,pavement_095,P/UP/095-222.jpg,"[0, 0, 256, 256]",1.0,sdnet_tile,pavement
utuh/pavement_095-225.jpg,0,utuh,test_pave,pavement,pavement_095,P/UP/095-225.jpg,"[0, 0, 256, 256]",1.0,sdnet_tile,pavement
utuh/pavement_095-23.jpg,0,utuh,test_pave,pavement,pavement_095,P/UP/095-23.jpg,"[0, 0, 256, 256]",1.0,sdnet_tile,pavement
utuh/pavement_095-230.jpg,0,utuh,test_pave,pavement,pavement_095,P/UP/095-230.jpg,"[0, 0, 256, 256]",1.0,sdnet_tile,pavement
utuh/pavement_095-25.jpg,0,utuh,test_pave,pavement,pavement_095,P/UP/095-25.jpg,"[0, 0, 256, 256]",1.0,sdnet_tile,pavement
utuh/pavement_095-63.jpg,0,utuh,test_pave,pavement,pavement_095,P/UP/095-63.jpg,"[0, 0, 256, 256]",1.0,sdnet_tile,pavement
utuh/pavement_095-68.jpg,0,utuh,test_pave,pavement,pavement_095,P/UP/095-68.jpg,"[0, 0, 256, 256]",1.0,sdnet_tile,pavement
utuh/pavement_095-7.jpg,0,utuh,test_pave,pavement,pavement_095,P/UP/095-7.jpg,"[0, 0, 256, 256]",1.0,sdnet_tile,pavement
utuh/pavement_095-71.jpg,0,utuh,test_pave,pavement,pavement_095,P/UP/095-71.jpg,"[0, 0, 256, 256]",1.0,sdnet_tile,pavement
utuh/pavement_096-1.jpg,0,utuh,test_pave,pavement,pavement_096,P/UP/096-1.jpg,"[0, 0, 256, 256]",1.0,sdnet_tile,pavement
utuh/pavement_096-125.jpg,0,utuh,test_pave,pavement,pavement_096,P/UP/096-125.jpg,"[0, 0, 256, 256]",1.0,sdnet_tile,pavement
utuh/pavement_096-126.jpg,0,utuh,test_pave,pavement,pavement_096,P/UP/096-126.jpg,"[0, 0, 256, 256]",1.0,sdnet_tile,pavement
utuh/pavement_096-130.jpg,0,utuh,test_pave,pavement,pavement_096,P/UP/096-130.jpg,"[0, 0, 256, 256]",1.0,sdnet_tile,pavement
utuh/pavement_096-134.jpg,0,utuh,test_pave,pavement,pavement_096,P/UP/096-134.jpg,"[0, 0, 256, 256]",1.0,sdnet_tile,pavement
utuh/pavement_096-135.jpg,0,utuh,test_pave,pavement,pavement_096,P/UP/096-135.jpg,"[0, 0, 256, 256]",1.0,sdnet_tile,pavement
utuh/pavement_096-144.jpg,0,utuh,test_pave,pavement,pavement_096,P/UP/096-144.jpg,"[0, 0, 256, 256]",1.0,sdnet_tile,pavement
utuh/pavement_096-158.jpg,0,utuh,test_pave,pavement,pavement_096,P/UP/096-158.jpg,"[0, 0, 256, 256]",1.0,sdnet_tile,pavement
utuh/pavement_096-16.jpg,0,utuh,test_pave,pavement,pavement_096,P/UP/096-16.jpg,"[0, 0, 256, 256]",1.0,sdnet_tile,pavement
utuh/pavement_096-162.jpg,0,utuh,test_pave,pavement,pavement_096,P/UP/096-162.jpg,"[0, 0, 256, 256]",1.0,sdnet_tile,pavement
utuh/pavement_096-168.jpg,0,utuh,test_pave,pavement,pavement_096,P/UP/096-168.jpg,"[0, 0, 256, 256]",1.0,sdnet_tile,pavement
utuh/pavement_096-179.jpg,0,utuh,test_pave,pavement,pavement_096,P/UP/096-179.jpg,"[0, 0, 256, 256]",1.0,sdnet_tile,pavement
utuh/pavement_096-2.jpg,0,utuh,test_pave,pavement,pavement_096,P/UP/096-2.jpg,"[0, 0, 256, 256]",1.0,sdnet_tile,pavement
utuh/pavement_096-200.jpg,0,utuh,test_pave,pavement,pavement_096,P/UP/096-200.jpg,"[0, 0, 256, 256]",1.0,sdnet_tile,pavement
utuh/pavement_096-201.jpg,0,utuh,test_pave,pavement,pavement_096,P/UP/096-201.jpg,"[0, 0, 256, 256]",1.0,sdnet_tile,pavement
utuh/pavement_096-207.jpg,0,utuh,test_pave,pavement,pavement_096,P/UP/096-207.jpg,"[0, 0, 256, 256]",1.0,sdnet_tile,pavement
utuh/pavement_096-214.jpg,0,utuh,test_pave,pavement,pavement_096,P/UP/096-214.jpg,"[0, 0, 256, 256]",1.0,sdnet_tile,pavement
utuh/pavement_096-221.jpg,0,utuh,test_pave,pavement,pavement_096,P/UP/096-221.jpg,"[0, 0, 256, 256]",1.0,sdnet_tile,pavement
utuh/pavement_096-42.jpg,0,utuh,test_pave,pavement,pavement_096,P/UP/096-42.jpg,"[0, 0, 256, 256]",1.0,sdnet_tile,pavement
utuh/pavement_096-51.jpg,0,utuh,test_pave,pavement,pavement_096,P/UP/096-51.jpg,"[0, 0, 256, 256]",1.0,sdnet_tile,pavement
utuh/pavement_096-56.jpg,0,utuh,test_pave,pavement,pavement_096,P/UP/096-56.jpg,"[0, 0, 256, 256]",1.0,sdnet_tile,pavement
utuh/pavement_096-83.jpg,0,utuh,test_pave,pavement,pavement_096,P/UP/096-83.jpg,"[0, 0, 256, 256]",1.0,sdnet_tile,pavement
utuh/pavement_096-85.jpg,0,utuh,test_pave,pavement,pavement_096,P/UP/096-85.jpg,"[0, 0, 256, 256]",1.0,sdnet_tile,pavement
utuh/pavement_097-103.jpg,0,utuh,test_pave,pavement,pavement_097,P/UP/097-103.jpg,"[0, 0, 256, 256]",1.0,sdnet_tile,pavement
utuh/pavement_097-122.jpg,0,utuh,test_pave,pavement,pavement_097,P/UP/097-122.jpg,"[0, 0, 256, 256]",1.0,sdnet_tile,pavement
utuh/pavement_097-124.jpg,0,utuh,test_pave,pavement,pavement_097,P/UP/097-124.jpg,"[0, 0, 256, 256]",1.0,sdnet_tile,pavement
utuh/pavement_097-130.jpg,0,utuh,test_pave,pavement,pavement_097,P/UP/097-130.jpg,"[0, 0, 256, 256]",1.0,sdnet_tile,pavement
utuh/pavement_097-143.jpg,0,utuh,test_pave,pavement,pavement_097,P/UP/097-143.jpg,"[0, 0, 256, 256]",1.0,sdnet_tile,pavement
utuh/pavement_097-150.jpg,0,utuh,test_pave,pavement,pavement_097,P/UP/097-150.jpg,"[0, 0, 256, 256]",1.0,sdnet_tile,pavement
utuh/pavement_097-157.jpg,0,utuh,test_pave,pavement,pavement_097,P/UP/097-157.jpg,"[0, 0, 256, 256]",1.0,sdnet_tile,pavement
utuh/pavement_097-16.jpg,0,utuh,test_pave,pavement,pavement_097,P/UP/097-16.jpg,"[0, 0, 256, 256]",1.0,sdnet_tile,pavement
utuh/pavement_097-163.jpg,0,utuh,test_pave,pavement,pavement_097,P/UP/097-163.jpg,"[0, 0, 256, 256]",1.0,sdnet_tile,pavement
utuh/pavement_097-166.jpg,0,utuh,test_pave,pavement,pavement_097,P/UP/097-166.jpg,"[0, 0, 256, 256]",1.0,sdnet_tile,pavement
utuh/pavement_097-167.jpg,0,utuh,test_pave,pavement,pavement_097,P/UP/097-167.jpg,"[0, 0, 256, 256]",1.0,sdnet_tile,pavement
utuh/pavement_097-174.jpg,0,utuh,test_pave,pavement,pavement_097,P/UP/097-174.jpg,"[0, 0, 256, 256]",1.0,sdnet_tile,pavement
utuh/pavement_097-197.jpg,0,utuh,test_pave,pavement,pavement_097,P/UP/097-197.jpg,"[0, 0, 256, 256]",1.0,sdnet_tile,pavement
utuh/pavement_097-214.jpg,0,utuh,test_pave,pavement,pavement_097,P/UP/097-214.jpg,"[0, 0, 256, 256]",1.0,sdnet_tile,pavement
utuh/pavement_097-216.jpg,0,utuh,test_pave,pavement,pavement_097,P/UP/097-216.jpg,"[0, 0, 256, 256]",1.0,sdnet_tile,pavement
utuh/pavement_097-220.jpg,0,utuh,test_pave,pavement,pavement_097,P/UP/097-220.jpg,"[0, 0, 256, 256]",1.0,sdnet_tile,pavement
utuh/pavement_097-28.jpg,0,utuh,test_pave,pavement,pavement_097,P/UP/097-28.jpg,"[0, 0, 256, 256]",1.0,sdnet_tile,pavement
utuh/pavement_097-29.jpg,0,utuh,test_pave,pavement,pavement_097,P/UP/097-29.jpg,"[0, 0, 256, 256]",1.0,sdnet_tile,pavement
utuh/pavement_097-33.jpg,0,utuh,test_pave,pavement,pavement_097,P/UP/097-33.jpg,"[0, 0, 256, 256]",1.0,sdnet_tile,pavement
utuh/pavement_097-48.jpg,0,utuh,test_pave,pavement,pavement_097,P/UP/097-48.jpg,"[0, 0, 256, 256]",1.0,sdnet_tile,pavement
utuh/pavement_097-72.jpg,0,utuh,test_pave,pavement,pavement_097,P/UP/097-72.jpg,"[0, 0, 256, 256]",1.0,sdnet_tile,pavement
utuh/pavement_097-73.jpg,0,utuh,test_pave,pavement,pavement_097,P/UP/097-73.jpg,"[0, 0, 256, 256]",1.0,sdnet_tile,pavement
utuh/pavement_097-79.jpg,0,utuh,test_pave,pavement,pavement_097,P/UP/097-79.jpg,"[0, 0, 256, 256]",1.0,sdnet_tile,pavement
utuh/pavement_098-10.jpg,0,utuh,test_pave,pavement,pavement_098,P/UP/098-10.jpg,"[0, 0, 256, 256]",1.0,sdnet_tile,pavement
utuh/pavement_098-118.jpg,0,utuh,test_pave,pavement,pavement_098,P/UP/098-118.jpg,"[0, 0, 256, 256]",1.0,sdnet_tile,pavement
utuh/pavement_098-12.jpg,0,utuh,test_pave,pavement,pavement_098,P/UP/098-12.jpg,"[0, 0, 256, 256]",1.0,sdnet_tile,pavement
utuh/pavement_098-121.jpg,0,utuh,test_pave,pavement,pavement_098,P/UP/098-121.jpg,"[0, 0, 256, 256]",1.0,sdnet_tile,pavement
utuh/pavement_098-13.jpg,0,utuh,test_pave,pavement,pavement_098,P/UP/098-13.jpg,"[0, 0, 256, 256]",1.0,sdnet_tile,pavement
utuh/pavement_098-135.jpg,0,utuh,test_pave,pavement,pavement_098,P/UP/098-135.jpg,"[0, 0, 256, 256]",1.0,sdnet_tile,pavement
utuh/pavement_098-143.jpg,0,utuh,test_pave,pavement,pavement_098,P/UP/098-143.jpg,"[0, 0, 256, 256]",1.0,sdnet_tile,pavement
utuh/pavement_098-152.jpg,0,utuh,test_pave,pavement,pavement_098,P/UP/098-152.jpg,"[0, 0, 256, 256]",1.0,sdnet_tile,pavement
utuh/pavement_098-155.jpg,0,utuh,test_pave,pavement,pavement_098,P/UP/098-155.jpg,"[0, 0, 256, 256]",1.0,sdnet_tile,pavement
utuh/pavement_098-193.jpg,0,utuh,test_pave,pavement,pavement_098,P/UP/098-193.jpg,"[0, 0, 256, 256]",1.0,sdnet_tile,pavement
utuh/pavement_098-201.jpg,0,utuh,test_pave,pavement,pavement_098,P/UP/098-201.jpg,"[0, 0, 256, 256]",1.0,sdnet_tile,pavement
utuh/pavement_098-204.jpg,0,utuh,test_pave,pavement,pavement_098,P/UP/098-204.jpg,"[0, 0, 256, 256]",1.0,sdnet_tile,pavement
utuh/pavement_098-21.jpg,0,utuh,test_pave,pavement,pavement_098,P/UP/098-21.jpg,"[0, 0, 256, 256]",1.0,sdnet_tile,pavement
utuh/pavement_098-234.jpg,0,utuh,test_pave,pavement,pavement_098,P/UP/098-234.jpg,"[0, 0, 256, 256]",1.0,sdnet_tile,pavement
utuh/pavement_098-44.jpg,0,utuh,test_pave,pavement,pavement_098,P/UP/098-44.jpg,"[0, 0, 256, 256]",1.0,sdnet_tile,pavement
utuh/pavement_098-53.jpg,0,utuh,test_pave,pavement,pavement_098,P/UP/098-53.jpg,"[0, 0, 256, 256]",1.0,sdnet_tile,pavement
utuh/pavement_098-57.jpg,0,utuh,test_pave,pavement,pavement_098,P/UP/098-57.jpg,"[0, 0, 256, 256]",1.0,sdnet_tile,pavement
utuh/pavement_098-61.jpg,0,utuh,test_pave,pavement,pavement_098,P/UP/098-61.jpg,"[0, 0, 256, 256]",1.0,sdnet_tile,pavement
utuh/pavement_098-62.jpg,0,utuh,test_pave,pavement,pavement_098,P/UP/098-62.jpg,"[0, 0, 256, 256]",1.0,sdnet_tile,pavement
utuh/pavement_098-68.jpg,0,utuh,test_pave,pavement,pavement_098,P/UP/098-68.jpg,"[0, 0, 256, 256]",1.0,sdnet_tile,pavement
utuh/pavement_098-70.jpg,0,utuh,test_pave,pavement,pavement_098,P/UP/098-70.jpg,"[0, 0, 256, 256]",1.0,sdnet_tile,pavement
utuh/pavement_098-82.jpg,0,utuh,test_pave,pavement,pavement_098,P/UP/098-82.jpg,"[0, 0, 256, 256]",1.0,sdnet_tile,pavement
utuh/pavement_098-9.jpg,0,utuh,test_pave,pavement,pavement_098,P/UP/098-9.jpg,"[0, 0, 256, 256]",1.0,sdnet_tile,pavement
utuh/pavement_099-109.jpg,0,utuh,test_pave,pavement,pavement_099,P/UP/099-109.jpg,"[0, 0, 256, 256]",1.0,sdnet_tile,pavement
utuh/pavement_099-137.jpg,0,utuh,test_pave,pavement,pavement_099,P/UP/099-137.jpg,"[0, 0, 256, 256]",1.0,sdnet_tile,pavement
utuh/pavement_099-163.jpg,0,utuh,test_pave,pavement,pavement_099,P/UP/099-163.jpg,"[0, 0, 256, 256]",1.0,sdnet_tile,pavement
utuh/pavement_099-164.jpg,0,utuh,test_pave,pavement,pavement_099,P/UP/099-164.jpg,"[0, 0, 256, 256]",1.0,sdnet_tile,pavement
utuh/pavement_099-165.jpg,0,utuh,test_pave,pavement,pavement_099,P/UP/099-165.jpg,"[0, 0, 256, 256]",1.0,sdnet_tile,pavement
utuh/pavement_099-173.jpg,0,utuh,test_pave,pavement,pavement_099,P/UP/099-173.jpg,"[0, 0, 256, 256]",1.0,sdnet_tile,pavement
utuh/pavement_099-181.jpg,0,utuh,test_pave,pavement,pavement_099,P/UP/099-181.jpg,"[0, 0, 256, 256]",1.0,sdnet_tile,pavement
utuh/pavement_099-188.jpg,0,utuh,test_pave,pavement,pavement_099,P/UP/099-188.jpg,"[0, 0, 256, 256]",1.0,sdnet_tile,pavement
utuh/pavement_099-194.jpg,0,utuh,test_pave,pavement,pavement_099,P/UP/099-194.jpg,"[0, 0, 256, 256]",1.0,sdnet_tile,pavement
utuh/pavement_099-199.jpg,0,utuh,test_pave,pavement,pavement_099,P/UP/099-199.jpg,"[0, 0, 256, 256]",1.0,sdnet_tile,pavement
utuh/pavement_099-202.jpg,0,utuh,test_pave,pavement,pavement_099,P/UP/099-202.jpg,"[0, 0, 256, 256]",1.0,sdnet_tile,pavement
utuh/pavement_099-204.jpg,0,utuh,test_pave,pavement,pavement_099,P/UP/099-204.jpg,"[0, 0, 256, 256]",1.0,sdnet_tile,pavement
utuh/pavement_099-207.jpg,0,utuh,test_pave,pavement,pavement_099,P/UP/099-207.jpg,"[0, 0, 256, 256]",1.0,sdnet_tile,pavement
utuh/pavement_099-209.jpg,0,utuh,test_pave,pavement,pavement_099,P/UP/099-209.jpg,"[0, 0, 256, 256]",1.0,sdnet_tile,pavement
utuh/pavement_099-224.jpg,0,utuh,test_pave,pavement,pavement_099,P/UP/099-224.jpg,"[0, 0, 256, 256]",1.0,sdnet_tile,pavement
utuh/pavement_099-3.jpg,0,utuh,test_pave,pavement,pavement_099,P/UP/099-3.jpg,"[0, 0, 256, 256]",1.0,sdnet_tile,pavement
utuh/pavement_099-49.jpg,0,utuh,test_pave,pavement,pavement_099,P/UP/099-49.jpg,"[0, 0, 256, 256]",1.0,sdnet_tile,pavement
utuh/pavement_099-59.jpg,0,utuh,test_pave,pavement,pavement_099,P/UP/099-59.jpg,"[0, 0, 256, 256]",1.0,sdnet_tile,pavement
utuh/pavement_099-7.jpg,0,utuh,test_pave,pavement,pavement_099,P/UP/099-7.jpg,"[0, 0, 256, 256]",1.0,sdnet_tile,pavement
utuh/pavement_099-70.jpg,0,utuh,test_pave,pavement,pavement_099,P/UP/099-70.jpg,"[0, 0, 256, 256]",1.0,sdnet_tile,pavement
utuh/pavement_099-8.jpg,0,utuh,test_pave,pavement,pavement_099,P/UP/099-8.jpg,"[0, 0, 256, 256]",1.0,sdnet_tile,pavement
utuh/pavement_099-84.jpg,0,utuh,test_pave,pavement,pavement_099,P/UP/099-84.jpg,"[0, 0, 256, 256]",1.0,sdnet_tile,pavement
utuh/pavement_099-85.jpg,0,utuh,test_pave,pavement,pavement_099,P/UP/099-85.jpg,"[0, 0, 256, 256]",1.0,sdnet_tile,pavement
utuh/pavement_100-109.jpg,0,utuh,test_pave,pavement,pavement_100,P/UP/100-109.jpg,"[0, 0, 256, 256]",1.0,sdnet_tile,pavement
utuh/pavement_100-11.jpg,0,utuh,test_pave,pavement,pavement_100,P/UP/100-11.jpg,"[0, 0, 256, 256]",1.0,sdnet_tile,pavement
utuh/pavement_100-116.jpg,0,utuh,test_pave,pavement,pavement_100,P/UP/100-116.jpg,"[0, 0, 256, 256]",1.0,sdnet_tile,pavement
utuh/pavement_100-129.jpg,0,utuh,test_pave,pavement,pavement_100,P/UP/100-129.jpg,"[0, 0, 256, 256]",1.0,sdnet_tile,pavement
utuh/pavement_100-152.jpg,0,utuh,test_pave,pavement,pavement_100,P/UP/100-152.jpg,"[0, 0, 256, 256]",1.0,sdnet_tile,pavement
utuh/pavement_100-154.jpg,0,utuh,test_pave,pavement,pavement_100,P/UP/100-154.jpg,"[0, 0, 256, 256]",1.0,sdnet_tile,pavement
utuh/pavement_100-16.jpg,0,utuh,test_pave,pavement,pavement_100,P/UP/100-16.jpg,"[0, 0, 256, 256]",1.0,sdnet_tile,pavement
utuh/pavement_100-172.jpg,0,utuh,test_pave,pavement,pavement_100,P/UP/100-172.jpg,"[0, 0, 256, 256]",1.0,sdnet_tile,pavement
utuh/pavement_100-182.jpg,0,utuh,test_pave,pavement,pavement_100,P/UP/100-182.jpg,"[0, 0, 256, 256]",1.0,sdnet_tile,pavement
utuh/pavement_100-201.jpg,0,utuh,test_pave,pavement,pavement_100,P/UP/100-201.jpg,"[0, 0, 256, 256]",1.0,sdnet_tile,pavement
utuh/pavement_100-21.jpg,0,utuh,test_pave,pavement,pavement_100,P/UP/100-21.jpg,"[0, 0, 256, 256]",1.0,sdnet_tile,pavement
utuh/pavement_100-212.jpg,0,utuh,test_pave,pavement,pavement_100,P/UP/100-212.jpg,"[0, 0, 256, 256]",1.0,sdnet_tile,pavement
utuh/pavement_100-215.jpg,0,utuh,test_pave,pavement,pavement_100,P/UP/100-215.jpg,"[0, 0, 256, 256]",1.0,sdnet_tile,pavement
utuh/pavement_100-221.jpg,0,utuh,test_pave,pavement,pavement_100,P/UP/100-221.jpg,"[0, 0, 256, 256]",1.0,sdnet_tile,pavement
utuh/pavement_100-232.jpg,0,utuh,test_pave,pavement,pavement_100,P/UP/100-232.jpg,"[0, 0, 256, 256]",1.0,sdnet_tile,pavement
utuh/pavement_100-28.jpg,0,utuh,test_pave,pavement,pavement_100,P/UP/100-28.jpg,"[0, 0, 256, 256]",1.0,sdnet_tile,pavement
utuh/pavement_100-31.jpg,0,utuh,test_pave,pavement,pavement_100,P/UP/100-31.jpg,"[0, 0, 256, 256]",1.0,sdnet_tile,pavement
utuh/pavement_100-38.jpg,0,utuh,test_pave,pavement,pavement_100,P/UP/100-38.jpg,"[0, 0, 256, 256]",1.0,sdnet_tile,pavement
utuh/pavement_100-51.jpg,0,utuh,test_pave,pavement,pavement_100,P/UP/100-51.jpg,"[0, 0, 256, 256]",1.0,sdnet_tile,pavement
utuh/pavement_100-63.jpg,0,utuh,test_pave,pavement,pavement_100,P/UP/100-63.jpg,"[0, 0, 256, 256]",1.0,sdnet_tile,pavement
utuh/pavement_100-64.jpg,0,utuh,test_pave,pavement,pavement_100,P/UP/100-64.jpg,"[0, 0, 256, 256]",1.0,sdnet_tile,pavement
utuh/pavement_100-67.jpg,0,utuh,test_pave,pavement,pavement_100,P/UP/100-67.jpg,"[0, 0, 256, 256]",1.0,sdnet_tile,pavement
utuh/pavement_100-89.jpg,0,utuh,test_pave,pavement,pavement_100,P/UP/100-89.jpg,"[0, 0, 256, 256]",1.0,sdnet_tile,pavement
utuh/pavement_101-146.jpg,0,utuh,test_pave,pavement,pavement_101,P/UP/101-146.jpg,"[0, 0, 256, 256]",1.0,sdnet_tile,pavement
utuh/pavement_101-148.jpg,0,utuh,test_pave,pavement,pavement_101,P/UP/101-148.jpg,"[0, 0, 256, 256]",1.0,sdnet_tile,pavement
utuh/pavement_101-155.jpg,0,utuh,test_pave,pavement,pavement_101,P/UP/101-155.jpg,"[0, 0, 256, 256]",1.0,sdnet_tile,pavement
utuh/pavement_101-162.jpg,0,utuh,test_pave,pavement,pavement_101,P/UP/101-162.jpg,"[0, 0, 256, 256]",1.0,sdnet_tile,pavement
utuh/pavement_101-165.jpg,0,utuh,test_pave,pavement,pavement_101,P/UP/101-165.jpg,"[0, 0, 256, 256]",1.0,sdnet_tile,pavement
utuh/pavement_101-167.jpg,0,utuh,test_pave,pavement,pavement_101,P/UP/101-167.jpg,"[0, 0, 256, 256]",1.0,sdnet_tile,pavement
utuh/pavement_101-17.jpg,0,utuh,test_pave,pavement,pavement_101,P/UP/101-17.jpg,"[0, 0, 256, 256]",1.0,sdnet_tile,pavement
utuh/pavement_101-170.jpg,0,utuh,test_pave,pavement,pavement_101,P/UP/101-170.jpg,"[0, 0, 256, 256]",1.0,sdnet_tile,pavement
utuh/pavement_101-173.jpg,0,utuh,test_pave,pavement,pavement_101,P/UP/101-173.jpg,"[0, 0, 256, 256]",1.0,sdnet_tile,pavement
utuh/pavement_101-179.jpg,0,utuh,test_pave,pavement,pavement_101,P/UP/101-179.jpg,"[0, 0, 256, 256]",1.0,sdnet_tile,pavement
utuh/pavement_101-183.jpg,0,utuh,test_pave,pavement,pavement_101,P/UP/101-183.jpg,"[0, 0, 256, 256]",1.0,sdnet_tile,pavement
utuh/pavement_101-192.jpg,0,utuh,test_pave,pavement,pavement_101,P/UP/101-192.jpg,"[0, 0, 256, 256]",1.0,sdnet_tile,pavement
utuh/pavement_101-206.jpg,0,utuh,test_pave,pavement,pavement_101,P/UP/101-206.jpg,"[0, 0, 256, 256]",1.0,sdnet_tile,pavement
utuh/pavement_101-217.jpg,0,utuh,test_pave,pavement,pavement_101,P/UP/101-217.jpg,"[0, 0, 256, 256]",1.0,sdnet_tile,pavement
utuh/pavement_101-221.jpg,0,utuh,test_pave,pavement,pavement_101,P/UP/101-221.jpg,"[0, 0, 256, 256]",1.0,sdnet_tile,pavement
utuh/pavement_101-225.jpg,0,utuh,test_pave,pavement,pavement_101,P/UP/101-225.jpg,"[0, 0, 256, 256]",1.0,sdnet_tile,pavement
utuh/pavement_101-227.jpg,0,utuh,test_pave,pavement,pavement_101,P/UP/101-227.jpg,"[0, 0, 256, 256]",1.0,sdnet_tile,pavement
utuh/pavement_101-32.jpg,0,utuh,test_pave,pavement,pavement_101,P/UP/101-32.jpg,"[0, 0, 256, 256]",1.0,sdnet_tile,pavement
utuh/pavement_101-33.jpg,0,utuh,test_pave,pavement,pavement_101,P/UP/101-33.jpg,"[0, 0, 256, 256]",1.0,sdnet_tile,pavement
utuh/pavement_101-36.jpg,0,utuh,test_pave,pavement,pavement_101,P/UP/101-36.jpg,"[0, 0, 256, 256]",1.0,sdnet_tile,pavement
utuh/pavement_101-40.jpg,0,utuh,test_pave,pavement,pavement_101,P/UP/101-40.jpg,"[0, 0, 256, 256]",1.0,sdnet_tile,pavement
utuh/pavement_101-69.jpg,0,utuh,test_pave,pavement,pavement_101,P/UP/101-69.jpg,"[0, 0, 256, 256]",1.0,sdnet_tile,pavement
utuh/pavement_101-92.jpg,0,utuh,test_pave,pavement,pavement_101,P/UP/101-92.jpg,"[0, 0, 256, 256]",1.0,sdnet_tile,pavement
utuh/pavement_102-104.jpg,0,utuh,test_pave,pavement,pavement_102,P/UP/102-104.jpg,"[0, 0, 256, 256]",1.0,sdnet_tile,pavement
utuh/pavement_102-12.jpg,0,utuh,test_pave,pavement,pavement_102,P/UP/102-12.jpg,"[0, 0, 256, 256]",1.0,sdnet_tile,pavement
utuh/pavement_102-122.jpg,0,utuh,test_pave,pavement,pavement_102,P/UP/102-122.jpg,"[0, 0, 256, 256]",1.0,sdnet_tile,pavement
utuh/pavement_102-123.jpg,0,utuh,test_pave,pavement,pavement_102,P/UP/102-123.jpg,"[0, 0, 256, 256]",1.0,sdnet_tile,pavement
utuh/pavement_102-147.jpg,0,utuh,test_pave,pavement,pavement_102,P/UP/102-147.jpg,"[0, 0, 256, 256]",1.0,sdnet_tile,pavement
utuh/pavement_102-148.jpg,0,utuh,test_pave,pavement,pavement_102,P/UP/102-148.jpg,"[0, 0, 256, 256]",1.0,sdnet_tile,pavement
utuh/pavement_102-15.jpg,0,utuh,test_pave,pavement,pavement_102,P/UP/102-15.jpg,"[0, 0, 256, 256]",1.0,sdnet_tile,pavement
utuh/pavement_102-162.jpg,0,utuh,test_pave,pavement,pavement_102,P/UP/102-162.jpg,"[0, 0, 256, 256]",1.0,sdnet_tile,pavement
utuh/pavement_102-184.jpg,0,utuh,test_pave,pavement,pavement_102,P/UP/102-184.jpg,"[0, 0, 256, 256]",1.0,sdnet_tile,pavement
utuh/pavement_102-187.jpg,0,utuh,test_pave,pavement,pavement_102,P/UP/102-187.jpg,"[0, 0, 256, 256]",1.0,sdnet_tile,pavement
utuh/pavement_102-19.jpg,0,utuh,test_pave,pavement,pavement_102,P/UP/102-19.jpg,"[0, 0, 256, 256]",1.0,sdnet_tile,pavement
utuh/pavement_102-190.jpg,0,utuh,test_pave,pavement,pavement_102,P/UP/102-190.jpg,"[0, 0, 256, 256]",1.0,sdnet_tile,pavement
utuh/pavement_102-192.jpg,0,utuh,test_pave,pavement,pavement_102,P/UP/102-192.jpg,"[0, 0, 256, 256]",1.0,sdnet_tile,pavement
utuh/pavement_102-194.jpg,0,utuh,test_pave,pavement,pavement_102,P/UP/102-194.jpg,"[0, 0, 256, 256]",1.0,sdnet_tile,pavement
utuh/pavement_102-197.jpg,0,utuh,test_pave,pavement,pavement_102,P/UP/102-197.jpg,"[0, 0, 256, 256]",1.0,sdnet_tile,pavement
utuh/pavement_102-210.jpg,0,utuh,test_pave,pavement,pavement_102,P/UP/102-210.jpg,"[0, 0, 256, 256]",1.0,sdnet_tile,pavement
utuh/pavement_102-222.jpg,0,utuh,test_pave,pavement,pavement_102,P/UP/102-222.jpg,"[0, 0, 256, 256]",1.0,sdnet_tile,pavement
utuh/pavement_102-24.jpg,0,utuh,test_pave,pavement,pavement_102,P/UP/102-24.jpg,"[0, 0, 256, 256]",1.0,sdnet_tile,pavement
utuh/pavement_102-25.jpg,0,utuh,test_pave,pavement,pavement_102,P/UP/102-25.jpg,"[0, 0, 256, 256]",1.0,sdnet_tile,pavement
utuh/pavement_102-30.jpg,0,utuh,test_pave,pavement,pavement_102,P/UP/102-30.jpg,"[0, 0, 256, 256]",1.0,sdnet_tile,pavement
utuh/pavement_102-56.jpg,0,utuh,test_pave,pavement,pavement_102,P/UP/102-56.jpg,"[0, 0, 256, 256]",1.0,sdnet_tile,pavement
utuh/pavement_102-68.jpg,0,utuh,test_pave,pavement,pavement_102,P/UP/102-68.jpg,"[0, 0, 256, 256]",1.0,sdnet_tile,pavement
utuh/pavement_102-70.jpg,0,utuh,test_pave,pavement,pavement_102,P/UP/102-70.jpg,"[0, 0, 256, 256]",1.0,sdnet_tile,pavement
utuh/pavement_103-101.jpg,0,utuh,test_pave,pavement,pavement_103,P/UP/103-101.jpg,"[0, 0, 256, 256]",1.0,sdnet_tile,pavement
utuh/pavement_103-110.jpg,0,utuh,test_pave,pavement,pavement_103,P/UP/103-110.jpg,"[0, 0, 256, 256]",1.0,sdnet_tile,pavement
utuh/pavement_103-116.jpg,0,utuh,test_pave,pavement,pavement_103,P/UP/103-116.jpg,"[0, 0, 256, 256]",1.0,sdnet_tile,pavement
utuh/pavement_103-145.jpg,0,utuh,test_pave,pavement,pavement_103,P/UP/103-145.jpg,"[0, 0, 256, 256]",1.0,sdnet_tile,pavement
utuh/pavement_103-148.jpg,0,utuh,test_pave,pavement,pavement_103,P/UP/103-148.jpg,"[0, 0, 256, 256]",1.0,sdnet_tile,pavement
utuh/pavement_103-16.jpg,0,utuh,test_pave,pavement,pavement_103,P/UP/103-16.jpg,"[0, 0, 256, 256]",1.0,sdnet_tile,pavement
utuh/pavement_103-18.jpg,0,utuh,test_pave,pavement,pavement_103,P/UP/103-18.jpg,"[0, 0, 256, 256]",1.0,sdnet_tile,pavement
utuh/pavement_103-187.jpg,0,utuh,test_pave,pavement,pavement_103,P/UP/103-187.jpg,"[0, 0, 256, 256]",1.0,sdnet_tile,pavement
utuh/pavement_103-194.jpg,0,utuh,test_pave,pavement,pavement_103,P/UP/103-194.jpg,"[0, 0, 256, 256]",1.0,sdnet_tile,pavement
utuh/pavement_103-20.jpg,0,utuh,test_pave,pavement,pavement_103,P/UP/103-20.jpg,"[0, 0, 256, 256]",1.0,sdnet_tile,pavement
utuh/pavement_103-200.jpg,0,utuh,test_pave,pavement,pavement_103,P/UP/103-200.jpg,"[0, 0, 256, 256]",1.0,sdnet_tile,pavement
utuh/pavement_103-214.jpg,0,utuh,test_pave,pavement,pavement_103,P/UP/103-214.jpg,"[0, 0, 256, 256]",1.0,sdnet_tile,pavement
utuh/pavement_103-225.jpg,0,utuh,test_pave,pavement,pavement_103,P/UP/103-225.jpg,"[0, 0, 256, 256]",1.0,sdnet_tile,pavement
utuh/pavement_103-230.jpg,0,utuh,test_pave,pavement,pavement_103,P/UP/103-230.jpg,"[0, 0, 256, 256]",1.0,sdnet_tile,pavement
utuh/pavement_103-231.jpg,0,utuh,test_pave,pavement,pavement_103,P/UP/103-231.jpg,"[0, 0, 256, 256]",1.0,sdnet_tile,pavement
utuh/pavement_103-45.jpg,0,utuh,test_pave,pavement,pavement_103,P/UP/103-45.jpg,"[0, 0, 256, 256]",1.0,sdnet_tile,pavement
utuh/pavement_103-51.jpg,0,utuh,test_pave,pavement,pavement_103,P/UP/103-51.jpg,"[0, 0, 256, 256]",1.0,sdnet_tile,pavement
utuh/pavement_103-53.jpg,0,utuh,test_pave,pavement,pavement_103,P/UP/103-53.jpg,"[0, 0, 256, 256]",1.0,sdnet_tile,pavement
utuh/pavement_103-6.jpg,0,utuh,test_pave,pavement,pavement_103,P/UP/103-6.jpg,"[0, 0, 256, 256]",1.0,sdnet_tile,pavement
utuh/pavement_103-62.jpg,0,utuh,test_pave,pavement,pavement_103,P/UP/103-62.jpg,"[0, 0, 256, 256]",1.0,sdnet_tile,pavement
utuh/pavement_103-66.jpg,0,utuh,test_pave,pavement,pavement_103,P/UP/103-66.jpg,"[0, 0, 256, 256]",1.0,sdnet_tile,pavement
utuh/pavement_103-89.jpg,0,utuh,test_pave,pavement,pavement_103,P/UP/103-89.jpg,"[0, 0, 256, 256]",1.0,sdnet_tile,pavement
utuh/pavement_103-91.jpg,0,utuh,test_pave,pavement,pavement_103,P/UP/103-91.jpg,"[0, 0, 256, 256]",1.0,sdnet_tile,pavement
utuh/pavement_104-124.jpg,0,utuh,test_pave,pavement,pavement_104,P/UP/104-124.jpg,"[0, 0, 256, 256]",1.0,sdnet_tile,pavement
utuh/pavement_104-126.jpg,0,utuh,test_pave,pavement,pavement_104,P/UP/104-126.jpg,"[0, 0, 256, 256]",1.0,sdnet_tile,pavement
utuh/pavement_104-130.jpg,0,utuh,test_pave,pavement,pavement_104,P/UP/104-130.jpg,"[0, 0, 256, 256]",1.0,sdnet_tile,pavement
utuh/pavement_104-132.jpg,0,utuh,test_pave,pavement,pavement_104,P/UP/104-132.jpg,"[0, 0, 256, 256]",1.0,sdnet_tile,pavement
utuh/pavement_104-134.jpg,0,utuh,test_pave,pavement,pavement_104,P/UP/104-134.jpg,"[0, 0, 256, 256]",1.0,sdnet_tile,pavement
utuh/pavement_104-144.jpg,0,utuh,test_pave,pavement,pavement_104,P/UP/104-144.jpg,"[0, 0, 256, 256]",1.0,sdnet_tile,pavement
utuh/pavement_104-163.jpg,0,utuh,test_pave,pavement,pavement_104,P/UP/104-163.jpg,"[0, 0, 256, 256]",1.0,sdnet_tile,pavement
utuh/pavement_104-167.jpg,0,utuh,test_pave,pavement,pavement_104,P/UP/104-167.jpg,"[0, 0, 256, 256]",1.0,sdnet_tile,pavement
utuh/pavement_104-177.jpg,0,utuh,test_pave,pavement,pavement_104,P/UP/104-177.jpg,"[0, 0, 256, 256]",1.0,sdnet_tile,pavement
utuh/pavement_104-196.jpg,0,utuh,test_pave,pavement,pavement_104,P/UP/104-196.jpg,"[0, 0, 256, 256]",1.0,sdnet_tile,pavement
utuh/pavement_104-201.jpg,0,utuh,test_pave,pavement,pavement_104,P/UP/104-201.jpg,"[0, 0, 256, 256]",1.0,sdnet_tile,pavement
utuh/pavement_104-212.jpg,0,utuh,test_pave,pavement,pavement_104,P/UP/104-212.jpg,"[0, 0, 256, 256]",1.0,sdnet_tile,pavement
utuh/pavement_104-22.jpg,0,utuh,test_pave,pavement,pavement_104,P/UP/104-22.jpg,"[0, 0, 256, 256]",1.0,sdnet_tile,pavement
utuh/pavement_104-227.jpg,0,utuh,test_pave,pavement,pavement_104,P/UP/104-227.jpg,"[0, 0, 256, 256]",1.0,sdnet_tile,pavement
utuh/pavement_104-232.jpg,0,utuh,test_pave,pavement,pavement_104,P/UP/104-232.jpg,"[0, 0, 256, 256]",1.0,sdnet_tile,pavement
utuh/pavement_104-30.jpg,0,utuh,test_pave,pavement,pavement_104,P/UP/104-30.jpg,"[0, 0, 256, 256]",1.0,sdnet_tile,pavement
utuh/pavement_104-32.jpg,0,utuh,test_pave,pavement,pavement_104,P/UP/104-32.jpg,"[0, 0, 256, 256]",1.0,sdnet_tile,pavement
utuh/pavement_104-4.jpg,0,utuh,test_pave,pavement,pavement_104,P/UP/104-4.jpg,"[0, 0, 256, 256]",1.0,sdnet_tile,pavement
utuh/pavement_104-62.jpg,0,utuh,test_pave,pavement,pavement_104,P/UP/104-62.jpg,"[0, 0, 256, 256]",1.0,sdnet_tile,pavement
utuh/pavement_104-64.jpg,0,utuh,test_pave,pavement,pavement_104,P/UP/104-64.jpg,"[0, 0, 256, 256]",1.0,sdnet_tile,pavement
utuh/pavement_104-83.jpg,0,utuh,test_pave,pavement,pavement_104,P/UP/104-83.jpg,"[0, 0, 256, 256]",1.0,sdnet_tile,pavement
utuh/pavement_104-94.jpg,0,utuh,test_pave,pavement,pavement_104,P/UP/104-94.jpg,"[0, 0, 256, 256]",1.0,sdnet_tile,pavement
utuh/pavement_104-95.jpg,0,utuh,test_pave,pavement,pavement_104,P/UP/104-95.jpg,"[0, 0, 256, 256]",1.0,sdnet_tile,pavement
retak/pavement_001-103.jpg,1,retak,test_pave,pavement,pavement_001,P/CP/001-103.jpg,"[0, 0, 256, 256]",1.0,sdnet_tile,pavement
retak/pavement_001-104.jpg,1,retak,test_pave,pavement,pavement_001,P/CP/001-104.jpg,"[0, 0, 256, 256]",1.0,sdnet_tile,pavement
retak/pavement_001-107.jpg,1,retak,test_pave,pavement,pavement_001,P/CP/001-107.jpg,"[0, 0, 256, 256]",1.0,sdnet_tile,pavement
retak/pavement_001-113.jpg,1,retak,test_pave,pavement,pavement_001,P/CP/001-113.jpg,"[0, 0, 256, 256]",1.0,sdnet_tile,pavement
retak/pavement_001-114.jpg,1,retak,test_pave,pavement,pavement_001,P/CP/001-114.jpg,"[0, 0, 256, 256]",1.0,sdnet_tile,pavement
retak/pavement_001-126.jpg,1,retak,test_pave,pavement,pavement_001,P/CP/001-126.jpg,"[0, 0, 256, 256]",1.0,sdnet_tile,pavement
retak/pavement_001-128.jpg,1,retak,test_pave,pavement,pavement_001,P/CP/001-128.jpg,"[0, 0, 256, 256]",1.0,sdnet_tile,pavement
retak/pavement_001-130.jpg,1,retak,test_pave,pavement,pavement_001,P/CP/001-130.jpg,"[0, 0, 256, 256]",1.0,sdnet_tile,pavement
retak/pavement_001-145.jpg,1,retak,test_pave,pavement,pavement_001,P/CP/001-145.jpg,"[0, 0, 256, 256]",1.0,sdnet_tile,pavement
retak/pavement_002-101.jpg,1,retak,test_pave,pavement,pavement_002,P/CP/002-101.jpg,"[0, 0, 256, 256]",1.0,sdnet_tile,pavement
retak/pavement_002-111.jpg,1,retak,test_pave,pavement,pavement_002,P/CP/002-111.jpg,"[0, 0, 256, 256]",1.0,sdnet_tile,pavement
retak/pavement_002-121.jpg,1,retak,test_pave,pavement,pavement_002,P/CP/002-121.jpg,"[0, 0, 256, 256]",1.0,sdnet_tile,pavement
retak/pavement_002-122.jpg,1,retak,test_pave,pavement,pavement_002,P/CP/002-122.jpg,"[0, 0, 256, 256]",1.0,sdnet_tile,pavement
retak/pavement_002-123.jpg,1,retak,test_pave,pavement,pavement_002,P/CP/002-123.jpg,"[0, 0, 256, 256]",1.0,sdnet_tile,pavement
retak/pavement_002-124.jpg,1,retak,test_pave,pavement,pavement_002,P/CP/002-124.jpg,"[0, 0, 256, 256]",1.0,sdnet_tile,pavement
retak/pavement_002-95.jpg,1,retak,test_pave,pavement,pavement_002,P/CP/002-95.jpg,"[0, 0, 256, 256]",1.0,sdnet_tile,pavement
retak/pavement_002-96.jpg,1,retak,test_pave,pavement,pavement_002,P/CP/002-96.jpg,"[0, 0, 256, 256]",1.0,sdnet_tile,pavement
retak/pavement_002-98.jpg,1,retak,test_pave,pavement,pavement_002,P/CP/002-98.jpg,"[0, 0, 256, 256]",1.0,sdnet_tile,pavement
retak/pavement_003-114.jpg,1,retak,test_pave,pavement,pavement_003,P/CP/003-114.jpg,"[0, 0, 256, 256]",1.0,sdnet_tile,pavement
retak/pavement_003-132.jpg,1,retak,test_pave,pavement,pavement_003,P/CP/003-132.jpg,"[0, 0, 256, 256]",1.0,sdnet_tile,pavement
retak/pavement_003-150.jpg,1,retak,test_pave,pavement,pavement_003,P/CP/003-150.jpg,"[0, 0, 256, 256]",1.0,sdnet_tile,pavement
retak/pavement_003-187.jpg,1,retak,test_pave,pavement,pavement_003,P/CP/003-187.jpg,"[0, 0, 256, 256]",1.0,sdnet_tile,pavement
retak/pavement_003-204.jpg,1,retak,test_pave,pavement,pavement_003,P/CP/003-204.jpg,"[0, 0, 256, 256]",1.0,sdnet_tile,pavement
retak/pavement_003-25.jpg,1,retak,test_pave,pavement,pavement_003,P/CP/003-25.jpg,"[0, 0, 256, 256]",1.0,sdnet_tile,pavement
retak/pavement_003-8.jpg,1,retak,test_pave,pavement,pavement_003,P/CP/003-8.jpg,"[0, 0, 256, 256]",1.0,sdnet_tile,pavement
retak/pavement_003-96.jpg,1,retak,test_pave,pavement,pavement_003,P/CP/003-96.jpg,"[0, 0, 256, 256]",1.0,sdnet_tile,pavement
retak/pavement_003-97.jpg,1,retak,test_pave,pavement,pavement_003,P/CP/003-97.jpg,"[0, 0, 256, 256]",1.0,sdnet_tile,pavement
retak/pavement_004-113.jpg,1,retak,test_pave,pavement,pavement_004,P/CP/004-113.jpg,"[0, 0, 256, 256]",1.0,sdnet_tile,pavement
retak/pavement_004-115.jpg,1,retak,test_pave,pavement,pavement_004,P/CP/004-115.jpg,"[0, 0, 256, 256]",1.0,sdnet_tile,pavement
retak/pavement_004-116.jpg,1,retak,test_pave,pavement,pavement_004,P/CP/004-116.jpg,"[0, 0, 256, 256]",1.0,sdnet_tile,pavement
retak/pavement_004-120.jpg,1,retak,test_pave,pavement,pavement_004,P/CP/004-120.jpg,"[0, 0, 256, 256]",1.0,sdnet_tile,pavement
retak/pavement_004-121.jpg,1,retak,test_pave,pavement,pavement_004,P/CP/004-121.jpg,"[0, 0, 256, 256]",1.0,sdnet_tile,pavement
retak/pavement_004-123.jpg,1,retak,test_pave,pavement,pavement_004,P/CP/004-123.jpg,"[0, 0, 256, 256]",1.0,sdnet_tile,pavement
retak/pavement_004-124.jpg,1,retak,test_pave,pavement,pavement_004,P/CP/004-124.jpg,"[0, 0, 256, 256]",1.0,sdnet_tile,pavement
retak/pavement_004-129.jpg,1,retak,test_pave,pavement,pavement_004,P/CP/004-129.jpg,"[0, 0, 256, 256]",1.0,sdnet_tile,pavement
retak/pavement_004-145.jpg,1,retak,test_pave,pavement,pavement_004,P/CP/004-145.jpg,"[0, 0, 256, 256]",1.0,sdnet_tile,pavement
retak/pavement_005-101.jpg,1,retak,test_pave,pavement,pavement_005,P/CP/005-101.jpg,"[0, 0, 256, 256]",1.0,sdnet_tile,pavement
retak/pavement_005-12.jpg,1,retak,test_pave,pavement,pavement_005,P/CP/005-12.jpg,"[0, 0, 256, 256]",1.0,sdnet_tile,pavement
retak/pavement_005-171.jpg,1,retak,test_pave,pavement,pavement_005,P/CP/005-171.jpg,"[0, 0, 256, 256]",1.0,sdnet_tile,pavement
retak/pavement_005-20.jpg,1,retak,test_pave,pavement,pavement_005,P/CP/005-20.jpg,"[0, 0, 256, 256]",1.0,sdnet_tile,pavement
retak/pavement_005-223.jpg,1,retak,test_pave,pavement,pavement_005,P/CP/005-223.jpg,"[0, 0, 256, 256]",1.0,sdnet_tile,pavement
retak/pavement_005-41.jpg,1,retak,test_pave,pavement,pavement_005,P/CP/005-41.jpg,"[0, 0, 256, 256]",1.0,sdnet_tile,pavement
retak/pavement_005-62.jpg,1,retak,test_pave,pavement,pavement_005,P/CP/005-62.jpg,"[0, 0, 256, 256]",1.0,sdnet_tile,pavement
retak/pavement_005-63.jpg,1,retak,test_pave,pavement,pavement_005,P/CP/005-63.jpg,"[0, 0, 256, 256]",1.0,sdnet_tile,pavement
retak/pavement_005-80.jpg,1,retak,test_pave,pavement,pavement_005,P/CP/005-80.jpg,"[0, 0, 256, 256]",1.0,sdnet_tile,pavement
retak/pavement_006-10.jpg,1,retak,test_pave,pavement,pavement_006,P/CP/006-10.jpg,"[0, 0, 256, 256]",1.0,sdnet_tile,pavement
retak/pavement_006-105.jpg,1,retak,test_pave,pavement,pavement_006,P/CP/006-105.jpg,"[0, 0, 256, 256]",1.0,sdnet_tile,pavement
retak/pavement_006-150.jpg,1,retak,test_pave,pavement,pavement_006,P/CP/006-150.jpg,"[0, 0, 256, 256]",1.0,sdnet_tile,pavement
retak/pavement_006-185.jpg,1,retak,test_pave,pavement,pavement_006,P/CP/006-185.jpg,"[0, 0, 256, 256]",1.0,sdnet_tile,pavement
retak/pavement_006-27.jpg,1,retak,test_pave,pavement,pavement_006,P/CP/006-27.jpg,"[0, 0, 256, 256]",1.0,sdnet_tile,pavement
retak/pavement_006-62.jpg,1,retak,test_pave,pavement,pavement_006,P/CP/006-62.jpg,"[0, 0, 256, 256]",1.0,sdnet_tile,pavement
retak/pavement_006-90.jpg,1,retak,test_pave,pavement,pavement_006,P/CP/006-90.jpg,"[0, 0, 256, 256]",1.0,sdnet_tile,pavement
retak/pavement_006-94.jpg,1,retak,test_pave,pavement,pavement_006,P/CP/006-94.jpg,"[0, 0, 256, 256]",1.0,sdnet_tile,pavement
retak/pavement_006-96.jpg,1,retak,test_pave,pavement,pavement_006,P/CP/006-96.jpg,"[0, 0, 256, 256]",1.0,sdnet_tile,pavement
retak/pavement_007-104.jpg,1,retak,test_pave,pavement,pavement_007,P/CP/007-104.jpg,"[0, 0, 256, 256]",1.0,sdnet_tile,pavement
retak/pavement_007-105.jpg,1,retak,test_pave,pavement,pavement_007,P/CP/007-105.jpg,"[0, 0, 256, 256]",1.0,sdnet_tile,pavement
retak/pavement_007-106.jpg,1,retak,test_pave,pavement,pavement_007,P/CP/007-106.jpg,"[0, 0, 256, 256]",1.0,sdnet_tile,pavement
retak/pavement_007-67.jpg,1,retak,test_pave,pavement,pavement_007,P/CP/007-67.jpg,"[0, 0, 256, 256]",1.0,sdnet_tile,pavement
retak/pavement_007-69.jpg,1,retak,test_pave,pavement,pavement_007,P/CP/007-69.jpg,"[0, 0, 256, 256]",1.0,sdnet_tile,pavement
retak/pavement_007-71.jpg,1,retak,test_pave,pavement,pavement_007,P/CP/007-71.jpg,"[0, 0, 256, 256]",1.0,sdnet_tile,pavement
retak/pavement_007-72.jpg,1,retak,test_pave,pavement,pavement_007,P/CP/007-72.jpg,"[0, 0, 256, 256]",1.0,sdnet_tile,pavement
retak/pavement_007-94.jpg,1,retak,test_pave,pavement,pavement_007,P/CP/007-94.jpg,"[0, 0, 256, 256]",1.0,sdnet_tile,pavement
retak/pavement_007-95.jpg,1,retak,test_pave,pavement,pavement_007,P/CP/007-95.jpg,"[0, 0, 256, 256]",1.0,sdnet_tile,pavement
retak/pavement_008-128.jpg,1,retak,test_pave,pavement,pavement_008,P/CP/008-128.jpg,"[0, 0, 256, 256]",1.0,sdnet_tile,pavement
retak/pavement_008-129.jpg,1,retak,test_pave,pavement,pavement_008,P/CP/008-129.jpg,"[0, 0, 256, 256]",1.0,sdnet_tile,pavement
retak/pavement_008-134.jpg,1,retak,test_pave,pavement,pavement_008,P/CP/008-134.jpg,"[0, 0, 256, 256]",1.0,sdnet_tile,pavement
retak/pavement_008-138.jpg,1,retak,test_pave,pavement,pavement_008,P/CP/008-138.jpg,"[0, 0, 256, 256]",1.0,sdnet_tile,pavement
retak/pavement_008-161.jpg,1,retak,test_pave,pavement,pavement_008,P/CP/008-161.jpg,"[0, 0, 256, 256]",1.0,sdnet_tile,pavement
retak/pavement_008-162.jpg,1,retak,test_pave,pavement,pavement_008,P/CP/008-162.jpg,"[0, 0, 256, 256]",1.0,sdnet_tile,pavement
retak/pavement_008-164.jpg,1,retak,test_pave,pavement,pavement_008,P/CP/008-164.jpg,"[0, 0, 256, 256]",1.0,sdnet_tile,pavement
retak/pavement_008-165.jpg,1,retak,test_pave,pavement,pavement_008,P/CP/008-165.jpg,"[0, 0, 256, 256]",1.0,sdnet_tile,pavement
retak/pavement_008-170.jpg,1,retak,test_pave,pavement,pavement_008,P/CP/008-170.jpg,"[0, 0, 256, 256]",1.0,sdnet_tile,pavement
retak/pavement_009-38.jpg,1,retak,test_pave,pavement,pavement_009,P/CP/009-38.jpg,"[0, 0, 256, 256]",1.0,sdnet_tile,pavement
retak/pavement_009-73.jpg,1,retak,test_pave,pavement,pavement_009,P/CP/009-73.jpg,"[0, 0, 256, 256]",1.0,sdnet_tile,pavement
retak/pavement_009-77.jpg,1,retak,test_pave,pavement,pavement_009,P/CP/009-77.jpg,"[0, 0, 256, 256]",1.0,sdnet_tile,pavement
retak/pavement_009-79.jpg,1,retak,test_pave,pavement,pavement_009,P/CP/009-79.jpg,"[0, 0, 256, 256]",1.0,sdnet_tile,pavement
retak/pavement_009-82.jpg,1,retak,test_pave,pavement,pavement_009,P/CP/009-82.jpg,"[0, 0, 256, 256]",1.0,sdnet_tile,pavement
retak/pavement_009-86.jpg,1,retak,test_pave,pavement,pavement_009,P/CP/009-86.jpg,"[0, 0, 256, 256]",1.0,sdnet_tile,pavement
retak/pavement_009-89.jpg,1,retak,test_pave,pavement,pavement_009,P/CP/009-89.jpg,"[0, 0, 256, 256]",1.0,sdnet_tile,pavement
retak/pavement_009-90.jpg,1,retak,test_pave,pavement,pavement_009,P/CP/009-90.jpg,"[0, 0, 256, 256]",1.0,sdnet_tile,pavement
retak/pavement_010-108.jpg,1,retak,test_pave,pavement,pavement_010,P/CP/010-108.jpg,"[0, 0, 256, 256]",1.0,sdnet_tile,pavement
retak/pavement_010-113.jpg,1,retak,test_pave,pavement,pavement_010,P/CP/010-113.jpg,"[0, 0, 256, 256]",1.0,sdnet_tile,pavement
retak/pavement_010-117.jpg,1,retak,test_pave,pavement,pavement_010,P/CP/010-117.jpg,"[0, 0, 256, 256]",1.0,sdnet_tile,pavement
retak/pavement_010-118.jpg,1,retak,test_pave,pavement,pavement_010,P/CP/010-118.jpg,"[0, 0, 256, 256]",1.0,sdnet_tile,pavement
retak/pavement_010-120.jpg,1,retak,test_pave,pavement,pavement_010,P/CP/010-120.jpg,"[0, 0, 256, 256]",1.0,sdnet_tile,pavement
retak/pavement_010-124.jpg,1,retak,test_pave,pavement,pavement_010,P/CP/010-124.jpg,"[0, 0, 256, 256]",1.0,sdnet_tile,pavement
retak/pavement_010-125.jpg,1,retak,test_pave,pavement,pavement_010,P/CP/010-125.jpg,"[0, 0, 256, 256]",1.0,sdnet_tile,pavement
retak/pavement_010-134.jpg,1,retak,test_pave,pavement,pavement_010,P/CP/010-134.jpg,"[0, 0, 256, 256]",1.0,sdnet_tile,pavement
retak/pavement_011-112.jpg,1,retak,test_pave,pavement,pavement_011,P/CP/011-112.jpg,"[0, 0, 256, 256]",1.0,sdnet_tile,pavement
retak/pavement_011-123.jpg,1,retak,test_pave,pavement,pavement_011,P/CP/011-123.jpg,"[0, 0, 256, 256]",1.0,sdnet_tile,pavement
retak/pavement_011-157.jpg,1,retak,test_pave,pavement,pavement_011,P/CP/011-157.jpg,"[0, 0, 256, 256]",1.0,sdnet_tile,pavement
retak/pavement_011-164.jpg,1,retak,test_pave,pavement,pavement_011,P/CP/011-164.jpg,"[0, 0, 256, 256]",1.0,sdnet_tile,pavement
retak/pavement_011-165.jpg,1,retak,test_pave,pavement,pavement_011,P/CP/011-165.jpg,"[0, 0, 256, 256]",1.0,sdnet_tile,pavement
retak/pavement_011-217.jpg,1,retak,test_pave,pavement,pavement_011,P/CP/011-217.jpg,"[0, 0, 256, 256]",1.0,sdnet_tile,pavement
retak/pavement_011-66.jpg,1,retak,test_pave,pavement,pavement_011,P/CP/011-66.jpg,"[0, 0, 256, 256]",1.0,sdnet_tile,pavement
retak/pavement_011-89.jpg,1,retak,test_pave,pavement,pavement_011,P/CP/011-89.jpg,"[0, 0, 256, 256]",1.0,sdnet_tile,pavement
retak/pavement_012-100.jpg,1,retak,test_pave,pavement,pavement_012,P/CP/012-100.jpg,"[0, 0, 256, 256]",1.0,sdnet_tile,pavement
retak/pavement_012-103.jpg,1,retak,test_pave,pavement,pavement_012,P/CP/012-103.jpg,"[0, 0, 256, 256]",1.0,sdnet_tile,pavement
retak/pavement_012-104.jpg,1,retak,test_pave,pavement,pavement_012,P/CP/012-104.jpg,"[0, 0, 256, 256]",1.0,sdnet_tile,pavement
retak/pavement_012-106.jpg,1,retak,test_pave,pavement,pavement_012,P/CP/012-106.jpg,"[0, 0, 256, 256]",1.0,sdnet_tile,pavement
retak/pavement_012-92.jpg,1,retak,test_pave,pavement,pavement_012,P/CP/012-92.jpg,"[0, 0, 256, 256]",1.0,sdnet_tile,pavement
retak/pavement_012-94.jpg,1,retak,test_pave,pavement,pavement_012,P/CP/012-94.jpg,"[0, 0, 256, 256]",1.0,sdnet_tile,pavement
retak/pavement_012-95.jpg,1,retak,test_pave,pavement,pavement_012,P/CP/012-95.jpg,"[0, 0, 256, 256]",1.0,sdnet_tile,pavement
retak/pavement_012-96.jpg,1,retak,test_pave,pavement,pavement_012,P/CP/012-96.jpg,"[0, 0, 256, 256]",1.0,sdnet_tile,pavement
retak/pavement_013-102.jpg,1,retak,test_pave,pavement,pavement_013,P/CP/013-102.jpg,"[0, 0, 256, 256]",1.0,sdnet_tile,pavement
retak/pavement_013-120.jpg,1,retak,test_pave,pavement,pavement_013,P/CP/013-120.jpg,"[0, 0, 256, 256]",1.0,sdnet_tile,pavement
retak/pavement_013-156.jpg,1,retak,test_pave,pavement,pavement_013,P/CP/013-156.jpg,"[0, 0, 256, 256]",1.0,sdnet_tile,pavement
retak/pavement_013-174.jpg,1,retak,test_pave,pavement,pavement_013,P/CP/013-174.jpg,"[0, 0, 256, 256]",1.0,sdnet_tile,pavement
retak/pavement_013-29.jpg,1,retak,test_pave,pavement,pavement_013,P/CP/013-29.jpg,"[0, 0, 256, 256]",1.0,sdnet_tile,pavement
retak/pavement_013-30.jpg,1,retak,test_pave,pavement,pavement_013,P/CP/013-30.jpg,"[0, 0, 256, 256]",1.0,sdnet_tile,pavement
retak/pavement_013-48.jpg,1,retak,test_pave,pavement,pavement_013,P/CP/013-48.jpg,"[0, 0, 256, 256]",1.0,sdnet_tile,pavement
retak/pavement_013-66.jpg,1,retak,test_pave,pavement,pavement_013,P/CP/013-66.jpg,"[0, 0, 256, 256]",1.0,sdnet_tile,pavement
retak/pavement_014-124.jpg,1,retak,test_pave,pavement,pavement_014,P/CP/014-124.jpg,"[0, 0, 256, 256]",1.0,sdnet_tile,pavement
retak/pavement_014-142.jpg,1,retak,test_pave,pavement,pavement_014,P/CP/014-142.jpg,"[0, 0, 256, 256]",1.0,sdnet_tile,pavement
retak/pavement_014-144.jpg,1,retak,test_pave,pavement,pavement_014,P/CP/014-144.jpg,"[0, 0, 256, 256]",1.0,sdnet_tile,pavement
retak/pavement_014-19.jpg,1,retak,test_pave,pavement,pavement_014,P/CP/014-19.jpg,"[0, 0, 256, 256]",1.0,sdnet_tile,pavement
retak/pavement_014-195.jpg,1,retak,test_pave,pavement,pavement_014,P/CP/014-195.jpg,"[0, 0, 256, 256]",1.0,sdnet_tile,pavement
retak/pavement_014-42.jpg,1,retak,test_pave,pavement,pavement_014,P/CP/014-42.jpg,"[0, 0, 256, 256]",1.0,sdnet_tile,pavement
retak/pavement_014-50.jpg,1,retak,test_pave,pavement,pavement_014,P/CP/014-50.jpg,"[0, 0, 256, 256]",1.0,sdnet_tile,pavement
retak/pavement_014-82.jpg,1,retak,test_pave,pavement,pavement_014,P/CP/014-82.jpg,"[0, 0, 256, 256]",1.0,sdnet_tile,pavement
retak/pavement_017-105.jpg,1,retak,test_pave,pavement,pavement_017,P/CP/017-105.jpg,"[0, 0, 256, 256]",1.0,sdnet_tile,pavement
retak/pavement_017-107.jpg,1,retak,test_pave,pavement,pavement_017,P/CP/017-107.jpg,"[0, 0, 256, 256]",1.0,sdnet_tile,pavement
retak/pavement_017-91.jpg,1,retak,test_pave,pavement,pavement_017,P/CP/017-91.jpg,"[0, 0, 256, 256]",1.0,sdnet_tile,pavement
retak/pavement_017-92.jpg,1,retak,test_pave,pavement,pavement_017,P/CP/017-92.jpg,"[0, 0, 256, 256]",1.0,sdnet_tile,pavement
retak/pavement_017-93.jpg,1,retak,test_pave,pavement,pavement_017,P/CP/017-93.jpg,"[0, 0, 256, 256]",1.0,sdnet_tile,pavement
retak/pavement_017-96.jpg,1,retak,test_pave,pavement,pavement_017,P/CP/017-96.jpg,"[0, 0, 256, 256]",1.0,sdnet_tile,pavement
retak/pavement_017-98.jpg,1,retak,test_pave,pavement,pavement_017,P/CP/017-98.jpg,"[0, 0, 256, 256]",1.0,sdnet_tile,pavement
retak/pavement_017-99.jpg,1,retak,test_pave,pavement,pavement_017,P/CP/017-99.jpg,"[0, 0, 256, 256]",1.0,sdnet_tile,pavement
retak/pavement_018-103.jpg,1,retak,test_pave,pavement,pavement_018,P/CP/018-103.jpg,"[0, 0, 256, 256]",1.0,sdnet_tile,pavement
retak/pavement_018-107.jpg,1,retak,test_pave,pavement,pavement_018,P/CP/018-107.jpg,"[0, 0, 256, 256]",1.0,sdnet_tile,pavement
retak/pavement_018-224.jpg,1,retak,test_pave,pavement,pavement_018,P/CP/018-224.jpg,"[0, 0, 256, 256]",1.0,sdnet_tile,pavement
retak/pavement_018-52.jpg,1,retak,test_pave,pavement,pavement_018,P/CP/018-52.jpg,"[0, 0, 256, 256]",1.0,sdnet_tile,pavement
retak/pavement_018-69.jpg,1,retak,test_pave,pavement,pavement_018,P/CP/018-69.jpg,"[0, 0, 256, 256]",1.0,sdnet_tile,pavement
retak/pavement_018-79.jpg,1,retak,test_pave,pavement,pavement_018,P/CP/018-79.jpg,"[0, 0, 256, 256]",1.0,sdnet_tile,pavement
retak/pavement_018-83.jpg,1,retak,test_pave,pavement,pavement_018,P/CP/018-83.jpg,"[0, 0, 256, 256]",1.0,sdnet_tile,pavement
retak/pavement_018-84.jpg,1,retak,test_pave,pavement,pavement_018,P/CP/018-84.jpg,"[0, 0, 256, 256]",1.0,sdnet_tile,pavement
retak/pavement_019-130.jpg,1,retak,test_pave,pavement,pavement_019,P/CP/019-130.jpg,"[0, 0, 256, 256]",1.0,sdnet_tile,pavement
retak/pavement_019-131.jpg,1,retak,test_pave,pavement,pavement_019,P/CP/019-131.jpg,"[0, 0, 256, 256]",1.0,sdnet_tile,pavement
retak/pavement_019-135.jpg,1,retak,test_pave,pavement,pavement_019,P/CP/019-135.jpg,"[0, 0, 256, 256]",1.0,sdnet_tile,pavement
retak/pavement_019-146.jpg,1,retak,test_pave,pavement,pavement_019,P/CP/019-146.jpg,"[0, 0, 256, 256]",1.0,sdnet_tile,pavement
retak/pavement_019-181.jpg,1,retak,test_pave,pavement,pavement_019,P/CP/019-181.jpg,"[0, 0, 256, 256]",1.0,sdnet_tile,pavement
retak/pavement_019-63.jpg,1,retak,test_pave,pavement,pavement_019,P/CP/019-63.jpg,"[0, 0, 256, 256]",1.0,sdnet_tile,pavement
retak/pavement_019-81.jpg,1,retak,test_pave,pavement,pavement_019,P/CP/019-81.jpg,"[0, 0, 256, 256]",1.0,sdnet_tile,pavement
retak/pavement_019-99.jpg,1,retak,test_pave,pavement,pavement_019,P/CP/019-99.jpg,"[0, 0, 256, 256]",1.0,sdnet_tile,pavement
retak/pavement_020-114.jpg,1,retak,test_pave,pavement,pavement_020,P/CP/020-114.jpg,"[0, 0, 256, 256]",1.0,sdnet_tile,pavement
retak/pavement_020-119.jpg,1,retak,test_pave,pavement,pavement_020,P/CP/020-119.jpg,"[0, 0, 256, 256]",1.0,sdnet_tile,pavement
retak/pavement_020-122.jpg,1,retak,test_pave,pavement,pavement_020,P/CP/020-122.jpg,"[0, 0, 256, 256]",1.0,sdnet_tile,pavement
retak/pavement_020-134.jpg,1,retak,test_pave,pavement,pavement_020,P/CP/020-134.jpg,"[0, 0, 256, 256]",1.0,sdnet_tile,pavement
retak/pavement_020-169.jpg,1,retak,test_pave,pavement,pavement_020,P/CP/020-169.jpg,"[0, 0, 256, 256]",1.0,sdnet_tile,pavement
retak/pavement_020-5.jpg,1,retak,test_pave,pavement,pavement_020,P/CP/020-5.jpg,"[0, 0, 256, 256]",1.0,sdnet_tile,pavement
retak/pavement_020-62.jpg,1,retak,test_pave,pavement,pavement_020,P/CP/020-62.jpg,"[0, 0, 256, 256]",1.0,sdnet_tile,pavement
retak/pavement_020-80.jpg,1,retak,test_pave,pavement,pavement_020,P/CP/020-80.jpg,"[0, 0, 256, 256]",1.0,sdnet_tile,pavement
retak/pavement_021-100.jpg,1,retak,test_pave,pavement,pavement_021,P/CP/021-100.jpg,"[0, 0, 256, 256]",1.0,sdnet_tile,pavement
retak/pavement_021-101.jpg,1,retak,test_pave,pavement,pavement_021,P/CP/021-101.jpg,"[0, 0, 256, 256]",1.0,sdnet_tile,pavement
retak/pavement_021-104.jpg,1,retak,test_pave,pavement,pavement_021,P/CP/021-104.jpg,"[0, 0, 256, 256]",1.0,sdnet_tile,pavement
retak/pavement_021-106.jpg,1,retak,test_pave,pavement,pavement_021,P/CP/021-106.jpg,"[0, 0, 256, 256]",1.0,sdnet_tile,pavement
retak/pavement_021-107.jpg,1,retak,test_pave,pavement,pavement_021,P/CP/021-107.jpg,"[0, 0, 256, 256]",1.0,sdnet_tile,pavement
retak/pavement_021-122.jpg,1,retak,test_pave,pavement,pavement_021,P/CP/021-122.jpg,"[0, 0, 256, 256]",1.0,sdnet_tile,pavement
retak/pavement_021-94.jpg,1,retak,test_pave,pavement,pavement_021,P/CP/021-94.jpg,"[0, 0, 256, 256]",1.0,sdnet_tile,pavement
retak/pavement_021-95.jpg,1,retak,test_pave,pavement,pavement_021,P/CP/021-95.jpg,"[0, 0, 256, 256]",1.0,sdnet_tile,pavement
retak/pavement_022-117.jpg,1,retak,test_pave,pavement,pavement_022,P/CP/022-117.jpg,"[0, 0, 256, 256]",1.0,sdnet_tile,pavement
retak/pavement_022-118.jpg,1,retak,test_pave,pavement,pavement_022,P/CP/022-118.jpg,"[0, 0, 256, 256]",1.0,sdnet_tile,pavement
retak/pavement_022-136.jpg,1,retak,test_pave,pavement,pavement_022,P/CP/022-136.jpg,"[0, 0, 256, 256]",1.0,sdnet_tile,pavement
retak/pavement_022-139.jpg,1,retak,test_pave,pavement,pavement_022,P/CP/022-139.jpg,"[0, 0, 256, 256]",1.0,sdnet_tile,pavement
retak/pavement_022-161.jpg,1,retak,test_pave,pavement,pavement_022,P/CP/022-161.jpg,"[0, 0, 256, 256]",1.0,sdnet_tile,pavement
retak/pavement_022-180.jpg,1,retak,test_pave,pavement,pavement_022,P/CP/022-180.jpg,"[0, 0, 256, 256]",1.0,sdnet_tile,pavement
retak/pavement_022-74.jpg,1,retak,test_pave,pavement,pavement_022,P/CP/022-74.jpg,"[0, 0, 256, 256]",1.0,sdnet_tile,pavement
retak/pavement_022-96.jpg,1,retak,test_pave,pavement,pavement_022,P/CP/022-96.jpg,"[0, 0, 256, 256]",1.0,sdnet_tile,pavement
retak/pavement_023-190.jpg,1,retak,test_pave,pavement,pavement_023,P/CP/023-190.jpg,"[0, 0, 256, 256]",1.0,sdnet_tile,pavement
retak/pavement_023-46.jpg,1,retak,test_pave,pavement,pavement_023,P/CP/023-46.jpg,"[0, 0, 256, 256]",1.0,sdnet_tile,pavement
retak/pavement_023-6.jpg,1,retak,test_pave,pavement,pavement_023,P/CP/023-6.jpg,"[0, 0, 256, 256]",1.0,sdnet_tile,pavement
retak/pavement_023-62.jpg,1,retak,test_pave,pavement,pavement_023,P/CP/023-62.jpg,"[0, 0, 256, 256]",1.0,sdnet_tile,pavement
retak/pavement_023-68.jpg,1,retak,test_pave,pavement,pavement_023,P/CP/023-68.jpg,"[0, 0, 256, 256]",1.0,sdnet_tile,pavement
retak/pavement_023-7.jpg,1,retak,test_pave,pavement,pavement_023,P/CP/023-7.jpg,"[0, 0, 256, 256]",1.0,sdnet_tile,pavement
retak/pavement_023-81.jpg,1,retak,test_pave,pavement,pavement_023,P/CP/023-81.jpg,"[0, 0, 256, 256]",1.0,sdnet_tile,pavement
retak/pavement_023-82.jpg,1,retak,test_pave,pavement,pavement_023,P/CP/023-82.jpg,"[0, 0, 256, 256]",1.0,sdnet_tile,pavement
retak/pavement_026-102.jpg,1,retak,test_pave,pavement,pavement_026,P/CP/026-102.jpg,"[0, 0, 256, 256]",1.0,sdnet_tile,pavement
retak/pavement_026-115.jpg,1,retak,test_pave,pavement,pavement_026,P/CP/026-115.jpg,"[0, 0, 256, 256]",1.0,sdnet_tile,pavement
retak/pavement_026-120.jpg,1,retak,test_pave,pavement,pavement_026,P/CP/026-120.jpg,"[0, 0, 256, 256]",1.0,sdnet_tile,pavement
retak/pavement_026-134.jpg,1,retak,test_pave,pavement,pavement_026,P/CP/026-134.jpg,"[0, 0, 256, 256]",1.0,sdnet_tile,pavement
retak/pavement_026-135.jpg,1,retak,test_pave,pavement,pavement_026,P/CP/026-135.jpg,"[0, 0, 256, 256]",1.0,sdnet_tile,pavement
retak/pavement_026-172.jpg,1,retak,test_pave,pavement,pavement_026,P/CP/026-172.jpg,"[0, 0, 256, 256]",1.0,sdnet_tile,pavement
retak/pavement_026-82.jpg,1,retak,test_pave,pavement,pavement_026,P/CP/026-82.jpg,"[0, 0, 256, 256]",1.0,sdnet_tile,pavement
retak/pavement_026-83.jpg,1,retak,test_pave,pavement,pavement_026,P/CP/026-83.jpg,"[0, 0, 256, 256]",1.0,sdnet_tile,pavement
retak/pavement_027-119.jpg,1,retak,test_pave,pavement,pavement_027,P/CP/027-119.jpg,"[0, 0, 256, 256]",1.0,sdnet_tile,pavement
retak/pavement_027-140.jpg,1,retak,test_pave,pavement,pavement_027,P/CP/027-140.jpg,"[0, 0, 256, 256]",1.0,sdnet_tile,pavement
retak/pavement_027-41_2.jpg,1,retak,test_pave,pavement,pavement_027,P/CP/027-41_2.jpg,"[0, 0, 256, 256]",1.0,sdnet_tile,pavement
retak/pavement_027-61_2.jpg,1,retak,test_pave,pavement,pavement_027,P/CP/027-61_2.jpg,"[0, 0, 256, 256]",1.0,sdnet_tile,pavement
retak/pavement_027-62_2.jpg,1,retak,test_pave,pavement,pavement_027,P/CP/027-62_2.jpg,"[0, 0, 256, 256]",1.0,sdnet_tile,pavement
retak/pavement_027-78_2.jpg,1,retak,test_pave,pavement,pavement_027,P/CP/027-78_2.jpg,"[0, 0, 256, 256]",1.0,sdnet_tile,pavement
retak/pavement_027-79_2.jpg,1,retak,test_pave,pavement,pavement_027,P/CP/027-79_2.jpg,"[0, 0, 256, 256]",1.0,sdnet_tile,pavement
retak/pavement_027-82.jpg,1,retak,test_pave,pavement,pavement_027,P/CP/027-82.jpg,"[0, 0, 256, 256]",1.0,sdnet_tile,pavement
retak/pavement_028-118.jpg,1,retak,test_pave,pavement,pavement_028,P/CP/028-118.jpg,"[0, 0, 256, 256]",1.0,sdnet_tile,pavement
retak/pavement_028-155.jpg,1,retak,test_pave,pavement,pavement_028,P/CP/028-155.jpg,"[0, 0, 256, 256]",1.0,sdnet_tile,pavement
retak/pavement_028-175.jpg,1,retak,test_pave,pavement,pavement_028,P/CP/028-175.jpg,"[0, 0, 256, 256]",1.0,sdnet_tile,pavement
retak/pavement_028-214.jpg,1,retak,test_pave,pavement,pavement_028,P/CP/028-214.jpg,"[0, 0, 256, 256]",1.0,sdnet_tile,pavement
retak/pavement_028-49.jpg,1,retak,test_pave,pavement,pavement_028,P/CP/028-49.jpg,"[0, 0, 256, 256]",1.0,sdnet_tile,pavement
retak/pavement_028-55.jpg,1,retak,test_pave,pavement,pavement_028,P/CP/028-55.jpg,"[0, 0, 256, 256]",1.0,sdnet_tile,pavement
retak/pavement_028-56.jpg,1,retak,test_pave,pavement,pavement_028,P/CP/028-56.jpg,"[0, 0, 256, 256]",1.0,sdnet_tile,pavement
retak/pavement_028-75.jpg,1,retak,test_pave,pavement,pavement_028,P/CP/028-75.jpg,"[0, 0, 256, 256]",1.0,sdnet_tile,pavement
retak/pavement_029-120.jpg,1,retak,test_pave,pavement,pavement_029,P/CP/029-120.jpg,"[0, 0, 256, 256]",1.0,sdnet_tile,pavement
retak/pavement_029-180.jpg,1,retak,test_pave,pavement,pavement_029,P/CP/029-180.jpg,"[0, 0, 256, 256]",1.0,sdnet_tile,pavement
retak/pavement_029-209.jpg,1,retak,test_pave,pavement,pavement_029,P/CP/029-209.jpg,"[0, 0, 256, 256]",1.0,sdnet_tile,pavement
retak/pavement_029-211.jpg,1,retak,test_pave,pavement,pavement_029,P/CP/029-211.jpg,"[0, 0, 256, 256]",1.0,sdnet_tile,pavement
retak/pavement_029-45.jpg,1,retak,test_pave,pavement,pavement_029,P/CP/029-45.jpg,"[0, 0, 256, 256]",1.0,sdnet_tile,pavement
retak/pavement_029-82.jpg,1,retak,test_pave,pavement,pavement_029,P/CP/029-82.jpg,"[0, 0, 256, 256]",1.0,sdnet_tile,pavement
retak/pavement_029-85.jpg,1,retak,test_pave,pavement,pavement_029,P/CP/029-85.jpg,"[0, 0, 256, 256]",1.0,sdnet_tile,pavement
retak/pavement_029-90.jpg,1,retak,test_pave,pavement,pavement_029,P/CP/029-90.jpg,"[0, 0, 256, 256]",1.0,sdnet_tile,pavement
retak/pavement_030-20.jpg,1,retak,test_pave,pavement,pavement_030,P/CP/030-20.jpg,"[0, 0, 256, 256]",1.0,sdnet_tile,pavement
retak/pavement_030-21.jpg,1,retak,test_pave,pavement,pavement_030,P/CP/030-21.jpg,"[0, 0, 256, 256]",1.0,sdnet_tile,pavement
retak/pavement_030-213.jpg,1,retak,test_pave,pavement,pavement_030,P/CP/030-213.jpg,"[0, 0, 256, 256]",1.0,sdnet_tile,pavement
retak/pavement_030-22.jpg,1,retak,test_pave,pavement,pavement_030,P/CP/030-22.jpg,"[0, 0, 256, 256]",1.0,sdnet_tile,pavement
retak/pavement_030-60.jpg,1,retak,test_pave,pavement,pavement_030,P/CP/030-60.jpg,"[0, 0, 256, 256]",1.0,sdnet_tile,pavement
retak/pavement_030-61.jpg,1,retak,test_pave,pavement,pavement_030,P/CP/030-61.jpg,"[0, 0, 256, 256]",1.0,sdnet_tile,pavement
retak/pavement_030-62.jpg,1,retak,test_pave,pavement,pavement_030,P/CP/030-62.jpg,"[0, 0, 256, 256]",1.0,sdnet_tile,pavement
retak/pavement_030-99.jpg,1,retak,test_pave,pavement,pavement_030,P/CP/030-99.jpg,"[0, 0, 256, 256]",1.0,sdnet_tile,pavement
retak/pavement_031-140.jpg,1,retak,test_pave,pavement,pavement_031,P/CP/031-140.jpg,"[0, 0, 256, 256]",1.0,sdnet_tile,pavement
retak/pavement_031-141.jpg,1,retak,test_pave,pavement,pavement_031,P/CP/031-141.jpg,"[0, 0, 256, 256]",1.0,sdnet_tile,pavement
retak/pavement_031-160.jpg,1,retak,test_pave,pavement,pavement_031,P/CP/031-160.jpg,"[0, 0, 256, 256]",1.0,sdnet_tile,pavement
retak/pavement_031-162.jpg,1,retak,test_pave,pavement,pavement_031,P/CP/031-162.jpg,"[0, 0, 256, 256]",1.0,sdnet_tile,pavement
retak/pavement_031-41.jpg,1,retak,test_pave,pavement,pavement_031,P/CP/031-41.jpg,"[0, 0, 256, 256]",1.0,sdnet_tile,pavement
retak/pavement_031-60.jpg,1,retak,test_pave,pavement,pavement_031,P/CP/031-60.jpg,"[0, 0, 256, 256]",1.0,sdnet_tile,pavement
retak/pavement_031-79.jpg,1,retak,test_pave,pavement,pavement_031,P/CP/031-79.jpg,"[0, 0, 256, 256]",1.0,sdnet_tile,pavement
retak/pavement_031-80.jpg,1,retak,test_pave,pavement,pavement_031,P/CP/031-80.jpg,"[0, 0, 256, 256]",1.0,sdnet_tile,pavement
retak/pavement_032-100.jpg,1,retak,test_pave,pavement,pavement_032,P/CP/032-100.jpg,"[0, 0, 256, 256]",1.0,sdnet_tile,pavement
retak/pavement_032-101.jpg,1,retak,test_pave,pavement,pavement_032,P/CP/032-101.jpg,"[0, 0, 256, 256]",1.0,sdnet_tile,pavement
retak/pavement_032-102.jpg,1,retak,test_pave,pavement,pavement_032,P/CP/032-102.jpg,"[0, 0, 256, 256]",1.0,sdnet_tile,pavement
retak/pavement_032-104.jpg,1,retak,test_pave,pavement,pavement_032,P/CP/032-104.jpg,"[0, 0, 256, 256]",1.0,sdnet_tile,pavement
retak/pavement_032-124.jpg,1,retak,test_pave,pavement,pavement_032,P/CP/032-124.jpg,"[0, 0, 256, 256]",1.0,sdnet_tile,pavement
retak/pavement_032-58.jpg,1,retak,test_pave,pavement,pavement_032,P/CP/032-58.jpg,"[0, 0, 256, 256]",1.0,sdnet_tile,pavement
retak/pavement_032-59.jpg,1,retak,test_pave,pavement,pavement_032,P/CP/032-59.jpg,"[0, 0, 256, 256]",1.0,sdnet_tile,pavement
retak/pavement_032-79.jpg,1,retak,test_pave,pavement,pavement_032,P/CP/032-79.jpg,"[0, 0, 256, 256]",1.0,sdnet_tile,pavement
retak/pavement_033-100.jpg,1,retak,test_pave,pavement,pavement_033,P/CP/033-100.jpg,"[0, 0, 256, 256]",1.0,sdnet_tile,pavement
retak/pavement_033-121.jpg,1,retak,test_pave,pavement,pavement_033,P/CP/033-121.jpg,"[0, 0, 256, 256]",1.0,sdnet_tile,pavement
retak/pavement_033-124.jpg,1,retak,test_pave,pavement,pavement_033,P/CP/033-124.jpg,"[0, 0, 256, 256]",1.0,sdnet_tile,pavement
retak/pavement_033-91.jpg,1,retak,test_pave,pavement,pavement_033,P/CP/033-91.jpg,"[0, 0, 256, 256]",1.0,sdnet_tile,pavement
retak/pavement_033-92.jpg,1,retak,test_pave,pavement,pavement_033,P/CP/033-92.jpg,"[0, 0, 256, 256]",1.0,sdnet_tile,pavement
retak/pavement_033-94.jpg,1,retak,test_pave,pavement,pavement_033,P/CP/033-94.jpg,"[0, 0, 256, 256]",1.0,sdnet_tile,pavement
retak/pavement_033-98.jpg,1,retak,test_pave,pavement,pavement_033,P/CP/033-98.jpg,"[0, 0, 256, 256]",1.0,sdnet_tile,pavement
retak/pavement_033-99.jpg,1,retak,test_pave,pavement,pavement_033,P/CP/033-99.jpg,"[0, 0, 256, 256]",1.0,sdnet_tile,pavement
retak/pavement_034-100.jpg,1,retak,test_pave,pavement,pavement_034,P/CP/034-100.jpg,"[0, 0, 256, 256]",1.0,sdnet_tile,pavement
retak/pavement_034-101.jpg,1,retak,test_pave,pavement,pavement_034,P/CP/034-101.jpg,"[0, 0, 256, 256]",1.0,sdnet_tile,pavement
retak/pavement_034-103.jpg,1,retak,test_pave,pavement,pavement_034,P/CP/034-103.jpg,"[0, 0, 256, 256]",1.0,sdnet_tile,pavement
retak/pavement_034-124.jpg,1,retak,test_pave,pavement,pavement_034,P/CP/034-124.jpg,"[0, 0, 256, 256]",1.0,sdnet_tile,pavement
retak/pavement_034-126.jpg,1,retak,test_pave,pavement,pavement_034,P/CP/034-126.jpg,"[0, 0, 256, 256]",1.0,sdnet_tile,pavement
retak/pavement_034-73.jpg,1,retak,test_pave,pavement,pavement_034,P/CP/034-73.jpg,"[0, 0, 256, 256]",1.0,sdnet_tile,pavement
retak/pavement_034-74.jpg,1,retak,test_pave,pavement,pavement_034,P/CP/034-74.jpg,"[0, 0, 256, 256]",1.0,sdnet_tile,pavement
retak/pavement_034-77.jpg,1,retak,test_pave,pavement,pavement_034,P/CP/034-77.jpg,"[0, 0, 256, 256]",1.0,sdnet_tile,pavement
retak/pavement_035-102.jpg,1,retak,test_pave,pavement,pavement_035,P/CP/035-102.jpg,"[0, 0, 256, 256]",1.0,sdnet_tile,pavement
retak/pavement_035-120.jpg,1,retak,test_pave,pavement,pavement_035,P/CP/035-120.jpg,"[0, 0, 256, 256]",1.0,sdnet_tile,pavement
retak/pavement_035-122.jpg,1,retak,test_pave,pavement,pavement_035,P/CP/035-122.jpg,"[0, 0, 256, 256]",1.0,sdnet_tile,pavement
retak/pavement_035-19.jpg,1,retak,test_pave,pavement,pavement_035,P/CP/035-19.jpg,"[0, 0, 256, 256]",1.0,sdnet_tile,pavement
retak/pavement_035-57.jpg,1,retak,test_pave,pavement,pavement_035,P/CP/035-57.jpg,"[0, 0, 256, 256]",1.0,sdnet_tile,pavement
retak/pavement_035-58.jpg,1,retak,test_pave,pavement,pavement_035,P/CP/035-58.jpg,"[0, 0, 256, 256]",1.0,sdnet_tile,pavement
retak/pavement_035-59.jpg,1,retak,test_pave,pavement,pavement_035,P/CP/035-59.jpg,"[0, 0, 256, 256]",1.0,sdnet_tile,pavement
retak/pavement_035-99.jpg,1,retak,test_pave,pavement,pavement_035,P/CP/035-99.jpg,"[0, 0, 256, 256]",1.0,sdnet_tile,pavement
retak/pavement_036-105.jpg,1,retak,test_pave,pavement,pavement_036,P/CP/036-105.jpg,"[0, 0, 256, 256]",1.0,sdnet_tile,pavement
retak/pavement_036-125.jpg,1,retak,test_pave,pavement,pavement_036,P/CP/036-125.jpg,"[0, 0, 256, 256]",1.0,sdnet_tile,pavement
retak/pavement_036-58.jpg,1,retak,test_pave,pavement,pavement_036,P/CP/036-58.jpg,"[0, 0, 256, 256]",1.0,sdnet_tile,pavement
retak/pavement_036-78.jpg,1,retak,test_pave,pavement,pavement_036,P/CP/036-78.jpg,"[0, 0, 256, 256]",1.0,sdnet_tile,pavement
retak/pavement_036-79.jpg,1,retak,test_pave,pavement,pavement_036,P/CP/036-79.jpg,"[0, 0, 256, 256]",1.0,sdnet_tile,pavement
retak/pavement_036-80.jpg,1,retak,test_pave,pavement,pavement_036,P/CP/036-80.jpg,"[0, 0, 256, 256]",1.0,sdnet_tile,pavement
retak/pavement_036-81.jpg,1,retak,test_pave,pavement,pavement_036,P/CP/036-81.jpg,"[0, 0, 256, 256]",1.0,sdnet_tile,pavement
retak/pavement_036-85.jpg,1,retak,test_pave,pavement,pavement_036,P/CP/036-85.jpg,"[0, 0, 256, 256]",1.0,sdnet_tile,pavement
retak/pavement_037-122.jpg,1,retak,test_pave,pavement,pavement_037,P/CP/037-122.jpg,"[0, 0, 256, 256]",1.0,sdnet_tile,pavement
retak/pavement_037-123.jpg,1,retak,test_pave,pavement,pavement_037,P/CP/037-123.jpg,"[0, 0, 256, 256]",1.0,sdnet_tile,pavement
retak/pavement_037-124.jpg,1,retak,test_pave,pavement,pavement_037,P/CP/037-124.jpg,"[0, 0, 256, 256]",1.0,sdnet_tile,pavement
retak/pavement_037-125.jpg,1,retak,test_pave,pavement,pavement_037,P/CP/037-125.jpg,"[0, 0, 256, 256]",1.0,sdnet_tile,pavement
retak/pavement_037-57.jpg,1,retak,test_pave,pavement,pavement_037,P/CP/037-57.jpg,"[0, 0, 256, 256]",1.0,sdnet_tile,pavement
retak/pavement_037-59.jpg,1,retak,test_pave,pavement,pavement_037,P/CP/037-59.jpg,"[0, 0, 256, 256]",1.0,sdnet_tile,pavement
retak/pavement_037-60.jpg,1,retak,test_pave,pavement,pavement_037,P/CP/037-60.jpg,"[0, 0, 256, 256]",1.0,sdnet_tile,pavement
retak/pavement_037-82.jpg,1,retak,test_pave,pavement,pavement_037,P/CP/037-82.jpg,"[0, 0, 256, 256]",1.0,sdnet_tile,pavement
retak/pavement_038-105.jpg,1,retak,test_pave,pavement,pavement_038,P/CP/038-105.jpg,"[0, 0, 256, 256]",1.0,sdnet_tile,pavement
retak/pavement_038-106.jpg,1,retak,test_pave,pavement,pavement_038,P/CP/038-106.jpg,"[0, 0, 256, 256]",1.0,sdnet_tile,pavement
retak/pavement_038-73.jpg,1,retak,test_pave,pavement,pavement_038,P/CP/038-73.jpg,"[0, 0, 256, 256]",1.0,sdnet_tile,pavement
retak/pavement_038-79.jpg,1,retak,test_pave,pavement,pavement_038,P/CP/038-79.jpg,"[0, 0, 256, 256]",1.0,sdnet_tile,pavement
retak/pavement_038-83.jpg,1,retak,test_pave,pavement,pavement_038,P/CP/038-83.jpg,"[0, 0, 256, 256]",1.0,sdnet_tile,pavement
retak/pavement_038-84.jpg,1,retak,test_pave,pavement,pavement_038,P/CP/038-84.jpg,"[0, 0, 256, 256]",1.0,sdnet_tile,pavement
retak/pavement_038-97.jpg,1,retak,test_pave,pavement,pavement_038,P/CP/038-97.jpg,"[0, 0, 256, 256]",1.0,sdnet_tile,pavement
retak/pavement_038-98.jpg,1,retak,test_pave,pavement,pavement_038,P/CP/038-98.jpg,"[0, 0, 256, 256]",1.0,sdnet_tile,pavement
retak/pavement_039-117.jpg,1,retak,test_pave,pavement,pavement_039,P/CP/039-117.jpg,"[0, 0, 256, 256]",1.0,sdnet_tile,pavement
retak/pavement_039-136.jpg,1,retak,test_pave,pavement,pavement_039,P/CP/039-136.jpg,"[0, 0, 256, 256]",1.0,sdnet_tile,pavement
retak/pavement_039-155.jpg,1,retak,test_pave,pavement,pavement_039,P/CP/039-155.jpg,"[0, 0, 256, 256]",1.0,sdnet_tile,pavement
retak/pavement_039-173.jpg,1,retak,test_pave,pavement,pavement_039,P/CP/039-173.jpg,"[0, 0, 256, 256]",1.0,sdnet_tile,pavement
retak/pavement_039-80.jpg,1,retak,test_pave,pavement,pavement_039,P/CP/039-80.jpg,"[0, 0, 256, 256]",1.0,sdnet_tile,pavement
retak/pavement_039-81.jpg,1,retak,test_pave,pavement,pavement_039,P/CP/039-81.jpg,"[0, 0, 256, 256]",1.0,sdnet_tile,pavement
retak/pavement_039-98.jpg,1,retak,test_pave,pavement,pavement_039,P/CP/039-98.jpg,"[0, 0, 256, 256]",1.0,sdnet_tile,pavement
retak/pavement_039-99.jpg,1,retak,test_pave,pavement,pavement_039,P/CP/039-99.jpg,"[0, 0, 256, 256]",1.0,sdnet_tile,pavement
retak/pavement_040-100.jpg,1,retak,test_pave,pavement,pavement_040,P/CP/040-100.jpg,"[0, 0, 256, 256]",1.0,sdnet_tile,pavement
retak/pavement_040-111.jpg,1,retak,test_pave,pavement,pavement_040,P/CP/040-111.jpg,"[0, 0, 256, 256]",1.0,sdnet_tile,pavement
retak/pavement_040-112.jpg,1,retak,test_pave,pavement,pavement_040,P/CP/040-112.jpg,"[0, 0, 256, 256]",1.0,sdnet_tile,pavement
retak/pavement_040-52.jpg,1,retak,test_pave,pavement,pavement_040,P/CP/040-52.jpg,"[0, 0, 256, 256]",1.0,sdnet_tile,pavement
retak/pavement_040-84.jpg,1,retak,test_pave,pavement,pavement_040,P/CP/040-84.jpg,"[0, 0, 256, 256]",1.0,sdnet_tile,pavement
retak/pavement_040-86.jpg,1,retak,test_pave,pavement,pavement_040,P/CP/040-86.jpg,"[0, 0, 256, 256]",1.0,sdnet_tile,pavement
retak/pavement_040-95.jpg,1,retak,test_pave,pavement,pavement_040,P/CP/040-95.jpg,"[0, 0, 256, 256]",1.0,sdnet_tile,pavement
retak/pavement_040-96.jpg,1,retak,test_pave,pavement,pavement_040,P/CP/040-96.jpg,"[0, 0, 256, 256]",1.0,sdnet_tile,pavement
retak/pavement_041-137.jpg,1,retak,test_pave,pavement,pavement_041,P/CP/041-137.jpg,"[0, 0, 256, 256]",1.0,sdnet_tile,pavement
retak/pavement_041-142.jpg,1,retak,test_pave,pavement,pavement_041,P/CP/041-142.jpg,"[0, 0, 256, 256]",1.0,sdnet_tile,pavement
retak/pavement_041-38.jpg,1,retak,test_pave,pavement,pavement_041,P/CP/041-38.jpg,"[0, 0, 256, 256]",1.0,sdnet_tile,pavement
retak/pavement_041-39.jpg,1,retak,test_pave,pavement,pavement_041,P/CP/041-39.jpg,"[0, 0, 256, 256]",1.0,sdnet_tile,pavement
retak/pavement_041-58.jpg,1,retak,test_pave,pavement,pavement_041,P/CP/041-58.jpg,"[0, 0, 256, 256]",1.0,sdnet_tile,pavement
retak/pavement_041-78.jpg,1,retak,test_pave,pavement,pavement_041,P/CP/041-78.jpg,"[0, 0, 256, 256]",1.0,sdnet_tile,pavement
retak/pavement_041-79.jpg,1,retak,test_pave,pavement,pavement_041,P/CP/041-79.jpg,"[0, 0, 256, 256]",1.0,sdnet_tile,pavement
retak/pavement_041-97.jpg,1,retak,test_pave,pavement,pavement_041,P/CP/041-97.jpg,"[0, 0, 256, 256]",1.0,sdnet_tile,pavement
retak/pavement_042-136.jpg,1,retak,test_pave,pavement,pavement_042,P/CP/042-136.jpg,"[0, 0, 256, 256]",1.0,sdnet_tile,pavement
retak/pavement_042-137.jpg,1,retak,test_pave,pavement,pavement_042,P/CP/042-137.jpg,"[0, 0, 256, 256]",1.0,sdnet_tile,pavement
retak/pavement_042-156.jpg,1,retak,test_pave,pavement,pavement_042,P/CP/042-156.jpg,"[0, 0, 256, 256]",1.0,sdnet_tile,pavement
retak/pavement_042-193.jpg,1,retak,test_pave,pavement,pavement_042,P/CP/042-193.jpg,"[0, 0, 256, 256]",1.0,sdnet_tile,pavement
retak/pavement_042-194.jpg,1,retak,test_pave,pavement,pavement_042,P/CP/042-194.jpg,"[0, 0, 256, 256]",1.0,sdnet_tile,pavement
retak/pavement_042-59.jpg,1,retak,test_pave,pavement,pavement_042,P/CP/042-59.jpg,"[0, 0, 256, 256]",1.0,sdnet_tile,pavement
retak/pavement_042-78.jpg,1,retak,test_pave,pavement,pavement_042,P/CP/042-78.jpg,"[0, 0, 256, 256]",1.0,sdnet_tile,pavement
retak/pavement_042-99.jpg,1,retak,test_pave,pavement,pavement_042,P/CP/042-99.jpg,"[0, 0, 256, 256]",1.0,sdnet_tile,pavement
retak/pavement_043-126.jpg,1,retak,test_pave,pavement,pavement_043,P/CP/043-126.jpg,"[0, 0, 256, 256]",1.0,sdnet_tile,pavement
retak/pavement_043-144.jpg,1,retak,test_pave,pavement,pavement_043,P/CP/043-144.jpg,"[0, 0, 256, 256]",1.0,sdnet_tile,pavement
retak/pavement_043-15.jpg,1,retak,test_pave,pavement,pavement_043,P/CP/043-15.jpg,"[0, 0, 256, 256]",1.0,sdnet_tile,pavement
retak/pavement_043-177.jpg,1,retak,test_pave,pavement,pavement_043,P/CP/043-177.jpg,"[0, 0, 256, 256]",1.0,sdnet_tile,pavement
retak/pavement_043-60.jpg,1,retak,test_pave,pavement,pavement_043,P/CP/043-60.jpg,"[0, 0, 256, 256]",1.0,sdnet_tile,pavement
retak/pavement_043-73.jpg,1,retak,test_pave,pavement,pavement_043,P/CP/043-73.jpg,"[0, 0, 256, 256]",1.0,sdnet_tile,pavement
retak/pavement_043-74.jpg,1,retak,test_pave,pavement,pavement_043,P/CP/043-74.jpg,"[0, 0, 256, 256]",1.0,sdnet_tile,pavement
retak/pavement_043-80.jpg,1,retak,test_pave,pavement,pavement_043,P/CP/043-80.jpg,"[0, 0, 256, 256]",1.0,sdnet_tile,pavement
retak/pavement_044-101.jpg,1,retak,test_pave,pavement,pavement_044,P/CP/044-101.jpg,"[0, 0, 256, 256]",1.0,sdnet_tile,pavement
retak/pavement_044-130.jpg,1,retak,test_pave,pavement,pavement_044,P/CP/044-130.jpg,"[0, 0, 256, 256]",1.0,sdnet_tile,pavement
retak/pavement_044-59.jpg,1,retak,test_pave,pavement,pavement_044,P/CP/044-59.jpg,"[0, 0, 256, 256]",1.0,sdnet_tile,pavement
retak/pavement_044-7.jpg,1,retak,test_pave,pavement,pavement_044,P/CP/044-7.jpg,"[0, 0, 256, 256]",1.0,sdnet_tile,pavement
retak/pavement_044-76.jpg,1,retak,test_pave,pavement,pavement_044,P/CP/044-76.jpg,"[0, 0, 256, 256]",1.0,sdnet_tile,pavement
retak/pavement_044-77.jpg,1,retak,test_pave,pavement,pavement_044,P/CP/044-77.jpg,"[0, 0, 256, 256]",1.0,sdnet_tile,pavement
retak/pavement_044-81.jpg,1,retak,test_pave,pavement,pavement_044,P/CP/044-81.jpg,"[0, 0, 256, 256]",1.0,sdnet_tile,pavement
retak/pavement_044-99.jpg,1,retak,test_pave,pavement,pavement_044,P/CP/044-99.jpg,"[0, 0, 256, 256]",1.0,sdnet_tile,pavement
retak/pavement_045-118.jpg,1,retak,test_pave,pavement,pavement_045,P/CP/045-118.jpg,"[0, 0, 256, 256]",1.0,sdnet_tile,pavement
retak/pavement_045-119.jpg,1,retak,test_pave,pavement,pavement_045,P/CP/045-119.jpg,"[0, 0, 256, 256]",1.0,sdnet_tile,pavement
retak/pavement_045-156.jpg,1,retak,test_pave,pavement,pavement_045,P/CP/045-156.jpg,"[0, 0, 256, 256]",1.0,sdnet_tile,pavement
retak/pavement_045-161.jpg,1,retak,test_pave,pavement,pavement_045,P/CP/045-161.jpg,"[0, 0, 256, 256]",1.0,sdnet_tile,pavement
retak/pavement_045-44.jpg,1,retak,test_pave,pavement,pavement_045,P/CP/045-44.jpg,"[0, 0, 256, 256]",1.0,sdnet_tile,pavement
retak/pavement_045-5.jpg,1,retak,test_pave,pavement,pavement_045,P/CP/045-5.jpg,"[0, 0, 256, 256]",1.0,sdnet_tile,pavement
retak/pavement_045-63.jpg,1,retak,test_pave,pavement,pavement_045,P/CP/045-63.jpg,"[0, 0, 256, 256]",1.0,sdnet_tile,pavement
retak/pavement_045-82.jpg,1,retak,test_pave,pavement,pavement_045,P/CP/045-82.jpg,"[0, 0, 256, 256]",1.0,sdnet_tile,pavement
retak/pavement_046-18.jpg,1,retak,test_pave,pavement,pavement_046,P/CP/046-18.jpg,"[0, 0, 256, 256]",1.0,sdnet_tile,pavement
retak/pavement_046-36.jpg,1,retak,test_pave,pavement,pavement_046,P/CP/046-36.jpg,"[0, 0, 256, 256]",1.0,sdnet_tile,pavement
retak/pavement_046-54.jpg,1,retak,test_pave,pavement,pavement_046,P/CP/046-54.jpg,"[0, 0, 256, 256]",1.0,sdnet_tile,pavement
retak/pavement_046-71.jpg,1,retak,test_pave,pavement,pavement_046,P/CP/046-71.jpg,"[0, 0, 256, 256]",1.0,sdnet_tile,pavement
retak/pavement_046-79.jpg,1,retak,test_pave,pavement,pavement_046,P/CP/046-79.jpg,"[0, 0, 256, 256]",1.0,sdnet_tile,pavement
retak/pavement_046-85.jpg,1,retak,test_pave,pavement,pavement_046,P/CP/046-85.jpg,"[0, 0, 256, 256]",1.0,sdnet_tile,pavement
retak/pavement_046-95.jpg,1,retak,test_pave,pavement,pavement_046,P/CP/046-95.jpg,"[0, 0, 256, 256]",1.0,sdnet_tile,pavement
retak/pavement_046-96.jpg,1,retak,test_pave,pavement,pavement_046,P/CP/046-96.jpg,"[0, 0, 256, 256]",1.0,sdnet_tile,pavement
retak/pavement_047-112.jpg,1,retak,test_pave,pavement,pavement_047,P/CP/047-112.jpg,"[0, 0, 256, 256]",1.0,sdnet_tile,pavement
retak/pavement_047-115.jpg,1,retak,test_pave,pavement,pavement_047,P/CP/047-115.jpg,"[0, 0, 256, 256]",1.0,sdnet_tile,pavement
retak/pavement_047-116.jpg,1,retak,test_pave,pavement,pavement_047,P/CP/047-116.jpg,"[0, 0, 256, 256]",1.0,sdnet_tile,pavement
retak/pavement_047-117.jpg,1,retak,test_pave,pavement,pavement_047,P/CP/047-117.jpg,"[0, 0, 256, 256]",1.0,sdnet_tile,pavement
retak/pavement_047-120.jpg,1,retak,test_pave,pavement,pavement_047,P/CP/047-120.jpg,"[0, 0, 256, 256]",1.0,sdnet_tile,pavement
retak/pavement_047-86.jpg,1,retak,test_pave,pavement,pavement_047,P/CP/047-86.jpg,"[0, 0, 256, 256]",1.0,sdnet_tile,pavement
retak/pavement_047-89.jpg,1,retak,test_pave,pavement,pavement_047,P/CP/047-89.jpg,"[0, 0, 256, 256]",1.0,sdnet_tile,pavement
retak/pavement_047-90.jpg,1,retak,test_pave,pavement,pavement_047,P/CP/047-90.jpg,"[0, 0, 256, 256]",1.0,sdnet_tile,pavement
retak/pavement_048-109.jpg,1,retak,test_pave,pavement,pavement_048,P/CP/048-109.jpg,"[0, 0, 256, 256]",1.0,sdnet_tile,pavement
retak/pavement_048-117.jpg,1,retak,test_pave,pavement,pavement_048,P/CP/048-117.jpg,"[0, 0, 256, 256]",1.0,sdnet_tile,pavement
retak/pavement_048-118.jpg,1,retak,test_pave,pavement,pavement_048,P/CP/048-118.jpg,"[0, 0, 256, 256]",1.0,sdnet_tile,pavement
retak/pavement_048-119.jpg,1,retak,test_pave,pavement,pavement_048,P/CP/048-119.jpg,"[0, 0, 256, 256]",1.0,sdnet_tile,pavement
retak/pavement_048-122.jpg,1,retak,test_pave,pavement,pavement_048,P/CP/048-122.jpg,"[0, 0, 256, 256]",1.0,sdnet_tile,pavement
retak/pavement_048-125.jpg,1,retak,test_pave,pavement,pavement_048,P/CP/048-125.jpg,"[0, 0, 256, 256]",1.0,sdnet_tile,pavement
retak/pavement_048-143.jpg,1,retak,test_pave,pavement,pavement_048,P/CP/048-143.jpg,"[0, 0, 256, 256]",1.0,sdnet_tile,pavement
retak/pavement_048-162.jpg,1,retak,test_pave,pavement,pavement_048,P/CP/048-162.jpg,"[0, 0, 256, 256]",1.0,sdnet_tile,pavement
retak/pavement_049-104.jpg,1,retak,test_pave,pavement,pavement_049,P/CP/049-104.jpg,"[0, 0, 256, 256]",1.0,sdnet_tile,pavement
retak/pavement_049-128.jpg,1,retak,test_pave,pavement,pavement_049,P/CP/049-128.jpg,"[0, 0, 256, 256]",1.0,sdnet_tile,pavement
retak/pavement_049-143.jpg,1,retak,test_pave,pavement,pavement_049,P/CP/049-143.jpg,"[0, 0, 256, 256]",1.0,sdnet_tile,pavement
retak/pavement_049-162.jpg,1,retak,test_pave,pavement,pavement_049,P/CP/049-162.jpg,"[0, 0, 256, 256]",1.0,sdnet_tile,pavement
retak/pavement_049-42.jpg,1,retak,test_pave,pavement,pavement_049,P/CP/049-42.jpg,"[0, 0, 256, 256]",1.0,sdnet_tile,pavement
retak/pavement_049-61.jpg,1,retak,test_pave,pavement,pavement_049,P/CP/049-61.jpg,"[0, 0, 256, 256]",1.0,sdnet_tile,pavement
retak/pavement_049-84.jpg,1,retak,test_pave,pavement,pavement_049,P/CP/049-84.jpg,"[0, 0, 256, 256]",1.0,sdnet_tile,pavement
retak/pavement_049-85.jpg,1,retak,test_pave,pavement,pavement_049,P/CP/049-85.jpg,"[0, 0, 256, 256]",1.0,sdnet_tile,pavement
retak/pavement_050-102.jpg,1,retak,test_pave,pavement,pavement_050,P/CP/050-102.jpg,"[0, 0, 256, 256]",1.0,sdnet_tile,pavement
retak/pavement_050-103.jpg,1,retak,test_pave,pavement,pavement_050,P/CP/050-103.jpg,"[0, 0, 256, 256]",1.0,sdnet_tile,pavement
retak/pavement_050-107.jpg,1,retak,test_pave,pavement,pavement_050,P/CP/050-107.jpg,"[0, 0, 256, 256]",1.0,sdnet_tile,pavement
retak/pavement_050-74.jpg,1,retak,test_pave,pavement,pavement_050,P/CP/050-74.jpg,"[0, 0, 256, 256]",1.0,sdnet_tile,pavement
retak/pavement_050-79.jpg,1,retak,test_pave,pavement,pavement_050,P/CP/050-79.jpg,"[0, 0, 256, 256]",1.0,sdnet_tile,pavement
retak/pavement_050-80.jpg,1,retak,test_pave,pavement,pavement_050,P/CP/050-80.jpg,"[0, 0, 256, 256]",1.0,sdnet_tile,pavement
retak/pavement_050-81.jpg,1,retak,test_pave,pavement,pavement_050,P/CP/050-81.jpg,"[0, 0, 256, 256]",1.0,sdnet_tile,pavement
retak/pavement_050-96.jpg,1,retak,test_pave,pavement,pavement_050,P/CP/050-96.jpg,"[0, 0, 256, 256]",1.0,sdnet_tile,pavement
retak/pavement_051-114.jpg,1,retak,test_pave,pavement,pavement_051,P/CP/051-114.jpg,"[0, 0, 256, 256]",1.0,sdnet_tile,pavement
retak/pavement_051-131.jpg,1,retak,test_pave,pavement,pavement_051,P/CP/051-131.jpg,"[0, 0, 256, 256]",1.0,sdnet_tile,pavement
retak/pavement_051-35.jpg,1,retak,test_pave,pavement,pavement_051,P/CP/051-35.jpg,"[0, 0, 256, 256]",1.0,sdnet_tile,pavement
retak/pavement_051-52.jpg,1,retak,test_pave,pavement,pavement_051,P/CP/051-52.jpg,"[0, 0, 256, 256]",1.0,sdnet_tile,pavement
retak/pavement_051-65.jpg,1,retak,test_pave,pavement,pavement_051,P/CP/051-65.jpg,"[0, 0, 256, 256]",1.0,sdnet_tile,pavement
retak/pavement_051-81.jpg,1,retak,test_pave,pavement,pavement_051,P/CP/051-81.jpg,"[0, 0, 256, 256]",1.0,sdnet_tile,pavement
retak/pavement_051-92.jpg,1,retak,test_pave,pavement,pavement_051,P/CP/051-92.jpg,"[0, 0, 256, 256]",1.0,sdnet_tile,pavement
retak/pavement_051-98.jpg,1,retak,test_pave,pavement,pavement_051,P/CP/051-98.jpg,"[0, 0, 256, 256]",1.0,sdnet_tile,pavement
retak/pavement_052-100.jpg,1,retak,test_pave,pavement,pavement_052,P/CP/052-100.jpg,"[0, 0, 256, 256]",1.0,sdnet_tile,pavement
retak/pavement_052-112.jpg,1,retak,test_pave,pavement,pavement_052,P/CP/052-112.jpg,"[0, 0, 256, 256]",1.0,sdnet_tile,pavement
retak/pavement_052-113.jpg,1,retak,test_pave,pavement,pavement_052,P/CP/052-113.jpg,"[0, 0, 256, 256]",1.0,sdnet_tile,pavement
retak/pavement_052-114.jpg,1,retak,test_pave,pavement,pavement_052,P/CP/052-114.jpg,"[0, 0, 256, 256]",1.0,sdnet_tile,pavement
retak/pavement_052-128.jpg,1,retak,test_pave,pavement,pavement_052,P/CP/052-128.jpg,"[0, 0, 256, 256]",1.0,sdnet_tile,pavement
retak/pavement_052-145.jpg,1,retak,test_pave,pavement,pavement_052,P/CP/052-145.jpg,"[0, 0, 256, 256]",1.0,sdnet_tile,pavement
retak/pavement_052-83.jpg,1,retak,test_pave,pavement,pavement_052,P/CP/052-83.jpg,"[0, 0, 256, 256]",1.0,sdnet_tile,pavement
retak/pavement_052-97.jpg,1,retak,test_pave,pavement,pavement_052,P/CP/052-97.jpg,"[0, 0, 256, 256]",1.0,sdnet_tile,pavement
retak/pavement_053-100.jpg,1,retak,test_pave,pavement,pavement_053,P/CP/053-100.jpg,"[0, 0, 256, 256]",1.0,sdnet_tile,pavement
retak/pavement_053-117.jpg,1,retak,test_pave,pavement,pavement_053,P/CP/053-117.jpg,"[0, 0, 256, 256]",1.0,sdnet_tile,pavement
retak/pavement_053-135.jpg,1,retak,test_pave,pavement,pavement_053,P/CP/053-135.jpg,"[0, 0, 256, 256]",1.0,sdnet_tile,pavement
retak/pavement_053-152.jpg,1,retak,test_pave,pavement,pavement_053,P/CP/053-152.jpg,"[0, 0, 256, 256]",1.0,sdnet_tile,pavement
retak/pavement_053-210.jpg,1,retak,test_pave,pavement,pavement_053,P/CP/053-210.jpg,"[0, 0, 256, 256]",1.0,sdnet_tile,pavement
retak/pavement_053-228.jpg,1,retak,test_pave,pavement,pavement_053,P/CP/053-228.jpg,"[0, 0, 256, 256]",1.0,sdnet_tile,pavement
retak/pavement_053-46.jpg,1,retak,test_pave,pavement,pavement_053,P/CP/053-46.jpg,"[0, 0, 256, 256]",1.0,sdnet_tile,pavement
retak/pavement_053-82.jpg,1,retak,test_pave,pavement,pavement_053,P/CP/053-82.jpg,"[0, 0, 256, 256]",1.0,sdnet_tile,pavement
retak/pavement_054-112.jpg,1,retak,test_pave,pavement,pavement_054,P/CP/054-112.jpg,"[0, 0, 256, 256]",1.0,sdnet_tile,pavement
retak/pavement_054-145.jpg,1,retak,test_pave,pavement,pavement_054,P/CP/054-145.jpg,"[0, 0, 256, 256]",1.0,sdnet_tile,pavement
retak/pavement_054-146.jpg,1,retak,test_pave,pavement,pavement_054,P/CP/054-146.jpg,"[0, 0, 256, 256]",1.0,sdnet_tile,pavement
retak/pavement_054-72.jpg,1,retak,test_pave,pavement,pavement_054,P/CP/054-72.jpg,"[0, 0, 256, 256]",1.0,sdnet_tile,pavement
retak/pavement_054-85.jpg,1,retak,test_pave,pavement,pavement_054,P/CP/054-85.jpg,"[0, 0, 256, 256]",1.0,sdnet_tile,pavement
retak/pavement_054-96.jpg,1,retak,test_pave,pavement,pavement_054,P/CP/054-96.jpg,"[0, 0, 256, 256]",1.0,sdnet_tile,pavement
retak/pavement_054-97.jpg,1,retak,test_pave,pavement,pavement_054,P/CP/054-97.jpg,"[0, 0, 256, 256]",1.0,sdnet_tile,pavement
retak/pavement_054-98.jpg,1,retak,test_pave,pavement,pavement_054,P/CP/054-98.jpg,"[0, 0, 256, 256]",1.0,sdnet_tile,pavement
retak/pavement_055-117.jpg,1,retak,test_pave,pavement,pavement_055,P/CP/055-117.jpg,"[0, 0, 256, 256]",1.0,sdnet_tile,pavement
retak/pavement_055-118.jpg,1,retak,test_pave,pavement,pavement_055,P/CP/055-118.jpg,"[0, 0, 256, 256]",1.0,sdnet_tile,pavement
retak/pavement_055-136.jpg,1,retak,test_pave,pavement,pavement_055,P/CP/055-136.jpg,"[0, 0, 256, 256]",1.0,sdnet_tile,pavement
retak/pavement_055-154.jpg,1,retak,test_pave,pavement,pavement_055,P/CP/055-154.jpg,"[0, 0, 256, 256]",1.0,sdnet_tile,pavement
retak/pavement_055-172.jpg,1,retak,test_pave,pavement,pavement_055,P/CP/055-172.jpg,"[0, 0, 256, 256]",1.0,sdnet_tile,pavement
retak/pavement_055-173.jpg,1,retak,test_pave,pavement,pavement_055,P/CP/055-173.jpg,"[0, 0, 256, 256]",1.0,sdnet_tile,pavement
retak/pavement_055-44.jpg,1,retak,test_pave,pavement,pavement_055,P/CP/055-44.jpg,"[0, 0, 256, 256]",1.0,sdnet_tile,pavement
retak/pavement_055-81.jpg,1,retak,test_pave,pavement,pavement_055,P/CP/055-81.jpg,"[0, 0, 256, 256]",1.0,sdnet_tile,pavement
retak/pavement_056-132.jpg,1,retak,test_pave,pavement,pavement_056,P/CP/056-132.jpg,"[0, 0, 256, 256]",1.0,sdnet_tile,pavement
retak/pavement_056-152.jpg,1,retak,test_pave,pavement,pavement_056,P/CP/056-152.jpg,"[0, 0, 256, 256]",1.0,sdnet_tile,pavement
retak/pavement_056-172.jpg,1,retak,test_pave,pavement,pavement_056,P/CP/056-172.jpg,"[0, 0, 256, 256]",1.0,sdnet_tile,pavement
retak/pavement_056-174.jpg,1,retak,test_pave,pavement,pavement_056,P/CP/056-174.jpg,"[0, 0, 256, 256]",1.0,sdnet_tile,pavement
retak/pavement_056-175.jpg,1,retak,test_pave,pavement,pavement_056,P/CP/056-175.jpg,"[0, 0, 256, 256]",1.0,sdnet_tile,pavement
retak/pavement_056-176.jpg,1,retak,test_pave,pavement,pavement_056,P/CP/056-176.jpg,"[0, 0, 256, 256]",1.0,sdnet_tile,pavement
retak/pavement_056-178.jpg,1,retak,test_pave,pavement,pavement_056,P/CP/056-178.jpg,"[0, 0, 256, 256]",1.0,sdnet_tile,pavement
retak/pavement_056-20.jpg,1,retak,test_pave,pavement,pavement_056,P/CP/056-20.jpg,"[0, 0, 256, 256]",1.0,sdnet_tile,pavement
retak/pavement_057-104.jpg,1,retak,test_pave,pavement,pavement_057,P/CP/057-104.jpg,"[0, 0, 256, 256]",1.0,sdnet_tile,pavement
retak/pavement_057-105.jpg,1,retak,test_pave,pavement,pavement_057,P/CP/057-105.jpg,"[0, 0, 256, 256]",1.0,sdnet_tile,pavement
retak/pavement_057-117.jpg,1,retak,test_pave,pavement,pavement_057,P/CP/057-117.jpg,"[0, 0, 256, 256]",1.0,sdnet_tile,pavement
retak/pavement_057-119.jpg,1,retak,test_pave,pavement,pavement_057,P/CP/057-119.jpg,"[0, 0, 256, 256]",1.0,sdnet_tile,pavement
retak/pavement_057-129.jpg,1,retak,test_pave,pavement,pavement_057,P/CP/057-129.jpg,"[0, 0, 256, 256]",1.0,sdnet_tile,pavement
retak/pavement_057-71.jpg,1,retak,test_pave,pavement,pavement_057,P/CP/057-71.jpg,"[0, 0, 256, 256]",1.0,sdnet_tile,pavement
retak/pavement_057-88.jpg,1,retak,test_pave,pavement,pavement_057,P/CP/057-88.jpg,"[0, 0, 256, 256]",1.0,sdnet_tile,pavement
retak/pavement_057-89.jpg,1,retak,test_pave,pavement,pavement_057,P/CP/057-89.jpg,"[0, 0, 256, 256]",1.0,sdnet_tile,pavement
retak/pavement_058-25.jpg,1,retak,test_pave,pavement,pavement_058,P/CP/058-25.jpg,"[0, 0, 256, 256]",1.0,sdnet_tile,pavement
retak/pavement_058-46.jpg,1,retak,test_pave,pavement,pavement_058,P/CP/058-46.jpg,"[0, 0, 256, 256]",1.0,sdnet_tile,pavement
retak/pavement_058-62.jpg,1,retak,test_pave,pavement,pavement_058,P/CP/058-62.jpg,"[0, 0, 256, 256]",1.0,sdnet_tile,pavement
retak/pavement_058-68.jpg,1,retak,test_pave,pavement,pavement_058,P/CP/058-68.jpg,"[0, 0, 256, 256]",1.0,sdnet_tile,pavement
retak/pavement_058-70.jpg,1,retak,test_pave,pavement,pavement_058,P/CP/058-70.jpg,"[0, 0, 256, 256]",1.0,sdnet_tile,pavement
retak/pavement_058-74.jpg,1,retak,test_pave,pavement,pavement_058,P/CP/058-74.jpg,"[0, 0, 256, 256]",1.0,sdnet_tile,pavement
retak/pavement_058-76.jpg,1,retak,test_pave,pavement,pavement_058,P/CP/058-76.jpg,"[0, 0, 256, 256]",1.0,sdnet_tile,pavement
retak/pavement_058-96.jpg,1,retak,test_pave,pavement,pavement_058,P/CP/058-96.jpg,"[0, 0, 256, 256]",1.0,sdnet_tile,pavement
retak/pavement_059-101.jpg,1,retak,test_pave,pavement,pavement_059,P/CP/059-101.jpg,"[0, 0, 256, 256]",1.0,sdnet_tile,pavement
retak/pavement_059-122.jpg,1,retak,test_pave,pavement,pavement_059,P/CP/059-122.jpg,"[0, 0, 256, 256]",1.0,sdnet_tile,pavement
retak/pavement_059-126.jpg,1,retak,test_pave,pavement,pavement_059,P/CP/059-126.jpg,"[0, 0, 256, 256]",1.0,sdnet_tile,pavement
retak/pavement_059-131.jpg,1,retak,test_pave,pavement,pavement_059,P/CP/059-131.jpg,"[0, 0, 256, 256]",1.0,sdnet_tile,pavement
retak/pavement_059-73.jpg,1,retak,test_pave,pavement,pavement_059,P/CP/059-73.jpg,"[0, 0, 256, 256]",1.0,sdnet_tile,pavement
retak/pavement_059-74.jpg,1,retak,test_pave,pavement,pavement_059,P/CP/059-74.jpg,"[0, 0, 256, 256]",1.0,sdnet_tile,pavement
retak/pavement_059-75.jpg,1,retak,test_pave,pavement,pavement_059,P/CP/059-75.jpg,"[0, 0, 256, 256]",1.0,sdnet_tile,pavement
retak/pavement_059-77.jpg,1,retak,test_pave,pavement,pavement_059,P/CP/059-77.jpg,"[0, 0, 256, 256]",1.0,sdnet_tile,pavement
retak/pavement_060-113.jpg,1,retak,test_pave,pavement,pavement_060,P/CP/060-113.jpg,"[0, 0, 256, 256]",1.0,sdnet_tile,pavement
retak/pavement_060-74.jpg,1,retak,test_pave,pavement,pavement_060,P/CP/060-74.jpg,"[0, 0, 256, 256]",1.0,sdnet_tile,pavement
retak/pavement_060-75.jpg,1,retak,test_pave,pavement,pavement_060,P/CP/060-75.jpg,"[0, 0, 256, 256]",1.0,sdnet_tile,pavement
retak/pavement_060-78.jpg,1,retak,test_pave,pavement,pavement_060,P/CP/060-78.jpg,"[0, 0, 256, 256]",1.0,sdnet_tile,pavement
retak/pavement_060-79.jpg,1,retak,test_pave,pavement,pavement_060,P/CP/060-79.jpg,"[0, 0, 256, 256]",1.0,sdnet_tile,pavement
retak/pavement_060-80.jpg,1,retak,test_pave,pavement,pavement_060,P/CP/060-80.jpg,"[0, 0, 256, 256]",1.0,sdnet_tile,pavement
retak/pavement_060-82.jpg,1,retak,test_pave,pavement,pavement_060,P/CP/060-82.jpg,"[0, 0, 256, 256]",1.0,sdnet_tile,pavement
retak/pavement_060-83.jpg,1,retak,test_pave,pavement,pavement_060,P/CP/060-83.jpg,"[0, 0, 256, 256]",1.0,sdnet_tile,pavement
retak/pavement_061-103.jpg,1,retak,test_pave,pavement,pavement_061,P/CP/061-103.jpg,"[0, 0, 256, 256]",1.0,sdnet_tile,pavement
retak/pavement_061-105.jpg,1,retak,test_pave,pavement,pavement_061,P/CP/061-105.jpg,"[0, 0, 256, 256]",1.0,sdnet_tile,pavement
retak/pavement_061-107.jpg,1,retak,test_pave,pavement,pavement_061,P/CP/061-107.jpg,"[0, 0, 256, 256]",1.0,sdnet_tile,pavement
retak/pavement_061-115.jpg,1,retak,test_pave,pavement,pavement_061,P/CP/061-115.jpg,"[0, 0, 256, 256]",1.0,sdnet_tile,pavement
retak/pavement_061-125.jpg,1,retak,test_pave,pavement,pavement_061,P/CP/061-125.jpg,"[0, 0, 256, 256]",1.0,sdnet_tile,pavement
retak/pavement_061-126.jpg,1,retak,test_pave,pavement,pavement_061,P/CP/061-126.jpg,"[0, 0, 256, 256]",1.0,sdnet_tile,pavement
retak/pavement_061-15.jpg,1,retak,test_pave,pavement,pavement_061,P/CP/061-15.jpg,"[0, 0, 256, 256]",1.0,sdnet_tile,pavement
retak/pavement_061-89.jpg,1,retak,test_pave,pavement,pavement_061,P/CP/061-89.jpg,"[0, 0, 256, 256]",1.0,sdnet_tile,pavement
retak/pavement_062-100.jpg,1,retak,test_pave,pavement,pavement_062,P/CP/062-100.jpg,"[0, 0, 256, 256]",1.0,sdnet_tile,pavement
retak/pavement_062-102.jpg,1,retak,test_pave,pavement,pavement_062,P/CP/062-102.jpg,"[0, 0, 256, 256]",1.0,sdnet_tile,pavement
retak/pavement_062-108.jpg,1,retak,test_pave,pavement,pavement_062,P/CP/062-108.jpg,"[0, 0, 256, 256]",1.0,sdnet_tile,pavement
retak/pavement_062-109.jpg,1,retak,test_pave,pavement,pavement_062,P/CP/062-109.jpg,"[0, 0, 256, 256]",1.0,sdnet_tile,pavement
retak/pavement_062-118.jpg,1,retak,test_pave,pavement,pavement_062,P/CP/062-118.jpg,"[0, 0, 256, 256]",1.0,sdnet_tile,pavement
retak/pavement_062-122.jpg,1,retak,test_pave,pavement,pavement_062,P/CP/062-122.jpg,"[0, 0, 256, 256]",1.0,sdnet_tile,pavement
retak/pavement_062-96.jpg,1,retak,test_pave,pavement,pavement_062,P/CP/062-96.jpg,"[0, 0, 256, 256]",1.0,sdnet_tile,pavement
retak/pavement_062-98.jpg,1,retak,test_pave,pavement,pavement_062,P/CP/062-98.jpg,"[0, 0, 256, 256]",1.0,sdnet_tile,pavement
retak/pavement_063-104.jpg,1,retak,test_pave,pavement,pavement_063,P/CP/063-104.jpg,"[0, 0, 256, 256]",1.0,sdnet_tile,pavement
retak/pavement_063-116.jpg,1,retak,test_pave,pavement,pavement_063,P/CP/063-116.jpg,"[0, 0, 256, 256]",1.0,sdnet_tile,pavement
retak/pavement_063-132.jpg,1,retak,test_pave,pavement,pavement_063,P/CP/063-132.jpg,"[0, 0, 256, 256]",1.0,sdnet_tile,pavement
retak/pavement_063-147.jpg,1,retak,test_pave,pavement,pavement_063,P/CP/063-147.jpg,"[0, 0, 256, 256]",1.0,sdnet_tile,pavement
retak/pavement_063-164.jpg,1,retak,test_pave,pavement,pavement_063,P/CP/063-164.jpg,"[0, 0, 256, 256]",1.0,sdnet_tile,pavement
retak/pavement_063-165.jpg,1,retak,test_pave,pavement,pavement_063,P/CP/063-165.jpg,"[0, 0, 256, 256]",1.0,sdnet_tile,pavement
retak/pavement_063-81.jpg,1,retak,test_pave,pavement,pavement_063,P/CP/063-81.jpg,"[0, 0, 256, 256]",1.0,sdnet_tile,pavement
retak/pavement_063-82.jpg,1,retak,test_pave,pavement,pavement_063,P/CP/063-82.jpg,"[0, 0, 256, 256]",1.0,sdnet_tile,pavement
retak/pavement_064-103.jpg,1,retak,test_pave,pavement,pavement_064,P/CP/064-103.jpg,"[0, 0, 256, 256]",1.0,sdnet_tile,pavement
retak/pavement_064-104.jpg,1,retak,test_pave,pavement,pavement_064,P/CP/064-104.jpg,"[0, 0, 256, 256]",1.0,sdnet_tile,pavement
retak/pavement_064-121.jpg,1,retak,test_pave,pavement,pavement_064,P/CP/064-121.jpg,"[0, 0, 256, 256]",1.0,sdnet_tile,pavement
retak/pavement_064-122.jpg,1,retak,test_pave,pavement,pavement_064,P/CP/064-122.jpg,"[0, 0, 256, 256]",1.0,sdnet_tile,pavement
retak/pavement_064-139.jpg,1,retak,test_pave,pavement,pavement_064,P/CP/064-139.jpg,"[0, 0, 256, 256]",1.0,sdnet_tile,pavement
retak/pavement_064-157.jpg,1,retak,test_pave,pavement,pavement_064,P/CP/064-157.jpg,"[0, 0, 256, 256]",1.0,sdnet_tile,pavement
retak/pavement_064-24.jpg,1,retak,test_pave,pavement,pavement_064,P/CP/064-24.jpg,"[0, 0, 256, 256]",1.0,sdnet_tile,pavement
retak/pavement_064-86.jpg,1,retak,test_pave,pavement,pavement_064,P/CP/064-86.jpg,"[0, 0, 256, 256]",1.0,sdnet_tile,pavement
retak/pavement_065-104.jpg,1,retak,test_pave,pavement,pavement_065,P/CP/065-104.jpg,"[0, 0, 256, 256]",1.0,sdnet_tile,pavement
retak/pavement_065-113.jpg,1,retak,test_pave,pavement,pavement_065,P/CP/065-113.jpg,"[0, 0, 256, 256]",1.0,sdnet_tile,pavement
retak/pavement_065-118.jpg,1,retak,test_pave,pavement,pavement_065,P/CP/065-118.jpg,"[0, 0, 256, 256]",1.0,sdnet_tile,pavement
retak/pavement_065-120.jpg,1,retak,test_pave,pavement,pavement_065,P/CP/065-120.jpg,"[0, 0, 256, 256]",1.0,sdnet_tile,pavement
retak/pavement_065-132.jpg,1,retak,test_pave,pavement,pavement_065,P/CP/065-132.jpg,"[0, 0, 256, 256]",1.0,sdnet_tile,pavement
retak/pavement_065-133.jpg,1,retak,test_pave,pavement,pavement_065,P/CP/065-133.jpg,"[0, 0, 256, 256]",1.0,sdnet_tile,pavement
retak/pavement_065-135.jpg,1,retak,test_pave,pavement,pavement_065,P/CP/065-135.jpg,"[0, 0, 256, 256]",1.0,sdnet_tile,pavement
retak/pavement_065-87.jpg,1,retak,test_pave,pavement,pavement_065,P/CP/065-87.jpg,"[0, 0, 256, 256]",1.0,sdnet_tile,pavement
retak/pavement_066-111.jpg,1,retak,test_pave,pavement,pavement_066,P/CP/066-111.jpg,"[0, 0, 256, 256]",1.0,sdnet_tile,pavement
retak/pavement_066-34.jpg,1,retak,test_pave,pavement,pavement_066,P/CP/066-34.jpg,"[0, 0, 256, 256]",1.0,sdnet_tile,pavement
retak/pavement_066-87.jpg,1,retak,test_pave,pavement,pavement_066,P/CP/066-87.jpg,"[0, 0, 256, 256]",1.0,sdnet_tile,pavement
retak/pavement_066-89.jpg,1,retak,test_pave,pavement,pavement_066,P/CP/066-89.jpg,"[0, 0, 256, 256]",1.0,sdnet_tile,pavement
retak/pavement_066-93.jpg,1,retak,test_pave,pavement,pavement_066,P/CP/066-93.jpg,"[0, 0, 256, 256]",1.0,sdnet_tile,pavement
retak/pavement_066-94.jpg,1,retak,test_pave,pavement,pavement_066,P/CP/066-94.jpg,"[0, 0, 256, 256]",1.0,sdnet_tile,pavement
retak/pavement_066-96.jpg,1,retak,test_pave,pavement,pavement_066,P/CP/066-96.jpg,"[0, 0, 256, 256]",1.0,sdnet_tile,pavement
retak/pavement_066-99.jpg,1,retak,test_pave,pavement,pavement_066,P/CP/066-99.jpg,"[0, 0, 256, 256]",1.0,sdnet_tile,pavement
retak/pavement_067-107.jpg,1,retak,test_pave,pavement,pavement_067,P/CP/067-107.jpg,"[0, 0, 256, 256]",1.0,sdnet_tile,pavement
retak/pavement_067-3.jpg,1,retak,test_pave,pavement,pavement_067,P/CP/067-3.jpg,"[0, 0, 256, 256]",1.0,sdnet_tile,pavement
retak/pavement_067-5.jpg,1,retak,test_pave,pavement,pavement_067,P/CP/067-5.jpg,"[0, 0, 256, 256]",1.0,sdnet_tile,pavement
retak/pavement_067-73.jpg,1,retak,test_pave,pavement,pavement_067,P/CP/067-73.jpg,"[0, 0, 256, 256]",1.0,sdnet_tile,pavement
retak/pavement_067-78.jpg,1,retak,test_pave,pavement,pavement_067,P/CP/067-78.jpg,"[0, 0, 256, 256]",1.0,sdnet_tile,pavement
retak/pavement_067-83.jpg,1,retak,test_pave,pavement,pavement_067,P/CP/067-83.jpg,"[0, 0, 256, 256]",1.0,sdnet_tile,pavement
retak/pavement_067-84.jpg,1,retak,test_pave,pavement,pavement_067,P/CP/067-84.jpg,"[0, 0, 256, 256]",1.0,sdnet_tile,pavement
retak/pavement_067-85.jpg,1,retak,test_pave,pavement,pavement_067,P/CP/067-85.jpg,"[0, 0, 256, 256]",1.0,sdnet_tile,pavement
retak/pavement_068-104.jpg,1,retak,test_pave,pavement,pavement_068,P/CP/068-104.jpg,"[0, 0, 256, 256]",1.0,sdnet_tile,pavement
retak/pavement_068-115.jpg,1,retak,test_pave,pavement,pavement_068,P/CP/068-115.jpg,"[0, 0, 256, 256]",1.0,sdnet_tile,pavement
retak/pavement_068-72.jpg,1,retak,test_pave,pavement,pavement_068,P/CP/068-72.jpg,"[0, 0, 256, 256]",1.0,sdnet_tile,pavement
retak/pavement_068-88.jpg,1,retak,test_pave,pavement,pavement_068,P/CP/068-88.jpg,"[0, 0, 256, 256]",1.0,sdnet_tile,pavement
retak/pavement_068-89.jpg,1,retak,test_pave,pavement,pavement_068,P/CP/068-89.jpg,"[0, 0, 256, 256]",1.0,sdnet_tile,pavement
retak/pavement_068-92.jpg,1,retak,test_pave,pavement,pavement_068,P/CP/068-92.jpg,"[0, 0, 256, 256]",1.0,sdnet_tile,pavement
retak/pavement_068-97.jpg,1,retak,test_pave,pavement,pavement_068,P/CP/068-97.jpg,"[0, 0, 256, 256]",1.0,sdnet_tile,pavement
retak/pavement_068-98.jpg,1,retak,test_pave,pavement,pavement_068,P/CP/068-98.jpg,"[0, 0, 256, 256]",1.0,sdnet_tile,pavement
retak/pavement_069-108.jpg,1,retak,test_pave,pavement,pavement_069,P/CP/069-108.jpg,"[0, 0, 256, 256]",1.0,sdnet_tile,pavement
retak/pavement_069-125.jpg,1,retak,test_pave,pavement,pavement_069,P/CP/069-125.jpg,"[0, 0, 256, 256]",1.0,sdnet_tile,pavement
retak/pavement_069-148.jpg,1,retak,test_pave,pavement,pavement_069,P/CP/069-148.jpg,"[0, 0, 256, 256]",1.0,sdnet_tile,pavement
retak/pavement_069-165.jpg,1,retak,test_pave,pavement,pavement_069,P/CP/069-165.jpg,"[0, 0, 256, 256]",1.0,sdnet_tile,pavement
retak/pavement_069-59.jpg,1,retak,test_pave,pavement,pavement_069,P/CP/069-59.jpg,"[0, 0, 256, 256]",1.0,sdnet_tile,pavement
retak/pavement_069-61.jpg,1,retak,test_pave,pavement,pavement_069,P/CP/069-61.jpg,"[0, 0, 256, 256]",1.0,sdnet_tile,pavement
retak/pavement_069-62.jpg,1,retak,test_pave,pavement,pavement_069,P/CP/069-62.jpg,"[0, 0, 256, 256]",1.0,sdnet_tile,pavement
retak/pavement_069-63.jpg,1,retak,test_pave,pavement,pavement_069,P/CP/069-63.jpg,"[0, 0, 256, 256]",1.0,sdnet_tile,pavement
retak/pavement_070-102.jpg,1,retak,test_pave,pavement,pavement_070,P/CP/070-102.jpg,"[0, 0, 256, 256]",1.0,sdnet_tile,pavement
retak/pavement_070-105.jpg,1,retak,test_pave,pavement,pavement_070,P/CP/070-105.jpg,"[0, 0, 256, 256]",1.0,sdnet_tile,pavement
retak/pavement_070-58.jpg,1,retak,test_pave,pavement,pavement_070,P/CP/070-58.jpg,"[0, 0, 256, 256]",1.0,sdnet_tile,pavement
retak/pavement_070-78.jpg,1,retak,test_pave,pavement,pavement_070,P/CP/070-78.jpg,"[0, 0, 256, 256]",1.0,sdnet_tile,pavement
retak/pavement_070-79.jpg,1,retak,test_pave,pavement,pavement_070,P/CP/070-79.jpg,"[0, 0, 256, 256]",1.0,sdnet_tile,pavement
retak/pavement_070-80.jpg,1,retak,test_pave,pavement,pavement_070,P/CP/070-80.jpg,"[0, 0, 256, 256]",1.0,sdnet_tile,pavement
retak/pavement_070-81.jpg,1,retak,test_pave,pavement,pavement_070,P/CP/070-81.jpg,"[0, 0, 256, 256]",1.0,sdnet_tile,pavement
retak/pavement_070-83.jpg,1,retak,test_pave,pavement,pavement_070,P/CP/070-83.jpg,"[0, 0, 256, 256]",1.0,sdnet_tile,pavement
retak/pavement_071-17.jpg,1,retak,test_pave,pavement,pavement_071,P/CP/071-17.jpg,"[0, 0, 256, 256]",1.0,sdnet_tile,pavement
retak/pavement_071-29.jpg,1,retak,test_pave,pavement,pavement_071,P/CP/071-29.jpg,"[0, 0, 256, 256]",1.0,sdnet_tile,pavement
retak/pavement_071-48.jpg,1,retak,test_pave,pavement,pavement_071,P/CP/071-48.jpg,"[0, 0, 256, 256]",1.0,sdnet_tile,pavement
retak/pavement_071-55.jpg,1,retak,test_pave,pavement,pavement_071,P/CP/071-55.jpg,"[0, 0, 256, 256]",1.0,sdnet_tile,pavement
retak/pavement_071-57.jpg,1,retak,test_pave,pavement,pavement_071,P/CP/071-57.jpg,"[0, 0, 256, 256]",1.0,sdnet_tile,pavement
retak/pavement_071-71.jpg,1,retak,test_pave,pavement,pavement_071,P/CP/071-71.jpg,"[0, 0, 256, 256]",1.0,sdnet_tile,pavement
retak/pavement_071-90.jpg,1,retak,test_pave,pavement,pavement_071,P/CP/071-90.jpg,"[0, 0, 256, 256]",1.0,sdnet_tile,pavement
retak/pavement_071-95.jpg,1,retak,test_pave,pavement,pavement_071,P/CP/071-95.jpg,"[0, 0, 256, 256]",1.0,sdnet_tile,pavement
retak/pavement_072-104.jpg,1,retak,test_pave,pavement,pavement_072,P/CP/072-104.jpg,"[0, 0, 256, 256]",1.0,sdnet_tile,pavement
retak/pavement_072-124.jpg,1,retak,test_pave,pavement,pavement_072,P/CP/072-124.jpg,"[0, 0, 256, 256]",1.0,sdnet_tile,pavement
retak/pavement_072-176.jpg,1,retak,test_pave,pavement,pavement_072,P/CP/072-176.jpg,"[0, 0, 256, 256]",1.0,sdnet_tile,pavement
retak/pavement_072-3.jpg,1,retak,test_pave,pavement,pavement_072,P/CP/072-3.jpg,"[0, 0, 256, 256]",1.0,sdnet_tile,pavement
retak/pavement_072-39.jpg,1,retak,test_pave,pavement,pavement_072,P/CP/072-39.jpg,"[0, 0, 256, 256]",1.0,sdnet_tile,pavement
retak/pavement_072-43.jpg,1,retak,test_pave,pavement,pavement_072,P/CP/072-43.jpg,"[0, 0, 256, 256]",1.0,sdnet_tile,pavement
retak/pavement_072-82.jpg,1,retak,test_pave,pavement,pavement_072,P/CP/072-82.jpg,"[0, 0, 256, 256]",1.0,sdnet_tile,pavement
retak/pavement_072-98.jpg,1,retak,test_pave,pavement,pavement_072,P/CP/072-98.jpg,"[0, 0, 256, 256]",1.0,sdnet_tile,pavement
retak/pavement_073-41.jpg,1,retak,test_pave,pavement,pavement_073,P/CP/073-41.jpg,"[0, 0, 256, 256]",1.0,sdnet_tile,pavement
retak/pavement_073-44.jpg,1,retak,test_pave,pavement,pavement_073,P/CP/073-44.jpg,"[0, 0, 256, 256]",1.0,sdnet_tile,pavement
retak/pavement_073-46.jpg,1,retak,test_pave,pavement,pavement_073,P/CP/073-46.jpg,"[0, 0, 256, 256]",1.0,sdnet_tile,pavement
retak/pavement_073-47.jpg,1,retak,test_pave,pavement,pavement_073,P/CP/073-47.jpg,"[0, 0, 256, 256]",1.0,sdnet_tile,pavement
retak/pavement_073-48.jpg,1,retak,test_pave,pavement,pavement_073,P/CP/073-48.jpg,"[0, 0, 256, 256]",1.0,sdnet_tile,pavement
retak/pavement_073-49.jpg,1,retak,test_pave,pavement,pavement_073,P/CP/073-49.jpg,"[0, 0, 256, 256]",1.0,sdnet_tile,pavement
retak/pavement_073-52.jpg,1,retak,test_pave,pavement,pavement_073,P/CP/073-52.jpg,"[0, 0, 256, 256]",1.0,sdnet_tile,pavement
retak/pavement_073-72.jpg,1,retak,test_pave,pavement,pavement_073,P/CP/073-72.jpg,"[0, 0, 256, 256]",1.0,sdnet_tile,pavement
retak/pavement_074-105.jpg,1,retak,test_pave,pavement,pavement_074,P/CP/074-105.jpg,"[0, 0, 256, 256]",1.0,sdnet_tile,pavement
retak/pavement_074-125.jpg,1,retak,test_pave,pavement,pavement_074,P/CP/074-125.jpg,"[0, 0, 256, 256]",1.0,sdnet_tile,pavement
retak/pavement_074-58.jpg,1,retak,test_pave,pavement,pavement_074,P/CP/074-58.jpg,"[0, 0, 256, 256]",1.0,sdnet_tile,pavement
retak/pavement_074-59.jpg,1,retak,test_pave,pavement,pavement_074,P/CP/074-59.jpg,"[0, 0, 256, 256]",1.0,sdnet_tile,pavement
retak/pavement_074-60.jpg,1,retak,test_pave,pavement,pavement_074,P/CP/074-60.jpg,"[0, 0, 256, 256]",1.0,sdnet_tile,pavement
retak/pavement_074-61.jpg,1,retak,test_pave,pavement,pavement_074,P/CP/074-61.jpg,"[0, 0, 256, 256]",1.0,sdnet_tile,pavement
retak/pavement_074-62.jpg,1,retak,test_pave,pavement,pavement_074,P/CP/074-62.jpg,"[0, 0, 256, 256]",1.0,sdnet_tile,pavement
retak/pavement_074-83.jpg,1,retak,test_pave,pavement,pavement_074,P/CP/074-83.jpg,"[0, 0, 256, 256]",1.0,sdnet_tile,pavement
retak/pavement_075-100.jpg,1,retak,test_pave,pavement,pavement_075,P/CP/075-100.jpg,"[0, 0, 256, 256]",1.0,sdnet_tile,pavement
retak/pavement_075-137.jpg,1,retak,test_pave,pavement,pavement_075,P/CP/075-137.jpg,"[0, 0, 256, 256]",1.0,sdnet_tile,pavement
retak/pavement_075-141.jpg,1,retak,test_pave,pavement,pavement_075,P/CP/075-141.jpg,"[0, 0, 256, 256]",1.0,sdnet_tile,pavement
retak/pavement_075-158.jpg,1,retak,test_pave,pavement,pavement_075,P/CP/075-158.jpg,"[0, 0, 256, 256]",1.0,sdnet_tile,pavement
retak/pavement_075-160.jpg,1,retak,test_pave,pavement,pavement_075,P/CP/075-160.jpg,"[0, 0, 256, 256]",1.0,sdnet_tile,pavement
retak/pavement_075-25.jpg,1,retak,test_pave,pavement,pavement_075,P/CP/075-25.jpg,"[0, 0, 256, 256]",1.0,sdnet_tile,pavement
retak/pavement_075-62.jpg,1,retak,test_pave,pavement,pavement_075,P/CP/075-62.jpg,"[0, 0, 256, 256]",1.0,sdnet_tile,pavement
retak/pavement_075-81.jpg,1,retak,test_pave,pavement,pavement_075,P/CP/075-81.jpg,"[0, 0, 256, 256]",1.0,sdnet_tile,pavement
retak/pavement_076-113.jpg,1,retak,test_pave,pavement,pavement_076,P/CP/076-113.jpg,"[0, 0, 256, 256]",1.0,sdnet_tile,pavement
retak/pavement_076-116.jpg,1,retak,test_pave,pavement,pavement_076,P/CP/076-116.jpg,"[0, 0, 256, 256]",1.0,sdnet_tile,pavement
retak/pavement_076-118.jpg,1,retak,test_pave,pavement,pavement_076,P/CP/076-118.jpg,"[0, 0, 256, 256]",1.0,sdnet_tile,pavement
retak/pavement_076-137.jpg,1,retak,test_pave,pavement,pavement_076,P/CP/076-137.jpg,"[0, 0, 256, 256]",1.0,sdnet_tile,pavement
retak/pavement_076-159.jpg,1,retak,test_pave,pavement,pavement_076,P/CP/076-159.jpg,"[0, 0, 256, 256]",1.0,sdnet_tile,pavement
retak/pavement_076-197.jpg,1,retak,test_pave,pavement,pavement_076,P/CP/076-197.jpg,"[0, 0, 256, 256]",1.0,sdnet_tile,pavement
retak/pavement_076-216.jpg,1,retak,test_pave,pavement,pavement_076,P/CP/076-216.jpg,"[0, 0, 256, 256]",1.0,sdnet_tile,pavement
retak/pavement_076-229.jpg,1,retak,test_pave,pavement,pavement_076,P/CP/076-229.jpg,"[0, 0, 256, 256]",1.0,sdnet_tile,pavement
retak/pavement_077-100.jpg,1,retak,test_pave,pavement,pavement_077,P/CP/077-100.jpg,"[0, 0, 256, 256]",1.0,sdnet_tile,pavement
retak/pavement_077-101.jpg,1,retak,test_pave,pavement,pavement_077,P/CP/077-101.jpg,"[0, 0, 256, 256]",1.0,sdnet_tile,pavement
retak/pavement_077-103.jpg,1,retak,test_pave,pavement,pavement_077,P/CP/077-103.jpg,"[0, 0, 256, 256]",1.0,sdnet_tile,pavement
retak/pavement_077-105.jpg,1,retak,test_pave,pavement,pavement_077,P/CP/077-105.jpg,"[0, 0, 256, 256]",1.0,sdnet_tile,pavement
retak/pavement_077-87.jpg,1,retak,test_pave,pavement,pavement_077,P/CP/077-87.jpg,"[0, 0, 256, 256]",1.0,sdnet_tile,pavement
retak/pavement_077-89.jpg,1,retak,test_pave,pavement,pavement_077,P/CP/077-89.jpg,"[0, 0, 256, 256]",1.0,sdnet_tile,pavement
retak/pavement_077-94.jpg,1,retak,test_pave,pavement,pavement_077,P/CP/077-94.jpg,"[0, 0, 256, 256]",1.0,sdnet_tile,pavement
retak/pavement_077-98.jpg,1,retak,test_pave,pavement,pavement_077,P/CP/077-98.jpg,"[0, 0, 256, 256]",1.0,sdnet_tile,pavement
retak/pavement_078-100.jpg,1,retak,test_pave,pavement,pavement_078,P/CP/078-100.jpg,"[0, 0, 256, 256]",1.0,sdnet_tile,pavement
retak/pavement_078-112.jpg,1,retak,test_pave,pavement,pavement_078,P/CP/078-112.jpg,"[0, 0, 256, 256]",1.0,sdnet_tile,pavement
retak/pavement_078-115.jpg,1,retak,test_pave,pavement,pavement_078,P/CP/078-115.jpg,"[0, 0, 256, 256]",1.0,sdnet_tile,pavement
retak/pavement_078-116.jpg,1,retak,test_pave,pavement,pavement_078,P/CP/078-116.jpg,"[0, 0, 256, 256]",1.0,sdnet_tile,pavement
retak/pavement_078-129.jpg,1,retak,test_pave,pavement,pavement_078,P/CP/078-129.jpg,"[0, 0, 256, 256]",1.0,sdnet_tile,pavement
retak/pavement_078-87.jpg,1,retak,test_pave,pavement,pavement_078,P/CP/078-87.jpg,"[0, 0, 256, 256]",1.0,sdnet_tile,pavement
retak/pavement_078-89.jpg,1,retak,test_pave,pavement,pavement_078,P/CP/078-89.jpg,"[0, 0, 256, 256]",1.0,sdnet_tile,pavement
retak/pavement_078-98.jpg,1,retak,test_pave,pavement,pavement_078,P/CP/078-98.jpg,"[0, 0, 256, 256]",1.0,sdnet_tile,pavement
retak/pavement_079-101.jpg,1,retak,test_pave,pavement,pavement_079,P/CP/079-101.jpg,"[0, 0, 256, 256]",1.0,sdnet_tile,pavement
retak/pavement_079-102.jpg,1,retak,test_pave,pavement,pavement_079,P/CP/079-102.jpg,"[0, 0, 256, 256]",1.0,sdnet_tile,pavement
retak/pavement_079-104.jpg,1,retak,test_pave,pavement,pavement_079,P/CP/079-104.jpg,"[0, 0, 256, 256]",1.0,sdnet_tile,pavement
retak/pavement_079-122.jpg,1,retak,test_pave,pavement,pavement_079,P/CP/079-122.jpg,"[0, 0, 256, 256]",1.0,sdnet_tile,pavement
retak/pavement_079-124.jpg,1,retak,test_pave,pavement,pavement_079,P/CP/079-124.jpg,"[0, 0, 256, 256]",1.0,sdnet_tile,pavement
retak/pavement_079-143.jpg,1,retak,test_pave,pavement,pavement_079,P/CP/079-143.jpg,"[0, 0, 256, 256]",1.0,sdnet_tile,pavement
retak/pavement_079-217.jpg,1,retak,test_pave,pavement,pavement_079,P/CP/079-217.jpg,"[0, 0, 256, 256]",1.0,sdnet_tile,pavement
retak/pavement_079-74.jpg,1,retak,test_pave,pavement,pavement_079,P/CP/079-74.jpg,"[0, 0, 256, 256]",1.0,sdnet_tile,pavement
retak/pavement_080-115.jpg,1,retak,test_pave,pavement,pavement_080,P/CP/080-115.jpg,"[0, 0, 256, 256]",1.0,sdnet_tile,pavement
retak/pavement_080-152.jpg,1,retak,test_pave,pavement,pavement_080,P/CP/080-152.jpg,"[0, 0, 256, 256]",1.0,sdnet_tile,pavement
retak/pavement_080-171.jpg,1,retak,test_pave,pavement,pavement_080,P/CP/080-171.jpg,"[0, 0, 256, 256]",1.0,sdnet_tile,pavement
retak/pavement_080-172.jpg,1,retak,test_pave,pavement,pavement_080,P/CP/080-172.jpg,"[0, 0, 256, 256]",1.0,sdnet_tile,pavement
retak/pavement_080-189.jpg,1,retak,test_pave,pavement,pavement_080,P/CP/080-189.jpg,"[0, 0, 256, 256]",1.0,sdnet_tile,pavement
retak/pavement_080-208.jpg,1,retak,test_pave,pavement,pavement_080,P/CP/080-208.jpg,"[0, 0, 256, 256]",1.0,sdnet_tile,pavement
retak/pavement_080-82.jpg,1,retak,test_pave,pavement,pavement_080,P/CP/080-82.jpg,"[0, 0, 256, 256]",1.0,sdnet_tile,pavement
retak/pavement_080-97.jpg,1,retak,test_pave,pavement,pavement_080,P/CP/080-97.jpg,"[0, 0, 256, 256]",1.0,sdnet_tile,pavement
retak/pavement_081-119.jpg,1,retak,test_pave,pavement,pavement_081,P/CP/081-119.jpg,"[0, 0, 256, 256]",1.0,sdnet_tile,pavement
retak/pavement_081-139.jpg,1,retak,test_pave,pavement,pavement_081,P/CP/081-139.jpg,"[0, 0, 256, 256]",1.0,sdnet_tile,pavement
retak/pavement_081-157.jpg,1,retak,test_pave,pavement,pavement_081,P/CP/081-157.jpg,"[0, 0, 256, 256]",1.0,sdnet_tile,pavement
retak/pavement_081-158.jpg,1,retak,test_pave,pavement,pavement_081,P/CP/081-158.jpg,"[0, 0, 256, 256]",1.0,sdnet_tile,pavement
retak/pavement_081-159.jpg,1,retak,test_pave,pavement,pavement_081,P/CP/081-159.jpg,"[0, 0, 256, 256]",1.0,sdnet_tile,pavement
retak/pavement_081-179.jpg,1,retak,test_pave,pavement,pavement_081,P/CP/081-179.jpg,"[0, 0, 256, 256]",1.0,sdnet_tile,pavement
retak/pavement_081-197.jpg,1,retak,test_pave,pavement,pavement_081,P/CP/081-197.jpg,"[0, 0, 256, 256]",1.0,sdnet_tile,pavement
retak/pavement_081-198.jpg,1,retak,test_pave,pavement,pavement_081,P/CP/081-198.jpg,"[0, 0, 256, 256]",1.0,sdnet_tile,pavement
retak/pavement_082-102.jpg,1,retak,test_pave,pavement,pavement_082,P/CP/082-102.jpg,"[0, 0, 256, 256]",1.0,sdnet_tile,pavement
retak/pavement_082-113.jpg,1,retak,test_pave,pavement,pavement_082,P/CP/082-113.jpg,"[0, 0, 256, 256]",1.0,sdnet_tile,pavement
retak/pavement_082-114.jpg,1,retak,test_pave,pavement,pavement_082,P/CP/082-114.jpg,"[0, 0, 256, 256]",1.0,sdnet_tile,pavement
retak/pavement_082-115.jpg,1,retak,test_pave,pavement,pavement_082,P/CP/082-115.jpg,"[0, 0, 256, 256]",1.0,sdnet_tile,pavement
retak/pavement_082-122.jpg,1,retak,test_pave,pavement,pavement_082,P/CP/082-122.jpg,"[0, 0, 256, 256]",1.0,sdnet_tile,pavement
retak/pavement_082-125.jpg,1,retak,test_pave,pavement,pavement_082,P/CP/082-125.jpg,"[0, 0, 256, 256]",1.0,sdnet_tile,pavement
retak/pavement_082-128.jpg,1,retak,test_pave,pavement,pavement_082,P/CP/082-128.jpg,"[0, 0, 256, 256]",1.0,sdnet_tile,pavement
retak/pavement_082-98.jpg,1,retak,test_pave,pavement,pavement_082,P/CP/082-98.jpg,"[0, 0, 256, 256]",1.0,sdnet_tile,pavement
retak/pavement_083-100.jpg,1,retak,test_pave,pavement,pavement_083,P/CP/083-100.jpg,"[0, 0, 256, 256]",1.0,sdnet_tile,pavement
retak/pavement_083-102.jpg,1,retak,test_pave,pavement,pavement_083,P/CP/083-102.jpg,"[0, 0, 256, 256]",1.0,sdnet_tile,pavement
retak/pavement_083-118.jpg,1,retak,test_pave,pavement,pavement_083,P/CP/083-118.jpg,"[0, 0, 256, 256]",1.0,sdnet_tile,pavement
retak/pavement_083-140.jpg,1,retak,test_pave,pavement,pavement_083,P/CP/083-140.jpg,"[0, 0, 256, 256]",1.0,sdnet_tile,pavement
retak/pavement_083-142.jpg,1,retak,test_pave,pavement,pavement_083,P/CP/083-142.jpg,"[0, 0, 256, 256]",1.0,sdnet_tile,pavement
retak/pavement_083-75.jpg,1,retak,test_pave,pavement,pavement_083,P/CP/083-75.jpg,"[0, 0, 256, 256]",1.0,sdnet_tile,pavement
retak/pavement_083-91.jpg,1,retak,test_pave,pavement,pavement_083,P/CP/083-91.jpg,"[0, 0, 256, 256]",1.0,sdnet_tile,pavement
retak/pavement_083-97.jpg,1,retak,test_pave,pavement,pavement_083,P/CP/083-97.jpg,"[0, 0, 256, 256]",1.0,sdnet_tile,pavement
retak/pavement_084-113.jpg,1,retak,test_pave,pavement,pavement_084,P/CP/084-113.jpg,"[0, 0, 256, 256]",1.0,sdnet_tile,pavement
retak/pavement_084-117.jpg,1,retak,test_pave,pavement,pavement_084,P/CP/084-117.jpg,"[0, 0, 256, 256]",1.0,sdnet_tile,pavement
retak/pavement_084-124.jpg,1,retak,test_pave,pavement,pavement_084,P/CP/084-124.jpg,"[0, 0, 256, 256]",1.0,sdnet_tile,pavement
retak/pavement_084-135.jpg,1,retak,test_pave,pavement,pavement_084,P/CP/084-135.jpg,"[0, 0, 256, 256]",1.0,sdnet_tile,pavement
retak/pavement_084-138.jpg,1,retak,test_pave,pavement,pavement_084,P/CP/084-138.jpg,"[0, 0, 256, 256]",1.0,sdnet_tile,pavement
retak/pavement_084-194.jpg,1,retak,test_pave,pavement,pavement_084,P/CP/084-194.jpg,"[0, 0, 256, 256]",1.0,sdnet_tile,pavement
retak/pavement_084-230.jpg,1,retak,test_pave,pavement,pavement_084,P/CP/084-230.jpg,"[0, 0, 256, 256]",1.0,sdnet_tile,pavement
retak/pavement_084-48.jpg,1,retak,test_pave,pavement,pavement_084,P/CP/084-48.jpg,"[0, 0, 256, 256]",1.0,sdnet_tile,pavement
retak/pavement_085-113.jpg,1,retak,test_pave,pavement,pavement_085,P/CP/085-113.jpg,"[0, 0, 256, 256]",1.0,sdnet_tile,pavement
retak/pavement_085-114.jpg,1,retak,test_pave,pavement,pavement_085,P/CP/085-114.jpg,"[0, 0, 256, 256]",1.0,sdnet_tile,pavement
retak/pavement_085-116.jpg,1,retak,test_pave,pavement,pavement_085,P/CP/085-116.jpg,"[0, 0, 256, 256]",1.0,sdnet_tile,pavement
retak/pavement_085-118.jpg,1,retak,test_pave,pavement,pavement_085,P/CP/085-118.jpg,"[0, 0, 256, 256]",1.0,sdnet_tile,pavement
retak/pavement_085-119.jpg,1,retak,test_pave,pavement,pavement_085,P/CP/085-119.jpg,"[0, 0, 256, 256]",1.0,sdnet_tile,pavement
retak/pavement_085-121.jpg,1,retak,test_pave,pavement,pavement_085,P/CP/085-121.jpg,"[0, 0, 256, 256]",1.0,sdnet_tile,pavement
retak/pavement_085-134.jpg,1,retak,test_pave,pavement,pavement_085,P/CP/085-134.jpg,"[0, 0, 256, 256]",1.0,sdnet_tile,pavement
retak/pavement_085-96.jpg,1,retak,test_pave,pavement,pavement_085,P/CP/085-96.jpg,"[0, 0, 256, 256]",1.0,sdnet_tile,pavement
retak/pavement_086-111.jpg,1,retak,test_pave,pavement,pavement_086,P/CP/086-111.jpg,"[0, 0, 256, 256]",1.0,sdnet_tile,pavement
retak/pavement_086-198.jpg,1,retak,test_pave,pavement,pavement_086,P/CP/086-198.jpg,"[0, 0, 256, 256]",1.0,sdnet_tile,pavement
retak/pavement_086-215.jpg,1,retak,test_pave,pavement,pavement_086,P/CP/086-215.jpg,"[0, 0, 256, 256]",1.0,sdnet_tile,pavement
retak/pavement_086-47.jpg,1,retak,test_pave,pavement,pavement_086,P/CP/086-47.jpg,"[0, 0, 256, 256]",1.0,sdnet_tile,pavement
retak/pavement_086-48.jpg,1,retak,test_pave,pavement,pavement_086,P/CP/086-48.jpg,"[0, 0, 256, 256]",1.0,sdnet_tile,pavement
retak/pavement_086-62.jpg,1,retak,test_pave,pavement,pavement_086,P/CP/086-62.jpg,"[0, 0, 256, 256]",1.0,sdnet_tile,pavement
retak/pavement_086-64.jpg,1,retak,test_pave,pavement,pavement_086,P/CP/086-64.jpg,"[0, 0, 256, 256]",1.0,sdnet_tile,pavement
retak/pavement_086-96.jpg,1,retak,test_pave,pavement,pavement_086,P/CP/086-96.jpg,"[0, 0, 256, 256]",1.0,sdnet_tile,pavement
retak/pavement_087-11.jpg,1,retak,test_pave,pavement,pavement_087,P/CP/087-11.jpg,"[0, 0, 256, 256]",1.0,sdnet_tile,pavement
retak/pavement_087-116.jpg,1,retak,test_pave,pavement,pavement_087,P/CP/087-116.jpg,"[0, 0, 256, 256]",1.0,sdnet_tile,pavement
retak/pavement_087-143.jpg,1,retak,test_pave,pavement,pavement_087,P/CP/087-143.jpg,"[0, 0, 256, 256]",1.0,sdnet_tile,pavement
retak/pavement_087-153.jpg,1,retak,test_pave,pavement,pavement_087,P/CP/087-153.jpg,"[0, 0, 256, 256]",1.0,sdnet_tile,pavement
retak/pavement_087-207.jpg,1,retak,test_pave,pavement,pavement_087,P/CP/087-207.jpg,"[0, 0, 256, 256]",1.0,sdnet_tile,pavement
retak/pavement_087-29.jpg,1,retak,test_pave,pavement,pavement_087,P/CP/087-29.jpg,"[0, 0, 256, 256]",1.0,sdnet_tile,pavement
retak/pavement_087-3.jpg,1,retak,test_pave,pavement,pavement_087,P/CP/087-3.jpg,"[0, 0, 256, 256]",1.0,sdnet_tile,pavement
retak/pavement_087-80.jpg,1,retak,test_pave,pavement,pavement_087,P/CP/087-80.jpg,"[0, 0, 256, 256]",1.0,sdnet_tile,pavement
retak/pavement_088-101.jpg,1,retak,test_pave,pavement,pavement_088,P/CP/088-101.jpg,"[0, 0, 256, 256]",1.0,sdnet_tile,pavement
retak/pavement_088-138.jpg,1,retak,test_pave,pavement,pavement_088,P/CP/088-138.jpg,"[0, 0, 256, 256]",1.0,sdnet_tile,pavement
retak/pavement_088-158.jpg,1,retak,test_pave,pavement,pavement_088,P/CP/088-158.jpg,"[0, 0, 256, 256]",1.0,sdnet_tile,pavement
retak/pavement_088-177.jpg,1,retak,test_pave,pavement,pavement_088,P/CP/088-177.jpg,"[0, 0, 256, 256]",1.0,sdnet_tile,pavement
retak/pavement_088-214.jpg,1,retak,test_pave,pavement,pavement_088,P/CP/088-214.jpg,"[0, 0, 256, 256]",1.0,sdnet_tile,pavement
retak/pavement_088-44.jpg,1,retak,test_pave,pavement,pavement_088,P/CP/088-44.jpg,"[0, 0, 256, 256]",1.0,sdnet_tile,pavement
retak/pavement_088-82.jpg,1,retak,test_pave,pavement,pavement_088,P/CP/088-82.jpg,"[0, 0, 256, 256]",1.0,sdnet_tile,pavement
retak/pavement_088-93.jpg,1,retak,test_pave,pavement,pavement_088,P/CP/088-93.jpg,"[0, 0, 256, 256]",1.0,sdnet_tile,pavement
retak/pavement_089-119.jpg,1,retak,test_pave,pavement,pavement_089,P/CP/089-119.jpg,"[0, 0, 256, 256]",1.0,sdnet_tile,pavement
retak/pavement_089-138.jpg,1,retak,test_pave,pavement,pavement_089,P/CP/089-138.jpg,"[0, 0, 256, 256]",1.0,sdnet_tile,pavement
retak/pavement_089-158.jpg,1,retak,test_pave,pavement,pavement_089,P/CP/089-158.jpg,"[0, 0, 256, 256]",1.0,sdnet_tile,pavement
retak/pavement_089-21.jpg,1,retak,test_pave,pavement,pavement_089,P/CP/089-21.jpg,"[0, 0, 256, 256]",1.0,sdnet_tile,pavement
retak/pavement_089-40.jpg,1,retak,test_pave,pavement,pavement_089,P/CP/089-40.jpg,"[0, 0, 256, 256]",1.0,sdnet_tile,pavement
retak/pavement_089-41.jpg,1,retak,test_pave,pavement,pavement_089,P/CP/089-41.jpg,"[0, 0, 256, 256]",1.0,sdnet_tile,pavement
retak/pavement_089-61.jpg,1,retak,test_pave,pavement,pavement_089,P/CP/089-61.jpg,"[0, 0, 256, 256]",1.0,sdnet_tile,pavement
retak/pavement_089-99.jpg,1,retak,test_pave,pavement,pavement_089,P/CP/089-99.jpg,"[0, 0, 256, 256]",1.0,sdnet_tile,pavement
retak/pavement_090-103.jpg,1,retak,test_pave,pavement,pavement_090,P/CP/090-103.jpg,"[0, 0, 256, 256]",1.0,sdnet_tile,pavement
retak/pavement_090-11.jpg,1,retak,test_pave,pavement,pavement_090,P/CP/090-11.jpg,"[0, 0, 256, 256]",1.0,sdnet_tile,pavement
retak/pavement_090-121.jpg,1,retak,test_pave,pavement,pavement_090,P/CP/090-121.jpg,"[0, 0, 256, 256]",1.0,sdnet_tile,pavement
retak/pavement_090-122.jpg,1,retak,test_pave,pavement,pavement_090,P/CP/090-122.jpg,"[0, 0, 256, 256]",1.0,sdnet_tile,pavement
retak/pavement_090-26.jpg,1,retak,test_pave,pavement,pavement_090,P/CP/090-26.jpg,"[0, 0, 256, 256]",1.0,sdnet_tile,pavement
retak/pavement_090-76.jpg,1,retak,test_pave,pavement,pavement_090,P/CP/090-76.jpg,"[0, 0, 256, 256]",1.0,sdnet_tile,pavement
retak/pavement_090-81.jpg,1,retak,test_pave,pavement,pavement_090,P/CP/090-81.jpg,"[0, 0, 256, 256]",1.0,sdnet_tile,pavement
retak/pavement_090-82.jpg,1,retak,test_pave,pavement,pavement_090,P/CP/090-82.jpg,"[0, 0, 256, 256]",1.0,sdnet_tile,pavement
retak/pavement_091-117.jpg,1,retak,test_pave,pavement,pavement_091,P/CP/091-117.jpg,"[0, 0, 256, 256]",1.0,sdnet_tile,pavement
retak/pavement_091-125.jpg,1,retak,test_pave,pavement,pavement_091,P/CP/091-125.jpg,"[0, 0, 256, 256]",1.0,sdnet_tile,pavement
retak/pavement_091-139.jpg,1,retak,test_pave,pavement,pavement_091,P/CP/091-139.jpg,"[0, 0, 256, 256]",1.0,sdnet_tile,pavement
retak/pavement_091-140.jpg,1,retak,test_pave,pavement,pavement_091,P/CP/091-140.jpg,"[0, 0, 256, 256]",1.0,sdnet_tile,pavement
retak/pavement_091-160.jpg,1,retak,test_pave,pavement,pavement_091,P/CP/091-160.jpg,"[0, 0, 256, 256]",1.0,sdnet_tile,pavement
retak/pavement_091-63.jpg,1,retak,test_pave,pavement,pavement_091,P/CP/091-63.jpg,"[0, 0, 256, 256]",1.0,sdnet_tile,pavement
retak/pavement_091-80.jpg,1,retak,test_pave,pavement,pavement_091,P/CP/091-80.jpg,"[0, 0, 256, 256]",1.0,sdnet_tile,pavement
retak/pavement_091-96.jpg,1,retak,test_pave,pavement,pavement_091,P/CP/091-96.jpg,"[0, 0, 256, 256]",1.0,sdnet_tile,pavement
retak/pavement_092-103.jpg,1,retak,test_pave,pavement,pavement_092,P/CP/092-103.jpg,"[0, 0, 256, 256]",1.0,sdnet_tile,pavement
retak/pavement_092-123.jpg,1,retak,test_pave,pavement,pavement_092,P/CP/092-123.jpg,"[0, 0, 256, 256]",1.0,sdnet_tile,pavement
retak/pavement_092-179.jpg,1,retak,test_pave,pavement,pavement_092,P/CP/092-179.jpg,"[0, 0, 256, 256]",1.0,sdnet_tile,pavement
retak/pavement_092-25.jpg,1,retak,test_pave,pavement,pavement_092,P/CP/092-25.jpg,"[0, 0, 256, 256]",1.0,sdnet_tile,pavement
retak/pavement_092-76.jpg,1,retak,test_pave,pavement,pavement_092,P/CP/092-76.jpg,"[0, 0, 256, 256]",1.0,sdnet_tile,pavement
retak/pavement_092-77.jpg,1,retak,test_pave,pavement,pavement_092,P/CP/092-77.jpg,"[0, 0, 256, 256]",1.0,sdnet_tile,pavement
retak/pavement_092-83.jpg,1,retak,test_pave,pavement,pavement_092,P/CP/092-83.jpg,"[0, 0, 256, 256]",1.0,sdnet_tile,pavement
retak/pavement_092-84.jpg,1,retak,test_pave,pavement,pavement_092,P/CP/092-84.jpg,"[0, 0, 256, 256]",1.0,sdnet_tile,pavement
retak/pavement_093-100.jpg,1,retak,test_pave,pavement,pavement_093,P/CP/093-100.jpg,"[0, 0, 256, 256]",1.0,sdnet_tile,pavement
retak/pavement_093-151.jpg,1,retak,test_pave,pavement,pavement_093,P/CP/093-151.jpg,"[0, 0, 256, 256]",1.0,sdnet_tile,pavement
retak/pavement_093-160.jpg,1,retak,test_pave,pavement,pavement_093,P/CP/093-160.jpg,"[0, 0, 256, 256]",1.0,sdnet_tile,pavement
retak/pavement_093-173.jpg,1,retak,test_pave,pavement,pavement_093,P/CP/093-173.jpg,"[0, 0, 256, 256]",1.0,sdnet_tile,pavement
retak/pavement_093-234.jpg,1,retak,test_pave,pavement,pavement_093,P/CP/093-234.jpg,"[0, 0, 256, 256]",1.0,sdnet_tile,pavement
retak/pavement_093-53.jpg,1,retak,test_pave,pavement,pavement_093,P/CP/093-53.jpg,"[0, 0, 256, 256]",1.0,sdnet_tile,pavement
retak/pavement_093-81.jpg,1,retak,test_pave,pavement,pavement_093,P/CP/093-81.jpg,"[0, 0, 256, 256]",1.0,sdnet_tile,pavement
retak/pavement_093-99.jpg,1,retak,test_pave,pavement,pavement_093,P/CP/093-99.jpg,"[0, 0, 256, 256]",1.0,sdnet_tile,pavement
retak/pavement_094-101.jpg,1,retak,test_pave,pavement,pavement_094,P/CP/094-101.jpg,"[0, 0, 256, 256]",1.0,sdnet_tile,pavement
retak/pavement_094-106.jpg,1,retak,test_pave,pavement,pavement_094,P/CP/094-106.jpg,"[0, 0, 256, 256]",1.0,sdnet_tile,pavement
retak/pavement_094-118.jpg,1,retak,test_pave,pavement,pavement_094,P/CP/094-118.jpg,"[0, 0, 256, 256]",1.0,sdnet_tile,pavement
retak/pavement_094-123.jpg,1,retak,test_pave,pavement,pavement_094,P/CP/094-123.jpg,"[0, 0, 256, 256]",1.0,sdnet_tile,pavement
retak/pavement_094-22.jpg,1,retak,test_pave,pavement,pavement_094,P/CP/094-22.jpg,"[0, 0, 256, 256]",1.0,sdnet_tile,pavement
retak/pavement_094-3.jpg,1,retak,test_pave,pavement,pavement_094,P/CP/094-3.jpg,"[0, 0, 256, 256]",1.0,sdnet_tile,pavement
retak/pavement_094-4.jpg,1,retak,test_pave,pavement,pavement_094,P/CP/094-4.jpg,"[0, 0, 256, 256]",1.0,sdnet_tile,pavement
retak/pavement_094-85.jpg,1,retak,test_pave,pavement,pavement_094,P/CP/094-85.jpg,"[0, 0, 256, 256]",1.0,sdnet_tile,pavement
retak/pavement_095-111.jpg,1,retak,test_pave,pavement,pavement_095,P/CP/095-111.jpg,"[0, 0, 256, 256]",1.0,sdnet_tile,pavement
retak/pavement_095-220.jpg,1,retak,test_pave,pavement,pavement_095,P/CP/095-220.jpg,"[0, 0, 256, 256]",1.0,sdnet_tile,pavement
retak/pavement_095-227.jpg,1,retak,test_pave,pavement,pavement_095,P/CP/095-227.jpg,"[0, 0, 256, 256]",1.0,sdnet_tile,pavement
retak/pavement_095-45.jpg,1,retak,test_pave,pavement,pavement_095,P/CP/095-45.jpg,"[0, 0, 256, 256]",1.0,sdnet_tile,pavement
retak/pavement_095-59.jpg,1,retak,test_pave,pavement,pavement_095,P/CP/095-59.jpg,"[0, 0, 256, 256]",1.0,sdnet_tile,pavement
retak/pavement_095-83.jpg,1,retak,test_pave,pavement,pavement_095,P/CP/095-83.jpg,"[0, 0, 256, 256]",1.0,sdnet_tile,pavement
retak/pavement_095-84.jpg,1,retak,test_pave,pavement,pavement_095,P/CP/095-84.jpg,"[0, 0, 256, 256]",1.0,sdnet_tile,pavement
retak/pavement_095-85.jpg,1,retak,test_pave,pavement,pavement_095,P/CP/095-85.jpg,"[0, 0, 256, 256]",1.0,sdnet_tile,pavement
retak/pavement_096-101.jpg,1,retak,test_pave,pavement,pavement_096,P/CP/096-101.jpg,"[0, 0, 256, 256]",1.0,sdnet_tile,pavement
retak/pavement_096-102.jpg,1,retak,test_pave,pavement,pavement_096,P/CP/096-102.jpg,"[0, 0, 256, 256]",1.0,sdnet_tile,pavement
retak/pavement_096-107.jpg,1,retak,test_pave,pavement,pavement_096,P/CP/096-107.jpg,"[0, 0, 256, 256]",1.0,sdnet_tile,pavement
retak/pavement_096-113.jpg,1,retak,test_pave,pavement,pavement_096,P/CP/096-113.jpg,"[0, 0, 256, 256]",1.0,sdnet_tile,pavement
retak/pavement_096-117.jpg,1,retak,test_pave,pavement,pavement_096,P/CP/096-117.jpg,"[0, 0, 256, 256]",1.0,sdnet_tile,pavement
retak/pavement_096-195.jpg,1,retak,test_pave,pavement,pavement_096,P/CP/096-195.jpg,"[0, 0, 256, 256]",1.0,sdnet_tile,pavement
retak/pavement_096-197.jpg,1,retak,test_pave,pavement,pavement_096,P/CP/096-197.jpg,"[0, 0, 256, 256]",1.0,sdnet_tile,pavement
retak/pavement_096-213.jpg,1,retak,test_pave,pavement,pavement_096,P/CP/096-213.jpg,"[0, 0, 256, 256]",1.0,sdnet_tile,pavement
retak/pavement_098-114.jpg,1,retak,test_pave,pavement,pavement_098,P/CP/098-114.jpg,"[0, 0, 256, 256]",1.0,sdnet_tile,pavement
retak/pavement_098-123.jpg,1,retak,test_pave,pavement,pavement_098,P/CP/098-123.jpg,"[0, 0, 256, 256]",1.0,sdnet_tile,pavement
retak/pavement_098-124.jpg,1,retak,test_pave,pavement,pavement_098,P/CP/098-124.jpg,"[0, 0, 256, 256]",1.0,sdnet_tile,pavement
retak/pavement_098-95.jpg,1,retak,test_pave,pavement,pavement_098,P/CP/098-95.jpg,"[0, 0, 256, 256]",1.0,sdnet_tile,pavement
retak/pavement_098-96.jpg,1,retak,test_pave,pavement,pavement_098,P/CP/098-96.jpg,"[0, 0, 256, 256]",1.0,sdnet_tile,pavement
retak/pavement_098-97.jpg,1,retak,test_pave,pavement,pavement_098,P/CP/098-97.jpg,"[0, 0, 256, 256]",1.0,sdnet_tile,pavement
retak/pavement_098-98.jpg,1,retak,test_pave,pavement,pavement_098,P/CP/098-98.jpg,"[0, 0, 256, 256]",1.0,sdnet_tile,pavement
retak/pavement_098-99.jpg,1,retak,test_pave,pavement,pavement_098,P/CP/098-99.jpg,"[0, 0, 256, 256]",1.0,sdnet_tile,pavement
retak/pavement_099-102.jpg,1,retak,test_pave,pavement,pavement_099,P/CP/099-102.jpg,"[0, 0, 256, 256]",1.0,sdnet_tile,pavement
retak/pavement_099-103.jpg,1,retak,test_pave,pavement,pavement_099,P/CP/099-103.jpg,"[0, 0, 256, 256]",1.0,sdnet_tile,pavement
retak/pavement_099-104.jpg,1,retak,test_pave,pavement,pavement_099,P/CP/099-104.jpg,"[0, 0, 256, 256]",1.0,sdnet_tile,pavement
retak/pavement_099-105.jpg,1,retak,test_pave,pavement,pavement_099,P/CP/099-105.jpg,"[0, 0, 256, 256]",1.0,sdnet_tile,pavement
retak/pavement_099-113.jpg,1,retak,test_pave,pavement,pavement_099,P/CP/099-113.jpg,"[0, 0, 256, 256]",1.0,sdnet_tile,pavement
retak/pavement_099-126.jpg,1,retak,test_pave,pavement,pavement_099,P/CP/099-126.jpg,"[0, 0, 256, 256]",1.0,sdnet_tile,pavement
retak/pavement_099-91.jpg,1,retak,test_pave,pavement,pavement_099,P/CP/099-91.jpg,"[0, 0, 256, 256]",1.0,sdnet_tile,pavement
retak/pavement_099-99.jpg,1,retak,test_pave,pavement,pavement_099,P/CP/099-99.jpg,"[0, 0, 256, 256]",1.0,sdnet_tile,pavement
retak/pavement_100-119.jpg,1,retak,test_pave,pavement,pavement_100,P/CP/100-119.jpg,"[0, 0, 256, 256]",1.0,sdnet_tile,pavement
retak/pavement_100-141.jpg,1,retak,test_pave,pavement,pavement_100,P/CP/100-141.jpg,"[0, 0, 256, 256]",1.0,sdnet_tile,pavement
retak/pavement_100-144.jpg,1,retak,test_pave,pavement,pavement_100,P/CP/100-144.jpg,"[0, 0, 256, 256]",1.0,sdnet_tile,pavement
retak/pavement_100-166.jpg,1,retak,test_pave,pavement,pavement_100,P/CP/100-166.jpg,"[0, 0, 256, 256]",1.0,sdnet_tile,pavement
retak/pavement_100-169.jpg,1,retak,test_pave,pavement,pavement_100,P/CP/100-169.jpg,"[0, 0, 256, 256]",1.0,sdnet_tile,pavement
retak/pavement_100-57.jpg,1,retak,test_pave,pavement,pavement_100,P/CP/100-57.jpg,"[0, 0, 256, 256]",1.0,sdnet_tile,pavement
retak/pavement_100-92.jpg,1,retak,test_pave,pavement,pavement_100,P/CP/100-92.jpg,"[0, 0, 256, 256]",1.0,sdnet_tile,pavement
retak/pavement_100-99.jpg,1,retak,test_pave,pavement,pavement_100,P/CP/100-99.jpg,"[0, 0, 256, 256]",1.0,sdnet_tile,pavement
retak/pavement_101-100.jpg,1,retak,test_pave,pavement,pavement_101,P/CP/101-100.jpg,"[0, 0, 256, 256]",1.0,sdnet_tile,pavement
retak/pavement_101-124.jpg,1,retak,test_pave,pavement,pavement_101,P/CP/101-124.jpg,"[0, 0, 256, 256]",1.0,sdnet_tile,pavement
retak/pavement_101-138.jpg,1,retak,test_pave,pavement,pavement_101,P/CP/101-138.jpg,"[0, 0, 256, 256]",1.0,sdnet_tile,pavement
retak/pavement_101-208.jpg,1,retak,test_pave,pavement,pavement_101,P/CP/101-208.jpg,"[0, 0, 256, 256]",1.0,sdnet_tile,pavement
retak/pavement_101-50.jpg,1,retak,test_pave,pavement,pavement_101,P/CP/101-50.jpg,"[0, 0, 256, 256]",1.0,sdnet_tile,pavement
retak/pavement_101-54.jpg,1,retak,test_pave,pavement,pavement_101,P/CP/101-54.jpg,"[0, 0, 256, 256]",1.0,sdnet_tile,pavement
retak/pavement_101-59.jpg,1,retak,test_pave,pavement,pavement_101,P/CP/101-59.jpg,"[0, 0, 256, 256]",1.0,sdnet_tile,pavement
retak/pavement_101-85.jpg,1,retak,test_pave,pavement,pavement_101,P/CP/101-85.jpg,"[0, 0, 256, 256]",1.0,sdnet_tile,pavement
retak/pavement_102-110.jpg,1,retak,test_pave,pavement,pavement_102,P/CP/102-110.jpg,"[0, 0, 256, 256]",1.0,sdnet_tile,pavement
retak/pavement_102-112.jpg,1,retak,test_pave,pavement,pavement_102,P/CP/102-112.jpg,"[0, 0, 256, 256]",1.0,sdnet_tile,pavement
retak/pavement_102-116.jpg,1,retak,test_pave,pavement,pavement_102,P/CP/102-116.jpg,"[0, 0, 256, 256]",1.0,sdnet_tile,pavement
retak/pavement_102-120.jpg,1,retak,test_pave,pavement,pavement_102,P/CP/102-120.jpg,"[0, 0, 256, 256]",1.0,sdnet_tile,pavement
retak/pavement_102-134.jpg,1,retak,test_pave,pavement,pavement_102,P/CP/102-134.jpg,"[0, 0, 256, 256]",1.0,sdnet_tile,pavement
retak/pavement_102-136.jpg,1,retak,test_pave,pavement,pavement_102,P/CP/102-136.jpg,"[0, 0, 256, 256]",1.0,sdnet_tile,pavement
retak/pavement_102-138.jpg,1,retak,test_pave,pavement,pavement_102,P/CP/102-138.jpg,"[0, 0, 256, 256]",1.0,sdnet_tile,pavement
retak/pavement_102-58.jpg,1,retak,test_pave,pavement,pavement_102,P/CP/102-58.jpg,"[0, 0, 256, 256]",1.0,sdnet_tile,pavement
retak/pavement_103-1.jpg,1,retak,test_pave,pavement,pavement_103,P/CP/103-1.jpg,"[0, 0, 256, 256]",1.0,sdnet_tile,pavement
retak/pavement_103-113.jpg,1,retak,test_pave,pavement,pavement_103,P/CP/103-113.jpg,"[0, 0, 256, 256]",1.0,sdnet_tile,pavement
retak/pavement_103-118.jpg,1,retak,test_pave,pavement,pavement_103,P/CP/103-118.jpg,"[0, 0, 256, 256]",1.0,sdnet_tile,pavement
retak/pavement_103-119.jpg,1,retak,test_pave,pavement,pavement_103,P/CP/103-119.jpg,"[0, 0, 256, 256]",1.0,sdnet_tile,pavement
retak/pavement_103-130.jpg,1,retak,test_pave,pavement,pavement_103,P/CP/103-130.jpg,"[0, 0, 256, 256]",1.0,sdnet_tile,pavement
retak/pavement_103-139.jpg,1,retak,test_pave,pavement,pavement_103,P/CP/103-139.jpg,"[0, 0, 256, 256]",1.0,sdnet_tile,pavement
retak/pavement_103-181.jpg,1,retak,test_pave,pavement,pavement_103,P/CP/103-181.jpg,"[0, 0, 256, 256]",1.0,sdnet_tile,pavement
retak/pavement_103-61.jpg,1,retak,test_pave,pavement,pavement_103,P/CP/103-61.jpg,"[0, 0, 256, 256]",1.0,sdnet_tile,pavement
retak/pavement_104-100.jpg,1,retak,test_pave,pavement,pavement_104,P/CP/104-100.jpg,"[0, 0, 256, 256]",1.0,sdnet_tile,pavement
retak/pavement_104-106.jpg,1,retak,test_pave,pavement,pavement_104,P/CP/104-106.jpg,"[0, 0, 256, 256]",1.0,sdnet_tile,pavement
retak/pavement_104-19.jpg,1,retak,test_pave,pavement,pavement_104,P/CP/104-19.jpg,"[0, 0, 256, 256]",1.0,sdnet_tile,pavement
retak/pavement_104-21.jpg,1,retak,test_pave,pavement,pavement_104,P/CP/104-21.jpg,"[0, 0, 256, 256]",1.0,sdnet_tile,pavement
retak/pavement_104-39.jpg,1,retak,test_pave,pavement,pavement_104,P/CP/104-39.jpg,"[0, 0, 256, 256]",1.0,sdnet_tile,pavement
retak/pavement_104-80.jpg,1,retak,test_pave,pavement,pavement_104,P/CP/104-80.jpg,"[0, 0, 256, 256]",1.0,sdnet_tile,pavement
retak/pavement_104-81.jpg,1,retak,test_pave,pavement,pavement_104,P/CP/104-81.jpg,"[0, 0, 256, 256]",1.0,sdnet_tile,pavement
retak/pavement_104-89.jpg,1,retak,test_pave,pavement,pavement_104,P/CP/104-89.jpg,"[0, 0, 256, 256]",1.0,sdnet_tile,pavement
utuh/wall_7069-103.jpg,0,utuh,test_wall,wall,wall_7069,W/UW/7069-103.jpg,"[0, 0, 256, 256]",1.0,sdnet_tile,wall
utuh/wall_7069-106.jpg,0,utuh,test_wall,wall,wall_7069,W/UW/7069-106.jpg,"[0, 0, 256, 256]",1.0,sdnet_tile,wall
utuh/wall_7069-107.jpg,0,utuh,test_wall,wall,wall_7069,W/UW/7069-107.jpg,"[0, 0, 256, 256]",1.0,sdnet_tile,wall
utuh/wall_7069-112.jpg,0,utuh,test_wall,wall,wall_7069,W/UW/7069-112.jpg,"[0, 0, 256, 256]",1.0,sdnet_tile,wall
utuh/wall_7069-115.jpg,0,utuh,test_wall,wall,wall_7069,W/UW/7069-115.jpg,"[0, 0, 256, 256]",1.0,sdnet_tile,wall
utuh/wall_7069-135.jpg,0,utuh,test_wall,wall,wall_7069,W/UW/7069-135.jpg,"[0, 0, 256, 256]",1.0,sdnet_tile,wall
utuh/wall_7069-14.jpg,0,utuh,test_wall,wall,wall_7069,W/UW/7069-14.jpg,"[0, 0, 256, 256]",1.0,sdnet_tile,wall
utuh/wall_7069-143.jpg,0,utuh,test_wall,wall,wall_7069,W/UW/7069-143.jpg,"[0, 0, 256, 256]",1.0,sdnet_tile,wall
utuh/wall_7069-156.jpg,0,utuh,test_wall,wall,wall_7069,W/UW/7069-156.jpg,"[0, 0, 256, 256]",1.0,sdnet_tile,wall
utuh/wall_7069-16.jpg,0,utuh,test_wall,wall,wall_7069,W/UW/7069-16.jpg,"[0, 0, 256, 256]",1.0,sdnet_tile,wall
utuh/wall_7069-163.jpg,0,utuh,test_wall,wall,wall_7069,W/UW/7069-163.jpg,"[0, 0, 256, 256]",1.0,sdnet_tile,wall
utuh/wall_7069-175.jpg,0,utuh,test_wall,wall,wall_7069,W/UW/7069-175.jpg,"[0, 0, 256, 256]",1.0,sdnet_tile,wall
utuh/wall_7069-178.jpg,0,utuh,test_wall,wall,wall_7069,W/UW/7069-178.jpg,"[0, 0, 256, 256]",1.0,sdnet_tile,wall
utuh/wall_7069-188.jpg,0,utuh,test_wall,wall,wall_7069,W/UW/7069-188.jpg,"[0, 0, 256, 256]",1.0,sdnet_tile,wall
utuh/wall_7069-194.jpg,0,utuh,test_wall,wall,wall_7069,W/UW/7069-194.jpg,"[0, 0, 256, 256]",1.0,sdnet_tile,wall
utuh/wall_7069-2.jpg,0,utuh,test_wall,wall,wall_7069,W/UW/7069-2.jpg,"[0, 0, 256, 256]",1.0,sdnet_tile,wall
utuh/wall_7069-20.jpg,0,utuh,test_wall,wall,wall_7069,W/UW/7069-20.jpg,"[0, 0, 256, 256]",1.0,sdnet_tile,wall
utuh/wall_7069-205.jpg,0,utuh,test_wall,wall,wall_7069,W/UW/7069-205.jpg,"[0, 0, 256, 256]",1.0,sdnet_tile,wall
utuh/wall_7069-206.jpg,0,utuh,test_wall,wall,wall_7069,W/UW/7069-206.jpg,"[0, 0, 256, 256]",1.0,sdnet_tile,wall
utuh/wall_7069-209.jpg,0,utuh,test_wall,wall,wall_7069,W/UW/7069-209.jpg,"[0, 0, 256, 256]",1.0,sdnet_tile,wall
utuh/wall_7069-219.jpg,0,utuh,test_wall,wall,wall_7069,W/UW/7069-219.jpg,"[0, 0, 256, 256]",1.0,sdnet_tile,wall
utuh/wall_7069-223.jpg,0,utuh,test_wall,wall,wall_7069,W/UW/7069-223.jpg,"[0, 0, 256, 256]",1.0,sdnet_tile,wall
utuh/wall_7069-236.jpg,0,utuh,test_wall,wall,wall_7069,W/UW/7069-236.jpg,"[0, 0, 256, 256]",1.0,sdnet_tile,wall
utuh/wall_7069-237.jpg,0,utuh,test_wall,wall,wall_7069,W/UW/7069-237.jpg,"[0, 0, 256, 256]",1.0,sdnet_tile,wall
utuh/wall_7069-246.jpg,0,utuh,test_wall,wall,wall_7069,W/UW/7069-246.jpg,"[0, 0, 256, 256]",1.0,sdnet_tile,wall
utuh/wall_7069-248.jpg,0,utuh,test_wall,wall,wall_7069,W/UW/7069-248.jpg,"[0, 0, 256, 256]",1.0,sdnet_tile,wall
utuh/wall_7069-252.jpg,0,utuh,test_wall,wall,wall_7069,W/UW/7069-252.jpg,"[0, 0, 256, 256]",1.0,sdnet_tile,wall
utuh/wall_7069-48.jpg,0,utuh,test_wall,wall,wall_7069,W/UW/7069-48.jpg,"[0, 0, 256, 256]",1.0,sdnet_tile,wall
utuh/wall_7069-62.jpg,0,utuh,test_wall,wall,wall_7069,W/UW/7069-62.jpg,"[0, 0, 256, 256]",1.0,sdnet_tile,wall
utuh/wall_7069-7.jpg,0,utuh,test_wall,wall,wall_7069,W/UW/7069-7.jpg,"[0, 0, 256, 256]",1.0,sdnet_tile,wall
utuh/wall_7069-78.jpg,0,utuh,test_wall,wall,wall_7069,W/UW/7069-78.jpg,"[0, 0, 256, 256]",1.0,sdnet_tile,wall
utuh/wall_7069-84.jpg,0,utuh,test_wall,wall,wall_7069,W/UW/7069-84.jpg,"[0, 0, 256, 256]",1.0,sdnet_tile,wall
utuh/wall_7069-97.jpg,0,utuh,test_wall,wall,wall_7069,W/UW/7069-97.jpg,"[0, 0, 256, 256]",1.0,sdnet_tile,wall
utuh/wall_7069-98.jpg,0,utuh,test_wall,wall,wall_7069,W/UW/7069-98.jpg,"[0, 0, 256, 256]",1.0,sdnet_tile,wall
utuh/wall_7070-10.jpg,0,utuh,test_wall,wall,wall_7070,W/UW/7070-10.jpg,"[0, 0, 256, 256]",1.0,sdnet_tile,wall
utuh/wall_7070-110.jpg,0,utuh,test_wall,wall,wall_7070,W/UW/7070-110.jpg,"[0, 0, 256, 256]",1.0,sdnet_tile,wall
utuh/wall_7070-111.jpg,0,utuh,test_wall,wall,wall_7070,W/UW/7070-111.jpg,"[0, 0, 256, 256]",1.0,sdnet_tile,wall
utuh/wall_7070-117.jpg,0,utuh,test_wall,wall,wall_7070,W/UW/7070-117.jpg,"[0, 0, 256, 256]",1.0,sdnet_tile,wall
utuh/wall_7070-129.jpg,0,utuh,test_wall,wall,wall_7070,W/UW/7070-129.jpg,"[0, 0, 256, 256]",1.0,sdnet_tile,wall
utuh/wall_7070-136.jpg,0,utuh,test_wall,wall,wall_7070,W/UW/7070-136.jpg,"[0, 0, 256, 256]",1.0,sdnet_tile,wall
utuh/wall_7070-139.jpg,0,utuh,test_wall,wall,wall_7070,W/UW/7070-139.jpg,"[0, 0, 256, 256]",1.0,sdnet_tile,wall
utuh/wall_7070-141.jpg,0,utuh,test_wall,wall,wall_7070,W/UW/7070-141.jpg,"[0, 0, 256, 256]",1.0,sdnet_tile,wall
utuh/wall_7070-147.jpg,0,utuh,test_wall,wall,wall_7070,W/UW/7070-147.jpg,"[0, 0, 256, 256]",1.0,sdnet_tile,wall
utuh/wall_7070-148.jpg,0,utuh,test_wall,wall,wall_7070,W/UW/7070-148.jpg,"[0, 0, 256, 256]",1.0,sdnet_tile,wall
utuh/wall_7070-151.jpg,0,utuh,test_wall,wall,wall_7070,W/UW/7070-151.jpg,"[0, 0, 256, 256]",1.0,sdnet_tile,wall
utuh/wall_7070-152.jpg,0,utuh,test_wall,wall,wall_7070,W/UW/7070-152.jpg,"[0, 0, 256, 256]",1.0,sdnet_tile,wall
utuh/wall_7070-153.jpg,0,utuh,test_wall,wall,wall_7070,W/UW/7070-153.jpg,"[0, 0, 256, 256]",1.0,sdnet_tile,wall
utuh/wall_7070-165.jpg,0,utuh,test_wall,wall,wall_7070,W/UW/7070-165.jpg,"[0, 0, 256, 256]",1.0,sdnet_tile,wall
utuh/wall_7070-173.jpg,0,utuh,test_wall,wall,wall_7070,W/UW/7070-173.jpg,"[0, 0, 256, 256]",1.0,sdnet_tile,wall
utuh/wall_7070-176.jpg,0,utuh,test_wall,wall,wall_7070,W/UW/7070-176.jpg,"[0, 0, 256, 256]",1.0,sdnet_tile,wall
utuh/wall_7070-179.jpg,0,utuh,test_wall,wall,wall_7070,W/UW/7070-179.jpg,"[0, 0, 256, 256]",1.0,sdnet_tile,wall
utuh/wall_7070-185.jpg,0,utuh,test_wall,wall,wall_7070,W/UW/7070-185.jpg,"[0, 0, 256, 256]",1.0,sdnet_tile,wall
utuh/wall_7070-191.jpg,0,utuh,test_wall,wall,wall_7070,W/UW/7070-191.jpg,"[0, 0, 256, 256]",1.0,sdnet_tile,wall
utuh/wall_7070-198.jpg,0,utuh,test_wall,wall,wall_7070,W/UW/7070-198.jpg,"[0, 0, 256, 256]",1.0,sdnet_tile,wall
utuh/wall_7070-199.jpg,0,utuh,test_wall,wall,wall_7070,W/UW/7070-199.jpg,"[0, 0, 256, 256]",1.0,sdnet_tile,wall
utuh/wall_7070-2.jpg,0,utuh,test_wall,wall,wall_7070,W/UW/7070-2.jpg,"[0, 0, 256, 256]",1.0,sdnet_tile,wall
utuh/wall_7070-205.jpg,0,utuh,test_wall,wall,wall_7070,W/UW/7070-205.jpg,"[0, 0, 256, 256]",1.0,sdnet_tile,wall
utuh/wall_7070-23.jpg,0,utuh,test_wall,wall,wall_7070,W/UW/7070-23.jpg,"[0, 0, 256, 256]",1.0,sdnet_tile,wall
utuh/wall_7070-231.jpg,0,utuh,test_wall,wall,wall_7070,W/UW/7070-231.jpg,"[0, 0, 256, 256]",1.0,sdnet_tile,wall
utuh/wall_7070-236.jpg,0,utuh,test_wall,wall,wall_7070,W/UW/7070-236.jpg,"[0, 0, 256, 256]",1.0,sdnet_tile,wall
utuh/wall_7070-240.jpg,0,utuh,test_wall,wall,wall_7070,W/UW/7070-240.jpg,"[0, 0, 256, 256]",1.0,sdnet_tile,wall
utuh/wall_7070-249.jpg,0,utuh,test_wall,wall,wall_7070,W/UW/7070-249.jpg,"[0, 0, 256, 256]",1.0,sdnet_tile,wall
utuh/wall_7070-27.jpg,0,utuh,test_wall,wall,wall_7070,W/UW/7070-27.jpg,"[0, 0, 256, 256]",1.0,sdnet_tile,wall
utuh/wall_7070-30.jpg,0,utuh,test_wall,wall,wall_7070,W/UW/7070-30.jpg,"[0, 0, 256, 256]",1.0,sdnet_tile,wall
utuh/wall_7070-50.jpg,0,utuh,test_wall,wall,wall_7070,W/UW/7070-50.jpg,"[0, 0, 256, 256]",1.0,sdnet_tile,wall
utuh/wall_7070-77.jpg,0,utuh,test_wall,wall,wall_7070,W/UW/7070-77.jpg,"[0, 0, 256, 256]",1.0,sdnet_tile,wall
utuh/wall_7070-8.jpg,0,utuh,test_wall,wall,wall_7070,W/UW/7070-8.jpg,"[0, 0, 256, 256]",1.0,sdnet_tile,wall
utuh/wall_7070-99.jpg,0,utuh,test_wall,wall,wall_7070,W/UW/7070-99.jpg,"[0, 0, 256, 256]",1.0,sdnet_tile,wall
utuh/wall_7071-104.jpg,0,utuh,test_wall,wall,wall_7071,W/UW/7071-104.jpg,"[0, 0, 256, 256]",1.0,sdnet_tile,wall
utuh/wall_7071-109.jpg,0,utuh,test_wall,wall,wall_7071,W/UW/7071-109.jpg,"[0, 0, 256, 256]",1.0,sdnet_tile,wall
utuh/wall_7071-118.jpg,0,utuh,test_wall,wall,wall_7071,W/UW/7071-118.jpg,"[0, 0, 256, 256]",1.0,sdnet_tile,wall
utuh/wall_7071-121.jpg,0,utuh,test_wall,wall,wall_7071,W/UW/7071-121.jpg,"[0, 0, 256, 256]",1.0,sdnet_tile,wall
utuh/wall_7071-125.jpg,0,utuh,test_wall,wall,wall_7071,W/UW/7071-125.jpg,"[0, 0, 256, 256]",1.0,sdnet_tile,wall
utuh/wall_7071-134.jpg,0,utuh,test_wall,wall,wall_7071,W/UW/7071-134.jpg,"[0, 0, 256, 256]",1.0,sdnet_tile,wall
utuh/wall_7071-139.jpg,0,utuh,test_wall,wall,wall_7071,W/UW/7071-139.jpg,"[0, 0, 256, 256]",1.0,sdnet_tile,wall
utuh/wall_7071-144.jpg,0,utuh,test_wall,wall,wall_7071,W/UW/7071-144.jpg,"[0, 0, 256, 256]",1.0,sdnet_tile,wall
utuh/wall_7071-15.jpg,0,utuh,test_wall,wall,wall_7071,W/UW/7071-15.jpg,"[0, 0, 256, 256]",1.0,sdnet_tile,wall
utuh/wall_7071-172.jpg,0,utuh,test_wall,wall,wall_7071,W/UW/7071-172.jpg,"[0, 0, 256, 256]",1.0,sdnet_tile,wall
utuh/wall_7071-178.jpg,0,utuh,test_wall,wall,wall_7071,W/UW/7071-178.jpg,"[0, 0, 256, 256]",1.0,sdnet_tile,wall
utuh/wall_7071-179.jpg,0,utuh,test_wall,wall,wall_7071,W/UW/7071-179.jpg,"[0, 0, 256, 256]",1.0,sdnet_tile,wall
utuh/wall_7071-182.jpg,0,utuh,test_wall,wall,wall_7071,W/UW/7071-182.jpg,"[0, 0, 256, 256]",1.0,sdnet_tile,wall
utuh/wall_7071-183.jpg,0,utuh,test_wall,wall,wall_7071,W/UW/7071-183.jpg,"[0, 0, 256, 256]",1.0,sdnet_tile,wall
utuh/wall_7071-191.jpg,0,utuh,test_wall,wall,wall_7071,W/UW/7071-191.jpg,"[0, 0, 256, 256]",1.0,sdnet_tile,wall
utuh/wall_7071-194.jpg,0,utuh,test_wall,wall,wall_7071,W/UW/7071-194.jpg,"[0, 0, 256, 256]",1.0,sdnet_tile,wall
utuh/wall_7071-2.jpg,0,utuh,test_wall,wall,wall_7071,W/UW/7071-2.jpg,"[0, 0, 256, 256]",1.0,sdnet_tile,wall
utuh/wall_7071-20.jpg,0,utuh,test_wall,wall,wall_7071,W/UW/7071-20.jpg,"[0, 0, 256, 256]",1.0,sdnet_tile,wall
utuh/wall_7071-221.jpg,0,utuh,test_wall,wall,wall_7071,W/UW/7071-221.jpg,"[0, 0, 256, 256]",1.0,sdnet_tile,wall
utuh/wall_7071-225.jpg,0,utuh,test_wall,wall,wall_7071,W/UW/7071-225.jpg,"[0, 0, 256, 256]",1.0,sdnet_tile,wall
utuh/wall_7071-229.jpg,0,utuh,test_wall,wall,wall_7071,W/UW/7071-229.jpg,"[0, 0, 256, 256]",1.0,sdnet_tile,wall
utuh/wall_7071-231.jpg,0,utuh,test_wall,wall,wall_7071,W/UW/7071-231.jpg,"[0, 0, 256, 256]",1.0,sdnet_tile,wall
utuh/wall_7071-232.jpg,0,utuh,test_wall,wall,wall_7071,W/UW/7071-232.jpg,"[0, 0, 256, 256]",1.0,sdnet_tile,wall
utuh/wall_7071-237.jpg,0,utuh,test_wall,wall,wall_7071,W/UW/7071-237.jpg,"[0, 0, 256, 256]",1.0,sdnet_tile,wall
utuh/wall_7071-38.jpg,0,utuh,test_wall,wall,wall_7071,W/UW/7071-38.jpg,"[0, 0, 256, 256]",1.0,sdnet_tile,wall
utuh/wall_7071-39.jpg,0,utuh,test_wall,wall,wall_7071,W/UW/7071-39.jpg,"[0, 0, 256, 256]",1.0,sdnet_tile,wall
utuh/wall_7071-4.jpg,0,utuh,test_wall,wall,wall_7071,W/UW/7071-4.jpg,"[0, 0, 256, 256]",1.0,sdnet_tile,wall
utuh/wall_7071-44.jpg,0,utuh,test_wall,wall,wall_7071,W/UW/7071-44.jpg,"[0, 0, 256, 256]",1.0,sdnet_tile,wall
utuh/wall_7071-53.jpg,0,utuh,test_wall,wall,wall_7071,W/UW/7071-53.jpg,"[0, 0, 256, 256]",1.0,sdnet_tile,wall
utuh/wall_7071-57.jpg,0,utuh,test_wall,wall,wall_7071,W/UW/7071-57.jpg,"[0, 0, 256, 256]",1.0,sdnet_tile,wall
utuh/wall_7071-59.jpg,0,utuh,test_wall,wall,wall_7071,W/UW/7071-59.jpg,"[0, 0, 256, 256]",1.0,sdnet_tile,wall
utuh/wall_7071-75.jpg,0,utuh,test_wall,wall,wall_7071,W/UW/7071-75.jpg,"[0, 0, 256, 256]",1.0,sdnet_tile,wall
utuh/wall_7071-89.jpg,0,utuh,test_wall,wall,wall_7071,W/UW/7071-89.jpg,"[0, 0, 256, 256]",1.0,sdnet_tile,wall
utuh/wall_7071-93.jpg,0,utuh,test_wall,wall,wall_7071,W/UW/7071-93.jpg,"[0, 0, 256, 256]",1.0,sdnet_tile,wall
utuh/wall_7072-107.jpg,0,utuh,test_wall,wall,wall_7072,W/UW/7072-107.jpg,"[0, 0, 256, 256]",1.0,sdnet_tile,wall
utuh/wall_7072-108.jpg,0,utuh,test_wall,wall,wall_7072,W/UW/7072-108.jpg,"[0, 0, 256, 256]",1.0,sdnet_tile,wall
utuh/wall_7072-112.jpg,0,utuh,test_wall,wall,wall_7072,W/UW/7072-112.jpg,"[0, 0, 256, 256]",1.0,sdnet_tile,wall
utuh/wall_7072-125.jpg,0,utuh,test_wall,wall,wall_7072,W/UW/7072-125.jpg,"[0, 0, 256, 256]",1.0,sdnet_tile,wall
utuh/wall_7072-133.jpg,0,utuh,test_wall,wall,wall_7072,W/UW/7072-133.jpg,"[0, 0, 256, 256]",1.0,sdnet_tile,wall
utuh/wall_7072-15.jpg,0,utuh,test_wall,wall,wall_7072,W/UW/7072-15.jpg,"[0, 0, 256, 256]",1.0,sdnet_tile,wall
utuh/wall_7072-159.jpg,0,utuh,test_wall,wall,wall_7072,W/UW/7072-159.jpg,"[0, 0, 256, 256]",1.0,sdnet_tile,wall
utuh/wall_7072-163.jpg,0,utuh,test_wall,wall,wall_7072,W/UW/7072-163.jpg,"[0, 0, 256, 256]",1.0,sdnet_tile,wall
utuh/wall_7072-166.jpg,0,utuh,test_wall,wall,wall_7072,W/UW/7072-166.jpg,"[0, 0, 256, 256]",1.0,sdnet_tile,wall
utuh/wall_7072-178.jpg,0,utuh,test_wall,wall,wall_7072,W/UW/7072-178.jpg,"[0, 0, 256, 256]",1.0,sdnet_tile,wall
utuh/wall_7072-18.jpg,0,utuh,test_wall,wall,wall_7072,W/UW/7072-18.jpg,"[0, 0, 256, 256]",1.0,sdnet_tile,wall
utuh/wall_7072-180.jpg,0,utuh,test_wall,wall,wall_7072,W/UW/7072-180.jpg,"[0, 0, 256, 256]",1.0,sdnet_tile,wall
utuh/wall_7072-187.jpg,0,utuh,test_wall,wall,wall_7072,W/UW/7072-187.jpg,"[0, 0, 256, 256]",1.0,sdnet_tile,wall
utuh/wall_7072-189.jpg,0,utuh,test_wall,wall,wall_7072,W/UW/7072-189.jpg,"[0, 0, 256, 256]",1.0,sdnet_tile,wall
utuh/wall_7072-192.jpg,0,utuh,test_wall,wall,wall_7072,W/UW/7072-192.jpg,"[0, 0, 256, 256]",1.0,sdnet_tile,wall
utuh/wall_7072-194.jpg,0,utuh,test_wall,wall,wall_7072,W/UW/7072-194.jpg,"[0, 0, 256, 256]",1.0,sdnet_tile,wall
utuh/wall_7072-200.jpg,0,utuh,test_wall,wall,wall_7072,W/UW/7072-200.jpg,"[0, 0, 256, 256]",1.0,sdnet_tile,wall
utuh/wall_7072-201.jpg,0,utuh,test_wall,wall,wall_7072,W/UW/7072-201.jpg,"[0, 0, 256, 256]",1.0,sdnet_tile,wall
utuh/wall_7072-204.jpg,0,utuh,test_wall,wall,wall_7072,W/UW/7072-204.jpg,"[0, 0, 256, 256]",1.0,sdnet_tile,wall
utuh/wall_7072-210.jpg,0,utuh,test_wall,wall,wall_7072,W/UW/7072-210.jpg,"[0, 0, 256, 256]",1.0,sdnet_tile,wall
utuh/wall_7072-216.jpg,0,utuh,test_wall,wall,wall_7072,W/UW/7072-216.jpg,"[0, 0, 256, 256]",1.0,sdnet_tile,wall
utuh/wall_7072-224.jpg,0,utuh,test_wall,wall,wall_7072,W/UW/7072-224.jpg,"[0, 0, 256, 256]",1.0,sdnet_tile,wall
utuh/wall_7072-236.jpg,0,utuh,test_wall,wall,wall_7072,W/UW/7072-236.jpg,"[0, 0, 256, 256]",1.0,sdnet_tile,wall
utuh/wall_7072-245.jpg,0,utuh,test_wall,wall,wall_7072,W/UW/7072-245.jpg,"[0, 0, 256, 256]",1.0,sdnet_tile,wall
utuh/wall_7072-30.jpg,0,utuh,test_wall,wall,wall_7072,W/UW/7072-30.jpg,"[0, 0, 256, 256]",1.0,sdnet_tile,wall
utuh/wall_7072-31.jpg,0,utuh,test_wall,wall,wall_7072,W/UW/7072-31.jpg,"[0, 0, 256, 256]",1.0,sdnet_tile,wall
utuh/wall_7072-32.jpg,0,utuh,test_wall,wall,wall_7072,W/UW/7072-32.jpg,"[0, 0, 256, 256]",1.0,sdnet_tile,wall
utuh/wall_7072-33.jpg,0,utuh,test_wall,wall,wall_7072,W/UW/7072-33.jpg,"[0, 0, 256, 256]",1.0,sdnet_tile,wall
utuh/wall_7072-41.jpg,0,utuh,test_wall,wall,wall_7072,W/UW/7072-41.jpg,"[0, 0, 256, 256]",1.0,sdnet_tile,wall
utuh/wall_7072-47.jpg,0,utuh,test_wall,wall,wall_7072,W/UW/7072-47.jpg,"[0, 0, 256, 256]",1.0,sdnet_tile,wall
utuh/wall_7072-49.jpg,0,utuh,test_wall,wall,wall_7072,W/UW/7072-49.jpg,"[0, 0, 256, 256]",1.0,sdnet_tile,wall
utuh/wall_7072-62.jpg,0,utuh,test_wall,wall,wall_7072,W/UW/7072-62.jpg,"[0, 0, 256, 256]",1.0,sdnet_tile,wall
utuh/wall_7072-63.jpg,0,utuh,test_wall,wall,wall_7072,W/UW/7072-63.jpg,"[0, 0, 256, 256]",1.0,sdnet_tile,wall
utuh/wall_7072-71.jpg,0,utuh,test_wall,wall,wall_7072,W/UW/7072-71.jpg,"[0, 0, 256, 256]",1.0,sdnet_tile,wall
utuh/wall_7073-1.jpg,0,utuh,test_wall,wall,wall_7073,W/UW/7073-1.jpg,"[0, 0, 256, 256]",1.0,sdnet_tile,wall
utuh/wall_7073-110.jpg,0,utuh,test_wall,wall,wall_7073,W/UW/7073-110.jpg,"[0, 0, 256, 256]",1.0,sdnet_tile,wall
utuh/wall_7073-119.jpg,0,utuh,test_wall,wall,wall_7073,W/UW/7073-119.jpg,"[0, 0, 256, 256]",1.0,sdnet_tile,wall
utuh/wall_7073-134.jpg,0,utuh,test_wall,wall,wall_7073,W/UW/7073-134.jpg,"[0, 0, 256, 256]",1.0,sdnet_tile,wall
utuh/wall_7073-141.jpg,0,utuh,test_wall,wall,wall_7073,W/UW/7073-141.jpg,"[0, 0, 256, 256]",1.0,sdnet_tile,wall
utuh/wall_7073-149.jpg,0,utuh,test_wall,wall,wall_7073,W/UW/7073-149.jpg,"[0, 0, 256, 256]",1.0,sdnet_tile,wall
utuh/wall_7073-151.jpg,0,utuh,test_wall,wall,wall_7073,W/UW/7073-151.jpg,"[0, 0, 256, 256]",1.0,sdnet_tile,wall
utuh/wall_7073-156.jpg,0,utuh,test_wall,wall,wall_7073,W/UW/7073-156.jpg,"[0, 0, 256, 256]",1.0,sdnet_tile,wall
utuh/wall_7073-168.jpg,0,utuh,test_wall,wall,wall_7073,W/UW/7073-168.jpg,"[0, 0, 256, 256]",1.0,sdnet_tile,wall
utuh/wall_7073-179.jpg,0,utuh,test_wall,wall,wall_7073,W/UW/7073-179.jpg,"[0, 0, 256, 256]",1.0,sdnet_tile,wall
utuh/wall_7073-183.jpg,0,utuh,test_wall,wall,wall_7073,W/UW/7073-183.jpg,"[0, 0, 256, 256]",1.0,sdnet_tile,wall
utuh/wall_7073-184.jpg,0,utuh,test_wall,wall,wall_7073,W/UW/7073-184.jpg,"[0, 0, 256, 256]",1.0,sdnet_tile,wall
utuh/wall_7073-19.jpg,0,utuh,test_wall,wall,wall_7073,W/UW/7073-19.jpg,"[0, 0, 256, 256]",1.0,sdnet_tile,wall
utuh/wall_7073-195.jpg,0,utuh,test_wall,wall,wall_7073,W/UW/7073-195.jpg,"[0, 0, 256, 256]",1.0,sdnet_tile,wall
utuh/wall_7073-200.jpg,0,utuh,test_wall,wall,wall_7073,W/UW/7073-200.jpg,"[0, 0, 256, 256]",1.0,sdnet_tile,wall
utuh/wall_7073-202.jpg,0,utuh,test_wall,wall,wall_7073,W/UW/7073-202.jpg,"[0, 0, 256, 256]",1.0,sdnet_tile,wall
utuh/wall_7073-214.jpg,0,utuh,test_wall,wall,wall_7073,W/UW/7073-214.jpg,"[0, 0, 256, 256]",1.0,sdnet_tile,wall
utuh/wall_7073-243.jpg,0,utuh,test_wall,wall,wall_7073,W/UW/7073-243.jpg,"[0, 0, 256, 256]",1.0,sdnet_tile,wall
utuh/wall_7073-29.jpg,0,utuh,test_wall,wall,wall_7073,W/UW/7073-29.jpg,"[0, 0, 256, 256]",1.0,sdnet_tile,wall
utuh/wall_7073-36.jpg,0,utuh,test_wall,wall,wall_7073,W/UW/7073-36.jpg,"[0, 0, 256, 256]",1.0,sdnet_tile,wall
utuh/wall_7073-4.jpg,0,utuh,test_wall,wall,wall_7073,W/UW/7073-4.jpg,"[0, 0, 256, 256]",1.0,sdnet_tile,wall
utuh/wall_7073-41.jpg,0,utuh,test_wall,wall,wall_7073,W/UW/7073-41.jpg,"[0, 0, 256, 256]",1.0,sdnet_tile,wall
utuh/wall_7073-42.jpg,0,utuh,test_wall,wall,wall_7073,W/UW/7073-42.jpg,"[0, 0, 256, 256]",1.0,sdnet_tile,wall
utuh/wall_7073-48.jpg,0,utuh,test_wall,wall,wall_7073,W/UW/7073-48.jpg,"[0, 0, 256, 256]",1.0,sdnet_tile,wall
utuh/wall_7073-5.jpg,0,utuh,test_wall,wall,wall_7073,W/UW/7073-5.jpg,"[0, 0, 256, 256]",1.0,sdnet_tile,wall
utuh/wall_7073-50.jpg,0,utuh,test_wall,wall,wall_7073,W/UW/7073-50.jpg,"[0, 0, 256, 256]",1.0,sdnet_tile,wall
utuh/wall_7073-55.jpg,0,utuh,test_wall,wall,wall_7073,W/UW/7073-55.jpg,"[0, 0, 256, 256]",1.0,sdnet_tile,wall
utuh/wall_7073-57.jpg,0,utuh,test_wall,wall,wall_7073,W/UW/7073-57.jpg,"[0, 0, 256, 256]",1.0,sdnet_tile,wall
utuh/wall_7073-58.jpg,0,utuh,test_wall,wall,wall_7073,W/UW/7073-58.jpg,"[0, 0, 256, 256]",1.0,sdnet_tile,wall
utuh/wall_7073-63.jpg,0,utuh,test_wall,wall,wall_7073,W/UW/7073-63.jpg,"[0, 0, 256, 256]",1.0,sdnet_tile,wall
utuh/wall_7073-71.jpg,0,utuh,test_wall,wall,wall_7073,W/UW/7073-71.jpg,"[0, 0, 256, 256]",1.0,sdnet_tile,wall
utuh/wall_7073-83.jpg,0,utuh,test_wall,wall,wall_7073,W/UW/7073-83.jpg,"[0, 0, 256, 256]",1.0,sdnet_tile,wall
utuh/wall_7073-84.jpg,0,utuh,test_wall,wall,wall_7073,W/UW/7073-84.jpg,"[0, 0, 256, 256]",1.0,sdnet_tile,wall
utuh/wall_7073-96.jpg,0,utuh,test_wall,wall,wall_7073,W/UW/7073-96.jpg,"[0, 0, 256, 256]",1.0,sdnet_tile,wall
utuh/wall_7074-101.jpg,0,utuh,test_wall,wall,wall_7074,W/UW/7074-101.jpg,"[0, 0, 256, 256]",1.0,sdnet_tile,wall
utuh/wall_7074-105_2.jpg,0,utuh,test_wall,wall,wall_7074,W/UW/7074-105_2.jpg,"[0, 0, 256, 256]",1.0,sdnet_tile,wall
utuh/wall_7074-11.jpg,0,utuh,test_wall,wall,wall_7074,W/UW/7074-11.jpg,"[0, 0, 256, 256]",1.0,sdnet_tile,wall
utuh/wall_7074-110.jpg,0,utuh,test_wall,wall,wall_7074,W/UW/7074-110.jpg,"[0, 0, 256, 256]",1.0,sdnet_tile,wall
utuh/wall_7074-111.jpg,0,utuh,test_wall,wall,wall_7074,W/UW/7074-111.jpg,"[0, 0, 256, 256]",1.0,sdnet_tile,wall
utuh/wall_7074-120.jpg,0,utuh,test_wall,wall,wall_7074,W/UW/7074-120.jpg,"[0, 0, 256, 256]",1.0,sdnet_tile,wall
utuh/wall_7074-121.jpg,0,utuh,test_wall,wall,wall_7074,W/UW/7074-121.jpg,"[0, 0, 256, 256]",1.0,sdnet_tile,wall
utuh/wall_7074-124.jpg,0,utuh,test_wall,wall,wall_7074,W/UW/7074-124.jpg,"[0, 0, 256, 256]",1.0,sdnet_tile,wall
utuh/wall_7074-13.jpg,0,utuh,test_wall,wall,wall_7074,W/UW/7074-13.jpg,"[0, 0, 256, 256]",1.0,sdnet_tile,wall
utuh/wall_7074-132.jpg,0,utuh,test_wall,wall,wall_7074,W/UW/7074-132.jpg,"[0, 0, 256, 256]",1.0,sdnet_tile,wall
utuh/wall_7074-138.jpg,0,utuh,test_wall,wall,wall_7074,W/UW/7074-138.jpg,"[0, 0, 256, 256]",1.0,sdnet_tile,wall
utuh/wall_7074-142.jpg,0,utuh,test_wall,wall,wall_7074,W/UW/7074-142.jpg,"[0, 0, 256, 256]",1.0,sdnet_tile,wall
utuh/wall_7074-146.jpg,0,utuh,test_wall,wall,wall_7074,W/UW/7074-146.jpg,"[0, 0, 256, 256]",1.0,sdnet_tile,wall
utuh/wall_7074-151.jpg,0,utuh,test_wall,wall,wall_7074,W/UW/7074-151.jpg,"[0, 0, 256, 256]",1.0,sdnet_tile,wall
utuh/wall_7074-159.jpg,0,utuh,test_wall,wall,wall_7074,W/UW/7074-159.jpg,"[0, 0, 256, 256]",1.0,sdnet_tile,wall
utuh/wall_7074-164.jpg,0,utuh,test_wall,wall,wall_7074,W/UW/7074-164.jpg,"[0, 0, 256, 256]",1.0,sdnet_tile,wall
utuh/wall_7074-179.jpg,0,utuh,test_wall,wall,wall_7074,W/UW/7074-179.jpg,"[0, 0, 256, 256]",1.0,sdnet_tile,wall
utuh/wall_7074-194.jpg,0,utuh,test_wall,wall,wall_7074,W/UW/7074-194.jpg,"[0, 0, 256, 256]",1.0,sdnet_tile,wall
utuh/wall_7074-202.jpg,0,utuh,test_wall,wall,wall_7074,W/UW/7074-202.jpg,"[0, 0, 256, 256]",1.0,sdnet_tile,wall
utuh/wall_7074-21.jpg,0,utuh,test_wall,wall,wall_7074,W/UW/7074-21.jpg,"[0, 0, 256, 256]",1.0,sdnet_tile,wall
utuh/wall_7074-212.jpg,0,utuh,test_wall,wall,wall_7074,W/UW/7074-212.jpg,"[0, 0, 256, 256]",1.0,sdnet_tile,wall
utuh/wall_7074-235.jpg,0,utuh,test_wall,wall,wall_7074,W/UW/7074-235.jpg,"[0, 0, 256, 256]",1.0,sdnet_tile,wall
utuh/wall_7074-241.jpg,0,utuh,test_wall,wall,wall_7074,W/UW/7074-241.jpg,"[0, 0, 256, 256]",1.0,sdnet_tile,wall
utuh/wall_7074-247.jpg,0,utuh,test_wall,wall,wall_7074,W/UW/7074-247.jpg,"[0, 0, 256, 256]",1.0,sdnet_tile,wall
utuh/wall_7074-248.jpg,0,utuh,test_wall,wall,wall_7074,W/UW/7074-248.jpg,"[0, 0, 256, 256]",1.0,sdnet_tile,wall
utuh/wall_7074-39.jpg,0,utuh,test_wall,wall,wall_7074,W/UW/7074-39.jpg,"[0, 0, 256, 256]",1.0,sdnet_tile,wall
utuh/wall_7074-47.jpg,0,utuh,test_wall,wall,wall_7074,W/UW/7074-47.jpg,"[0, 0, 256, 256]",1.0,sdnet_tile,wall
utuh/wall_7074-50.jpg,0,utuh,test_wall,wall,wall_7074,W/UW/7074-50.jpg,"[0, 0, 256, 256]",1.0,sdnet_tile,wall
utuh/wall_7074-51.jpg,0,utuh,test_wall,wall,wall_7074,W/UW/7074-51.jpg,"[0, 0, 256, 256]",1.0,sdnet_tile,wall
utuh/wall_7074-54.jpg,0,utuh,test_wall,wall,wall_7074,W/UW/7074-54.jpg,"[0, 0, 256, 256]",1.0,sdnet_tile,wall
utuh/wall_7074-7.jpg,0,utuh,test_wall,wall,wall_7074,W/UW/7074-7.jpg,"[0, 0, 256, 256]",1.0,sdnet_tile,wall
utuh/wall_7074-72.jpg,0,utuh,test_wall,wall,wall_7074,W/UW/7074-72.jpg,"[0, 0, 256, 256]",1.0,sdnet_tile,wall
utuh/wall_7074-9.jpg,0,utuh,test_wall,wall,wall_7074,W/UW/7074-9.jpg,"[0, 0, 256, 256]",1.0,sdnet_tile,wall
utuh/wall_7074-92.jpg,0,utuh,test_wall,wall,wall_7074,W/UW/7074-92.jpg,"[0, 0, 256, 256]",1.0,sdnet_tile,wall
utuh/wall_7075-105.jpg,0,utuh,test_wall,wall,wall_7075,W/UW/7075-105.jpg,"[0, 0, 256, 256]",1.0,sdnet_tile,wall
utuh/wall_7075-116.jpg,0,utuh,test_wall,wall,wall_7075,W/UW/7075-116.jpg,"[0, 0, 256, 256]",1.0,sdnet_tile,wall
utuh/wall_7075-117.jpg,0,utuh,test_wall,wall,wall_7075,W/UW/7075-117.jpg,"[0, 0, 256, 256]",1.0,sdnet_tile,wall
utuh/wall_7075-13.jpg,0,utuh,test_wall,wall,wall_7075,W/UW/7075-13.jpg,"[0, 0, 256, 256]",1.0,sdnet_tile,wall
utuh/wall_7075-131.jpg,0,utuh,test_wall,wall,wall_7075,W/UW/7075-131.jpg,"[0, 0, 256, 256]",1.0,sdnet_tile,wall
utuh/wall_7075-135.jpg,0,utuh,test_wall,wall,wall_7075,W/UW/7075-135.jpg,"[0, 0, 256, 256]",1.0,sdnet_tile,wall
utuh/wall_7075-14.jpg,0,utuh,test_wall,wall,wall_7075,W/UW/7075-14.jpg,"[0, 0, 256, 256]",1.0,sdnet_tile,wall
utuh/wall_7075-150.jpg,0,utuh,test_wall,wall,wall_7075,W/UW/7075-150.jpg,"[0, 0, 256, 256]",1.0,sdnet_tile,wall
utuh/wall_7075-151.jpg,0,utuh,test_wall,wall,wall_7075,W/UW/7075-151.jpg,"[0, 0, 256, 256]",1.0,sdnet_tile,wall
utuh/wall_7075-152.jpg,0,utuh,test_wall,wall,wall_7075,W/UW/7075-152.jpg,"[0, 0, 256, 256]",1.0,sdnet_tile,wall
utuh/wall_7075-16.jpg,0,utuh,test_wall,wall,wall_7075,W/UW/7075-16.jpg,"[0, 0, 256, 256]",1.0,sdnet_tile,wall
utuh/wall_7075-173.jpg,0,utuh,test_wall,wall,wall_7075,W/UW/7075-173.jpg,"[0, 0, 256, 256]",1.0,sdnet_tile,wall
utuh/wall_7075-189.jpg,0,utuh,test_wall,wall,wall_7075,W/UW/7075-189.jpg,"[0, 0, 256, 256]",1.0,sdnet_tile,wall
utuh/wall_7075-19.jpg,0,utuh,test_wall,wall,wall_7075,W/UW/7075-19.jpg,"[0, 0, 256, 256]",1.0,sdnet_tile,wall
utuh/wall_7075-198.jpg,0,utuh,test_wall,wall,wall_7075,W/UW/7075-198.jpg,"[0, 0, 256, 256]",1.0,sdnet_tile,wall
utuh/wall_7075-2.jpg,0,utuh,test_wall,wall,wall_7075,W/UW/7075-2.jpg,"[0, 0, 256, 256]",1.0,sdnet_tile,wall
utuh/wall_7075-200.jpg,0,utuh,test_wall,wall,wall_7075,W/UW/7075-200.jpg,"[0, 0, 256, 256]",1.0,sdnet_tile,wall
utuh/wall_7075-202.jpg,0,utuh,test_wall,wall,wall_7075,W/UW/7075-202.jpg,"[0, 0, 256, 256]",1.0,sdnet_tile,wall
utuh/wall_7075-226.jpg,0,utuh,test_wall,wall,wall_7075,W/UW/7075-226.jpg,"[0, 0, 256, 256]",1.0,sdnet_tile,wall
utuh/wall_7075-233.jpg,0,utuh,test_wall,wall,wall_7075,W/UW/7075-233.jpg,"[0, 0, 256, 256]",1.0,sdnet_tile,wall
utuh/wall_7075-234.jpg,0,utuh,test_wall,wall,wall_7075,W/UW/7075-234.jpg,"[0, 0, 256, 256]",1.0,sdnet_tile,wall
utuh/wall_7075-235.jpg,0,utuh,test_wall,wall,wall_7075,W/UW/7075-235.jpg,"[0, 0, 256, 256]",1.0,sdnet_tile,wall
utuh/wall_7075-35.jpg,0,utuh,test_wall,wall,wall_7075,W/UW/7075-35.jpg,"[0, 0, 256, 256]",1.0,sdnet_tile,wall
utuh/wall_7075-37.jpg,0,utuh,test_wall,wall,wall_7075,W/UW/7075-37.jpg,"[0, 0, 256, 256]",1.0,sdnet_tile,wall
utuh/wall_7075-43.jpg,0,utuh,test_wall,wall,wall_7075,W/UW/7075-43.jpg,"[0, 0, 256, 256]",1.0,sdnet_tile,wall
utuh/wall_7075-45.jpg,0,utuh,test_wall,wall,wall_7075,W/UW/7075-45.jpg,"[0, 0, 256, 256]",1.0,sdnet_tile,wall
utuh/wall_7075-5.jpg,0,utuh,test_wall,wall,wall_7075,W/UW/7075-5.jpg,"[0, 0, 256, 256]",1.0,sdnet_tile,wall
utuh/wall_7075-51.jpg,0,utuh,test_wall,wall,wall_7075,W/UW/7075-51.jpg,"[0, 0, 256, 256]",1.0,sdnet_tile,wall
utuh/wall_7075-53.jpg,0,utuh,test_wall,wall,wall_7075,W/UW/7075-53.jpg,"[0, 0, 256, 256]",1.0,sdnet_tile,wall
utuh/wall_7075-61.jpg,0,utuh,test_wall,wall,wall_7075,W/UW/7075-61.jpg,"[0, 0, 256, 256]",1.0,sdnet_tile,wall
utuh/wall_7075-68.jpg,0,utuh,test_wall,wall,wall_7075,W/UW/7075-68.jpg,"[0, 0, 256, 256]",1.0,sdnet_tile,wall
utuh/wall_7075-69.jpg,0,utuh,test_wall,wall,wall_7075,W/UW/7075-69.jpg,"[0, 0, 256, 256]",1.0,sdnet_tile,wall
utuh/wall_7075-76.jpg,0,utuh,test_wall,wall,wall_7075,W/UW/7075-76.jpg,"[0, 0, 256, 256]",1.0,sdnet_tile,wall
utuh/wall_7075-99.jpg,0,utuh,test_wall,wall,wall_7075,W/UW/7075-99.jpg,"[0, 0, 256, 256]",1.0,sdnet_tile,wall
utuh/wall_7076-110.jpg,0,utuh,test_wall,wall,wall_7076,W/UW/7076-110.jpg,"[0, 0, 256, 256]",1.0,sdnet_tile,wall
utuh/wall_7076-111.jpg,0,utuh,test_wall,wall,wall_7076,W/UW/7076-111.jpg,"[0, 0, 256, 256]",1.0,sdnet_tile,wall
utuh/wall_7076-117.jpg,0,utuh,test_wall,wall,wall_7076,W/UW/7076-117.jpg,"[0, 0, 256, 256]",1.0,sdnet_tile,wall
utuh/wall_7076-121.jpg,0,utuh,test_wall,wall,wall_7076,W/UW/7076-121.jpg,"[0, 0, 256, 256]",1.0,sdnet_tile,wall
utuh/wall_7076-123.jpg,0,utuh,test_wall,wall,wall_7076,W/UW/7076-123.jpg,"[0, 0, 256, 256]",1.0,sdnet_tile,wall
utuh/wall_7076-124.jpg,0,utuh,test_wall,wall,wall_7076,W/UW/7076-124.jpg,"[0, 0, 256, 256]",1.0,sdnet_tile,wall
utuh/wall_7076-130.jpg,0,utuh,test_wall,wall,wall_7076,W/UW/7076-130.jpg,"[0, 0, 256, 256]",1.0,sdnet_tile,wall
utuh/wall_7076-131.jpg,0,utuh,test_wall,wall,wall_7076,W/UW/7076-131.jpg,"[0, 0, 256, 256]",1.0,sdnet_tile,wall
utuh/wall_7076-14.jpg,0,utuh,test_wall,wall,wall_7076,W/UW/7076-14.jpg,"[0, 0, 256, 256]",1.0,sdnet_tile,wall
utuh/wall_7076-144.jpg,0,utuh,test_wall,wall,wall_7076,W/UW/7076-144.jpg,"[0, 0, 256, 256]",1.0,sdnet_tile,wall
utuh/wall_7076-160.jpg,0,utuh,test_wall,wall,wall_7076,W/UW/7076-160.jpg,"[0, 0, 256, 256]",1.0,sdnet_tile,wall
utuh/wall_7076-168.jpg,0,utuh,test_wall,wall,wall_7076,W/UW/7076-168.jpg,"[0, 0, 256, 256]",1.0,sdnet_tile,wall
utuh/wall_7076-177.jpg,0,utuh,test_wall,wall,wall_7076,W/UW/7076-177.jpg,"[0, 0, 256, 256]",1.0,sdnet_tile,wall
utuh/wall_7076-182.jpg,0,utuh,test_wall,wall,wall_7076,W/UW/7076-182.jpg,"[0, 0, 256, 256]",1.0,sdnet_tile,wall
utuh/wall_7076-193.jpg,0,utuh,test_wall,wall,wall_7076,W/UW/7076-193.jpg,"[0, 0, 256, 256]",1.0,sdnet_tile,wall
utuh/wall_7076-194.jpg,0,utuh,test_wall,wall,wall_7076,W/UW/7076-194.jpg,"[0, 0, 256, 256]",1.0,sdnet_tile,wall
utuh/wall_7076-197.jpg,0,utuh,test_wall,wall,wall_7076,W/UW/7076-197.jpg,"[0, 0, 256, 256]",1.0,sdnet_tile,wall
utuh/wall_7076-199.jpg,0,utuh,test_wall,wall,wall_7076,W/UW/7076-199.jpg,"[0, 0, 256, 256]",1.0,sdnet_tile,wall
utuh/wall_7076-212.jpg,0,utuh,test_wall,wall,wall_7076,W/UW/7076-212.jpg,"[0, 0, 256, 256]",1.0,sdnet_tile,wall
utuh/wall_7076-213.jpg,0,utuh,test_wall,wall,wall_7076,W/UW/7076-213.jpg,"[0, 0, 256, 256]",1.0,sdnet_tile,wall
utuh/wall_7076-241.jpg,0,utuh,test_wall,wall,wall_7076,W/UW/7076-241.jpg,"[0, 0, 256, 256]",1.0,sdnet_tile,wall
utuh/wall_7076-246.jpg,0,utuh,test_wall,wall,wall_7076,W/UW/7076-246.jpg,"[0, 0, 256, 256]",1.0,sdnet_tile,wall
utuh/wall_7076-3.jpg,0,utuh,test_wall,wall,wall_7076,W/UW/7076-3.jpg,"[0, 0, 256, 256]",1.0,sdnet_tile,wall
utuh/wall_7076-35.jpg,0,utuh,test_wall,wall,wall_7076,W/UW/7076-35.jpg,"[0, 0, 256, 256]",1.0,sdnet_tile,wall
utuh/wall_7076-49.jpg,0,utuh,test_wall,wall,wall_7076,W/UW/7076-49.jpg,"[0, 0, 256, 256]",1.0,sdnet_tile,wall
utuh/wall_7076-62.jpg,0,utuh,test_wall,wall,wall_7076,W/UW/7076-62.jpg,"[0, 0, 256, 256]",1.0,sdnet_tile,wall
utuh/wall_7076-66.jpg,0,utuh,test_wall,wall,wall_7076,W/UW/7076-66.jpg,"[0, 0, 256, 256]",1.0,sdnet_tile,wall
utuh/wall_7076-69.jpg,0,utuh,test_wall,wall,wall_7076,W/UW/7076-69.jpg,"[0, 0, 256, 256]",1.0,sdnet_tile,wall
utuh/wall_7076-70.jpg,0,utuh,test_wall,wall,wall_7076,W/UW/7076-70.jpg,"[0, 0, 256, 256]",1.0,sdnet_tile,wall
utuh/wall_7076-75.jpg,0,utuh,test_wall,wall,wall_7076,W/UW/7076-75.jpg,"[0, 0, 256, 256]",1.0,sdnet_tile,wall
utuh/wall_7076-77.jpg,0,utuh,test_wall,wall,wall_7076,W/UW/7076-77.jpg,"[0, 0, 256, 256]",1.0,sdnet_tile,wall
utuh/wall_7076-88.jpg,0,utuh,test_wall,wall,wall_7076,W/UW/7076-88.jpg,"[0, 0, 256, 256]",1.0,sdnet_tile,wall
utuh/wall_7076-95.jpg,0,utuh,test_wall,wall,wall_7076,W/UW/7076-95.jpg,"[0, 0, 256, 256]",1.0,sdnet_tile,wall
utuh/wall_7076-99.jpg,0,utuh,test_wall,wall,wall_7076,W/UW/7076-99.jpg,"[0, 0, 256, 256]",1.0,sdnet_tile,wall
utuh/wall_7077-118.jpg,0,utuh,test_wall,wall,wall_7077,W/UW/7077-118.jpg,"[0, 0, 256, 256]",1.0,sdnet_tile,wall
utuh/wall_7077-126.jpg,0,utuh,test_wall,wall,wall_7077,W/UW/7077-126.jpg,"[0, 0, 256, 256]",1.0,sdnet_tile,wall
utuh/wall_7077-14.jpg,0,utuh,test_wall,wall,wall_7077,W/UW/7077-14.jpg,"[0, 0, 256, 256]",1.0,sdnet_tile,wall
utuh/wall_7077-140.jpg,0,utuh,test_wall,wall,wall_7077,W/UW/7077-140.jpg,"[0, 0, 256, 256]",1.0,sdnet_tile,wall
utuh/wall_7077-143.jpg,0,utuh,test_wall,wall,wall_7077,W/UW/7077-143.jpg,"[0, 0, 256, 256]",1.0,sdnet_tile,wall
utuh/wall_7077-145.jpg,0,utuh,test_wall,wall,wall_7077,W/UW/7077-145.jpg,"[0, 0, 256, 256]",1.0,sdnet_tile,wall
utuh/wall_7077-153.jpg,0,utuh,test_wall,wall,wall_7077,W/UW/7077-153.jpg,"[0, 0, 256, 256]",1.0,sdnet_tile,wall
utuh/wall_7077-156.jpg,0,utuh,test_wall,wall,wall_7077,W/UW/7077-156.jpg,"[0, 0, 256, 256]",1.0,sdnet_tile,wall
utuh/wall_7077-157.jpg,0,utuh,test_wall,wall,wall_7077,W/UW/7077-157.jpg,"[0, 0, 256, 256]",1.0,sdnet_tile,wall
utuh/wall_7077-16.jpg,0,utuh,test_wall,wall,wall_7077,W/UW/7077-16.jpg,"[0, 0, 256, 256]",1.0,sdnet_tile,wall
utuh/wall_7077-166.jpg,0,utuh,test_wall,wall,wall_7077,W/UW/7077-166.jpg,"[0, 0, 256, 256]",1.0,sdnet_tile,wall
utuh/wall_7077-170.jpg,0,utuh,test_wall,wall,wall_7077,W/UW/7077-170.jpg,"[0, 0, 256, 256]",1.0,sdnet_tile,wall
utuh/wall_7077-175.jpg,0,utuh,test_wall,wall,wall_7077,W/UW/7077-175.jpg,"[0, 0, 256, 256]",1.0,sdnet_tile,wall
utuh/wall_7077-181.jpg,0,utuh,test_wall,wall,wall_7077,W/UW/7077-181.jpg,"[0, 0, 256, 256]",1.0,sdnet_tile,wall
utuh/wall_7077-188.jpg,0,utuh,test_wall,wall,wall_7077,W/UW/7077-188.jpg,"[0, 0, 256, 256]",1.0,sdnet_tile,wall
utuh/wall_7077-19.jpg,0,utuh,test_wall,wall,wall_7077,W/UW/7077-19.jpg,"[0, 0, 256, 256]",1.0,sdnet_tile,wall
utuh/wall_7077-197.jpg,0,utuh,test_wall,wall,wall_7077,W/UW/7077-197.jpg,"[0, 0, 256, 256]",1.0,sdnet_tile,wall
utuh/wall_7077-198.jpg,0,utuh,test_wall,wall,wall_7077,W/UW/7077-198.jpg,"[0, 0, 256, 256]",1.0,sdnet_tile,wall
utuh/wall_7077-206.jpg,0,utuh,test_wall,wall,wall_7077,W/UW/7077-206.jpg,"[0, 0, 256, 256]",1.0,sdnet_tile,wall
utuh/wall_7077-21.jpg,0,utuh,test_wall,wall,wall_7077,W/UW/7077-21.jpg,"[0, 0, 256, 256]",1.0,sdnet_tile,wall
utuh/wall_7077-215.jpg,0,utuh,test_wall,wall,wall_7077,W/UW/7077-215.jpg,"[0, 0, 256, 256]",1.0,sdnet_tile,wall
utuh/wall_7077-217.jpg,0,utuh,test_wall,wall,wall_7077,W/UW/7077-217.jpg,"[0, 0, 256, 256]",1.0,sdnet_tile,wall
utuh/wall_7077-219.jpg,0,utuh,test_wall,wall,wall_7077,W/UW/7077-219.jpg,"[0, 0, 256, 256]",1.0,sdnet_tile,wall
utuh/wall_7077-225.jpg,0,utuh,test_wall,wall,wall_7077,W/UW/7077-225.jpg,"[0, 0, 256, 256]",1.0,sdnet_tile,wall
utuh/wall_7077-226.jpg,0,utuh,test_wall,wall,wall_7077,W/UW/7077-226.jpg,"[0, 0, 256, 256]",1.0,sdnet_tile,wall
utuh/wall_7077-228.jpg,0,utuh,test_wall,wall,wall_7077,W/UW/7077-228.jpg,"[0, 0, 256, 256]",1.0,sdnet_tile,wall
utuh/wall_7077-229.jpg,0,utuh,test_wall,wall,wall_7077,W/UW/7077-229.jpg,"[0, 0, 256, 256]",1.0,sdnet_tile,wall
utuh/wall_7077-231.jpg,0,utuh,test_wall,wall,wall_7077,W/UW/7077-231.jpg,"[0, 0, 256, 256]",1.0,sdnet_tile,wall
utuh/wall_7077-239.jpg,0,utuh,test_wall,wall,wall_7077,W/UW/7077-239.jpg,"[0, 0, 256, 256]",1.0,sdnet_tile,wall
utuh/wall_7077-241.jpg,0,utuh,test_wall,wall,wall_7077,W/UW/7077-241.jpg,"[0, 0, 256, 256]",1.0,sdnet_tile,wall
utuh/wall_7077-249.jpg,0,utuh,test_wall,wall,wall_7077,W/UW/7077-249.jpg,"[0, 0, 256, 256]",1.0,sdnet_tile,wall
utuh/wall_7077-54.jpg,0,utuh,test_wall,wall,wall_7077,W/UW/7077-54.jpg,"[0, 0, 256, 256]",1.0,sdnet_tile,wall
utuh/wall_7077-71.jpg,0,utuh,test_wall,wall,wall_7077,W/UW/7077-71.jpg,"[0, 0, 256, 256]",1.0,sdnet_tile,wall
utuh/wall_7077-73.jpg,0,utuh,test_wall,wall,wall_7077,W/UW/7077-73.jpg,"[0, 0, 256, 256]",1.0,sdnet_tile,wall
utuh/wall_7078-101.jpg,0,utuh,test_wall,wall,wall_7078,W/UW/7078-101.jpg,"[0, 0, 256, 256]",1.0,sdnet_tile,wall
utuh/wall_7078-11.jpg,0,utuh,test_wall,wall,wall_7078,W/UW/7078-11.jpg,"[0, 0, 256, 256]",1.0,sdnet_tile,wall
utuh/wall_7078-112.jpg,0,utuh,test_wall,wall,wall_7078,W/UW/7078-112.jpg,"[0, 0, 256, 256]",1.0,sdnet_tile,wall
utuh/wall_7078-115.jpg,0,utuh,test_wall,wall,wall_7078,W/UW/7078-115.jpg,"[0, 0, 256, 256]",1.0,sdnet_tile,wall
utuh/wall_7078-116.jpg,0,utuh,test_wall,wall,wall_7078,W/UW/7078-116.jpg,"[0, 0, 256, 256]",1.0,sdnet_tile,wall
utuh/wall_7078-13.jpg,0,utuh,test_wall,wall,wall_7078,W/UW/7078-13.jpg,"[0, 0, 256, 256]",1.0,sdnet_tile,wall
utuh/wall_7078-143.jpg,0,utuh,test_wall,wall,wall_7078,W/UW/7078-143.jpg,"[0, 0, 256, 256]",1.0,sdnet_tile,wall
utuh/wall_7078-145.jpg,0,utuh,test_wall,wall,wall_7078,W/UW/7078-145.jpg,"[0, 0, 256, 256]",1.0,sdnet_tile,wall
utuh/wall_7078-150.jpg,0,utuh,test_wall,wall,wall_7078,W/UW/7078-150.jpg,"[0, 0, 256, 256]",1.0,sdnet_tile,wall
utuh/wall_7078-161.jpg,0,utuh,test_wall,wall,wall_7078,W/UW/7078-161.jpg,"[0, 0, 256, 256]",1.0,sdnet_tile,wall
utuh/wall_7078-173.jpg,0,utuh,test_wall,wall,wall_7078,W/UW/7078-173.jpg,"[0, 0, 256, 256]",1.0,sdnet_tile,wall
utuh/wall_7078-188.jpg,0,utuh,test_wall,wall,wall_7078,W/UW/7078-188.jpg,"[0, 0, 256, 256]",1.0,sdnet_tile,wall
utuh/wall_7078-197.jpg,0,utuh,test_wall,wall,wall_7078,W/UW/7078-197.jpg,"[0, 0, 256, 256]",1.0,sdnet_tile,wall
utuh/wall_7078-209.jpg,0,utuh,test_wall,wall,wall_7078,W/UW/7078-209.jpg,"[0, 0, 256, 256]",1.0,sdnet_tile,wall
utuh/wall_7078-210.jpg,0,utuh,test_wall,wall,wall_7078,W/UW/7078-210.jpg,"[0, 0, 256, 256]",1.0,sdnet_tile,wall
utuh/wall_7078-213.jpg,0,utuh,test_wall,wall,wall_7078,W/UW/7078-213.jpg,"[0, 0, 256, 256]",1.0,sdnet_tile,wall
utuh/wall_7078-217.jpg,0,utuh,test_wall,wall,wall_7078,W/UW/7078-217.jpg,"[0, 0, 256, 256]",1.0,sdnet_tile,wall
utuh/wall_7078-218.jpg,0,utuh,test_wall,wall,wall_7078,W/UW/7078-218.jpg,"[0, 0, 256, 256]",1.0,sdnet_tile,wall
utuh/wall_7078-219.jpg,0,utuh,test_wall,wall,wall_7078,W/UW/7078-219.jpg,"[0, 0, 256, 256]",1.0,sdnet_tile,wall
utuh/wall_7078-235.jpg,0,utuh,test_wall,wall,wall_7078,W/UW/7078-235.jpg,"[0, 0, 256, 256]",1.0,sdnet_tile,wall
utuh/wall_7078-24.jpg,0,utuh,test_wall,wall,wall_7078,W/UW/7078-24.jpg,"[0, 0, 256, 256]",1.0,sdnet_tile,wall
utuh/wall_7078-241.jpg,0,utuh,test_wall,wall,wall_7078,W/UW/7078-241.jpg,"[0, 0, 256, 256]",1.0,sdnet_tile,wall
utuh/wall_7078-249.jpg,0,utuh,test_wall,wall,wall_7078,W/UW/7078-249.jpg,"[0, 0, 256, 256]",1.0,sdnet_tile,wall
utuh/wall_7078-251.jpg,0,utuh,test_wall,wall,wall_7078,W/UW/7078-251.jpg,"[0, 0, 256, 256]",1.0,sdnet_tile,wall
utuh/wall_7078-29.jpg,0,utuh,test_wall,wall,wall_7078,W/UW/7078-29.jpg,"[0, 0, 256, 256]",1.0,sdnet_tile,wall
utuh/wall_7078-30.jpg,0,utuh,test_wall,wall,wall_7078,W/UW/7078-30.jpg,"[0, 0, 256, 256]",1.0,sdnet_tile,wall
utuh/wall_7078-45.jpg,0,utuh,test_wall,wall,wall_7078,W/UW/7078-45.jpg,"[0, 0, 256, 256]",1.0,sdnet_tile,wall
utuh/wall_7078-54.jpg,0,utuh,test_wall,wall,wall_7078,W/UW/7078-54.jpg,"[0, 0, 256, 256]",1.0,sdnet_tile,wall
utuh/wall_7078-55.jpg,0,utuh,test_wall,wall,wall_7078,W/UW/7078-55.jpg,"[0, 0, 256, 256]",1.0,sdnet_tile,wall
utuh/wall_7078-56.jpg,0,utuh,test_wall,wall,wall_7078,W/UW/7078-56.jpg,"[0, 0, 256, 256]",1.0,sdnet_tile,wall
utuh/wall_7078-64.jpg,0,utuh,test_wall,wall,wall_7078,W/UW/7078-64.jpg,"[0, 0, 256, 256]",1.0,sdnet_tile,wall
utuh/wall_7078-72.jpg,0,utuh,test_wall,wall,wall_7078,W/UW/7078-72.jpg,"[0, 0, 256, 256]",1.0,sdnet_tile,wall
utuh/wall_7078-82.jpg,0,utuh,test_wall,wall,wall_7078,W/UW/7078-82.jpg,"[0, 0, 256, 256]",1.0,sdnet_tile,wall
utuh/wall_7078-98.jpg,0,utuh,test_wall,wall,wall_7078,W/UW/7078-98.jpg,"[0, 0, 256, 256]",1.0,sdnet_tile,wall
utuh/wall_7079-10.jpg,0,utuh,test_wall,wall,wall_7079,W/UW/7079-10.jpg,"[0, 0, 256, 256]",1.0,sdnet_tile,wall
utuh/wall_7079-112.jpg,0,utuh,test_wall,wall,wall_7079,W/UW/7079-112.jpg,"[0, 0, 256, 256]",1.0,sdnet_tile,wall
utuh/wall_7079-129.jpg,0,utuh,test_wall,wall,wall_7079,W/UW/7079-129.jpg,"[0, 0, 256, 256]",1.0,sdnet_tile,wall
utuh/wall_7079-130.jpg,0,utuh,test_wall,wall,wall_7079,W/UW/7079-130.jpg,"[0, 0, 256, 256]",1.0,sdnet_tile,wall
utuh/wall_7079-132.jpg,0,utuh,test_wall,wall,wall_7079,W/UW/7079-132.jpg,"[0, 0, 256, 256]",1.0,sdnet_tile,wall
utuh/wall_7079-137.jpg,0,utuh,test_wall,wall,wall_7079,W/UW/7079-137.jpg,"[0, 0, 256, 256]",1.0,sdnet_tile,wall
utuh/wall_7079-14.jpg,0,utuh,test_wall,wall,wall_7079,W/UW/7079-14.jpg,"[0, 0, 256, 256]",1.0,sdnet_tile,wall
utuh/wall_7079-145.jpg,0,utuh,test_wall,wall,wall_7079,W/UW/7079-145.jpg,"[0, 0, 256, 256]",1.0,sdnet_tile,wall
utuh/wall_7079-16.jpg,0,utuh,test_wall,wall,wall_7079,W/UW/7079-16.jpg,"[0, 0, 256, 256]",1.0,sdnet_tile,wall
utuh/wall_7079-18.jpg,0,utuh,test_wall,wall,wall_7079,W/UW/7079-18.jpg,"[0, 0, 256, 256]",1.0,sdnet_tile,wall
utuh/wall_7079-180.jpg,0,utuh,test_wall,wall,wall_7079,W/UW/7079-180.jpg,"[0, 0, 256, 256]",1.0,sdnet_tile,wall
utuh/wall_7079-186.jpg,0,utuh,test_wall,wall,wall_7079,W/UW/7079-186.jpg,"[0, 0, 256, 256]",1.0,sdnet_tile,wall
utuh/wall_7079-188.jpg,0,utuh,test_wall,wall,wall_7079,W/UW/7079-188.jpg,"[0, 0, 256, 256]",1.0,sdnet_tile,wall
utuh/wall_7079-20.jpg,0,utuh,test_wall,wall,wall_7079,W/UW/7079-20.jpg,"[0, 0, 256, 256]",1.0,sdnet_tile,wall
utuh/wall_7079-203.jpg,0,utuh,test_wall,wall,wall_7079,W/UW/7079-203.jpg,"[0, 0, 256, 256]",1.0,sdnet_tile,wall
utuh/wall_7079-217.jpg,0,utuh,test_wall,wall,wall_7079,W/UW/7079-217.jpg,"[0, 0, 256, 256]",1.0,sdnet_tile,wall
utuh/wall_7079-221.jpg,0,utuh,test_wall,wall,wall_7079,W/UW/7079-221.jpg,"[0, 0, 256, 256]",1.0,sdnet_tile,wall
utuh/wall_7079-224.jpg,0,utuh,test_wall,wall,wall_7079,W/UW/7079-224.jpg,"[0, 0, 256, 256]",1.0,sdnet_tile,wall
utuh/wall_7079-234.jpg,0,utuh,test_wall,wall,wall_7079,W/UW/7079-234.jpg,"[0, 0, 256, 256]",1.0,sdnet_tile,wall
utuh/wall_7079-24.jpg,0,utuh,test_wall,wall,wall_7079,W/UW/7079-24.jpg,"[0, 0, 256, 256]",1.0,sdnet_tile,wall
utuh/wall_7079-246.jpg,0,utuh,test_wall,wall,wall_7079,W/UW/7079-246.jpg,"[0, 0, 256, 256]",1.0,sdnet_tile,wall
utuh/wall_7079-29.jpg,0,utuh,test_wall,wall,wall_7079,W/UW/7079-29.jpg,"[0, 0, 256, 256]",1.0,sdnet_tile,wall
utuh/wall_7079-30.jpg,0,utuh,test_wall,wall,wall_7079,W/UW/7079-30.jpg,"[0, 0, 256, 256]",1.0,sdnet_tile,wall
utuh/wall_7079-42.jpg,0,utuh,test_wall,wall,wall_7079,W/UW/7079-42.jpg,"[0, 0, 256, 256]",1.0,sdnet_tile,wall
utuh/wall_7079-47.jpg,0,utuh,test_wall,wall,wall_7079,W/UW/7079-47.jpg,"[0, 0, 256, 256]",1.0,sdnet_tile,wall
utuh/wall_7079-53.jpg,0,utuh,test_wall,wall,wall_7079,W/UW/7079-53.jpg,"[0, 0, 256, 256]",1.0,sdnet_tile,wall
utuh/wall_7079-54.jpg,0,utuh,test_wall,wall,wall_7079,W/UW/7079-54.jpg,"[0, 0, 256, 256]",1.0,sdnet_tile,wall
utuh/wall_7079-58.jpg,0,utuh,test_wall,wall,wall_7079,W/UW/7079-58.jpg,"[0, 0, 256, 256]",1.0,sdnet_tile,wall
utuh/wall_7079-60.jpg,0,utuh,test_wall,wall,wall_7079,W/UW/7079-60.jpg,"[0, 0, 256, 256]",1.0,sdnet_tile,wall
utuh/wall_7079-61.jpg,0,utuh,test_wall,wall,wall_7079,W/UW/7079-61.jpg,"[0, 0, 256, 256]",1.0,sdnet_tile,wall
utuh/wall_7079-67.jpg,0,utuh,test_wall,wall,wall_7079,W/UW/7079-67.jpg,"[0, 0, 256, 256]",1.0,sdnet_tile,wall
utuh/wall_7079-86.jpg,0,utuh,test_wall,wall,wall_7079,W/UW/7079-86.jpg,"[0, 0, 256, 256]",1.0,sdnet_tile,wall
utuh/wall_7079-93.jpg,0,utuh,test_wall,wall,wall_7079,W/UW/7079-93.jpg,"[0, 0, 256, 256]",1.0,sdnet_tile,wall
utuh/wall_7079-97.jpg,0,utuh,test_wall,wall,wall_7079,W/UW/7079-97.jpg,"[0, 0, 256, 256]",1.0,sdnet_tile,wall
utuh/wall_7080-102.jpg,0,utuh,test_wall,wall,wall_7080,W/UW/7080-102.jpg,"[0, 0, 256, 256]",1.0,sdnet_tile,wall
utuh/wall_7080-106.jpg,0,utuh,test_wall,wall,wall_7080,W/UW/7080-106.jpg,"[0, 0, 256, 256]",1.0,sdnet_tile,wall
utuh/wall_7080-108.jpg,0,utuh,test_wall,wall,wall_7080,W/UW/7080-108.jpg,"[0, 0, 256, 256]",1.0,sdnet_tile,wall
utuh/wall_7080-111.jpg,0,utuh,test_wall,wall,wall_7080,W/UW/7080-111.jpg,"[0, 0, 256, 256]",1.0,sdnet_tile,wall
utuh/wall_7080-119.jpg,0,utuh,test_wall,wall,wall_7080,W/UW/7080-119.jpg,"[0, 0, 256, 256]",1.0,sdnet_tile,wall
utuh/wall_7080-120.jpg,0,utuh,test_wall,wall,wall_7080,W/UW/7080-120.jpg,"[0, 0, 256, 256]",1.0,sdnet_tile,wall
utuh/wall_7080-121.jpg,0,utuh,test_wall,wall,wall_7080,W/UW/7080-121.jpg,"[0, 0, 256, 256]",1.0,sdnet_tile,wall
utuh/wall_7080-127.jpg,0,utuh,test_wall,wall,wall_7080,W/UW/7080-127.jpg,"[0, 0, 256, 256]",1.0,sdnet_tile,wall
utuh/wall_7080-135.jpg,0,utuh,test_wall,wall,wall_7080,W/UW/7080-135.jpg,"[0, 0, 256, 256]",1.0,sdnet_tile,wall
utuh/wall_7080-137.jpg,0,utuh,test_wall,wall,wall_7080,W/UW/7080-137.jpg,"[0, 0, 256, 256]",1.0,sdnet_tile,wall
utuh/wall_7080-138.jpg,0,utuh,test_wall,wall,wall_7080,W/UW/7080-138.jpg,"[0, 0, 256, 256]",1.0,sdnet_tile,wall
utuh/wall_7080-139.jpg,0,utuh,test_wall,wall,wall_7080,W/UW/7080-139.jpg,"[0, 0, 256, 256]",1.0,sdnet_tile,wall
utuh/wall_7080-141.jpg,0,utuh,test_wall,wall,wall_7080,W/UW/7080-141.jpg,"[0, 0, 256, 256]",1.0,sdnet_tile,wall
utuh/wall_7080-145.jpg,0,utuh,test_wall,wall,wall_7080,W/UW/7080-145.jpg,"[0, 0, 256, 256]",1.0,sdnet_tile,wall
utuh/wall_7080-175.jpg,0,utuh,test_wall,wall,wall_7080,W/UW/7080-175.jpg,"[0, 0, 256, 256]",1.0,sdnet_tile,wall
utuh/wall_7080-181.jpg,0,utuh,test_wall,wall,wall_7080,W/UW/7080-181.jpg,"[0, 0, 256, 256]",1.0,sdnet_tile,wall
utuh/wall_7080-182.jpg,0,utuh,test_wall,wall,wall_7080,W/UW/7080-182.jpg,"[0, 0, 256, 256]",1.0,sdnet_tile,wall
utuh/wall_7080-184.jpg,0,utuh,test_wall,wall,wall_7080,W/UW/7080-184.jpg,"[0, 0, 256, 256]",1.0,sdnet_tile,wall
utuh/wall_7080-193.jpg,0,utuh,test_wall,wall,wall_7080,W/UW/7080-193.jpg,"[0, 0, 256, 256]",1.0,sdnet_tile,wall
utuh/wall_7080-206.jpg,0,utuh,test_wall,wall,wall_7080,W/UW/7080-206.jpg,"[0, 0, 256, 256]",1.0,sdnet_tile,wall
utuh/wall_7080-207.jpg,0,utuh,test_wall,wall,wall_7080,W/UW/7080-207.jpg,"[0, 0, 256, 256]",1.0,sdnet_tile,wall
utuh/wall_7080-222.jpg,0,utuh,test_wall,wall,wall_7080,W/UW/7080-222.jpg,"[0, 0, 256, 256]",1.0,sdnet_tile,wall
utuh/wall_7080-225.jpg,0,utuh,test_wall,wall,wall_7080,W/UW/7080-225.jpg,"[0, 0, 256, 256]",1.0,sdnet_tile,wall
utuh/wall_7080-227.jpg,0,utuh,test_wall,wall,wall_7080,W/UW/7080-227.jpg,"[0, 0, 256, 256]",1.0,sdnet_tile,wall
utuh/wall_7080-231.jpg,0,utuh,test_wall,wall,wall_7080,W/UW/7080-231.jpg,"[0, 0, 256, 256]",1.0,sdnet_tile,wall
utuh/wall_7080-241.jpg,0,utuh,test_wall,wall,wall_7080,W/UW/7080-241.jpg,"[0, 0, 256, 256]",1.0,sdnet_tile,wall
utuh/wall_7080-242.jpg,0,utuh,test_wall,wall,wall_7080,W/UW/7080-242.jpg,"[0, 0, 256, 256]",1.0,sdnet_tile,wall
utuh/wall_7080-247.jpg,0,utuh,test_wall,wall,wall_7080,W/UW/7080-247.jpg,"[0, 0, 256, 256]",1.0,sdnet_tile,wall
utuh/wall_7080-5.jpg,0,utuh,test_wall,wall,wall_7080,W/UW/7080-5.jpg,"[0, 0, 256, 256]",1.0,sdnet_tile,wall
utuh/wall_7080-55.jpg,0,utuh,test_wall,wall,wall_7080,W/UW/7080-55.jpg,"[0, 0, 256, 256]",1.0,sdnet_tile,wall
utuh/wall_7080-57.jpg,0,utuh,test_wall,wall,wall_7080,W/UW/7080-57.jpg,"[0, 0, 256, 256]",1.0,sdnet_tile,wall
utuh/wall_7080-59.jpg,0,utuh,test_wall,wall,wall_7080,W/UW/7080-59.jpg,"[0, 0, 256, 256]",1.0,sdnet_tile,wall
utuh/wall_7080-6.jpg,0,utuh,test_wall,wall,wall_7080,W/UW/7080-6.jpg,"[0, 0, 256, 256]",1.0,sdnet_tile,wall
utuh/wall_7080-68.jpg,0,utuh,test_wall,wall,wall_7080,W/UW/7080-68.jpg,"[0, 0, 256, 256]",1.0,sdnet_tile,wall
utuh/wall_7081-102.jpg,0,utuh,test_wall,wall,wall_7081,W/UW/7081-102.jpg,"[0, 0, 256, 256]",1.0,sdnet_tile,wall
utuh/wall_7081-11.jpg,0,utuh,test_wall,wall,wall_7081,W/UW/7081-11.jpg,"[0, 0, 256, 256]",1.0,sdnet_tile,wall
utuh/wall_7081-127.jpg,0,utuh,test_wall,wall,wall_7081,W/UW/7081-127.jpg,"[0, 0, 256, 256]",1.0,sdnet_tile,wall
utuh/wall_7081-13.jpg,0,utuh,test_wall,wall,wall_7081,W/UW/7081-13.jpg,"[0, 0, 256, 256]",1.0,sdnet_tile,wall
utuh/wall_7081-131.jpg,0,utuh,test_wall,wall,wall_7081,W/UW/7081-131.jpg,"[0, 0, 256, 256]",1.0,sdnet_tile,wall
utuh/wall_7081-139.jpg,0,utuh,test_wall,wall,wall_7081,W/UW/7081-139.jpg,"[0, 0, 256, 256]",1.0,sdnet_tile,wall
utuh/wall_7081-140.jpg,0,utuh,test_wall,wall,wall_7081,W/UW/7081-140.jpg,"[0, 0, 256, 256]",1.0,sdnet_tile,wall
utuh/wall_7081-141.jpg,0,utuh,test_wall,wall,wall_7081,W/UW/7081-141.jpg,"[0, 0, 256, 256]",1.0,sdnet_tile,wall
utuh/wall_7081-145.jpg,0,utuh,test_wall,wall,wall_7081,W/UW/7081-145.jpg,"[0, 0, 256, 256]",1.0,sdnet_tile,wall
utuh/wall_7081-147.jpg,0,utuh,test_wall,wall,wall_7081,W/UW/7081-147.jpg,"[0, 0, 256, 256]",1.0,sdnet_tile,wall
utuh/wall_7081-149.jpg,0,utuh,test_wall,wall,wall_7081,W/UW/7081-149.jpg,"[0, 0, 256, 256]",1.0,sdnet_tile,wall
utuh/wall_7081-152.jpg,0,utuh,test_wall,wall,wall_7081,W/UW/7081-152.jpg,"[0, 0, 256, 256]",1.0,sdnet_tile,wall
utuh/wall_7081-163.jpg,0,utuh,test_wall,wall,wall_7081,W/UW/7081-163.jpg,"[0, 0, 256, 256]",1.0,sdnet_tile,wall
utuh/wall_7081-172.jpg,0,utuh,test_wall,wall,wall_7081,W/UW/7081-172.jpg,"[0, 0, 256, 256]",1.0,sdnet_tile,wall
utuh/wall_7081-174.jpg,0,utuh,test_wall,wall,wall_7081,W/UW/7081-174.jpg,"[0, 0, 256, 256]",1.0,sdnet_tile,wall
utuh/wall_7081-183.jpg,0,utuh,test_wall,wall,wall_7081,W/UW/7081-183.jpg,"[0, 0, 256, 256]",1.0,sdnet_tile,wall
utuh/wall_7081-201.jpg,0,utuh,test_wall,wall,wall_7081,W/UW/7081-201.jpg,"[0, 0, 256, 256]",1.0,sdnet_tile,wall
utuh/wall_7081-211.jpg,0,utuh,test_wall,wall,wall_7081,W/UW/7081-211.jpg,"[0, 0, 256, 256]",1.0,sdnet_tile,wall
utuh/wall_7081-222.jpg,0,utuh,test_wall,wall,wall_7081,W/UW/7081-222.jpg,"[0, 0, 256, 256]",1.0,sdnet_tile,wall
utuh/wall_7081-227.jpg,0,utuh,test_wall,wall,wall_7081,W/UW/7081-227.jpg,"[0, 0, 256, 256]",1.0,sdnet_tile,wall
utuh/wall_7081-239.jpg,0,utuh,test_wall,wall,wall_7081,W/UW/7081-239.jpg,"[0, 0, 256, 256]",1.0,sdnet_tile,wall
utuh/wall_7081-245.jpg,0,utuh,test_wall,wall,wall_7081,W/UW/7081-245.jpg,"[0, 0, 256, 256]",1.0,sdnet_tile,wall
utuh/wall_7081-252.jpg,0,utuh,test_wall,wall,wall_7081,W/UW/7081-252.jpg,"[0, 0, 256, 256]",1.0,sdnet_tile,wall
utuh/wall_7081-28.jpg,0,utuh,test_wall,wall,wall_7081,W/UW/7081-28.jpg,"[0, 0, 256, 256]",1.0,sdnet_tile,wall
utuh/wall_7081-3.jpg,0,utuh,test_wall,wall,wall_7081,W/UW/7081-3.jpg,"[0, 0, 256, 256]",1.0,sdnet_tile,wall
utuh/wall_7081-36.jpg,0,utuh,test_wall,wall,wall_7081,W/UW/7081-36.jpg,"[0, 0, 256, 256]",1.0,sdnet_tile,wall
utuh/wall_7081-40.jpg,0,utuh,test_wall,wall,wall_7081,W/UW/7081-40.jpg,"[0, 0, 256, 256]",1.0,sdnet_tile,wall
utuh/wall_7081-44.jpg,0,utuh,test_wall,wall,wall_7081,W/UW/7081-44.jpg,"[0, 0, 256, 256]",1.0,sdnet_tile,wall
utuh/wall_7081-50.jpg,0,utuh,test_wall,wall,wall_7081,W/UW/7081-50.jpg,"[0, 0, 256, 256]",1.0,sdnet_tile,wall
utuh/wall_7081-68.jpg,0,utuh,test_wall,wall,wall_7081,W/UW/7081-68.jpg,"[0, 0, 256, 256]",1.0,sdnet_tile,wall
utuh/wall_7081-7.jpg,0,utuh,test_wall,wall,wall_7081,W/UW/7081-7.jpg,"[0, 0, 256, 256]",1.0,sdnet_tile,wall
utuh/wall_7081-86.jpg,0,utuh,test_wall,wall,wall_7081,W/UW/7081-86.jpg,"[0, 0, 256, 256]",1.0,sdnet_tile,wall
utuh/wall_7081-92.jpg,0,utuh,test_wall,wall,wall_7081,W/UW/7081-92.jpg,"[0, 0, 256, 256]",1.0,sdnet_tile,wall
utuh/wall_7081-96.jpg,0,utuh,test_wall,wall,wall_7081,W/UW/7081-96.jpg,"[0, 0, 256, 256]",1.0,sdnet_tile,wall
utuh/wall_7082-106.jpg,0,utuh,test_wall,wall,wall_7082,W/UW/7082-106.jpg,"[0, 0, 256, 256]",1.0,sdnet_tile,wall
utuh/wall_7082-108.jpg,0,utuh,test_wall,wall,wall_7082,W/UW/7082-108.jpg,"[0, 0, 256, 256]",1.0,sdnet_tile,wall
utuh/wall_7082-12.jpg,0,utuh,test_wall,wall,wall_7082,W/UW/7082-12.jpg,"[0, 0, 256, 256]",1.0,sdnet_tile,wall
utuh/wall_7082-128.jpg,0,utuh,test_wall,wall,wall_7082,W/UW/7082-128.jpg,"[0, 0, 256, 256]",1.0,sdnet_tile,wall
utuh/wall_7082-129.jpg,0,utuh,test_wall,wall,wall_7082,W/UW/7082-129.jpg,"[0, 0, 256, 256]",1.0,sdnet_tile,wall
utuh/wall_7082-134.jpg,0,utuh,test_wall,wall,wall_7082,W/UW/7082-134.jpg,"[0, 0, 256, 256]",1.0,sdnet_tile,wall
utuh/wall_7082-153.jpg,0,utuh,test_wall,wall,wall_7082,W/UW/7082-153.jpg,"[0, 0, 256, 256]",1.0,sdnet_tile,wall
utuh/wall_7082-163.jpg,0,utuh,test_wall,wall,wall_7082,W/UW/7082-163.jpg,"[0, 0, 256, 256]",1.0,sdnet_tile,wall
utuh/wall_7082-166.jpg,0,utuh,test_wall,wall,wall_7082,W/UW/7082-166.jpg,"[0, 0, 256, 256]",1.0,sdnet_tile,wall
utuh/wall_7082-169.jpg,0,utuh,test_wall,wall,wall_7082,W/UW/7082-169.jpg,"[0, 0, 256, 256]",1.0,sdnet_tile,wall
utuh/wall_7082-170.jpg,0,utuh,test_wall,wall,wall_7082,W/UW/7082-170.jpg,"[0, 0, 256, 256]",1.0,sdnet_tile,wall
utuh/wall_7082-174.jpg,0,utuh,test_wall,wall,wall_7082,W/UW/7082-174.jpg,"[0, 0, 256, 256]",1.0,sdnet_tile,wall
utuh/wall_7082-179.jpg,0,utuh,test_wall,wall,wall_7082,W/UW/7082-179.jpg,"[0, 0, 256, 256]",1.0,sdnet_tile,wall
utuh/wall_7082-184.jpg,0,utuh,test_wall,wall,wall_7082,W/UW/7082-184.jpg,"[0, 0, 256, 256]",1.0,sdnet_tile,wall
utuh/wall_7082-189.jpg,0,utuh,test_wall,wall,wall_7082,W/UW/7082-189.jpg,"[0, 0, 256, 256]",1.0,sdnet_tile,wall
utuh/wall_7082-197.jpg,0,utuh,test_wall,wall,wall_7082,W/UW/7082-197.jpg,"[0, 0, 256, 256]",1.0,sdnet_tile,wall
utuh/wall_7082-213.jpg,0,utuh,test_wall,wall,wall_7082,W/UW/7082-213.jpg,"[0, 0, 256, 256]",1.0,sdnet_tile,wall
utuh/wall_7082-218.jpg,0,utuh,test_wall,wall,wall_7082,W/UW/7082-218.jpg,"[0, 0, 256, 256]",1.0,sdnet_tile,wall
utuh/wall_7082-221.jpg,0,utuh,test_wall,wall,wall_7082,W/UW/7082-221.jpg,"[0, 0, 256, 256]",1.0,sdnet_tile,wall
utuh/wall_7082-222.jpg,0,utuh,test_wall,wall,wall_7082,W/UW/7082-222.jpg,"[0, 0, 256, 256]",1.0,sdnet_tile,wall
utuh/wall_7082-230.jpg,0,utuh,test_wall,wall,wall_7082,W/UW/7082-230.jpg,"[0, 0, 256, 256]",1.0,sdnet_tile,wall
utuh/wall_7082-37.jpg,0,utuh,test_wall,wall,wall_7082,W/UW/7082-37.jpg,"[0, 0, 256, 256]",1.0,sdnet_tile,wall
utuh/wall_7082-39.jpg,0,utuh,test_wall,wall,wall_7082,W/UW/7082-39.jpg,"[0, 0, 256, 256]",1.0,sdnet_tile,wall
utuh/wall_7082-40.jpg,0,utuh,test_wall,wall,wall_7082,W/UW/7082-40.jpg,"[0, 0, 256, 256]",1.0,sdnet_tile,wall
utuh/wall_7082-42.jpg,0,utuh,test_wall,wall,wall_7082,W/UW/7082-42.jpg,"[0, 0, 256, 256]",1.0,sdnet_tile,wall
utuh/wall_7082-44.jpg,0,utuh,test_wall,wall,wall_7082,W/UW/7082-44.jpg,"[0, 0, 256, 256]",1.0,sdnet_tile,wall
utuh/wall_7082-48.jpg,0,utuh,test_wall,wall,wall_7082,W/UW/7082-48.jpg,"[0, 0, 256, 256]",1.0,sdnet_tile,wall
utuh/wall_7082-6.jpg,0,utuh,test_wall,wall,wall_7082,W/UW/7082-6.jpg,"[0, 0, 256, 256]",1.0,sdnet_tile,wall
utuh/wall_7082-70.jpg,0,utuh,test_wall,wall,wall_7082,W/UW/7082-70.jpg,"[0, 0, 256, 256]",1.0,sdnet_tile,wall
utuh/wall_7082-72.jpg,0,utuh,test_wall,wall,wall_7082,W/UW/7082-72.jpg,"[0, 0, 256, 256]",1.0,sdnet_tile,wall
utuh/wall_7082-77.jpg,0,utuh,test_wall,wall,wall_7082,W/UW/7082-77.jpg,"[0, 0, 256, 256]",1.0,sdnet_tile,wall
utuh/wall_7082-8.jpg,0,utuh,test_wall,wall,wall_7082,W/UW/7082-8.jpg,"[0, 0, 256, 256]",1.0,sdnet_tile,wall
utuh/wall_7082-86.jpg,0,utuh,test_wall,wall,wall_7082,W/UW/7082-86.jpg,"[0, 0, 256, 256]",1.0,sdnet_tile,wall
utuh/wall_7082-97.jpg,0,utuh,test_wall,wall,wall_7082,W/UW/7082-97.jpg,"[0, 0, 256, 256]",1.0,sdnet_tile,wall
utuh/wall_7083-103.jpg,0,utuh,test_wall,wall,wall_7083,W/UW/7083-103.jpg,"[0, 0, 256, 256]",1.0,sdnet_tile,wall
utuh/wall_7083-108.jpg,0,utuh,test_wall,wall,wall_7083,W/UW/7083-108.jpg,"[0, 0, 256, 256]",1.0,sdnet_tile,wall
utuh/wall_7083-11.jpg,0,utuh,test_wall,wall,wall_7083,W/UW/7083-11.jpg,"[0, 0, 256, 256]",1.0,sdnet_tile,wall
utuh/wall_7083-129.jpg,0,utuh,test_wall,wall,wall_7083,W/UW/7083-129.jpg,"[0, 0, 256, 256]",1.0,sdnet_tile,wall
utuh/wall_7083-138.jpg,0,utuh,test_wall,wall,wall_7083,W/UW/7083-138.jpg,"[0, 0, 256, 256]",1.0,sdnet_tile,wall
utuh/wall_7083-146.jpg,0,utuh,test_wall,wall,wall_7083,W/UW/7083-146.jpg,"[0, 0, 256, 256]",1.0,sdnet_tile,wall
utuh/wall_7083-162.jpg,0,utuh,test_wall,wall,wall_7083,W/UW/7083-162.jpg,"[0, 0, 256, 256]",1.0,sdnet_tile,wall
utuh/wall_7083-165.jpg,0,utuh,test_wall,wall,wall_7083,W/UW/7083-165.jpg,"[0, 0, 256, 256]",1.0,sdnet_tile,wall
utuh/wall_7083-175.jpg,0,utuh,test_wall,wall,wall_7083,W/UW/7083-175.jpg,"[0, 0, 256, 256]",1.0,sdnet_tile,wall
utuh/wall_7083-180.jpg,0,utuh,test_wall,wall,wall_7083,W/UW/7083-180.jpg,"[0, 0, 256, 256]",1.0,sdnet_tile,wall
utuh/wall_7083-181.jpg,0,utuh,test_wall,wall,wall_7083,W/UW/7083-181.jpg,"[0, 0, 256, 256]",1.0,sdnet_tile,wall
utuh/wall_7083-192.jpg,0,utuh,test_wall,wall,wall_7083,W/UW/7083-192.jpg,"[0, 0, 256, 256]",1.0,sdnet_tile,wall
utuh/wall_7083-193.jpg,0,utuh,test_wall,wall,wall_7083,W/UW/7083-193.jpg,"[0, 0, 256, 256]",1.0,sdnet_tile,wall
utuh/wall_7083-199.jpg,0,utuh,test_wall,wall,wall_7083,W/UW/7083-199.jpg,"[0, 0, 256, 256]",1.0,sdnet_tile,wall
utuh/wall_7083-2.jpg,0,utuh,test_wall,wall,wall_7083,W/UW/7083-2.jpg,"[0, 0, 256, 256]",1.0,sdnet_tile,wall
utuh/wall_7083-215.jpg,0,utuh,test_wall,wall,wall_7083,W/UW/7083-215.jpg,"[0, 0, 256, 256]",1.0,sdnet_tile,wall
utuh/wall_7083-217.jpg,0,utuh,test_wall,wall,wall_7083,W/UW/7083-217.jpg,"[0, 0, 256, 256]",1.0,sdnet_tile,wall
utuh/wall_7083-218.jpg,0,utuh,test_wall,wall,wall_7083,W/UW/7083-218.jpg,"[0, 0, 256, 256]",1.0,sdnet_tile,wall
utuh/wall_7083-219.jpg,0,utuh,test_wall,wall,wall_7083,W/UW/7083-219.jpg,"[0, 0, 256, 256]",1.0,sdnet_tile,wall
utuh/wall_7083-22.jpg,0,utuh,test_wall,wall,wall_7083,W/UW/7083-22.jpg,"[0, 0, 256, 256]",1.0,sdnet_tile,wall
utuh/wall_7083-221.jpg,0,utuh,test_wall,wall,wall_7083,W/UW/7083-221.jpg,"[0, 0, 256, 256]",1.0,sdnet_tile,wall
utuh/wall_7083-228.jpg,0,utuh,test_wall,wall,wall_7083,W/UW/7083-228.jpg,"[0, 0, 256, 256]",1.0,sdnet_tile,wall
utuh/wall_7083-230.jpg,0,utuh,test_wall,wall,wall_7083,W/UW/7083-230.jpg,"[0, 0, 256, 256]",1.0,sdnet_tile,wall
utuh/wall_7083-232.jpg,0,utuh,test_wall,wall,wall_7083,W/UW/7083-232.jpg,"[0, 0, 256, 256]",1.0,sdnet_tile,wall
utuh/wall_7083-237.jpg,0,utuh,test_wall,wall,wall_7083,W/UW/7083-237.jpg,"[0, 0, 256, 256]",1.0,sdnet_tile,wall
utuh/wall_7083-239.jpg,0,utuh,test_wall,wall,wall_7083,W/UW/7083-239.jpg,"[0, 0, 256, 256]",1.0,sdnet_tile,wall
utuh/wall_7083-240.jpg,0,utuh,test_wall,wall,wall_7083,W/UW/7083-240.jpg,"[0, 0, 256, 256]",1.0,sdnet_tile,wall
utuh/wall_7083-245.jpg,0,utuh,test_wall,wall,wall_7083,W/UW/7083-245.jpg,"[0, 0, 256, 256]",1.0,sdnet_tile,wall
utuh/wall_7083-38.jpg,0,utuh,test_wall,wall,wall_7083,W/UW/7083-38.jpg,"[0, 0, 256, 256]",1.0,sdnet_tile,wall
utuh/wall_7083-56.jpg,0,utuh,test_wall,wall,wall_7083,W/UW/7083-56.jpg,"[0, 0, 256, 256]",1.0,sdnet_tile,wall
utuh/wall_7083-58.jpg,0,utuh,test_wall,wall,wall_7083,W/UW/7083-58.jpg,"[0, 0, 256, 256]",1.0,sdnet_tile,wall
utuh/wall_7083-74.jpg,0,utuh,test_wall,wall,wall_7083,W/UW/7083-74.jpg,"[0, 0, 256, 256]",1.0,sdnet_tile,wall
utuh/wall_7083-89.jpg,0,utuh,test_wall,wall,wall_7083,W/UW/7083-89.jpg,"[0, 0, 256, 256]",1.0,sdnet_tile,wall
utuh/wall_7083-91.jpg,0,utuh,test_wall,wall,wall_7083,W/UW/7083-91.jpg,"[0, 0, 256, 256]",1.0,sdnet_tile,wall
utuh/wall_7084-104.jpg,0,utuh,test_wall,wall,wall_7084,W/UW/7084-104.jpg,"[0, 0, 256, 256]",1.0,sdnet_tile,wall
utuh/wall_7084-105.jpg,0,utuh,test_wall,wall,wall_7084,W/UW/7084-105.jpg,"[0, 0, 256, 256]",1.0,sdnet_tile,wall
utuh/wall_7084-129.jpg,0,utuh,test_wall,wall,wall_7084,W/UW/7084-129.jpg,"[0, 0, 256, 256]",1.0,sdnet_tile,wall
utuh/wall_7084-140.jpg,0,utuh,test_wall,wall,wall_7084,W/UW/7084-140.jpg,"[0, 0, 256, 256]",1.0,sdnet_tile,wall
utuh/wall_7084-142.jpg,0,utuh,test_wall,wall,wall_7084,W/UW/7084-142.jpg,"[0, 0, 256, 256]",1.0,sdnet_tile,wall
utuh/wall_7084-145.jpg,0,utuh,test_wall,wall,wall_7084,W/UW/7084-145.jpg,"[0, 0, 256, 256]",1.0,sdnet_tile,wall
utuh/wall_7084-146.jpg,0,utuh,test_wall,wall,wall_7084,W/UW/7084-146.jpg,"[0, 0, 256, 256]",1.0,sdnet_tile,wall
utuh/wall_7084-155.jpg,0,utuh,test_wall,wall,wall_7084,W/UW/7084-155.jpg,"[0, 0, 256, 256]",1.0,sdnet_tile,wall
utuh/wall_7084-163.jpg,0,utuh,test_wall,wall,wall_7084,W/UW/7084-163.jpg,"[0, 0, 256, 256]",1.0,sdnet_tile,wall
utuh/wall_7084-17.jpg,0,utuh,test_wall,wall,wall_7084,W/UW/7084-17.jpg,"[0, 0, 256, 256]",1.0,sdnet_tile,wall
utuh/wall_7084-175.jpg,0,utuh,test_wall,wall,wall_7084,W/UW/7084-175.jpg,"[0, 0, 256, 256]",1.0,sdnet_tile,wall
utuh/wall_7084-181.jpg,0,utuh,test_wall,wall,wall_7084,W/UW/7084-181.jpg,"[0, 0, 256, 256]",1.0,sdnet_tile,wall
utuh/wall_7084-182.jpg,0,utuh,test_wall,wall,wall_7084,W/UW/7084-182.jpg,"[0, 0, 256, 256]",1.0,sdnet_tile,wall
utuh/wall_7084-184.jpg,0,utuh,test_wall,wall,wall_7084,W/UW/7084-184.jpg,"[0, 0, 256, 256]",1.0,sdnet_tile,wall
utuh/wall_7084-19.jpg,0,utuh,test_wall,wall,wall_7084,W/UW/7084-19.jpg,"[0, 0, 256, 256]",1.0,sdnet_tile,wall
utuh/wall_7084-196.jpg,0,utuh,test_wall,wall,wall_7084,W/UW/7084-196.jpg,"[0, 0, 256, 256]",1.0,sdnet_tile,wall
utuh/wall_7084-197.jpg,0,utuh,test_wall,wall,wall_7084,W/UW/7084-197.jpg,"[0, 0, 256, 256]",1.0,sdnet_tile,wall
utuh/wall_7084-203.jpg,0,utuh,test_wall,wall,wall_7084,W/UW/7084-203.jpg,"[0, 0, 256, 256]",1.0,sdnet_tile,wall
utuh/wall_7084-210.jpg,0,utuh,test_wall,wall,wall_7084,W/UW/7084-210.jpg,"[0, 0, 256, 256]",1.0,sdnet_tile,wall
utuh/wall_7084-216.jpg,0,utuh,test_wall,wall,wall_7084,W/UW/7084-216.jpg,"[0, 0, 256, 256]",1.0,sdnet_tile,wall
utuh/wall_7084-218.jpg,0,utuh,test_wall,wall,wall_7084,W/UW/7084-218.jpg,"[0, 0, 256, 256]",1.0,sdnet_tile,wall
utuh/wall_7084-221.jpg,0,utuh,test_wall,wall,wall_7084,W/UW/7084-221.jpg,"[0, 0, 256, 256]",1.0,sdnet_tile,wall
utuh/wall_7084-222.jpg,0,utuh,test_wall,wall,wall_7084,W/UW/7084-222.jpg,"[0, 0, 256, 256]",1.0,sdnet_tile,wall
utuh/wall_7084-225.jpg,0,utuh,test_wall,wall,wall_7084,W/UW/7084-225.jpg,"[0, 0, 256, 256]",1.0,sdnet_tile,wall
utuh/wall_7084-232.jpg,0,utuh,test_wall,wall,wall_7084,W/UW/7084-232.jpg,"[0, 0, 256, 256]",1.0,sdnet_tile,wall
utuh/wall_7084-236.jpg,0,utuh,test_wall,wall,wall_7084,W/UW/7084-236.jpg,"[0, 0, 256, 256]",1.0,sdnet_tile,wall
utuh/wall_7084-239.jpg,0,utuh,test_wall,wall,wall_7084,W/UW/7084-239.jpg,"[0, 0, 256, 256]",1.0,sdnet_tile,wall
utuh/wall_7084-240.jpg,0,utuh,test_wall,wall,wall_7084,W/UW/7084-240.jpg,"[0, 0, 256, 256]",1.0,sdnet_tile,wall
utuh/wall_7084-36.jpg,0,utuh,test_wall,wall,wall_7084,W/UW/7084-36.jpg,"[0, 0, 256, 256]",1.0,sdnet_tile,wall
utuh/wall_7084-43.jpg,0,utuh,test_wall,wall,wall_7084,W/UW/7084-43.jpg,"[0, 0, 256, 256]",1.0,sdnet_tile,wall
utuh/wall_7084-52.jpg,0,utuh,test_wall,wall,wall_7084,W/UW/7084-52.jpg,"[0, 0, 256, 256]",1.0,sdnet_tile,wall
utuh/wall_7084-71.jpg,0,utuh,test_wall,wall,wall_7084,W/UW/7084-71.jpg,"[0, 0, 256, 256]",1.0,sdnet_tile,wall
utuh/wall_7084-73.jpg,0,utuh,test_wall,wall,wall_7084,W/UW/7084-73.jpg,"[0, 0, 256, 256]",1.0,sdnet_tile,wall
utuh/wall_7084-75.jpg,0,utuh,test_wall,wall,wall_7084,W/UW/7084-75.jpg,"[0, 0, 256, 256]",1.0,sdnet_tile,wall
utuh/wall_7085-128.jpg,0,utuh,test_wall,wall,wall_7085,W/UW/7085-128.jpg,"[0, 0, 256, 256]",1.0,sdnet_tile,wall
utuh/wall_7085-129.jpg,0,utuh,test_wall,wall,wall_7085,W/UW/7085-129.jpg,"[0, 0, 256, 256]",1.0,sdnet_tile,wall
utuh/wall_7085-131.jpg,0,utuh,test_wall,wall,wall_7085,W/UW/7085-131.jpg,"[0, 0, 256, 256]",1.0,sdnet_tile,wall
utuh/wall_7085-136.jpg,0,utuh,test_wall,wall,wall_7085,W/UW/7085-136.jpg,"[0, 0, 256, 256]",1.0,sdnet_tile,wall
utuh/wall_7085-137.jpg,0,utuh,test_wall,wall,wall_7085,W/UW/7085-137.jpg,"[0, 0, 256, 256]",1.0,sdnet_tile,wall
utuh/wall_7085-141.jpg,0,utuh,test_wall,wall,wall_7085,W/UW/7085-141.jpg,"[0, 0, 256, 256]",1.0,sdnet_tile,wall
utuh/wall_7085-147.jpg,0,utuh,test_wall,wall,wall_7085,W/UW/7085-147.jpg,"[0, 0, 256, 256]",1.0,sdnet_tile,wall
utuh/wall_7085-153.jpg,0,utuh,test_wall,wall,wall_7085,W/UW/7085-153.jpg,"[0, 0, 256, 256]",1.0,sdnet_tile,wall
utuh/wall_7085-159.jpg,0,utuh,test_wall,wall,wall_7085,W/UW/7085-159.jpg,"[0, 0, 256, 256]",1.0,sdnet_tile,wall
utuh/wall_7085-167.jpg,0,utuh,test_wall,wall,wall_7085,W/UW/7085-167.jpg,"[0, 0, 256, 256]",1.0,sdnet_tile,wall
utuh/wall_7085-172.jpg,0,utuh,test_wall,wall,wall_7085,W/UW/7085-172.jpg,"[0, 0, 256, 256]",1.0,sdnet_tile,wall
utuh/wall_7085-175.jpg,0,utuh,test_wall,wall,wall_7085,W/UW/7085-175.jpg,"[0, 0, 256, 256]",1.0,sdnet_tile,wall
utuh/wall_7085-176.jpg,0,utuh,test_wall,wall,wall_7085,W/UW/7085-176.jpg,"[0, 0, 256, 256]",1.0,sdnet_tile,wall
utuh/wall_7085-177.jpg,0,utuh,test_wall,wall,wall_7085,W/UW/7085-177.jpg,"[0, 0, 256, 256]",1.0,sdnet_tile,wall
utuh/wall_7085-18.jpg,0,utuh,test_wall,wall,wall_7085,W/UW/7085-18.jpg,"[0, 0, 256, 256]",1.0,sdnet_tile,wall
utuh/wall_7085-182.jpg,0,utuh,test_wall,wall,wall_7085,W/UW/7085-182.jpg,"[0, 0, 256, 256]",1.0,sdnet_tile,wall
utuh/wall_7085-192.jpg,0,utuh,test_wall,wall,wall_7085,W/UW/7085-192.jpg,"[0, 0, 256, 256]",1.0,sdnet_tile,wall
utuh/wall_7085-193.jpg,0,utuh,test_wall,wall,wall_7085,W/UW/7085-193.jpg,"[0, 0, 256, 256]",1.0,sdnet_tile,wall
utuh/wall_7085-198.jpg,0,utuh,test_wall,wall,wall_7085,W/UW/7085-198.jpg,"[0, 0, 256, 256]",1.0,sdnet_tile,wall
utuh/wall_7085-204.jpg,0,utuh,test_wall,wall,wall_7085,W/UW/7085-204.jpg,"[0, 0, 256, 256]",1.0,sdnet_tile,wall
utuh/wall_7085-207.jpg,0,utuh,test_wall,wall,wall_7085,W/UW/7085-207.jpg,"[0, 0, 256, 256]",1.0,sdnet_tile,wall
utuh/wall_7085-220.jpg,0,utuh,test_wall,wall,wall_7085,W/UW/7085-220.jpg,"[0, 0, 256, 256]",1.0,sdnet_tile,wall
utuh/wall_7085-222.jpg,0,utuh,test_wall,wall,wall_7085,W/UW/7085-222.jpg,"[0, 0, 256, 256]",1.0,sdnet_tile,wall
utuh/wall_7085-227.jpg,0,utuh,test_wall,wall,wall_7085,W/UW/7085-227.jpg,"[0, 0, 256, 256]",1.0,sdnet_tile,wall
utuh/wall_7085-23.jpg,0,utuh,test_wall,wall,wall_7085,W/UW/7085-23.jpg,"[0, 0, 256, 256]",1.0,sdnet_tile,wall
utuh/wall_7085-234.jpg,0,utuh,test_wall,wall,wall_7085,W/UW/7085-234.jpg,"[0, 0, 256, 256]",1.0,sdnet_tile,wall
utuh/wall_7085-236.jpg,0,utuh,test_wall,wall,wall_7085,W/UW/7085-236.jpg,"[0, 0, 256, 256]",1.0,sdnet_tile,wall
utuh/wall_7085-240.jpg,0,utuh,test_wall,wall,wall_7085,W/UW/7085-240.jpg,"[0, 0, 256, 256]",1.0,sdnet_tile,wall
utuh/wall_7085-250.jpg,0,utuh,test_wall,wall,wall_7085,W/UW/7085-250.jpg,"[0, 0, 256, 256]",1.0,sdnet_tile,wall
utuh/wall_7085-38.jpg,0,utuh,test_wall,wall,wall_7085,W/UW/7085-38.jpg,"[0, 0, 256, 256]",1.0,sdnet_tile,wall
utuh/wall_7085-46.jpg,0,utuh,test_wall,wall,wall_7085,W/UW/7085-46.jpg,"[0, 0, 256, 256]",1.0,sdnet_tile,wall
utuh/wall_7085-74.jpg,0,utuh,test_wall,wall,wall_7085,W/UW/7085-74.jpg,"[0, 0, 256, 256]",1.0,sdnet_tile,wall
utuh/wall_7085-77.jpg,0,utuh,test_wall,wall,wall_7085,W/UW/7085-77.jpg,"[0, 0, 256, 256]",1.0,sdnet_tile,wall
utuh/wall_7085-89.jpg,0,utuh,test_wall,wall,wall_7085,W/UW/7085-89.jpg,"[0, 0, 256, 256]",1.0,sdnet_tile,wall
utuh/wall_7086-105.jpg,0,utuh,test_wall,wall,wall_7086,W/UW/7086-105.jpg,"[0, 0, 256, 256]",1.0,sdnet_tile,wall
utuh/wall_7086-111.jpg,0,utuh,test_wall,wall,wall_7086,W/UW/7086-111.jpg,"[0, 0, 256, 256]",1.0,sdnet_tile,wall
utuh/wall_7086-114.jpg,0,utuh,test_wall,wall,wall_7086,W/UW/7086-114.jpg,"[0, 0, 256, 256]",1.0,sdnet_tile,wall
utuh/wall_7086-127.jpg,0,utuh,test_wall,wall,wall_7086,W/UW/7086-127.jpg,"[0, 0, 256, 256]",1.0,sdnet_tile,wall
utuh/wall_7086-128.jpg,0,utuh,test_wall,wall,wall_7086,W/UW/7086-128.jpg,"[0, 0, 256, 256]",1.0,sdnet_tile,wall
utuh/wall_7086-129.jpg,0,utuh,test_wall,wall,wall_7086,W/UW/7086-129.jpg,"[0, 0, 256, 256]",1.0,sdnet_tile,wall
utuh/wall_7086-132.jpg,0,utuh,test_wall,wall,wall_7086,W/UW/7086-132.jpg,"[0, 0, 256, 256]",1.0,sdnet_tile,wall
utuh/wall_7086-135.jpg,0,utuh,test_wall,wall,wall_7086,W/UW/7086-135.jpg,"[0, 0, 256, 256]",1.0,sdnet_tile,wall
utuh/wall_7086-136.jpg,0,utuh,test_wall,wall,wall_7086,W/UW/7086-136.jpg,"[0, 0, 256, 256]",1.0,sdnet_tile,wall
utuh/wall_7086-14.jpg,0,utuh,test_wall,wall,wall_7086,W/UW/7086-14.jpg,"[0, 0, 256, 256]",1.0,sdnet_tile,wall
utuh/wall_7086-159.jpg,0,utuh,test_wall,wall,wall_7086,W/UW/7086-159.jpg,"[0, 0, 256, 256]",1.0,sdnet_tile,wall
utuh/wall_7086-162.jpg,0,utuh,test_wall,wall,wall_7086,W/UW/7086-162.jpg,"[0, 0, 256, 256]",1.0,sdnet_tile,wall
utuh/wall_7086-164.jpg,0,utuh,test_wall,wall,wall_7086,W/UW/7086-164.jpg,"[0, 0, 256, 256]",1.0,sdnet_tile,wall
utuh/wall_7086-180.jpg,0,utuh,test_wall,wall,wall_7086,W/UW/7086-180.jpg,"[0, 0, 256, 256]",1.0,sdnet_tile,wall
utuh/wall_7086-19.jpg,0,utuh,test_wall,wall,wall_7086,W/UW/7086-19.jpg,"[0, 0, 256, 256]",1.0,sdnet_tile,wall
utuh/wall_7086-2.jpg,0,utuh,test_wall,wall,wall_7086,W/UW/7086-2.jpg,"[0, 0, 256, 256]",1.0,sdnet_tile,wall
utuh/wall_7086-205.jpg,0,utuh,test_wall,wall,wall_7086,W/UW/7086-205.jpg,"[0, 0, 256, 256]",1.0,sdnet_tile,wall
utuh/wall_7086-238.jpg,0,utuh,test_wall,wall,wall_7086,W/UW/7086-238.jpg,"[0, 0, 256, 256]",1.0,sdnet_tile,wall
utuh/wall_7086-24.jpg,0,utuh,test_wall,wall,wall_7086,W/UW/7086-24.jpg,"[0, 0, 256, 256]",1.0,sdnet_tile,wall
utuh/wall_7086-242.jpg,0,utuh,test_wall,wall,wall_7086,W/UW/7086-242.jpg,"[0, 0, 256, 256]",1.0,sdnet_tile,wall
utuh/wall_7086-244.jpg,0,utuh,test_wall,wall,wall_7086,W/UW/7086-244.jpg,"[0, 0, 256, 256]",1.0,sdnet_tile,wall
utuh/wall_7086-250.jpg,0,utuh,test_wall,wall,wall_7086,W/UW/7086-250.jpg,"[0, 0, 256, 256]",1.0,sdnet_tile,wall
utuh/wall_7086-252.jpg,0,utuh,test_wall,wall,wall_7086,W/UW/7086-252.jpg,"[0, 0, 256, 256]",1.0,sdnet_tile,wall
utuh/wall_7086-34.jpg,0,utuh,test_wall,wall,wall_7086,W/UW/7086-34.jpg,"[0, 0, 256, 256]",1.0,sdnet_tile,wall
utuh/wall_7086-38.jpg,0,utuh,test_wall,wall,wall_7086,W/UW/7086-38.jpg,"[0, 0, 256, 256]",1.0,sdnet_tile,wall
utuh/wall_7086-39.jpg,0,utuh,test_wall,wall,wall_7086,W/UW/7086-39.jpg,"[0, 0, 256, 256]",1.0,sdnet_tile,wall
utuh/wall_7086-40.jpg,0,utuh,test_wall,wall,wall_7086,W/UW/7086-40.jpg,"[0, 0, 256, 256]",1.0,sdnet_tile,wall
utuh/wall_7086-42.jpg,0,utuh,test_wall,wall,wall_7086,W/UW/7086-42.jpg,"[0, 0, 256, 256]",1.0,sdnet_tile,wall
utuh/wall_7086-56.jpg,0,utuh,test_wall,wall,wall_7086,W/UW/7086-56.jpg,"[0, 0, 256, 256]",1.0,sdnet_tile,wall
utuh/wall_7086-6.jpg,0,utuh,test_wall,wall,wall_7086,W/UW/7086-6.jpg,"[0, 0, 256, 256]",1.0,sdnet_tile,wall
utuh/wall_7086-72.jpg,0,utuh,test_wall,wall,wall_7086,W/UW/7086-72.jpg,"[0, 0, 256, 256]",1.0,sdnet_tile,wall
utuh/wall_7086-74.jpg,0,utuh,test_wall,wall,wall_7086,W/UW/7086-74.jpg,"[0, 0, 256, 256]",1.0,sdnet_tile,wall
utuh/wall_7086-75.jpg,0,utuh,test_wall,wall,wall_7086,W/UW/7086-75.jpg,"[0, 0, 256, 256]",1.0,sdnet_tile,wall
utuh/wall_7086-76.jpg,0,utuh,test_wall,wall,wall_7086,W/UW/7086-76.jpg,"[0, 0, 256, 256]",1.0,sdnet_tile,wall
utuh/wall_7087-104.jpg,0,utuh,test_wall,wall,wall_7087,W/UW/7087-104.jpg,"[0, 0, 256, 256]",1.0,sdnet_tile,wall
utuh/wall_7087-110.jpg,0,utuh,test_wall,wall,wall_7087,W/UW/7087-110.jpg,"[0, 0, 256, 256]",1.0,sdnet_tile,wall
utuh/wall_7087-128.jpg,0,utuh,test_wall,wall,wall_7087,W/UW/7087-128.jpg,"[0, 0, 256, 256]",1.0,sdnet_tile,wall
utuh/wall_7087-131.jpg,0,utuh,test_wall,wall,wall_7087,W/UW/7087-131.jpg,"[0, 0, 256, 256]",1.0,sdnet_tile,wall
utuh/wall_7087-133.jpg,0,utuh,test_wall,wall,wall_7087,W/UW/7087-133.jpg,"[0, 0, 256, 256]",1.0,sdnet_tile,wall
utuh/wall_7087-142.jpg,0,utuh,test_wall,wall,wall_7087,W/UW/7087-142.jpg,"[0, 0, 256, 256]",1.0,sdnet_tile,wall
utuh/wall_7087-144.jpg,0,utuh,test_wall,wall,wall_7087,W/UW/7087-144.jpg,"[0, 0, 256, 256]",1.0,sdnet_tile,wall
utuh/wall_7087-15.jpg,0,utuh,test_wall,wall,wall_7087,W/UW/7087-15.jpg,"[0, 0, 256, 256]",1.0,sdnet_tile,wall
utuh/wall_7087-165.jpg,0,utuh,test_wall,wall,wall_7087,W/UW/7087-165.jpg,"[0, 0, 256, 256]",1.0,sdnet_tile,wall
utuh/wall_7087-175.jpg,0,utuh,test_wall,wall,wall_7087,W/UW/7087-175.jpg,"[0, 0, 256, 256]",1.0,sdnet_tile,wall
utuh/wall_7087-18.jpg,0,utuh,test_wall,wall,wall_7087,W/UW/7087-18.jpg,"[0, 0, 256, 256]",1.0,sdnet_tile,wall
utuh/wall_7087-19.jpg,0,utuh,test_wall,wall,wall_7087,W/UW/7087-19.jpg,"[0, 0, 256, 256]",1.0,sdnet_tile,wall
utuh/wall_7087-195.jpg,0,utuh,test_wall,wall,wall_7087,W/UW/7087-195.jpg,"[0, 0, 256, 256]",1.0,sdnet_tile,wall
utuh/wall_7087-198.jpg,0,utuh,test_wall,wall,wall_7087,W/UW/7087-198.jpg,"[0, 0, 256, 256]",1.0,sdnet_tile,wall
utuh/wall_7087-205.jpg,0,utuh,test_wall,wall,wall_7087,W/UW/7087-205.jpg,"[0, 0, 256, 256]",1.0,sdnet_tile,wall
utuh/wall_7087-207.jpg,0,utuh,test_wall,wall,wall_7087,W/UW/7087-207.jpg,"[0, 0, 256, 256]",1.0,sdnet_tile,wall
utuh/wall_7087-21.jpg,0,utuh,test_wall,wall,wall_7087,W/UW/7087-21.jpg,"[0, 0, 256, 256]",1.0,sdnet_tile,wall
utuh/wall_7087-213.jpg,0,utuh,test_wall,wall,wall_7087,W/UW/7087-213.jpg,"[0, 0, 256, 256]",1.0,sdnet_tile,wall
utuh/wall_7087-216.jpg,0,utuh,test_wall,wall,wall_7087,W/UW/7087-216.jpg,"[0, 0, 256, 256]",1.0,sdnet_tile,wall
utuh/wall_7087-217.jpg,0,utuh,test_wall,wall,wall_7087,W/UW/7087-217.jpg,"[0, 0, 256, 256]",1.0,sdnet_tile,wall
utuh/wall_7087-218.jpg,0,utuh,test_wall,wall,wall_7087,W/UW/7087-218.jpg,"[0, 0, 256, 256]",1.0,sdnet_tile,wall
utuh/wall_7087-220.jpg,0,utuh,test_wall,wall,wall_7087,W/UW/7087-220.jpg,"[0, 0, 256, 256]",1.0,sdnet_tile,wall
utuh/wall_7087-224.jpg,0,utuh,test_wall,wall,wall_7087,W/UW/7087-224.jpg,"[0, 0, 256, 256]",1.0,sdnet_tile,wall
utuh/wall_7087-235.jpg,0,utuh,test_wall,wall,wall_7087,W/UW/7087-235.jpg,"[0, 0, 256, 256]",1.0,sdnet_tile,wall
utuh/wall_7087-248.jpg,0,utuh,test_wall,wall,wall_7087,W/UW/7087-248.jpg,"[0, 0, 256, 256]",1.0,sdnet_tile,wall
utuh/wall_7087-56.jpg,0,utuh,test_wall,wall,wall_7087,W/UW/7087-56.jpg,"[0, 0, 256, 256]",1.0,sdnet_tile,wall
utuh/wall_7087-64.jpg,0,utuh,test_wall,wall,wall_7087,W/UW/7087-64.jpg,"[0, 0, 256, 256]",1.0,sdnet_tile,wall
utuh/wall_7087-74.jpg,0,utuh,test_wall,wall,wall_7087,W/UW/7087-74.jpg,"[0, 0, 256, 256]",1.0,sdnet_tile,wall
utuh/wall_7087-76.jpg,0,utuh,test_wall,wall,wall_7087,W/UW/7087-76.jpg,"[0, 0, 256, 256]",1.0,sdnet_tile,wall
utuh/wall_7087-79.jpg,0,utuh,test_wall,wall,wall_7087,W/UW/7087-79.jpg,"[0, 0, 256, 256]",1.0,sdnet_tile,wall
utuh/wall_7087-93.jpg,0,utuh,test_wall,wall,wall_7087,W/UW/7087-93.jpg,"[0, 0, 256, 256]",1.0,sdnet_tile,wall
utuh/wall_7087-94.jpg,0,utuh,test_wall,wall,wall_7087,W/UW/7087-94.jpg,"[0, 0, 256, 256]",1.0,sdnet_tile,wall
utuh/wall_7087-95.jpg,0,utuh,test_wall,wall,wall_7087,W/UW/7087-95.jpg,"[0, 0, 256, 256]",1.0,sdnet_tile,wall
utuh/wall_7087-98.jpg,0,utuh,test_wall,wall,wall_7087,W/UW/7087-98.jpg,"[0, 0, 256, 256]",1.0,sdnet_tile,wall
utuh/wall_7088-104.jpg,0,utuh,test_wall,wall,wall_7088,W/UW/7088-104.jpg,"[0, 0, 256, 256]",1.0,sdnet_tile,wall
utuh/wall_7088-105.jpg,0,utuh,test_wall,wall,wall_7088,W/UW/7088-105.jpg,"[0, 0, 256, 256]",1.0,sdnet_tile,wall
utuh/wall_7088-110.jpg,0,utuh,test_wall,wall,wall_7088,W/UW/7088-110.jpg,"[0, 0, 256, 256]",1.0,sdnet_tile,wall
utuh/wall_7088-112.jpg,0,utuh,test_wall,wall,wall_7088,W/UW/7088-112.jpg,"[0, 0, 256, 256]",1.0,sdnet_tile,wall
utuh/wall_7088-125.jpg,0,utuh,test_wall,wall,wall_7088,W/UW/7088-125.jpg,"[0, 0, 256, 256]",1.0,sdnet_tile,wall
utuh/wall_7088-127.jpg,0,utuh,test_wall,wall,wall_7088,W/UW/7088-127.jpg,"[0, 0, 256, 256]",1.0,sdnet_tile,wall
utuh/wall_7088-132.jpg,0,utuh,test_wall,wall,wall_7088,W/UW/7088-132.jpg,"[0, 0, 256, 256]",1.0,sdnet_tile,wall
utuh/wall_7088-16.jpg,0,utuh,test_wall,wall,wall_7088,W/UW/7088-16.jpg,"[0, 0, 256, 256]",1.0,sdnet_tile,wall
utuh/wall_7088-168.jpg,0,utuh,test_wall,wall,wall_7088,W/UW/7088-168.jpg,"[0, 0, 256, 256]",1.0,sdnet_tile,wall
utuh/wall_7088-169.jpg,0,utuh,test_wall,wall,wall_7088,W/UW/7088-169.jpg,"[0, 0, 256, 256]",1.0,sdnet_tile,wall
utuh/wall_7088-185.jpg,0,utuh,test_wall,wall,wall_7088,W/UW/7088-185.jpg,"[0, 0, 256, 256]",1.0,sdnet_tile,wall
utuh/wall_7088-190.jpg,0,utuh,test_wall,wall,wall_7088,W/UW/7088-190.jpg,"[0, 0, 256, 256]",1.0,sdnet_tile,wall
utuh/wall_7088-194.jpg,0,utuh,test_wall,wall,wall_7088,W/UW/7088-194.jpg,"[0, 0, 256, 256]",1.0,sdnet_tile,wall
utuh/wall_7088-202.jpg,0,utuh,test_wall,wall,wall_7088,W/UW/7088-202.jpg,"[0, 0, 256, 256]",1.0,sdnet_tile,wall
utuh/wall_7088-204.jpg,0,utuh,test_wall,wall,wall_7088,W/UW/7088-204.jpg,"[0, 0, 256, 256]",1.0,sdnet_tile,wall
utuh/wall_7088-218.jpg,0,utuh,test_wall,wall,wall_7088,W/UW/7088-218.jpg,"[0, 0, 256, 256]",1.0,sdnet_tile,wall
utuh/wall_7088-22.jpg,0,utuh,test_wall,wall,wall_7088,W/UW/7088-22.jpg,"[0, 0, 256, 256]",1.0,sdnet_tile,wall
utuh/wall_7088-227.jpg,0,utuh,test_wall,wall,wall_7088,W/UW/7088-227.jpg,"[0, 0, 256, 256]",1.0,sdnet_tile,wall
utuh/wall_7088-237.jpg,0,utuh,test_wall,wall,wall_7088,W/UW/7088-237.jpg,"[0, 0, 256, 256]",1.0,sdnet_tile,wall
utuh/wall_7088-239.jpg,0,utuh,test_wall,wall,wall_7088,W/UW/7088-239.jpg,"[0, 0, 256, 256]",1.0,sdnet_tile,wall
utuh/wall_7088-240.jpg,0,utuh,test_wall,wall,wall_7088,W/UW/7088-240.jpg,"[0, 0, 256, 256]",1.0,sdnet_tile,wall
utuh/wall_7088-245.jpg,0,utuh,test_wall,wall,wall_7088,W/UW/7088-245.jpg,"[0, 0, 256, 256]",1.0,sdnet_tile,wall
utuh/wall_7088-252.jpg,0,utuh,test_wall,wall,wall_7088,W/UW/7088-252.jpg,"[0, 0, 256, 256]",1.0,sdnet_tile,wall
utuh/wall_7088-37.jpg,0,utuh,test_wall,wall,wall_7088,W/UW/7088-37.jpg,"[0, 0, 256, 256]",1.0,sdnet_tile,wall
utuh/wall_7088-39.jpg,0,utuh,test_wall,wall,wall_7088,W/UW/7088-39.jpg,"[0, 0, 256, 256]",1.0,sdnet_tile,wall
utuh/wall_7088-51.jpg,0,utuh,test_wall,wall,wall_7088,W/UW/7088-51.jpg,"[0, 0, 256, 256]",1.0,sdnet_tile,wall
utuh/wall_7088-57.jpg,0,utuh,test_wall,wall,wall_7088,W/UW/7088-57.jpg,"[0, 0, 256, 256]",1.0,sdnet_tile,wall
utuh/wall_7088-58.jpg,0,utuh,test_wall,wall,wall_7088,W/UW/7088-58.jpg,"[0, 0, 256, 256]",1.0,sdnet_tile,wall
utuh/wall_7088-72.jpg,0,utuh,test_wall,wall,wall_7088,W/UW/7088-72.jpg,"[0, 0, 256, 256]",1.0,sdnet_tile,wall
utuh/wall_7088-90.jpg,0,utuh,test_wall,wall,wall_7088,W/UW/7088-90.jpg,"[0, 0, 256, 256]",1.0,sdnet_tile,wall
utuh/wall_7088-91.jpg,0,utuh,test_wall,wall,wall_7088,W/UW/7088-91.jpg,"[0, 0, 256, 256]",1.0,sdnet_tile,wall
utuh/wall_7088-92.jpg,0,utuh,test_wall,wall,wall_7088,W/UW/7088-92.jpg,"[0, 0, 256, 256]",1.0,sdnet_tile,wall
utuh/wall_7088-94.jpg,0,utuh,test_wall,wall,wall_7088,W/UW/7088-94.jpg,"[0, 0, 256, 256]",1.0,sdnet_tile,wall
utuh/wall_7088-97.jpg,0,utuh,test_wall,wall,wall_7088,W/UW/7088-97.jpg,"[0, 0, 256, 256]",1.0,sdnet_tile,wall
utuh/wall_7089-101.jpg,0,utuh,test_wall,wall,wall_7089,W/UW/7089-101.jpg,"[0, 0, 256, 256]",1.0,sdnet_tile,wall
utuh/wall_7089-105.jpg,0,utuh,test_wall,wall,wall_7089,W/UW/7089-105.jpg,"[0, 0, 256, 256]",1.0,sdnet_tile,wall
utuh/wall_7089-108.jpg,0,utuh,test_wall,wall,wall_7089,W/UW/7089-108.jpg,"[0, 0, 256, 256]",1.0,sdnet_tile,wall
utuh/wall_7089-109.jpg,0,utuh,test_wall,wall,wall_7089,W/UW/7089-109.jpg,"[0, 0, 256, 256]",1.0,sdnet_tile,wall
utuh/wall_7089-12.jpg,0,utuh,test_wall,wall,wall_7089,W/UW/7089-12.jpg,"[0, 0, 256, 256]",1.0,sdnet_tile,wall
utuh/wall_7089-120.jpg,0,utuh,test_wall,wall,wall_7089,W/UW/7089-120.jpg,"[0, 0, 256, 256]",1.0,sdnet_tile,wall
utuh/wall_7089-123.jpg,0,utuh,test_wall,wall,wall_7089,W/UW/7089-123.jpg,"[0, 0, 256, 256]",1.0,sdnet_tile,wall
utuh/wall_7089-126.jpg,0,utuh,test_wall,wall,wall_7089,W/UW/7089-126.jpg,"[0, 0, 256, 256]",1.0,sdnet_tile,wall
utuh/wall_7089-134.jpg,0,utuh,test_wall,wall,wall_7089,W/UW/7089-134.jpg,"[0, 0, 256, 256]",1.0,sdnet_tile,wall
utuh/wall_7089-151.jpg,0,utuh,test_wall,wall,wall_7089,W/UW/7089-151.jpg,"[0, 0, 256, 256]",1.0,sdnet_tile,wall
utuh/wall_7089-163.jpg,0,utuh,test_wall,wall,wall_7089,W/UW/7089-163.jpg,"[0, 0, 256, 256]",1.0,sdnet_tile,wall
utuh/wall_7089-168.jpg,0,utuh,test_wall,wall,wall_7089,W/UW/7089-168.jpg,"[0, 0, 256, 256]",1.0,sdnet_tile,wall
utuh/wall_7089-185.jpg,0,utuh,test_wall,wall,wall_7089,W/UW/7089-185.jpg,"[0, 0, 256, 256]",1.0,sdnet_tile,wall
utuh/wall_7089-191.jpg,0,utuh,test_wall,wall,wall_7089,W/UW/7089-191.jpg,"[0, 0, 256, 256]",1.0,sdnet_tile,wall
utuh/wall_7089-202.jpg,0,utuh,test_wall,wall,wall_7089,W/UW/7089-202.jpg,"[0, 0, 256, 256]",1.0,sdnet_tile,wall
utuh/wall_7089-216.jpg,0,utuh,test_wall,wall,wall_7089,W/UW/7089-216.jpg,"[0, 0, 256, 256]",1.0,sdnet_tile,wall
utuh/wall_7089-223.jpg,0,utuh,test_wall,wall,wall_7089,W/UW/7089-223.jpg,"[0, 0, 256, 256]",1.0,sdnet_tile,wall
utuh/wall_7089-232.jpg,0,utuh,test_wall,wall,wall_7089,W/UW/7089-232.jpg,"[0, 0, 256, 256]",1.0,sdnet_tile,wall
utuh/wall_7089-238.jpg,0,utuh,test_wall,wall,wall_7089,W/UW/7089-238.jpg,"[0, 0, 256, 256]",1.0,sdnet_tile,wall
utuh/wall_7089-239.jpg,0,utuh,test_wall,wall,wall_7089,W/UW/7089-239.jpg,"[0, 0, 256, 256]",1.0,sdnet_tile,wall
utuh/wall_7089-244.jpg,0,utuh,test_wall,wall,wall_7089,W/UW/7089-244.jpg,"[0, 0, 256, 256]",1.0,sdnet_tile,wall
utuh/wall_7089-252.jpg,0,utuh,test_wall,wall,wall_7089,W/UW/7089-252.jpg,"[0, 0, 256, 256]",1.0,sdnet_tile,wall
utuh/wall_7089-3.jpg,0,utuh,test_wall,wall,wall_7089,W/UW/7089-3.jpg,"[0, 0, 256, 256]",1.0,sdnet_tile,wall
utuh/wall_7089-4.jpg,0,utuh,test_wall,wall,wall_7089,W/UW/7089-4.jpg,"[0, 0, 256, 256]",1.0,sdnet_tile,wall
utuh/wall_7089-42.jpg,0,utuh,test_wall,wall,wall_7089,W/UW/7089-42.jpg,"[0, 0, 256, 256]",1.0,sdnet_tile,wall
utuh/wall_7089-48.jpg,0,utuh,test_wall,wall,wall_7089,W/UW/7089-48.jpg,"[0, 0, 256, 256]",1.0,sdnet_tile,wall
utuh/wall_7089-52.jpg,0,utuh,test_wall,wall,wall_7089,W/UW/7089-52.jpg,"[0, 0, 256, 256]",1.0,sdnet_tile,wall
utuh/wall_7089-60.jpg,0,utuh,test_wall,wall,wall_7089,W/UW/7089-60.jpg,"[0, 0, 256, 256]",1.0,sdnet_tile,wall
utuh/wall_7089-61.jpg,0,utuh,test_wall,wall,wall_7089,W/UW/7089-61.jpg,"[0, 0, 256, 256]",1.0,sdnet_tile,wall
utuh/wall_7089-63.jpg,0,utuh,test_wall,wall,wall_7089,W/UW/7089-63.jpg,"[0, 0, 256, 256]",1.0,sdnet_tile,wall
utuh/wall_7089-66.jpg,0,utuh,test_wall,wall,wall_7089,W/UW/7089-66.jpg,"[0, 0, 256, 256]",1.0,sdnet_tile,wall
utuh/wall_7089-69.jpg,0,utuh,test_wall,wall,wall_7089,W/UW/7089-69.jpg,"[0, 0, 256, 256]",1.0,sdnet_tile,wall
utuh/wall_7089-83.jpg,0,utuh,test_wall,wall,wall_7089,W/UW/7089-83.jpg,"[0, 0, 256, 256]",1.0,sdnet_tile,wall
utuh/wall_7089-86.jpg,0,utuh,test_wall,wall,wall_7089,W/UW/7089-86.jpg,"[0, 0, 256, 256]",1.0,sdnet_tile,wall
utuh/wall_7090-100.jpg,0,utuh,test_wall,wall,wall_7090,W/UW/7090-100.jpg,"[0, 0, 256, 256]",1.0,sdnet_tile,wall
utuh/wall_7090-108.jpg,0,utuh,test_wall,wall,wall_7090,W/UW/7090-108.jpg,"[0, 0, 256, 256]",1.0,sdnet_tile,wall
utuh/wall_7090-111.jpg,0,utuh,test_wall,wall,wall_7090,W/UW/7090-111.jpg,"[0, 0, 256, 256]",1.0,sdnet_tile,wall
utuh/wall_7090-120.jpg,0,utuh,test_wall,wall,wall_7090,W/UW/7090-120.jpg,"[0, 0, 256, 256]",1.0,sdnet_tile,wall
utuh/wall_7090-123.jpg,0,utuh,test_wall,wall,wall_7090,W/UW/7090-123.jpg,"[0, 0, 256, 256]",1.0,sdnet_tile,wall
utuh/wall_7090-126.jpg,0,utuh,test_wall,wall,wall_7090,W/UW/7090-126.jpg,"[0, 0, 256, 256]",1.0,sdnet_tile,wall
utuh/wall_7090-145.jpg,0,utuh,test_wall,wall,wall_7090,W/UW/7090-145.jpg,"[0, 0, 256, 256]",1.0,sdnet_tile,wall
utuh/wall_7090-163.jpg,0,utuh,test_wall,wall,wall_7090,W/UW/7090-163.jpg,"[0, 0, 256, 256]",1.0,sdnet_tile,wall
utuh/wall_7090-164.jpg,0,utuh,test_wall,wall,wall_7090,W/UW/7090-164.jpg,"[0, 0, 256, 256]",1.0,sdnet_tile,wall
utuh/wall_7090-165.jpg,0,utuh,test_wall,wall,wall_7090,W/UW/7090-165.jpg,"[0, 0, 256, 256]",1.0,sdnet_tile,wall
utuh/wall_7090-172.jpg,0,utuh,test_wall,wall,wall_7090,W/UW/7090-172.jpg,"[0, 0, 256, 256]",1.0,sdnet_tile,wall
utuh/wall_7090-199.jpg,0,utuh,test_wall,wall,wall_7090,W/UW/7090-199.jpg,"[0, 0, 256, 256]",1.0,sdnet_tile,wall
utuh/wall_7090-20.jpg,0,utuh,test_wall,wall,wall_7090,W/UW/7090-20.jpg,"[0, 0, 256, 256]",1.0,sdnet_tile,wall
utuh/wall_7090-213.jpg,0,utuh,test_wall,wall,wall_7090,W/UW/7090-213.jpg,"[0, 0, 256, 256]",1.0,sdnet_tile,wall
utuh/wall_7090-215.jpg,0,utuh,test_wall,wall,wall_7090,W/UW/7090-215.jpg,"[0, 0, 256, 256]",1.0,sdnet_tile,wall
utuh/wall_7090-216.jpg,0,utuh,test_wall,wall,wall_7090,W/UW/7090-216.jpg,"[0, 0, 256, 256]",1.0,sdnet_tile,wall
utuh/wall_7090-219.jpg,0,utuh,test_wall,wall,wall_7090,W/UW/7090-219.jpg,"[0, 0, 256, 256]",1.0,sdnet_tile,wall
utuh/wall_7090-22.jpg,0,utuh,test_wall,wall,wall_7090,W/UW/7090-22.jpg,"[0, 0, 256, 256]",1.0,sdnet_tile,wall
utuh/wall_7090-221.jpg,0,utuh,test_wall,wall,wall_7090,W/UW/7090-221.jpg,"[0, 0, 256, 256]",1.0,sdnet_tile,wall
utuh/wall_7090-225.jpg,0,utuh,test_wall,wall,wall_7090,W/UW/7090-225.jpg,"[0, 0, 256, 256]",1.0,sdnet_tile,wall
utuh/wall_7090-233.jpg,0,utuh,test_wall,wall,wall_7090,W/UW/7090-233.jpg,"[0, 0, 256, 256]",1.0,sdnet_tile,wall
utuh/wall_7090-243.jpg,0,utuh,test_wall,wall,wall_7090,W/UW/7090-243.jpg,"[0, 0, 256, 256]",1.0,sdnet_tile,wall
utuh/wall_7090-248.jpg,0,utuh,test_wall,wall,wall_7090,W/UW/7090-248.jpg,"[0, 0, 256, 256]",1.0,sdnet_tile,wall
utuh/wall_7090-249.jpg,0,utuh,test_wall,wall,wall_7090,W/UW/7090-249.jpg,"[0, 0, 256, 256]",1.0,sdnet_tile,wall
utuh/wall_7090-250.jpg,0,utuh,test_wall,wall,wall_7090,W/UW/7090-250.jpg,"[0, 0, 256, 256]",1.0,sdnet_tile,wall
utuh/wall_7090-251.jpg,0,utuh,test_wall,wall,wall_7090,W/UW/7090-251.jpg,"[0, 0, 256, 256]",1.0,sdnet_tile,wall
utuh/wall_7090-30.jpg,0,utuh,test_wall,wall,wall_7090,W/UW/7090-30.jpg,"[0, 0, 256, 256]",1.0,sdnet_tile,wall
utuh/wall_7090-67.jpg,0,utuh,test_wall,wall,wall_7090,W/UW/7090-67.jpg,"[0, 0, 256, 256]",1.0,sdnet_tile,wall
utuh/wall_7090-69.jpg,0,utuh,test_wall,wall,wall_7090,W/UW/7090-69.jpg,"[0, 0, 256, 256]",1.0,sdnet_tile,wall
utuh/wall_7090-70.jpg,0,utuh,test_wall,wall,wall_7090,W/UW/7090-70.jpg,"[0, 0, 256, 256]",1.0,sdnet_tile,wall
utuh/wall_7090-74.jpg,0,utuh,test_wall,wall,wall_7090,W/UW/7090-74.jpg,"[0, 0, 256, 256]",1.0,sdnet_tile,wall
utuh/wall_7090-84.jpg,0,utuh,test_wall,wall,wall_7090,W/UW/7090-84.jpg,"[0, 0, 256, 256]",1.0,sdnet_tile,wall
utuh/wall_7090-94.jpg,0,utuh,test_wall,wall,wall_7090,W/UW/7090-94.jpg,"[0, 0, 256, 256]",1.0,sdnet_tile,wall
utuh/wall_7090-96.jpg,0,utuh,test_wall,wall,wall_7090,W/UW/7090-96.jpg,"[0, 0, 256, 256]",1.0,sdnet_tile,wall
utuh/wall_7091-101.jpg,0,utuh,test_wall,wall,wall_7091,W/UW/7091-101.jpg,"[0, 0, 256, 256]",1.0,sdnet_tile,wall
utuh/wall_7091-107.jpg,0,utuh,test_wall,wall,wall_7091,W/UW/7091-107.jpg,"[0, 0, 256, 256]",1.0,sdnet_tile,wall
utuh/wall_7091-122.jpg,0,utuh,test_wall,wall,wall_7091,W/UW/7091-122.jpg,"[0, 0, 256, 256]",1.0,sdnet_tile,wall
utuh/wall_7091-123.jpg,0,utuh,test_wall,wall,wall_7091,W/UW/7091-123.jpg,"[0, 0, 256, 256]",1.0,sdnet_tile,wall
utuh/wall_7091-126.jpg,0,utuh,test_wall,wall,wall_7091,W/UW/7091-126.jpg,"[0, 0, 256, 256]",1.0,sdnet_tile,wall
utuh/wall_7091-127.jpg,0,utuh,test_wall,wall,wall_7091,W/UW/7091-127.jpg,"[0, 0, 256, 256]",1.0,sdnet_tile,wall
utuh/wall_7091-147.jpg,0,utuh,test_wall,wall,wall_7091,W/UW/7091-147.jpg,"[0, 0, 256, 256]",1.0,sdnet_tile,wall
utuh/wall_7091-149.jpg,0,utuh,test_wall,wall,wall_7091,W/UW/7091-149.jpg,"[0, 0, 256, 256]",1.0,sdnet_tile,wall
utuh/wall_7091-152.jpg,0,utuh,test_wall,wall,wall_7091,W/UW/7091-152.jpg,"[0, 0, 256, 256]",1.0,sdnet_tile,wall
utuh/wall_7091-153.jpg,0,utuh,test_wall,wall,wall_7091,W/UW/7091-153.jpg,"[0, 0, 256, 256]",1.0,sdnet_tile,wall
utuh/wall_7091-155.jpg,0,utuh,test_wall,wall,wall_7091,W/UW/7091-155.jpg,"[0, 0, 256, 256]",1.0,sdnet_tile,wall
utuh/wall_7091-16.jpg,0,utuh,test_wall,wall,wall_7091,W/UW/7091-16.jpg,"[0, 0, 256, 256]",1.0,sdnet_tile,wall
utuh/wall_7091-199.jpg,0,utuh,test_wall,wall,wall_7091,W/UW/7091-199.jpg,"[0, 0, 256, 256]",1.0,sdnet_tile,wall
utuh/wall_7091-209.jpg,0,utuh,test_wall,wall,wall_7091,W/UW/7091-209.jpg,"[0, 0, 256, 256]",1.0,sdnet_tile,wall
utuh/wall_7091-218.jpg,0,utuh,test_wall,wall,wall_7091,W/UW/7091-218.jpg,"[0, 0, 256, 256]",1.0,sdnet_tile,wall
utuh/wall_7091-221.jpg,0,utuh,test_wall,wall,wall_7091,W/UW/7091-221.jpg,"[0, 0, 256, 256]",1.0,sdnet_tile,wall
utuh/wall_7091-224.jpg,0,utuh,test_wall,wall,wall_7091,W/UW/7091-224.jpg,"[0, 0, 256, 256]",1.0,sdnet_tile,wall
utuh/wall_7091-232.jpg,0,utuh,test_wall,wall,wall_7091,W/UW/7091-232.jpg,"[0, 0, 256, 256]",1.0,sdnet_tile,wall
utuh/wall_7091-244.jpg,0,utuh,test_wall,wall,wall_7091,W/UW/7091-244.jpg,"[0, 0, 256, 256]",1.0,sdnet_tile,wall
utuh/wall_7091-247.jpg,0,utuh,test_wall,wall,wall_7091,W/UW/7091-247.jpg,"[0, 0, 256, 256]",1.0,sdnet_tile,wall
utuh/wall_7091-3.jpg,0,utuh,test_wall,wall,wall_7091,W/UW/7091-3.jpg,"[0, 0, 256, 256]",1.0,sdnet_tile,wall
utuh/wall_7091-39.jpg,0,utuh,test_wall,wall,wall_7091,W/UW/7091-39.jpg,"[0, 0, 256, 256]",1.0,sdnet_tile,wall
utuh/wall_7091-40.jpg,0,utuh,test_wall,wall,wall_7091,W/UW/7091-40.jpg,"[0, 0, 256, 256]",1.0,sdnet_tile,wall
utuh/wall_7091-44.jpg,0,utuh,test_wall,wall,wall_7091,W/UW/7091-44.jpg,"[0, 0, 256, 256]",1.0,sdnet_tile,wall
utuh/wall_7091-46.jpg,0,utuh,test_wall,wall,wall_7091,W/UW/7091-46.jpg,"[0, 0, 256, 256]",1.0,sdnet_tile,wall
utuh/wall_7091-50.jpg,0,utuh,test_wall,wall,wall_7091,W/UW/7091-50.jpg,"[0, 0, 256, 256]",1.0,sdnet_tile,wall
utuh/wall_7091-72.jpg,0,utuh,test_wall,wall,wall_7091,W/UW/7091-72.jpg,"[0, 0, 256, 256]",1.0,sdnet_tile,wall
utuh/wall_7091-73.jpg,0,utuh,test_wall,wall,wall_7091,W/UW/7091-73.jpg,"[0, 0, 256, 256]",1.0,sdnet_tile,wall
utuh/wall_7091-77.jpg,0,utuh,test_wall,wall,wall_7091,W/UW/7091-77.jpg,"[0, 0, 256, 256]",1.0,sdnet_tile,wall
utuh/wall_7091-84.jpg,0,utuh,test_wall,wall,wall_7091,W/UW/7091-84.jpg,"[0, 0, 256, 256]",1.0,sdnet_tile,wall
utuh/wall_7091-88.jpg,0,utuh,test_wall,wall,wall_7091,W/UW/7091-88.jpg,"[0, 0, 256, 256]",1.0,sdnet_tile,wall
utuh/wall_7091-89.jpg,0,utuh,test_wall,wall,wall_7091,W/UW/7091-89.jpg,"[0, 0, 256, 256]",1.0,sdnet_tile,wall
utuh/wall_7091-92.jpg,0,utuh,test_wall,wall,wall_7091,W/UW/7091-92.jpg,"[0, 0, 256, 256]",1.0,sdnet_tile,wall
utuh/wall_7091-97.jpg,0,utuh,test_wall,wall,wall_7091,W/UW/7091-97.jpg,"[0, 0, 256, 256]",1.0,sdnet_tile,wall
utuh/wall_7092-1.jpg,0,utuh,test_wall,wall,wall_7092,W/UW/7092-1.jpg,"[0, 0, 256, 256]",1.0,sdnet_tile,wall
utuh/wall_7092-100.jpg,0,utuh,test_wall,wall,wall_7092,W/UW/7092-100.jpg,"[0, 0, 256, 256]",1.0,sdnet_tile,wall
utuh/wall_7092-11.jpg,0,utuh,test_wall,wall,wall_7092,W/UW/7092-11.jpg,"[0, 0, 256, 256]",1.0,sdnet_tile,wall
utuh/wall_7092-111.jpg,0,utuh,test_wall,wall,wall_7092,W/UW/7092-111.jpg,"[0, 0, 256, 256]",1.0,sdnet_tile,wall
utuh/wall_7092-15.jpg,0,utuh,test_wall,wall,wall_7092,W/UW/7092-15.jpg,"[0, 0, 256, 256]",1.0,sdnet_tile,wall
utuh/wall_7092-161.jpg,0,utuh,test_wall,wall,wall_7092,W/UW/7092-161.jpg,"[0, 0, 256, 256]",1.0,sdnet_tile,wall
utuh/wall_7092-162.jpg,0,utuh,test_wall,wall,wall_7092,W/UW/7092-162.jpg,"[0, 0, 256, 256]",1.0,sdnet_tile,wall
utuh/wall_7092-17.jpg,0,utuh,test_wall,wall,wall_7092,W/UW/7092-17.jpg,"[0, 0, 256, 256]",1.0,sdnet_tile,wall
utuh/wall_7092-179.jpg,0,utuh,test_wall,wall,wall_7092,W/UW/7092-179.jpg,"[0, 0, 256, 256]",1.0,sdnet_tile,wall
utuh/wall_7092-18.jpg,0,utuh,test_wall,wall,wall_7092,W/UW/7092-18.jpg,"[0, 0, 256, 256]",1.0,sdnet_tile,wall
utuh/wall_7092-180.jpg,0,utuh,test_wall,wall,wall_7092,W/UW/7092-180.jpg,"[0, 0, 256, 256]",1.0,sdnet_tile,wall
utuh/wall_7092-197.jpg,0,utuh,test_wall,wall,wall_7092,W/UW/7092-197.jpg,"[0, 0, 256, 256]",1.0,sdnet_tile,wall
utuh/wall_7092-20.jpg,0,utuh,test_wall,wall,wall_7092,W/UW/7092-20.jpg,"[0, 0, 256, 256]",1.0,sdnet_tile,wall
utuh/wall_7092-208.jpg,0,utuh,test_wall,wall,wall_7092,W/UW/7092-208.jpg,"[0, 0, 256, 256]",1.0,sdnet_tile,wall
utuh/wall_7092-213.jpg,0,utuh,test_wall,wall,wall_7092,W/UW/7092-213.jpg,"[0, 0, 256, 256]",1.0,sdnet_tile,wall
utuh/wall_7092-214.jpg,0,utuh,test_wall,wall,wall_7092,W/UW/7092-214.jpg,"[0, 0, 256, 256]",1.0,sdnet_tile,wall
utuh/wall_7092-239.jpg,0,utuh,test_wall,wall,wall_7092,W/UW/7092-239.jpg,"[0, 0, 256, 256]",1.0,sdnet_tile,wall
utuh/wall_7092-24.jpg,0,utuh,test_wall,wall,wall_7092,W/UW/7092-24.jpg,"[0, 0, 256, 256]",1.0,sdnet_tile,wall
utuh/wall_7092-244.jpg,0,utuh,test_wall,wall,wall_7092,W/UW/7092-244.jpg,"[0, 0, 256, 256]",1.0,sdnet_tile,wall
utuh/wall_7092-245.jpg,0,utuh,test_wall,wall,wall_7092,W/UW/7092-245.jpg,"[0, 0, 256, 256]",1.0,sdnet_tile,wall
utuh/wall_7092-38.jpg,0,utuh,test_wall,wall,wall_7092,W/UW/7092-38.jpg,"[0, 0, 256, 256]",1.0,sdnet_tile,wall
utuh/wall_7092-43.jpg,0,utuh,test_wall,wall,wall_7092,W/UW/7092-43.jpg,"[0, 0, 256, 256]",1.0,sdnet_tile,wall
utuh/wall_7092-61.jpg,0,utuh,test_wall,wall,wall_7092,W/UW/7092-61.jpg,"[0, 0, 256, 256]",1.0,sdnet_tile,wall
utuh/wall_7092-64.jpg,0,utuh,test_wall,wall,wall_7092,W/UW/7092-64.jpg,"[0, 0, 256, 256]",1.0,sdnet_tile,wall
utuh/wall_7092-7.jpg,0,utuh,test_wall,wall,wall_7092,W/UW/7092-7.jpg,"[0, 0, 256, 256]",1.0,sdnet_tile,wall
utuh/wall_7092-70.jpg,0,utuh,test_wall,wall,wall_7092,W/UW/7092-70.jpg,"[0, 0, 256, 256]",1.0,sdnet_tile,wall
utuh/wall_7092-73.jpg,0,utuh,test_wall,wall,wall_7092,W/UW/7092-73.jpg,"[0, 0, 256, 256]",1.0,sdnet_tile,wall
utuh/wall_7092-75.jpg,0,utuh,test_wall,wall,wall_7092,W/UW/7092-75.jpg,"[0, 0, 256, 256]",1.0,sdnet_tile,wall
utuh/wall_7092-77.jpg,0,utuh,test_wall,wall,wall_7092,W/UW/7092-77.jpg,"[0, 0, 256, 256]",1.0,sdnet_tile,wall
utuh/wall_7092-80.jpg,0,utuh,test_wall,wall,wall_7092,W/UW/7092-80.jpg,"[0, 0, 256, 256]",1.0,sdnet_tile,wall
utuh/wall_7092-91.jpg,0,utuh,test_wall,wall,wall_7092,W/UW/7092-91.jpg,"[0, 0, 256, 256]",1.0,sdnet_tile,wall
utuh/wall_7092-93.jpg,0,utuh,test_wall,wall,wall_7092,W/UW/7092-93.jpg,"[0, 0, 256, 256]",1.0,sdnet_tile,wall
utuh/wall_7092-96.jpg,0,utuh,test_wall,wall,wall_7092,W/UW/7092-96.jpg,"[0, 0, 256, 256]",1.0,sdnet_tile,wall
utuh/wall_7092-98.jpg,0,utuh,test_wall,wall,wall_7092,W/UW/7092-98.jpg,"[0, 0, 256, 256]",1.0,sdnet_tile,wall
utuh/wall_7093-10.jpg,0,utuh,test_wall,wall,wall_7093,W/UW/7093-10.jpg,"[0, 0, 256, 256]",1.0,sdnet_tile,wall
utuh/wall_7093-114.jpg,0,utuh,test_wall,wall,wall_7093,W/UW/7093-114.jpg,"[0, 0, 256, 256]",1.0,sdnet_tile,wall
utuh/wall_7093-119.jpg,0,utuh,test_wall,wall,wall_7093,W/UW/7093-119.jpg,"[0, 0, 256, 256]",1.0,sdnet_tile,wall
utuh/wall_7093-120.jpg,0,utuh,test_wall,wall,wall_7093,W/UW/7093-120.jpg,"[0, 0, 256, 256]",1.0,sdnet_tile,wall
utuh/wall_7093-125.jpg,0,utuh,test_wall,wall,wall_7093,W/UW/7093-125.jpg,"[0, 0, 256, 256]",1.0,sdnet_tile,wall
utuh/wall_7093-126.jpg,0,utuh,test_wall,wall,wall_7093,W/UW/7093-126.jpg,"[0, 0, 256, 256]",1.0,sdnet_tile,wall
utuh/wall_7093-13.jpg,0,utuh,test_wall,wall,wall_7093,W/UW/7093-13.jpg,"[0, 0, 256, 256]",1.0,sdnet_tile,wall
utuh/wall_7093-133.jpg,0,utuh,test_wall,wall,wall_7093,W/UW/7093-133.jpg,"[0, 0, 256, 256]",1.0,sdnet_tile,wall
utuh/wall_7093-134.jpg,0,utuh,test_wall,wall,wall_7093,W/UW/7093-134.jpg,"[0, 0, 256, 256]",1.0,sdnet_tile,wall
utuh/wall_7093-136.jpg,0,utuh,test_wall,wall,wall_7093,W/UW/7093-136.jpg,"[0, 0, 256, 256]",1.0,sdnet_tile,wall
utuh/wall_7093-137.jpg,0,utuh,test_wall,wall,wall_7093,W/UW/7093-137.jpg,"[0, 0, 256, 256]",1.0,sdnet_tile,wall
utuh/wall_7093-139.jpg,0,utuh,test_wall,wall,wall_7093,W/UW/7093-139.jpg,"[0, 0, 256, 256]",1.0,sdnet_tile,wall
utuh/wall_7093-140.jpg,0,utuh,test_wall,wall,wall_7093,W/UW/7093-140.jpg,"[0, 0, 256, 256]",1.0,sdnet_tile,wall
utuh/wall_7093-142.jpg,0,utuh,test_wall,wall,wall_7093,W/UW/7093-142.jpg,"[0, 0, 256, 256]",1.0,sdnet_tile,wall
utuh/wall_7093-150.jpg,0,utuh,test_wall,wall,wall_7093,W/UW/7093-150.jpg,"[0, 0, 256, 256]",1.0,sdnet_tile,wall
utuh/wall_7093-160.jpg,0,utuh,test_wall,wall,wall_7093,W/UW/7093-160.jpg,"[0, 0, 256, 256]",1.0,sdnet_tile,wall
utuh/wall_7093-162.jpg,0,utuh,test_wall,wall,wall_7093,W/UW/7093-162.jpg,"[0, 0, 256, 256]",1.0,sdnet_tile,wall
utuh/wall_7093-164.jpg,0,utuh,test_wall,wall,wall_7093,W/UW/7093-164.jpg,"[0, 0, 256, 256]",1.0,sdnet_tile,wall
utuh/wall_7093-169.jpg,0,utuh,test_wall,wall,wall_7093,W/UW/7093-169.jpg,"[0, 0, 256, 256]",1.0,sdnet_tile,wall
utuh/wall_7093-175.jpg,0,utuh,test_wall,wall,wall_7093,W/UW/7093-175.jpg,"[0, 0, 256, 256]",1.0,sdnet_tile,wall
utuh/wall_7093-177.jpg,0,utuh,test_wall,wall,wall_7093,W/UW/7093-177.jpg,"[0, 0, 256, 256]",1.0,sdnet_tile,wall
utuh/wall_7093-179.jpg,0,utuh,test_wall,wall,wall_7093,W/UW/7093-179.jpg,"[0, 0, 256, 256]",1.0,sdnet_tile,wall
utuh/wall_7093-19.jpg,0,utuh,test_wall,wall,wall_7093,W/UW/7093-19.jpg,"[0, 0, 256, 256]",1.0,sdnet_tile,wall
utuh/wall_7093-196.jpg,0,utuh,test_wall,wall,wall_7093,W/UW/7093-196.jpg,"[0, 0, 256, 256]",1.0,sdnet_tile,wall
utuh/wall_7093-204.jpg,0,utuh,test_wall,wall,wall_7093,W/UW/7093-204.jpg,"[0, 0, 256, 256]",1.0,sdnet_tile,wall
utuh/wall_7093-243.jpg,0,utuh,test_wall,wall,wall_7093,W/UW/7093-243.jpg,"[0, 0, 256, 256]",1.0,sdnet_tile,wall
utuh/wall_7093-34.jpg,0,utuh,test_wall,wall,wall_7093,W/UW/7093-34.jpg,"[0, 0, 256, 256]",1.0,sdnet_tile,wall
utuh/wall_7093-36.jpg,0,utuh,test_wall,wall,wall_7093,W/UW/7093-36.jpg,"[0, 0, 256, 256]",1.0,sdnet_tile,wall
utuh/wall_7093-7.jpg,0,utuh,test_wall,wall,wall_7093,W/UW/7093-7.jpg,"[0, 0, 256, 256]",1.0,sdnet_tile,wall
utuh/wall_7093-70.jpg,0,utuh,test_wall,wall,wall_7093,W/UW/7093-70.jpg,"[0, 0, 256, 256]",1.0,sdnet_tile,wall
utuh/wall_7093-80.jpg,0,utuh,test_wall,wall,wall_7093,W/UW/7093-80.jpg,"[0, 0, 256, 256]",1.0,sdnet_tile,wall
utuh/wall_7093-83.jpg,0,utuh,test_wall,wall,wall_7093,W/UW/7093-83.jpg,"[0, 0, 256, 256]",1.0,sdnet_tile,wall
utuh/wall_7093-89.jpg,0,utuh,test_wall,wall,wall_7093,W/UW/7093-89.jpg,"[0, 0, 256, 256]",1.0,sdnet_tile,wall
utuh/wall_7094-108.jpg,0,utuh,test_wall,wall,wall_7094,W/UW/7094-108.jpg,"[0, 0, 256, 256]",1.0,sdnet_tile,wall
utuh/wall_7094-123.jpg,0,utuh,test_wall,wall,wall_7094,W/UW/7094-123.jpg,"[0, 0, 256, 256]",1.0,sdnet_tile,wall
utuh/wall_7094-140.jpg,0,utuh,test_wall,wall,wall_7094,W/UW/7094-140.jpg,"[0, 0, 256, 256]",1.0,sdnet_tile,wall
utuh/wall_7094-15.jpg,0,utuh,test_wall,wall,wall_7094,W/UW/7094-15.jpg,"[0, 0, 256, 256]",1.0,sdnet_tile,wall
utuh/wall_7094-158.jpg,0,utuh,test_wall,wall,wall_7094,W/UW/7094-158.jpg,"[0, 0, 256, 256]",1.0,sdnet_tile,wall
utuh/wall_7094-166.jpg,0,utuh,test_wall,wall,wall_7094,W/UW/7094-166.jpg,"[0, 0, 256, 256]",1.0,sdnet_tile,wall
utuh/wall_7094-181.jpg,0,utuh,test_wall,wall,wall_7094,W/UW/7094-181.jpg,"[0, 0, 256, 256]",1.0,sdnet_tile,wall
utuh/wall_7094-19.jpg,0,utuh,test_wall,wall,wall_7094,W/UW/7094-19.jpg,"[0, 0, 256, 256]",1.0,sdnet_tile,wall
utuh/wall_7094-197.jpg,0,utuh,test_wall,wall,wall_7094,W/UW/7094-197.jpg,"[0, 0, 256, 256]",1.0,sdnet_tile,wall
utuh/wall_7094-198.jpg,0,utuh,test_wall,wall,wall_7094,W/UW/7094-198.jpg,"[0, 0, 256, 256]",1.0,sdnet_tile,wall
utuh/wall_7094-2.jpg,0,utuh,test_wall,wall,wall_7094,W/UW/7094-2.jpg,"[0, 0, 256, 256]",1.0,sdnet_tile,wall
utuh/wall_7094-200.jpg,0,utuh,test_wall,wall,wall_7094,W/UW/7094-200.jpg,"[0, 0, 256, 256]",1.0,sdnet_tile,wall
utuh/wall_7094-205.jpg,0,utuh,test_wall,wall,wall_7094,W/UW/7094-205.jpg,"[0, 0, 256, 256]",1.0,sdnet_tile,wall
utuh/wall_7094-212.jpg,0,utuh,test_wall,wall,wall_7094,W/UW/7094-212.jpg,"[0, 0, 256, 256]",1.0,sdnet_tile,wall
utuh/wall_7094-215.jpg,0,utuh,test_wall,wall,wall_7094,W/UW/7094-215.jpg,"[0, 0, 256, 256]",1.0,sdnet_tile,wall
utuh/wall_7094-216.jpg,0,utuh,test_wall,wall,wall_7094,W/UW/7094-216.jpg,"[0, 0, 256, 256]",1.0,sdnet_tile,wall
utuh/wall_7094-227.jpg,0,utuh,test_wall,wall,wall_7094,W/UW/7094-227.jpg,"[0, 0, 256, 256]",1.0,sdnet_tile,wall
utuh/wall_7094-230.jpg,0,utuh,test_wall,wall,wall_7094,W/UW/7094-230.jpg,"[0, 0, 256, 256]",1.0,sdnet_tile,wall
utuh/wall_7094-235.jpg,0,utuh,test_wall,wall,wall_7094,W/UW/7094-235.jpg,"[0, 0, 256, 256]",1.0,sdnet_tile,wall
utuh/wall_7094-252.jpg,0,utuh,test_wall,wall,wall_7094,W/UW/7094-252.jpg,"[0, 0, 256, 256]",1.0,sdnet_tile,wall
utuh/wall_7094-35.jpg,0,utuh,test_wall,wall,wall_7094,W/UW/7094-35.jpg,"[0, 0, 256, 256]",1.0,sdnet_tile,wall
utuh/wall_7094-52.jpg,0,utuh,test_wall,wall,wall_7094,W/UW/7094-52.jpg,"[0, 0, 256, 256]",1.0,sdnet_tile,wall
utuh/wall_7094-55.jpg,0,utuh,test_wall,wall,wall_7094,W/UW/7094-55.jpg,"[0, 0, 256, 256]",1.0,sdnet_tile,wall
utuh/wall_7094-65.jpg,0,utuh,test_wall,wall,wall_7094,W/UW/7094-65.jpg,"[0, 0, 256, 256]",1.0,sdnet_tile,wall
utuh/wall_7094-72.jpg,0,utuh,test_wall,wall,wall_7094,W/UW/7094-72.jpg,"[0, 0, 256, 256]",1.0,sdnet_tile,wall
utuh/wall_7094-73.jpg,0,utuh,test_wall,wall,wall_7094,W/UW/7094-73.jpg,"[0, 0, 256, 256]",1.0,sdnet_tile,wall
utuh/wall_7094-75.jpg,0,utuh,test_wall,wall,wall_7094,W/UW/7094-75.jpg,"[0, 0, 256, 256]",1.0,sdnet_tile,wall
utuh/wall_7094-77.jpg,0,utuh,test_wall,wall,wall_7094,W/UW/7094-77.jpg,"[0, 0, 256, 256]",1.0,sdnet_tile,wall
utuh/wall_7094-79.jpg,0,utuh,test_wall,wall,wall_7094,W/UW/7094-79.jpg,"[0, 0, 256, 256]",1.0,sdnet_tile,wall
utuh/wall_7094-8.jpg,0,utuh,test_wall,wall,wall_7094,W/UW/7094-8.jpg,"[0, 0, 256, 256]",1.0,sdnet_tile,wall
utuh/wall_7094-88.jpg,0,utuh,test_wall,wall,wall_7094,W/UW/7094-88.jpg,"[0, 0, 256, 256]",1.0,sdnet_tile,wall
utuh/wall_7094-89.jpg,0,utuh,test_wall,wall,wall_7094,W/UW/7094-89.jpg,"[0, 0, 256, 256]",1.0,sdnet_tile,wall
utuh/wall_7094-99.jpg,0,utuh,test_wall,wall,wall_7094,W/UW/7094-99.jpg,"[0, 0, 256, 256]",1.0,sdnet_tile,wall
utuh/wall_7095-113.jpg,0,utuh,test_wall,wall,wall_7095,W/UW/7095-113.jpg,"[0, 0, 256, 256]",1.0,sdnet_tile,wall
utuh/wall_7095-122.jpg,0,utuh,test_wall,wall,wall_7095,W/UW/7095-122.jpg,"[0, 0, 256, 256]",1.0,sdnet_tile,wall
utuh/wall_7095-137.jpg,0,utuh,test_wall,wall,wall_7095,W/UW/7095-137.jpg,"[0, 0, 256, 256]",1.0,sdnet_tile,wall
utuh/wall_7095-14.jpg,0,utuh,test_wall,wall,wall_7095,W/UW/7095-14.jpg,"[0, 0, 256, 256]",1.0,sdnet_tile,wall
utuh/wall_7095-142.jpg,0,utuh,test_wall,wall,wall_7095,W/UW/7095-142.jpg,"[0, 0, 256, 256]",1.0,sdnet_tile,wall
utuh/wall_7095-15.jpg,0,utuh,test_wall,wall,wall_7095,W/UW/7095-15.jpg,"[0, 0, 256, 256]",1.0,sdnet_tile,wall
utuh/wall_7095-166.jpg,0,utuh,test_wall,wall,wall_7095,W/UW/7095-166.jpg,"[0, 0, 256, 256]",1.0,sdnet_tile,wall
utuh/wall_7095-167.jpg,0,utuh,test_wall,wall,wall_7095,W/UW/7095-167.jpg,"[0, 0, 256, 256]",1.0,sdnet_tile,wall
utuh/wall_7095-184.jpg,0,utuh,test_wall,wall,wall_7095,W/UW/7095-184.jpg,"[0, 0, 256, 256]",1.0,sdnet_tile,wall
utuh/wall_7095-19.jpg,0,utuh,test_wall,wall,wall_7095,W/UW/7095-19.jpg,"[0, 0, 256, 256]",1.0,sdnet_tile,wall
utuh/wall_7095-190.jpg,0,utuh,test_wall,wall,wall_7095,W/UW/7095-190.jpg,"[0, 0, 256, 256]",1.0,sdnet_tile,wall
utuh/wall_7095-193.jpg,0,utuh,test_wall,wall,wall_7095,W/UW/7095-193.jpg,"[0, 0, 256, 256]",1.0,sdnet_tile,wall
utuh/wall_7095-206.jpg,0,utuh,test_wall,wall,wall_7095,W/UW/7095-206.jpg,"[0, 0, 256, 256]",1.0,sdnet_tile,wall
utuh/wall_7095-21.jpg,0,utuh,test_wall,wall,wall_7095,W/UW/7095-21.jpg,"[0, 0, 256, 256]",1.0,sdnet_tile,wall
utuh/wall_7095-222.jpg,0,utuh,test_wall,wall,wall_7095,W/UW/7095-222.jpg,"[0, 0, 256, 256]",1.0,sdnet_tile,wall
utuh/wall_7095-24.jpg,0,utuh,test_wall,wall,wall_7095,W/UW/7095-24.jpg,"[0, 0, 256, 256]",1.0,sdnet_tile,wall
utuh/wall_7095-27.jpg,0,utuh,test_wall,wall,wall_7095,W/UW/7095-27.jpg,"[0, 0, 256, 256]",1.0,sdnet_tile,wall
utuh/wall_7095-28.jpg,0,utuh,test_wall,wall,wall_7095,W/UW/7095-28.jpg,"[0, 0, 256, 256]",1.0,sdnet_tile,wall
utuh/wall_7095-30.jpg,0,utuh,test_wall,wall,wall_7095,W/UW/7095-30.jpg,"[0, 0, 256, 256]",1.0,sdnet_tile,wall
utuh/wall_7095-36.jpg,0,utuh,test_wall,wall,wall_7095,W/UW/7095-36.jpg,"[0, 0, 256, 256]",1.0,sdnet_tile,wall
utuh/wall_7095-43.jpg,0,utuh,test_wall,wall,wall_7095,W/UW/7095-43.jpg,"[0, 0, 256, 256]",1.0,sdnet_tile,wall
utuh/wall_7095-5.jpg,0,utuh,test_wall,wall,wall_7095,W/UW/7095-5.jpg,"[0, 0, 256, 256]",1.0,sdnet_tile,wall
utuh/wall_7095-50.jpg,0,utuh,test_wall,wall,wall_7095,W/UW/7095-50.jpg,"[0, 0, 256, 256]",1.0,sdnet_tile,wall
utuh/wall_7095-54.jpg,0,utuh,test_wall,wall,wall_7095,W/UW/7095-54.jpg,"[0, 0, 256, 256]",1.0,sdnet_tile,wall
utuh/wall_7095-61.jpg,0,utuh,test_wall,wall,wall_7095,W/UW/7095-61.jpg,"[0, 0, 256, 256]",1.0,sdnet_tile,wall
utuh/wall_7095-74.jpg,0,utuh,test_wall,wall,wall_7095,W/UW/7095-74.jpg,"[0, 0, 256, 256]",1.0,sdnet_tile,wall
utuh/wall_7095-79.jpg,0,utuh,test_wall,wall,wall_7095,W/UW/7095-79.jpg,"[0, 0, 256, 256]",1.0,sdnet_tile,wall
utuh/wall_7095-85.jpg,0,utuh,test_wall,wall,wall_7095,W/UW/7095-85.jpg,"[0, 0, 256, 256]",1.0,sdnet_tile,wall
utuh/wall_7095-86.jpg,0,utuh,test_wall,wall,wall_7095,W/UW/7095-86.jpg,"[0, 0, 256, 256]",1.0,sdnet_tile,wall
utuh/wall_7095-90.jpg,0,utuh,test_wall,wall,wall_7095,W/UW/7095-90.jpg,"[0, 0, 256, 256]",1.0,sdnet_tile,wall
utuh/wall_7095-95.jpg,0,utuh,test_wall,wall,wall_7095,W/UW/7095-95.jpg,"[0, 0, 256, 256]",1.0,sdnet_tile,wall
utuh/wall_7095-97.jpg,0,utuh,test_wall,wall,wall_7095,W/UW/7095-97.jpg,"[0, 0, 256, 256]",1.0,sdnet_tile,wall
utuh/wall_7095-98.jpg,0,utuh,test_wall,wall,wall_7095,W/UW/7095-98.jpg,"[0, 0, 256, 256]",1.0,sdnet_tile,wall
utuh/wall_7096-10.jpg,0,utuh,test_wall,wall,wall_7096,W/UW/7096-10.jpg,"[0, 0, 256, 256]",1.0,sdnet_tile,wall
utuh/wall_7096-105.jpg,0,utuh,test_wall,wall,wall_7096,W/UW/7096-105.jpg,"[0, 0, 256, 256]",1.0,sdnet_tile,wall
utuh/wall_7096-118.jpg,0,utuh,test_wall,wall,wall_7096,W/UW/7096-118.jpg,"[0, 0, 256, 256]",1.0,sdnet_tile,wall
utuh/wall_7096-15.jpg,0,utuh,test_wall,wall,wall_7096,W/UW/7096-15.jpg,"[0, 0, 256, 256]",1.0,sdnet_tile,wall
utuh/wall_7096-169.jpg,0,utuh,test_wall,wall,wall_7096,W/UW/7096-169.jpg,"[0, 0, 256, 256]",1.0,sdnet_tile,wall
utuh/wall_7096-174.jpg,0,utuh,test_wall,wall,wall_7096,W/UW/7096-174.jpg,"[0, 0, 256, 256]",1.0,sdnet_tile,wall
utuh/wall_7096-178.jpg,0,utuh,test_wall,wall,wall_7096,W/UW/7096-178.jpg,"[0, 0, 256, 256]",1.0,sdnet_tile,wall
utuh/wall_7096-179.jpg,0,utuh,test_wall,wall,wall_7096,W/UW/7096-179.jpg,"[0, 0, 256, 256]",1.0,sdnet_tile,wall
utuh/wall_7096-182.jpg,0,utuh,test_wall,wall,wall_7096,W/UW/7096-182.jpg,"[0, 0, 256, 256]",1.0,sdnet_tile,wall
utuh/wall_7096-187.jpg,0,utuh,test_wall,wall,wall_7096,W/UW/7096-187.jpg,"[0, 0, 256, 256]",1.0,sdnet_tile,wall
utuh/wall_7096-19.jpg,0,utuh,test_wall,wall,wall_7096,W/UW/7096-19.jpg,"[0, 0, 256, 256]",1.0,sdnet_tile,wall
utuh/wall_7096-194.jpg,0,utuh,test_wall,wall,wall_7096,W/UW/7096-194.jpg,"[0, 0, 256, 256]",1.0,sdnet_tile,wall
utuh/wall_7096-195.jpg,0,utuh,test_wall,wall,wall_7096,W/UW/7096-195.jpg,"[0, 0, 256, 256]",1.0,sdnet_tile,wall
utuh/wall_7096-198.jpg,0,utuh,test_wall,wall,wall_7096,W/UW/7096-198.jpg,"[0, 0, 256, 256]",1.0,sdnet_tile,wall
utuh/wall_7096-2.jpg,0,utuh,test_wall,wall,wall_7096,W/UW/7096-2.jpg,"[0, 0, 256, 256]",1.0,sdnet_tile,wall
utuh/wall_7096-211.jpg,0,utuh,test_wall,wall,wall_7096,W/UW/7096-211.jpg,"[0, 0, 256, 256]",1.0,sdnet_tile,wall
utuh/wall_7096-217.jpg,0,utuh,test_wall,wall,wall_7096,W/UW/7096-217.jpg,"[0, 0, 256, 256]",1.0,sdnet_tile,wall
utuh/wall_7096-218.jpg,0,utuh,test_wall,wall,wall_7096,W/UW/7096-218.jpg,"[0, 0, 256, 256]",1.0,sdnet_tile,wall
utuh/wall_7096-221.jpg,0,utuh,test_wall,wall,wall_7096,W/UW/7096-221.jpg,"[0, 0, 256, 256]",1.0,sdnet_tile,wall
utuh/wall_7096-231.jpg,0,utuh,test_wall,wall,wall_7096,W/UW/7096-231.jpg,"[0, 0, 256, 256]",1.0,sdnet_tile,wall
utuh/wall_7096-232.jpg,0,utuh,test_wall,wall,wall_7096,W/UW/7096-232.jpg,"[0, 0, 256, 256]",1.0,sdnet_tile,wall
utuh/wall_7096-235.jpg,0,utuh,test_wall,wall,wall_7096,W/UW/7096-235.jpg,"[0, 0, 256, 256]",1.0,sdnet_tile,wall
utuh/wall_7096-238.jpg,0,utuh,test_wall,wall,wall_7096,W/UW/7096-238.jpg,"[0, 0, 256, 256]",1.0,sdnet_tile,wall
utuh/wall_7096-241.jpg,0,utuh,test_wall,wall,wall_7096,W/UW/7096-241.jpg,"[0, 0, 256, 256]",1.0,sdnet_tile,wall
utuh/wall_7096-251.jpg,0,utuh,test_wall,wall,wall_7096,W/UW/7096-251.jpg,"[0, 0, 256, 256]",1.0,sdnet_tile,wall
utuh/wall_7096-33.jpg,0,utuh,test_wall,wall,wall_7096,W/UW/7096-33.jpg,"[0, 0, 256, 256]",1.0,sdnet_tile,wall
utuh/wall_7096-45.jpg,0,utuh,test_wall,wall,wall_7096,W/UW/7096-45.jpg,"[0, 0, 256, 256]",1.0,sdnet_tile,wall
utuh/wall_7096-57.jpg,0,utuh,test_wall,wall,wall_7096,W/UW/7096-57.jpg,"[0, 0, 256, 256]",1.0,sdnet_tile,wall
utuh/wall_7096-64.jpg,0,utuh,test_wall,wall,wall_7096,W/UW/7096-64.jpg,"[0, 0, 256, 256]",1.0,sdnet_tile,wall
utuh/wall_7096-66.jpg,0,utuh,test_wall,wall,wall_7096,W/UW/7096-66.jpg,"[0, 0, 256, 256]",1.0,sdnet_tile,wall
utuh/wall_7096-9.jpg,0,utuh,test_wall,wall,wall_7096,W/UW/7096-9.jpg,"[0, 0, 256, 256]",1.0,sdnet_tile,wall
utuh/wall_7096-93.jpg,0,utuh,test_wall,wall,wall_7096,W/UW/7096-93.jpg,"[0, 0, 256, 256]",1.0,sdnet_tile,wall
utuh/wall_7096-96.jpg,0,utuh,test_wall,wall,wall_7096,W/UW/7096-96.jpg,"[0, 0, 256, 256]",1.0,sdnet_tile,wall
utuh/wall_7097-100.jpg,0,utuh,test_wall,wall,wall_7097,W/UW/7097-100.jpg,"[0, 0, 256, 256]",1.0,sdnet_tile,wall
utuh/wall_7097-12.jpg,0,utuh,test_wall,wall,wall_7097,W/UW/7097-12.jpg,"[0, 0, 256, 256]",1.0,sdnet_tile,wall
utuh/wall_7097-122.jpg,0,utuh,test_wall,wall,wall_7097,W/UW/7097-122.jpg,"[0, 0, 256, 256]",1.0,sdnet_tile,wall
utuh/wall_7097-128.jpg,0,utuh,test_wall,wall,wall_7097,W/UW/7097-128.jpg,"[0, 0, 256, 256]",1.0,sdnet_tile,wall
utuh/wall_7097-129.jpg,0,utuh,test_wall,wall,wall_7097,W/UW/7097-129.jpg,"[0, 0, 256, 256]",1.0,sdnet_tile,wall
utuh/wall_7097-145.jpg,0,utuh,test_wall,wall,wall_7097,W/UW/7097-145.jpg,"[0, 0, 256, 256]",1.0,sdnet_tile,wall
utuh/wall_7097-149.jpg,0,utuh,test_wall,wall,wall_7097,W/UW/7097-149.jpg,"[0, 0, 256, 256]",1.0,sdnet_tile,wall
utuh/wall_7097-156.jpg,0,utuh,test_wall,wall,wall_7097,W/UW/7097-156.jpg,"[0, 0, 256, 256]",1.0,sdnet_tile,wall
utuh/wall_7097-161.jpg,0,utuh,test_wall,wall,wall_7097,W/UW/7097-161.jpg,"[0, 0, 256, 256]",1.0,sdnet_tile,wall
utuh/wall_7097-167.jpg,0,utuh,test_wall,wall,wall_7097,W/UW/7097-167.jpg,"[0, 0, 256, 256]",1.0,sdnet_tile,wall
utuh/wall_7097-170.jpg,0,utuh,test_wall,wall,wall_7097,W/UW/7097-170.jpg,"[0, 0, 256, 256]",1.0,sdnet_tile,wall
utuh/wall_7097-178.jpg,0,utuh,test_wall,wall,wall_7097,W/UW/7097-178.jpg,"[0, 0, 256, 256]",1.0,sdnet_tile,wall
utuh/wall_7097-194.jpg,0,utuh,test_wall,wall,wall_7097,W/UW/7097-194.jpg,"[0, 0, 256, 256]",1.0,sdnet_tile,wall
utuh/wall_7097-197.jpg,0,utuh,test_wall,wall,wall_7097,W/UW/7097-197.jpg,"[0, 0, 256, 256]",1.0,sdnet_tile,wall
utuh/wall_7097-206.jpg,0,utuh,test_wall,wall,wall_7097,W/UW/7097-206.jpg,"[0, 0, 256, 256]",1.0,sdnet_tile,wall
utuh/wall_7097-210.jpg,0,utuh,test_wall,wall,wall_7097,W/UW/7097-210.jpg,"[0, 0, 256, 256]",1.0,sdnet_tile,wall
utuh/wall_7097-222.jpg,0,utuh,test_wall,wall,wall_7097,W/UW/7097-222.jpg,"[0, 0, 256, 256]",1.0,sdnet_tile,wall
utuh/wall_7097-226.jpg,0,utuh,test_wall,wall,wall_7097,W/UW/7097-226.jpg,"[0, 0, 256, 256]",1.0,sdnet_tile,wall
utuh/wall_7097-239.jpg,0,utuh,test_wall,wall,wall_7097,W/UW/7097-239.jpg,"[0, 0, 256, 256]",1.0,sdnet_tile,wall
utuh/wall_7097-252.jpg,0,utuh,test_wall,wall,wall_7097,W/UW/7097-252.jpg,"[0, 0, 256, 256]",1.0,sdnet_tile,wall
utuh/wall_7097-3.jpg,0,utuh,test_wall,wall,wall_7097,W/UW/7097-3.jpg,"[0, 0, 256, 256]",1.0,sdnet_tile,wall
utuh/wall_7097-30.jpg,0,utuh,test_wall,wall,wall_7097,W/UW/7097-30.jpg,"[0, 0, 256, 256]",1.0,sdnet_tile,wall
utuh/wall_7097-37.jpg,0,utuh,test_wall,wall,wall_7097,W/UW/7097-37.jpg,"[0, 0, 256, 256]",1.0,sdnet_tile,wall
utuh/wall_7097-41.jpg,0,utuh,test_wall,wall,wall_7097,W/UW/7097-41.jpg,"[0, 0, 256, 256]",1.0,sdnet_tile,wall
utuh/wall_7097-49.jpg,0,utuh,test_wall,wall,wall_7097,W/UW/7097-49.jpg,"[0, 0, 256, 256]",1.0,sdnet_tile,wall
utuh/wall_7097-66.jpg,0,utuh,test_wall,wall,wall_7097,W/UW/7097-66.jpg,"[0, 0, 256, 256]",1.0,sdnet_tile,wall
utuh/wall_7097-69.jpg,0,utuh,test_wall,wall,wall_7097,W/UW/7097-69.jpg,"[0, 0, 256, 256]",1.0,sdnet_tile,wall
utuh/wall_7097-72.jpg,0,utuh,test_wall,wall,wall_7097,W/UW/7097-72.jpg,"[0, 0, 256, 256]",1.0,sdnet_tile,wall
utuh/wall_7097-74.jpg,0,utuh,test_wall,wall,wall_7097,W/UW/7097-74.jpg,"[0, 0, 256, 256]",1.0,sdnet_tile,wall
utuh/wall_7097-75.jpg,0,utuh,test_wall,wall,wall_7097,W/UW/7097-75.jpg,"[0, 0, 256, 256]",1.0,sdnet_tile,wall
utuh/wall_7097-8.jpg,0,utuh,test_wall,wall,wall_7097,W/UW/7097-8.jpg,"[0, 0, 256, 256]",1.0,sdnet_tile,wall
utuh/wall_7097-89.jpg,0,utuh,test_wall,wall,wall_7097,W/UW/7097-89.jpg,"[0, 0, 256, 256]",1.0,sdnet_tile,wall
utuh/wall_7097-92.jpg,0,utuh,test_wall,wall,wall_7097,W/UW/7097-92.jpg,"[0, 0, 256, 256]",1.0,sdnet_tile,wall
utuh/wall_7098-1.jpg,0,utuh,test_wall,wall,wall_7098,W/UW/7098-1.jpg,"[0, 0, 256, 256]",1.0,sdnet_tile,wall
utuh/wall_7098-102.jpg,0,utuh,test_wall,wall,wall_7098,W/UW/7098-102.jpg,"[0, 0, 256, 256]",1.0,sdnet_tile,wall
utuh/wall_7098-111.jpg,0,utuh,test_wall,wall,wall_7098,W/UW/7098-111.jpg,"[0, 0, 256, 256]",1.0,sdnet_tile,wall
utuh/wall_7098-12.jpg,0,utuh,test_wall,wall,wall_7098,W/UW/7098-12.jpg,"[0, 0, 256, 256]",1.0,sdnet_tile,wall
utuh/wall_7098-121.jpg,0,utuh,test_wall,wall,wall_7098,W/UW/7098-121.jpg,"[0, 0, 256, 256]",1.0,sdnet_tile,wall
utuh/wall_7098-122.jpg,0,utuh,test_wall,wall,wall_7098,W/UW/7098-122.jpg,"[0, 0, 256, 256]",1.0,sdnet_tile,wall
utuh/wall_7098-124.jpg,0,utuh,test_wall,wall,wall_7098,W/UW/7098-124.jpg,"[0, 0, 256, 256]",1.0,sdnet_tile,wall
utuh/wall_7098-150.jpg,0,utuh,test_wall,wall,wall_7098,W/UW/7098-150.jpg,"[0, 0, 256, 256]",1.0,sdnet_tile,wall
utuh/wall_7098-157.jpg,0,utuh,test_wall,wall,wall_7098,W/UW/7098-157.jpg,"[0, 0, 256, 256]",1.0,sdnet_tile,wall
utuh/wall_7098-178.jpg,0,utuh,test_wall,wall,wall_7098,W/UW/7098-178.jpg,"[0, 0, 256, 256]",1.0,sdnet_tile,wall
utuh/wall_7098-187.jpg,0,utuh,test_wall,wall,wall_7098,W/UW/7098-187.jpg,"[0, 0, 256, 256]",1.0,sdnet_tile,wall
utuh/wall_7098-207.jpg,0,utuh,test_wall,wall,wall_7098,W/UW/7098-207.jpg,"[0, 0, 256, 256]",1.0,sdnet_tile,wall
utuh/wall_7098-210.jpg,0,utuh,test_wall,wall,wall_7098,W/UW/7098-210.jpg,"[0, 0, 256, 256]",1.0,sdnet_tile,wall
utuh/wall_7098-216.jpg,0,utuh,test_wall,wall,wall_7098,W/UW/7098-216.jpg,"[0, 0, 256, 256]",1.0,sdnet_tile,wall
utuh/wall_7098-217.jpg,0,utuh,test_wall,wall,wall_7098,W/UW/7098-217.jpg,"[0, 0, 256, 256]",1.0,sdnet_tile,wall
utuh/wall_7098-227.jpg,0,utuh,test_wall,wall,wall_7098,W/UW/7098-227.jpg,"[0, 0, 256, 256]",1.0,sdnet_tile,wall
utuh/wall_7098-228.jpg,0,utuh,test_wall,wall,wall_7098,W/UW/7098-228.jpg,"[0, 0, 256, 256]",1.0,sdnet_tile,wall
utuh/wall_7098-233.jpg,0,utuh,test_wall,wall,wall_7098,W/UW/7098-233.jpg,"[0, 0, 256, 256]",1.0,sdnet_tile,wall
utuh/wall_7098-236.jpg,0,utuh,test_wall,wall,wall_7098,W/UW/7098-236.jpg,"[0, 0, 256, 256]",1.0,sdnet_tile,wall
utuh/wall_7098-240.jpg,0,utuh,test_wall,wall,wall_7098,W/UW/7098-240.jpg,"[0, 0, 256, 256]",1.0,sdnet_tile,wall
utuh/wall_7098-241.jpg,0,utuh,test_wall,wall,wall_7098,W/UW/7098-241.jpg,"[0, 0, 256, 256]",1.0,sdnet_tile,wall
utuh/wall_7098-26.jpg,0,utuh,test_wall,wall,wall_7098,W/UW/7098-26.jpg,"[0, 0, 256, 256]",1.0,sdnet_tile,wall
utuh/wall_7098-44.jpg,0,utuh,test_wall,wall,wall_7098,W/UW/7098-44.jpg,"[0, 0, 256, 256]",1.0,sdnet_tile,wall
utuh/wall_7098-47.jpg,0,utuh,test_wall,wall,wall_7098,W/UW/7098-47.jpg,"[0, 0, 256, 256]",1.0,sdnet_tile,wall
utuh/wall_7098-52.jpg,0,utuh,test_wall,wall,wall_7098,W/UW/7098-52.jpg,"[0, 0, 256, 256]",1.0,sdnet_tile,wall
utuh/wall_7098-59.jpg,0,utuh,test_wall,wall,wall_7098,W/UW/7098-59.jpg,"[0, 0, 256, 256]",1.0,sdnet_tile,wall
utuh/wall_7098-60.jpg,0,utuh,test_wall,wall,wall_7098,W/UW/7098-60.jpg,"[0, 0, 256, 256]",1.0,sdnet_tile,wall
utuh/wall_7098-68.jpg,0,utuh,test_wall,wall,wall_7098,W/UW/7098-68.jpg,"[0, 0, 256, 256]",1.0,sdnet_tile,wall
utuh/wall_7098-69.jpg,0,utuh,test_wall,wall,wall_7098,W/UW/7098-69.jpg,"[0, 0, 256, 256]",1.0,sdnet_tile,wall
utuh/wall_7098-73.jpg,0,utuh,test_wall,wall,wall_7098,W/UW/7098-73.jpg,"[0, 0, 256, 256]",1.0,sdnet_tile,wall
utuh/wall_7098-89.jpg,0,utuh,test_wall,wall,wall_7098,W/UW/7098-89.jpg,"[0, 0, 256, 256]",1.0,sdnet_tile,wall
utuh/wall_7098-92.jpg,0,utuh,test_wall,wall,wall_7098,W/UW/7098-92.jpg,"[0, 0, 256, 256]",1.0,sdnet_tile,wall
utuh/wall_7098-96.jpg,0,utuh,test_wall,wall,wall_7098,W/UW/7098-96.jpg,"[0, 0, 256, 256]",1.0,sdnet_tile,wall
utuh/wall_7099-111.jpg,0,utuh,test_wall,wall,wall_7099,W/UW/7099-111.jpg,"[0, 0, 256, 256]",1.0,sdnet_tile,wall
utuh/wall_7099-112.jpg,0,utuh,test_wall,wall,wall_7099,W/UW/7099-112.jpg,"[0, 0, 256, 256]",1.0,sdnet_tile,wall
utuh/wall_7099-124.jpg,0,utuh,test_wall,wall,wall_7099,W/UW/7099-124.jpg,"[0, 0, 256, 256]",1.0,sdnet_tile,wall
utuh/wall_7099-125.jpg,0,utuh,test_wall,wall,wall_7099,W/UW/7099-125.jpg,"[0, 0, 256, 256]",1.0,sdnet_tile,wall
utuh/wall_7099-126.jpg,0,utuh,test_wall,wall,wall_7099,W/UW/7099-126.jpg,"[0, 0, 256, 256]",1.0,sdnet_tile,wall
utuh/wall_7099-130.jpg,0,utuh,test_wall,wall,wall_7099,W/UW/7099-130.jpg,"[0, 0, 256, 256]",1.0,sdnet_tile,wall
utuh/wall_7099-133.jpg,0,utuh,test_wall,wall,wall_7099,W/UW/7099-133.jpg,"[0, 0, 256, 256]",1.0,sdnet_tile,wall
utuh/wall_7099-134.jpg,0,utuh,test_wall,wall,wall_7099,W/UW/7099-134.jpg,"[0, 0, 256, 256]",1.0,sdnet_tile,wall
utuh/wall_7099-137.jpg,0,utuh,test_wall,wall,wall_7099,W/UW/7099-137.jpg,"[0, 0, 256, 256]",1.0,sdnet_tile,wall
utuh/wall_7099-138.jpg,0,utuh,test_wall,wall,wall_7099,W/UW/7099-138.jpg,"[0, 0, 256, 256]",1.0,sdnet_tile,wall
utuh/wall_7099-139.jpg,0,utuh,test_wall,wall,wall_7099,W/UW/7099-139.jpg,"[0, 0, 256, 256]",1.0,sdnet_tile,wall
utuh/wall_7099-140.jpg,0,utuh,test_wall,wall,wall_7099,W/UW/7099-140.jpg,"[0, 0, 256, 256]",1.0,sdnet_tile,wall
utuh/wall_7099-141.jpg,0,utuh,test_wall,wall,wall_7099,W/UW/7099-141.jpg,"[0, 0, 256, 256]",1.0,sdnet_tile,wall
utuh/wall_7099-152.jpg,0,utuh,test_wall,wall,wall_7099,W/UW/7099-152.jpg,"[0, 0, 256, 256]",1.0,sdnet_tile,wall
utuh/wall_7099-160.jpg,0,utuh,test_wall,wall,wall_7099,W/UW/7099-160.jpg,"[0, 0, 256, 256]",1.0,sdnet_tile,wall
utuh/wall_7099-161.jpg,0,utuh,test_wall,wall,wall_7099,W/UW/7099-161.jpg,"[0, 0, 256, 256]",1.0,sdnet_tile,wall
utuh/wall_7099-185.jpg,0,utuh,test_wall,wall,wall_7099,W/UW/7099-185.jpg,"[0, 0, 256, 256]",1.0,sdnet_tile,wall
utuh/wall_7099-186.jpg,0,utuh,test_wall,wall,wall_7099,W/UW/7099-186.jpg,"[0, 0, 256, 256]",1.0,sdnet_tile,wall
utuh/wall_7099-202.jpg,0,utuh,test_wall,wall,wall_7099,W/UW/7099-202.jpg,"[0, 0, 256, 256]",1.0,sdnet_tile,wall
utuh/wall_7099-211.jpg,0,utuh,test_wall,wall,wall_7099,W/UW/7099-211.jpg,"[0, 0, 256, 256]",1.0,sdnet_tile,wall
utuh/wall_7099-212.jpg,0,utuh,test_wall,wall,wall_7099,W/UW/7099-212.jpg,"[0, 0, 256, 256]",1.0,sdnet_tile,wall
utuh/wall_7099-214.jpg,0,utuh,test_wall,wall,wall_7099,W/UW/7099-214.jpg,"[0, 0, 256, 256]",1.0,sdnet_tile,wall
utuh/wall_7099-215.jpg,0,utuh,test_wall,wall,wall_7099,W/UW/7099-215.jpg,"[0, 0, 256, 256]",1.0,sdnet_tile,wall
utuh/wall_7099-218.jpg,0,utuh,test_wall,wall,wall_7099,W/UW/7099-218.jpg,"[0, 0, 256, 256]",1.0,sdnet_tile,wall
utuh/wall_7099-24.jpg,0,utuh,test_wall,wall,wall_7099,W/UW/7099-24.jpg,"[0, 0, 256, 256]",1.0,sdnet_tile,wall
utuh/wall_7099-241.jpg,0,utuh,test_wall,wall,wall_7099,W/UW/7099-241.jpg,"[0, 0, 256, 256]",1.0,sdnet_tile,wall
utuh/wall_7099-250.jpg,0,utuh,test_wall,wall,wall_7099,W/UW/7099-250.jpg,"[0, 0, 256, 256]",1.0,sdnet_tile,wall
utuh/wall_7099-3.jpg,0,utuh,test_wall,wall,wall_7099,W/UW/7099-3.jpg,"[0, 0, 256, 256]",1.0,sdnet_tile,wall
utuh/wall_7099-56.jpg,0,utuh,test_wall,wall,wall_7099,W/UW/7099-56.jpg,"[0, 0, 256, 256]",1.0,sdnet_tile,wall
utuh/wall_7099-57.jpg,0,utuh,test_wall,wall,wall_7099,W/UW/7099-57.jpg,"[0, 0, 256, 256]",1.0,sdnet_tile,wall
utuh/wall_7099-66.jpg,0,utuh,test_wall,wall,wall_7099,W/UW/7099-66.jpg,"[0, 0, 256, 256]",1.0,sdnet_tile,wall
utuh/wall_7099-67.jpg,0,utuh,test_wall,wall,wall_7099,W/UW/7099-67.jpg,"[0, 0, 256, 256]",1.0,sdnet_tile,wall
utuh/wall_7099-74.jpg,0,utuh,test_wall,wall,wall_7099,W/UW/7099-74.jpg,"[0, 0, 256, 256]",1.0,sdnet_tile,wall
utuh/wall_7100-106.jpg,0,utuh,test_wall,wall,wall_7100,W/UW/7100-106.jpg,"[0, 0, 256, 256]",1.0,sdnet_tile,wall
utuh/wall_7100-107.jpg,0,utuh,test_wall,wall,wall_7100,W/UW/7100-107.jpg,"[0, 0, 256, 256]",1.0,sdnet_tile,wall
utuh/wall_7100-126.jpg,0,utuh,test_wall,wall,wall_7100,W/UW/7100-126.jpg,"[0, 0, 256, 256]",1.0,sdnet_tile,wall
utuh/wall_7100-131.jpg,0,utuh,test_wall,wall,wall_7100,W/UW/7100-131.jpg,"[0, 0, 256, 256]",1.0,sdnet_tile,wall
utuh/wall_7100-132.jpg,0,utuh,test_wall,wall,wall_7100,W/UW/7100-132.jpg,"[0, 0, 256, 256]",1.0,sdnet_tile,wall
utuh/wall_7100-142.jpg,0,utuh,test_wall,wall,wall_7100,W/UW/7100-142.jpg,"[0, 0, 256, 256]",1.0,sdnet_tile,wall
utuh/wall_7100-150.jpg,0,utuh,test_wall,wall,wall_7100,W/UW/7100-150.jpg,"[0, 0, 256, 256]",1.0,sdnet_tile,wall
utuh/wall_7100-151.jpg,0,utuh,test_wall,wall,wall_7100,W/UW/7100-151.jpg,"[0, 0, 256, 256]",1.0,sdnet_tile,wall
utuh/wall_7100-154.jpg,0,utuh,test_wall,wall,wall_7100,W/UW/7100-154.jpg,"[0, 0, 256, 256]",1.0,sdnet_tile,wall
utuh/wall_7100-159.jpg,0,utuh,test_wall,wall,wall_7100,W/UW/7100-159.jpg,"[0, 0, 256, 256]",1.0,sdnet_tile,wall
utuh/wall_7100-17.jpg,0,utuh,test_wall,wall,wall_7100,W/UW/7100-17.jpg,"[0, 0, 256, 256]",1.0,sdnet_tile,wall
utuh/wall_7100-18.jpg,0,utuh,test_wall,wall,wall_7100,W/UW/7100-18.jpg,"[0, 0, 256, 256]",1.0,sdnet_tile,wall
utuh/wall_7100-182.jpg,0,utuh,test_wall,wall,wall_7100,W/UW/7100-182.jpg,"[0, 0, 256, 256]",1.0,sdnet_tile,wall
utuh/wall_7100-187.jpg,0,utuh,test_wall,wall,wall_7100,W/UW/7100-187.jpg,"[0, 0, 256, 256]",1.0,sdnet_tile,wall
utuh/wall_7100-198.jpg,0,utuh,test_wall,wall,wall_7100,W/UW/7100-198.jpg,"[0, 0, 256, 256]",1.0,sdnet_tile,wall
utuh/wall_7100-21.jpg,0,utuh,test_wall,wall,wall_7100,W/UW/7100-21.jpg,"[0, 0, 256, 256]",1.0,sdnet_tile,wall
utuh/wall_7100-213.jpg,0,utuh,test_wall,wall,wall_7100,W/UW/7100-213.jpg,"[0, 0, 256, 256]",1.0,sdnet_tile,wall
utuh/wall_7100-227.jpg,0,utuh,test_wall,wall,wall_7100,W/UW/7100-227.jpg,"[0, 0, 256, 256]",1.0,sdnet_tile,wall
utuh/wall_7100-233.jpg,0,utuh,test_wall,wall,wall_7100,W/UW/7100-233.jpg,"[0, 0, 256, 256]",1.0,sdnet_tile,wall
utuh/wall_7100-239.jpg,0,utuh,test_wall,wall,wall_7100,W/UW/7100-239.jpg,"[0, 0, 256, 256]",1.0,sdnet_tile,wall
utuh/wall_7100-240.jpg,0,utuh,test_wall,wall,wall_7100,W/UW/7100-240.jpg,"[0, 0, 256, 256]",1.0,sdnet_tile,wall
utuh/wall_7100-244.jpg,0,utuh,test_wall,wall,wall_7100,W/UW/7100-244.jpg,"[0, 0, 256, 256]",1.0,sdnet_tile,wall
utuh/wall_7100-245.jpg,0,utuh,test_wall,wall,wall_7100,W/UW/7100-245.jpg,"[0, 0, 256, 256]",1.0,sdnet_tile,wall
utuh/wall_7100-248.jpg,0,utuh,test_wall,wall,wall_7100,W/UW/7100-248.jpg,"[0, 0, 256, 256]",1.0,sdnet_tile,wall
utuh/wall_7100-252.jpg,0,utuh,test_wall,wall,wall_7100,W/UW/7100-252.jpg,"[0, 0, 256, 256]",1.0,sdnet_tile,wall
utuh/wall_7100-26.jpg,0,utuh,test_wall,wall,wall_7100,W/UW/7100-26.jpg,"[0, 0, 256, 256]",1.0,sdnet_tile,wall
utuh/wall_7100-44.jpg,0,utuh,test_wall,wall,wall_7100,W/UW/7100-44.jpg,"[0, 0, 256, 256]",1.0,sdnet_tile,wall
utuh/wall_7100-5.jpg,0,utuh,test_wall,wall,wall_7100,W/UW/7100-5.jpg,"[0, 0, 256, 256]",1.0,sdnet_tile,wall
utuh/wall_7100-55.jpg,0,utuh,test_wall,wall,wall_7100,W/UW/7100-55.jpg,"[0, 0, 256, 256]",1.0,sdnet_tile,wall
utuh/wall_7100-68.jpg,0,utuh,test_wall,wall,wall_7100,W/UW/7100-68.jpg,"[0, 0, 256, 256]",1.0,sdnet_tile,wall
utuh/wall_7100-7.jpg,0,utuh,test_wall,wall,wall_7100,W/UW/7100-7.jpg,"[0, 0, 256, 256]",1.0,sdnet_tile,wall
utuh/wall_7100-72.jpg,0,utuh,test_wall,wall,wall_7100,W/UW/7100-72.jpg,"[0, 0, 256, 256]",1.0,sdnet_tile,wall
utuh/wall_7100-98.jpg,0,utuh,test_wall,wall,wall_7100,W/UW/7100-98.jpg,"[0, 0, 256, 256]",1.0,sdnet_tile,wall
utuh/wall_7101-114.jpg,0,utuh,test_wall,wall,wall_7101,W/UW/7101-114.jpg,"[0, 0, 256, 256]",1.0,sdnet_tile,wall
utuh/wall_7101-13.jpg,0,utuh,test_wall,wall,wall_7101,W/UW/7101-13.jpg,"[0, 0, 256, 256]",1.0,sdnet_tile,wall
utuh/wall_7101-138.jpg,0,utuh,test_wall,wall,wall_7101,W/UW/7101-138.jpg,"[0, 0, 256, 256]",1.0,sdnet_tile,wall
utuh/wall_7101-149.jpg,0,utuh,test_wall,wall,wall_7101,W/UW/7101-149.jpg,"[0, 0, 256, 256]",1.0,sdnet_tile,wall
utuh/wall_7101-150.jpg,0,utuh,test_wall,wall,wall_7101,W/UW/7101-150.jpg,"[0, 0, 256, 256]",1.0,sdnet_tile,wall
utuh/wall_7101-156.jpg,0,utuh,test_wall,wall,wall_7101,W/UW/7101-156.jpg,"[0, 0, 256, 256]",1.0,sdnet_tile,wall
utuh/wall_7101-158.jpg,0,utuh,test_wall,wall,wall_7101,W/UW/7101-158.jpg,"[0, 0, 256, 256]",1.0,sdnet_tile,wall
utuh/wall_7101-160.jpg,0,utuh,test_wall,wall,wall_7101,W/UW/7101-160.jpg,"[0, 0, 256, 256]",1.0,sdnet_tile,wall
utuh/wall_7101-162.jpg,0,utuh,test_wall,wall,wall_7101,W/UW/7101-162.jpg,"[0, 0, 256, 256]",1.0,sdnet_tile,wall
utuh/wall_7101-164.jpg,0,utuh,test_wall,wall,wall_7101,W/UW/7101-164.jpg,"[0, 0, 256, 256]",1.0,sdnet_tile,wall
utuh/wall_7101-170.jpg,0,utuh,test_wall,wall,wall_7101,W/UW/7101-170.jpg,"[0, 0, 256, 256]",1.0,sdnet_tile,wall
utuh/wall_7101-173.jpg,0,utuh,test_wall,wall,wall_7101,W/UW/7101-173.jpg,"[0, 0, 256, 256]",1.0,sdnet_tile,wall
utuh/wall_7101-198.jpg,0,utuh,test_wall,wall,wall_7101,W/UW/7101-198.jpg,"[0, 0, 256, 256]",1.0,sdnet_tile,wall
utuh/wall_7101-20.jpg,0,utuh,test_wall,wall,wall_7101,W/UW/7101-20.jpg,"[0, 0, 256, 256]",1.0,sdnet_tile,wall
utuh/wall_7101-200.jpg,0,utuh,test_wall,wall,wall_7101,W/UW/7101-200.jpg,"[0, 0, 256, 256]",1.0,sdnet_tile,wall
utuh/wall_7101-212.jpg,0,utuh,test_wall,wall,wall_7101,W/UW/7101-212.jpg,"[0, 0, 256, 256]",1.0,sdnet_tile,wall
utuh/wall_7101-218.jpg,0,utuh,test_wall,wall,wall_7101,W/UW/7101-218.jpg,"[0, 0, 256, 256]",1.0,sdnet_tile,wall
utuh/wall_7101-219.jpg,0,utuh,test_wall,wall,wall_7101,W/UW/7101-219.jpg,"[0, 0, 256, 256]",1.0,sdnet_tile,wall
utuh/wall_7101-224.jpg,0,utuh,test_wall,wall,wall_7101,W/UW/7101-224.jpg,"[0, 0, 256, 256]",1.0,sdnet_tile,wall
utuh/wall_7101-225.jpg,0,utuh,test_wall,wall,wall_7101,W/UW/7101-225.jpg,"[0, 0, 256, 256]",1.0,sdnet_tile,wall
utuh/wall_7101-227.jpg,0,utuh,test_wall,wall,wall_7101,W/UW/7101-227.jpg,"[0, 0, 256, 256]",1.0,sdnet_tile,wall
utuh/wall_7101-24.jpg,0,utuh,test_wall,wall,wall_7101,W/UW/7101-24.jpg,"[0, 0, 256, 256]",1.0,sdnet_tile,wall
utuh/wall_7101-242.jpg,0,utuh,test_wall,wall,wall_7101,W/UW/7101-242.jpg,"[0, 0, 256, 256]",1.0,sdnet_tile,wall
utuh/wall_7101-251.jpg,0,utuh,test_wall,wall,wall_7101,W/UW/7101-251.jpg,"[0, 0, 256, 256]",1.0,sdnet_tile,wall
utuh/wall_7101-252.jpg,0,utuh,test_wall,wall,wall_7101,W/UW/7101-252.jpg,"[0, 0, 256, 256]",1.0,sdnet_tile,wall
utuh/wall_7101-30.jpg,0,utuh,test_wall,wall,wall_7101,W/UW/7101-30.jpg,"[0, 0, 256, 256]",1.0,sdnet_tile,wall
utuh/wall_7101-34.jpg,0,utuh,test_wall,wall,wall_7101,W/UW/7101-34.jpg,"[0, 0, 256, 256]",1.0,sdnet_tile,wall
utuh/wall_7101-36.jpg,0,utuh,test_wall,wall,wall_7101,W/UW/7101-36.jpg,"[0, 0, 256, 256]",1.0,sdnet_tile,wall
utuh/wall_7101-52.jpg,0,utuh,test_wall,wall,wall_7101,W/UW/7101-52.jpg,"[0, 0, 256, 256]",1.0,sdnet_tile,wall
utuh/wall_7101-56.jpg,0,utuh,test_wall,wall,wall_7101,W/UW/7101-56.jpg,"[0, 0, 256, 256]",1.0,sdnet_tile,wall
utuh/wall_7101-69.jpg,0,utuh,test_wall,wall,wall_7101,W/UW/7101-69.jpg,"[0, 0, 256, 256]",1.0,sdnet_tile,wall
utuh/wall_7101-83.jpg,0,utuh,test_wall,wall,wall_7101,W/UW/7101-83.jpg,"[0, 0, 256, 256]",1.0,sdnet_tile,wall
utuh/wall_7101-96.jpg,0,utuh,test_wall,wall,wall_7101,W/UW/7101-96.jpg,"[0, 0, 256, 256]",1.0,sdnet_tile,wall
utuh/wall_7102-111.jpg,0,utuh,test_wall,wall,wall_7102,W/UW/7102-111.jpg,"[0, 0, 256, 256]",1.0,sdnet_tile,wall
utuh/wall_7102-112.jpg,0,utuh,test_wall,wall,wall_7102,W/UW/7102-112.jpg,"[0, 0, 256, 256]",1.0,sdnet_tile,wall
utuh/wall_7102-115.jpg,0,utuh,test_wall,wall,wall_7102,W/UW/7102-115.jpg,"[0, 0, 256, 256]",1.0,sdnet_tile,wall
utuh/wall_7102-141.jpg,0,utuh,test_wall,wall,wall_7102,W/UW/7102-141.jpg,"[0, 0, 256, 256]",1.0,sdnet_tile,wall
utuh/wall_7102-146.jpg,0,utuh,test_wall,wall,wall_7102,W/UW/7102-146.jpg,"[0, 0, 256, 256]",1.0,sdnet_tile,wall
utuh/wall_7102-147.jpg,0,utuh,test_wall,wall,wall_7102,W/UW/7102-147.jpg,"[0, 0, 256, 256]",1.0,sdnet_tile,wall
utuh/wall_7102-148.jpg,0,utuh,test_wall,wall,wall_7102,W/UW/7102-148.jpg,"[0, 0, 256, 256]",1.0,sdnet_tile,wall
utuh/wall_7102-156.jpg,0,utuh,test_wall,wall,wall_7102,W/UW/7102-156.jpg,"[0, 0, 256, 256]",1.0,sdnet_tile,wall
utuh/wall_7102-166.jpg,0,utuh,test_wall,wall,wall_7102,W/UW/7102-166.jpg,"[0, 0, 256, 256]",1.0,sdnet_tile,wall
utuh/wall_7102-17.jpg,0,utuh,test_wall,wall,wall_7102,W/UW/7102-17.jpg,"[0, 0, 256, 256]",1.0,sdnet_tile,wall
utuh/wall_7102-173.jpg,0,utuh,test_wall,wall,wall_7102,W/UW/7102-173.jpg,"[0, 0, 256, 256]",1.0,sdnet_tile,wall
utuh/wall_7102-180.jpg,0,utuh,test_wall,wall,wall_7102,W/UW/7102-180.jpg,"[0, 0, 256, 256]",1.0,sdnet_tile,wall
utuh/wall_7102-188.jpg,0,utuh,test_wall,wall,wall_7102,W/UW/7102-188.jpg,"[0, 0, 256, 256]",1.0,sdnet_tile,wall
utuh/wall_7102-199.jpg,0,utuh,test_wall,wall,wall_7102,W/UW/7102-199.jpg,"[0, 0, 256, 256]",1.0,sdnet_tile,wall
utuh/wall_7102-204.jpg,0,utuh,test_wall,wall,wall_7102,W/UW/7102-204.jpg,"[0, 0, 256, 256]",1.0,sdnet_tile,wall
utuh/wall_7102-215.jpg,0,utuh,test_wall,wall,wall_7102,W/UW/7102-215.jpg,"[0, 0, 256, 256]",1.0,sdnet_tile,wall
utuh/wall_7102-218.jpg,0,utuh,test_wall,wall,wall_7102,W/UW/7102-218.jpg,"[0, 0, 256, 256]",1.0,sdnet_tile,wall
utuh/wall_7102-220.jpg,0,utuh,test_wall,wall,wall_7102,W/UW/7102-220.jpg,"[0, 0, 256, 256]",1.0,sdnet_tile,wall
utuh/wall_7102-225.jpg,0,utuh,test_wall,wall,wall_7102,W/UW/7102-225.jpg,"[0, 0, 256, 256]",1.0,sdnet_tile,wall
utuh/wall_7102-228.jpg,0,utuh,test_wall,wall,wall_7102,W/UW/7102-228.jpg,"[0, 0, 256, 256]",1.0,sdnet_tile,wall
utuh/wall_7102-233.jpg,0,utuh,test_wall,wall,wall_7102,W/UW/7102-233.jpg,"[0, 0, 256, 256]",1.0,sdnet_tile,wall
utuh/wall_7102-235.jpg,0,utuh,test_wall,wall,wall_7102,W/UW/7102-235.jpg,"[0, 0, 256, 256]",1.0,sdnet_tile,wall
utuh/wall_7102-242.jpg,0,utuh,test_wall,wall,wall_7102,W/UW/7102-242.jpg,"[0, 0, 256, 256]",1.0,sdnet_tile,wall
utuh/wall_7102-32.jpg,0,utuh,test_wall,wall,wall_7102,W/UW/7102-32.jpg,"[0, 0, 256, 256]",1.0,sdnet_tile,wall
utuh/wall_7102-51.jpg,0,utuh,test_wall,wall,wall_7102,W/UW/7102-51.jpg,"[0, 0, 256, 256]",1.0,sdnet_tile,wall
utuh/wall_7102-52.jpg,0,utuh,test_wall,wall,wall_7102,W/UW/7102-52.jpg,"[0, 0, 256, 256]",1.0,sdnet_tile,wall
utuh/wall_7102-55.jpg,0,utuh,test_wall,wall,wall_7102,W/UW/7102-55.jpg,"[0, 0, 256, 256]",1.0,sdnet_tile,wall
utuh/wall_7102-63.jpg,0,utuh,test_wall,wall,wall_7102,W/UW/7102-63.jpg,"[0, 0, 256, 256]",1.0,sdnet_tile,wall
utuh/wall_7102-71.jpg,0,utuh,test_wall,wall,wall_7102,W/UW/7102-71.jpg,"[0, 0, 256, 256]",1.0,sdnet_tile,wall
utuh/wall_7102-75.jpg,0,utuh,test_wall,wall,wall_7102,W/UW/7102-75.jpg,"[0, 0, 256, 256]",1.0,sdnet_tile,wall
utuh/wall_7102-85.jpg,0,utuh,test_wall,wall,wall_7102,W/UW/7102-85.jpg,"[0, 0, 256, 256]",1.0,sdnet_tile,wall
utuh/wall_7102-86.jpg,0,utuh,test_wall,wall,wall_7102,W/UW/7102-86.jpg,"[0, 0, 256, 256]",1.0,sdnet_tile,wall
utuh/wall_7102-94.jpg,0,utuh,test_wall,wall,wall_7102,W/UW/7102-94.jpg,"[0, 0, 256, 256]",1.0,sdnet_tile,wall
utuh/wall_7103-1.jpg,0,utuh,test_wall,wall,wall_7103,W/UW/7103-1.jpg,"[0, 0, 256, 256]",1.0,sdnet_tile,wall
utuh/wall_7103-105.jpg,0,utuh,test_wall,wall,wall_7103,W/UW/7103-105.jpg,"[0, 0, 256, 256]",1.0,sdnet_tile,wall
utuh/wall_7103-107.jpg,0,utuh,test_wall,wall,wall_7103,W/UW/7103-107.jpg,"[0, 0, 256, 256]",1.0,sdnet_tile,wall
utuh/wall_7103-115.jpg,0,utuh,test_wall,wall,wall_7103,W/UW/7103-115.jpg,"[0, 0, 256, 256]",1.0,sdnet_tile,wall
utuh/wall_7103-128.jpg,0,utuh,test_wall,wall,wall_7103,W/UW/7103-128.jpg,"[0, 0, 256, 256]",1.0,sdnet_tile,wall
utuh/wall_7103-142.jpg,0,utuh,test_wall,wall,wall_7103,W/UW/7103-142.jpg,"[0, 0, 256, 256]",1.0,sdnet_tile,wall
utuh/wall_7103-163.jpg,0,utuh,test_wall,wall,wall_7103,W/UW/7103-163.jpg,"[0, 0, 256, 256]",1.0,sdnet_tile,wall
utuh/wall_7103-164.jpg,0,utuh,test_wall,wall,wall_7103,W/UW/7103-164.jpg,"[0, 0, 256, 256]",1.0,sdnet_tile,wall
utuh/wall_7103-166.jpg,0,utuh,test_wall,wall,wall_7103,W/UW/7103-166.jpg,"[0, 0, 256, 256]",1.0,sdnet_tile,wall
utuh/wall_7103-170.jpg,0,utuh,test_wall,wall,wall_7103,W/UW/7103-170.jpg,"[0, 0, 256, 256]",1.0,sdnet_tile,wall
utuh/wall_7103-176.jpg,0,utuh,test_wall,wall,wall_7103,W/UW/7103-176.jpg,"[0, 0, 256, 256]",1.0,sdnet_tile,wall
utuh/wall_7103-180.jpg,0,utuh,test_wall,wall,wall_7103,W/UW/7103-180.jpg,"[0, 0, 256, 256]",1.0,sdnet_tile,wall
utuh/wall_7103-186.jpg,0,utuh,test_wall,wall,wall_7103,W/UW/7103-186.jpg,"[0, 0, 256, 256]",1.0,sdnet_tile,wall
utuh/wall_7103-192.jpg,0,utuh,test_wall,wall,wall_7103,W/UW/7103-192.jpg,"[0, 0, 256, 256]",1.0,sdnet_tile,wall
utuh/wall_7103-197.jpg,0,utuh,test_wall,wall,wall_7103,W/UW/7103-197.jpg,"[0, 0, 256, 256]",1.0,sdnet_tile,wall
utuh/wall_7103-208.jpg,0,utuh,test_wall,wall,wall_7103,W/UW/7103-208.jpg,"[0, 0, 256, 256]",1.0,sdnet_tile,wall
utuh/wall_7103-221.jpg,0,utuh,test_wall,wall,wall_7103,W/UW/7103-221.jpg,"[0, 0, 256, 256]",1.0,sdnet_tile,wall
utuh/wall_7103-223.jpg,0,utuh,test_wall,wall,wall_7103,W/UW/7103-223.jpg,"[0, 0, 256, 256]",1.0,sdnet_tile,wall
utuh/wall_7103-224.jpg,0,utuh,test_wall,wall,wall_7103,W/UW/7103-224.jpg,"[0, 0, 256, 256]",1.0,sdnet_tile,wall
utuh/wall_7103-243.jpg,0,utuh,test_wall,wall,wall_7103,W/UW/7103-243.jpg,"[0, 0, 256, 256]",1.0,sdnet_tile,wall
utuh/wall_7103-245.jpg,0,utuh,test_wall,wall,wall_7103,W/UW/7103-245.jpg,"[0, 0, 256, 256]",1.0,sdnet_tile,wall
utuh/wall_7103-25.jpg,0,utuh,test_wall,wall,wall_7103,W/UW/7103-25.jpg,"[0, 0, 256, 256]",1.0,sdnet_tile,wall
utuh/wall_7103-47.jpg,0,utuh,test_wall,wall,wall_7103,W/UW/7103-47.jpg,"[0, 0, 256, 256]",1.0,sdnet_tile,wall
utuh/wall_7103-48.jpg,0,utuh,test_wall,wall,wall_7103,W/UW/7103-48.jpg,"[0, 0, 256, 256]",1.0,sdnet_tile,wall
utuh/wall_7103-52.jpg,0,utuh,test_wall,wall,wall_7103,W/UW/7103-52.jpg,"[0, 0, 256, 256]",1.0,sdnet_tile,wall
utuh/wall_7103-54.jpg,0,utuh,test_wall,wall,wall_7103,W/UW/7103-54.jpg,"[0, 0, 256, 256]",1.0,sdnet_tile,wall
utuh/wall_7103-6.jpg,0,utuh,test_wall,wall,wall_7103,W/UW/7103-6.jpg,"[0, 0, 256, 256]",1.0,sdnet_tile,wall
utuh/wall_7103-68.jpg,0,utuh,test_wall,wall,wall_7103,W/UW/7103-68.jpg,"[0, 0, 256, 256]",1.0,sdnet_tile,wall
utuh/wall_7103-75.jpg,0,utuh,test_wall,wall,wall_7103,W/UW/7103-75.jpg,"[0, 0, 256, 256]",1.0,sdnet_tile,wall
utuh/wall_7103-82.jpg,0,utuh,test_wall,wall,wall_7103,W/UW/7103-82.jpg,"[0, 0, 256, 256]",1.0,sdnet_tile,wall
utuh/wall_7103-83.jpg,0,utuh,test_wall,wall,wall_7103,W/UW/7103-83.jpg,"[0, 0, 256, 256]",1.0,sdnet_tile,wall
utuh/wall_7103-93.jpg,0,utuh,test_wall,wall,wall_7103,W/UW/7103-93.jpg,"[0, 0, 256, 256]",1.0,sdnet_tile,wall
utuh/wall_7103-97.jpg,0,utuh,test_wall,wall,wall_7103,W/UW/7103-97.jpg,"[0, 0, 256, 256]",1.0,sdnet_tile,wall
utuh/wall_7104-104.jpg,0,utuh,test_wall,wall,wall_7104,W/UW/7104-104.jpg,"[0, 0, 256, 256]",1.0,sdnet_tile,wall
utuh/wall_7104-115.jpg,0,utuh,test_wall,wall,wall_7104,W/UW/7104-115.jpg,"[0, 0, 256, 256]",1.0,sdnet_tile,wall
utuh/wall_7104-119.jpg,0,utuh,test_wall,wall,wall_7104,W/UW/7104-119.jpg,"[0, 0, 256, 256]",1.0,sdnet_tile,wall
utuh/wall_7104-124.jpg,0,utuh,test_wall,wall,wall_7104,W/UW/7104-124.jpg,"[0, 0, 256, 256]",1.0,sdnet_tile,wall
utuh/wall_7104-132.jpg,0,utuh,test_wall,wall,wall_7104,W/UW/7104-132.jpg,"[0, 0, 256, 256]",1.0,sdnet_tile,wall
utuh/wall_7104-137.jpg,0,utuh,test_wall,wall,wall_7104,W/UW/7104-137.jpg,"[0, 0, 256, 256]",1.0,sdnet_tile,wall
utuh/wall_7104-160.jpg,0,utuh,test_wall,wall,wall_7104,W/UW/7104-160.jpg,"[0, 0, 256, 256]",1.0,sdnet_tile,wall
utuh/wall_7104-162.jpg,0,utuh,test_wall,wall,wall_7104,W/UW/7104-162.jpg,"[0, 0, 256, 256]",1.0,sdnet_tile,wall
utuh/wall_7104-164.jpg,0,utuh,test_wall,wall,wall_7104,W/UW/7104-164.jpg,"[0, 0, 256, 256]",1.0,sdnet_tile,wall
utuh/wall_7104-165.jpg,0,utuh,test_wall,wall,wall_7104,W/UW/7104-165.jpg,"[0, 0, 256, 256]",1.0,sdnet_tile,wall
utuh/wall_7104-172.jpg,0,utuh,test_wall,wall,wall_7104,W/UW/7104-172.jpg,"[0, 0, 256, 256]",1.0,sdnet_tile,wall
utuh/wall_7104-177.jpg,0,utuh,test_wall,wall,wall_7104,W/UW/7104-177.jpg,"[0, 0, 256, 256]",1.0,sdnet_tile,wall
utuh/wall_7104-179.jpg,0,utuh,test_wall,wall,wall_7104,W/UW/7104-179.jpg,"[0, 0, 256, 256]",1.0,sdnet_tile,wall
utuh/wall_7104-204.jpg,0,utuh,test_wall,wall,wall_7104,W/UW/7104-204.jpg,"[0, 0, 256, 256]",1.0,sdnet_tile,wall
utuh/wall_7104-212.jpg,0,utuh,test_wall,wall,wall_7104,W/UW/7104-212.jpg,"[0, 0, 256, 256]",1.0,sdnet_tile,wall
utuh/wall_7104-213.jpg,0,utuh,test_wall,wall,wall_7104,W/UW/7104-213.jpg,"[0, 0, 256, 256]",1.0,sdnet_tile,wall
utuh/wall_7104-216.jpg,0,utuh,test_wall,wall,wall_7104,W/UW/7104-216.jpg,"[0, 0, 256, 256]",1.0,sdnet_tile,wall
utuh/wall_7104-225.jpg,0,utuh,test_wall,wall,wall_7104,W/UW/7104-225.jpg,"[0, 0, 256, 256]",1.0,sdnet_tile,wall
utuh/wall_7104-228.jpg,0,utuh,test_wall,wall,wall_7104,W/UW/7104-228.jpg,"[0, 0, 256, 256]",1.0,sdnet_tile,wall
utuh/wall_7104-240.jpg,0,utuh,test_wall,wall,wall_7104,W/UW/7104-240.jpg,"[0, 0, 256, 256]",1.0,sdnet_tile,wall
utuh/wall_7104-243.jpg,0,utuh,test_wall,wall,wall_7104,W/UW/7104-243.jpg,"[0, 0, 256, 256]",1.0,sdnet_tile,wall
utuh/wall_7104-27.jpg,0,utuh,test_wall,wall,wall_7104,W/UW/7104-27.jpg,"[0, 0, 256, 256]",1.0,sdnet_tile,wall
utuh/wall_7104-34.jpg,0,utuh,test_wall,wall,wall_7104,W/UW/7104-34.jpg,"[0, 0, 256, 256]",1.0,sdnet_tile,wall
utuh/wall_7104-4.jpg,0,utuh,test_wall,wall,wall_7104,W/UW/7104-4.jpg,"[0, 0, 256, 256]",1.0,sdnet_tile,wall
utuh/wall_7104-45.jpg,0,utuh,test_wall,wall,wall_7104,W/UW/7104-45.jpg,"[0, 0, 256, 256]",1.0,sdnet_tile,wall
utuh/wall_7104-48.jpg,0,utuh,test_wall,wall,wall_7104,W/UW/7104-48.jpg,"[0, 0, 256, 256]",1.0,sdnet_tile,wall
utuh/wall_7104-5.jpg,0,utuh,test_wall,wall,wall_7104,W/UW/7104-5.jpg,"[0, 0, 256, 256]",1.0,sdnet_tile,wall
utuh/wall_7104-51.jpg,0,utuh,test_wall,wall,wall_7104,W/UW/7104-51.jpg,"[0, 0, 256, 256]",1.0,sdnet_tile,wall
utuh/wall_7104-54.jpg,0,utuh,test_wall,wall,wall_7104,W/UW/7104-54.jpg,"[0, 0, 256, 256]",1.0,sdnet_tile,wall
utuh/wall_7104-60.jpg,0,utuh,test_wall,wall,wall_7104,W/UW/7104-60.jpg,"[0, 0, 256, 256]",1.0,sdnet_tile,wall
utuh/wall_7104-67.jpg,0,utuh,test_wall,wall,wall_7104,W/UW/7104-67.jpg,"[0, 0, 256, 256]",1.0,sdnet_tile,wall
utuh/wall_7104-84.jpg,0,utuh,test_wall,wall,wall_7104,W/UW/7104-84.jpg,"[0, 0, 256, 256]",1.0,sdnet_tile,wall
utuh/wall_7104-96.jpg,0,utuh,test_wall,wall,wall_7104,W/UW/7104-96.jpg,"[0, 0, 256, 256]",1.0,sdnet_tile,wall
utuh/wall_7105-110.jpg,0,utuh,test_wall,wall,wall_7105,W/UW/7105-110.jpg,"[0, 0, 256, 256]",1.0,sdnet_tile,wall
utuh/wall_7105-115.jpg,0,utuh,test_wall,wall,wall_7105,W/UW/7105-115.jpg,"[0, 0, 256, 256]",1.0,sdnet_tile,wall
utuh/wall_7105-118.jpg,0,utuh,test_wall,wall,wall_7105,W/UW/7105-118.jpg,"[0, 0, 256, 256]",1.0,sdnet_tile,wall
utuh/wall_7105-119.jpg,0,utuh,test_wall,wall,wall_7105,W/UW/7105-119.jpg,"[0, 0, 256, 256]",1.0,sdnet_tile,wall
utuh/wall_7105-121.jpg,0,utuh,test_wall,wall,wall_7105,W/UW/7105-121.jpg,"[0, 0, 256, 256]",1.0,sdnet_tile,wall
utuh/wall_7105-137.jpg,0,utuh,test_wall,wall,wall_7105,W/UW/7105-137.jpg,"[0, 0, 256, 256]",1.0,sdnet_tile,wall
utuh/wall_7105-142.jpg,0,utuh,test_wall,wall,wall_7105,W/UW/7105-142.jpg,"[0, 0, 256, 256]",1.0,sdnet_tile,wall
utuh/wall_7105-148.jpg,0,utuh,test_wall,wall,wall_7105,W/UW/7105-148.jpg,"[0, 0, 256, 256]",1.0,sdnet_tile,wall
utuh/wall_7105-157.jpg,0,utuh,test_wall,wall,wall_7105,W/UW/7105-157.jpg,"[0, 0, 256, 256]",1.0,sdnet_tile,wall
utuh/wall_7105-159.jpg,0,utuh,test_wall,wall,wall_7105,W/UW/7105-159.jpg,"[0, 0, 256, 256]",1.0,sdnet_tile,wall
utuh/wall_7105-160.jpg,0,utuh,test_wall,wall,wall_7105,W/UW/7105-160.jpg,"[0, 0, 256, 256]",1.0,sdnet_tile,wall
utuh/wall_7105-167.jpg,0,utuh,test_wall,wall,wall_7105,W/UW/7105-167.jpg,"[0, 0, 256, 256]",1.0,sdnet_tile,wall
utuh/wall_7105-178.jpg,0,utuh,test_wall,wall,wall_7105,W/UW/7105-178.jpg,"[0, 0, 256, 256]",1.0,sdnet_tile,wall
utuh/wall_7105-193.jpg,0,utuh,test_wall,wall,wall_7105,W/UW/7105-193.jpg,"[0, 0, 256, 256]",1.0,sdnet_tile,wall
utuh/wall_7105-201.jpg,0,utuh,test_wall,wall,wall_7105,W/UW/7105-201.jpg,"[0, 0, 256, 256]",1.0,sdnet_tile,wall
utuh/wall_7105-215.jpg,0,utuh,test_wall,wall,wall_7105,W/UW/7105-215.jpg,"[0, 0, 256, 256]",1.0,sdnet_tile,wall
utuh/wall_7105-216.jpg,0,utuh,test_wall,wall,wall_7105,W/UW/7105-216.jpg,"[0, 0, 256, 256]",1.0,sdnet_tile,wall
utuh/wall_7105-23.jpg,0,utuh,test_wall,wall,wall_7105,W/UW/7105-23.jpg,"[0, 0, 256, 256]",1.0,sdnet_tile,wall
utuh/wall_7105-231.jpg,0,utuh,test_wall,wall,wall_7105,W/UW/7105-231.jpg,"[0, 0, 256, 256]",1.0,sdnet_tile,wall
utuh/wall_7105-233.jpg,0,utuh,test_wall,wall,wall_7105,W/UW/7105-233.jpg,"[0, 0, 256, 256]",1.0,sdnet_tile,wall
utuh/wall_7105-234.jpg,0,utuh,test_wall,wall,wall_7105,W/UW/7105-234.jpg,"[0, 0, 256, 256]",1.0,sdnet_tile,wall
utuh/wall_7105-240.jpg,0,utuh,test_wall,wall,wall_7105,W/UW/7105-240.jpg,"[0, 0, 256, 256]",1.0,sdnet_tile,wall
utuh/wall_7105-242.jpg,0,utuh,test_wall,wall,wall_7105,W/UW/7105-242.jpg,"[0, 0, 256, 256]",1.0,sdnet_tile,wall
utuh/wall_7105-247.jpg,0,utuh,test_wall,wall,wall_7105,W/UW/7105-247.jpg,"[0, 0, 256, 256]",1.0,sdnet_tile,wall
utuh/wall_7105-32.jpg,0,utuh,test_wall,wall,wall_7105,W/UW/7105-32.jpg,"[0, 0, 256, 256]",1.0,sdnet_tile,wall
utuh/wall_7105-36.jpg,0,utuh,test_wall,wall,wall_7105,W/UW/7105-36.jpg,"[0, 0, 256, 256]",1.0,sdnet_tile,wall
utuh/wall_7105-39.jpg,0,utuh,test_wall,wall,wall_7105,W/UW/7105-39.jpg,"[0, 0, 256, 256]",1.0,sdnet_tile,wall
utuh/wall_7105-4.jpg,0,utuh,test_wall,wall,wall_7105,W/UW/7105-4.jpg,"[0, 0, 256, 256]",1.0,sdnet_tile,wall
utuh/wall_7105-51.jpg,0,utuh,test_wall,wall,wall_7105,W/UW/7105-51.jpg,"[0, 0, 256, 256]",1.0,sdnet_tile,wall
utuh/wall_7105-52.jpg,0,utuh,test_wall,wall,wall_7105,W/UW/7105-52.jpg,"[0, 0, 256, 256]",1.0,sdnet_tile,wall
utuh/wall_7105-6.jpg,0,utuh,test_wall,wall,wall_7105,W/UW/7105-6.jpg,"[0, 0, 256, 256]",1.0,sdnet_tile,wall
utuh/wall_7105-64.jpg,0,utuh,test_wall,wall,wall_7105,W/UW/7105-64.jpg,"[0, 0, 256, 256]",1.0,sdnet_tile,wall
utuh/wall_7105-88.jpg,0,utuh,test_wall,wall,wall_7105,W/UW/7105-88.jpg,"[0, 0, 256, 256]",1.0,sdnet_tile,wall
utuh/wall_7106-101.jpg,0,utuh,test_wall,wall,wall_7106,W/UW/7106-101.jpg,"[0, 0, 256, 256]",1.0,sdnet_tile,wall
utuh/wall_7106-103.jpg,0,utuh,test_wall,wall,wall_7106,W/UW/7106-103.jpg,"[0, 0, 256, 256]",1.0,sdnet_tile,wall
utuh/wall_7106-111.jpg,0,utuh,test_wall,wall,wall_7106,W/UW/7106-111.jpg,"[0, 0, 256, 256]",1.0,sdnet_tile,wall
utuh/wall_7106-117.jpg,0,utuh,test_wall,wall,wall_7106,W/UW/7106-117.jpg,"[0, 0, 256, 256]",1.0,sdnet_tile,wall
utuh/wall_7106-122.jpg,0,utuh,test_wall,wall,wall_7106,W/UW/7106-122.jpg,"[0, 0, 256, 256]",1.0,sdnet_tile,wall
utuh/wall_7106-124.jpg,0,utuh,test_wall,wall,wall_7106,W/UW/7106-124.jpg,"[0, 0, 256, 256]",1.0,sdnet_tile,wall
utuh/wall_7106-126.jpg,0,utuh,test_wall,wall,wall_7106,W/UW/7106-126.jpg,"[0, 0, 256, 256]",1.0,sdnet_tile,wall
utuh/wall_7106-132.jpg,0,utuh,test_wall,wall,wall_7106,W/UW/7106-132.jpg,"[0, 0, 256, 256]",1.0,sdnet_tile,wall
utuh/wall_7106-148.jpg,0,utuh,test_wall,wall,wall_7106,W/UW/7106-148.jpg,"[0, 0, 256, 256]",1.0,sdnet_tile,wall
utuh/wall_7106-16.jpg,0,utuh,test_wall,wall,wall_7106,W/UW/7106-16.jpg,"[0, 0, 256, 256]",1.0,sdnet_tile,wall
utuh/wall_7106-161.jpg,0,utuh,test_wall,wall,wall_7106,W/UW/7106-161.jpg,"[0, 0, 256, 256]",1.0,sdnet_tile,wall
utuh/wall_7106-164.jpg,0,utuh,test_wall,wall,wall_7106,W/UW/7106-164.jpg,"[0, 0, 256, 256]",1.0,sdnet_tile,wall
utuh/wall_7106-175.jpg,0,utuh,test_wall,wall,wall_7106,W/UW/7106-175.jpg,"[0, 0, 256, 256]",1.0,sdnet_tile,wall
utuh/wall_7106-18.jpg,0,utuh,test_wall,wall,wall_7106,W/UW/7106-18.jpg,"[0, 0, 256, 256]",1.0,sdnet_tile,wall
utuh/wall_7106-186.jpg,0,utuh,test_wall,wall,wall_7106,W/UW/7106-186.jpg,"[0, 0, 256, 256]",1.0,sdnet_tile,wall
utuh/wall_7106-199.jpg,0,utuh,test_wall,wall,wall_7106,W/UW/7106-199.jpg,"[0, 0, 256, 256]",1.0,sdnet_tile,wall
utuh/wall_7106-204.jpg,0,utuh,test_wall,wall,wall_7106,W/UW/7106-204.jpg,"[0, 0, 256, 256]",1.0,sdnet_tile,wall
utuh/wall_7106-229.jpg,0,utuh,test_wall,wall,wall_7106,W/UW/7106-229.jpg,"[0, 0, 256, 256]",1.0,sdnet_tile,wall
utuh/wall_7106-230.jpg,0,utuh,test_wall,wall,wall_7106,W/UW/7106-230.jpg,"[0, 0, 256, 256]",1.0,sdnet_tile,wall
utuh/wall_7106-236.jpg,0,utuh,test_wall,wall,wall_7106,W/UW/7106-236.jpg,"[0, 0, 256, 256]",1.0,sdnet_tile,wall
utuh/wall_7106-238.jpg,0,utuh,test_wall,wall,wall_7106,W/UW/7106-238.jpg,"[0, 0, 256, 256]",1.0,sdnet_tile,wall
utuh/wall_7106-239.jpg,0,utuh,test_wall,wall,wall_7106,W/UW/7106-239.jpg,"[0, 0, 256, 256]",1.0,sdnet_tile,wall
utuh/wall_7106-247.jpg,0,utuh,test_wall,wall,wall_7106,W/UW/7106-247.jpg,"[0, 0, 256, 256]",1.0,sdnet_tile,wall
utuh/wall_7106-252.jpg,0,utuh,test_wall,wall,wall_7106,W/UW/7106-252.jpg,"[0, 0, 256, 256]",1.0,sdnet_tile,wall
utuh/wall_7106-39.jpg,0,utuh,test_wall,wall,wall_7106,W/UW/7106-39.jpg,"[0, 0, 256, 256]",1.0,sdnet_tile,wall
utuh/wall_7106-4.jpg,0,utuh,test_wall,wall,wall_7106,W/UW/7106-4.jpg,"[0, 0, 256, 256]",1.0,sdnet_tile,wall
utuh/wall_7106-43.jpg,0,utuh,test_wall,wall,wall_7106,W/UW/7106-43.jpg,"[0, 0, 256, 256]",1.0,sdnet_tile,wall
utuh/wall_7106-5.jpg,0,utuh,test_wall,wall,wall_7106,W/UW/7106-5.jpg,"[0, 0, 256, 256]",1.0,sdnet_tile,wall
utuh/wall_7106-57.jpg,0,utuh,test_wall,wall,wall_7106,W/UW/7106-57.jpg,"[0, 0, 256, 256]",1.0,sdnet_tile,wall
utuh/wall_7106-60.jpg,0,utuh,test_wall,wall,wall_7106,W/UW/7106-60.jpg,"[0, 0, 256, 256]",1.0,sdnet_tile,wall
utuh/wall_7106-68.jpg,0,utuh,test_wall,wall,wall_7106,W/UW/7106-68.jpg,"[0, 0, 256, 256]",1.0,sdnet_tile,wall
utuh/wall_7106-74.jpg,0,utuh,test_wall,wall,wall_7106,W/UW/7106-74.jpg,"[0, 0, 256, 256]",1.0,sdnet_tile,wall
utuh/wall_7106-76.jpg,0,utuh,test_wall,wall,wall_7106,W/UW/7106-76.jpg,"[0, 0, 256, 256]",1.0,sdnet_tile,wall
utuh/wall_7107-142.jpg,0,utuh,test_wall,wall,wall_7107,W/UW/7107-142.jpg,"[0, 0, 256, 256]",1.0,sdnet_tile,wall
utuh/wall_7107-145.jpg,0,utuh,test_wall,wall,wall_7107,W/UW/7107-145.jpg,"[0, 0, 256, 256]",1.0,sdnet_tile,wall
utuh/wall_7107-16.jpg,0,utuh,test_wall,wall,wall_7107,W/UW/7107-16.jpg,"[0, 0, 256, 256]",1.0,sdnet_tile,wall
utuh/wall_7107-168.jpg,0,utuh,test_wall,wall,wall_7107,W/UW/7107-168.jpg,"[0, 0, 256, 256]",1.0,sdnet_tile,wall
utuh/wall_7107-179.jpg,0,utuh,test_wall,wall,wall_7107,W/UW/7107-179.jpg,"[0, 0, 256, 256]",1.0,sdnet_tile,wall
utuh/wall_7107-184.jpg,0,utuh,test_wall,wall,wall_7107,W/UW/7107-184.jpg,"[0, 0, 256, 256]",1.0,sdnet_tile,wall
utuh/wall_7107-185.jpg,0,utuh,test_wall,wall,wall_7107,W/UW/7107-185.jpg,"[0, 0, 256, 256]",1.0,sdnet_tile,wall
utuh/wall_7107-186.jpg,0,utuh,test_wall,wall,wall_7107,W/UW/7107-186.jpg,"[0, 0, 256, 256]",1.0,sdnet_tile,wall
utuh/wall_7107-192.jpg,0,utuh,test_wall,wall,wall_7107,W/UW/7107-192.jpg,"[0, 0, 256, 256]",1.0,sdnet_tile,wall
utuh/wall_7107-193.jpg,0,utuh,test_wall,wall,wall_7107,W/UW/7107-193.jpg,"[0, 0, 256, 256]",1.0,sdnet_tile,wall
utuh/wall_7107-2.jpg,0,utuh,test_wall,wall,wall_7107,W/UW/7107-2.jpg,"[0, 0, 256, 256]",1.0,sdnet_tile,wall
utuh/wall_7107-203.jpg,0,utuh,test_wall,wall,wall_7107,W/UW/7107-203.jpg,"[0, 0, 256, 256]",1.0,sdnet_tile,wall
utuh/wall_7107-21.jpg,0,utuh,test_wall,wall,wall_7107,W/UW/7107-21.jpg,"[0, 0, 256, 256]",1.0,sdnet_tile,wall
utuh/wall_7107-214.jpg,0,utuh,test_wall,wall,wall_7107,W/UW/7107-214.jpg,"[0, 0, 256, 256]",1.0,sdnet_tile,wall
utuh/wall_7107-216.jpg,0,utuh,test_wall,wall,wall_7107,W/UW/7107-216.jpg,"[0, 0, 256, 256]",1.0,sdnet_tile,wall
utuh/wall_7107-221.jpg,0,utuh,test_wall,wall,wall_7107,W/UW/7107-221.jpg,"[0, 0, 256, 256]",1.0,sdnet_tile,wall
utuh/wall_7107-226.jpg,0,utuh,test_wall,wall,wall_7107,W/UW/7107-226.jpg,"[0, 0, 256, 256]",1.0,sdnet_tile,wall
utuh/wall_7107-23.jpg,0,utuh,test_wall,wall,wall_7107,W/UW/7107-23.jpg,"[0, 0, 256, 256]",1.0,sdnet_tile,wall
utuh/wall_7107-241.jpg,0,utuh,test_wall,wall,wall_7107,W/UW/7107-241.jpg,"[0, 0, 256, 256]",1.0,sdnet_tile,wall
utuh/wall_7107-248.jpg,0,utuh,test_wall,wall,wall_7107,W/UW/7107-248.jpg,"[0, 0, 256, 256]",1.0,sdnet_tile,wall
utuh/wall_7107-25.jpg,0,utuh,test_wall,wall,wall_7107,W/UW/7107-25.jpg,"[0, 0, 256, 256]",1.0,sdnet_tile,wall
utuh/wall_7107-31.jpg,0,utuh,test_wall,wall,wall_7107,W/UW/7107-31.jpg,"[0, 0, 256, 256]",1.0,sdnet_tile,wall
utuh/wall_7107-34.jpg,0,utuh,test_wall,wall,wall_7107,W/UW/7107-34.jpg,"[0, 0, 256, 256]",1.0,sdnet_tile,wall
utuh/wall_7107-35.jpg,0,utuh,test_wall,wall,wall_7107,W/UW/7107-35.jpg,"[0, 0, 256, 256]",1.0,sdnet_tile,wall
utuh/wall_7107-37.jpg,0,utuh,test_wall,wall,wall_7107,W/UW/7107-37.jpg,"[0, 0, 256, 256]",1.0,sdnet_tile,wall
utuh/wall_7107-41.jpg,0,utuh,test_wall,wall,wall_7107,W/UW/7107-41.jpg,"[0, 0, 256, 256]",1.0,sdnet_tile,wall
utuh/wall_7107-57.jpg,0,utuh,test_wall,wall,wall_7107,W/UW/7107-57.jpg,"[0, 0, 256, 256]",1.0,sdnet_tile,wall
utuh/wall_7107-59.jpg,0,utuh,test_wall,wall,wall_7107,W/UW/7107-59.jpg,"[0, 0, 256, 256]",1.0,sdnet_tile,wall
utuh/wall_7107-65.jpg,0,utuh,test_wall,wall,wall_7107,W/UW/7107-65.jpg,"[0, 0, 256, 256]",1.0,sdnet_tile,wall
utuh/wall_7107-7.jpg,0,utuh,test_wall,wall,wall_7107,W/UW/7107-7.jpg,"[0, 0, 256, 256]",1.0,sdnet_tile,wall
utuh/wall_7107-70.jpg,0,utuh,test_wall,wall,wall_7107,W/UW/7107-70.jpg,"[0, 0, 256, 256]",1.0,sdnet_tile,wall
utuh/wall_7107-84.jpg,0,utuh,test_wall,wall,wall_7107,W/UW/7107-84.jpg,"[0, 0, 256, 256]",1.0,sdnet_tile,wall
utuh/wall_7107-88.jpg,0,utuh,test_wall,wall,wall_7107,W/UW/7107-88.jpg,"[0, 0, 256, 256]",1.0,sdnet_tile,wall
utuh/wall_7108-103.jpg,0,utuh,test_wall,wall,wall_7108,W/UW/7108-103.jpg,"[0, 0, 256, 256]",1.0,sdnet_tile,wall
utuh/wall_7108-104.jpg,0,utuh,test_wall,wall,wall_7108,W/UW/7108-104.jpg,"[0, 0, 256, 256]",1.0,sdnet_tile,wall
utuh/wall_7108-106.jpg,0,utuh,test_wall,wall,wall_7108,W/UW/7108-106.jpg,"[0, 0, 256, 256]",1.0,sdnet_tile,wall
utuh/wall_7108-107.jpg,0,utuh,test_wall,wall,wall_7108,W/UW/7108-107.jpg,"[0, 0, 256, 256]",1.0,sdnet_tile,wall
utuh/wall_7108-112.jpg,0,utuh,test_wall,wall,wall_7108,W/UW/7108-112.jpg,"[0, 0, 256, 256]",1.0,sdnet_tile,wall
utuh/wall_7108-114.jpg,0,utuh,test_wall,wall,wall_7108,W/UW/7108-114.jpg,"[0, 0, 256, 256]",1.0,sdnet_tile,wall
utuh/wall_7108-128.jpg,0,utuh,test_wall,wall,wall_7108,W/UW/7108-128.jpg,"[0, 0, 256, 256]",1.0,sdnet_tile,wall
utuh/wall_7108-133.jpg,0,utuh,test_wall,wall,wall_7108,W/UW/7108-133.jpg,"[0, 0, 256, 256]",1.0,sdnet_tile,wall
utuh/wall_7108-143.jpg,0,utuh,test_wall,wall,wall_7108,W/UW/7108-143.jpg,"[0, 0, 256, 256]",1.0,sdnet_tile,wall
utuh/wall_7108-155.jpg,0,utuh,test_wall,wall,wall_7108,W/UW/7108-155.jpg,"[0, 0, 256, 256]",1.0,sdnet_tile,wall
utuh/wall_7108-160.jpg,0,utuh,test_wall,wall,wall_7108,W/UW/7108-160.jpg,"[0, 0, 256, 256]",1.0,sdnet_tile,wall
utuh/wall_7108-169.jpg,0,utuh,test_wall,wall,wall_7108,W/UW/7108-169.jpg,"[0, 0, 256, 256]",1.0,sdnet_tile,wall
utuh/wall_7108-17.jpg,0,utuh,test_wall,wall,wall_7108,W/UW/7108-17.jpg,"[0, 0, 256, 256]",1.0,sdnet_tile,wall
utuh/wall_7108-178.jpg,0,utuh,test_wall,wall,wall_7108,W/UW/7108-178.jpg,"[0, 0, 256, 256]",1.0,sdnet_tile,wall
utuh/wall_7108-181.jpg,0,utuh,test_wall,wall,wall_7108,W/UW/7108-181.jpg,"[0, 0, 256, 256]",1.0,sdnet_tile,wall
utuh/wall_7108-191.jpg,0,utuh,test_wall,wall,wall_7108,W/UW/7108-191.jpg,"[0, 0, 256, 256]",1.0,sdnet_tile,wall
utuh/wall_7108-193.jpg,0,utuh,test_wall,wall,wall_7108,W/UW/7108-193.jpg,"[0, 0, 256, 256]",1.0,sdnet_tile,wall
utuh/wall_7108-195.jpg,0,utuh,test_wall,wall,wall_7108,W/UW/7108-195.jpg,"[0, 0, 256, 256]",1.0,sdnet_tile,wall
utuh/wall_7108-199.jpg,0,utuh,test_wall,wall,wall_7108,W/UW/7108-199.jpg,"[0, 0, 256, 256]",1.0,sdnet_tile,wall
utuh/wall_7108-208.jpg,0,utuh,test_wall,wall,wall_7108,W/UW/7108-208.jpg,"[0, 0, 256, 256]",1.0,sdnet_tile,wall
utuh/wall_7108-209.jpg,0,utuh,test_wall,wall,wall_7108,W/UW/7108-209.jpg,"[0, 0, 256, 256]",1.0,sdnet_tile,wall
utuh/wall_7108-210.jpg,0,utuh,test_wall,wall,wall_7108,W/UW/7108-210.jpg,"[0, 0, 256, 256]",1.0,sdnet_tile,wall
utuh/wall_7108-219.jpg,0,utuh,test_wall,wall,wall_7108,W/UW/7108-219.jpg,"[0, 0, 256, 256]",1.0,sdnet_tile,wall
utuh/wall_7108-238.jpg,0,utuh,test_wall,wall,wall_7108,W/UW/7108-238.jpg,"[0, 0, 256, 256]",1.0,sdnet_tile,wall
utuh/wall_7108-249.jpg,0,utuh,test_wall,wall,wall_7108,W/UW/7108-249.jpg,"[0, 0, 256, 256]",1.0,sdnet_tile,wall
utuh/wall_7108-26.jpg,0,utuh,test_wall,wall,wall_7108,W/UW/7108-26.jpg,"[0, 0, 256, 256]",1.0,sdnet_tile,wall
utuh/wall_7108-5.jpg,0,utuh,test_wall,wall,wall_7108,W/UW/7108-5.jpg,"[0, 0, 256, 256]",1.0,sdnet_tile,wall
utuh/wall_7108-52.jpg,0,utuh,test_wall,wall,wall_7108,W/UW/7108-52.jpg,"[0, 0, 256, 256]",1.0,sdnet_tile,wall
utuh/wall_7108-64.jpg,0,utuh,test_wall,wall,wall_7108,W/UW/7108-64.jpg,"[0, 0, 256, 256]",1.0,sdnet_tile,wall
utuh/wall_7108-72.jpg,0,utuh,test_wall,wall,wall_7108,W/UW/7108-72.jpg,"[0, 0, 256, 256]",1.0,sdnet_tile,wall
utuh/wall_7108-74.jpg,0,utuh,test_wall,wall,wall_7108,W/UW/7108-74.jpg,"[0, 0, 256, 256]",1.0,sdnet_tile,wall
utuh/wall_7108-85.jpg,0,utuh,test_wall,wall,wall_7108,W/UW/7108-85.jpg,"[0, 0, 256, 256]",1.0,sdnet_tile,wall
utuh/wall_7108-86.jpg,0,utuh,test_wall,wall,wall_7108,W/UW/7108-86.jpg,"[0, 0, 256, 256]",1.0,sdnet_tile,wall
utuh/wall_7109-10.jpg,0,utuh,test_wall,wall,wall_7109,W/UW/7109-10.jpg,"[0, 0, 256, 256]",1.0,sdnet_tile,wall
utuh/wall_7109-103.jpg,0,utuh,test_wall,wall,wall_7109,W/UW/7109-103.jpg,"[0, 0, 256, 256]",1.0,sdnet_tile,wall
utuh/wall_7109-111.jpg,0,utuh,test_wall,wall,wall_7109,W/UW/7109-111.jpg,"[0, 0, 256, 256]",1.0,sdnet_tile,wall
utuh/wall_7109-128.jpg,0,utuh,test_wall,wall,wall_7109,W/UW/7109-128.jpg,"[0, 0, 256, 256]",1.0,sdnet_tile,wall
utuh/wall_7109-13.jpg,0,utuh,test_wall,wall,wall_7109,W/UW/7109-13.jpg,"[0, 0, 256, 256]",1.0,sdnet_tile,wall
utuh/wall_7109-135.jpg,0,utuh,test_wall,wall,wall_7109,W/UW/7109-135.jpg,"[0, 0, 256, 256]",1.0,sdnet_tile,wall
utuh/wall_7109-141.jpg,0,utuh,test_wall,wall,wall_7109,W/UW/7109-141.jpg,"[0, 0, 256, 256]",1.0,sdnet_tile,wall
utuh/wall_7109-142.jpg,0,utuh,test_wall,wall,wall_7109,W/UW/7109-142.jpg,"[0, 0, 256, 256]",1.0,sdnet_tile,wall
utuh/wall_7109-148.jpg,0,utuh,test_wall,wall,wall_7109,W/UW/7109-148.jpg,"[0, 0, 256, 256]",1.0,sdnet_tile,wall
utuh/wall_7109-15.jpg,0,utuh,test_wall,wall,wall_7109,W/UW/7109-15.jpg,"[0, 0, 256, 256]",1.0,sdnet_tile,wall
utuh/wall_7109-155.jpg,0,utuh,test_wall,wall,wall_7109,W/UW/7109-155.jpg,"[0, 0, 256, 256]",1.0,sdnet_tile,wall
utuh/wall_7109-160.jpg,0,utuh,test_wall,wall,wall_7109,W/UW/7109-160.jpg,"[0, 0, 256, 256]",1.0,sdnet_tile,wall
utuh/wall_7109-165.jpg,0,utuh,test_wall,wall,wall_7109,W/UW/7109-165.jpg,"[0, 0, 256, 256]",1.0,sdnet_tile,wall
utuh/wall_7109-172.jpg,0,utuh,test_wall,wall,wall_7109,W/UW/7109-172.jpg,"[0, 0, 256, 256]",1.0,sdnet_tile,wall
utuh/wall_7109-179.jpg,0,utuh,test_wall,wall,wall_7109,W/UW/7109-179.jpg,"[0, 0, 256, 256]",1.0,sdnet_tile,wall
utuh/wall_7109-192.jpg,0,utuh,test_wall,wall,wall_7109,W/UW/7109-192.jpg,"[0, 0, 256, 256]",1.0,sdnet_tile,wall
utuh/wall_7109-201.jpg,0,utuh,test_wall,wall,wall_7109,W/UW/7109-201.jpg,"[0, 0, 256, 256]",1.0,sdnet_tile,wall
utuh/wall_7109-208.jpg,0,utuh,test_wall,wall,wall_7109,W/UW/7109-208.jpg,"[0, 0, 256, 256]",1.0,sdnet_tile,wall
utuh/wall_7109-214.jpg,0,utuh,test_wall,wall,wall_7109,W/UW/7109-214.jpg,"[0, 0, 256, 256]",1.0,sdnet_tile,wall
utuh/wall_7109-219.jpg,0,utuh,test_wall,wall,wall_7109,W/UW/7109-219.jpg,"[0, 0, 256, 256]",1.0,sdnet_tile,wall
utuh/wall_7109-22.jpg,0,utuh,test_wall,wall,wall_7109,W/UW/7109-22.jpg,"[0, 0, 256, 256]",1.0,sdnet_tile,wall
utuh/wall_7109-220.jpg,0,utuh,test_wall,wall,wall_7109,W/UW/7109-220.jpg,"[0, 0, 256, 256]",1.0,sdnet_tile,wall
utuh/wall_7109-226.jpg,0,utuh,test_wall,wall,wall_7109,W/UW/7109-226.jpg,"[0, 0, 256, 256]",1.0,sdnet_tile,wall
utuh/wall_7109-235.jpg,0,utuh,test_wall,wall,wall_7109,W/UW/7109-235.jpg,"[0, 0, 256, 256]",1.0,sdnet_tile,wall
utuh/wall_7109-252.jpg,0,utuh,test_wall,wall,wall_7109,W/UW/7109-252.jpg,"[0, 0, 256, 256]",1.0,sdnet_tile,wall
utuh/wall_7109-34.jpg,0,utuh,test_wall,wall,wall_7109,W/UW/7109-34.jpg,"[0, 0, 256, 256]",1.0,sdnet_tile,wall
utuh/wall_7109-35.jpg,0,utuh,test_wall,wall,wall_7109,W/UW/7109-35.jpg,"[0, 0, 256, 256]",1.0,sdnet_tile,wall
utuh/wall_7109-49.jpg,0,utuh,test_wall,wall,wall_7109,W/UW/7109-49.jpg,"[0, 0, 256, 256]",1.0,sdnet_tile,wall
utuh/wall_7109-65.jpg,0,utuh,test_wall,wall,wall_7109,W/UW/7109-65.jpg,"[0, 0, 256, 256]",1.0,sdnet_tile,wall
utuh/wall_7109-69.jpg,0,utuh,test_wall,wall,wall_7109,W/UW/7109-69.jpg,"[0, 0, 256, 256]",1.0,sdnet_tile,wall
utuh/wall_7109-86.jpg,0,utuh,test_wall,wall,wall_7109,W/UW/7109-86.jpg,"[0, 0, 256, 256]",1.0,sdnet_tile,wall
utuh/wall_7109-93.jpg,0,utuh,test_wall,wall,wall_7109,W/UW/7109-93.jpg,"[0, 0, 256, 256]",1.0,sdnet_tile,wall
utuh/wall_7109-95.jpg,0,utuh,test_wall,wall,wall_7109,W/UW/7109-95.jpg,"[0, 0, 256, 256]",1.0,sdnet_tile,wall
utuh/wall_7110-102.jpg,0,utuh,test_wall,wall,wall_7110,W/UW/7110-102.jpg,"[0, 0, 256, 256]",1.0,sdnet_tile,wall
utuh/wall_7110-110.jpg,0,utuh,test_wall,wall,wall_7110,W/UW/7110-110.jpg,"[0, 0, 256, 256]",1.0,sdnet_tile,wall
utuh/wall_7110-111.jpg,0,utuh,test_wall,wall,wall_7110,W/UW/7110-111.jpg,"[0, 0, 256, 256]",1.0,sdnet_tile,wall
utuh/wall_7110-113.jpg,0,utuh,test_wall,wall,wall_7110,W/UW/7110-113.jpg,"[0, 0, 256, 256]",1.0,sdnet_tile,wall
utuh/wall_7110-12.jpg,0,utuh,test_wall,wall,wall_7110,W/UW/7110-12.jpg,"[0, 0, 256, 256]",1.0,sdnet_tile,wall
utuh/wall_7110-120.jpg,0,utuh,test_wall,wall,wall_7110,W/UW/7110-120.jpg,"[0, 0, 256, 256]",1.0,sdnet_tile,wall
utuh/wall_7110-121.jpg,0,utuh,test_wall,wall,wall_7110,W/UW/7110-121.jpg,"[0, 0, 256, 256]",1.0,sdnet_tile,wall
utuh/wall_7110-129.jpg,0,utuh,test_wall,wall,wall_7110,W/UW/7110-129.jpg,"[0, 0, 256, 256]",1.0,sdnet_tile,wall
utuh/wall_7110-131.jpg,0,utuh,test_wall,wall,wall_7110,W/UW/7110-131.jpg,"[0, 0, 256, 256]",1.0,sdnet_tile,wall
utuh/wall_7110-151.jpg,0,utuh,test_wall,wall,wall_7110,W/UW/7110-151.jpg,"[0, 0, 256, 256]",1.0,sdnet_tile,wall
utuh/wall_7110-165.jpg,0,utuh,test_wall,wall,wall_7110,W/UW/7110-165.jpg,"[0, 0, 256, 256]",1.0,sdnet_tile,wall
utuh/wall_7110-166.jpg,0,utuh,test_wall,wall,wall_7110,W/UW/7110-166.jpg,"[0, 0, 256, 256]",1.0,sdnet_tile,wall
utuh/wall_7110-182.jpg,0,utuh,test_wall,wall,wall_7110,W/UW/7110-182.jpg,"[0, 0, 256, 256]",1.0,sdnet_tile,wall
utuh/wall_7110-186.jpg,0,utuh,test_wall,wall,wall_7110,W/UW/7110-186.jpg,"[0, 0, 256, 256]",1.0,sdnet_tile,wall
utuh/wall_7110-190.jpg,0,utuh,test_wall,wall,wall_7110,W/UW/7110-190.jpg,"[0, 0, 256, 256]",1.0,sdnet_tile,wall
utuh/wall_7110-197.jpg,0,utuh,test_wall,wall,wall_7110,W/UW/7110-197.jpg,"[0, 0, 256, 256]",1.0,sdnet_tile,wall
utuh/wall_7110-208.jpg,0,utuh,test_wall,wall,wall_7110,W/UW/7110-208.jpg,"[0, 0, 256, 256]",1.0,sdnet_tile,wall
utuh/wall_7110-216.jpg,0,utuh,test_wall,wall,wall_7110,W/UW/7110-216.jpg,"[0, 0, 256, 256]",1.0,sdnet_tile,wall
utuh/wall_7110-240.jpg,0,utuh,test_wall,wall,wall_7110,W/UW/7110-240.jpg,"[0, 0, 256, 256]",1.0,sdnet_tile,wall
utuh/wall_7110-243.jpg,0,utuh,test_wall,wall,wall_7110,W/UW/7110-243.jpg,"[0, 0, 256, 256]",1.0,sdnet_tile,wall
utuh/wall_7110-40.jpg,0,utuh,test_wall,wall,wall_7110,W/UW/7110-40.jpg,"[0, 0, 256, 256]",1.0,sdnet_tile,wall
utuh/wall_7110-44.jpg,0,utuh,test_wall,wall,wall_7110,W/UW/7110-44.jpg,"[0, 0, 256, 256]",1.0,sdnet_tile,wall
utuh/wall_7110-46.jpg,0,utuh,test_wall,wall,wall_7110,W/UW/7110-46.jpg,"[0, 0, 256, 256]",1.0,sdnet_tile,wall
utuh/wall_7110-53.jpg,0,utuh,test_wall,wall,wall_7110,W/UW/7110-53.jpg,"[0, 0, 256, 256]",1.0,sdnet_tile,wall
utuh/wall_7110-55.jpg,0,utuh,test_wall,wall,wall_7110,W/UW/7110-55.jpg,"[0, 0, 256, 256]",1.0,sdnet_tile,wall
utuh/wall_7110-63.jpg,0,utuh,test_wall,wall,wall_7110,W/UW/7110-63.jpg,"[0, 0, 256, 256]",1.0,sdnet_tile,wall
utuh/wall_7110-65.jpg,0,utuh,test_wall,wall,wall_7110,W/UW/7110-65.jpg,"[0, 0, 256, 256]",1.0,sdnet_tile,wall
utuh/wall_7110-68.jpg,0,utuh,test_wall,wall,wall_7110,W/UW/7110-68.jpg,"[0, 0, 256, 256]",1.0,sdnet_tile,wall
utuh/wall_7110-70.jpg,0,utuh,test_wall,wall,wall_7110,W/UW/7110-70.jpg,"[0, 0, 256, 256]",1.0,sdnet_tile,wall
utuh/wall_7110-77.jpg,0,utuh,test_wall,wall,wall_7110,W/UW/7110-77.jpg,"[0, 0, 256, 256]",1.0,sdnet_tile,wall
utuh/wall_7110-78.jpg,0,utuh,test_wall,wall,wall_7110,W/UW/7110-78.jpg,"[0, 0, 256, 256]",1.0,sdnet_tile,wall
utuh/wall_7110-92.jpg,0,utuh,test_wall,wall,wall_7110,W/UW/7110-92.jpg,"[0, 0, 256, 256]",1.0,sdnet_tile,wall
utuh/wall_7110-95.jpg,0,utuh,test_wall,wall,wall_7110,W/UW/7110-95.jpg,"[0, 0, 256, 256]",1.0,sdnet_tile,wall
utuh/wall_7111-104.jpg,0,utuh,test_wall,wall,wall_7111,W/UW/7111-104.jpg,"[0, 0, 256, 256]",1.0,sdnet_tile,wall
utuh/wall_7111-113.jpg,0,utuh,test_wall,wall,wall_7111,W/UW/7111-113.jpg,"[0, 0, 256, 256]",1.0,sdnet_tile,wall
utuh/wall_7111-128.jpg,0,utuh,test_wall,wall,wall_7111,W/UW/7111-128.jpg,"[0, 0, 256, 256]",1.0,sdnet_tile,wall
utuh/wall_7111-140.jpg,0,utuh,test_wall,wall,wall_7111,W/UW/7111-140.jpg,"[0, 0, 256, 256]",1.0,sdnet_tile,wall
utuh/wall_7111-16.jpg,0,utuh,test_wall,wall,wall_7111,W/UW/7111-16.jpg,"[0, 0, 256, 256]",1.0,sdnet_tile,wall
utuh/wall_7111-174.jpg,0,utuh,test_wall,wall,wall_7111,W/UW/7111-174.jpg,"[0, 0, 256, 256]",1.0,sdnet_tile,wall
utuh/wall_7111-175.jpg,0,utuh,test_wall,wall,wall_7111,W/UW/7111-175.jpg,"[0, 0, 256, 256]",1.0,sdnet_tile,wall
utuh/wall_7111-18.jpg,0,utuh,test_wall,wall,wall_7111,W/UW/7111-18.jpg,"[0, 0, 256, 256]",1.0,sdnet_tile,wall
utuh/wall_7111-182.jpg,0,utuh,test_wall,wall,wall_7111,W/UW/7111-182.jpg,"[0, 0, 256, 256]",1.0,sdnet_tile,wall
utuh/wall_7111-185.jpg,0,utuh,test_wall,wall,wall_7111,W/UW/7111-185.jpg,"[0, 0, 256, 256]",1.0,sdnet_tile,wall
utuh/wall_7111-187.jpg,0,utuh,test_wall,wall,wall_7111,W/UW/7111-187.jpg,"[0, 0, 256, 256]",1.0,sdnet_tile,wall
utuh/wall_7111-191.jpg,0,utuh,test_wall,wall,wall_7111,W/UW/7111-191.jpg,"[0, 0, 256, 256]",1.0,sdnet_tile,wall
utuh/wall_7111-197.jpg,0,utuh,test_wall,wall,wall_7111,W/UW/7111-197.jpg,"[0, 0, 256, 256]",1.0,sdnet_tile,wall
utuh/wall_7111-198.jpg,0,utuh,test_wall,wall,wall_7111,W/UW/7111-198.jpg,"[0, 0, 256, 256]",1.0,sdnet_tile,wall
utuh/wall_7111-199.jpg,0,utuh,test_wall,wall,wall_7111,W/UW/7111-199.jpg,"[0, 0, 256, 256]",1.0,sdnet_tile,wall
utuh/wall_7111-201.jpg,0,utuh,test_wall,wall,wall_7111,W/UW/7111-201.jpg,"[0, 0, 256, 256]",1.0,sdnet_tile,wall
utuh/wall_7111-202.jpg,0,utuh,test_wall,wall,wall_7111,W/UW/7111-202.jpg,"[0, 0, 256, 256]",1.0,sdnet_tile,wall
utuh/wall_7111-205.jpg,0,utuh,test_wall,wall,wall_7111,W/UW/7111-205.jpg,"[0, 0, 256, 256]",1.0,sdnet_tile,wall
utuh/wall_7111-212.jpg,0,utuh,test_wall,wall,wall_7111,W/UW/7111-212.jpg,"[0, 0, 256, 256]",1.0,sdnet_tile,wall
utuh/wall_7111-220.jpg,0,utuh,test_wall,wall,wall_7111,W/UW/7111-220.jpg,"[0, 0, 256, 256]",1.0,sdnet_tile,wall
utuh/wall_7111-228.jpg,0,utuh,test_wall,wall,wall_7111,W/UW/7111-228.jpg,"[0, 0, 256, 256]",1.0,sdnet_tile,wall
utuh/wall_7111-239.jpg,0,utuh,test_wall,wall,wall_7111,W/UW/7111-239.jpg,"[0, 0, 256, 256]",1.0,sdnet_tile,wall
utuh/wall_7111-240.jpg,0,utuh,test_wall,wall,wall_7111,W/UW/7111-240.jpg,"[0, 0, 256, 256]",1.0,sdnet_tile,wall
utuh/wall_7111-252.jpg,0,utuh,test_wall,wall,wall_7111,W/UW/7111-252.jpg,"[0, 0, 256, 256]",1.0,sdnet_tile,wall
utuh/wall_7111-3.jpg,0,utuh,test_wall,wall,wall_7111,W/UW/7111-3.jpg,"[0, 0, 256, 256]",1.0,sdnet_tile,wall
utuh/wall_7111-30.jpg,0,utuh,test_wall,wall,wall_7111,W/UW/7111-30.jpg,"[0, 0, 256, 256]",1.0,sdnet_tile,wall
utuh/wall_7111-41.jpg,0,utuh,test_wall,wall,wall_7111,W/UW/7111-41.jpg,"[0, 0, 256, 256]",1.0,sdnet_tile,wall
utuh/wall_7111-44.jpg,0,utuh,test_wall,wall,wall_7111,W/UW/7111-44.jpg,"[0, 0, 256, 256]",1.0,sdnet_tile,wall
utuh/wall_7111-48.jpg,0,utuh,test_wall,wall,wall_7111,W/UW/7111-48.jpg,"[0, 0, 256, 256]",1.0,sdnet_tile,wall
utuh/wall_7111-5.jpg,0,utuh,test_wall,wall,wall_7111,W/UW/7111-5.jpg,"[0, 0, 256, 256]",1.0,sdnet_tile,wall
utuh/wall_7111-57.jpg,0,utuh,test_wall,wall,wall_7111,W/UW/7111-57.jpg,"[0, 0, 256, 256]",1.0,sdnet_tile,wall
utuh/wall_7111-66.jpg,0,utuh,test_wall,wall,wall_7111,W/UW/7111-66.jpg,"[0, 0, 256, 256]",1.0,sdnet_tile,wall
utuh/wall_7111-90.jpg,0,utuh,test_wall,wall,wall_7111,W/UW/7111-90.jpg,"[0, 0, 256, 256]",1.0,sdnet_tile,wall
utuh/wall_7112-1.jpg,0,utuh,test_wall,wall,wall_7112,W/UW/7112-1.jpg,"[0, 0, 256, 256]",1.0,sdnet_tile,wall
utuh/wall_7112-10.jpg,0,utuh,test_wall,wall,wall_7112,W/UW/7112-10.jpg,"[0, 0, 256, 256]",1.0,sdnet_tile,wall
utuh/wall_7112-118.jpg,0,utuh,test_wall,wall,wall_7112,W/UW/7112-118.jpg,"[0, 0, 256, 256]",1.0,sdnet_tile,wall
utuh/wall_7112-125.jpg,0,utuh,test_wall,wall,wall_7112,W/UW/7112-125.jpg,"[0, 0, 256, 256]",1.0,sdnet_tile,wall
utuh/wall_7112-128.jpg,0,utuh,test_wall,wall,wall_7112,W/UW/7112-128.jpg,"[0, 0, 256, 256]",1.0,sdnet_tile,wall
utuh/wall_7112-144.jpg,0,utuh,test_wall,wall,wall_7112,W/UW/7112-144.jpg,"[0, 0, 256, 256]",1.0,sdnet_tile,wall
utuh/wall_7112-166.jpg,0,utuh,test_wall,wall,wall_7112,W/UW/7112-166.jpg,"[0, 0, 256, 256]",1.0,sdnet_tile,wall
utuh/wall_7112-169.jpg,0,utuh,test_wall,wall,wall_7112,W/UW/7112-169.jpg,"[0, 0, 256, 256]",1.0,sdnet_tile,wall
utuh/wall_7112-172.jpg,0,utuh,test_wall,wall,wall_7112,W/UW/7112-172.jpg,"[0, 0, 256, 256]",1.0,sdnet_tile,wall
utuh/wall_7112-177.jpg,0,utuh,test_wall,wall,wall_7112,W/UW/7112-177.jpg,"[0, 0, 256, 256]",1.0,sdnet_tile,wall
utuh/wall_7112-178.jpg,0,utuh,test_wall,wall,wall_7112,W/UW/7112-178.jpg,"[0, 0, 256, 256]",1.0,sdnet_tile,wall
utuh/wall_7112-179.jpg,0,utuh,test_wall,wall,wall_7112,W/UW/7112-179.jpg,"[0, 0, 256, 256]",1.0,sdnet_tile,wall
utuh/wall_7112-191.jpg,0,utuh,test_wall,wall,wall_7112,W/UW/7112-191.jpg,"[0, 0, 256, 256]",1.0,sdnet_tile,wall
utuh/wall_7112-204.jpg,0,utuh,test_wall,wall,wall_7112,W/UW/7112-204.jpg,"[0, 0, 256, 256]",1.0,sdnet_tile,wall
utuh/wall_7112-210.jpg,0,utuh,test_wall,wall,wall_7112,W/UW/7112-210.jpg,"[0, 0, 256, 256]",1.0,sdnet_tile,wall
utuh/wall_7112-218.jpg,0,utuh,test_wall,wall,wall_7112,W/UW/7112-218.jpg,"[0, 0, 256, 256]",1.0,sdnet_tile,wall
utuh/wall_7112-220.jpg,0,utuh,test_wall,wall,wall_7112,W/UW/7112-220.jpg,"[0, 0, 256, 256]",1.0,sdnet_tile,wall
utuh/wall_7112-232.jpg,0,utuh,test_wall,wall,wall_7112,W/UW/7112-232.jpg,"[0, 0, 256, 256]",1.0,sdnet_tile,wall
utuh/wall_7112-238.jpg,0,utuh,test_wall,wall,wall_7112,W/UW/7112-238.jpg,"[0, 0, 256, 256]",1.0,sdnet_tile,wall
utuh/wall_7112-241.jpg,0,utuh,test_wall,wall,wall_7112,W/UW/7112-241.jpg,"[0, 0, 256, 256]",1.0,sdnet_tile,wall
utuh/wall_7112-27.jpg,0,utuh,test_wall,wall,wall_7112,W/UW/7112-27.jpg,"[0, 0, 256, 256]",1.0,sdnet_tile,wall
utuh/wall_7112-28.jpg,0,utuh,test_wall,wall,wall_7112,W/UW/7112-28.jpg,"[0, 0, 256, 256]",1.0,sdnet_tile,wall
utuh/wall_7112-31.jpg,0,utuh,test_wall,wall,wall_7112,W/UW/7112-31.jpg,"[0, 0, 256, 256]",1.0,sdnet_tile,wall
utuh/wall_7112-34.jpg,0,utuh,test_wall,wall,wall_7112,W/UW/7112-34.jpg,"[0, 0, 256, 256]",1.0,sdnet_tile,wall
utuh/wall_7112-39.jpg,0,utuh,test_wall,wall,wall_7112,W/UW/7112-39.jpg,"[0, 0, 256, 256]",1.0,sdnet_tile,wall
utuh/wall_7112-48.jpg,0,utuh,test_wall,wall,wall_7112,W/UW/7112-48.jpg,"[0, 0, 256, 256]",1.0,sdnet_tile,wall
utuh/wall_7112-53.jpg,0,utuh,test_wall,wall,wall_7112,W/UW/7112-53.jpg,"[0, 0, 256, 256]",1.0,sdnet_tile,wall
utuh/wall_7112-64.jpg,0,utuh,test_wall,wall,wall_7112,W/UW/7112-64.jpg,"[0, 0, 256, 256]",1.0,sdnet_tile,wall
utuh/wall_7112-69.jpg,0,utuh,test_wall,wall,wall_7112,W/UW/7112-69.jpg,"[0, 0, 256, 256]",1.0,sdnet_tile,wall
utuh/wall_7112-73.jpg,0,utuh,test_wall,wall,wall_7112,W/UW/7112-73.jpg,"[0, 0, 256, 256]",1.0,sdnet_tile,wall
utuh/wall_7112-76.jpg,0,utuh,test_wall,wall,wall_7112,W/UW/7112-76.jpg,"[0, 0, 256, 256]",1.0,sdnet_tile,wall
utuh/wall_7112-85.jpg,0,utuh,test_wall,wall,wall_7112,W/UW/7112-85.jpg,"[0, 0, 256, 256]",1.0,sdnet_tile,wall
utuh/wall_7112-9.jpg,0,utuh,test_wall,wall,wall_7112,W/UW/7112-9.jpg,"[0, 0, 256, 256]",1.0,sdnet_tile,wall
utuh/wall_7113-1.jpg,0,utuh,test_wall,wall,wall_7113,W/UW/7113-1.jpg,"[0, 0, 256, 256]",1.0,sdnet_tile,wall
utuh/wall_7113-123.jpg,0,utuh,test_wall,wall,wall_7113,W/UW/7113-123.jpg,"[0, 0, 256, 256]",1.0,sdnet_tile,wall
utuh/wall_7113-13.jpg,0,utuh,test_wall,wall,wall_7113,W/UW/7113-13.jpg,"[0, 0, 256, 256]",1.0,sdnet_tile,wall
utuh/wall_7113-144.jpg,0,utuh,test_wall,wall,wall_7113,W/UW/7113-144.jpg,"[0, 0, 256, 256]",1.0,sdnet_tile,wall
utuh/wall_7113-148.jpg,0,utuh,test_wall,wall,wall_7113,W/UW/7113-148.jpg,"[0, 0, 256, 256]",1.0,sdnet_tile,wall
utuh/wall_7113-156.jpg,0,utuh,test_wall,wall,wall_7113,W/UW/7113-156.jpg,"[0, 0, 256, 256]",1.0,sdnet_tile,wall
utuh/wall_7113-157.jpg,0,utuh,test_wall,wall,wall_7113,W/UW/7113-157.jpg,"[0, 0, 256, 256]",1.0,sdnet_tile,wall
utuh/wall_7113-158.jpg,0,utuh,test_wall,wall,wall_7113,W/UW/7113-158.jpg,"[0, 0, 256, 256]",1.0,sdnet_tile,wall
utuh/wall_7113-159.jpg,0,utuh,test_wall,wall,wall_7113,W/UW/7113-159.jpg,"[0, 0, 256, 256]",1.0,sdnet_tile,wall
utuh/wall_7113-170.jpg,0,utuh,test_wall,wall,wall_7113,W/UW/7113-170.jpg,"[0, 0, 256, 256]",1.0,sdnet_tile,wall
utuh/wall_7113-171.jpg,0,utuh,test_wall,wall,wall_7113,W/UW/7113-171.jpg,"[0, 0, 256, 256]",1.0,sdnet_tile,wall
utuh/wall_7113-181.jpg,0,utuh,test_wall,wall,wall_7113,W/UW/7113-181.jpg,"[0, 0, 256, 256]",1.0,sdnet_tile,wall
utuh/wall_7113-188.jpg,0,utuh,test_wall,wall,wall_7113,W/UW/7113-188.jpg,"[0, 0, 256, 256]",1.0,sdnet_tile,wall
utuh/wall_7113-196.jpg,0,utuh,test_wall,wall,wall_7113,W/UW/7113-196.jpg,"[0, 0, 256, 256]",1.0,sdnet_tile,wall
utuh/wall_7113-197.jpg,0,utuh,test_wall,wall,wall_7113,W/UW/7113-197.jpg,"[0, 0, 256, 256]",1.0,sdnet_tile,wall
utuh/wall_7113-207.jpg,0,utuh,test_wall,wall,wall_7113,W/UW/7113-207.jpg,"[0, 0, 256, 256]",1.0,sdnet_tile,wall
utuh/wall_7113-209.jpg,0,utuh,test_wall,wall,wall_7113,W/UW/7113-209.jpg,"[0, 0, 256, 256]",1.0,sdnet_tile,wall
utuh/wall_7113-211.jpg,0,utuh,test_wall,wall,wall_7113,W/UW/7113-211.jpg,"[0, 0, 256, 256]",1.0,sdnet_tile,wall
utuh/wall_7113-213.jpg,0,utuh,test_wall,wall,wall_7113,W/UW/7113-213.jpg,"[0, 0, 256, 256]",1.0,sdnet_tile,wall
utuh/wall_7113-214.jpg,0,utuh,test_wall,wall,wall_7113,W/UW/7113-214.jpg,"[0, 0, 256, 256]",1.0,sdnet_tile,wall
utuh/wall_7113-220.jpg,0,utuh,test_wall,wall,wall_7113,W/UW/7113-220.jpg,"[0, 0, 256, 256]",1.0,sdnet_tile,wall
utuh/wall_7113-233.jpg,0,utuh,test_wall,wall,wall_7113,W/UW/7113-233.jpg,"[0, 0, 256, 256]",1.0,sdnet_tile,wall
utuh/wall_7113-244.jpg,0,utuh,test_wall,wall,wall_7113,W/UW/7113-244.jpg,"[0, 0, 256, 256]",1.0,sdnet_tile,wall
utuh/wall_7113-246.jpg,0,utuh,test_wall,wall,wall_7113,W/UW/7113-246.jpg,"[0, 0, 256, 256]",1.0,sdnet_tile,wall
utuh/wall_7113-251.jpg,0,utuh,test_wall,wall,wall_7113,W/UW/7113-251.jpg,"[0, 0, 256, 256]",1.0,sdnet_tile,wall
utuh/wall_7113-28.jpg,0,utuh,test_wall,wall,wall_7113,W/UW/7113-28.jpg,"[0, 0, 256, 256]",1.0,sdnet_tile,wall
utuh/wall_7113-33.jpg,0,utuh,test_wall,wall,wall_7113,W/UW/7113-33.jpg,"[0, 0, 256, 256]",1.0,sdnet_tile,wall
utuh/wall_7113-52.jpg,0,utuh,test_wall,wall,wall_7113,W/UW/7113-52.jpg,"[0, 0, 256, 256]",1.0,sdnet_tile,wall
utuh/wall_7113-53.jpg,0,utuh,test_wall,wall,wall_7113,W/UW/7113-53.jpg,"[0, 0, 256, 256]",1.0,sdnet_tile,wall
utuh/wall_7113-54.jpg,0,utuh,test_wall,wall,wall_7113,W/UW/7113-54.jpg,"[0, 0, 256, 256]",1.0,sdnet_tile,wall
utuh/wall_7113-57.jpg,0,utuh,test_wall,wall,wall_7113,W/UW/7113-57.jpg,"[0, 0, 256, 256]",1.0,sdnet_tile,wall
utuh/wall_7113-9.jpg,0,utuh,test_wall,wall,wall_7113,W/UW/7113-9.jpg,"[0, 0, 256, 256]",1.0,sdnet_tile,wall
utuh/wall_7113-91.jpg,0,utuh,test_wall,wall,wall_7113,W/UW/7113-91.jpg,"[0, 0, 256, 256]",1.0,sdnet_tile,wall
utuh/wall_7114-101.jpg,0,utuh,test_wall,wall,wall_7114,W/UW/7114-101.jpg,"[0, 0, 256, 256]",1.0,sdnet_tile,wall
utuh/wall_7114-122.jpg,0,utuh,test_wall,wall,wall_7114,W/UW/7114-122.jpg,"[0, 0, 256, 256]",1.0,sdnet_tile,wall
utuh/wall_7114-125.jpg,0,utuh,test_wall,wall,wall_7114,W/UW/7114-125.jpg,"[0, 0, 256, 256]",1.0,sdnet_tile,wall
utuh/wall_7114-126.jpg,0,utuh,test_wall,wall,wall_7114,W/UW/7114-126.jpg,"[0, 0, 256, 256]",1.0,sdnet_tile,wall
utuh/wall_7114-13.jpg,0,utuh,test_wall,wall,wall_7114,W/UW/7114-13.jpg,"[0, 0, 256, 256]",1.0,sdnet_tile,wall
utuh/wall_7114-147.jpg,0,utuh,test_wall,wall,wall_7114,W/UW/7114-147.jpg,"[0, 0, 256, 256]",1.0,sdnet_tile,wall
utuh/wall_7114-15.jpg,0,utuh,test_wall,wall,wall_7114,W/UW/7114-15.jpg,"[0, 0, 256, 256]",1.0,sdnet_tile,wall
utuh/wall_7114-157.jpg,0,utuh,test_wall,wall,wall_7114,W/UW/7114-157.jpg,"[0, 0, 256, 256]",1.0,sdnet_tile,wall
utuh/wall_7114-164.jpg,0,utuh,test_wall,wall,wall_7114,W/UW/7114-164.jpg,"[0, 0, 256, 256]",1.0,sdnet_tile,wall
utuh/wall_7114-167.jpg,0,utuh,test_wall,wall,wall_7114,W/UW/7114-167.jpg,"[0, 0, 256, 256]",1.0,sdnet_tile,wall
utuh/wall_7114-169.jpg,0,utuh,test_wall,wall,wall_7114,W/UW/7114-169.jpg,"[0, 0, 256, 256]",1.0,sdnet_tile,wall
utuh/wall_7114-197.jpg,0,utuh,test_wall,wall,wall_7114,W/UW/7114-197.jpg,"[0, 0, 256, 256]",1.0,sdnet_tile,wall
utuh/wall_7114-203.jpg,0,utuh,test_wall,wall,wall_7114,W/UW/7114-203.jpg,"[0, 0, 256, 256]",1.0,sdnet_tile,wall
utuh/wall_7114-204.jpg,0,utuh,test_wall,wall,wall_7114,W/UW/7114-204.jpg,"[0, 0, 256, 256]",1.0,sdnet_tile,wall
utuh/wall_7114-209.jpg,0,utuh,test_wall,wall,wall_7114,W/UW/7114-209.jpg,"[0, 0, 256, 256]",1.0,sdnet_tile,wall
utuh/wall_7114-212.jpg,0,utuh,test_wall,wall,wall_7114,W/UW/7114-212.jpg,"[0, 0, 256, 256]",1.0,sdnet_tile,wall
utuh/wall_7114-233.jpg,0,utuh,test_wall,wall,wall_7114,W/UW/7114-233.jpg,"[0, 0, 256, 256]",1.0,sdnet_tile,wall
utuh/wall_7114-24.jpg,0,utuh,test_wall,wall,wall_7114,W/UW/7114-24.jpg,"[0, 0, 256, 256]",1.0,sdnet_tile,wall
utuh/wall_7114-240.jpg,0,utuh,test_wall,wall,wall_7114,W/UW/7114-240.jpg,"[0, 0, 256, 256]",1.0,sdnet_tile,wall
utuh/wall_7114-243.jpg,0,utuh,test_wall,wall,wall_7114,W/UW/7114-243.jpg,"[0, 0, 256, 256]",1.0,sdnet_tile,wall
utuh/wall_7114-3.jpg,0,utuh,test_wall,wall,wall_7114,W/UW/7114-3.jpg,"[0, 0, 256, 256]",1.0,sdnet_tile,wall
utuh/wall_7114-33.jpg,0,utuh,test_wall,wall,wall_7114,W/UW/7114-33.jpg,"[0, 0, 256, 256]",1.0,sdnet_tile,wall
utuh/wall_7114-47.jpg,0,utuh,test_wall,wall,wall_7114,W/UW/7114-47.jpg,"[0, 0, 256, 256]",1.0,sdnet_tile,wall
utuh/wall_7114-48.jpg,0,utuh,test_wall,wall,wall_7114,W/UW/7114-48.jpg,"[0, 0, 256, 256]",1.0,sdnet_tile,wall
utuh/wall_7114-55.jpg,0,utuh,test_wall,wall,wall_7114,W/UW/7114-55.jpg,"[0, 0, 256, 256]",1.0,sdnet_tile,wall
utuh/wall_7114-58.jpg,0,utuh,test_wall,wall,wall_7114,W/UW/7114-58.jpg,"[0, 0, 256, 256]",1.0,sdnet_tile,wall
utuh/wall_7114-61.jpg,0,utuh,test_wall,wall,wall_7114,W/UW/7114-61.jpg,"[0, 0, 256, 256]",1.0,sdnet_tile,wall
utuh/wall_7114-69.jpg,0,utuh,test_wall,wall,wall_7114,W/UW/7114-69.jpg,"[0, 0, 256, 256]",1.0,sdnet_tile,wall
utuh/wall_7114-74.jpg,0,utuh,test_wall,wall,wall_7114,W/UW/7114-74.jpg,"[0, 0, 256, 256]",1.0,sdnet_tile,wall
utuh/wall_7114-78.jpg,0,utuh,test_wall,wall,wall_7114,W/UW/7114-78.jpg,"[0, 0, 256, 256]",1.0,sdnet_tile,wall
utuh/wall_7114-87.jpg,0,utuh,test_wall,wall,wall_7114,W/UW/7114-87.jpg,"[0, 0, 256, 256]",1.0,sdnet_tile,wall
utuh/wall_7114-96.jpg,0,utuh,test_wall,wall,wall_7114,W/UW/7114-96.jpg,"[0, 0, 256, 256]",1.0,sdnet_tile,wall
utuh/wall_7114-98.jpg,0,utuh,test_wall,wall,wall_7114,W/UW/7114-98.jpg,"[0, 0, 256, 256]",1.0,sdnet_tile,wall
utuh/wall_7115-111.jpg,0,utuh,test_wall,wall,wall_7115,W/UW/7115-111.jpg,"[0, 0, 256, 256]",1.0,sdnet_tile,wall
utuh/wall_7115-113.jpg,0,utuh,test_wall,wall,wall_7115,W/UW/7115-113.jpg,"[0, 0, 256, 256]",1.0,sdnet_tile,wall
utuh/wall_7115-119.jpg,0,utuh,test_wall,wall,wall_7115,W/UW/7115-119.jpg,"[0, 0, 256, 256]",1.0,sdnet_tile,wall
utuh/wall_7115-122.jpg,0,utuh,test_wall,wall,wall_7115,W/UW/7115-122.jpg,"[0, 0, 256, 256]",1.0,sdnet_tile,wall
utuh/wall_7115-128.jpg,0,utuh,test_wall,wall,wall_7115,W/UW/7115-128.jpg,"[0, 0, 256, 256]",1.0,sdnet_tile,wall
utuh/wall_7115-142.jpg,0,utuh,test_wall,wall,wall_7115,W/UW/7115-142.jpg,"[0, 0, 256, 256]",1.0,sdnet_tile,wall
utuh/wall_7115-16.jpg,0,utuh,test_wall,wall,wall_7115,W/UW/7115-16.jpg,"[0, 0, 256, 256]",1.0,sdnet_tile,wall
utuh/wall_7115-177.jpg,0,utuh,test_wall,wall,wall_7115,W/UW/7115-177.jpg,"[0, 0, 256, 256]",1.0,sdnet_tile,wall
utuh/wall_7115-186.jpg,0,utuh,test_wall,wall,wall_7115,W/UW/7115-186.jpg,"[0, 0, 256, 256]",1.0,sdnet_tile,wall
utuh/wall_7115-19.jpg,0,utuh,test_wall,wall,wall_7115,W/UW/7115-19.jpg,"[0, 0, 256, 256]",1.0,sdnet_tile,wall
utuh/wall_7115-196.jpg,0,utuh,test_wall,wall,wall_7115,W/UW/7115-196.jpg,"[0, 0, 256, 256]",1.0,sdnet_tile,wall
utuh/wall_7115-2.jpg,0,utuh,test_wall,wall,wall_7115,W/UW/7115-2.jpg,"[0, 0, 256, 256]",1.0,sdnet_tile,wall
utuh/wall_7115-219.jpg,0,utuh,test_wall,wall,wall_7115,W/UW/7115-219.jpg,"[0, 0, 256, 256]",1.0,sdnet_tile,wall
utuh/wall_7115-22.jpg,0,utuh,test_wall,wall,wall_7115,W/UW/7115-22.jpg,"[0, 0, 256, 256]",1.0,sdnet_tile,wall
utuh/wall_7115-226.jpg,0,utuh,test_wall,wall,wall_7115,W/UW/7115-226.jpg,"[0, 0, 256, 256]",1.0,sdnet_tile,wall
utuh/wall_7115-228.jpg,0,utuh,test_wall,wall,wall_7115,W/UW/7115-228.jpg,"[0, 0, 256, 256]",1.0,sdnet_tile,wall
utuh/wall_7115-231.jpg,0,utuh,test_wall,wall,wall_7115,W/UW/7115-231.jpg,"[0, 0, 256, 256]",1.0,sdnet_tile,wall
utuh/wall_7115-237.jpg,0,utuh,test_wall,wall,wall_7115,W/UW/7115-237.jpg,"[0, 0, 256, 256]",1.0,sdnet_tile,wall
utuh/wall_7115-239.jpg,0,utuh,test_wall,wall,wall_7115,W/UW/7115-239.jpg,"[0, 0, 256, 256]",1.0,sdnet_tile,wall
utuh/wall_7115-245.jpg,0,utuh,test_wall,wall,wall_7115,W/UW/7115-245.jpg,"[0, 0, 256, 256]",1.0,sdnet_tile,wall
utuh/wall_7115-246.jpg,0,utuh,test_wall,wall,wall_7115,W/UW/7115-246.jpg,"[0, 0, 256, 256]",1.0,sdnet_tile,wall
utuh/wall_7115-32.jpg,0,utuh,test_wall,wall,wall_7115,W/UW/7115-32.jpg,"[0, 0, 256, 256]",1.0,sdnet_tile,wall
utuh/wall_7115-38.jpg,0,utuh,test_wall,wall,wall_7115,W/UW/7115-38.jpg,"[0, 0, 256, 256]",1.0,sdnet_tile,wall
utuh/wall_7115-43.jpg,0,utuh,test_wall,wall,wall_7115,W/UW/7115-43.jpg,"[0, 0, 256, 256]",1.0,sdnet_tile,wall
utuh/wall_7115-50.jpg,0,utuh,test_wall,wall,wall_7115,W/UW/7115-50.jpg,"[0, 0, 256, 256]",1.0,sdnet_tile,wall
utuh/wall_7115-52.jpg,0,utuh,test_wall,wall,wall_7115,W/UW/7115-52.jpg,"[0, 0, 256, 256]",1.0,sdnet_tile,wall
utuh/wall_7115-53.jpg,0,utuh,test_wall,wall,wall_7115,W/UW/7115-53.jpg,"[0, 0, 256, 256]",1.0,sdnet_tile,wall
utuh/wall_7115-56.jpg,0,utuh,test_wall,wall,wall_7115,W/UW/7115-56.jpg,"[0, 0, 256, 256]",1.0,sdnet_tile,wall
utuh/wall_7115-58.jpg,0,utuh,test_wall,wall,wall_7115,W/UW/7115-58.jpg,"[0, 0, 256, 256]",1.0,sdnet_tile,wall
utuh/wall_7115-61.jpg,0,utuh,test_wall,wall,wall_7115,W/UW/7115-61.jpg,"[0, 0, 256, 256]",1.0,sdnet_tile,wall
utuh/wall_7115-69.jpg,0,utuh,test_wall,wall,wall_7115,W/UW/7115-69.jpg,"[0, 0, 256, 256]",1.0,sdnet_tile,wall
utuh/wall_7115-74.jpg,0,utuh,test_wall,wall,wall_7115,W/UW/7115-74.jpg,"[0, 0, 256, 256]",1.0,sdnet_tile,wall
utuh/wall_7115-89.jpg,0,utuh,test_wall,wall,wall_7115,W/UW/7115-89.jpg,"[0, 0, 256, 256]",1.0,sdnet_tile,wall
utuh/wall_7116-11.jpg,0,utuh,test_wall,wall,wall_7116,W/UW/7116-11.jpg,"[0, 0, 256, 256]",1.0,sdnet_tile,wall
utuh/wall_7116-114.jpg,0,utuh,test_wall,wall,wall_7116,W/UW/7116-114.jpg,"[0, 0, 256, 256]",1.0,sdnet_tile,wall
utuh/wall_7116-119.jpg,0,utuh,test_wall,wall,wall_7116,W/UW/7116-119.jpg,"[0, 0, 256, 256]",1.0,sdnet_tile,wall
utuh/wall_7116-125.jpg,0,utuh,test_wall,wall,wall_7116,W/UW/7116-125.jpg,"[0, 0, 256, 256]",1.0,sdnet_tile,wall
utuh/wall_7116-129.jpg,0,utuh,test_wall,wall,wall_7116,W/UW/7116-129.jpg,"[0, 0, 256, 256]",1.0,sdnet_tile,wall
utuh/wall_7116-139.jpg,0,utuh,test_wall,wall,wall_7116,W/UW/7116-139.jpg,"[0, 0, 256, 256]",1.0,sdnet_tile,wall
utuh/wall_7116-141.jpg,0,utuh,test_wall,wall,wall_7116,W/UW/7116-141.jpg,"[0, 0, 256, 256]",1.0,sdnet_tile,wall
utuh/wall_7116-144.jpg,0,utuh,test_wall,wall,wall_7116,W/UW/7116-144.jpg,"[0, 0, 256, 256]",1.0,sdnet_tile,wall
utuh/wall_7116-148.jpg,0,utuh,test_wall,wall,wall_7116,W/UW/7116-148.jpg,"[0, 0, 256, 256]",1.0,sdnet_tile,wall
utuh/wall_7116-157.jpg,0,utuh,test_wall,wall,wall_7116,W/UW/7116-157.jpg,"[0, 0, 256, 256]",1.0,sdnet_tile,wall
utuh/wall_7116-159.jpg,0,utuh,test_wall,wall,wall_7116,W/UW/7116-159.jpg,"[0, 0, 256, 256]",1.0,sdnet_tile,wall
utuh/wall_7116-180.jpg,0,utuh,test_wall,wall,wall_7116,W/UW/7116-180.jpg,"[0, 0, 256, 256]",1.0,sdnet_tile,wall
utuh/wall_7116-184.jpg,0,utuh,test_wall,wall,wall_7116,W/UW/7116-184.jpg,"[0, 0, 256, 256]",1.0,sdnet_tile,wall
utuh/wall_7116-197.jpg,0,utuh,test_wall,wall,wall_7116,W/UW/7116-197.jpg,"[0, 0, 256, 256]",1.0,sdnet_tile,wall
utuh/wall_7116-20.jpg,0,utuh,test_wall,wall,wall_7116,W/UW/7116-20.jpg,"[0, 0, 256, 256]",1.0,sdnet_tile,wall
utuh/wall_7116-203.jpg,0,utuh,test_wall,wall,wall_7116,W/UW/7116-203.jpg,"[0, 0, 256, 256]",1.0,sdnet_tile,wall
utuh/wall_7116-208.jpg,0,utuh,test_wall,wall,wall_7116,W/UW/7116-208.jpg,"[0, 0, 256, 256]",1.0,sdnet_tile,wall
utuh/wall_7116-21.jpg,0,utuh,test_wall,wall,wall_7116,W/UW/7116-21.jpg,"[0, 0, 256, 256]",1.0,sdnet_tile,wall
utuh/wall_7116-212.jpg,0,utuh,test_wall,wall,wall_7116,W/UW/7116-212.jpg,"[0, 0, 256, 256]",1.0,sdnet_tile,wall
utuh/wall_7116-214.jpg,0,utuh,test_wall,wall,wall_7116,W/UW/7116-214.jpg,"[0, 0, 256, 256]",1.0,sdnet_tile,wall
utuh/wall_7116-233.jpg,0,utuh,test_wall,wall,wall_7116,W/UW/7116-233.jpg,"[0, 0, 256, 256]",1.0,sdnet_tile,wall
utuh/wall_7116-234.jpg,0,utuh,test_wall,wall,wall_7116,W/UW/7116-234.jpg,"[0, 0, 256, 256]",1.0,sdnet_tile,wall
utuh/wall_7116-237.jpg,0,utuh,test_wall,wall,wall_7116,W/UW/7116-237.jpg,"[0, 0, 256, 256]",1.0,sdnet_tile,wall
utuh/wall_7116-244.jpg,0,utuh,test_wall,wall,wall_7116,W/UW/7116-244.jpg,"[0, 0, 256, 256]",1.0,sdnet_tile,wall
utuh/wall_7116-251.jpg,0,utuh,test_wall,wall,wall_7116,W/UW/7116-251.jpg,"[0, 0, 256, 256]",1.0,sdnet_tile,wall
utuh/wall_7116-27.jpg,0,utuh,test_wall,wall,wall_7116,W/UW/7116-27.jpg,"[0, 0, 256, 256]",1.0,sdnet_tile,wall
utuh/wall_7116-5.jpg,0,utuh,test_wall,wall,wall_7116,W/UW/7116-5.jpg,"[0, 0, 256, 256]",1.0,sdnet_tile,wall
utuh/wall_7116-60.jpg,0,utuh,test_wall,wall,wall_7116,W/UW/7116-60.jpg,"[0, 0, 256, 256]",1.0,sdnet_tile,wall
utuh/wall_7116-73.jpg,0,utuh,test_wall,wall,wall_7116,W/UW/7116-73.jpg,"[0, 0, 256, 256]",1.0,sdnet_tile,wall
utuh/wall_7116-77.jpg,0,utuh,test_wall,wall,wall_7116,W/UW/7116-77.jpg,"[0, 0, 256, 256]",1.0,sdnet_tile,wall
utuh/wall_7116-78.jpg,0,utuh,test_wall,wall,wall_7116,W/UW/7116-78.jpg,"[0, 0, 256, 256]",1.0,sdnet_tile,wall
utuh/wall_7116-79.jpg,0,utuh,test_wall,wall,wall_7116,W/UW/7116-79.jpg,"[0, 0, 256, 256]",1.0,sdnet_tile,wall
utuh/wall_7116-8.jpg,0,utuh,test_wall,wall,wall_7116,W/UW/7116-8.jpg,"[0, 0, 256, 256]",1.0,sdnet_tile,wall
utuh/wall_7117-113.jpg,0,utuh,test_wall,wall,wall_7117,W/UW/7117-113.jpg,"[0, 0, 256, 256]",1.0,sdnet_tile,wall
utuh/wall_7117-117.jpg,0,utuh,test_wall,wall,wall_7117,W/UW/7117-117.jpg,"[0, 0, 256, 256]",1.0,sdnet_tile,wall
utuh/wall_7117-118.jpg,0,utuh,test_wall,wall,wall_7117,W/UW/7117-118.jpg,"[0, 0, 256, 256]",1.0,sdnet_tile,wall
utuh/wall_7117-123.jpg,0,utuh,test_wall,wall,wall_7117,W/UW/7117-123.jpg,"[0, 0, 256, 256]",1.0,sdnet_tile,wall
utuh/wall_7117-124.jpg,0,utuh,test_wall,wall,wall_7117,W/UW/7117-124.jpg,"[0, 0, 256, 256]",1.0,sdnet_tile,wall
utuh/wall_7117-13.jpg,0,utuh,test_wall,wall,wall_7117,W/UW/7117-13.jpg,"[0, 0, 256, 256]",1.0,sdnet_tile,wall
utuh/wall_7117-141.jpg,0,utuh,test_wall,wall,wall_7117,W/UW/7117-141.jpg,"[0, 0, 256, 256]",1.0,sdnet_tile,wall
utuh/wall_7117-147.jpg,0,utuh,test_wall,wall,wall_7117,W/UW/7117-147.jpg,"[0, 0, 256, 256]",1.0,sdnet_tile,wall
utuh/wall_7117-16.jpg,0,utuh,test_wall,wall,wall_7117,W/UW/7117-16.jpg,"[0, 0, 256, 256]",1.0,sdnet_tile,wall
utuh/wall_7117-164.jpg,0,utuh,test_wall,wall,wall_7117,W/UW/7117-164.jpg,"[0, 0, 256, 256]",1.0,sdnet_tile,wall
utuh/wall_7117-167.jpg,0,utuh,test_wall,wall,wall_7117,W/UW/7117-167.jpg,"[0, 0, 256, 256]",1.0,sdnet_tile,wall
utuh/wall_7117-179.jpg,0,utuh,test_wall,wall,wall_7117,W/UW/7117-179.jpg,"[0, 0, 256, 256]",1.0,sdnet_tile,wall
utuh/wall_7117-194.jpg,0,utuh,test_wall,wall,wall_7117,W/UW/7117-194.jpg,"[0, 0, 256, 256]",1.0,sdnet_tile,wall
utuh/wall_7117-198.jpg,0,utuh,test_wall,wall,wall_7117,W/UW/7117-198.jpg,"[0, 0, 256, 256]",1.0,sdnet_tile,wall
utuh/wall_7117-212.jpg,0,utuh,test_wall,wall,wall_7117,W/UW/7117-212.jpg,"[0, 0, 256, 256]",1.0,sdnet_tile,wall
utuh/wall_7117-220.jpg,0,utuh,test_wall,wall,wall_7117,W/UW/7117-220.jpg,"[0, 0, 256, 256]",1.0,sdnet_tile,wall
utuh/wall_7117-224.jpg,0,utuh,test_wall,wall,wall_7117,W/UW/7117-224.jpg,"[0, 0, 256, 256]",1.0,sdnet_tile,wall
utuh/wall_7117-233.jpg,0,utuh,test_wall,wall,wall_7117,W/UW/7117-233.jpg,"[0, 0, 256, 256]",1.0,sdnet_tile,wall
utuh/wall_7117-234.jpg,0,utuh,test_wall,wall,wall_7117,W/UW/7117-234.jpg,"[0, 0, 256, 256]",1.0,sdnet_tile,wall
utuh/wall_7117-235.jpg,0,utuh,test_wall,wall,wall_7117,W/UW/7117-235.jpg,"[0, 0, 256, 256]",1.0,sdnet_tile,wall
utuh/wall_7117-236.jpg,0,utuh,test_wall,wall,wall_7117,W/UW/7117-236.jpg,"[0, 0, 256, 256]",1.0,sdnet_tile,wall
utuh/wall_7117-26.jpg,0,utuh,test_wall,wall,wall_7117,W/UW/7117-26.jpg,"[0, 0, 256, 256]",1.0,sdnet_tile,wall
utuh/wall_7117-30.jpg,0,utuh,test_wall,wall,wall_7117,W/UW/7117-30.jpg,"[0, 0, 256, 256]",1.0,sdnet_tile,wall
utuh/wall_7117-33.jpg,0,utuh,test_wall,wall,wall_7117,W/UW/7117-33.jpg,"[0, 0, 256, 256]",1.0,sdnet_tile,wall
utuh/wall_7117-41.jpg,0,utuh,test_wall,wall,wall_7117,W/UW/7117-41.jpg,"[0, 0, 256, 256]",1.0,sdnet_tile,wall
utuh/wall_7117-45.jpg,0,utuh,test_wall,wall,wall_7117,W/UW/7117-45.jpg,"[0, 0, 256, 256]",1.0,sdnet_tile,wall
utuh/wall_7117-5.jpg,0,utuh,test_wall,wall,wall_7117,W/UW/7117-5.jpg,"[0, 0, 256, 256]",1.0,sdnet_tile,wall
utuh/wall_7117-59.jpg,0,utuh,test_wall,wall,wall_7117,W/UW/7117-59.jpg,"[0, 0, 256, 256]",1.0,sdnet_tile,wall
utuh/wall_7117-67.jpg,0,utuh,test_wall,wall,wall_7117,W/UW/7117-67.jpg,"[0, 0, 256, 256]",1.0,sdnet_tile,wall
utuh/wall_7117-70.jpg,0,utuh,test_wall,wall,wall_7117,W/UW/7117-70.jpg,"[0, 0, 256, 256]",1.0,sdnet_tile,wall
utuh/wall_7117-75.jpg,0,utuh,test_wall,wall,wall_7117,W/UW/7117-75.jpg,"[0, 0, 256, 256]",1.0,sdnet_tile,wall
utuh/wall_7117-78.jpg,0,utuh,test_wall,wall,wall_7117,W/UW/7117-78.jpg,"[0, 0, 256, 256]",1.0,sdnet_tile,wall
utuh/wall_7117-82.jpg,0,utuh,test_wall,wall,wall_7117,W/UW/7117-82.jpg,"[0, 0, 256, 256]",1.0,sdnet_tile,wall
utuh/wall_7118-103.jpg,0,utuh,test_wall,wall,wall_7118,W/UW/7118-103.jpg,"[0, 0, 256, 256]",1.0,sdnet_tile,wall
utuh/wall_7118-112.jpg,0,utuh,test_wall,wall,wall_7118,W/UW/7118-112.jpg,"[0, 0, 256, 256]",1.0,sdnet_tile,wall
utuh/wall_7118-115.jpg,0,utuh,test_wall,wall,wall_7118,W/UW/7118-115.jpg,"[0, 0, 256, 256]",1.0,sdnet_tile,wall
utuh/wall_7118-123.jpg,0,utuh,test_wall,wall,wall_7118,W/UW/7118-123.jpg,"[0, 0, 256, 256]",1.0,sdnet_tile,wall
utuh/wall_7118-125.jpg,0,utuh,test_wall,wall,wall_7118,W/UW/7118-125.jpg,"[0, 0, 256, 256]",1.0,sdnet_tile,wall
utuh/wall_7118-129.jpg,0,utuh,test_wall,wall,wall_7118,W/UW/7118-129.jpg,"[0, 0, 256, 256]",1.0,sdnet_tile,wall
utuh/wall_7118-132.jpg,0,utuh,test_wall,wall,wall_7118,W/UW/7118-132.jpg,"[0, 0, 256, 256]",1.0,sdnet_tile,wall
utuh/wall_7118-151.jpg,0,utuh,test_wall,wall,wall_7118,W/UW/7118-151.jpg,"[0, 0, 256, 256]",1.0,sdnet_tile,wall
utuh/wall_7118-154.jpg,0,utuh,test_wall,wall,wall_7118,W/UW/7118-154.jpg,"[0, 0, 256, 256]",1.0,sdnet_tile,wall
utuh/wall_7118-159.jpg,0,utuh,test_wall,wall,wall_7118,W/UW/7118-159.jpg,"[0, 0, 256, 256]",1.0,sdnet_tile,wall
utuh/wall_7118-160.jpg,0,utuh,test_wall,wall,wall_7118,W/UW/7118-160.jpg,"[0, 0, 256, 256]",1.0,sdnet_tile,wall
utuh/wall_7118-179.jpg,0,utuh,test_wall,wall,wall_7118,W/UW/7118-179.jpg,"[0, 0, 256, 256]",1.0,sdnet_tile,wall
utuh/wall_7118-180.jpg,0,utuh,test_wall,wall,wall_7118,W/UW/7118-180.jpg,"[0, 0, 256, 256]",1.0,sdnet_tile,wall
utuh/wall_7118-187.jpg,0,utuh,test_wall,wall,wall_7118,W/UW/7118-187.jpg,"[0, 0, 256, 256]",1.0,sdnet_tile,wall
utuh/wall_7118-191.jpg,0,utuh,test_wall,wall,wall_7118,W/UW/7118-191.jpg,"[0, 0, 256, 256]",1.0,sdnet_tile,wall
utuh/wall_7118-195.jpg,0,utuh,test_wall,wall,wall_7118,W/UW/7118-195.jpg,"[0, 0, 256, 256]",1.0,sdnet_tile,wall
utuh/wall_7118-215.jpg,0,utuh,test_wall,wall,wall_7118,W/UW/7118-215.jpg,"[0, 0, 256, 256]",1.0,sdnet_tile,wall
utuh/wall_7118-222.jpg,0,utuh,test_wall,wall,wall_7118,W/UW/7118-222.jpg,"[0, 0, 256, 256]",1.0,sdnet_tile,wall
utuh/wall_7118-224.jpg,0,utuh,test_wall,wall,wall_7118,W/UW/7118-224.jpg,"[0, 0, 256, 256]",1.0,sdnet_tile,wall
utuh/wall_7118-227.jpg,0,utuh,test_wall,wall,wall_7118,W/UW/7118-227.jpg,"[0, 0, 256, 256]",1.0,sdnet_tile,wall
utuh/wall_7118-229.jpg,0,utuh,test_wall,wall,wall_7118,W/UW/7118-229.jpg,"[0, 0, 256, 256]",1.0,sdnet_tile,wall
utuh/wall_7118-244.jpg,0,utuh,test_wall,wall,wall_7118,W/UW/7118-244.jpg,"[0, 0, 256, 256]",1.0,sdnet_tile,wall
utuh/wall_7118-246.jpg,0,utuh,test_wall,wall,wall_7118,W/UW/7118-246.jpg,"[0, 0, 256, 256]",1.0,sdnet_tile,wall
utuh/wall_7118-250.jpg,0,utuh,test_wall,wall,wall_7118,W/UW/7118-250.jpg,"[0, 0, 256, 256]",1.0,sdnet_tile,wall
utuh/wall_7118-28.jpg,0,utuh,test_wall,wall,wall_7118,W/UW/7118-28.jpg,"[0, 0, 256, 256]",1.0,sdnet_tile,wall
utuh/wall_7118-32.jpg,0,utuh,test_wall,wall,wall_7118,W/UW/7118-32.jpg,"[0, 0, 256, 256]",1.0,sdnet_tile,wall
utuh/wall_7118-36.jpg,0,utuh,test_wall,wall,wall_7118,W/UW/7118-36.jpg,"[0, 0, 256, 256]",1.0,sdnet_tile,wall
utuh/wall_7118-57.jpg,0,utuh,test_wall,wall,wall_7118,W/UW/7118-57.jpg,"[0, 0, 256, 256]",1.0,sdnet_tile,wall
utuh/wall_7118-73.jpg,0,utuh,test_wall,wall,wall_7118,W/UW/7118-73.jpg,"[0, 0, 256, 256]",1.0,sdnet_tile,wall
utuh/wall_7118-77.jpg,0,utuh,test_wall,wall,wall_7118,W/UW/7118-77.jpg,"[0, 0, 256, 256]",1.0,sdnet_tile,wall
utuh/wall_7118-78.jpg,0,utuh,test_wall,wall,wall_7118,W/UW/7118-78.jpg,"[0, 0, 256, 256]",1.0,sdnet_tile,wall
utuh/wall_7118-83.jpg,0,utuh,test_wall,wall,wall_7118,W/UW/7118-83.jpg,"[0, 0, 256, 256]",1.0,sdnet_tile,wall
utuh/wall_7118-91.jpg,0,utuh,test_wall,wall,wall_7118,W/UW/7118-91.jpg,"[0, 0, 256, 256]",1.0,sdnet_tile,wall
utuh/wall_7119-105.jpg,0,utuh,test_wall,wall,wall_7119,W/UW/7119-105.jpg,"[0, 0, 256, 256]",1.0,sdnet_tile,wall
utuh/wall_7119-109.jpg,0,utuh,test_wall,wall,wall_7119,W/UW/7119-109.jpg,"[0, 0, 256, 256]",1.0,sdnet_tile,wall
utuh/wall_7119-110.jpg,0,utuh,test_wall,wall,wall_7119,W/UW/7119-110.jpg,"[0, 0, 256, 256]",1.0,sdnet_tile,wall
utuh/wall_7119-119.jpg,0,utuh,test_wall,wall,wall_7119,W/UW/7119-119.jpg,"[0, 0, 256, 256]",1.0,sdnet_tile,wall
utuh/wall_7119-136.jpg,0,utuh,test_wall,wall,wall_7119,W/UW/7119-136.jpg,"[0, 0, 256, 256]",1.0,sdnet_tile,wall
utuh/wall_7119-139.jpg,0,utuh,test_wall,wall,wall_7119,W/UW/7119-139.jpg,"[0, 0, 256, 256]",1.0,sdnet_tile,wall
utuh/wall_7119-145.jpg,0,utuh,test_wall,wall,wall_7119,W/UW/7119-145.jpg,"[0, 0, 256, 256]",1.0,sdnet_tile,wall
utuh/wall_7119-148.jpg,0,utuh,test_wall,wall,wall_7119,W/UW/7119-148.jpg,"[0, 0, 256, 256]",1.0,sdnet_tile,wall
utuh/wall_7119-149.jpg,0,utuh,test_wall,wall,wall_7119,W/UW/7119-149.jpg,"[0, 0, 256, 256]",1.0,sdnet_tile,wall
utuh/wall_7119-176.jpg,0,utuh,test_wall,wall,wall_7119,W/UW/7119-176.jpg,"[0, 0, 256, 256]",1.0,sdnet_tile,wall
utuh/wall_7119-18.jpg,0,utuh,test_wall,wall,wall_7119,W/UW/7119-18.jpg,"[0, 0, 256, 256]",1.0,sdnet_tile,wall
utuh/wall_7119-188.jpg,0,utuh,test_wall,wall,wall_7119,W/UW/7119-188.jpg,"[0, 0, 256, 256]",1.0,sdnet_tile,wall
utuh/wall_7119-193.jpg,0,utuh,test_wall,wall,wall_7119,W/UW/7119-193.jpg,"[0, 0, 256, 256]",1.0,sdnet_tile,wall
utuh/wall_7119-195.jpg,0,utuh,test_wall,wall,wall_7119,W/UW/7119-195.jpg,"[0, 0, 256, 256]",1.0,sdnet_tile,wall
utuh/wall_7119-203.jpg,0,utuh,test_wall,wall,wall_7119,W/UW/7119-203.jpg,"[0, 0, 256, 256]",1.0,sdnet_tile,wall
utuh/wall_7119-21.jpg,0,utuh,test_wall,wall,wall_7119,W/UW/7119-21.jpg,"[0, 0, 256, 256]",1.0,sdnet_tile,wall
utuh/wall_7119-210.jpg,0,utuh,test_wall,wall,wall_7119,W/UW/7119-210.jpg,"[0, 0, 256, 256]",1.0,sdnet_tile,wall
utuh/wall_7119-216.jpg,0,utuh,test_wall,wall,wall_7119,W/UW/7119-216.jpg,"[0, 0, 256, 256]",1.0,sdnet_tile,wall
utuh/wall_7119-219.jpg,0,utuh,test_wall,wall,wall_7119,W/UW/7119-219.jpg,"[0, 0, 256, 256]",1.0,sdnet_tile,wall
utuh/wall_7119-239.jpg,0,utuh,test_wall,wall,wall_7119,W/UW/7119-239.jpg,"[0, 0, 256, 256]",1.0,sdnet_tile,wall
utuh/wall_7119-240.jpg,0,utuh,test_wall,wall,wall_7119,W/UW/7119-240.jpg,"[0, 0, 256, 256]",1.0,sdnet_tile,wall
utuh/wall_7119-243.jpg,0,utuh,test_wall,wall,wall_7119,W/UW/7119-243.jpg,"[0, 0, 256, 256]",1.0,sdnet_tile,wall
utuh/wall_7119-251.jpg,0,utuh,test_wall,wall,wall_7119,W/UW/7119-251.jpg,"[0, 0, 256, 256]",1.0,sdnet_tile,wall
utuh/wall_7119-34.jpg,0,utuh,test_wall,wall,wall_7119,W/UW/7119-34.jpg,"[0, 0, 256, 256]",1.0,sdnet_tile,wall
utuh/wall_7119-36.jpg,0,utuh,test_wall,wall,wall_7119,W/UW/7119-36.jpg,"[0, 0, 256, 256]",1.0,sdnet_tile,wall
utuh/wall_7119-51.jpg,0,utuh,test_wall,wall,wall_7119,W/UW/7119-51.jpg,"[0, 0, 256, 256]",1.0,sdnet_tile,wall
utuh/wall_7119-58.jpg,0,utuh,test_wall,wall,wall_7119,W/UW/7119-58.jpg,"[0, 0, 256, 256]",1.0,sdnet_tile,wall
utuh/wall_7119-6.jpg,0,utuh,test_wall,wall,wall_7119,W/UW/7119-6.jpg,"[0, 0, 256, 256]",1.0,sdnet_tile,wall
utuh/wall_7119-67.jpg,0,utuh,test_wall,wall,wall_7119,W/UW/7119-67.jpg,"[0, 0, 256, 256]",1.0,sdnet_tile,wall
utuh/wall_7119-7.jpg,0,utuh,test_wall,wall,wall_7119,W/UW/7119-7.jpg,"[0, 0, 256, 256]",1.0,sdnet_tile,wall
utuh/wall_7119-8.jpg,0,utuh,test_wall,wall,wall_7119,W/UW/7119-8.jpg,"[0, 0, 256, 256]",1.0,sdnet_tile,wall
utuh/wall_7119-86.jpg,0,utuh,test_wall,wall,wall_7119,W/UW/7119-86.jpg,"[0, 0, 256, 256]",1.0,sdnet_tile,wall
utuh/wall_7119-94.jpg,0,utuh,test_wall,wall,wall_7119,W/UW/7119-94.jpg,"[0, 0, 256, 256]",1.0,sdnet_tile,wall
utuh/wall_7120-10.jpg,0,utuh,test_wall,wall,wall_7120,W/UW/7120-10.jpg,"[0, 0, 256, 256]",1.0,sdnet_tile,wall
utuh/wall_7120-11.jpg,0,utuh,test_wall,wall,wall_7120,W/UW/7120-11.jpg,"[0, 0, 256, 256]",1.0,sdnet_tile,wall
utuh/wall_7120-113.jpg,0,utuh,test_wall,wall,wall_7120,W/UW/7120-113.jpg,"[0, 0, 256, 256]",1.0,sdnet_tile,wall
utuh/wall_7120-148.jpg,0,utuh,test_wall,wall,wall_7120,W/UW/7120-148.jpg,"[0, 0, 256, 256]",1.0,sdnet_tile,wall
utuh/wall_7120-149.jpg,0,utuh,test_wall,wall,wall_7120,W/UW/7120-149.jpg,"[0, 0, 256, 256]",1.0,sdnet_tile,wall
utuh/wall_7120-157.jpg,0,utuh,test_wall,wall,wall_7120,W/UW/7120-157.jpg,"[0, 0, 256, 256]",1.0,sdnet_tile,wall
utuh/wall_7120-161.jpg,0,utuh,test_wall,wall,wall_7120,W/UW/7120-161.jpg,"[0, 0, 256, 256]",1.0,sdnet_tile,wall
utuh/wall_7120-176.jpg,0,utuh,test_wall,wall,wall_7120,W/UW/7120-176.jpg,"[0, 0, 256, 256]",1.0,sdnet_tile,wall
utuh/wall_7120-179.jpg,0,utuh,test_wall,wall,wall_7120,W/UW/7120-179.jpg,"[0, 0, 256, 256]",1.0,sdnet_tile,wall
utuh/wall_7120-180.jpg,0,utuh,test_wall,wall,wall_7120,W/UW/7120-180.jpg,"[0, 0, 256, 256]",1.0,sdnet_tile,wall
utuh/wall_7120-20.jpg,0,utuh,test_wall,wall,wall_7120,W/UW/7120-20.jpg,"[0, 0, 256, 256]",1.0,sdnet_tile,wall
utuh/wall_7120-202.jpg,0,utuh,test_wall,wall,wall_7120,W/UW/7120-202.jpg,"[0, 0, 256, 256]",1.0,sdnet_tile,wall
utuh/wall_7120-204.jpg,0,utuh,test_wall,wall,wall_7120,W/UW/7120-204.jpg,"[0, 0, 256, 256]",1.0,sdnet_tile,wall
utuh/wall_7120-212.jpg,0,utuh,test_wall,wall,wall_7120,W/UW/7120-212.jpg,"[0, 0, 256, 256]",1.0,sdnet_tile,wall
utuh/wall_7120-220.jpg,0,utuh,test_wall,wall,wall_7120,W/UW/7120-220.jpg,"[0, 0, 256, 256]",1.0,sdnet_tile,wall
utuh/wall_7120-233.jpg,0,utuh,test_wall,wall,wall_7120,W/UW/7120-233.jpg,"[0, 0, 256, 256]",1.0,sdnet_tile,wall
utuh/wall_7120-235.jpg,0,utuh,test_wall,wall,wall_7120,W/UW/7120-235.jpg,"[0, 0, 256, 256]",1.0,sdnet_tile,wall
utuh/wall_7120-238.jpg,0,utuh,test_wall,wall,wall_7120,W/UW/7120-238.jpg,"[0, 0, 256, 256]",1.0,sdnet_tile,wall
utuh/wall_7120-239.jpg,0,utuh,test_wall,wall,wall_7120,W/UW/7120-239.jpg,"[0, 0, 256, 256]",1.0,sdnet_tile,wall
utuh/wall_7120-240.jpg,0,utuh,test_wall,wall,wall_7120,W/UW/7120-240.jpg,"[0, 0, 256, 256]",1.0,sdnet_tile,wall
utuh/wall_7120-251.jpg,0,utuh,test_wall,wall,wall_7120,W/UW/7120-251.jpg,"[0, 0, 256, 256]",1.0,sdnet_tile,wall
utuh/wall_7120-33.jpg,0,utuh,test_wall,wall,wall_7120,W/UW/7120-33.jpg,"[0, 0, 256, 256]",1.0,sdnet_tile,wall
utuh/wall_7120-38.jpg,0,utuh,test_wall,wall,wall_7120,W/UW/7120-38.jpg,"[0, 0, 256, 256]",1.0,sdnet_tile,wall
utuh/wall_7120-43.jpg,0,utuh,test_wall,wall,wall_7120,W/UW/7120-43.jpg,"[0, 0, 256, 256]",1.0,sdnet_tile,wall
utuh/wall_7120-50.jpg,0,utuh,test_wall,wall,wall_7120,W/UW/7120-50.jpg,"[0, 0, 256, 256]",1.0,sdnet_tile,wall
utuh/wall_7120-51.jpg,0,utuh,test_wall,wall,wall_7120,W/UW/7120-51.jpg,"[0, 0, 256, 256]",1.0,sdnet_tile,wall
utuh/wall_7120-53.jpg,0,utuh,test_wall,wall,wall_7120,W/UW/7120-53.jpg,"[0, 0, 256, 256]",1.0,sdnet_tile,wall
utuh/wall_7120-54.jpg,0,utuh,test_wall,wall,wall_7120,W/UW/7120-54.jpg,"[0, 0, 256, 256]",1.0,sdnet_tile,wall
utuh/wall_7120-55.jpg,0,utuh,test_wall,wall,wall_7120,W/UW/7120-55.jpg,"[0, 0, 256, 256]",1.0,sdnet_tile,wall
utuh/wall_7120-65.jpg,0,utuh,test_wall,wall,wall_7120,W/UW/7120-65.jpg,"[0, 0, 256, 256]",1.0,sdnet_tile,wall
utuh/wall_7120-78.jpg,0,utuh,test_wall,wall,wall_7120,W/UW/7120-78.jpg,"[0, 0, 256, 256]",1.0,sdnet_tile,wall
utuh/wall_7120-83.jpg,0,utuh,test_wall,wall,wall_7120,W/UW/7120-83.jpg,"[0, 0, 256, 256]",1.0,sdnet_tile,wall
utuh/wall_7120-87.jpg,0,utuh,test_wall,wall,wall_7120,W/UW/7120-87.jpg,"[0, 0, 256, 256]",1.0,sdnet_tile,wall
utuh/wall_7121-106.jpg,0,utuh,test_wall,wall,wall_7121,W/UW/7121-106.jpg,"[0, 0, 256, 256]",1.0,sdnet_tile,wall
utuh/wall_7121-113.jpg,0,utuh,test_wall,wall,wall_7121,W/UW/7121-113.jpg,"[0, 0, 256, 256]",1.0,sdnet_tile,wall
utuh/wall_7121-120.jpg,0,utuh,test_wall,wall,wall_7121,W/UW/7121-120.jpg,"[0, 0, 256, 256]",1.0,sdnet_tile,wall
utuh/wall_7121-121.jpg,0,utuh,test_wall,wall,wall_7121,W/UW/7121-121.jpg,"[0, 0, 256, 256]",1.0,sdnet_tile,wall
utuh/wall_7121-140.jpg,0,utuh,test_wall,wall,wall_7121,W/UW/7121-140.jpg,"[0, 0, 256, 256]",1.0,sdnet_tile,wall
utuh/wall_7121-141.jpg,0,utuh,test_wall,wall,wall_7121,W/UW/7121-141.jpg,"[0, 0, 256, 256]",1.0,sdnet_tile,wall
utuh/wall_7121-162.jpg,0,utuh,test_wall,wall,wall_7121,W/UW/7121-162.jpg,"[0, 0, 256, 256]",1.0,sdnet_tile,wall
utuh/wall_7121-165.jpg,0,utuh,test_wall,wall,wall_7121,W/UW/7121-165.jpg,"[0, 0, 256, 256]",1.0,sdnet_tile,wall
utuh/wall_7121-166.jpg,0,utuh,test_wall,wall,wall_7121,W/UW/7121-166.jpg,"[0, 0, 256, 256]",1.0,sdnet_tile,wall
utuh/wall_7121-179.jpg,0,utuh,test_wall,wall,wall_7121,W/UW/7121-179.jpg,"[0, 0, 256, 256]",1.0,sdnet_tile,wall
utuh/wall_7121-182.jpg,0,utuh,test_wall,wall,wall_7121,W/UW/7121-182.jpg,"[0, 0, 256, 256]",1.0,sdnet_tile,wall
utuh/wall_7121-184.jpg,0,utuh,test_wall,wall,wall_7121,W/UW/7121-184.jpg,"[0, 0, 256, 256]",1.0,sdnet_tile,wall
utuh/wall_7121-199.jpg,0,utuh,test_wall,wall,wall_7121,W/UW/7121-199.jpg,"[0, 0, 256, 256]",1.0,sdnet_tile,wall
utuh/wall_7121-203.jpg,0,utuh,test_wall,wall,wall_7121,W/UW/7121-203.jpg,"[0, 0, 256, 256]",1.0,sdnet_tile,wall
utuh/wall_7121-209.jpg,0,utuh,test_wall,wall,wall_7121,W/UW/7121-209.jpg,"[0, 0, 256, 256]",1.0,sdnet_tile,wall
utuh/wall_7121-211.jpg,0,utuh,test_wall,wall,wall_7121,W/UW/7121-211.jpg,"[0, 0, 256, 256]",1.0,sdnet_tile,wall
utuh/wall_7121-216.jpg,0,utuh,test_wall,wall,wall_7121,W/UW/7121-216.jpg,"[0, 0, 256, 256]",1.0,sdnet_tile,wall
utuh/wall_7121-233.jpg,0,utuh,test_wall,wall,wall_7121,W/UW/7121-233.jpg,"[0, 0, 256, 256]",1.0,sdnet_tile,wall
utuh/wall_7121-235.jpg,0,utuh,test_wall,wall,wall_7121,W/UW/7121-235.jpg,"[0, 0, 256, 256]",1.0,sdnet_tile,wall
utuh/wall_7121-240.jpg,0,utuh,test_wall,wall,wall_7121,W/UW/7121-240.jpg,"[0, 0, 256, 256]",1.0,sdnet_tile,wall
utuh/wall_7121-241.jpg,0,utuh,test_wall,wall,wall_7121,W/UW/7121-241.jpg,"[0, 0, 256, 256]",1.0,sdnet_tile,wall
utuh/wall_7121-250.jpg,0,utuh,test_wall,wall,wall_7121,W/UW/7121-250.jpg,"[0, 0, 256, 256]",1.0,sdnet_tile,wall
utuh/wall_7121-26.jpg,0,utuh,test_wall,wall,wall_7121,W/UW/7121-26.jpg,"[0, 0, 256, 256]",1.0,sdnet_tile,wall
utuh/wall_7121-38.jpg,0,utuh,test_wall,wall,wall_7121,W/UW/7121-38.jpg,"[0, 0, 256, 256]",1.0,sdnet_tile,wall
utuh/wall_7121-40.jpg,0,utuh,test_wall,wall,wall_7121,W/UW/7121-40.jpg,"[0, 0, 256, 256]",1.0,sdnet_tile,wall
utuh/wall_7121-62.jpg,0,utuh,test_wall,wall,wall_7121,W/UW/7121-62.jpg,"[0, 0, 256, 256]",1.0,sdnet_tile,wall
utuh/wall_7121-67.jpg,0,utuh,test_wall,wall,wall_7121,W/UW/7121-67.jpg,"[0, 0, 256, 256]",1.0,sdnet_tile,wall
utuh/wall_7121-72.jpg,0,utuh,test_wall,wall,wall_7121,W/UW/7121-72.jpg,"[0, 0, 256, 256]",1.0,sdnet_tile,wall
utuh/wall_7121-79.jpg,0,utuh,test_wall,wall,wall_7121,W/UW/7121-79.jpg,"[0, 0, 256, 256]",1.0,sdnet_tile,wall
utuh/wall_7121-80.jpg,0,utuh,test_wall,wall,wall_7121,W/UW/7121-80.jpg,"[0, 0, 256, 256]",1.0,sdnet_tile,wall
utuh/wall_7121-83.jpg,0,utuh,test_wall,wall,wall_7121,W/UW/7121-83.jpg,"[0, 0, 256, 256]",1.0,sdnet_tile,wall
utuh/wall_7121-92.jpg,0,utuh,test_wall,wall,wall_7121,W/UW/7121-92.jpg,"[0, 0, 256, 256]",1.0,sdnet_tile,wall
utuh/wall_7121-96.jpg,0,utuh,test_wall,wall,wall_7121,W/UW/7121-96.jpg,"[0, 0, 256, 256]",1.0,sdnet_tile,wall
utuh/wall_7122-101.jpg,0,utuh,test_wall,wall,wall_7122,W/UW/7122-101.jpg,"[0, 0, 256, 256]",1.0,sdnet_tile,wall
utuh/wall_7122-113.jpg,0,utuh,test_wall,wall,wall_7122,W/UW/7122-113.jpg,"[0, 0, 256, 256]",1.0,sdnet_tile,wall
utuh/wall_7122-126.jpg,0,utuh,test_wall,wall,wall_7122,W/UW/7122-126.jpg,"[0, 0, 256, 256]",1.0,sdnet_tile,wall
utuh/wall_7122-134.jpg,0,utuh,test_wall,wall,wall_7122,W/UW/7122-134.jpg,"[0, 0, 256, 256]",1.0,sdnet_tile,wall
utuh/wall_7122-14.jpg,0,utuh,test_wall,wall,wall_7122,W/UW/7122-14.jpg,"[0, 0, 256, 256]",1.0,sdnet_tile,wall
utuh/wall_7122-140.jpg,0,utuh,test_wall,wall,wall_7122,W/UW/7122-140.jpg,"[0, 0, 256, 256]",1.0,sdnet_tile,wall
utuh/wall_7122-153.jpg,0,utuh,test_wall,wall,wall_7122,W/UW/7122-153.jpg,"[0, 0, 256, 256]",1.0,sdnet_tile,wall
utuh/wall_7122-155.jpg,0,utuh,test_wall,wall,wall_7122,W/UW/7122-155.jpg,"[0, 0, 256, 256]",1.0,sdnet_tile,wall
utuh/wall_7122-159.jpg,0,utuh,test_wall,wall,wall_7122,W/UW/7122-159.jpg,"[0, 0, 256, 256]",1.0,sdnet_tile,wall
utuh/wall_7122-163.jpg,0,utuh,test_wall,wall,wall_7122,W/UW/7122-163.jpg,"[0, 0, 256, 256]",1.0,sdnet_tile,wall
utuh/wall_7122-177.jpg,0,utuh,test_wall,wall,wall_7122,W/UW/7122-177.jpg,"[0, 0, 256, 256]",1.0,sdnet_tile,wall
utuh/wall_7122-2.jpg,0,utuh,test_wall,wall,wall_7122,W/UW/7122-2.jpg,"[0, 0, 256, 256]",1.0,sdnet_tile,wall
utuh/wall_7122-210.jpg,0,utuh,test_wall,wall,wall_7122,W/UW/7122-210.jpg,"[0, 0, 256, 256]",1.0,sdnet_tile,wall
utuh/wall_7122-214.jpg,0,utuh,test_wall,wall,wall_7122,W/UW/7122-214.jpg,"[0, 0, 256, 256]",1.0,sdnet_tile,wall
utuh/wall_7122-216.jpg,0,utuh,test_wall,wall,wall_7122,W/UW/7122-216.jpg,"[0, 0, 256, 256]",1.0,sdnet_tile,wall
utuh/wall_7122-228.jpg,0,utuh,test_wall,wall,wall_7122,W/UW/7122-228.jpg,"[0, 0, 256, 256]",1.0,sdnet_tile,wall
utuh/wall_7122-231.jpg,0,utuh,test_wall,wall,wall_7122,W/UW/7122-231.jpg,"[0, 0, 256, 256]",1.0,sdnet_tile,wall
utuh/wall_7122-236.jpg,0,utuh,test_wall,wall,wall_7122,W/UW/7122-236.jpg,"[0, 0, 256, 256]",1.0,sdnet_tile,wall
utuh/wall_7122-32.jpg,0,utuh,test_wall,wall,wall_7122,W/UW/7122-32.jpg,"[0, 0, 256, 256]",1.0,sdnet_tile,wall
utuh/wall_7122-33.jpg,0,utuh,test_wall,wall,wall_7122,W/UW/7122-33.jpg,"[0, 0, 256, 256]",1.0,sdnet_tile,wall
utuh/wall_7122-35.jpg,0,utuh,test_wall,wall,wall_7122,W/UW/7122-35.jpg,"[0, 0, 256, 256]",1.0,sdnet_tile,wall
utuh/wall_7122-36.jpg,0,utuh,test_wall,wall,wall_7122,W/UW/7122-36.jpg,"[0, 0, 256, 256]",1.0,sdnet_tile,wall
utuh/wall_7122-38.jpg,0,utuh,test_wall,wall,wall_7122,W/UW/7122-38.jpg,"[0, 0, 256, 256]",1.0,sdnet_tile,wall
utuh/wall_7122-4.jpg,0,utuh,test_wall,wall,wall_7122,W/UW/7122-4.jpg,"[0, 0, 256, 256]",1.0,sdnet_tile,wall
utuh/wall_7122-40.jpg,0,utuh,test_wall,wall,wall_7122,W/UW/7122-40.jpg,"[0, 0, 256, 256]",1.0,sdnet_tile,wall
utuh/wall_7122-41.jpg,0,utuh,test_wall,wall,wall_7122,W/UW/7122-41.jpg,"[0, 0, 256, 256]",1.0,sdnet_tile,wall
utuh/wall_7122-42.jpg,0,utuh,test_wall,wall,wall_7122,W/UW/7122-42.jpg,"[0, 0, 256, 256]",1.0,sdnet_tile,wall
utuh/wall_7122-54.jpg,0,utuh,test_wall,wall,wall_7122,W/UW/7122-54.jpg,"[0, 0, 256, 256]",1.0,sdnet_tile,wall
utuh/wall_7122-71.jpg,0,utuh,test_wall,wall,wall_7122,W/UW/7122-71.jpg,"[0, 0, 256, 256]",1.0,sdnet_tile,wall
utuh/wall_7122-73.jpg,0,utuh,test_wall,wall,wall_7122,W/UW/7122-73.jpg,"[0, 0, 256, 256]",1.0,sdnet_tile,wall
utuh/wall_7122-75.jpg,0,utuh,test_wall,wall,wall_7122,W/UW/7122-75.jpg,"[0, 0, 256, 256]",1.0,sdnet_tile,wall
utuh/wall_7122-92.jpg,0,utuh,test_wall,wall,wall_7122,W/UW/7122-92.jpg,"[0, 0, 256, 256]",1.0,sdnet_tile,wall
utuh/wall_7122-95.jpg,0,utuh,test_wall,wall,wall_7122,W/UW/7122-95.jpg,"[0, 0, 256, 256]",1.0,sdnet_tile,wall
utuh/wall_7123-104.jpg,0,utuh,test_wall,wall,wall_7123,W/UW/7123-104.jpg,"[0, 0, 256, 256]",1.0,sdnet_tile,wall
utuh/wall_7123-105.jpg,0,utuh,test_wall,wall,wall_7123,W/UW/7123-105.jpg,"[0, 0, 256, 256]",1.0,sdnet_tile,wall
utuh/wall_7123-106.jpg,0,utuh,test_wall,wall,wall_7123,W/UW/7123-106.jpg,"[0, 0, 256, 256]",1.0,sdnet_tile,wall
utuh/wall_7123-108.jpg,0,utuh,test_wall,wall,wall_7123,W/UW/7123-108.jpg,"[0, 0, 256, 256]",1.0,sdnet_tile,wall
utuh/wall_7123-115.jpg,0,utuh,test_wall,wall,wall_7123,W/UW/7123-115.jpg,"[0, 0, 256, 256]",1.0,sdnet_tile,wall
utuh/wall_7123-119.jpg,0,utuh,test_wall,wall,wall_7123,W/UW/7123-119.jpg,"[0, 0, 256, 256]",1.0,sdnet_tile,wall
utuh/wall_7123-130.jpg,0,utuh,test_wall,wall,wall_7123,W/UW/7123-130.jpg,"[0, 0, 256, 256]",1.0,sdnet_tile,wall
utuh/wall_7123-131.jpg,0,utuh,test_wall,wall,wall_7123,W/UW/7123-131.jpg,"[0, 0, 256, 256]",1.0,sdnet_tile,wall
utuh/wall_7123-15.jpg,0,utuh,test_wall,wall,wall_7123,W/UW/7123-15.jpg,"[0, 0, 256, 256]",1.0,sdnet_tile,wall
utuh/wall_7123-157.jpg,0,utuh,test_wall,wall,wall_7123,W/UW/7123-157.jpg,"[0, 0, 256, 256]",1.0,sdnet_tile,wall
utuh/wall_7123-164.jpg,0,utuh,test_wall,wall,wall_7123,W/UW/7123-164.jpg,"[0, 0, 256, 256]",1.0,sdnet_tile,wall
utuh/wall_7123-178.jpg,0,utuh,test_wall,wall,wall_7123,W/UW/7123-178.jpg,"[0, 0, 256, 256]",1.0,sdnet_tile,wall
utuh/wall_7123-179.jpg,0,utuh,test_wall,wall,wall_7123,W/UW/7123-179.jpg,"[0, 0, 256, 256]",1.0,sdnet_tile,wall
utuh/wall_7123-180.jpg,0,utuh,test_wall,wall,wall_7123,W/UW/7123-180.jpg,"[0, 0, 256, 256]",1.0,sdnet_tile,wall
utuh/wall_7123-186.jpg,0,utuh,test_wall,wall,wall_7123,W/UW/7123-186.jpg,"[0, 0, 256, 256]",1.0,sdnet_tile,wall
utuh/wall_7123-192.jpg,0,utuh,test_wall,wall,wall_7123,W/UW/7123-192.jpg,"[0, 0, 256, 256]",1.0,sdnet_tile,wall
utuh/wall_7123-208.jpg,0,utuh,test_wall,wall,wall_7123,W/UW/7123-208.jpg,"[0, 0, 256, 256]",1.0,sdnet_tile,wall
utuh/wall_7123-214.jpg,0,utuh,test_wall,wall,wall_7123,W/UW/7123-214.jpg,"[0, 0, 256, 256]",1.0,sdnet_tile,wall
utuh/wall_7123-220.jpg,0,utuh,test_wall,wall,wall_7123,W/UW/7123-220.jpg,"[0, 0, 256, 256]",1.0,sdnet_tile,wall
utuh/wall_7123-221.jpg,0,utuh,test_wall,wall,wall_7123,W/UW/7123-221.jpg,"[0, 0, 256, 256]",1.0,sdnet_tile,wall
utuh/wall_7123-228.jpg,0,utuh,test_wall,wall,wall_7123,W/UW/7123-228.jpg,"[0, 0, 256, 256]",1.0,sdnet_tile,wall
utuh/wall_7123-233.jpg,0,utuh,test_wall,wall,wall_7123,W/UW/7123-233.jpg,"[0, 0, 256, 256]",1.0,sdnet_tile,wall
utuh/wall_7123-242.jpg,0,utuh,test_wall,wall,wall_7123,W/UW/7123-242.jpg,"[0, 0, 256, 256]",1.0,sdnet_tile,wall
utuh/wall_7123-246.jpg,0,utuh,test_wall,wall,wall_7123,W/UW/7123-246.jpg,"[0, 0, 256, 256]",1.0,sdnet_tile,wall
utuh/wall_7123-252.jpg,0,utuh,test_wall,wall,wall_7123,W/UW/7123-252.jpg,"[0, 0, 256, 256]",1.0,sdnet_tile,wall
utuh/wall_7123-32.jpg,0,utuh,test_wall,wall,wall_7123,W/UW/7123-32.jpg,"[0, 0, 256, 256]",1.0,sdnet_tile,wall
utuh/wall_7123-33.jpg,0,utuh,test_wall,wall,wall_7123,W/UW/7123-33.jpg,"[0, 0, 256, 256]",1.0,sdnet_tile,wall
utuh/wall_7123-61.jpg,0,utuh,test_wall,wall,wall_7123,W/UW/7123-61.jpg,"[0, 0, 256, 256]",1.0,sdnet_tile,wall
utuh/wall_7123-62.jpg,0,utuh,test_wall,wall,wall_7123,W/UW/7123-62.jpg,"[0, 0, 256, 256]",1.0,sdnet_tile,wall
utuh/wall_7123-72.jpg,0,utuh,test_wall,wall,wall_7123,W/UW/7123-72.jpg,"[0, 0, 256, 256]",1.0,sdnet_tile,wall
utuh/wall_7123-73.jpg,0,utuh,test_wall,wall,wall_7123,W/UW/7123-73.jpg,"[0, 0, 256, 256]",1.0,sdnet_tile,wall
utuh/wall_7123-76.jpg,0,utuh,test_wall,wall,wall_7123,W/UW/7123-76.jpg,"[0, 0, 256, 256]",1.0,sdnet_tile,wall
utuh/wall_7123-93.jpg,0,utuh,test_wall,wall,wall_7123,W/UW/7123-93.jpg,"[0, 0, 256, 256]",1.0,sdnet_tile,wall
utuh/wall_7124-106.jpg,0,utuh,test_wall,wall,wall_7124,W/UW/7124-106.jpg,"[0, 0, 256, 256]",1.0,sdnet_tile,wall
utuh/wall_7124-107.jpg,0,utuh,test_wall,wall,wall_7124,W/UW/7124-107.jpg,"[0, 0, 256, 256]",1.0,sdnet_tile,wall
utuh/wall_7124-119.jpg,0,utuh,test_wall,wall,wall_7124,W/UW/7124-119.jpg,"[0, 0, 256, 256]",1.0,sdnet_tile,wall
utuh/wall_7124-121.jpg,0,utuh,test_wall,wall,wall_7124,W/UW/7124-121.jpg,"[0, 0, 256, 256]",1.0,sdnet_tile,wall
utuh/wall_7124-136.jpg,0,utuh,test_wall,wall,wall_7124,W/UW/7124-136.jpg,"[0, 0, 256, 256]",1.0,sdnet_tile,wall
utuh/wall_7124-145.jpg,0,utuh,test_wall,wall,wall_7124,W/UW/7124-145.jpg,"[0, 0, 256, 256]",1.0,sdnet_tile,wall
utuh/wall_7124-146.jpg,0,utuh,test_wall,wall,wall_7124,W/UW/7124-146.jpg,"[0, 0, 256, 256]",1.0,sdnet_tile,wall
utuh/wall_7124-153.jpg,0,utuh,test_wall,wall,wall_7124,W/UW/7124-153.jpg,"[0, 0, 256, 256]",1.0,sdnet_tile,wall
utuh/wall_7124-16.jpg,0,utuh,test_wall,wall,wall_7124,W/UW/7124-16.jpg,"[0, 0, 256, 256]",1.0,sdnet_tile,wall
utuh/wall_7124-161.jpg,0,utuh,test_wall,wall,wall_7124,W/UW/7124-161.jpg,"[0, 0, 256, 256]",1.0,sdnet_tile,wall
utuh/wall_7124-172.jpg,0,utuh,test_wall,wall,wall_7124,W/UW/7124-172.jpg,"[0, 0, 256, 256]",1.0,sdnet_tile,wall
utuh/wall_7124-177.jpg,0,utuh,test_wall,wall,wall_7124,W/UW/7124-177.jpg,"[0, 0, 256, 256]",1.0,sdnet_tile,wall
utuh/wall_7124-192.jpg,0,utuh,test_wall,wall,wall_7124,W/UW/7124-192.jpg,"[0, 0, 256, 256]",1.0,sdnet_tile,wall
utuh/wall_7124-195.jpg,0,utuh,test_wall,wall,wall_7124,W/UW/7124-195.jpg,"[0, 0, 256, 256]",1.0,sdnet_tile,wall
utuh/wall_7124-198.jpg,0,utuh,test_wall,wall,wall_7124,W/UW/7124-198.jpg,"[0, 0, 256, 256]",1.0,sdnet_tile,wall
utuh/wall_7124-199.jpg,0,utuh,test_wall,wall,wall_7124,W/UW/7124-199.jpg,"[0, 0, 256, 256]",1.0,sdnet_tile,wall
utuh/wall_7124-204.jpg,0,utuh,test_wall,wall,wall_7124,W/UW/7124-204.jpg,"[0, 0, 256, 256]",1.0,sdnet_tile,wall
utuh/wall_7124-207.jpg,0,utuh,test_wall,wall,wall_7124,W/UW/7124-207.jpg,"[0, 0, 256, 256]",1.0,sdnet_tile,wall
utuh/wall_7124-211.jpg,0,utuh,test_wall,wall,wall_7124,W/UW/7124-211.jpg,"[0, 0, 256, 256]",1.0,sdnet_tile,wall
utuh/wall_7124-219.jpg,0,utuh,test_wall,wall,wall_7124,W/UW/7124-219.jpg,"[0, 0, 256, 256]",1.0,sdnet_tile,wall
utuh/wall_7124-229.jpg,0,utuh,test_wall,wall,wall_7124,W/UW/7124-229.jpg,"[0, 0, 256, 256]",1.0,sdnet_tile,wall
utuh/wall_7124-230.jpg,0,utuh,test_wall,wall,wall_7124,W/UW/7124-230.jpg,"[0, 0, 256, 256]",1.0,sdnet_tile,wall
utuh/wall_7124-233.jpg,0,utuh,test_wall,wall,wall_7124,W/UW/7124-233.jpg,"[0, 0, 256, 256]",1.0,sdnet_tile,wall
utuh/wall_7124-234.jpg,0,utuh,test_wall,wall,wall_7124,W/UW/7124-234.jpg,"[0, 0, 256, 256]",1.0,sdnet_tile,wall
utuh/wall_7124-240.jpg,0,utuh,test_wall,wall,wall_7124,W/UW/7124-240.jpg,"[0, 0, 256, 256]",1.0,sdnet_tile,wall
utuh/wall_7124-28.jpg,0,utuh,test_wall,wall,wall_7124,W/UW/7124-28.jpg,"[0, 0, 256, 256]",1.0,sdnet_tile,wall
utuh/wall_7124-33.jpg,0,utuh,test_wall,wall,wall_7124,W/UW/7124-33.jpg,"[0, 0, 256, 256]",1.0,sdnet_tile,wall
utuh/wall_7124-41.jpg,0,utuh,test_wall,wall,wall_7124,W/UW/7124-41.jpg,"[0, 0, 256, 256]",1.0,sdnet_tile,wall
utuh/wall_7124-65.jpg,0,utuh,test_wall,wall,wall_7124,W/UW/7124-65.jpg,"[0, 0, 256, 256]",1.0,sdnet_tile,wall
utuh/wall_7124-7.jpg,0,utuh,test_wall,wall,wall_7124,W/UW/7124-7.jpg,"[0, 0, 256, 256]",1.0,sdnet_tile,wall
utuh/wall_7124-70.jpg,0,utuh,test_wall,wall,wall_7124,W/UW/7124-70.jpg,"[0, 0, 256, 256]",1.0,sdnet_tile,wall
utuh/wall_7124-88.jpg,0,utuh,test_wall,wall,wall_7124,W/UW/7124-88.jpg,"[0, 0, 256, 256]",1.0,sdnet_tile,wall
utuh/wall_7124-97.jpg,0,utuh,test_wall,wall,wall_7124,W/UW/7124-97.jpg,"[0, 0, 256, 256]",1.0,sdnet_tile,wall
utuh/wall_7125-1.jpg,0,utuh,test_wall,wall,wall_7125,W/UW/7125-1.jpg,"[0, 0, 256, 256]",1.0,sdnet_tile,wall
utuh/wall_7125-106.jpg,0,utuh,test_wall,wall,wall_7125,W/UW/7125-106.jpg,"[0, 0, 256, 256]",1.0,sdnet_tile,wall
utuh/wall_7125-107.jpg,0,utuh,test_wall,wall,wall_7125,W/UW/7125-107.jpg,"[0, 0, 256, 256]",1.0,sdnet_tile,wall
utuh/wall_7125-109.jpg,0,utuh,test_wall,wall,wall_7125,W/UW/7125-109.jpg,"[0, 0, 256, 256]",1.0,sdnet_tile,wall
utuh/wall_7125-110.jpg,0,utuh,test_wall,wall,wall_7125,W/UW/7125-110.jpg,"[0, 0, 256, 256]",1.0,sdnet_tile,wall
utuh/wall_7125-122.jpg,0,utuh,test_wall,wall,wall_7125,W/UW/7125-122.jpg,"[0, 0, 256, 256]",1.0,sdnet_tile,wall
utuh/wall_7125-124.jpg,0,utuh,test_wall,wall,wall_7125,W/UW/7125-124.jpg,"[0, 0, 256, 256]",1.0,sdnet_tile,wall
utuh/wall_7125-140.jpg,0,utuh,test_wall,wall,wall_7125,W/UW/7125-140.jpg,"[0, 0, 256, 256]",1.0,sdnet_tile,wall
utuh/wall_7125-156.jpg,0,utuh,test_wall,wall,wall_7125,W/UW/7125-156.jpg,"[0, 0, 256, 256]",1.0,sdnet_tile,wall
utuh/wall_7125-157.jpg,0,utuh,test_wall,wall,wall_7125,W/UW/7125-157.jpg,"[0, 0, 256, 256]",1.0,sdnet_tile,wall
utuh/wall_7125-162.jpg,0,utuh,test_wall,wall,wall_7125,W/UW/7125-162.jpg,"[0, 0, 256, 256]",1.0,sdnet_tile,wall
utuh/wall_7125-19.jpg,0,utuh,test_wall,wall,wall_7125,W/UW/7125-19.jpg,"[0, 0, 256, 256]",1.0,sdnet_tile,wall
utuh/wall_7125-193.jpg,0,utuh,test_wall,wall,wall_7125,W/UW/7125-193.jpg,"[0, 0, 256, 256]",1.0,sdnet_tile,wall
utuh/wall_7125-198.jpg,0,utuh,test_wall,wall,wall_7125,W/UW/7125-198.jpg,"[0, 0, 256, 256]",1.0,sdnet_tile,wall
utuh/wall_7125-200.jpg,0,utuh,test_wall,wall,wall_7125,W/UW/7125-200.jpg,"[0, 0, 256, 256]",1.0,sdnet_tile,wall
utuh/wall_7125-208.jpg,0,utuh,test_wall,wall,wall_7125,W/UW/7125-208.jpg,"[0, 0, 256, 256]",1.0,sdnet_tile,wall
utuh/wall_7125-21.jpg,0,utuh,test_wall,wall,wall_7125,W/UW/7125-21.jpg,"[0, 0, 256, 256]",1.0,sdnet_tile,wall
utuh/wall_7125-212.jpg,0,utuh,test_wall,wall,wall_7125,W/UW/7125-212.jpg,"[0, 0, 256, 256]",1.0,sdnet_tile,wall
utuh/wall_7125-213.jpg,0,utuh,test_wall,wall,wall_7125,W/UW/7125-213.jpg,"[0, 0, 256, 256]",1.0,sdnet_tile,wall
utuh/wall_7125-221.jpg,0,utuh,test_wall,wall,wall_7125,W/UW/7125-221.jpg,"[0, 0, 256, 256]",1.0,sdnet_tile,wall
utuh/wall_7125-241.jpg,0,utuh,test_wall,wall,wall_7125,W/UW/7125-241.jpg,"[0, 0, 256, 256]",1.0,sdnet_tile,wall
utuh/wall_7125-243.jpg,0,utuh,test_wall,wall,wall_7125,W/UW/7125-243.jpg,"[0, 0, 256, 256]",1.0,sdnet_tile,wall
utuh/wall_7125-245.jpg,0,utuh,test_wall,wall,wall_7125,W/UW/7125-245.jpg,"[0, 0, 256, 256]",1.0,sdnet_tile,wall
utuh/wall_7125-250.jpg,0,utuh,test_wall,wall,wall_7125,W/UW/7125-250.jpg,"[0, 0, 256, 256]",1.0,sdnet_tile,wall
utuh/wall_7125-32.jpg,0,utuh,test_wall,wall,wall_7125,W/UW/7125-32.jpg,"[0, 0, 256, 256]",1.0,sdnet_tile,wall
utuh/wall_7125-33.jpg,0,utuh,test_wall,wall,wall_7125,W/UW/7125-33.jpg,"[0, 0, 256, 256]",1.0,sdnet_tile,wall
utuh/wall_7125-36.jpg,0,utuh,test_wall,wall,wall_7125,W/UW/7125-36.jpg,"[0, 0, 256, 256]",1.0,sdnet_tile,wall
utuh/wall_7125-45.jpg,0,utuh,test_wall,wall,wall_7125,W/UW/7125-45.jpg,"[0, 0, 256, 256]",1.0,sdnet_tile,wall
utuh/wall_7125-56.jpg,0,utuh,test_wall,wall,wall_7125,W/UW/7125-56.jpg,"[0, 0, 256, 256]",1.0,sdnet_tile,wall
utuh/wall_7125-74.jpg,0,utuh,test_wall,wall,wall_7125,W/UW/7125-74.jpg,"[0, 0, 256, 256]",1.0,sdnet_tile,wall
utuh/wall_7125-8.jpg,0,utuh,test_wall,wall,wall_7125,W/UW/7125-8.jpg,"[0, 0, 256, 256]",1.0,sdnet_tile,wall
utuh/wall_7125-81.jpg,0,utuh,test_wall,wall,wall_7125,W/UW/7125-81.jpg,"[0, 0, 256, 256]",1.0,sdnet_tile,wall
utuh/wall_7125-95.jpg,0,utuh,test_wall,wall,wall_7125,W/UW/7125-95.jpg,"[0, 0, 256, 256]",1.0,sdnet_tile,wall
utuh/wall_7126-111.jpg,0,utuh,test_wall,wall,wall_7126,W/UW/7126-111.jpg,"[0, 0, 256, 256]",1.0,sdnet_tile,wall
utuh/wall_7126-117.jpg,0,utuh,test_wall,wall,wall_7126,W/UW/7126-117.jpg,"[0, 0, 256, 256]",1.0,sdnet_tile,wall
utuh/wall_7126-12.jpg,0,utuh,test_wall,wall,wall_7126,W/UW/7126-12.jpg,"[0, 0, 256, 256]",1.0,sdnet_tile,wall
utuh/wall_7126-121.jpg,0,utuh,test_wall,wall,wall_7126,W/UW/7126-121.jpg,"[0, 0, 256, 256]",1.0,sdnet_tile,wall
utuh/wall_7126-125.jpg,0,utuh,test_wall,wall,wall_7126,W/UW/7126-125.jpg,"[0, 0, 256, 256]",1.0,sdnet_tile,wall
utuh/wall_7126-128.jpg,0,utuh,test_wall,wall,wall_7126,W/UW/7126-128.jpg,"[0, 0, 256, 256]",1.0,sdnet_tile,wall
utuh/wall_7126-130.jpg,0,utuh,test_wall,wall,wall_7126,W/UW/7126-130.jpg,"[0, 0, 256, 256]",1.0,sdnet_tile,wall
utuh/wall_7126-143.jpg,0,utuh,test_wall,wall,wall_7126,W/UW/7126-143.jpg,"[0, 0, 256, 256]",1.0,sdnet_tile,wall
utuh/wall_7126-144.jpg,0,utuh,test_wall,wall,wall_7126,W/UW/7126-144.jpg,"[0, 0, 256, 256]",1.0,sdnet_tile,wall
utuh/wall_7126-153.jpg,0,utuh,test_wall,wall,wall_7126,W/UW/7126-153.jpg,"[0, 0, 256, 256]",1.0,sdnet_tile,wall
utuh/wall_7126-158.jpg,0,utuh,test_wall,wall,wall_7126,W/UW/7126-158.jpg,"[0, 0, 256, 256]",1.0,sdnet_tile,wall
utuh/wall_7126-159.jpg,0,utuh,test_wall,wall,wall_7126,W/UW/7126-159.jpg,"[0, 0, 256, 256]",1.0,sdnet_tile,wall
utuh/wall_7126-161.jpg,0,utuh,test_wall,wall,wall_7126,W/UW/7126-161.jpg,"[0, 0, 256, 256]",1.0,sdnet_tile,wall
utuh/wall_7126-162.jpg,0,utuh,test_wall,wall,wall_7126,W/UW/7126-162.jpg,"[0, 0, 256, 256]",1.0,sdnet_tile,wall
utuh/wall_7126-167.jpg,0,utuh,test_wall,wall,wall_7126,W/UW/7126-167.jpg,"[0, 0, 256, 256]",1.0,sdnet_tile,wall
utuh/wall_7126-171.jpg,0,utuh,test_wall,wall,wall_7126,W/UW/7126-171.jpg,"[0, 0, 256, 256]",1.0,sdnet_tile,wall
utuh/wall_7126-175.jpg,0,utuh,test_wall,wall,wall_7126,W/UW/7126-175.jpg,"[0, 0, 256, 256]",1.0,sdnet_tile,wall
utuh/wall_7126-189.jpg,0,utuh,test_wall,wall,wall_7126,W/UW/7126-189.jpg,"[0, 0, 256, 256]",1.0,sdnet_tile,wall
utuh/wall_7126-193.jpg,0,utuh,test_wall,wall,wall_7126,W/UW/7126-193.jpg,"[0, 0, 256, 256]",1.0,sdnet_tile,wall
utuh/wall_7126-207.jpg,0,utuh,test_wall,wall,wall_7126,W/UW/7126-207.jpg,"[0, 0, 256, 256]",1.0,sdnet_tile,wall
utuh/wall_7126-221.jpg,0,utuh,test_wall,wall,wall_7126,W/UW/7126-221.jpg,"[0, 0, 256, 256]",1.0,sdnet_tile,wall
utuh/wall_7126-225.jpg,0,utuh,test_wall,wall,wall_7126,W/UW/7126-225.jpg,"[0, 0, 256, 256]",1.0,sdnet_tile,wall
utuh/wall_7126-3.jpg,0,utuh,test_wall,wall,wall_7126,W/UW/7126-3.jpg,"[0, 0, 256, 256]",1.0,sdnet_tile,wall
utuh/wall_7126-33.jpg,0,utuh,test_wall,wall,wall_7126,W/UW/7126-33.jpg,"[0, 0, 256, 256]",1.0,sdnet_tile,wall
utuh/wall_7126-35.jpg,0,utuh,test_wall,wall,wall_7126,W/UW/7126-35.jpg,"[0, 0, 256, 256]",1.0,sdnet_tile,wall
utuh/wall_7126-42.jpg,0,utuh,test_wall,wall,wall_7126,W/UW/7126-42.jpg,"[0, 0, 256, 256]",1.0,sdnet_tile,wall
utuh/wall_7126-44.jpg,0,utuh,test_wall,wall,wall_7126,W/UW/7126-44.jpg,"[0, 0, 256, 256]",1.0,sdnet_tile,wall
utuh/wall_7126-52.jpg,0,utuh,test_wall,wall,wall_7126,W/UW/7126-52.jpg,"[0, 0, 256, 256]",1.0,sdnet_tile,wall
utuh/wall_7126-54.jpg,0,utuh,test_wall,wall,wall_7126,W/UW/7126-54.jpg,"[0, 0, 256, 256]",1.0,sdnet_tile,wall
utuh/wall_7126-64.jpg,0,utuh,test_wall,wall,wall_7126,W/UW/7126-64.jpg,"[0, 0, 256, 256]",1.0,sdnet_tile,wall
utuh/wall_7126-79.jpg,0,utuh,test_wall,wall,wall_7126,W/UW/7126-79.jpg,"[0, 0, 256, 256]",1.0,sdnet_tile,wall
utuh/wall_7126-9.jpg,0,utuh,test_wall,wall,wall_7126,W/UW/7126-9.jpg,"[0, 0, 256, 256]",1.0,sdnet_tile,wall
utuh/wall_7126-92.jpg,0,utuh,test_wall,wall,wall_7126,W/UW/7126-92.jpg,"[0, 0, 256, 256]",1.0,sdnet_tile,wall
utuh/wall_7127-104.jpg,0,utuh,test_wall,wall,wall_7127,W/UW/7127-104.jpg,"[0, 0, 256, 256]",1.0,sdnet_tile,wall
utuh/wall_7127-107.jpg,0,utuh,test_wall,wall,wall_7127,W/UW/7127-107.jpg,"[0, 0, 256, 256]",1.0,sdnet_tile,wall
utuh/wall_7127-110.jpg,0,utuh,test_wall,wall,wall_7127,W/UW/7127-110.jpg,"[0, 0, 256, 256]",1.0,sdnet_tile,wall
utuh/wall_7127-118.jpg,0,utuh,test_wall,wall,wall_7127,W/UW/7127-118.jpg,"[0, 0, 256, 256]",1.0,sdnet_tile,wall
utuh/wall_7127-125.jpg,0,utuh,test_wall,wall,wall_7127,W/UW/7127-125.jpg,"[0, 0, 256, 256]",1.0,sdnet_tile,wall
utuh/wall_7127-139.jpg,0,utuh,test_wall,wall,wall_7127,W/UW/7127-139.jpg,"[0, 0, 256, 256]",1.0,sdnet_tile,wall
utuh/wall_7127-142.jpg,0,utuh,test_wall,wall,wall_7127,W/UW/7127-142.jpg,"[0, 0, 256, 256]",1.0,sdnet_tile,wall
utuh/wall_7127-143.jpg,0,utuh,test_wall,wall,wall_7127,W/UW/7127-143.jpg,"[0, 0, 256, 256]",1.0,sdnet_tile,wall
utuh/wall_7127-161.jpg,0,utuh,test_wall,wall,wall_7127,W/UW/7127-161.jpg,"[0, 0, 256, 256]",1.0,sdnet_tile,wall
utuh/wall_7127-175.jpg,0,utuh,test_wall,wall,wall_7127,W/UW/7127-175.jpg,"[0, 0, 256, 256]",1.0,sdnet_tile,wall
utuh/wall_7127-185.jpg,0,utuh,test_wall,wall,wall_7127,W/UW/7127-185.jpg,"[0, 0, 256, 256]",1.0,sdnet_tile,wall
utuh/wall_7127-190.jpg,0,utuh,test_wall,wall,wall_7127,W/UW/7127-190.jpg,"[0, 0, 256, 256]",1.0,sdnet_tile,wall
utuh/wall_7127-200.jpg,0,utuh,test_wall,wall,wall_7127,W/UW/7127-200.jpg,"[0, 0, 256, 256]",1.0,sdnet_tile,wall
utuh/wall_7127-205.jpg,0,utuh,test_wall,wall,wall_7127,W/UW/7127-205.jpg,"[0, 0, 256, 256]",1.0,sdnet_tile,wall
utuh/wall_7127-21.jpg,0,utuh,test_wall,wall,wall_7127,W/UW/7127-21.jpg,"[0, 0, 256, 256]",1.0,sdnet_tile,wall
utuh/wall_7127-212.jpg,0,utuh,test_wall,wall,wall_7127,W/UW/7127-212.jpg,"[0, 0, 256, 256]",1.0,sdnet_tile,wall
utuh/wall_7127-225.jpg,0,utuh,test_wall,wall,wall_7127,W/UW/7127-225.jpg,"[0, 0, 256, 256]",1.0,sdnet_tile,wall
utuh/wall_7127-228.jpg,0,utuh,test_wall,wall,wall_7127,W/UW/7127-228.jpg,"[0, 0, 256, 256]",1.0,sdnet_tile,wall
utuh/wall_7127-234.jpg,0,utuh,test_wall,wall,wall_7127,W/UW/7127-234.jpg,"[0, 0, 256, 256]",1.0,sdnet_tile,wall
utuh/wall_7127-244.jpg,0,utuh,test_wall,wall,wall_7127,W/UW/7127-244.jpg,"[0, 0, 256, 256]",1.0,sdnet_tile,wall
utuh/wall_7127-246.jpg,0,utuh,test_wall,wall,wall_7127,W/UW/7127-246.jpg,"[0, 0, 256, 256]",1.0,sdnet_tile,wall
utuh/wall_7127-248.jpg,0,utuh,test_wall,wall,wall_7127,W/UW/7127-248.jpg,"[0, 0, 256, 256]",1.0,sdnet_tile,wall
utuh/wall_7127-25.jpg,0,utuh,test_wall,wall,wall_7127,W/UW/7127-25.jpg,"[0, 0, 256, 256]",1.0,sdnet_tile,wall
utuh/wall_7127-251.jpg,0,utuh,test_wall,wall,wall_7127,W/UW/7127-251.jpg,"[0, 0, 256, 256]",1.0,sdnet_tile,wall
utuh/wall_7127-3.jpg,0,utuh,test_wall,wall,wall_7127,W/UW/7127-3.jpg,"[0, 0, 256, 256]",1.0,sdnet_tile,wall
utuh/wall_7127-39.jpg,0,utuh,test_wall,wall,wall_7127,W/UW/7127-39.jpg,"[0, 0, 256, 256]",1.0,sdnet_tile,wall
utuh/wall_7127-41.jpg,0,utuh,test_wall,wall,wall_7127,W/UW/7127-41.jpg,"[0, 0, 256, 256]",1.0,sdnet_tile,wall
utuh/wall_7127-45.jpg,0,utuh,test_wall,wall,wall_7127,W/UW/7127-45.jpg,"[0, 0, 256, 256]",1.0,sdnet_tile,wall
utuh/wall_7127-70.jpg,0,utuh,test_wall,wall,wall_7127,W/UW/7127-70.jpg,"[0, 0, 256, 256]",1.0,sdnet_tile,wall
utuh/wall_7127-77.jpg,0,utuh,test_wall,wall,wall_7127,W/UW/7127-77.jpg,"[0, 0, 256, 256]",1.0,sdnet_tile,wall
utuh/wall_7127-82.jpg,0,utuh,test_wall,wall,wall_7127,W/UW/7127-82.jpg,"[0, 0, 256, 256]",1.0,sdnet_tile,wall
utuh/wall_7127-93.jpg,0,utuh,test_wall,wall,wall_7127,W/UW/7127-93.jpg,"[0, 0, 256, 256]",1.0,sdnet_tile,wall
utuh/wall_7127-95.jpg,0,utuh,test_wall,wall,wall_7127,W/UW/7127-95.jpg,"[0, 0, 256, 256]",1.0,sdnet_tile,wall
utuh/wall_7128-104.jpg,0,utuh,test_wall,wall,wall_7128,W/UW/7128-104.jpg,"[0, 0, 256, 256]",1.0,sdnet_tile,wall
utuh/wall_7128-117.jpg,0,utuh,test_wall,wall,wall_7128,W/UW/7128-117.jpg,"[0, 0, 256, 256]",1.0,sdnet_tile,wall
utuh/wall_7128-118.jpg,0,utuh,test_wall,wall,wall_7128,W/UW/7128-118.jpg,"[0, 0, 256, 256]",1.0,sdnet_tile,wall
utuh/wall_7128-124.jpg,0,utuh,test_wall,wall,wall_7128,W/UW/7128-124.jpg,"[0, 0, 256, 256]",1.0,sdnet_tile,wall
utuh/wall_7128-126.jpg,0,utuh,test_wall,wall,wall_7128,W/UW/7128-126.jpg,"[0, 0, 256, 256]",1.0,sdnet_tile,wall
utuh/wall_7128-128.jpg,0,utuh,test_wall,wall,wall_7128,W/UW/7128-128.jpg,"[0, 0, 256, 256]",1.0,sdnet_tile,wall
utuh/wall_7128-14.jpg,0,utuh,test_wall,wall,wall_7128,W/UW/7128-14.jpg,"[0, 0, 256, 256]",1.0,sdnet_tile,wall
utuh/wall_7128-141.jpg,0,utuh,test_wall,wall,wall_7128,W/UW/7128-141.jpg,"[0, 0, 256, 256]",1.0,sdnet_tile,wall
utuh/wall_7128-144.jpg,0,utuh,test_wall,wall,wall_7128,W/UW/7128-144.jpg,"[0, 0, 256, 256]",1.0,sdnet_tile,wall
utuh/wall_7128-146.jpg,0,utuh,test_wall,wall,wall_7128,W/UW/7128-146.jpg,"[0, 0, 256, 256]",1.0,sdnet_tile,wall
utuh/wall_7128-147.jpg,0,utuh,test_wall,wall,wall_7128,W/UW/7128-147.jpg,"[0, 0, 256, 256]",1.0,sdnet_tile,wall
utuh/wall_7128-163.jpg,0,utuh,test_wall,wall,wall_7128,W/UW/7128-163.jpg,"[0, 0, 256, 256]",1.0,sdnet_tile,wall
utuh/wall_7128-167.jpg,0,utuh,test_wall,wall,wall_7128,W/UW/7128-167.jpg,"[0, 0, 256, 256]",1.0,sdnet_tile,wall
utuh/wall_7128-168.jpg,0,utuh,test_wall,wall,wall_7128,W/UW/7128-168.jpg,"[0, 0, 256, 256]",1.0,sdnet_tile,wall
utuh/wall_7128-185.jpg,0,utuh,test_wall,wall,wall_7128,W/UW/7128-185.jpg,"[0, 0, 256, 256]",1.0,sdnet_tile,wall
utuh/wall_7128-195.jpg,0,utuh,test_wall,wall,wall_7128,W/UW/7128-195.jpg,"[0, 0, 256, 256]",1.0,sdnet_tile,wall
utuh/wall_7128-20.jpg,0,utuh,test_wall,wall,wall_7128,W/UW/7128-20.jpg,"[0, 0, 256, 256]",1.0,sdnet_tile,wall
utuh/wall_7128-21.jpg,0,utuh,test_wall,wall,wall_7128,W/UW/7128-21.jpg,"[0, 0, 256, 256]",1.0,sdnet_tile,wall
utuh/wall_7128-211.jpg,0,utuh,test_wall,wall,wall_7128,W/UW/7128-211.jpg,"[0, 0, 256, 256]",1.0,sdnet_tile,wall
utuh/wall_7128-225.jpg,0,utuh,test_wall,wall,wall_7128,W/UW/7128-225.jpg,"[0, 0, 256, 256]",1.0,sdnet_tile,wall
utuh/wall_7128-228.jpg,0,utuh,test_wall,wall,wall_7128,W/UW/7128-228.jpg,"[0, 0, 256, 256]",1.0,sdnet_tile,wall
utuh/wall_7128-237.jpg,0,utuh,test_wall,wall,wall_7128,W/UW/7128-237.jpg,"[0, 0, 256, 256]",1.0,sdnet_tile,wall
utuh/wall_7128-239.jpg,0,utuh,test_wall,wall,wall_7128,W/UW/7128-239.jpg,"[0, 0, 256, 256]",1.0,sdnet_tile,wall
utuh/wall_7128-248.jpg,0,utuh,test_wall,wall,wall_7128,W/UW/7128-248.jpg,"[0, 0, 256, 256]",1.0,sdnet_tile,wall
utuh/wall_7128-34.jpg,0,utuh,test_wall,wall,wall_7128,W/UW/7128-34.jpg,"[0, 0, 256, 256]",1.0,sdnet_tile,wall
utuh/wall_7128-47.jpg,0,utuh,test_wall,wall,wall_7128,W/UW/7128-47.jpg,"[0, 0, 256, 256]",1.0,sdnet_tile,wall
utuh/wall_7128-5.jpg,0,utuh,test_wall,wall,wall_7128,W/UW/7128-5.jpg,"[0, 0, 256, 256]",1.0,sdnet_tile,wall
utuh/wall_7128-51.jpg,0,utuh,test_wall,wall,wall_7128,W/UW/7128-51.jpg,"[0, 0, 256, 256]",1.0,sdnet_tile,wall
utuh/wall_7128-55.jpg,0,utuh,test_wall,wall,wall_7128,W/UW/7128-55.jpg,"[0, 0, 256, 256]",1.0,sdnet_tile,wall
utuh/wall_7128-57.jpg,0,utuh,test_wall,wall,wall_7128,W/UW/7128-57.jpg,"[0, 0, 256, 256]",1.0,sdnet_tile,wall
utuh/wall_7128-59.jpg,0,utuh,test_wall,wall,wall_7128,W/UW/7128-59.jpg,"[0, 0, 256, 256]",1.0,sdnet_tile,wall
utuh/wall_7128-85.jpg,0,utuh,test_wall,wall,wall_7128,W/UW/7128-85.jpg,"[0, 0, 256, 256]",1.0,sdnet_tile,wall
utuh/wall_7128-91.jpg,0,utuh,test_wall,wall,wall_7128,W/UW/7128-91.jpg,"[0, 0, 256, 256]",1.0,sdnet_tile,wall
utuh/wall_7129-110.jpg,0,utuh,test_wall,wall,wall_7129,W/UW/7129-110.jpg,"[0, 0, 256, 256]",1.0,sdnet_tile,wall
utuh/wall_7129-121.jpg,0,utuh,test_wall,wall,wall_7129,W/UW/7129-121.jpg,"[0, 0, 256, 256]",1.0,sdnet_tile,wall
utuh/wall_7129-125.jpg,0,utuh,test_wall,wall,wall_7129,W/UW/7129-125.jpg,"[0, 0, 256, 256]",1.0,sdnet_tile,wall
utuh/wall_7129-130.jpg,0,utuh,test_wall,wall,wall_7129,W/UW/7129-130.jpg,"[0, 0, 256, 256]",1.0,sdnet_tile,wall
utuh/wall_7129-134.jpg,0,utuh,test_wall,wall,wall_7129,W/UW/7129-134.jpg,"[0, 0, 256, 256]",1.0,sdnet_tile,wall
utuh/wall_7129-138.jpg,0,utuh,test_wall,wall,wall_7129,W/UW/7129-138.jpg,"[0, 0, 256, 256]",1.0,sdnet_tile,wall
utuh/wall_7129-140.jpg,0,utuh,test_wall,wall,wall_7129,W/UW/7129-140.jpg,"[0, 0, 256, 256]",1.0,sdnet_tile,wall
utuh/wall_7129-148.jpg,0,utuh,test_wall,wall,wall_7129,W/UW/7129-148.jpg,"[0, 0, 256, 256]",1.0,sdnet_tile,wall
utuh/wall_7129-151.jpg,0,utuh,test_wall,wall,wall_7129,W/UW/7129-151.jpg,"[0, 0, 256, 256]",1.0,sdnet_tile,wall
utuh/wall_7129-154.jpg,0,utuh,test_wall,wall,wall_7129,W/UW/7129-154.jpg,"[0, 0, 256, 256]",1.0,sdnet_tile,wall
utuh/wall_7129-156.jpg,0,utuh,test_wall,wall,wall_7129,W/UW/7129-156.jpg,"[0, 0, 256, 256]",1.0,sdnet_tile,wall
utuh/wall_7129-158.jpg,0,utuh,test_wall,wall,wall_7129,W/UW/7129-158.jpg,"[0, 0, 256, 256]",1.0,sdnet_tile,wall
utuh/wall_7129-162.jpg,0,utuh,test_wall,wall,wall_7129,W/UW/7129-162.jpg,"[0, 0, 256, 256]",1.0,sdnet_tile,wall
utuh/wall_7129-163.jpg,0,utuh,test_wall,wall,wall_7129,W/UW/7129-163.jpg,"[0, 0, 256, 256]",1.0,sdnet_tile,wall
utuh/wall_7129-178.jpg,0,utuh,test_wall,wall,wall_7129,W/UW/7129-178.jpg,"[0, 0, 256, 256]",1.0,sdnet_tile,wall
utuh/wall_7129-185.jpg,0,utuh,test_wall,wall,wall_7129,W/UW/7129-185.jpg,"[0, 0, 256, 256]",1.0,sdnet_tile,wall
utuh/wall_7129-198.jpg,0,utuh,test_wall,wall,wall_7129,W/UW/7129-198.jpg,"[0, 0, 256, 256]",1.0,sdnet_tile,wall
utuh/wall_7129-21.jpg,0,utuh,test_wall,wall,wall_7129,W/UW/7129-21.jpg,"[0, 0, 256, 256]",1.0,sdnet_tile,wall
utuh/wall_7129-211.jpg,0,utuh,test_wall,wall,wall_7129,W/UW/7129-211.jpg,"[0, 0, 256, 256]",1.0,sdnet_tile,wall
utuh/wall_7129-213.jpg,0,utuh,test_wall,wall,wall_7129,W/UW/7129-213.jpg,"[0, 0, 256, 256]",1.0,sdnet_tile,wall
utuh/wall_7129-216.jpg,0,utuh,test_wall,wall,wall_7129,W/UW/7129-216.jpg,"[0, 0, 256, 256]",1.0,sdnet_tile,wall
utuh/wall_7129-217.jpg,0,utuh,test_wall,wall,wall_7129,W/UW/7129-217.jpg,"[0, 0, 256, 256]",1.0,sdnet_tile,wall
utuh/wall_7129-228.jpg,0,utuh,test_wall,wall,wall_7129,W/UW/7129-228.jpg,"[0, 0, 256, 256]",1.0,sdnet_tile,wall
utuh/wall_7129-230.jpg,0,utuh,test_wall,wall,wall_7129,W/UW/7129-230.jpg,"[0, 0, 256, 256]",1.0,sdnet_tile,wall
utuh/wall_7129-240.jpg,0,utuh,test_wall,wall,wall_7129,W/UW/7129-240.jpg,"[0, 0, 256, 256]",1.0,sdnet_tile,wall
utuh/wall_7129-244.jpg,0,utuh,test_wall,wall,wall_7129,W/UW/7129-244.jpg,"[0, 0, 256, 256]",1.0,sdnet_tile,wall
utuh/wall_7129-252.jpg,0,utuh,test_wall,wall,wall_7129,W/UW/7129-252.jpg,"[0, 0, 256, 256]",1.0,sdnet_tile,wall
utuh/wall_7129-30.jpg,0,utuh,test_wall,wall,wall_7129,W/UW/7129-30.jpg,"[0, 0, 256, 256]",1.0,sdnet_tile,wall
utuh/wall_7129-31.jpg,0,utuh,test_wall,wall,wall_7129,W/UW/7129-31.jpg,"[0, 0, 256, 256]",1.0,sdnet_tile,wall
utuh/wall_7129-61.jpg,0,utuh,test_wall,wall,wall_7129,W/UW/7129-61.jpg,"[0, 0, 256, 256]",1.0,sdnet_tile,wall
utuh/wall_7129-76.jpg,0,utuh,test_wall,wall,wall_7129,W/UW/7129-76.jpg,"[0, 0, 256, 256]",1.0,sdnet_tile,wall
utuh/wall_7129-85.jpg,0,utuh,test_wall,wall,wall_7129,W/UW/7129-85.jpg,"[0, 0, 256, 256]",1.0,sdnet_tile,wall
utuh/wall_7129-93.jpg,0,utuh,test_wall,wall,wall_7129,W/UW/7129-93.jpg,"[0, 0, 256, 256]",1.0,sdnet_tile,wall
utuh/wall_7130-10.jpg,0,utuh,test_wall,wall,wall_7130,W/UW/7130-10.jpg,"[0, 0, 256, 256]",1.0,sdnet_tile,wall
utuh/wall_7130-111.jpg,0,utuh,test_wall,wall,wall_7130,W/UW/7130-111.jpg,"[0, 0, 256, 256]",1.0,sdnet_tile,wall
utuh/wall_7130-114.jpg,0,utuh,test_wall,wall,wall_7130,W/UW/7130-114.jpg,"[0, 0, 256, 256]",1.0,sdnet_tile,wall
utuh/wall_7130-116.jpg,0,utuh,test_wall,wall,wall_7130,W/UW/7130-116.jpg,"[0, 0, 256, 256]",1.0,sdnet_tile,wall
utuh/wall_7130-117.jpg,0,utuh,test_wall,wall,wall_7130,W/UW/7130-117.jpg,"[0, 0, 256, 256]",1.0,sdnet_tile,wall
utuh/wall_7130-119.jpg,0,utuh,test_wall,wall,wall_7130,W/UW/7130-119.jpg,"[0, 0, 256, 256]",1.0,sdnet_tile,wall
utuh/wall_7130-132.jpg,0,utuh,test_wall,wall,wall_7130,W/UW/7130-132.jpg,"[0, 0, 256, 256]",1.0,sdnet_tile,wall
utuh/wall_7130-134.jpg,0,utuh,test_wall,wall,wall_7130,W/UW/7130-134.jpg,"[0, 0, 256, 256]",1.0,sdnet_tile,wall
utuh/wall_7130-14.jpg,0,utuh,test_wall,wall,wall_7130,W/UW/7130-14.jpg,"[0, 0, 256, 256]",1.0,sdnet_tile,wall
utuh/wall_7130-145.jpg,0,utuh,test_wall,wall,wall_7130,W/UW/7130-145.jpg,"[0, 0, 256, 256]",1.0,sdnet_tile,wall
utuh/wall_7130-148.jpg,0,utuh,test_wall,wall,wall_7130,W/UW/7130-148.jpg,"[0, 0, 256, 256]",1.0,sdnet_tile,wall
utuh/wall_7130-158.jpg,0,utuh,test_wall,wall,wall_7130,W/UW/7130-158.jpg,"[0, 0, 256, 256]",1.0,sdnet_tile,wall
utuh/wall_7130-165.jpg,0,utuh,test_wall,wall,wall_7130,W/UW/7130-165.jpg,"[0, 0, 256, 256]",1.0,sdnet_tile,wall
utuh/wall_7130-171.jpg,0,utuh,test_wall,wall,wall_7130,W/UW/7130-171.jpg,"[0, 0, 256, 256]",1.0,sdnet_tile,wall
utuh/wall_7130-178.jpg,0,utuh,test_wall,wall,wall_7130,W/UW/7130-178.jpg,"[0, 0, 256, 256]",1.0,sdnet_tile,wall
utuh/wall_7130-192.jpg,0,utuh,test_wall,wall,wall_7130,W/UW/7130-192.jpg,"[0, 0, 256, 256]",1.0,sdnet_tile,wall
utuh/wall_7130-214.jpg,0,utuh,test_wall,wall,wall_7130,W/UW/7130-214.jpg,"[0, 0, 256, 256]",1.0,sdnet_tile,wall
utuh/wall_7130-220.jpg,0,utuh,test_wall,wall,wall_7130,W/UW/7130-220.jpg,"[0, 0, 256, 256]",1.0,sdnet_tile,wall
utuh/wall_7130-223.jpg,0,utuh,test_wall,wall,wall_7130,W/UW/7130-223.jpg,"[0, 0, 256, 256]",1.0,sdnet_tile,wall
utuh/wall_7130-226.jpg,0,utuh,test_wall,wall,wall_7130,W/UW/7130-226.jpg,"[0, 0, 256, 256]",1.0,sdnet_tile,wall
utuh/wall_7130-241.jpg,0,utuh,test_wall,wall,wall_7130,W/UW/7130-241.jpg,"[0, 0, 256, 256]",1.0,sdnet_tile,wall
utuh/wall_7130-243.jpg,0,utuh,test_wall,wall,wall_7130,W/UW/7130-243.jpg,"[0, 0, 256, 256]",1.0,sdnet_tile,wall
utuh/wall_7130-246.jpg,0,utuh,test_wall,wall,wall_7130,W/UW/7130-246.jpg,"[0, 0, 256, 256]",1.0,sdnet_tile,wall
utuh/wall_7130-250.jpg,0,utuh,test_wall,wall,wall_7130,W/UW/7130-250.jpg,"[0, 0, 256, 256]",1.0,sdnet_tile,wall
utuh/wall_7130-47.jpg,0,utuh,test_wall,wall,wall_7130,W/UW/7130-47.jpg,"[0, 0, 256, 256]",1.0,sdnet_tile,wall
utuh/wall_7130-55.jpg,0,utuh,test_wall,wall,wall_7130,W/UW/7130-55.jpg,"[0, 0, 256, 256]",1.0,sdnet_tile,wall
utuh/wall_7130-64.jpg,0,utuh,test_wall,wall,wall_7130,W/UW/7130-64.jpg,"[0, 0, 256, 256]",1.0,sdnet_tile,wall
utuh/wall_7130-65.jpg,0,utuh,test_wall,wall,wall_7130,W/UW/7130-65.jpg,"[0, 0, 256, 256]",1.0,sdnet_tile,wall
utuh/wall_7130-7.jpg,0,utuh,test_wall,wall,wall_7130,W/UW/7130-7.jpg,"[0, 0, 256, 256]",1.0,sdnet_tile,wall
utuh/wall_7130-74.jpg,0,utuh,test_wall,wall,wall_7130,W/UW/7130-74.jpg,"[0, 0, 256, 256]",1.0,sdnet_tile,wall
utuh/wall_7130-82.jpg,0,utuh,test_wall,wall,wall_7130,W/UW/7130-82.jpg,"[0, 0, 256, 256]",1.0,sdnet_tile,wall
utuh/wall_7130-83.jpg,0,utuh,test_wall,wall,wall_7130,W/UW/7130-83.jpg,"[0, 0, 256, 256]",1.0,sdnet_tile,wall
utuh/wall_7130-93.jpg,0,utuh,test_wall,wall,wall_7130,W/UW/7130-93.jpg,"[0, 0, 256, 256]",1.0,sdnet_tile,wall
utuh/wall_7131-108.jpg,0,utuh,test_wall,wall,wall_7131,W/UW/7131-108.jpg,"[0, 0, 256, 256]",1.0,sdnet_tile,wall
utuh/wall_7131-109.jpg,0,utuh,test_wall,wall,wall_7131,W/UW/7131-109.jpg,"[0, 0, 256, 256]",1.0,sdnet_tile,wall
utuh/wall_7131-111.jpg,0,utuh,test_wall,wall,wall_7131,W/UW/7131-111.jpg,"[0, 0, 256, 256]",1.0,sdnet_tile,wall
utuh/wall_7131-116.jpg,0,utuh,test_wall,wall,wall_7131,W/UW/7131-116.jpg,"[0, 0, 256, 256]",1.0,sdnet_tile,wall
utuh/wall_7131-125.jpg,0,utuh,test_wall,wall,wall_7131,W/UW/7131-125.jpg,"[0, 0, 256, 256]",1.0,sdnet_tile,wall
utuh/wall_7131-126.jpg,0,utuh,test_wall,wall,wall_7131,W/UW/7131-126.jpg,"[0, 0, 256, 256]",1.0,sdnet_tile,wall
utuh/wall_7131-13.jpg,0,utuh,test_wall,wall,wall_7131,W/UW/7131-13.jpg,"[0, 0, 256, 256]",1.0,sdnet_tile,wall
utuh/wall_7131-131.jpg,0,utuh,test_wall,wall,wall_7131,W/UW/7131-131.jpg,"[0, 0, 256, 256]",1.0,sdnet_tile,wall
utuh/wall_7131-153.jpg,0,utuh,test_wall,wall,wall_7131,W/UW/7131-153.jpg,"[0, 0, 256, 256]",1.0,sdnet_tile,wall
utuh/wall_7131-163.jpg,0,utuh,test_wall,wall,wall_7131,W/UW/7131-163.jpg,"[0, 0, 256, 256]",1.0,sdnet_tile,wall
utuh/wall_7131-171.jpg,0,utuh,test_wall,wall,wall_7131,W/UW/7131-171.jpg,"[0, 0, 256, 256]",1.0,sdnet_tile,wall
utuh/wall_7131-174.jpg,0,utuh,test_wall,wall,wall_7131,W/UW/7131-174.jpg,"[0, 0, 256, 256]",1.0,sdnet_tile,wall
utuh/wall_7131-18.jpg,0,utuh,test_wall,wall,wall_7131,W/UW/7131-18.jpg,"[0, 0, 256, 256]",1.0,sdnet_tile,wall
utuh/wall_7131-182.jpg,0,utuh,test_wall,wall,wall_7131,W/UW/7131-182.jpg,"[0, 0, 256, 256]",1.0,sdnet_tile,wall
utuh/wall_7131-189.jpg,0,utuh,test_wall,wall,wall_7131,W/UW/7131-189.jpg,"[0, 0, 256, 256]",1.0,sdnet_tile,wall
utuh/wall_7131-206.jpg,0,utuh,test_wall,wall,wall_7131,W/UW/7131-206.jpg,"[0, 0, 256, 256]",1.0,sdnet_tile,wall
utuh/wall_7131-210.jpg,0,utuh,test_wall,wall,wall_7131,W/UW/7131-210.jpg,"[0, 0, 256, 256]",1.0,sdnet_tile,wall
utuh/wall_7131-213.jpg,0,utuh,test_wall,wall,wall_7131,W/UW/7131-213.jpg,"[0, 0, 256, 256]",1.0,sdnet_tile,wall
utuh/wall_7131-22.jpg,0,utuh,test_wall,wall,wall_7131,W/UW/7131-22.jpg,"[0, 0, 256, 256]",1.0,sdnet_tile,wall
utuh/wall_7131-23.jpg,0,utuh,test_wall,wall,wall_7131,W/UW/7131-23.jpg,"[0, 0, 256, 256]",1.0,sdnet_tile,wall
utuh/wall_7131-232.jpg,0,utuh,test_wall,wall,wall_7131,W/UW/7131-232.jpg,"[0, 0, 256, 256]",1.0,sdnet_tile,wall
utuh/wall_7131-245.jpg,0,utuh,test_wall,wall,wall_7131,W/UW/7131-245.jpg,"[0, 0, 256, 256]",1.0,sdnet_tile,wall
utuh/wall_7131-247.jpg,0,utuh,test_wall,wall,wall_7131,W/UW/7131-247.jpg,"[0, 0, 256, 256]",1.0,sdnet_tile,wall
utuh/wall_7131-250.jpg,0,utuh,test_wall,wall,wall_7131,W/UW/7131-250.jpg,"[0, 0, 256, 256]",1.0,sdnet_tile,wall
utuh/wall_7131-52.jpg,0,utuh,test_wall,wall,wall_7131,W/UW/7131-52.jpg,"[0, 0, 256, 256]",1.0,sdnet_tile,wall
utuh/wall_7131-60.jpg,0,utuh,test_wall,wall,wall_7131,W/UW/7131-60.jpg,"[0, 0, 256, 256]",1.0,sdnet_tile,wall
utuh/wall_7131-61.jpg,0,utuh,test_wall,wall,wall_7131,W/UW/7131-61.jpg,"[0, 0, 256, 256]",1.0,sdnet_tile,wall
utuh/wall_7131-7.jpg,0,utuh,test_wall,wall,wall_7131,W/UW/7131-7.jpg,"[0, 0, 256, 256]",1.0,sdnet_tile,wall
utuh/wall_7131-72.jpg,0,utuh,test_wall,wall,wall_7131,W/UW/7131-72.jpg,"[0, 0, 256, 256]",1.0,sdnet_tile,wall
utuh/wall_7131-75.jpg,0,utuh,test_wall,wall,wall_7131,W/UW/7131-75.jpg,"[0, 0, 256, 256]",1.0,sdnet_tile,wall
utuh/wall_7131-78.jpg,0,utuh,test_wall,wall,wall_7131,W/UW/7131-78.jpg,"[0, 0, 256, 256]",1.0,sdnet_tile,wall
utuh/wall_7131-95.jpg,0,utuh,test_wall,wall,wall_7131,W/UW/7131-95.jpg,"[0, 0, 256, 256]",1.0,sdnet_tile,wall
utuh/wall_7131-99.jpg,0,utuh,test_wall,wall,wall_7131,W/UW/7131-99.jpg,"[0, 0, 256, 256]",1.0,sdnet_tile,wall
utuh/wall_7132-103.jpg,0,utuh,test_wall,wall,wall_7132,W/UW/7132-103.jpg,"[0, 0, 256, 256]",1.0,sdnet_tile,wall
utuh/wall_7132-108.jpg,0,utuh,test_wall,wall,wall_7132,W/UW/7132-108.jpg,"[0, 0, 256, 256]",1.0,sdnet_tile,wall
utuh/wall_7132-120.jpg,0,utuh,test_wall,wall,wall_7132,W/UW/7132-120.jpg,"[0, 0, 256, 256]",1.0,sdnet_tile,wall
utuh/wall_7132-121.jpg,0,utuh,test_wall,wall,wall_7132,W/UW/7132-121.jpg,"[0, 0, 256, 256]",1.0,sdnet_tile,wall
utuh/wall_7132-124.jpg,0,utuh,test_wall,wall,wall_7132,W/UW/7132-124.jpg,"[0, 0, 256, 256]",1.0,sdnet_tile,wall
utuh/wall_7132-126.jpg,0,utuh,test_wall,wall,wall_7132,W/UW/7132-126.jpg,"[0, 0, 256, 256]",1.0,sdnet_tile,wall
utuh/wall_7132-128.jpg,0,utuh,test_wall,wall,wall_7132,W/UW/7132-128.jpg,"[0, 0, 256, 256]",1.0,sdnet_tile,wall
utuh/wall_7132-130.jpg,0,utuh,test_wall,wall,wall_7132,W/UW/7132-130.jpg,"[0, 0, 256, 256]",1.0,sdnet_tile,wall
utuh/wall_7132-143.jpg,0,utuh,test_wall,wall,wall_7132,W/UW/7132-143.jpg,"[0, 0, 256, 256]",1.0,sdnet_tile,wall
utuh/wall_7132-146.jpg,0,utuh,test_wall,wall,wall_7132,W/UW/7132-146.jpg,"[0, 0, 256, 256]",1.0,sdnet_tile,wall
utuh/wall_7132-151.jpg,0,utuh,test_wall,wall,wall_7132,W/UW/7132-151.jpg,"[0, 0, 256, 256]",1.0,sdnet_tile,wall
utuh/wall_7132-166.jpg,0,utuh,test_wall,wall,wall_7132,W/UW/7132-166.jpg,"[0, 0, 256, 256]",1.0,sdnet_tile,wall
utuh/wall_7132-177.jpg,0,utuh,test_wall,wall,wall_7132,W/UW/7132-177.jpg,"[0, 0, 256, 256]",1.0,sdnet_tile,wall
utuh/wall_7132-184.jpg,0,utuh,test_wall,wall,wall_7132,W/UW/7132-184.jpg,"[0, 0, 256, 256]",1.0,sdnet_tile,wall
utuh/wall_7132-186.jpg,0,utuh,test_wall,wall,wall_7132,W/UW/7132-186.jpg,"[0, 0, 256, 256]",1.0,sdnet_tile,wall
utuh/wall_7132-192.jpg,0,utuh,test_wall,wall,wall_7132,W/UW/7132-192.jpg,"[0, 0, 256, 256]",1.0,sdnet_tile,wall
utuh/wall_7132-211.jpg,0,utuh,test_wall,wall,wall_7132,W/UW/7132-211.jpg,"[0, 0, 256, 256]",1.0,sdnet_tile,wall
utuh/wall_7132-220.jpg,0,utuh,test_wall,wall,wall_7132,W/UW/7132-220.jpg,"[0, 0, 256, 256]",1.0,sdnet_tile,wall
utuh/wall_7132-237.jpg,0,utuh,test_wall,wall,wall_7132,W/UW/7132-237.jpg,"[0, 0, 256, 256]",1.0,sdnet_tile,wall
utuh/wall_7132-241.jpg,0,utuh,test_wall,wall,wall_7132,W/UW/7132-241.jpg,"[0, 0, 256, 256]",1.0,sdnet_tile,wall
utuh/wall_7132-26.jpg,0,utuh,test_wall,wall,wall_7132,W/UW/7132-26.jpg,"[0, 0, 256, 256]",1.0,sdnet_tile,wall
utuh/wall_7132-28.jpg,0,utuh,test_wall,wall,wall_7132,W/UW/7132-28.jpg,"[0, 0, 256, 256]",1.0,sdnet_tile,wall
utuh/wall_7132-33.jpg,0,utuh,test_wall,wall,wall_7132,W/UW/7132-33.jpg,"[0, 0, 256, 256]",1.0,sdnet_tile,wall
utuh/wall_7132-43.jpg,0,utuh,test_wall,wall,wall_7132,W/UW/7132-43.jpg,"[0, 0, 256, 256]",1.0,sdnet_tile,wall
utuh/wall_7132-52.jpg,0,utuh,test_wall,wall,wall_7132,W/UW/7132-52.jpg,"[0, 0, 256, 256]",1.0,sdnet_tile,wall
utuh/wall_7132-60.jpg,0,utuh,test_wall,wall,wall_7132,W/UW/7132-60.jpg,"[0, 0, 256, 256]",1.0,sdnet_tile,wall
utuh/wall_7132-64.jpg,0,utuh,test_wall,wall,wall_7132,W/UW/7132-64.jpg,"[0, 0, 256, 256]",1.0,sdnet_tile,wall
utuh/wall_7132-65.jpg,0,utuh,test_wall,wall,wall_7132,W/UW/7132-65.jpg,"[0, 0, 256, 256]",1.0,sdnet_tile,wall
utuh/wall_7132-70.jpg,0,utuh,test_wall,wall,wall_7132,W/UW/7132-70.jpg,"[0, 0, 256, 256]",1.0,sdnet_tile,wall
utuh/wall_7132-73.jpg,0,utuh,test_wall,wall,wall_7132,W/UW/7132-73.jpg,"[0, 0, 256, 256]",1.0,sdnet_tile,wall
utuh/wall_7132-76.jpg,0,utuh,test_wall,wall,wall_7132,W/UW/7132-76.jpg,"[0, 0, 256, 256]",1.0,sdnet_tile,wall
utuh/wall_7132-93.jpg,0,utuh,test_wall,wall,wall_7132,W/UW/7132-93.jpg,"[0, 0, 256, 256]",1.0,sdnet_tile,wall
utuh/wall_7132-96.jpg,0,utuh,test_wall,wall,wall_7132,W/UW/7132-96.jpg,"[0, 0, 256, 256]",1.0,sdnet_tile,wall
utuh/wall_7133-100.jpg,0,utuh,test_wall,wall,wall_7133,W/UW/7133-100.jpg,"[0, 0, 256, 256]",1.0,sdnet_tile,wall
utuh/wall_7133-104.jpg,0,utuh,test_wall,wall,wall_7133,W/UW/7133-104.jpg,"[0, 0, 256, 256]",1.0,sdnet_tile,wall
utuh/wall_7133-105.jpg,0,utuh,test_wall,wall,wall_7133,W/UW/7133-105.jpg,"[0, 0, 256, 256]",1.0,sdnet_tile,wall
utuh/wall_7133-107.jpg,0,utuh,test_wall,wall,wall_7133,W/UW/7133-107.jpg,"[0, 0, 256, 256]",1.0,sdnet_tile,wall
utuh/wall_7133-108.jpg,0,utuh,test_wall,wall,wall_7133,W/UW/7133-108.jpg,"[0, 0, 256, 256]",1.0,sdnet_tile,wall
utuh/wall_7133-111.jpg,0,utuh,test_wall,wall,wall_7133,W/UW/7133-111.jpg,"[0, 0, 256, 256]",1.0,sdnet_tile,wall
utuh/wall_7133-112.jpg,0,utuh,test_wall,wall,wall_7133,W/UW/7133-112.jpg,"[0, 0, 256, 256]",1.0,sdnet_tile,wall
utuh/wall_7133-120.jpg,0,utuh,test_wall,wall,wall_7133,W/UW/7133-120.jpg,"[0, 0, 256, 256]",1.0,sdnet_tile,wall
utuh/wall_7133-123.jpg,0,utuh,test_wall,wall,wall_7133,W/UW/7133-123.jpg,"[0, 0, 256, 256]",1.0,sdnet_tile,wall
utuh/wall_7133-13.jpg,0,utuh,test_wall,wall,wall_7133,W/UW/7133-13.jpg,"[0, 0, 256, 256]",1.0,sdnet_tile,wall
utuh/wall_7133-133.jpg,0,utuh,test_wall,wall,wall_7133,W/UW/7133-133.jpg,"[0, 0, 256, 256]",1.0,sdnet_tile,wall
utuh/wall_7133-139.jpg,0,utuh,test_wall,wall,wall_7133,W/UW/7133-139.jpg,"[0, 0, 256, 256]",1.0,sdnet_tile,wall
utuh/wall_7133-141.jpg,0,utuh,test_wall,wall,wall_7133,W/UW/7133-141.jpg,"[0, 0, 256, 256]",1.0,sdnet_tile,wall
utuh/wall_7133-147.jpg,0,utuh,test_wall,wall,wall_7133,W/UW/7133-147.jpg,"[0, 0, 256, 256]",1.0,sdnet_tile,wall
utuh/wall_7133-161.jpg,0,utuh,test_wall,wall,wall_7133,W/UW/7133-161.jpg,"[0, 0, 256, 256]",1.0,sdnet_tile,wall
utuh/wall_7133-174.jpg,0,utuh,test_wall,wall,wall_7133,W/UW/7133-174.jpg,"[0, 0, 256, 256]",1.0,sdnet_tile,wall
utuh/wall_7133-187.jpg,0,utuh,test_wall,wall,wall_7133,W/UW/7133-187.jpg,"[0, 0, 256, 256]",1.0,sdnet_tile,wall
utuh/wall_7133-194.jpg,0,utuh,test_wall,wall,wall_7133,W/UW/7133-194.jpg,"[0, 0, 256, 256]",1.0,sdnet_tile,wall
utuh/wall_7133-2.jpg,0,utuh,test_wall,wall,wall_7133,W/UW/7133-2.jpg,"[0, 0, 256, 256]",1.0,sdnet_tile,wall
utuh/wall_7133-209.jpg,0,utuh,test_wall,wall,wall_7133,W/UW/7133-209.jpg,"[0, 0, 256, 256]",1.0,sdnet_tile,wall
utuh/wall_7133-210.jpg,0,utuh,test_wall,wall,wall_7133,W/UW/7133-210.jpg,"[0, 0, 256, 256]",1.0,sdnet_tile,wall
utuh/wall_7133-211.jpg,0,utuh,test_wall,wall,wall_7133,W/UW/7133-211.jpg,"[0, 0, 256, 256]",1.0,sdnet_tile,wall
utuh/wall_7133-218.jpg,0,utuh,test_wall,wall,wall_7133,W/UW/7133-218.jpg,"[0, 0, 256, 256]",1.0,sdnet_tile,wall
utuh/wall_7133-223.jpg,0,utuh,test_wall,wall,wall_7133,W/UW/7133-223.jpg,"[0, 0, 256, 256]",1.0,sdnet_tile,wall
utuh/wall_7133-228.jpg,0,utuh,test_wall,wall,wall_7133,W/UW/7133-228.jpg,"[0, 0, 256, 256]",1.0,sdnet_tile,wall
utuh/wall_7133-247.jpg,0,utuh,test_wall,wall,wall_7133,W/UW/7133-247.jpg,"[0, 0, 256, 256]",1.0,sdnet_tile,wall
utuh/wall_7133-4.jpg,0,utuh,test_wall,wall,wall_7133,W/UW/7133-4.jpg,"[0, 0, 256, 256]",1.0,sdnet_tile,wall
utuh/wall_7133-50.jpg,0,utuh,test_wall,wall,wall_7133,W/UW/7133-50.jpg,"[0, 0, 256, 256]",1.0,sdnet_tile,wall
utuh/wall_7133-58.jpg,0,utuh,test_wall,wall,wall_7133,W/UW/7133-58.jpg,"[0, 0, 256, 256]",1.0,sdnet_tile,wall
utuh/wall_7133-67.jpg,0,utuh,test_wall,wall,wall_7133,W/UW/7133-67.jpg,"[0, 0, 256, 256]",1.0,sdnet_tile,wall
utuh/wall_7133-8.jpg,0,utuh,test_wall,wall,wall_7133,W/UW/7133-8.jpg,"[0, 0, 256, 256]",1.0,sdnet_tile,wall
utuh/wall_7133-87.jpg,0,utuh,test_wall,wall,wall_7133,W/UW/7133-87.jpg,"[0, 0, 256, 256]",1.0,sdnet_tile,wall
utuh/wall_7133-9.jpg,0,utuh,test_wall,wall,wall_7133,W/UW/7133-9.jpg,"[0, 0, 256, 256]",1.0,sdnet_tile,wall
utuh/wall_7134-1.jpg,0,utuh,test_wall,wall,wall_7134,W/UW/7134-1.jpg,"[0, 0, 256, 256]",1.0,sdnet_tile,wall
utuh/wall_7134-101.jpg,0,utuh,test_wall,wall,wall_7134,W/UW/7134-101.jpg,"[0, 0, 256, 256]",1.0,sdnet_tile,wall
utuh/wall_7134-113.jpg,0,utuh,test_wall,wall,wall_7134,W/UW/7134-113.jpg,"[0, 0, 256, 256]",1.0,sdnet_tile,wall
utuh/wall_7134-114.jpg,0,utuh,test_wall,wall,wall_7134,W/UW/7134-114.jpg,"[0, 0, 256, 256]",1.0,sdnet_tile,wall
utuh/wall_7134-115.jpg,0,utuh,test_wall,wall,wall_7134,W/UW/7134-115.jpg,"[0, 0, 256, 256]",1.0,sdnet_tile,wall
utuh/wall_7134-12.jpg,0,utuh,test_wall,wall,wall_7134,W/UW/7134-12.jpg,"[0, 0, 256, 256]",1.0,sdnet_tile,wall
utuh/wall_7134-122.jpg,0,utuh,test_wall,wall,wall_7134,W/UW/7134-122.jpg,"[0, 0, 256, 256]",1.0,sdnet_tile,wall
utuh/wall_7134-14.jpg,0,utuh,test_wall,wall,wall_7134,W/UW/7134-14.jpg,"[0, 0, 256, 256]",1.0,sdnet_tile,wall
utuh/wall_7134-143.jpg,0,utuh,test_wall,wall,wall_7134,W/UW/7134-143.jpg,"[0, 0, 256, 256]",1.0,sdnet_tile,wall
utuh/wall_7134-162.jpg,0,utuh,test_wall,wall,wall_7134,W/UW/7134-162.jpg,"[0, 0, 256, 256]",1.0,sdnet_tile,wall
utuh/wall_7134-164.jpg,0,utuh,test_wall,wall,wall_7134,W/UW/7134-164.jpg,"[0, 0, 256, 256]",1.0,sdnet_tile,wall
utuh/wall_7134-165.jpg,0,utuh,test_wall,wall,wall_7134,W/UW/7134-165.jpg,"[0, 0, 256, 256]",1.0,sdnet_tile,wall
utuh/wall_7134-167.jpg,0,utuh,test_wall,wall,wall_7134,W/UW/7134-167.jpg,"[0, 0, 256, 256]",1.0,sdnet_tile,wall
utuh/wall_7134-169.jpg,0,utuh,test_wall,wall,wall_7134,W/UW/7134-169.jpg,"[0, 0, 256, 256]",1.0,sdnet_tile,wall
utuh/wall_7134-173.jpg,0,utuh,test_wall,wall,wall_7134,W/UW/7134-173.jpg,"[0, 0, 256, 256]",1.0,sdnet_tile,wall
utuh/wall_7134-174.jpg,0,utuh,test_wall,wall,wall_7134,W/UW/7134-174.jpg,"[0, 0, 256, 256]",1.0,sdnet_tile,wall
utuh/wall_7134-191.jpg,0,utuh,test_wall,wall,wall_7134,W/UW/7134-191.jpg,"[0, 0, 256, 256]",1.0,sdnet_tile,wall
utuh/wall_7134-2.jpg,0,utuh,test_wall,wall,wall_7134,W/UW/7134-2.jpg,"[0, 0, 256, 256]",1.0,sdnet_tile,wall
utuh/wall_7134-204.jpg,0,utuh,test_wall,wall,wall_7134,W/UW/7134-204.jpg,"[0, 0, 256, 256]",1.0,sdnet_tile,wall
utuh/wall_7134-215.jpg,0,utuh,test_wall,wall,wall_7134,W/UW/7134-215.jpg,"[0, 0, 256, 256]",1.0,sdnet_tile,wall
utuh/wall_7134-223.jpg,0,utuh,test_wall,wall,wall_7134,W/UW/7134-223.jpg,"[0, 0, 256, 256]",1.0,sdnet_tile,wall
utuh/wall_7134-239.jpg,0,utuh,test_wall,wall,wall_7134,W/UW/7134-239.jpg,"[0, 0, 256, 256]",1.0,sdnet_tile,wall
utuh/wall_7134-248.jpg,0,utuh,test_wall,wall,wall_7134,W/UW/7134-248.jpg,"[0, 0, 256, 256]",1.0,sdnet_tile,wall
utuh/wall_7134-25.jpg,0,utuh,test_wall,wall,wall_7134,W/UW/7134-25.jpg,"[0, 0, 256, 256]",1.0,sdnet_tile,wall
utuh/wall_7134-251.jpg,0,utuh,test_wall,wall,wall_7134,W/UW/7134-251.jpg,"[0, 0, 256, 256]",1.0,sdnet_tile,wall
utuh/wall_7134-35.jpg,0,utuh,test_wall,wall,wall_7134,W/UW/7134-35.jpg,"[0, 0, 256, 256]",1.0,sdnet_tile,wall
utuh/wall_7134-37.jpg,0,utuh,test_wall,wall,wall_7134,W/UW/7134-37.jpg,"[0, 0, 256, 256]",1.0,sdnet_tile,wall
utuh/wall_7134-4.jpg,0,utuh,test_wall,wall,wall_7134,W/UW/7134-4.jpg,"[0, 0, 256, 256]",1.0,sdnet_tile,wall
utuh/wall_7134-48.jpg,0,utuh,test_wall,wall,wall_7134,W/UW/7134-48.jpg,"[0, 0, 256, 256]",1.0,sdnet_tile,wall
utuh/wall_7134-78.jpg,0,utuh,test_wall,wall,wall_7134,W/UW/7134-78.jpg,"[0, 0, 256, 256]",1.0,sdnet_tile,wall
utuh/wall_7134-84.jpg,0,utuh,test_wall,wall,wall_7134,W/UW/7134-84.jpg,"[0, 0, 256, 256]",1.0,sdnet_tile,wall
utuh/wall_7134-87.jpg,0,utuh,test_wall,wall,wall_7134,W/UW/7134-87.jpg,"[0, 0, 256, 256]",1.0,sdnet_tile,wall
utuh/wall_7134-97.jpg,0,utuh,test_wall,wall,wall_7134,W/UW/7134-97.jpg,"[0, 0, 256, 256]",1.0,sdnet_tile,wall
utuh/wall_7135-124.jpg,0,utuh,test_wall,wall,wall_7135,W/UW/7135-124.jpg,"[0, 0, 256, 256]",1.0,sdnet_tile,wall
utuh/wall_7135-130.jpg,0,utuh,test_wall,wall,wall_7135,W/UW/7135-130.jpg,"[0, 0, 256, 256]",1.0,sdnet_tile,wall
utuh/wall_7135-133.jpg,0,utuh,test_wall,wall,wall_7135,W/UW/7135-133.jpg,"[0, 0, 256, 256]",1.0,sdnet_tile,wall
utuh/wall_7135-137.jpg,0,utuh,test_wall,wall,wall_7135,W/UW/7135-137.jpg,"[0, 0, 256, 256]",1.0,sdnet_tile,wall
utuh/wall_7135-165.jpg,0,utuh,test_wall,wall,wall_7135,W/UW/7135-165.jpg,"[0, 0, 256, 256]",1.0,sdnet_tile,wall
utuh/wall_7135-167.jpg,0,utuh,test_wall,wall,wall_7135,W/UW/7135-167.jpg,"[0, 0, 256, 256]",1.0,sdnet_tile,wall
utuh/wall_7135-182.jpg,0,utuh,test_wall,wall,wall_7135,W/UW/7135-182.jpg,"[0, 0, 256, 256]",1.0,sdnet_tile,wall
utuh/wall_7135-184.jpg,0,utuh,test_wall,wall,wall_7135,W/UW/7135-184.jpg,"[0, 0, 256, 256]",1.0,sdnet_tile,wall
utuh/wall_7135-194.jpg,0,utuh,test_wall,wall,wall_7135,W/UW/7135-194.jpg,"[0, 0, 256, 256]",1.0,sdnet_tile,wall
utuh/wall_7135-211.jpg,0,utuh,test_wall,wall,wall_7135,W/UW/7135-211.jpg,"[0, 0, 256, 256]",1.0,sdnet_tile,wall
utuh/wall_7135-213.jpg,0,utuh,test_wall,wall,wall_7135,W/UW/7135-213.jpg,"[0, 0, 256, 256]",1.0,sdnet_tile,wall
utuh/wall_7135-215.jpg,0,utuh,test_wall,wall,wall_7135,W/UW/7135-215.jpg,"[0, 0, 256, 256]",1.0,sdnet_tile,wall
utuh/wall_7135-226.jpg,0,utuh,test_wall,wall,wall_7135,W/UW/7135-226.jpg,"[0, 0, 256, 256]",1.0,sdnet_tile,wall
utuh/wall_7135-230.jpg,0,utuh,test_wall,wall,wall_7135,W/UW/7135-230.jpg,"[0, 0, 256, 256]",1.0,sdnet_tile,wall
utuh/wall_7135-232.jpg,0,utuh,test_wall,wall,wall_7135,W/UW/7135-232.jpg,"[0, 0, 256, 256]",1.0,sdnet_tile,wall
utuh/wall_7135-238.jpg,0,utuh,test_wall,wall,wall_7135,W/UW/7135-238.jpg,"[0, 0, 256, 256]",1.0,sdnet_tile,wall
utuh/wall_7135-249.jpg,0,utuh,test_wall,wall,wall_7135,W/UW/7135-249.jpg,"[0, 0, 256, 256]",1.0,sdnet_tile,wall
utuh/wall_7135-250.jpg,0,utuh,test_wall,wall,wall_7135,W/UW/7135-250.jpg,"[0, 0, 256, 256]",1.0,sdnet_tile,wall
utuh/wall_7135-252.jpg,0,utuh,test_wall,wall,wall_7135,W/UW/7135-252.jpg,"[0, 0, 256, 256]",1.0,sdnet_tile,wall
utuh/wall_7135-33.jpg,0,utuh,test_wall,wall,wall_7135,W/UW/7135-33.jpg,"[0, 0, 256, 256]",1.0,sdnet_tile,wall
utuh/wall_7135-41.jpg,0,utuh,test_wall,wall,wall_7135,W/UW/7135-41.jpg,"[0, 0, 256, 256]",1.0,sdnet_tile,wall
utuh/wall_7135-43.jpg,0,utuh,test_wall,wall,wall_7135,W/UW/7135-43.jpg,"[0, 0, 256, 256]",1.0,sdnet_tile,wall
utuh/wall_7135-48.jpg,0,utuh,test_wall,wall,wall_7135,W/UW/7135-48.jpg,"[0, 0, 256, 256]",1.0,sdnet_tile,wall
utuh/wall_7135-49.jpg,0,utuh,test_wall,wall,wall_7135,W/UW/7135-49.jpg,"[0, 0, 256, 256]",1.0,sdnet_tile,wall
utuh/wall_7135-52.jpg,0,utuh,test_wall,wall,wall_7135,W/UW/7135-52.jpg,"[0, 0, 256, 256]",1.0,sdnet_tile,wall
utuh/wall_7135-54.jpg,0,utuh,test_wall,wall,wall_7135,W/UW/7135-54.jpg,"[0, 0, 256, 256]",1.0,sdnet_tile,wall
utuh/wall_7135-55.jpg,0,utuh,test_wall,wall,wall_7135,W/UW/7135-55.jpg,"[0, 0, 256, 256]",1.0,sdnet_tile,wall
utuh/wall_7135-60.jpg,0,utuh,test_wall,wall,wall_7135,W/UW/7135-60.jpg,"[0, 0, 256, 256]",1.0,sdnet_tile,wall
utuh/wall_7135-69.jpg,0,utuh,test_wall,wall,wall_7135,W/UW/7135-69.jpg,"[0, 0, 256, 256]",1.0,sdnet_tile,wall
utuh/wall_7135-83.jpg,0,utuh,test_wall,wall,wall_7135,W/UW/7135-83.jpg,"[0, 0, 256, 256]",1.0,sdnet_tile,wall
utuh/wall_7135-85.jpg,0,utuh,test_wall,wall,wall_7135,W/UW/7135-85.jpg,"[0, 0, 256, 256]",1.0,sdnet_tile,wall
utuh/wall_7135-89.jpg,0,utuh,test_wall,wall,wall_7135,W/UW/7135-89.jpg,"[0, 0, 256, 256]",1.0,sdnet_tile,wall
utuh/wall_7135-95.jpg,0,utuh,test_wall,wall,wall_7135,W/UW/7135-95.jpg,"[0, 0, 256, 256]",1.0,sdnet_tile,wall
utuh/wall_7136-10.jpg,0,utuh,test_wall,wall,wall_7136,W/UW/7136-10.jpg,"[0, 0, 256, 256]",1.0,sdnet_tile,wall
utuh/wall_7136-121.jpg,0,utuh,test_wall,wall,wall_7136,W/UW/7136-121.jpg,"[0, 0, 256, 256]",1.0,sdnet_tile,wall
utuh/wall_7136-128.jpg,0,utuh,test_wall,wall,wall_7136,W/UW/7136-128.jpg,"[0, 0, 256, 256]",1.0,sdnet_tile,wall
utuh/wall_7136-129.jpg,0,utuh,test_wall,wall,wall_7136,W/UW/7136-129.jpg,"[0, 0, 256, 256]",1.0,sdnet_tile,wall
utuh/wall_7136-131.jpg,0,utuh,test_wall,wall,wall_7136,W/UW/7136-131.jpg,"[0, 0, 256, 256]",1.0,sdnet_tile,wall
utuh/wall_7136-141.jpg,0,utuh,test_wall,wall,wall_7136,W/UW/7136-141.jpg,"[0, 0, 256, 256]",1.0,sdnet_tile,wall
utuh/wall_7136-146.jpg,0,utuh,test_wall,wall,wall_7136,W/UW/7136-146.jpg,"[0, 0, 256, 256]",1.0,sdnet_tile,wall
utuh/wall_7136-158.jpg,0,utuh,test_wall,wall,wall_7136,W/UW/7136-158.jpg,"[0, 0, 256, 256]",1.0,sdnet_tile,wall
utuh/wall_7136-159.jpg,0,utuh,test_wall,wall,wall_7136,W/UW/7136-159.jpg,"[0, 0, 256, 256]",1.0,sdnet_tile,wall
utuh/wall_7136-16.jpg,0,utuh,test_wall,wall,wall_7136,W/UW/7136-16.jpg,"[0, 0, 256, 256]",1.0,sdnet_tile,wall
utuh/wall_7136-167.jpg,0,utuh,test_wall,wall,wall_7136,W/UW/7136-167.jpg,"[0, 0, 256, 256]",1.0,sdnet_tile,wall
utuh/wall_7136-171.jpg,0,utuh,test_wall,wall,wall_7136,W/UW/7136-171.jpg,"[0, 0, 256, 256]",1.0,sdnet_tile,wall
utuh/wall_7136-172.jpg,0,utuh,test_wall,wall,wall_7136,W/UW/7136-172.jpg,"[0, 0, 256, 256]",1.0,sdnet_tile,wall
utuh/wall_7136-173.jpg,0,utuh,test_wall,wall,wall_7136,W/UW/7136-173.jpg,"[0, 0, 256, 256]",1.0,sdnet_tile,wall
utuh/wall_7136-174.jpg,0,utuh,test_wall,wall,wall_7136,W/UW/7136-174.jpg,"[0, 0, 256, 256]",1.0,sdnet_tile,wall
utuh/wall_7136-180.jpg,0,utuh,test_wall,wall,wall_7136,W/UW/7136-180.jpg,"[0, 0, 256, 256]",1.0,sdnet_tile,wall
utuh/wall_7136-193.jpg,0,utuh,test_wall,wall,wall_7136,W/UW/7136-193.jpg,"[0, 0, 256, 256]",1.0,sdnet_tile,wall
utuh/wall_7136-195.jpg,0,utuh,test_wall,wall,wall_7136,W/UW/7136-195.jpg,"[0, 0, 256, 256]",1.0,sdnet_tile,wall
utuh/wall_7136-219.jpg,0,utuh,test_wall,wall,wall_7136,W/UW/7136-219.jpg,"[0, 0, 256, 256]",1.0,sdnet_tile,wall
utuh/wall_7136-241.jpg,0,utuh,test_wall,wall,wall_7136,W/UW/7136-241.jpg,"[0, 0, 256, 256]",1.0,sdnet_tile,wall
utuh/wall_7136-247.jpg,0,utuh,test_wall,wall,wall_7136,W/UW/7136-247.jpg,"[0, 0, 256, 256]",1.0,sdnet_tile,wall
utuh/wall_7136-249.jpg,0,utuh,test_wall,wall,wall_7136,W/UW/7136-249.jpg,"[0, 0, 256, 256]",1.0,sdnet_tile,wall
utuh/wall_7136-28.jpg,0,utuh,test_wall,wall,wall_7136,W/UW/7136-28.jpg,"[0, 0, 256, 256]",1.0,sdnet_tile,wall
utuh/wall_7136-3.jpg,0,utuh,test_wall,wall,wall_7136,W/UW/7136-3.jpg,"[0, 0, 256, 256]",1.0,sdnet_tile,wall
utuh/wall_7136-43.jpg,0,utuh,test_wall,wall,wall_7136,W/UW/7136-43.jpg,"[0, 0, 256, 256]",1.0,sdnet_tile,wall
utuh/wall_7136-45.jpg,0,utuh,test_wall,wall,wall_7136,W/UW/7136-45.jpg,"[0, 0, 256, 256]",1.0,sdnet_tile,wall
utuh/wall_7136-46.jpg,0,utuh,test_wall,wall,wall_7136,W/UW/7136-46.jpg,"[0, 0, 256, 256]",1.0,sdnet_tile,wall
utuh/wall_7136-57.jpg,0,utuh,test_wall,wall,wall_7136,W/UW/7136-57.jpg,"[0, 0, 256, 256]",1.0,sdnet_tile,wall
utuh/wall_7136-6.jpg,0,utuh,test_wall,wall,wall_7136,W/UW/7136-6.jpg,"[0, 0, 256, 256]",1.0,sdnet_tile,wall
utuh/wall_7136-63.jpg,0,utuh,test_wall,wall,wall_7136,W/UW/7136-63.jpg,"[0, 0, 256, 256]",1.0,sdnet_tile,wall
utuh/wall_7136-76.jpg,0,utuh,test_wall,wall,wall_7136,W/UW/7136-76.jpg,"[0, 0, 256, 256]",1.0,sdnet_tile,wall
utuh/wall_7136-8.jpg,0,utuh,test_wall,wall,wall_7136,W/UW/7136-8.jpg,"[0, 0, 256, 256]",1.0,sdnet_tile,wall
utuh/wall_7136-93.jpg,0,utuh,test_wall,wall,wall_7136,W/UW/7136-93.jpg,"[0, 0, 256, 256]",1.0,sdnet_tile,wall
utuh/wall_7137-10.jpg,0,utuh,test_wall,wall,wall_7137,W/UW/7137-10.jpg,"[0, 0, 256, 256]",1.0,sdnet_tile,wall
utuh/wall_7137-102.jpg,0,utuh,test_wall,wall,wall_7137,W/UW/7137-102.jpg,"[0, 0, 256, 256]",1.0,sdnet_tile,wall
utuh/wall_7137-103.jpg,0,utuh,test_wall,wall,wall_7137,W/UW/7137-103.jpg,"[0, 0, 256, 256]",1.0,sdnet_tile,wall
utuh/wall_7137-111.jpg,0,utuh,test_wall,wall,wall_7137,W/UW/7137-111.jpg,"[0, 0, 256, 256]",1.0,sdnet_tile,wall
utuh/wall_7137-125.jpg,0,utuh,test_wall,wall,wall_7137,W/UW/7137-125.jpg,"[0, 0, 256, 256]",1.0,sdnet_tile,wall
utuh/wall_7137-130.jpg,0,utuh,test_wall,wall,wall_7137,W/UW/7137-130.jpg,"[0, 0, 256, 256]",1.0,sdnet_tile,wall
utuh/wall_7137-131.jpg,0,utuh,test_wall,wall,wall_7137,W/UW/7137-131.jpg,"[0, 0, 256, 256]",1.0,sdnet_tile,wall
utuh/wall_7137-140.jpg,0,utuh,test_wall,wall,wall_7137,W/UW/7137-140.jpg,"[0, 0, 256, 256]",1.0,sdnet_tile,wall
utuh/wall_7137-141.jpg,0,utuh,test_wall,wall,wall_7137,W/UW/7137-141.jpg,"[0, 0, 256, 256]",1.0,sdnet_tile,wall
utuh/wall_7137-151.jpg,0,utuh,test_wall,wall,wall_7137,W/UW/7137-151.jpg,"[0, 0, 256, 256]",1.0,sdnet_tile,wall
utuh/wall_7137-154.jpg,0,utuh,test_wall,wall,wall_7137,W/UW/7137-154.jpg,"[0, 0, 256, 256]",1.0,sdnet_tile,wall
utuh/wall_7137-157.jpg,0,utuh,test_wall,wall,wall_7137,W/UW/7137-157.jpg,"[0, 0, 256, 256]",1.0,sdnet_tile,wall
utuh/wall_7137-165.jpg,0,utuh,test_wall,wall,wall_7137,W/UW/7137-165.jpg,"[0, 0, 256, 256]",1.0,sdnet_tile,wall
utuh/wall_7137-166.jpg,0,utuh,test_wall,wall,wall_7137,W/UW/7137-166.jpg,"[0, 0, 256, 256]",1.0,sdnet_tile,wall
utuh/wall_7137-18.jpg,0,utuh,test_wall,wall,wall_7137,W/UW/7137-18.jpg,"[0, 0, 256, 256]",1.0,sdnet_tile,wall
utuh/wall_7137-188.jpg,0,utuh,test_wall,wall,wall_7137,W/UW/7137-188.jpg,"[0, 0, 256, 256]",1.0,sdnet_tile,wall
utuh/wall_7137-192.jpg,0,utuh,test_wall,wall,wall_7137,W/UW/7137-192.jpg,"[0, 0, 256, 256]",1.0,sdnet_tile,wall
utuh/wall_7137-195.jpg,0,utuh,test_wall,wall,wall_7137,W/UW/7137-195.jpg,"[0, 0, 256, 256]",1.0,sdnet_tile,wall
utuh/wall_7137-207.jpg,0,utuh,test_wall,wall,wall_7137,W/UW/7137-207.jpg,"[0, 0, 256, 256]",1.0,sdnet_tile,wall
utuh/wall_7137-214.jpg,0,utuh,test_wall,wall,wall_7137,W/UW/7137-214.jpg,"[0, 0, 256, 256]",1.0,sdnet_tile,wall
utuh/wall_7137-221.jpg,0,utuh,test_wall,wall,wall_7137,W/UW/7137-221.jpg,"[0, 0, 256, 256]",1.0,sdnet_tile,wall
utuh/wall_7137-222.jpg,0,utuh,test_wall,wall,wall_7137,W/UW/7137-222.jpg,"[0, 0, 256, 256]",1.0,sdnet_tile,wall
utuh/wall_7137-224.jpg,0,utuh,test_wall,wall,wall_7137,W/UW/7137-224.jpg,"[0, 0, 256, 256]",1.0,sdnet_tile,wall
utuh/wall_7137-235.jpg,0,utuh,test_wall,wall,wall_7137,W/UW/7137-235.jpg,"[0, 0, 256, 256]",1.0,sdnet_tile,wall
utuh/wall_7137-251.jpg,0,utuh,test_wall,wall,wall_7137,W/UW/7137-251.jpg,"[0, 0, 256, 256]",1.0,sdnet_tile,wall
utuh/wall_7137-27.jpg,0,utuh,test_wall,wall,wall_7137,W/UW/7137-27.jpg,"[0, 0, 256, 256]",1.0,sdnet_tile,wall
utuh/wall_7137-37.jpg,0,utuh,test_wall,wall,wall_7137,W/UW/7137-37.jpg,"[0, 0, 256, 256]",1.0,sdnet_tile,wall
utuh/wall_7137-39.jpg,0,utuh,test_wall,wall,wall_7137,W/UW/7137-39.jpg,"[0, 0, 256, 256]",1.0,sdnet_tile,wall
utuh/wall_7137-54.jpg,0,utuh,test_wall,wall,wall_7137,W/UW/7137-54.jpg,"[0, 0, 256, 256]",1.0,sdnet_tile,wall
utuh/wall_7137-79.jpg,0,utuh,test_wall,wall,wall_7137,W/UW/7137-79.jpg,"[0, 0, 256, 256]",1.0,sdnet_tile,wall
utuh/wall_7137-8.jpg,0,utuh,test_wall,wall,wall_7137,W/UW/7137-8.jpg,"[0, 0, 256, 256]",1.0,sdnet_tile,wall
utuh/wall_7137-85.jpg,0,utuh,test_wall,wall,wall_7137,W/UW/7137-85.jpg,"[0, 0, 256, 256]",1.0,sdnet_tile,wall
utuh/wall_7137-94.jpg,0,utuh,test_wall,wall,wall_7137,W/UW/7137-94.jpg,"[0, 0, 256, 256]",1.0,sdnet_tile,wall
utuh/wall_7138-10.jpg,0,utuh,test_wall,wall,wall_7138,W/UW/7138-10.jpg,"[0, 0, 256, 256]",1.0,sdnet_tile,wall
utuh/wall_7138-128.jpg,0,utuh,test_wall,wall,wall_7138,W/UW/7138-128.jpg,"[0, 0, 256, 256]",1.0,sdnet_tile,wall
utuh/wall_7138-132.jpg,0,utuh,test_wall,wall,wall_7138,W/UW/7138-132.jpg,"[0, 0, 256, 256]",1.0,sdnet_tile,wall
utuh/wall_7138-133.jpg,0,utuh,test_wall,wall,wall_7138,W/UW/7138-133.jpg,"[0, 0, 256, 256]",1.0,sdnet_tile,wall
utuh/wall_7138-134.jpg,0,utuh,test_wall,wall,wall_7138,W/UW/7138-134.jpg,"[0, 0, 256, 256]",1.0,sdnet_tile,wall
utuh/wall_7138-145.jpg,0,utuh,test_wall,wall,wall_7138,W/UW/7138-145.jpg,"[0, 0, 256, 256]",1.0,sdnet_tile,wall
utuh/wall_7138-146.jpg,0,utuh,test_wall,wall,wall_7138,W/UW/7138-146.jpg,"[0, 0, 256, 256]",1.0,sdnet_tile,wall
utuh/wall_7138-159.jpg,0,utuh,test_wall,wall,wall_7138,W/UW/7138-159.jpg,"[0, 0, 256, 256]",1.0,sdnet_tile,wall
utuh/wall_7138-176.jpg,0,utuh,test_wall,wall,wall_7138,W/UW/7138-176.jpg,"[0, 0, 256, 256]",1.0,sdnet_tile,wall
utuh/wall_7138-179.jpg,0,utuh,test_wall,wall,wall_7138,W/UW/7138-179.jpg,"[0, 0, 256, 256]",1.0,sdnet_tile,wall
utuh/wall_7138-180.jpg,0,utuh,test_wall,wall,wall_7138,W/UW/7138-180.jpg,"[0, 0, 256, 256]",1.0,sdnet_tile,wall
utuh/wall_7138-191.jpg,0,utuh,test_wall,wall,wall_7138,W/UW/7138-191.jpg,"[0, 0, 256, 256]",1.0,sdnet_tile,wall
utuh/wall_7138-20.jpg,0,utuh,test_wall,wall,wall_7138,W/UW/7138-20.jpg,"[0, 0, 256, 256]",1.0,sdnet_tile,wall
utuh/wall_7138-200.jpg,0,utuh,test_wall,wall,wall_7138,W/UW/7138-200.jpg,"[0, 0, 256, 256]",1.0,sdnet_tile,wall
utuh/wall_7138-207.jpg,0,utuh,test_wall,wall,wall_7138,W/UW/7138-207.jpg,"[0, 0, 256, 256]",1.0,sdnet_tile,wall
utuh/wall_7138-230.jpg,0,utuh,test_wall,wall,wall_7138,W/UW/7138-230.jpg,"[0, 0, 256, 256]",1.0,sdnet_tile,wall
utuh/wall_7138-231.jpg,0,utuh,test_wall,wall,wall_7138,W/UW/7138-231.jpg,"[0, 0, 256, 256]",1.0,sdnet_tile,wall
utuh/wall_7138-247.jpg,0,utuh,test_wall,wall,wall_7138,W/UW/7138-247.jpg,"[0, 0, 256, 256]",1.0,sdnet_tile,wall
utuh/wall_7138-28.jpg,0,utuh,test_wall,wall,wall_7138,W/UW/7138-28.jpg,"[0, 0, 256, 256]",1.0,sdnet_tile,wall
utuh/wall_7138-32.jpg,0,utuh,test_wall,wall,wall_7138,W/UW/7138-32.jpg,"[0, 0, 256, 256]",1.0,sdnet_tile,wall
utuh/wall_7138-39.jpg,0,utuh,test_wall,wall,wall_7138,W/UW/7138-39.jpg,"[0, 0, 256, 256]",1.0,sdnet_tile,wall
utuh/wall_7138-51.jpg,0,utuh,test_wall,wall,wall_7138,W/UW/7138-51.jpg,"[0, 0, 256, 256]",1.0,sdnet_tile,wall
utuh/wall_7138-53.jpg,0,utuh,test_wall,wall,wall_7138,W/UW/7138-53.jpg,"[0, 0, 256, 256]",1.0,sdnet_tile,wall
utuh/wall_7138-70.jpg,0,utuh,test_wall,wall,wall_7138,W/UW/7138-70.jpg,"[0, 0, 256, 256]",1.0,sdnet_tile,wall
utuh/wall_7138-72.jpg,0,utuh,test_wall,wall,wall_7138,W/UW/7138-72.jpg,"[0, 0, 256, 256]",1.0,sdnet_tile,wall
utuh/wall_7138-77.jpg,0,utuh,test_wall,wall,wall_7138,W/UW/7138-77.jpg,"[0, 0, 256, 256]",1.0,sdnet_tile,wall
utuh/wall_7138-78.jpg,0,utuh,test_wall,wall,wall_7138,W/UW/7138-78.jpg,"[0, 0, 256, 256]",1.0,sdnet_tile,wall
utuh/wall_7138-8.jpg,0,utuh,test_wall,wall,wall_7138,W/UW/7138-8.jpg,"[0, 0, 256, 256]",1.0,sdnet_tile,wall
utuh/wall_7138-85.jpg,0,utuh,test_wall,wall,wall_7138,W/UW/7138-85.jpg,"[0, 0, 256, 256]",1.0,sdnet_tile,wall
utuh/wall_7138-9.jpg,0,utuh,test_wall,wall,wall_7138,W/UW/7138-9.jpg,"[0, 0, 256, 256]",1.0,sdnet_tile,wall
utuh/wall_7138-90.jpg,0,utuh,test_wall,wall,wall_7138,W/UW/7138-90.jpg,"[0, 0, 256, 256]",1.0,sdnet_tile,wall
utuh/wall_7138-93.jpg,0,utuh,test_wall,wall,wall_7138,W/UW/7138-93.jpg,"[0, 0, 256, 256]",1.0,sdnet_tile,wall
utuh/wall_7138-99.jpg,0,utuh,test_wall,wall,wall_7138,W/UW/7138-99.jpg,"[0, 0, 256, 256]",1.0,sdnet_tile,wall
utuh/wall_7139-110.jpg,0,utuh,test_wall,wall,wall_7139,W/UW/7139-110.jpg,"[0, 0, 256, 256]",1.0,sdnet_tile,wall
utuh/wall_7139-115.jpg,0,utuh,test_wall,wall,wall_7139,W/UW/7139-115.jpg,"[0, 0, 256, 256]",1.0,sdnet_tile,wall
utuh/wall_7139-12.jpg,0,utuh,test_wall,wall,wall_7139,W/UW/7139-12.jpg,"[0, 0, 256, 256]",1.0,sdnet_tile,wall
utuh/wall_7139-120.jpg,0,utuh,test_wall,wall,wall_7139,W/UW/7139-120.jpg,"[0, 0, 256, 256]",1.0,sdnet_tile,wall
utuh/wall_7139-123.jpg,0,utuh,test_wall,wall,wall_7139,W/UW/7139-123.jpg,"[0, 0, 256, 256]",1.0,sdnet_tile,wall
utuh/wall_7139-132.jpg,0,utuh,test_wall,wall,wall_7139,W/UW/7139-132.jpg,"[0, 0, 256, 256]",1.0,sdnet_tile,wall
utuh/wall_7139-146.jpg,0,utuh,test_wall,wall,wall_7139,W/UW/7139-146.jpg,"[0, 0, 256, 256]",1.0,sdnet_tile,wall
utuh/wall_7139-154.jpg,0,utuh,test_wall,wall,wall_7139,W/UW/7139-154.jpg,"[0, 0, 256, 256]",1.0,sdnet_tile,wall
utuh/wall_7139-155.jpg,0,utuh,test_wall,wall,wall_7139,W/UW/7139-155.jpg,"[0, 0, 256, 256]",1.0,sdnet_tile,wall
utuh/wall_7139-164.jpg,0,utuh,test_wall,wall,wall_7139,W/UW/7139-164.jpg,"[0, 0, 256, 256]",1.0,sdnet_tile,wall
utuh/wall_7139-166.jpg,0,utuh,test_wall,wall,wall_7139,W/UW/7139-166.jpg,"[0, 0, 256, 256]",1.0,sdnet_tile,wall
utuh/wall_7139-169.jpg,0,utuh,test_wall,wall,wall_7139,W/UW/7139-169.jpg,"[0, 0, 256, 256]",1.0,sdnet_tile,wall
utuh/wall_7139-17.jpg,0,utuh,test_wall,wall,wall_7139,W/UW/7139-17.jpg,"[0, 0, 256, 256]",1.0,sdnet_tile,wall
utuh/wall_7139-172.jpg,0,utuh,test_wall,wall,wall_7139,W/UW/7139-172.jpg,"[0, 0, 256, 256]",1.0,sdnet_tile,wall
utuh/wall_7139-190.jpg,0,utuh,test_wall,wall,wall_7139,W/UW/7139-190.jpg,"[0, 0, 256, 256]",1.0,sdnet_tile,wall
utuh/wall_7139-192.jpg,0,utuh,test_wall,wall,wall_7139,W/UW/7139-192.jpg,"[0, 0, 256, 256]",1.0,sdnet_tile,wall
utuh/wall_7139-204.jpg,0,utuh,test_wall,wall,wall_7139,W/UW/7139-204.jpg,"[0, 0, 256, 256]",1.0,sdnet_tile,wall
utuh/wall_7139-210.jpg,0,utuh,test_wall,wall,wall_7139,W/UW/7139-210.jpg,"[0, 0, 256, 256]",1.0,sdnet_tile,wall
utuh/wall_7139-213.jpg,0,utuh,test_wall,wall,wall_7139,W/UW/7139-213.jpg,"[0, 0, 256, 256]",1.0,sdnet_tile,wall
utuh/wall_7139-22.jpg,0,utuh,test_wall,wall,wall_7139,W/UW/7139-22.jpg,"[0, 0, 256, 256]",1.0,sdnet_tile,wall
utuh/wall_7139-220.jpg,0,utuh,test_wall,wall,wall_7139,W/UW/7139-220.jpg,"[0, 0, 256, 256]",1.0,sdnet_tile,wall
utuh/wall_7139-247.jpg,0,utuh,test_wall,wall,wall_7139,W/UW/7139-247.jpg,"[0, 0, 256, 256]",1.0,sdnet_tile,wall
utuh/wall_7139-248.jpg,0,utuh,test_wall,wall,wall_7139,W/UW/7139-248.jpg,"[0, 0, 256, 256]",1.0,sdnet_tile,wall
utuh/wall_7139-25.jpg,0,utuh,test_wall,wall,wall_7139,W/UW/7139-25.jpg,"[0, 0, 256, 256]",1.0,sdnet_tile,wall
utuh/wall_7139-3.jpg,0,utuh,test_wall,wall,wall_7139,W/UW/7139-3.jpg,"[0, 0, 256, 256]",1.0,sdnet_tile,wall
utuh/wall_7139-42.jpg,0,utuh,test_wall,wall,wall_7139,W/UW/7139-42.jpg,"[0, 0, 256, 256]",1.0,sdnet_tile,wall
utuh/wall_7139-47.jpg,0,utuh,test_wall,wall,wall_7139,W/UW/7139-47.jpg,"[0, 0, 256, 256]",1.0,sdnet_tile,wall
utuh/wall_7139-75.jpg,0,utuh,test_wall,wall,wall_7139,W/UW/7139-75.jpg,"[0, 0, 256, 256]",1.0,sdnet_tile,wall
utuh/wall_7139-78.jpg,0,utuh,test_wall,wall,wall_7139,W/UW/7139-78.jpg,"[0, 0, 256, 256]",1.0,sdnet_tile,wall
utuh/wall_7139-86.jpg,0,utuh,test_wall,wall,wall_7139,W/UW/7139-86.jpg,"[0, 0, 256, 256]",1.0,sdnet_tile,wall
utuh/wall_7139-9.jpg,0,utuh,test_wall,wall,wall_7139,W/UW/7139-9.jpg,"[0, 0, 256, 256]",1.0,sdnet_tile,wall
utuh/wall_7139-96.jpg,0,utuh,test_wall,wall,wall_7139,W/UW/7139-96.jpg,"[0, 0, 256, 256]",1.0,sdnet_tile,wall
utuh/wall_7139-98.jpg,0,utuh,test_wall,wall,wall_7139,W/UW/7139-98.jpg,"[0, 0, 256, 256]",1.0,sdnet_tile,wall
utuh/wall_7140-102.jpg,0,utuh,test_wall,wall,wall_7140,W/UW/7140-102.jpg,"[0, 0, 256, 256]",1.0,sdnet_tile,wall
utuh/wall_7140-104.jpg,0,utuh,test_wall,wall,wall_7140,W/UW/7140-104.jpg,"[0, 0, 256, 256]",1.0,sdnet_tile,wall
utuh/wall_7140-107.jpg,0,utuh,test_wall,wall,wall_7140,W/UW/7140-107.jpg,"[0, 0, 256, 256]",1.0,sdnet_tile,wall
utuh/wall_7140-113.jpg,0,utuh,test_wall,wall,wall_7140,W/UW/7140-113.jpg,"[0, 0, 256, 256]",1.0,sdnet_tile,wall
utuh/wall_7140-131.jpg,0,utuh,test_wall,wall,wall_7140,W/UW/7140-131.jpg,"[0, 0, 256, 256]",1.0,sdnet_tile,wall
utuh/wall_7140-153.jpg,0,utuh,test_wall,wall,wall_7140,W/UW/7140-153.jpg,"[0, 0, 256, 256]",1.0,sdnet_tile,wall
utuh/wall_7140-154.jpg,0,utuh,test_wall,wall,wall_7140,W/UW/7140-154.jpg,"[0, 0, 256, 256]",1.0,sdnet_tile,wall
utuh/wall_7140-168.jpg,0,utuh,test_wall,wall,wall_7140,W/UW/7140-168.jpg,"[0, 0, 256, 256]",1.0,sdnet_tile,wall
utuh/wall_7140-175.jpg,0,utuh,test_wall,wall,wall_7140,W/UW/7140-175.jpg,"[0, 0, 256, 256]",1.0,sdnet_tile,wall
utuh/wall_7140-191.jpg,0,utuh,test_wall,wall,wall_7140,W/UW/7140-191.jpg,"[0, 0, 256, 256]",1.0,sdnet_tile,wall
utuh/wall_7140-195.jpg,0,utuh,test_wall,wall,wall_7140,W/UW/7140-195.jpg,"[0, 0, 256, 256]",1.0,sdnet_tile,wall
utuh/wall_7140-2.jpg,0,utuh,test_wall,wall,wall_7140,W/UW/7140-2.jpg,"[0, 0, 256, 256]",1.0,sdnet_tile,wall
utuh/wall_7140-20.jpg,0,utuh,test_wall,wall,wall_7140,W/UW/7140-20.jpg,"[0, 0, 256, 256]",1.0,sdnet_tile,wall
utuh/wall_7140-207.jpg,0,utuh,test_wall,wall,wall_7140,W/UW/7140-207.jpg,"[0, 0, 256, 256]",1.0,sdnet_tile,wall
utuh/wall_7140-208.jpg,0,utuh,test_wall,wall,wall_7140,W/UW/7140-208.jpg,"[0, 0, 256, 256]",1.0,sdnet_tile,wall
utuh/wall_7140-214.jpg,0,utuh,test_wall,wall,wall_7140,W/UW/7140-214.jpg,"[0, 0, 256, 256]",1.0,sdnet_tile,wall
utuh/wall_7140-216.jpg,0,utuh,test_wall,wall,wall_7140,W/UW/7140-216.jpg,"[0, 0, 256, 256]",1.0,sdnet_tile,wall
utuh/wall_7140-224.jpg,0,utuh,test_wall,wall,wall_7140,W/UW/7140-224.jpg,"[0, 0, 256, 256]",1.0,sdnet_tile,wall
utuh/wall_7140-226.jpg,0,utuh,test_wall,wall,wall_7140,W/UW/7140-226.jpg,"[0, 0, 256, 256]",1.0,sdnet_tile,wall
utuh/wall_7140-23.jpg,0,utuh,test_wall,wall,wall_7140,W/UW/7140-23.jpg,"[0, 0, 256, 256]",1.0,sdnet_tile,wall
utuh/wall_7140-232.jpg,0,utuh,test_wall,wall,wall_7140,W/UW/7140-232.jpg,"[0, 0, 256, 256]",1.0,sdnet_tile,wall
utuh/wall_7140-237.jpg,0,utuh,test_wall,wall,wall_7140,W/UW/7140-237.jpg,"[0, 0, 256, 256]",1.0,sdnet_tile,wall
utuh/wall_7140-238.jpg,0,utuh,test_wall,wall,wall_7140,W/UW/7140-238.jpg,"[0, 0, 256, 256]",1.0,sdnet_tile,wall
utuh/wall_7140-250.jpg,0,utuh,test_wall,wall,wall_7140,W/UW/7140-250.jpg,"[0, 0, 256, 256]",1.0,sdnet_tile,wall
utuh/wall_7140-29.jpg,0,utuh,test_wall,wall,wall_7140,W/UW/7140-29.jpg,"[0, 0, 256, 256]",1.0,sdnet_tile,wall
utuh/wall_7140-34.jpg,0,utuh,test_wall,wall,wall_7140,W/UW/7140-34.jpg,"[0, 0, 256, 256]",1.0,sdnet_tile,wall
utuh/wall_7140-37.jpg,0,utuh,test_wall,wall,wall_7140,W/UW/7140-37.jpg,"[0, 0, 256, 256]",1.0,sdnet_tile,wall
utuh/wall_7140-56.jpg,0,utuh,test_wall,wall,wall_7140,W/UW/7140-56.jpg,"[0, 0, 256, 256]",1.0,sdnet_tile,wall
utuh/wall_7140-70.jpg,0,utuh,test_wall,wall,wall_7140,W/UW/7140-70.jpg,"[0, 0, 256, 256]",1.0,sdnet_tile,wall
utuh/wall_7140-86.jpg,0,utuh,test_wall,wall,wall_7140,W/UW/7140-86.jpg,"[0, 0, 256, 256]",1.0,sdnet_tile,wall
utuh/wall_7140-89.jpg,0,utuh,test_wall,wall,wall_7140,W/UW/7140-89.jpg,"[0, 0, 256, 256]",1.0,sdnet_tile,wall
utuh/wall_7140-91.jpg,0,utuh,test_wall,wall,wall_7140,W/UW/7140-91.jpg,"[0, 0, 256, 256]",1.0,sdnet_tile,wall
utuh/wall_7140-98.jpg,0,utuh,test_wall,wall,wall_7140,W/UW/7140-98.jpg,"[0, 0, 256, 256]",1.0,sdnet_tile,wall
retak/wall_7069-105.jpg,1,retak,test_wall,wall,wall_7069,W/CW/7069-105.jpg,"[0, 0, 256, 256]",1.0,sdnet_tile,wall
retak/wall_7069-119.jpg,1,retak,test_wall,wall,wall_7069,W/CW/7069-119.jpg,"[0, 0, 256, 256]",1.0,sdnet_tile,wall
retak/wall_7069-173.jpg,1,retak,test_wall,wall,wall_7069,W/CW/7069-173.jpg,"[0, 0, 256, 256]",1.0,sdnet_tile,wall
retak/wall_7069-190.jpg,1,retak,test_wall,wall,wall_7069,W/CW/7069-190.jpg,"[0, 0, 256, 256]",1.0,sdnet_tile,wall
retak/wall_7069-207.jpg,1,retak,test_wall,wall,wall_7069,W/CW/7069-207.jpg,"[0, 0, 256, 256]",1.0,sdnet_tile,wall
retak/wall_7069-211.jpg,1,retak,test_wall,wall,wall_7069,W/CW/7069-211.jpg,"[0, 0, 256, 256]",1.0,sdnet_tile,wall
retak/wall_7069-230.jpg,1,retak,test_wall,wall,wall_7069,W/CW/7069-230.jpg,"[0, 0, 256, 256]",1.0,sdnet_tile,wall
retak/wall_7069-245.jpg,1,retak,test_wall,wall,wall_7069,W/CW/7069-245.jpg,"[0, 0, 256, 256]",1.0,sdnet_tile,wall
retak/wall_7069-45.jpg,1,retak,test_wall,wall,wall_7069,W/CW/7069-45.jpg,"[0, 0, 256, 256]",1.0,sdnet_tile,wall
retak/wall_7069-47.jpg,1,retak,test_wall,wall,wall_7069,W/CW/7069-47.jpg,"[0, 0, 256, 256]",1.0,sdnet_tile,wall
retak/wall_7069-87.jpg,1,retak,test_wall,wall,wall_7069,W/CW/7069-87.jpg,"[0, 0, 256, 256]",1.0,sdnet_tile,wall
retak/wall_7069-90.jpg,1,retak,test_wall,wall,wall_7069,W/CW/7069-90.jpg,"[0, 0, 256, 256]",1.0,sdnet_tile,wall
retak/wall_7070-118.jpg,1,retak,test_wall,wall,wall_7070,W/CW/7070-118.jpg,"[0, 0, 256, 256]",1.0,sdnet_tile,wall
retak/wall_7070-130.jpg,1,retak,test_wall,wall,wall_7070,W/CW/7070-130.jpg,"[0, 0, 256, 256]",1.0,sdnet_tile,wall
retak/wall_7070-131.jpg,1,retak,test_wall,wall,wall_7070,W/CW/7070-131.jpg,"[0, 0, 256, 256]",1.0,sdnet_tile,wall
retak/wall_7070-132.jpg,1,retak,test_wall,wall,wall_7070,W/CW/7070-132.jpg,"[0, 0, 256, 256]",1.0,sdnet_tile,wall
retak/wall_7070-137.jpg,1,retak,test_wall,wall,wall_7070,W/CW/7070-137.jpg,"[0, 0, 256, 256]",1.0,sdnet_tile,wall
retak/wall_7070-245.jpg,1,retak,test_wall,wall,wall_7070,W/CW/7070-245.jpg,"[0, 0, 256, 256]",1.0,sdnet_tile,wall
retak/wall_7070-248.jpg,1,retak,test_wall,wall,wall_7070,W/CW/7070-248.jpg,"[0, 0, 256, 256]",1.0,sdnet_tile,wall
retak/wall_7070-45.jpg,1,retak,test_wall,wall,wall_7070,W/CW/7070-45.jpg,"[0, 0, 256, 256]",1.0,sdnet_tile,wall
retak/wall_7070-6.jpg,1,retak,test_wall,wall,wall_7070,W/CW/7070-6.jpg,"[0, 0, 256, 256]",1.0,sdnet_tile,wall
retak/wall_7070-9.jpg,1,retak,test_wall,wall,wall_7070,W/CW/7070-9.jpg,"[0, 0, 256, 256]",1.0,sdnet_tile,wall
retak/wall_7070-96.jpg,1,retak,test_wall,wall,wall_7070,W/CW/7070-96.jpg,"[0, 0, 256, 256]",1.0,sdnet_tile,wall
retak/wall_7070-98.jpg,1,retak,test_wall,wall,wall_7070,W/CW/7070-98.jpg,"[0, 0, 256, 256]",1.0,sdnet_tile,wall
retak/wall_7071-100.jpg,1,retak,test_wall,wall,wall_7071,W/CW/7071-100.jpg,"[0, 0, 256, 256]",1.0,sdnet_tile,wall
retak/wall_7071-119.jpg,1,retak,test_wall,wall,wall_7071,W/CW/7071-119.jpg,"[0, 0, 256, 256]",1.0,sdnet_tile,wall
retak/wall_7071-137.jpg,1,retak,test_wall,wall,wall_7071,W/CW/7071-137.jpg,"[0, 0, 256, 256]",1.0,sdnet_tile,wall
retak/wall_7071-14.jpg,1,retak,test_wall,wall,wall_7071,W/CW/7071-14.jpg,"[0, 0, 256, 256]",1.0,sdnet_tile,wall
retak/wall_7071-151.jpg,1,retak,test_wall,wall,wall_7071,W/CW/7071-151.jpg,"[0, 0, 256, 256]",1.0,sdnet_tile,wall
retak/wall_7071-203.jpg,1,retak,test_wall,wall,wall_7071,W/CW/7071-203.jpg,"[0, 0, 256, 256]",1.0,sdnet_tile,wall
retak/wall_7071-235.jpg,1,retak,test_wall,wall,wall_7071,W/CW/7071-235.jpg,"[0, 0, 256, 256]",1.0,sdnet_tile,wall
retak/wall_7071-28.jpg,1,retak,test_wall,wall,wall_7071,W/CW/7071-28.jpg,"[0, 0, 256, 256]",1.0,sdnet_tile,wall
retak/wall_7071-31.jpg,1,retak,test_wall,wall,wall_7071,W/CW/7071-31.jpg,"[0, 0, 256, 256]",1.0,sdnet_tile,wall
retak/wall_7071-65.jpg,1,retak,test_wall,wall,wall_7071,W/CW/7071-65.jpg,"[0, 0, 256, 256]",1.0,sdnet_tile,wall
retak/wall_7071-68.jpg,1,retak,test_wall,wall,wall_7071,W/CW/7071-68.jpg,"[0, 0, 256, 256]",1.0,sdnet_tile,wall
retak/wall_7071-81.jpg,1,retak,test_wall,wall,wall_7071,W/CW/7071-81.jpg,"[0, 0, 256, 256]",1.0,sdnet_tile,wall
retak/wall_7072-114.jpg,1,retak,test_wall,wall,wall_7072,W/CW/7072-114.jpg,"[0, 0, 256, 256]",1.0,sdnet_tile,wall
retak/wall_7072-121.jpg,1,retak,test_wall,wall,wall_7072,W/CW/7072-121.jpg,"[0, 0, 256, 256]",1.0,sdnet_tile,wall
retak/wall_7072-139.jpg,1,retak,test_wall,wall,wall_7072,W/CW/7072-139.jpg,"[0, 0, 256, 256]",1.0,sdnet_tile,wall
retak/wall_7072-149.jpg,1,retak,test_wall,wall,wall_7072,W/CW/7072-149.jpg,"[0, 0, 256, 256]",1.0,sdnet_tile,wall
retak/wall_7072-153.jpg,1,retak,test_wall,wall,wall_7072,W/CW/7072-153.jpg,"[0, 0, 256, 256]",1.0,sdnet_tile,wall
retak/wall_7072-154.jpg,1,retak,test_wall,wall,wall_7072,W/CW/7072-154.jpg,"[0, 0, 256, 256]",1.0,sdnet_tile,wall
retak/wall_7072-173.jpg,1,retak,test_wall,wall,wall_7072,W/CW/7072-173.jpg,"[0, 0, 256, 256]",1.0,sdnet_tile,wall
retak/wall_7072-191.jpg,1,retak,test_wall,wall,wall_7072,W/CW/7072-191.jpg,"[0, 0, 256, 256]",1.0,sdnet_tile,wall
retak/wall_7072-207.jpg,1,retak,test_wall,wall,wall_7072,W/CW/7072-207.jpg,"[0, 0, 256, 256]",1.0,sdnet_tile,wall
retak/wall_7072-209.jpg,1,retak,test_wall,wall,wall_7072,W/CW/7072-209.jpg,"[0, 0, 256, 256]",1.0,sdnet_tile,wall
retak/wall_7072-211.jpg,1,retak,test_wall,wall,wall_7072,W/CW/7072-211.jpg,"[0, 0, 256, 256]",1.0,sdnet_tile,wall
retak/wall_7072-246.jpg,1,retak,test_wall,wall,wall_7072,W/CW/7072-246.jpg,"[0, 0, 256, 256]",1.0,sdnet_tile,wall
retak/wall_7073-136.jpg,1,retak,test_wall,wall,wall_7073,W/CW/7073-136.jpg,"[0, 0, 256, 256]",1.0,sdnet_tile,wall
retak/wall_7073-15.jpg,1,retak,test_wall,wall,wall_7073,W/CW/7073-15.jpg,"[0, 0, 256, 256]",1.0,sdnet_tile,wall
retak/wall_7073-154.jpg,1,retak,test_wall,wall,wall_7073,W/CW/7073-154.jpg,"[0, 0, 256, 256]",1.0,sdnet_tile,wall
retak/wall_7073-173.jpg,1,retak,test_wall,wall,wall_7073,W/CW/7073-173.jpg,"[0, 0, 256, 256]",1.0,sdnet_tile,wall
retak/wall_7073-182.jpg,1,retak,test_wall,wall,wall_7073,W/CW/7073-182.jpg,"[0, 0, 256, 256]",1.0,sdnet_tile,wall
retak/wall_7073-211.jpg,1,retak,test_wall,wall,wall_7073,W/CW/7073-211.jpg,"[0, 0, 256, 256]",1.0,sdnet_tile,wall
retak/wall_7073-229.jpg,1,retak,test_wall,wall,wall_7073,W/CW/7073-229.jpg,"[0, 0, 256, 256]",1.0,sdnet_tile,wall
retak/wall_7073-24.jpg,1,retak,test_wall,wall,wall_7073,W/CW/7073-24.jpg,"[0, 0, 256, 256]",1.0,sdnet_tile,wall
retak/wall_7073-246.jpg,1,retak,test_wall,wall,wall_7073,W/CW/7073-246.jpg,"[0, 0, 256, 256]",1.0,sdnet_tile,wall
retak/wall_7073-248.jpg,1,retak,test_wall,wall,wall_7073,W/CW/7073-248.jpg,"[0, 0, 256, 256]",1.0,sdnet_tile,wall
retak/wall_7073-6.jpg,1,retak,test_wall,wall,wall_7073,W/CW/7073-6.jpg,"[0, 0, 256, 256]",1.0,sdnet_tile,wall
retak/wall_7073-61.jpg,1,retak,test_wall,wall,wall_7073,W/CW/7073-61.jpg,"[0, 0, 256, 256]",1.0,sdnet_tile,wall
retak/wall_7074-131.jpg,1,retak,test_wall,wall,wall_7074,W/CW/7074-131.jpg,"[0, 0, 256, 256]",1.0,sdnet_tile,wall
retak/wall_7074-149.jpg,1,retak,test_wall,wall,wall_7074,W/CW/7074-149.jpg,"[0, 0, 256, 256]",1.0,sdnet_tile,wall
retak/wall_7074-171.jpg,1,retak,test_wall,wall,wall_7074,W/CW/7074-171.jpg,"[0, 0, 256, 256]",1.0,sdnet_tile,wall
retak/wall_7074-180.jpg,1,retak,test_wall,wall,wall_7074,W/CW/7074-180.jpg,"[0, 0, 256, 256]",1.0,sdnet_tile,wall
retak/wall_7074-187.jpg,1,retak,test_wall,wall,wall_7074,W/CW/7074-187.jpg,"[0, 0, 256, 256]",1.0,sdnet_tile,wall
retak/wall_7074-48.jpg,1,retak,test_wall,wall,wall_7074,W/CW/7074-48.jpg,"[0, 0, 256, 256]",1.0,sdnet_tile,wall
retak/wall_7074-74.jpg,1,retak,test_wall,wall,wall_7074,W/CW/7074-74.jpg,"[0, 0, 256, 256]",1.0,sdnet_tile,wall
retak/wall_7074-75.jpg,1,retak,test_wall,wall,wall_7074,W/CW/7074-75.jpg,"[0, 0, 256, 256]",1.0,sdnet_tile,wall
retak/wall_7074-80.jpg,1,retak,test_wall,wall,wall_7074,W/CW/7074-80.jpg,"[0, 0, 256, 256]",1.0,sdnet_tile,wall
retak/wall_7074-81.jpg,1,retak,test_wall,wall,wall_7074,W/CW/7074-81.jpg,"[0, 0, 256, 256]",1.0,sdnet_tile,wall
retak/wall_7074-83.jpg,1,retak,test_wall,wall,wall_7074,W/CW/7074-83.jpg,"[0, 0, 256, 256]",1.0,sdnet_tile,wall
retak/wall_7074-99.jpg,1,retak,test_wall,wall,wall_7074,W/CW/7074-99.jpg,"[0, 0, 256, 256]",1.0,sdnet_tile,wall
retak/wall_7075-10.jpg,1,retak,test_wall,wall,wall_7075,W/CW/7075-10.jpg,"[0, 0, 256, 256]",1.0,sdnet_tile,wall
retak/wall_7075-138.jpg,1,retak,test_wall,wall,wall_7075,W/CW/7075-138.jpg,"[0, 0, 256, 256]",1.0,sdnet_tile,wall
retak/wall_7075-146.jpg,1,retak,test_wall,wall,wall_7075,W/CW/7075-146.jpg,"[0, 0, 256, 256]",1.0,sdnet_tile,wall
retak/wall_7075-153.jpg,1,retak,test_wall,wall,wall_7075,W/CW/7075-153.jpg,"[0, 0, 256, 256]",1.0,sdnet_tile,wall
retak/wall_7075-184.jpg,1,retak,test_wall,wall,wall_7075,W/CW/7075-184.jpg,"[0, 0, 256, 256]",1.0,sdnet_tile,wall
retak/wall_7075-227.jpg,1,retak,test_wall,wall,wall_7075,W/CW/7075-227.jpg,"[0, 0, 256, 256]",1.0,sdnet_tile,wall
retak/wall_7075-232.jpg,1,retak,test_wall,wall,wall_7075,W/CW/7075-232.jpg,"[0, 0, 256, 256]",1.0,sdnet_tile,wall
retak/wall_7075-242.jpg,1,retak,test_wall,wall,wall_7075,W/CW/7075-242.jpg,"[0, 0, 256, 256]",1.0,sdnet_tile,wall
retak/wall_7075-46.jpg,1,retak,test_wall,wall,wall_7075,W/CW/7075-46.jpg,"[0, 0, 256, 256]",1.0,sdnet_tile,wall
retak/wall_7075-64.jpg,1,retak,test_wall,wall,wall_7075,W/CW/7075-64.jpg,"[0, 0, 256, 256]",1.0,sdnet_tile,wall
retak/wall_7075-74.jpg,1,retak,test_wall,wall,wall_7075,W/CW/7075-74.jpg,"[0, 0, 256, 256]",1.0,sdnet_tile,wall
retak/wall_7075-87.jpg,1,retak,test_wall,wall,wall_7075,W/CW/7075-87.jpg,"[0, 0, 256, 256]",1.0,sdnet_tile,wall
retak/wall_7076-100.jpg,1,retak,test_wall,wall,wall_7076,W/CW/7076-100.jpg,"[0, 0, 256, 256]",1.0,sdnet_tile,wall
retak/wall_7076-147.jpg,1,retak,test_wall,wall,wall_7076,W/CW/7076-147.jpg,"[0, 0, 256, 256]",1.0,sdnet_tile,wall
retak/wall_7076-148.jpg,1,retak,test_wall,wall,wall_7076,W/CW/7076-148.jpg,"[0, 0, 256, 256]",1.0,sdnet_tile,wall
retak/wall_7076-152.jpg,1,retak,test_wall,wall,wall_7076,W/CW/7076-152.jpg,"[0, 0, 256, 256]",1.0,sdnet_tile,wall
retak/wall_7076-153.jpg,1,retak,test_wall,wall,wall_7076,W/CW/7076-153.jpg,"[0, 0, 256, 256]",1.0,sdnet_tile,wall
retak/wall_7076-170.jpg,1,retak,test_wall,wall,wall_7076,W/CW/7076-170.jpg,"[0, 0, 256, 256]",1.0,sdnet_tile,wall
retak/wall_7076-188.jpg,1,retak,test_wall,wall,wall_7076,W/CW/7076-188.jpg,"[0, 0, 256, 256]",1.0,sdnet_tile,wall
retak/wall_7076-204.jpg,1,retak,test_wall,wall,wall_7076,W/CW/7076-204.jpg,"[0, 0, 256, 256]",1.0,sdnet_tile,wall
retak/wall_7076-221.jpg,1,retak,test_wall,wall,wall_7076,W/CW/7076-221.jpg,"[0, 0, 256, 256]",1.0,sdnet_tile,wall
retak/wall_7076-225.jpg,1,retak,test_wall,wall,wall_7076,W/CW/7076-225.jpg,"[0, 0, 256, 256]",1.0,sdnet_tile,wall
retak/wall_7076-237.jpg,1,retak,test_wall,wall,wall_7076,W/CW/7076-237.jpg,"[0, 0, 256, 256]",1.0,sdnet_tile,wall
retak/wall_7076-6.jpg,1,retak,test_wall,wall,wall_7076,W/CW/7076-6.jpg,"[0, 0, 256, 256]",1.0,sdnet_tile,wall
retak/wall_7077-105.jpg,1,retak,test_wall,wall,wall_7077,W/CW/7077-105.jpg,"[0, 0, 256, 256]",1.0,sdnet_tile,wall
retak/wall_7077-119.jpg,1,retak,test_wall,wall,wall_7077,W/CW/7077-119.jpg,"[0, 0, 256, 256]",1.0,sdnet_tile,wall
retak/wall_7077-128.jpg,1,retak,test_wall,wall,wall_7077,W/CW/7077-128.jpg,"[0, 0, 256, 256]",1.0,sdnet_tile,wall
retak/wall_7077-141.jpg,1,retak,test_wall,wall,wall_7077,W/CW/7077-141.jpg,"[0, 0, 256, 256]",1.0,sdnet_tile,wall
retak/wall_7077-164.jpg,1,retak,test_wall,wall,wall_7077,W/CW/7077-164.jpg,"[0, 0, 256, 256]",1.0,sdnet_tile,wall
retak/wall_7077-190.jpg,1,retak,test_wall,wall,wall_7077,W/CW/7077-190.jpg,"[0, 0, 256, 256]",1.0,sdnet_tile,wall
retak/wall_7077-26.jpg,1,retak,test_wall,wall,wall_7077,W/CW/7077-26.jpg,"[0, 0, 256, 256]",1.0,sdnet_tile,wall
retak/wall_7077-29.jpg,1,retak,test_wall,wall,wall_7077,W/CW/7077-29.jpg,"[0, 0, 256, 256]",1.0,sdnet_tile,wall
retak/wall_7077-50.jpg,1,retak,test_wall,wall,wall_7077,W/CW/7077-50.jpg,"[0, 0, 256, 256]",1.0,sdnet_tile,wall
retak/wall_7077-51.jpg,1,retak,test_wall,wall,wall_7077,W/CW/7077-51.jpg,"[0, 0, 256, 256]",1.0,sdnet_tile,wall
retak/wall_7077-99.jpg,1,retak,test_wall,wall,wall_7077,W/CW/7077-99.jpg,"[0, 0, 256, 256]",1.0,sdnet_tile,wall
retak/wall_7078-105.jpg,1,retak,test_wall,wall,wall_7078,W/CW/7078-105.jpg,"[0, 0, 256, 256]",1.0,sdnet_tile,wall
retak/wall_7078-111.jpg,1,retak,test_wall,wall,wall_7078,W/CW/7078-111.jpg,"[0, 0, 256, 256]",1.0,sdnet_tile,wall
retak/wall_7078-136.jpg,1,retak,test_wall,wall,wall_7078,W/CW/7078-136.jpg,"[0, 0, 256, 256]",1.0,sdnet_tile,wall
retak/wall_7078-138.jpg,1,retak,test_wall,wall,wall_7078,W/CW/7078-138.jpg,"[0, 0, 256, 256]",1.0,sdnet_tile,wall
retak/wall_7078-141.jpg,1,retak,test_wall,wall,wall_7078,W/CW/7078-141.jpg,"[0, 0, 256, 256]",1.0,sdnet_tile,wall
retak/wall_7078-156.jpg,1,retak,test_wall,wall,wall_7078,W/CW/7078-156.jpg,"[0, 0, 256, 256]",1.0,sdnet_tile,wall
retak/wall_7078-158.jpg,1,retak,test_wall,wall,wall_7078,W/CW/7078-158.jpg,"[0, 0, 256, 256]",1.0,sdnet_tile,wall
retak/wall_7078-168.jpg,1,retak,test_wall,wall,wall_7078,W/CW/7078-168.jpg,"[0, 0, 256, 256]",1.0,sdnet_tile,wall
retak/wall_7078-28.jpg,1,retak,test_wall,wall,wall_7078,W/CW/7078-28.jpg,"[0, 0, 256, 256]",1.0,sdnet_tile,wall
retak/wall_7078-47.jpg,1,retak,test_wall,wall,wall_7078,W/CW/7078-47.jpg,"[0, 0, 256, 256]",1.0,sdnet_tile,wall
retak/wall_7078-94.jpg,1,retak,test_wall,wall,wall_7078,W/CW/7078-94.jpg,"[0, 0, 256, 256]",1.0,sdnet_tile,wall
retak/wall_7079-103.jpg,1,retak,test_wall,wall,wall_7079,W/CW/7079-103.jpg,"[0, 0, 256, 256]",1.0,sdnet_tile,wall
retak/wall_7079-104.jpg,1,retak,test_wall,wall,wall_7079,W/CW/7079-104.jpg,"[0, 0, 256, 256]",1.0,sdnet_tile,wall
retak/wall_7079-105.jpg,1,retak,test_wall,wall,wall_7079,W/CW/7079-105.jpg,"[0, 0, 256, 256]",1.0,sdnet_tile,wall
retak/wall_7079-117.jpg,1,retak,test_wall,wall,wall_7079,W/CW/7079-117.jpg,"[0, 0, 256, 256]",1.0,sdnet_tile,wall
retak/wall_7079-141.jpg,1,retak,test_wall,wall,wall_7079,W/CW/7079-141.jpg,"[0, 0, 256, 256]",1.0,sdnet_tile,wall
retak/wall_7079-177.jpg,1,retak,test_wall,wall,wall_7079,W/CW/7079-177.jpg,"[0, 0, 256, 256]",1.0,sdnet_tile,wall
retak/wall_7079-195.jpg,1,retak,test_wall,wall,wall_7079,W/CW/7079-195.jpg,"[0, 0, 256, 256]",1.0,sdnet_tile,wall
retak/wall_7079-196.jpg,1,retak,test_wall,wall,wall_7079,W/CW/7079-196.jpg,"[0, 0, 256, 256]",1.0,sdnet_tile,wall
retak/wall_7079-197.jpg,1,retak,test_wall,wall,wall_7079,W/CW/7079-197.jpg,"[0, 0, 256, 256]",1.0,sdnet_tile,wall
retak/wall_7079-214.jpg,1,retak,test_wall,wall,wall_7079,W/CW/7079-214.jpg,"[0, 0, 256, 256]",1.0,sdnet_tile,wall
retak/wall_7079-92.jpg,1,retak,test_wall,wall,wall_7079,W/CW/7079-92.jpg,"[0, 0, 256, 256]",1.0,sdnet_tile,wall
retak/wall_7080-10.jpg,1,retak,test_wall,wall,wall_7080,W/CW/7080-10.jpg,"[0, 0, 256, 256]",1.0,sdnet_tile,wall
retak/wall_7080-118.jpg,1,retak,test_wall,wall,wall_7080,W/CW/7080-118.jpg,"[0, 0, 256, 256]",1.0,sdnet_tile,wall
retak/wall_7080-136.jpg,1,retak,test_wall,wall,wall_7080,W/CW/7080-136.jpg,"[0, 0, 256, 256]",1.0,sdnet_tile,wall
retak/wall_7080-172.jpg,1,retak,test_wall,wall,wall_7080,W/CW/7080-172.jpg,"[0, 0, 256, 256]",1.0,sdnet_tile,wall
retak/wall_7080-203.jpg,1,retak,test_wall,wall,wall_7080,W/CW/7080-203.jpg,"[0, 0, 256, 256]",1.0,sdnet_tile,wall
retak/wall_7080-208.jpg,1,retak,test_wall,wall,wall_7080,W/CW/7080-208.jpg,"[0, 0, 256, 256]",1.0,sdnet_tile,wall
retak/wall_7080-213.jpg,1,retak,test_wall,wall,wall_7080,W/CW/7080-213.jpg,"[0, 0, 256, 256]",1.0,sdnet_tile,wall
retak/wall_7080-29.jpg,1,retak,test_wall,wall,wall_7080,W/CW/7080-29.jpg,"[0, 0, 256, 256]",1.0,sdnet_tile,wall
retak/wall_7080-53.jpg,1,retak,test_wall,wall,wall_7080,W/CW/7080-53.jpg,"[0, 0, 256, 256]",1.0,sdnet_tile,wall
retak/wall_7080-61.jpg,1,retak,test_wall,wall,wall_7080,W/CW/7080-61.jpg,"[0, 0, 256, 256]",1.0,sdnet_tile,wall
retak/wall_7080-76.jpg,1,retak,test_wall,wall,wall_7080,W/CW/7080-76.jpg,"[0, 0, 256, 256]",1.0,sdnet_tile,wall
retak/wall_7081-134.jpg,1,retak,test_wall,wall,wall_7081,W/CW/7081-134.jpg,"[0, 0, 256, 256]",1.0,sdnet_tile,wall
retak/wall_7081-17.jpg,1,retak,test_wall,wall,wall_7081,W/CW/7081-17.jpg,"[0, 0, 256, 256]",1.0,sdnet_tile,wall
retak/wall_7081-185.jpg,1,retak,test_wall,wall,wall_7081,W/CW/7081-185.jpg,"[0, 0, 256, 256]",1.0,sdnet_tile,wall
retak/wall_7081-219.jpg,1,retak,test_wall,wall,wall_7081,W/CW/7081-219.jpg,"[0, 0, 256, 256]",1.0,sdnet_tile,wall
retak/wall_7081-236.jpg,1,retak,test_wall,wall,wall_7081,W/CW/7081-236.jpg,"[0, 0, 256, 256]",1.0,sdnet_tile,wall
retak/wall_7081-34.jpg,1,retak,test_wall,wall,wall_7081,W/CW/7081-34.jpg,"[0, 0, 256, 256]",1.0,sdnet_tile,wall
retak/wall_7081-42.jpg,1,retak,test_wall,wall,wall_7081,W/CW/7081-42.jpg,"[0, 0, 256, 256]",1.0,sdnet_tile,wall
retak/wall_7081-5.jpg,1,retak,test_wall,wall,wall_7081,W/CW/7081-5.jpg,"[0, 0, 256, 256]",1.0,sdnet_tile,wall
retak/wall_7081-54.jpg,1,retak,test_wall,wall,wall_7081,W/CW/7081-54.jpg,"[0, 0, 256, 256]",1.0,sdnet_tile,wall
retak/wall_7081-66.jpg,1,retak,test_wall,wall,wall_7081,W/CW/7081-66.jpg,"[0, 0, 256, 256]",1.0,sdnet_tile,wall
retak/wall_7081-70.jpg,1,retak,test_wall,wall,wall_7081,W/CW/7081-70.jpg,"[0, 0, 256, 256]",1.0,sdnet_tile,wall
retak/wall_7082-10.jpg,1,retak,test_wall,wall,wall_7082,W/CW/7082-10.jpg,"[0, 0, 256, 256]",1.0,sdnet_tile,wall
retak/wall_7082-119.jpg,1,retak,test_wall,wall,wall_7082,W/CW/7082-119.jpg,"[0, 0, 256, 256]",1.0,sdnet_tile,wall
retak/wall_7082-15.jpg,1,retak,test_wall,wall,wall_7082,W/CW/7082-15.jpg,"[0, 0, 256, 256]",1.0,sdnet_tile,wall
retak/wall_7082-191.jpg,1,retak,test_wall,wall,wall_7082,W/CW/7082-191.jpg,"[0, 0, 256, 256]",1.0,sdnet_tile,wall
retak/wall_7082-23.jpg,1,retak,test_wall,wall,wall_7082,W/CW/7082-23.jpg,"[0, 0, 256, 256]",1.0,sdnet_tile,wall
retak/wall_7082-245.jpg,1,retak,test_wall,wall,wall_7082,W/CW/7082-245.jpg,"[0, 0, 256, 256]",1.0,sdnet_tile,wall
retak/wall_7082-28.jpg,1,retak,test_wall,wall,wall_7082,W/CW/7082-28.jpg,"[0, 0, 256, 256]",1.0,sdnet_tile,wall
retak/wall_7082-46.jpg,1,retak,test_wall,wall,wall_7082,W/CW/7082-46.jpg,"[0, 0, 256, 256]",1.0,sdnet_tile,wall
retak/wall_7082-51.jpg,1,retak,test_wall,wall,wall_7082,W/CW/7082-51.jpg,"[0, 0, 256, 256]",1.0,sdnet_tile,wall
retak/wall_7082-82.jpg,1,retak,test_wall,wall,wall_7082,W/CW/7082-82.jpg,"[0, 0, 256, 256]",1.0,sdnet_tile,wall
retak/wall_7082-87.jpg,1,retak,test_wall,wall,wall_7082,W/CW/7082-87.jpg,"[0, 0, 256, 256]",1.0,sdnet_tile,wall
retak/wall_7083-100.jpg,1,retak,test_wall,wall,wall_7083,W/CW/7083-100.jpg,"[0, 0, 256, 256]",1.0,sdnet_tile,wall
retak/wall_7083-106.jpg,1,retak,test_wall,wall,wall_7083,W/CW/7083-106.jpg,"[0, 0, 256, 256]",1.0,sdnet_tile,wall
retak/wall_7083-151.jpg,1,retak,test_wall,wall,wall_7083,W/CW/7083-151.jpg,"[0, 0, 256, 256]",1.0,sdnet_tile,wall
retak/wall_7083-152.jpg,1,retak,test_wall,wall,wall_7083,W/CW/7083-152.jpg,"[0, 0, 256, 256]",1.0,sdnet_tile,wall
retak/wall_7083-153.jpg,1,retak,test_wall,wall,wall_7083,W/CW/7083-153.jpg,"[0, 0, 256, 256]",1.0,sdnet_tile,wall
retak/wall_7083-206.jpg,1,retak,test_wall,wall,wall_7083,W/CW/7083-206.jpg,"[0, 0, 256, 256]",1.0,sdnet_tile,wall
retak/wall_7083-233.jpg,1,retak,test_wall,wall,wall_7083,W/CW/7083-233.jpg,"[0, 0, 256, 256]",1.0,sdnet_tile,wall
retak/wall_7083-242.jpg,1,retak,test_wall,wall,wall_7083,W/CW/7083-242.jpg,"[0, 0, 256, 256]",1.0,sdnet_tile,wall
retak/wall_7083-43.jpg,1,retak,test_wall,wall,wall_7083,W/CW/7083-43.jpg,"[0, 0, 256, 256]",1.0,sdnet_tile,wall
retak/wall_7083-84.jpg,1,retak,test_wall,wall,wall_7083,W/CW/7083-84.jpg,"[0, 0, 256, 256]",1.0,sdnet_tile,wall
retak/wall_7083-96.jpg,1,retak,test_wall,wall,wall_7083,W/CW/7083-96.jpg,"[0, 0, 256, 256]",1.0,sdnet_tile,wall
retak/wall_7084-126.jpg,1,retak,test_wall,wall,wall_7084,W/CW/7084-126.jpg,"[0, 0, 256, 256]",1.0,sdnet_tile,wall
retak/wall_7084-136.jpg,1,retak,test_wall,wall,wall_7084,W/CW/7084-136.jpg,"[0, 0, 256, 256]",1.0,sdnet_tile,wall
retak/wall_7084-166.jpg,1,retak,test_wall,wall,wall_7084,W/CW/7084-166.jpg,"[0, 0, 256, 256]",1.0,sdnet_tile,wall
retak/wall_7084-169.jpg,1,retak,test_wall,wall,wall_7084,W/CW/7084-169.jpg,"[0, 0, 256, 256]",1.0,sdnet_tile,wall
retak/wall_7084-215.jpg,1,retak,test_wall,wall,wall_7084,W/CW/7084-215.jpg,"[0, 0, 256, 256]",1.0,sdnet_tile,wall
retak/wall_7084-223.jpg,1,retak,test_wall,wall,wall_7084,W/CW/7084-223.jpg,"[0, 0, 256, 256]",1.0,sdnet_tile,wall
retak/wall_7084-50.jpg,1,retak,test_wall,wall,wall_7084,W/CW/7084-50.jpg,"[0, 0, 256, 256]",1.0,sdnet_tile,wall
retak/wall_7084-51.jpg,1,retak,test_wall,wall,wall_7084,W/CW/7084-51.jpg,"[0, 0, 256, 256]",1.0,sdnet_tile,wall
retak/wall_7084-58.jpg,1,retak,test_wall,wall,wall_7084,W/CW/7084-58.jpg,"[0, 0, 256, 256]",1.0,sdnet_tile,wall
retak/wall_7084-79.jpg,1,retak,test_wall,wall,wall_7084,W/CW/7084-79.jpg,"[0, 0, 256, 256]",1.0,sdnet_tile,wall
retak/wall_7084-81.jpg,1,retak,test_wall,wall,wall_7084,W/CW/7084-81.jpg,"[0, 0, 256, 256]",1.0,sdnet_tile,wall
retak/wall_7085-12.jpg,1,retak,test_wall,wall,wall_7085,W/CW/7085-12.jpg,"[0, 0, 256, 256]",1.0,sdnet_tile,wall
retak/wall_7085-184.jpg,1,retak,test_wall,wall,wall_7085,W/CW/7085-184.jpg,"[0, 0, 256, 256]",1.0,sdnet_tile,wall
retak/wall_7085-3.jpg,1,retak,test_wall,wall,wall_7085,W/CW/7085-3.jpg,"[0, 0, 256, 256]",1.0,sdnet_tile,wall
retak/wall_7085-65.jpg,1,retak,test_wall,wall,wall_7085,W/CW/7085-65.jpg,"[0, 0, 256, 256]",1.0,sdnet_tile,wall
retak/wall_7085-69.jpg,1,retak,test_wall,wall,wall_7085,W/CW/7085-69.jpg,"[0, 0, 256, 256]",1.0,sdnet_tile,wall
retak/wall_7085-75.jpg,1,retak,test_wall,wall,wall_7085,W/CW/7085-75.jpg,"[0, 0, 256, 256]",1.0,sdnet_tile,wall
retak/wall_7085-80.jpg,1,retak,test_wall,wall,wall_7085,W/CW/7085-80.jpg,"[0, 0, 256, 256]",1.0,sdnet_tile,wall
retak/wall_7085-82.jpg,1,retak,test_wall,wall,wall_7085,W/CW/7085-82.jpg,"[0, 0, 256, 256]",1.0,sdnet_tile,wall
retak/wall_7085-83.jpg,1,retak,test_wall,wall,wall_7085,W/CW/7085-83.jpg,"[0, 0, 256, 256]",1.0,sdnet_tile,wall
retak/wall_7085-88.jpg,1,retak,test_wall,wall,wall_7085,W/CW/7085-88.jpg,"[0, 0, 256, 256]",1.0,sdnet_tile,wall
retak/wall_7085-97.jpg,1,retak,test_wall,wall,wall_7085,W/CW/7085-97.jpg,"[0, 0, 256, 256]",1.0,sdnet_tile,wall
retak/wall_7086-123.jpg,1,retak,test_wall,wall,wall_7086,W/CW/7086-123.jpg,"[0, 0, 256, 256]",1.0,sdnet_tile,wall
retak/wall_7086-161.jpg,1,retak,test_wall,wall,wall_7086,W/CW/7086-161.jpg,"[0, 0, 256, 256]",1.0,sdnet_tile,wall
retak/wall_7086-18.jpg,1,retak,test_wall,wall,wall_7086,W/CW/7086-18.jpg,"[0, 0, 256, 256]",1.0,sdnet_tile,wall
retak/wall_7086-183.jpg,1,retak,test_wall,wall,wall_7086,W/CW/7086-183.jpg,"[0, 0, 256, 256]",1.0,sdnet_tile,wall
retak/wall_7086-184.jpg,1,retak,test_wall,wall,wall_7086,W/CW/7086-184.jpg,"[0, 0, 256, 256]",1.0,sdnet_tile,wall
retak/wall_7086-227.jpg,1,retak,test_wall,wall,wall_7086,W/CW/7086-227.jpg,"[0, 0, 256, 256]",1.0,sdnet_tile,wall
retak/wall_7086-52.jpg,1,retak,test_wall,wall,wall_7086,W/CW/7086-52.jpg,"[0, 0, 256, 256]",1.0,sdnet_tile,wall
retak/wall_7086-63.jpg,1,retak,test_wall,wall,wall_7086,W/CW/7086-63.jpg,"[0, 0, 256, 256]",1.0,sdnet_tile,wall
retak/wall_7086-64.jpg,1,retak,test_wall,wall,wall_7086,W/CW/7086-64.jpg,"[0, 0, 256, 256]",1.0,sdnet_tile,wall
retak/wall_7086-81.jpg,1,retak,test_wall,wall,wall_7086,W/CW/7086-81.jpg,"[0, 0, 256, 256]",1.0,sdnet_tile,wall
retak/wall_7086-93.jpg,1,retak,test_wall,wall,wall_7086,W/CW/7086-93.jpg,"[0, 0, 256, 256]",1.0,sdnet_tile,wall
retak/wall_7087-100.jpg,1,retak,test_wall,wall,wall_7087,W/CW/7087-100.jpg,"[0, 0, 256, 256]",1.0,sdnet_tile,wall
retak/wall_7087-123.jpg,1,retak,test_wall,wall,wall_7087,W/CW/7087-123.jpg,"[0, 0, 256, 256]",1.0,sdnet_tile,wall
retak/wall_7087-160.jpg,1,retak,test_wall,wall,wall_7087,W/CW/7087-160.jpg,"[0, 0, 256, 256]",1.0,sdnet_tile,wall
retak/wall_7087-202.jpg,1,retak,test_wall,wall,wall_7087,W/CW/7087-202.jpg,"[0, 0, 256, 256]",1.0,sdnet_tile,wall
retak/wall_7087-204.jpg,1,retak,test_wall,wall,wall_7087,W/CW/7087-204.jpg,"[0, 0, 256, 256]",1.0,sdnet_tile,wall
retak/wall_7087-223.jpg,1,retak,test_wall,wall,wall_7087,W/CW/7087-223.jpg,"[0, 0, 256, 256]",1.0,sdnet_tile,wall
retak/wall_7087-229.jpg,1,retak,test_wall,wall,wall_7087,W/CW/7087-229.jpg,"[0, 0, 256, 256]",1.0,sdnet_tile,wall
retak/wall_7087-26.jpg,1,retak,test_wall,wall,wall_7087,W/CW/7087-26.jpg,"[0, 0, 256, 256]",1.0,sdnet_tile,wall
retak/wall_7087-41.jpg,1,retak,test_wall,wall,wall_7087,W/CW/7087-41.jpg,"[0, 0, 256, 256]",1.0,sdnet_tile,wall
retak/wall_7087-82.jpg,1,retak,test_wall,wall,wall_7087,W/CW/7087-82.jpg,"[0, 0, 256, 256]",1.0,sdnet_tile,wall
retak/wall_7087-9.jpg,1,retak,test_wall,wall,wall_7087,W/CW/7087-9.jpg,"[0, 0, 256, 256]",1.0,sdnet_tile,wall
retak/wall_7088-14.jpg,1,retak,test_wall,wall,wall_7088,W/CW/7088-14.jpg,"[0, 0, 256, 256]",1.0,sdnet_tile,wall
retak/wall_7088-143.jpg,1,retak,test_wall,wall,wall_7088,W/CW/7088-143.jpg,"[0, 0, 256, 256]",1.0,sdnet_tile,wall
retak/wall_7088-150.jpg,1,retak,test_wall,wall,wall_7088,W/CW/7088-150.jpg,"[0, 0, 256, 256]",1.0,sdnet_tile,wall
retak/wall_7088-188.jpg,1,retak,test_wall,wall,wall_7088,W/CW/7088-188.jpg,"[0, 0, 256, 256]",1.0,sdnet_tile,wall
retak/wall_7088-196.jpg,1,retak,test_wall,wall,wall_7088,W/CW/7088-196.jpg,"[0, 0, 256, 256]",1.0,sdnet_tile,wall
retak/wall_7088-223.jpg,1,retak,test_wall,wall,wall_7088,W/CW/7088-223.jpg,"[0, 0, 256, 256]",1.0,sdnet_tile,wall
retak/wall_7088-32.jpg,1,retak,test_wall,wall,wall_7088,W/CW/7088-32.jpg,"[0, 0, 256, 256]",1.0,sdnet_tile,wall
retak/wall_7088-44.jpg,1,retak,test_wall,wall,wall_7088,W/CW/7088-44.jpg,"[0, 0, 256, 256]",1.0,sdnet_tile,wall
retak/wall_7088-50.jpg,1,retak,test_wall,wall,wall_7088,W/CW/7088-50.jpg,"[0, 0, 256, 256]",1.0,sdnet_tile,wall
retak/wall_7088-82.jpg,1,retak,test_wall,wall,wall_7088,W/CW/7088-82.jpg,"[0, 0, 256, 256]",1.0,sdnet_tile,wall
retak/wall_7088-93.jpg,1,retak,test_wall,wall,wall_7088,W/CW/7088-93.jpg,"[0, 0, 256, 256]",1.0,sdnet_tile,wall
retak/wall_7089-106.jpg,1,retak,test_wall,wall,wall_7089,W/CW/7089-106.jpg,"[0, 0, 256, 256]",1.0,sdnet_tile,wall
retak/wall_7089-107.jpg,1,retak,test_wall,wall,wall_7089,W/CW/7089-107.jpg,"[0, 0, 256, 256]",1.0,sdnet_tile,wall
retak/wall_7089-116.jpg,1,retak,test_wall,wall,wall_7089,W/CW/7089-116.jpg,"[0, 0, 256, 256]",1.0,sdnet_tile,wall
retak/wall_7089-143.jpg,1,retak,test_wall,wall,wall_7089,W/CW/7089-143.jpg,"[0, 0, 256, 256]",1.0,sdnet_tile,wall
retak/wall_7089-158.jpg,1,retak,test_wall,wall,wall_7089,W/CW/7089-158.jpg,"[0, 0, 256, 256]",1.0,sdnet_tile,wall
retak/wall_7089-193.jpg,1,retak,test_wall,wall,wall_7089,W/CW/7089-193.jpg,"[0, 0, 256, 256]",1.0,sdnet_tile,wall
retak/wall_7089-2.jpg,1,retak,test_wall,wall,wall_7089,W/CW/7089-2.jpg,"[0, 0, 256, 256]",1.0,sdnet_tile,wall
retak/wall_7089-242.jpg,1,retak,test_wall,wall,wall_7089,W/CW/7089-242.jpg,"[0, 0, 256, 256]",1.0,sdnet_tile,wall
retak/wall_7089-71.jpg,1,retak,test_wall,wall,wall_7089,W/CW/7089-71.jpg,"[0, 0, 256, 256]",1.0,sdnet_tile,wall
retak/wall_7089-80.jpg,1,retak,test_wall,wall,wall_7089,W/CW/7089-80.jpg,"[0, 0, 256, 256]",1.0,sdnet_tile,wall
retak/wall_7089-89.jpg,1,retak,test_wall,wall,wall_7089,W/CW/7089-89.jpg,"[0, 0, 256, 256]",1.0,sdnet_tile,wall
retak/wall_7090-106.jpg,1,retak,test_wall,wall,wall_7090,W/CW/7090-106.jpg,"[0, 0, 256, 256]",1.0,sdnet_tile,wall
retak/wall_7090-110.jpg,1,retak,test_wall,wall,wall_7090,W/CW/7090-110.jpg,"[0, 0, 256, 256]",1.0,sdnet_tile,wall
retak/wall_7090-114.jpg,1,retak,test_wall,wall,wall_7090,W/CW/7090-114.jpg,"[0, 0, 256, 256]",1.0,sdnet_tile,wall
retak/wall_7090-131.jpg,1,retak,test_wall,wall,wall_7090,W/CW/7090-131.jpg,"[0, 0, 256, 256]",1.0,sdnet_tile,wall
retak/wall_7090-141.jpg,1,retak,test_wall,wall,wall_7090,W/CW/7090-141.jpg,"[0, 0, 256, 256]",1.0,sdnet_tile,wall
retak/wall_7090-186.jpg,1,retak,test_wall,wall,wall_7090,W/CW/7090-186.jpg,"[0, 0, 256, 256]",1.0,sdnet_tile,wall
retak/wall_7090-242.jpg,1,retak,test_wall,wall,wall_7090,W/CW/7090-242.jpg,"[0, 0, 256, 256]",1.0,sdnet_tile,wall
retak/wall_7090-245.jpg,1,retak,test_wall,wall,wall_7090,W/CW/7090-245.jpg,"[0, 0, 256, 256]",1.0,sdnet_tile,wall
retak/wall_7090-57.jpg,1,retak,test_wall,wall,wall_7090,W/CW/7090-57.jpg,"[0, 0, 256, 256]",1.0,sdnet_tile,wall
retak/wall_7090-86.jpg,1,retak,test_wall,wall,wall_7090,W/CW/7090-86.jpg,"[0, 0, 256, 256]",1.0,sdnet_tile,wall
retak/wall_7090-93.jpg,1,retak,test_wall,wall,wall_7090,W/CW/7090-93.jpg,"[0, 0, 256, 256]",1.0,sdnet_tile,wall
retak/wall_7091-110.jpg,1,retak,test_wall,wall,wall_7091,W/CW/7091-110.jpg,"[0, 0, 256, 256]",1.0,sdnet_tile,wall
retak/wall_7091-118.jpg,1,retak,test_wall,wall,wall_7091,W/CW/7091-118.jpg,"[0, 0, 256, 256]",1.0,sdnet_tile,wall
retak/wall_7091-136.jpg,1,retak,test_wall,wall,wall_7091,W/CW/7091-136.jpg,"[0, 0, 256, 256]",1.0,sdnet_tile,wall
retak/wall_7091-193.jpg,1,retak,test_wall,wall,wall_7091,W/CW/7091-193.jpg,"[0, 0, 256, 256]",1.0,sdnet_tile,wall
retak/wall_7091-195.jpg,1,retak,test_wall,wall,wall_7091,W/CW/7091-195.jpg,"[0, 0, 256, 256]",1.0,sdnet_tile,wall
retak/wall_7091-203.jpg,1,retak,test_wall,wall,wall_7091,W/CW/7091-203.jpg,"[0, 0, 256, 256]",1.0,sdnet_tile,wall
retak/wall_7091-208.jpg,1,retak,test_wall,wall,wall_7091,W/CW/7091-208.jpg,"[0, 0, 256, 256]",1.0,sdnet_tile,wall
retak/wall_7091-219.jpg,1,retak,test_wall,wall,wall_7091,W/CW/7091-219.jpg,"[0, 0, 256, 256]",1.0,sdnet_tile,wall
retak/wall_7091-225.jpg,1,retak,test_wall,wall,wall_7091,W/CW/7091-225.jpg,"[0, 0, 256, 256]",1.0,sdnet_tile,wall
retak/wall_7091-237.jpg,1,retak,test_wall,wall,wall_7091,W/CW/7091-237.jpg,"[0, 0, 256, 256]",1.0,sdnet_tile,wall
retak/wall_7091-248.jpg,1,retak,test_wall,wall,wall_7091,W/CW/7091-248.jpg,"[0, 0, 256, 256]",1.0,sdnet_tile,wall
retak/wall_7092-103.jpg,1,retak,test_wall,wall,wall_7092,W/CW/7092-103.jpg,"[0, 0, 256, 256]",1.0,sdnet_tile,wall
retak/wall_7092-122.jpg,1,retak,test_wall,wall,wall_7092,W/CW/7092-122.jpg,"[0, 0, 256, 256]",1.0,sdnet_tile,wall
retak/wall_7092-169.jpg,1,retak,test_wall,wall,wall_7092,W/CW/7092-169.jpg,"[0, 0, 256, 256]",1.0,sdnet_tile,wall
retak/wall_7092-187.jpg,1,retak,test_wall,wall,wall_7092,W/CW/7092-187.jpg,"[0, 0, 256, 256]",1.0,sdnet_tile,wall
retak/wall_7092-211.jpg,1,retak,test_wall,wall,wall_7092,W/CW/7092-211.jpg,"[0, 0, 256, 256]",1.0,sdnet_tile,wall
retak/wall_7092-212.jpg,1,retak,test_wall,wall,wall_7092,W/CW/7092-212.jpg,"[0, 0, 256, 256]",1.0,sdnet_tile,wall
retak/wall_7092-218.jpg,1,retak,test_wall,wall,wall_7092,W/CW/7092-218.jpg,"[0, 0, 256, 256]",1.0,sdnet_tile,wall
retak/wall_7092-42.jpg,1,retak,test_wall,wall,wall_7092,W/CW/7092-42.jpg,"[0, 0, 256, 256]",1.0,sdnet_tile,wall
retak/wall_7092-49.jpg,1,retak,test_wall,wall,wall_7092,W/CW/7092-49.jpg,"[0, 0, 256, 256]",1.0,sdnet_tile,wall
retak/wall_7092-94.jpg,1,retak,test_wall,wall,wall_7092,W/CW/7092-94.jpg,"[0, 0, 256, 256]",1.0,sdnet_tile,wall
retak/wall_7092-99.jpg,1,retak,test_wall,wall,wall_7092,W/CW/7092-99.jpg,"[0, 0, 256, 256]",1.0,sdnet_tile,wall
retak/wall_7093-106.jpg,1,retak,test_wall,wall,wall_7093,W/CW/7093-106.jpg,"[0, 0, 256, 256]",1.0,sdnet_tile,wall
retak/wall_7093-112.jpg,1,retak,test_wall,wall,wall_7093,W/CW/7093-112.jpg,"[0, 0, 256, 256]",1.0,sdnet_tile,wall
retak/wall_7093-167.jpg,1,retak,test_wall,wall,wall_7093,W/CW/7093-167.jpg,"[0, 0, 256, 256]",1.0,sdnet_tile,wall
retak/wall_7093-224.jpg,1,retak,test_wall,wall,wall_7093,W/CW/7093-224.jpg,"[0, 0, 256, 256]",1.0,sdnet_tile,wall
retak/wall_7093-28.jpg,1,retak,test_wall,wall,wall_7093,W/CW/7093-28.jpg,"[0, 0, 256, 256]",1.0,sdnet_tile,wall
retak/wall_7093-30.jpg,1,retak,test_wall,wall,wall_7093,W/CW/7093-30.jpg,"[0, 0, 256, 256]",1.0,sdnet_tile,wall
retak/wall_7093-32.jpg,1,retak,test_wall,wall,wall_7093,W/CW/7093-32.jpg,"[0, 0, 256, 256]",1.0,sdnet_tile,wall
retak/wall_7093-37.jpg,1,retak,test_wall,wall,wall_7093,W/CW/7093-37.jpg,"[0, 0, 256, 256]",1.0,sdnet_tile,wall
retak/wall_7093-73.jpg,1,retak,test_wall,wall,wall_7093,W/CW/7093-73.jpg,"[0, 0, 256, 256]",1.0,sdnet_tile,wall
retak/wall_7093-86.jpg,1,retak,test_wall,wall,wall_7093,W/CW/7093-86.jpg,"[0, 0, 256, 256]",1.0,sdnet_tile,wall
retak/wall_7093-95.jpg,1,retak,test_wall,wall,wall_7093,W/CW/7093-95.jpg,"[0, 0, 256, 256]",1.0,sdnet_tile,wall
retak/wall_7094-116.jpg,1,retak,test_wall,wall,wall_7094,W/CW/7094-116.jpg,"[0, 0, 256, 256]",1.0,sdnet_tile,wall
retak/wall_7094-117.jpg,1,retak,test_wall,wall,wall_7094,W/CW/7094-117.jpg,"[0, 0, 256, 256]",1.0,sdnet_tile,wall
retak/wall_7094-135.jpg,1,retak,test_wall,wall,wall_7094,W/CW/7094-135.jpg,"[0, 0, 256, 256]",1.0,sdnet_tile,wall
retak/wall_7094-226.jpg,1,retak,test_wall,wall,wall_7094,W/CW/7094-226.jpg,"[0, 0, 256, 256]",1.0,sdnet_tile,wall
retak/wall_7094-242.jpg,1,retak,test_wall,wall,wall_7094,W/CW/7094-242.jpg,"[0, 0, 256, 256]",1.0,sdnet_tile,wall
retak/wall_7094-245.jpg,1,retak,test_wall,wall,wall_7094,W/CW/7094-245.jpg,"[0, 0, 256, 256]",1.0,sdnet_tile,wall
retak/wall_7094-25.jpg,1,retak,test_wall,wall,wall_7094,W/CW/7094-25.jpg,"[0, 0, 256, 256]",1.0,sdnet_tile,wall
retak/wall_7094-43.jpg,1,retak,test_wall,wall,wall_7094,W/CW/7094-43.jpg,"[0, 0, 256, 256]",1.0,sdnet_tile,wall
retak/wall_7094-44.jpg,1,retak,test_wall,wall,wall_7094,W/CW/7094-44.jpg,"[0, 0, 256, 256]",1.0,sdnet_tile,wall
retak/wall_7094-7.jpg,1,retak,test_wall,wall,wall_7094,W/CW/7094-7.jpg,"[0, 0, 256, 256]",1.0,sdnet_tile,wall
retak/wall_7094-80.jpg,1,retak,test_wall,wall,wall_7094,W/CW/7094-80.jpg,"[0, 0, 256, 256]",1.0,sdnet_tile,wall
retak/wall_7095-100.jpg,1,retak,test_wall,wall,wall_7095,W/CW/7095-100.jpg,"[0, 0, 256, 256]",1.0,sdnet_tile,wall
retak/wall_7095-118.jpg,1,retak,test_wall,wall,wall_7095,W/CW/7095-118.jpg,"[0, 0, 256, 256]",1.0,sdnet_tile,wall
retak/wall_7095-136.jpg,1,retak,test_wall,wall,wall_7095,W/CW/7095-136.jpg,"[0, 0, 256, 256]",1.0,sdnet_tile,wall
retak/wall_7095-155.jpg,1,retak,test_wall,wall,wall_7095,W/CW/7095-155.jpg,"[0, 0, 256, 256]",1.0,sdnet_tile,wall
retak/wall_7095-173.jpg,1,retak,test_wall,wall,wall_7095,W/CW/7095-173.jpg,"[0, 0, 256, 256]",1.0,sdnet_tile,wall
retak/wall_7095-244.jpg,1,retak,test_wall,wall,wall_7095,W/CW/7095-244.jpg,"[0, 0, 256, 256]",1.0,sdnet_tile,wall
retak/wall_7095-26.jpg,1,retak,test_wall,wall,wall_7095,W/CW/7095-26.jpg,"[0, 0, 256, 256]",1.0,sdnet_tile,wall
retak/wall_7095-44.jpg,1,retak,test_wall,wall,wall_7095,W/CW/7095-44.jpg,"[0, 0, 256, 256]",1.0,sdnet_tile,wall
retak/wall_7095-63.jpg,1,retak,test_wall,wall,wall_7095,W/CW/7095-63.jpg,"[0, 0, 256, 256]",1.0,sdnet_tile,wall
retak/wall_7095-81.jpg,1,retak,test_wall,wall,wall_7095,W/CW/7095-81.jpg,"[0, 0, 256, 256]",1.0,sdnet_tile,wall
retak/wall_7095-82.jpg,1,retak,test_wall,wall,wall_7095,W/CW/7095-82.jpg,"[0, 0, 256, 256]",1.0,sdnet_tile,wall
retak/wall_7096-117.jpg,1,retak,test_wall,wall,wall_7096,W/CW/7096-117.jpg,"[0, 0, 256, 256]",1.0,sdnet_tile,wall
retak/wall_7096-134.jpg,1,retak,test_wall,wall,wall_7096,W/CW/7096-134.jpg,"[0, 0, 256, 256]",1.0,sdnet_tile,wall
retak/wall_7096-14.jpg,1,retak,test_wall,wall,wall_7096,W/CW/7096-14.jpg,"[0, 0, 256, 256]",1.0,sdnet_tile,wall
retak/wall_7096-140.jpg,1,retak,test_wall,wall,wall_7096,W/CW/7096-140.jpg,"[0, 0, 256, 256]",1.0,sdnet_tile,wall
retak/wall_7096-141.jpg,1,retak,test_wall,wall,wall_7096,W/CW/7096-141.jpg,"[0, 0, 256, 256]",1.0,sdnet_tile,wall
retak/wall_7096-153.jpg,1,retak,test_wall,wall,wall_7096,W/CW/7096-153.jpg,"[0, 0, 256, 256]",1.0,sdnet_tile,wall
retak/wall_7096-170.jpg,1,retak,test_wall,wall,wall_7096,W/CW/7096-170.jpg,"[0, 0, 256, 256]",1.0,sdnet_tile,wall
retak/wall_7096-62.jpg,1,retak,test_wall,wall,wall_7096,W/CW/7096-62.jpg,"[0, 0, 256, 256]",1.0,sdnet_tile,wall
retak/wall_7096-7.jpg,1,retak,test_wall,wall,wall_7096,W/CW/7096-7.jpg,"[0, 0, 256, 256]",1.0,sdnet_tile,wall
retak/wall_7096-8.jpg,1,retak,test_wall,wall,wall_7096,W/CW/7096-8.jpg,"[0, 0, 256, 256]",1.0,sdnet_tile,wall
retak/wall_7096-80.jpg,1,retak,test_wall,wall,wall_7096,W/CW/7096-80.jpg,"[0, 0, 256, 256]",1.0,sdnet_tile,wall
retak/wall_7097-115.jpg,1,retak,test_wall,wall,wall_7097,W/CW/7097-115.jpg,"[0, 0, 256, 256]",1.0,sdnet_tile,wall
retak/wall_7097-133.jpg,1,retak,test_wall,wall,wall_7097,W/CW/7097-133.jpg,"[0, 0, 256, 256]",1.0,sdnet_tile,wall
retak/wall_7097-151.jpg,1,retak,test_wall,wall,wall_7097,W/CW/7097-151.jpg,"[0, 0, 256, 256]",1.0,sdnet_tile,wall
retak/wall_7097-169.jpg,1,retak,test_wall,wall,wall_7097,W/CW/7097-169.jpg,"[0, 0, 256, 256]",1.0,sdnet_tile,wall
retak/wall_7097-223.jpg,1,retak,test_wall,wall,wall_7097,W/CW/7097-223.jpg,"[0, 0, 256, 256]",1.0,sdnet_tile,wall
retak/wall_7097-241.jpg,1,retak,test_wall,wall,wall_7097,W/CW/7097-241.jpg,"[0, 0, 256, 256]",1.0,sdnet_tile,wall
retak/wall_7097-247.jpg,1,retak,test_wall,wall,wall_7097,W/CW/7097-247.jpg,"[0, 0, 256, 256]",1.0,sdnet_tile,wall
retak/wall_7097-7.jpg,1,retak,test_wall,wall,wall_7097,W/CW/7097-7.jpg,"[0, 0, 256, 256]",1.0,sdnet_tile,wall
retak/wall_7097-79.jpg,1,retak,test_wall,wall,wall_7097,W/CW/7097-79.jpg,"[0, 0, 256, 256]",1.0,sdnet_tile,wall
retak/wall_7097-96.jpg,1,retak,test_wall,wall,wall_7097,W/CW/7097-96.jpg,"[0, 0, 256, 256]",1.0,sdnet_tile,wall
retak/wall_7097-97.jpg,1,retak,test_wall,wall,wall_7097,W/CW/7097-97.jpg,"[0, 0, 256, 256]",1.0,sdnet_tile,wall
retak/wall_7098-10.jpg,1,retak,test_wall,wall,wall_7098,W/CW/7098-10.jpg,"[0, 0, 256, 256]",1.0,sdnet_tile,wall
retak/wall_7098-136.jpg,1,retak,test_wall,wall,wall_7098,W/CW/7098-136.jpg,"[0, 0, 256, 256]",1.0,sdnet_tile,wall
retak/wall_7098-154.jpg,1,retak,test_wall,wall,wall_7098,W/CW/7098-154.jpg,"[0, 0, 256, 256]",1.0,sdnet_tile,wall
retak/wall_7098-226.jpg,1,retak,test_wall,wall,wall_7098,W/CW/7098-226.jpg,"[0, 0, 256, 256]",1.0,sdnet_tile,wall
retak/wall_7098-244.jpg,1,retak,test_wall,wall,wall_7098,W/CW/7098-244.jpg,"[0, 0, 256, 256]",1.0,sdnet_tile,wall
retak/wall_7098-45.jpg,1,retak,test_wall,wall,wall_7098,W/CW/7098-45.jpg,"[0, 0, 256, 256]",1.0,sdnet_tile,wall
retak/wall_7098-6.jpg,1,retak,test_wall,wall,wall_7098,W/CW/7098-6.jpg,"[0, 0, 256, 256]",1.0,sdnet_tile,wall
retak/wall_7098-63.jpg,1,retak,test_wall,wall,wall_7098,W/CW/7098-63.jpg,"[0, 0, 256, 256]",1.0,sdnet_tile,wall
retak/wall_7098-81.jpg,1,retak,test_wall,wall,wall_7098,W/CW/7098-81.jpg,"[0, 0, 256, 256]",1.0,sdnet_tile,wall
retak/wall_7098-82.jpg,1,retak,test_wall,wall,wall_7098,W/CW/7098-82.jpg,"[0, 0, 256, 256]",1.0,sdnet_tile,wall
retak/wall_7098-9.jpg,1,retak,test_wall,wall,wall_7098,W/CW/7098-9.jpg,"[0, 0, 256, 256]",1.0,sdnet_tile,wall
retak/wall_7099-100.jpg,1,retak,test_wall,wall,wall_7099,W/CW/7099-100.jpg,"[0, 0, 256, 256]",1.0,sdnet_tile,wall
retak/wall_7099-136.jpg,1,retak,test_wall,wall,wall_7099,W/CW/7099-136.jpg,"[0, 0, 256, 256]",1.0,sdnet_tile,wall
retak/wall_7099-189.jpg,1,retak,test_wall,wall,wall_7099,W/CW/7099-189.jpg,"[0, 0, 256, 256]",1.0,sdnet_tile,wall
retak/wall_7099-190.jpg,1,retak,test_wall,wall,wall_7099,W/CW/7099-190.jpg,"[0, 0, 256, 256]",1.0,sdnet_tile,wall
retak/wall_7099-193.jpg,1,retak,test_wall,wall,wall_7099,W/CW/7099-193.jpg,"[0, 0, 256, 256]",1.0,sdnet_tile,wall
retak/wall_7099-226.jpg,1,retak,test_wall,wall,wall_7099,W/CW/7099-226.jpg,"[0, 0, 256, 256]",1.0,sdnet_tile,wall
retak/wall_7099-27.jpg,1,retak,test_wall,wall,wall_7099,W/CW/7099-27.jpg,"[0, 0, 256, 256]",1.0,sdnet_tile,wall
retak/wall_7099-45.jpg,1,retak,test_wall,wall,wall_7099,W/CW/7099-45.jpg,"[0, 0, 256, 256]",1.0,sdnet_tile,wall
retak/wall_7099-69.jpg,1,retak,test_wall,wall,wall_7099,W/CW/7099-69.jpg,"[0, 0, 256, 256]",1.0,sdnet_tile,wall
retak/wall_7099-82.jpg,1,retak,test_wall,wall,wall_7099,W/CW/7099-82.jpg,"[0, 0, 256, 256]",1.0,sdnet_tile,wall
retak/wall_7099-9.jpg,1,retak,test_wall,wall,wall_7099,W/CW/7099-9.jpg,"[0, 0, 256, 256]",1.0,sdnet_tile,wall
retak/wall_7100-103.jpg,1,retak,test_wall,wall,wall_7100,W/CW/7100-103.jpg,"[0, 0, 256, 256]",1.0,sdnet_tile,wall
retak/wall_7100-212.jpg,1,retak,test_wall,wall,wall_7100,W/CW/7100-212.jpg,"[0, 0, 256, 256]",1.0,sdnet_tile,wall
retak/wall_7100-230.jpg,1,retak,test_wall,wall,wall_7100,W/CW/7100-230.jpg,"[0, 0, 256, 256]",1.0,sdnet_tile,wall
retak/wall_7100-237.jpg,1,retak,test_wall,wall,wall_7100,W/CW/7100-237.jpg,"[0, 0, 256, 256]",1.0,sdnet_tile,wall
retak/wall_7100-48.jpg,1,retak,test_wall,wall,wall_7100,W/CW/7100-48.jpg,"[0, 0, 256, 256]",1.0,sdnet_tile,wall
retak/wall_7100-63.jpg,1,retak,test_wall,wall,wall_7100,W/CW/7100-63.jpg,"[0, 0, 256, 256]",1.0,sdnet_tile,wall
retak/wall_7100-64.jpg,1,retak,test_wall,wall,wall_7100,W/CW/7100-64.jpg,"[0, 0, 256, 256]",1.0,sdnet_tile,wall
retak/wall_7100-66.jpg,1,retak,test_wall,wall,wall_7100,W/CW/7100-66.jpg,"[0, 0, 256, 256]",1.0,sdnet_tile,wall
retak/wall_7100-82.jpg,1,retak,test_wall,wall,wall_7100,W/CW/7100-82.jpg,"[0, 0, 256, 256]",1.0,sdnet_tile,wall
retak/wall_7100-84.jpg,1,retak,test_wall,wall,wall_7100,W/CW/7100-84.jpg,"[0, 0, 256, 256]",1.0,sdnet_tile,wall
retak/wall_7100-97.jpg,1,retak,test_wall,wall,wall_7100,W/CW/7100-97.jpg,"[0, 0, 256, 256]",1.0,sdnet_tile,wall
retak/wall_7101-123.jpg,1,retak,test_wall,wall,wall_7101,W/CW/7101-123.jpg,"[0, 0, 256, 256]",1.0,sdnet_tile,wall
retak/wall_7101-134.jpg,1,retak,test_wall,wall,wall_7101,W/CW/7101-134.jpg,"[0, 0, 256, 256]",1.0,sdnet_tile,wall
retak/wall_7101-171.jpg,1,retak,test_wall,wall,wall_7101,W/CW/7101-171.jpg,"[0, 0, 256, 256]",1.0,sdnet_tile,wall
retak/wall_7101-208.jpg,1,retak,test_wall,wall,wall_7101,W/CW/7101-208.jpg,"[0, 0, 256, 256]",1.0,sdnet_tile,wall
retak/wall_7101-226.jpg,1,retak,test_wall,wall,wall_7101,W/CW/7101-226.jpg,"[0, 0, 256, 256]",1.0,sdnet_tile,wall
retak/wall_7101-244.jpg,1,retak,test_wall,wall,wall_7101,W/CW/7101-244.jpg,"[0, 0, 256, 256]",1.0,sdnet_tile,wall
retak/wall_7101-245.jpg,1,retak,test_wall,wall,wall_7101,W/CW/7101-245.jpg,"[0, 0, 256, 256]",1.0,sdnet_tile,wall
retak/wall_7101-6.jpg,1,retak,test_wall,wall,wall_7101,W/CW/7101-6.jpg,"[0, 0, 256, 256]",1.0,sdnet_tile,wall
retak/wall_7101-61.jpg,1,retak,test_wall,wall,wall_7101,W/CW/7101-61.jpg,"[0, 0, 256, 256]",1.0,sdnet_tile,wall
retak/wall_7101-80.jpg,1,retak,test_wall,wall,wall_7101,W/CW/7101-80.jpg,"[0, 0, 256, 256]",1.0,sdnet_tile,wall
retak/wall_7101-98.jpg,1,retak,test_wall,wall,wall_7101,W/CW/7101-98.jpg,"[0, 0, 256, 256]",1.0,sdnet_tile,wall
retak/wall_7102-116.jpg,1,retak,test_wall,wall,wall_7102,W/CW/7102-116.jpg,"[0, 0, 256, 256]",1.0,sdnet_tile,wall
retak/wall_7102-154.jpg,1,retak,test_wall,wall,wall_7102,W/CW/7102-154.jpg,"[0, 0, 256, 256]",1.0,sdnet_tile,wall
retak/wall_7102-190.jpg,1,retak,test_wall,wall,wall_7102,W/CW/7102-190.jpg,"[0, 0, 256, 256]",1.0,sdnet_tile,wall
retak/wall_7102-191.jpg,1,retak,test_wall,wall,wall_7102,W/CW/7102-191.jpg,"[0, 0, 256, 256]",1.0,sdnet_tile,wall
retak/wall_7102-229.jpg,1,retak,test_wall,wall,wall_7102,W/CW/7102-229.jpg,"[0, 0, 256, 256]",1.0,sdnet_tile,wall
retak/wall_7102-230.jpg,1,retak,test_wall,wall,wall_7102,W/CW/7102-230.jpg,"[0, 0, 256, 256]",1.0,sdnet_tile,wall
retak/wall_7102-248.jpg,1,retak,test_wall,wall,wall_7102,W/CW/7102-248.jpg,"[0, 0, 256, 256]",1.0,sdnet_tile,wall
retak/wall_7102-250.jpg,1,retak,test_wall,wall,wall_7102,W/CW/7102-250.jpg,"[0, 0, 256, 256]",1.0,sdnet_tile,wall
retak/wall_7102-59.jpg,1,retak,test_wall,wall,wall_7102,W/CW/7102-59.jpg,"[0, 0, 256, 256]",1.0,sdnet_tile,wall
retak/wall_7102-79.jpg,1,retak,test_wall,wall,wall_7102,W/CW/7102-79.jpg,"[0, 0, 256, 256]",1.0,sdnet_tile,wall
retak/wall_7102-98.jpg,1,retak,test_wall,wall,wall_7102,W/CW/7102-98.jpg,"[0, 0, 256, 256]",1.0,sdnet_tile,wall
retak/wall_7103-11.jpg,1,retak,test_wall,wall,wall_7103,W/CW/7103-11.jpg,"[0, 0, 256, 256]",1.0,sdnet_tile,wall
retak/wall_7103-111.jpg,1,retak,test_wall,wall,wall_7103,W/CW/7103-111.jpg,"[0, 0, 256, 256]",1.0,sdnet_tile,wall
retak/wall_7103-132.jpg,1,retak,test_wall,wall,wall_7103,W/CW/7103-132.jpg,"[0, 0, 256, 256]",1.0,sdnet_tile,wall
retak/wall_7103-134.jpg,1,retak,test_wall,wall,wall_7103,W/CW/7103-134.jpg,"[0, 0, 256, 256]",1.0,sdnet_tile,wall
retak/wall_7103-152.jpg,1,retak,test_wall,wall,wall_7103,W/CW/7103-152.jpg,"[0, 0, 256, 256]",1.0,sdnet_tile,wall
retak/wall_7103-153.jpg,1,retak,test_wall,wall,wall_7103,W/CW/7103-153.jpg,"[0, 0, 256, 256]",1.0,sdnet_tile,wall
retak/wall_7103-228.jpg,1,retak,test_wall,wall,wall_7103,W/CW/7103-228.jpg,"[0, 0, 256, 256]",1.0,sdnet_tile,wall
retak/wall_7103-250.jpg,1,retak,test_wall,wall,wall_7103,W/CW/7103-250.jpg,"[0, 0, 256, 256]",1.0,sdnet_tile,wall
retak/wall_7103-61.jpg,1,retak,test_wall,wall,wall_7103,W/CW/7103-61.jpg,"[0, 0, 256, 256]",1.0,sdnet_tile,wall
retak/wall_7103-73.jpg,1,retak,test_wall,wall,wall_7103,W/CW/7103-73.jpg,"[0, 0, 256, 256]",1.0,sdnet_tile,wall
retak/wall_7103-79.jpg,1,retak,test_wall,wall,wall_7103,W/CW/7103-79.jpg,"[0, 0, 256, 256]",1.0,sdnet_tile,wall
retak/wall_7104-127.jpg,1,retak,test_wall,wall,wall_7104,W/CW/7104-127.jpg,"[0, 0, 256, 256]",1.0,sdnet_tile,wall
retak/wall_7104-149.jpg,1,retak,test_wall,wall,wall_7104,W/CW/7104-149.jpg,"[0, 0, 256, 256]",1.0,sdnet_tile,wall
retak/wall_7104-169.jpg,1,retak,test_wall,wall,wall_7104,W/CW/7104-169.jpg,"[0, 0, 256, 256]",1.0,sdnet_tile,wall
retak/wall_7104-170.jpg,1,retak,test_wall,wall,wall_7104,W/CW/7104-170.jpg,"[0, 0, 256, 256]",1.0,sdnet_tile,wall
retak/wall_7104-173.jpg,1,retak,test_wall,wall,wall_7104,W/CW/7104-173.jpg,"[0, 0, 256, 256]",1.0,sdnet_tile,wall
retak/wall_7104-188.jpg,1,retak,test_wall,wall,wall_7104,W/CW/7104-188.jpg,"[0, 0, 256, 256]",1.0,sdnet_tile,wall
retak/wall_7104-189.jpg,1,retak,test_wall,wall,wall_7104,W/CW/7104-189.jpg,"[0, 0, 256, 256]",1.0,sdnet_tile,wall
retak/wall_7104-226.jpg,1,retak,test_wall,wall,wall_7104,W/CW/7104-226.jpg,"[0, 0, 256, 256]",1.0,sdnet_tile,wall
retak/wall_7104-244.jpg,1,retak,test_wall,wall,wall_7104,W/CW/7104-244.jpg,"[0, 0, 256, 256]",1.0,sdnet_tile,wall
retak/wall_7104-50.jpg,1,retak,test_wall,wall,wall_7104,W/CW/7104-50.jpg,"[0, 0, 256, 256]",1.0,sdnet_tile,wall
retak/wall_7104-58.jpg,1,retak,test_wall,wall,wall_7104,W/CW/7104-58.jpg,"[0, 0, 256, 256]",1.0,sdnet_tile,wall
retak/wall_7105-131.jpg,1,retak,test_wall,wall,wall_7105,W/CW/7105-131.jpg,"[0, 0, 256, 256]",1.0,sdnet_tile,wall
retak/wall_7105-135.jpg,1,retak,test_wall,wall,wall_7105,W/CW/7105-135.jpg,"[0, 0, 256, 256]",1.0,sdnet_tile,wall
retak/wall_7105-155.jpg,1,retak,test_wall,wall,wall_7105,W/CW/7105-155.jpg,"[0, 0, 256, 256]",1.0,sdnet_tile,wall
retak/wall_7105-170.jpg,1,retak,test_wall,wall,wall_7105,W/CW/7105-170.jpg,"[0, 0, 256, 256]",1.0,sdnet_tile,wall
retak/wall_7105-171.jpg,1,retak,test_wall,wall,wall_7105,W/CW/7105-171.jpg,"[0, 0, 256, 256]",1.0,sdnet_tile,wall
retak/wall_7105-188.jpg,1,retak,test_wall,wall,wall_7105,W/CW/7105-188.jpg,"[0, 0, 256, 256]",1.0,sdnet_tile,wall
retak/wall_7105-206.jpg,1,retak,test_wall,wall,wall_7105,W/CW/7105-206.jpg,"[0, 0, 256, 256]",1.0,sdnet_tile,wall
retak/wall_7105-243.jpg,1,retak,test_wall,wall,wall_7105,W/CW/7105-243.jpg,"[0, 0, 256, 256]",1.0,sdnet_tile,wall
retak/wall_7105-63.jpg,1,retak,test_wall,wall,wall_7105,W/CW/7105-63.jpg,"[0, 0, 256, 256]",1.0,sdnet_tile,wall
retak/wall_7105-81.jpg,1,retak,test_wall,wall,wall_7105,W/CW/7105-81.jpg,"[0, 0, 256, 256]",1.0,sdnet_tile,wall
retak/wall_7105-99.jpg,1,retak,test_wall,wall,wall_7105,W/CW/7105-99.jpg,"[0, 0, 256, 256]",1.0,sdnet_tile,wall
retak/wall_7106-100.jpg,1,retak,test_wall,wall,wall_7106,W/CW/7106-100.jpg,"[0, 0, 256, 256]",1.0,sdnet_tile,wall
retak/wall_7106-136.jpg,1,retak,test_wall,wall,wall_7106,W/CW/7106-136.jpg,"[0, 0, 256, 256]",1.0,sdnet_tile,wall
retak/wall_7106-171.jpg,1,retak,test_wall,wall,wall_7106,W/CW/7106-171.jpg,"[0, 0, 256, 256]",1.0,sdnet_tile,wall
retak/wall_7106-184.jpg,1,retak,test_wall,wall,wall_7106,W/CW/7106-184.jpg,"[0, 0, 256, 256]",1.0,sdnet_tile,wall
retak/wall_7106-185.jpg,1,retak,test_wall,wall,wall_7106,W/CW/7106-185.jpg,"[0, 0, 256, 256]",1.0,sdnet_tile,wall
retak/wall_7106-188.jpg,1,retak,test_wall,wall,wall_7106,W/CW/7106-188.jpg,"[0, 0, 256, 256]",1.0,sdnet_tile,wall
retak/wall_7106-189.jpg,1,retak,test_wall,wall,wall_7106,W/CW/7106-189.jpg,"[0, 0, 256, 256]",1.0,sdnet_tile,wall
retak/wall_7106-202.jpg,1,retak,test_wall,wall,wall_7106,W/CW/7106-202.jpg,"[0, 0, 256, 256]",1.0,sdnet_tile,wall
retak/wall_7106-224.jpg,1,retak,test_wall,wall,wall_7106,W/CW/7106-224.jpg,"[0, 0, 256, 256]",1.0,sdnet_tile,wall
retak/wall_7106-242.jpg,1,retak,test_wall,wall,wall_7106,W/CW/7106-242.jpg,"[0, 0, 256, 256]",1.0,sdnet_tile,wall
retak/wall_7106-99.jpg,1,retak,test_wall,wall,wall_7106,W/CW/7106-99.jpg,"[0, 0, 256, 256]",1.0,sdnet_tile,wall
retak/wall_7107-118_2.jpg,1,retak,test_wall,wall,wall_7107,W/CW/7107-118_2.jpg,"[0, 0, 256, 256]",1.0,sdnet_tile,wall
retak/wall_7107-136_2.jpg,1,retak,test_wall,wall,wall_7107,W/CW/7107-136_2.jpg,"[0, 0, 256, 256]",1.0,sdnet_tile,wall
retak/wall_7107-154_2.jpg,1,retak,test_wall,wall,wall_7107,W/CW/7107-154_2.jpg,"[0, 0, 256, 256]",1.0,sdnet_tile,wall
retak/wall_7107-171_2.jpg,1,retak,test_wall,wall,wall_7107,W/CW/7107-171_2.jpg,"[0, 0, 256, 256]",1.0,sdnet_tile,wall
retak/wall_7107-207_2.jpg,1,retak,test_wall,wall,wall_7107,W/CW/7107-207_2.jpg,"[0, 0, 256, 256]",1.0,sdnet_tile,wall
retak/wall_7107-225_2.jpg,1,retak,test_wall,wall,wall_7107,W/CW/7107-225_2.jpg,"[0, 0, 256, 256]",1.0,sdnet_tile,wall
retak/wall_7107-242_2.jpg,1,retak,test_wall,wall,wall_7107,W/CW/7107-242_2.jpg,"[0, 0, 256, 256]",1.0,sdnet_tile,wall
retak/wall_7107-28_2.jpg,1,retak,test_wall,wall,wall_7107,W/CW/7107-28_2.jpg,"[0, 0, 256, 256]",1.0,sdnet_tile,wall
retak/wall_7107-75.jpg,1,retak,test_wall,wall,wall_7107,W/CW/7107-75.jpg,"[0, 0, 256, 256]",1.0,sdnet_tile,wall
retak/wall_7107-81_2.jpg,1,retak,test_wall,wall,wall_7107,W/CW/7107-81_2.jpg,"[0, 0, 256, 256]",1.0,sdnet_tile,wall
retak/wall_7107-82_2.jpg,1,retak,test_wall,wall,wall_7107,W/CW/7107-82_2.jpg,"[0, 0, 256, 256]",1.0,sdnet_tile,wall
retak/wall_7108-101.jpg,1,retak,test_wall,wall,wall_7108,W/CW/7108-101.jpg,"[0, 0, 256, 256]",1.0,sdnet_tile,wall
retak/wall_7108-138.jpg,1,retak,test_wall,wall,wall_7108,W/CW/7108-138.jpg,"[0, 0, 256, 256]",1.0,sdnet_tile,wall
retak/wall_7108-139.jpg,1,retak,test_wall,wall,wall_7108,W/CW/7108-139.jpg,"[0, 0, 256, 256]",1.0,sdnet_tile,wall
retak/wall_7108-153.jpg,1,retak,test_wall,wall,wall_7108,W/CW/7108-153.jpg,"[0, 0, 256, 256]",1.0,sdnet_tile,wall
retak/wall_7108-171.jpg,1,retak,test_wall,wall,wall_7108,W/CW/7108-171.jpg,"[0, 0, 256, 256]",1.0,sdnet_tile,wall
retak/wall_7108-206.jpg,1,retak,test_wall,wall,wall_7108,W/CW/7108-206.jpg,"[0, 0, 256, 256]",1.0,sdnet_tile,wall
retak/wall_7108-225.jpg,1,retak,test_wall,wall,wall_7108,W/CW/7108-225.jpg,"[0, 0, 256, 256]",1.0,sdnet_tile,wall
retak/wall_7108-28.jpg,1,retak,test_wall,wall,wall_7108,W/CW/7108-28.jpg,"[0, 0, 256, 256]",1.0,sdnet_tile,wall
retak/wall_7108-46.jpg,1,retak,test_wall,wall,wall_7108,W/CW/7108-46.jpg,"[0, 0, 256, 256]",1.0,sdnet_tile,wall
retak/wall_7108-81.jpg,1,retak,test_wall,wall,wall_7108,W/CW/7108-81.jpg,"[0, 0, 256, 256]",1.0,sdnet_tile,wall
retak/wall_7108-99.jpg,1,retak,test_wall,wall,wall_7108,W/CW/7108-99.jpg,"[0, 0, 256, 256]",1.0,sdnet_tile,wall
retak/wall_7109-118.jpg,1,retak,test_wall,wall,wall_7109,W/CW/7109-118.jpg,"[0, 0, 256, 256]",1.0,sdnet_tile,wall
retak/wall_7109-119.jpg,1,retak,test_wall,wall,wall_7109,W/CW/7109-119.jpg,"[0, 0, 256, 256]",1.0,sdnet_tile,wall
retak/wall_7109-157.jpg,1,retak,test_wall,wall,wall_7109,W/CW/7109-157.jpg,"[0, 0, 256, 256]",1.0,sdnet_tile,wall
retak/wall_7109-16.jpg,1,retak,test_wall,wall,wall_7109,W/CW/7109-16.jpg,"[0, 0, 256, 256]",1.0,sdnet_tile,wall
retak/wall_7109-193.jpg,1,retak,test_wall,wall,wall_7109,W/CW/7109-193.jpg,"[0, 0, 256, 256]",1.0,sdnet_tile,wall
retak/wall_7109-194.jpg,1,retak,test_wall,wall,wall_7109,W/CW/7109-194.jpg,"[0, 0, 256, 256]",1.0,sdnet_tile,wall
retak/wall_7109-212.jpg,1,retak,test_wall,wall,wall_7109,W/CW/7109-212.jpg,"[0, 0, 256, 256]",1.0,sdnet_tile,wall
retak/wall_7109-248.jpg,1,retak,test_wall,wall,wall_7109,W/CW/7109-248.jpg,"[0, 0, 256, 256]",1.0,sdnet_tile,wall
retak/wall_7109-27.jpg,1,retak,test_wall,wall,wall_7109,W/CW/7109-27.jpg,"[0, 0, 256, 256]",1.0,sdnet_tile,wall
retak/wall_7109-39.jpg,1,retak,test_wall,wall,wall_7109,W/CW/7109-39.jpg,"[0, 0, 256, 256]",1.0,sdnet_tile,wall
retak/wall_7109-99.jpg,1,retak,test_wall,wall,wall_7109,W/CW/7109-99.jpg,"[0, 0, 256, 256]",1.0,sdnet_tile,wall
retak/wall_7110-137.jpg,1,retak,test_wall,wall,wall_7110,W/CW/7110-137.jpg,"[0, 0, 256, 256]",1.0,sdnet_tile,wall
retak/wall_7110-192.jpg,1,retak,test_wall,wall,wall_7110,W/CW/7110-192.jpg,"[0, 0, 256, 256]",1.0,sdnet_tile,wall
retak/wall_7110-211.jpg,1,retak,test_wall,wall,wall_7110,W/CW/7110-211.jpg,"[0, 0, 256, 256]",1.0,sdnet_tile,wall
retak/wall_7110-229.jpg,1,retak,test_wall,wall,wall_7110,W/CW/7110-229.jpg,"[0, 0, 256, 256]",1.0,sdnet_tile,wall
retak/wall_7110-245.jpg,1,retak,test_wall,wall,wall_7110,W/CW/7110-245.jpg,"[0, 0, 256, 256]",1.0,sdnet_tile,wall
retak/wall_7110-248.jpg,1,retak,test_wall,wall,wall_7110,W/CW/7110-248.jpg,"[0, 0, 256, 256]",1.0,sdnet_tile,wall
retak/wall_7110-4.jpg,1,retak,test_wall,wall,wall_7110,W/CW/7110-4.jpg,"[0, 0, 256, 256]",1.0,sdnet_tile,wall
retak/wall_7110-5.jpg,1,retak,test_wall,wall,wall_7110,W/CW/7110-5.jpg,"[0, 0, 256, 256]",1.0,sdnet_tile,wall
retak/wall_7110-80.jpg,1,retak,test_wall,wall,wall_7110,W/CW/7110-80.jpg,"[0, 0, 256, 256]",1.0,sdnet_tile,wall
retak/wall_7110-81.jpg,1,retak,test_wall,wall,wall_7110,W/CW/7110-81.jpg,"[0, 0, 256, 256]",1.0,sdnet_tile,wall
retak/wall_7110-99.jpg,1,retak,test_wall,wall,wall_7110,W/CW/7110-99.jpg,"[0, 0, 256, 256]",1.0,sdnet_tile,wall
retak/wall_7111-1.jpg,1,retak,test_wall,wall,wall_7111,W/CW/7111-1.jpg,"[0, 0, 256, 256]",1.0,sdnet_tile,wall
retak/wall_7111-101.jpg,1,retak,test_wall,wall,wall_7111,W/CW/7111-101.jpg,"[0, 0, 256, 256]",1.0,sdnet_tile,wall
retak/wall_7111-103.jpg,1,retak,test_wall,wall,wall_7111,W/CW/7111-103.jpg,"[0, 0, 256, 256]",1.0,sdnet_tile,wall
retak/wall_7111-114.jpg,1,retak,test_wall,wall,wall_7111,W/CW/7111-114.jpg,"[0, 0, 256, 256]",1.0,sdnet_tile,wall
retak/wall_7111-124.jpg,1,retak,test_wall,wall,wall_7111,W/CW/7111-124.jpg,"[0, 0, 256, 256]",1.0,sdnet_tile,wall
retak/wall_7111-142.jpg,1,retak,test_wall,wall,wall_7111,W/CW/7111-142.jpg,"[0, 0, 256, 256]",1.0,sdnet_tile,wall
retak/wall_7111-15.jpg,1,retak,test_wall,wall,wall_7111,W/CW/7111-15.jpg,"[0, 0, 256, 256]",1.0,sdnet_tile,wall
retak/wall_7111-170.jpg,1,retak,test_wall,wall,wall_7111,W/CW/7111-170.jpg,"[0, 0, 256, 256]",1.0,sdnet_tile,wall
retak/wall_7111-21.jpg,1,retak,test_wall,wall,wall_7111,W/CW/7111-21.jpg,"[0, 0, 256, 256]",1.0,sdnet_tile,wall
retak/wall_7111-67.jpg,1,retak,test_wall,wall,wall_7111,W/CW/7111-67.jpg,"[0, 0, 256, 256]",1.0,sdnet_tile,wall
retak/wall_7111-77.jpg,1,retak,test_wall,wall,wall_7111,W/CW/7111-77.jpg,"[0, 0, 256, 256]",1.0,sdnet_tile,wall
retak/wall_7112-112.jpg,1,retak,test_wall,wall,wall_7112,W/CW/7112-112.jpg,"[0, 0, 256, 256]",1.0,sdnet_tile,wall
retak/wall_7112-113.jpg,1,retak,test_wall,wall,wall_7112,W/CW/7112-113.jpg,"[0, 0, 256, 256]",1.0,sdnet_tile,wall
retak/wall_7112-116.jpg,1,retak,test_wall,wall,wall_7112,W/CW/7112-116.jpg,"[0, 0, 256, 256]",1.0,sdnet_tile,wall
retak/wall_7112-135.jpg,1,retak,test_wall,wall,wall_7112,W/CW/7112-135.jpg,"[0, 0, 256, 256]",1.0,sdnet_tile,wall
retak/wall_7112-150.jpg,1,retak,test_wall,wall,wall_7112,W/CW/7112-150.jpg,"[0, 0, 256, 256]",1.0,sdnet_tile,wall
retak/wall_7112-170.jpg,1,retak,test_wall,wall,wall_7112,W/CW/7112-170.jpg,"[0, 0, 256, 256]",1.0,sdnet_tile,wall
retak/wall_7112-208.jpg,1,retak,test_wall,wall,wall_7112,W/CW/7112-208.jpg,"[0, 0, 256, 256]",1.0,sdnet_tile,wall
retak/wall_7112-212.jpg,1,retak,test_wall,wall,wall_7112,W/CW/7112-212.jpg,"[0, 0, 256, 256]",1.0,sdnet_tile,wall
retak/wall_7112-246.jpg,1,retak,test_wall,wall,wall_7112,W/CW/7112-246.jpg,"[0, 0, 256, 256]",1.0,sdnet_tile,wall
retak/wall_7112-74.jpg,1,retak,test_wall,wall,wall_7112,W/CW/7112-74.jpg,"[0, 0, 256, 256]",1.0,sdnet_tile,wall
retak/wall_7112-93.jpg,1,retak,test_wall,wall,wall_7112,W/CW/7112-93.jpg,"[0, 0, 256, 256]",1.0,sdnet_tile,wall
retak/wall_7113-101.jpg,1,retak,test_wall,wall,wall_7113,W/CW/7113-101.jpg,"[0, 0, 256, 256]",1.0,sdnet_tile,wall
retak/wall_7113-105.jpg,1,retak,test_wall,wall,wall_7113,W/CW/7113-105.jpg,"[0, 0, 256, 256]",1.0,sdnet_tile,wall
retak/wall_7113-108.jpg,1,retak,test_wall,wall,wall_7113,W/CW/7113-108.jpg,"[0, 0, 256, 256]",1.0,sdnet_tile,wall
retak/wall_7113-129.jpg,1,retak,test_wall,wall,wall_7113,W/CW/7113-129.jpg,"[0, 0, 256, 256]",1.0,sdnet_tile,wall
retak/wall_7113-132.jpg,1,retak,test_wall,wall,wall_7113,W/CW/7113-132.jpg,"[0, 0, 256, 256]",1.0,sdnet_tile,wall
retak/wall_7113-134.jpg,1,retak,test_wall,wall,wall_7113,W/CW/7113-134.jpg,"[0, 0, 256, 256]",1.0,sdnet_tile,wall
retak/wall_7113-141.jpg,1,retak,test_wall,wall,wall_7113,W/CW/7113-141.jpg,"[0, 0, 256, 256]",1.0,sdnet_tile,wall
retak/wall_7113-172.jpg,1,retak,test_wall,wall,wall_7113,W/CW/7113-172.jpg,"[0, 0, 256, 256]",1.0,sdnet_tile,wall
retak/wall_7113-176.jpg,1,retak,test_wall,wall,wall_7113,W/CW/7113-176.jpg,"[0, 0, 256, 256]",1.0,sdnet_tile,wall
retak/wall_7113-64.jpg,1,retak,test_wall,wall,wall_7113,W/CW/7113-64.jpg,"[0, 0, 256, 256]",1.0,sdnet_tile,wall
retak/wall_7113-69.jpg,1,retak,test_wall,wall,wall_7113,W/CW/7113-69.jpg,"[0, 0, 256, 256]",1.0,sdnet_tile,wall
retak/wall_7114-114.jpg,1,retak,test_wall,wall,wall_7114,W/CW/7114-114.jpg,"[0, 0, 256, 256]",1.0,sdnet_tile,wall
retak/wall_7114-117.jpg,1,retak,test_wall,wall,wall_7114,W/CW/7114-117.jpg,"[0, 0, 256, 256]",1.0,sdnet_tile,wall
retak/wall_7114-130.jpg,1,retak,test_wall,wall,wall_7114,W/CW/7114-130.jpg,"[0, 0, 256, 256]",1.0,sdnet_tile,wall
retak/wall_7114-136.jpg,1,retak,test_wall,wall,wall_7114,W/CW/7114-136.jpg,"[0, 0, 256, 256]",1.0,sdnet_tile,wall
retak/wall_7114-150.jpg,1,retak,test_wall,wall,wall_7114,W/CW/7114-150.jpg,"[0, 0, 256, 256]",1.0,sdnet_tile,wall
retak/wall_7114-154.jpg,1,retak,test_wall,wall,wall_7114,W/CW/7114-154.jpg,"[0, 0, 256, 256]",1.0,sdnet_tile,wall
retak/wall_7114-191.jpg,1,retak,test_wall,wall,wall_7114,W/CW/7114-191.jpg,"[0, 0, 256, 256]",1.0,sdnet_tile,wall
retak/wall_7114-210.jpg,1,retak,test_wall,wall,wall_7114,W/CW/7114-210.jpg,"[0, 0, 256, 256]",1.0,sdnet_tile,wall
retak/wall_7114-40.jpg,1,retak,test_wall,wall,wall_7114,W/CW/7114-40.jpg,"[0, 0, 256, 256]",1.0,sdnet_tile,wall
retak/wall_7114-7.jpg,1,retak,test_wall,wall,wall_7114,W/CW/7114-7.jpg,"[0, 0, 256, 256]",1.0,sdnet_tile,wall
retak/wall_7114-8.jpg,1,retak,test_wall,wall,wall_7114,W/CW/7114-8.jpg,"[0, 0, 256, 256]",1.0,sdnet_tile,wall
retak/wall_7115-104.jpg,1,retak,test_wall,wall,wall_7115,W/CW/7115-104.jpg,"[0, 0, 256, 256]",1.0,sdnet_tile,wall
retak/wall_7115-12.jpg,1,retak,test_wall,wall,wall_7115,W/CW/7115-12.jpg,"[0, 0, 256, 256]",1.0,sdnet_tile,wall
retak/wall_7115-120.jpg,1,retak,test_wall,wall,wall_7115,W/CW/7115-120.jpg,"[0, 0, 256, 256]",1.0,sdnet_tile,wall
retak/wall_7115-173.jpg,1,retak,test_wall,wall,wall_7115,W/CW/7115-173.jpg,"[0, 0, 256, 256]",1.0,sdnet_tile,wall
retak/wall_7115-193.jpg,1,retak,test_wall,wall,wall_7115,W/CW/7115-193.jpg,"[0, 0, 256, 256]",1.0,sdnet_tile,wall
retak/wall_7115-26.jpg,1,retak,test_wall,wall,wall_7115,W/CW/7115-26.jpg,"[0, 0, 256, 256]",1.0,sdnet_tile,wall
retak/wall_7115-60.jpg,1,retak,test_wall,wall,wall_7115,W/CW/7115-60.jpg,"[0, 0, 256, 256]",1.0,sdnet_tile,wall
retak/wall_7115-77.jpg,1,retak,test_wall,wall,wall_7115,W/CW/7115-77.jpg,"[0, 0, 256, 256]",1.0,sdnet_tile,wall
retak/wall_7115-80.jpg,1,retak,test_wall,wall,wall_7115,W/CW/7115-80.jpg,"[0, 0, 256, 256]",1.0,sdnet_tile,wall
retak/wall_7115-81.jpg,1,retak,test_wall,wall,wall_7115,W/CW/7115-81.jpg,"[0, 0, 256, 256]",1.0,sdnet_tile,wall
retak/wall_7115-88.jpg,1,retak,test_wall,wall,wall_7115,W/CW/7115-88.jpg,"[0, 0, 256, 256]",1.0,sdnet_tile,wall
retak/wall_7116-116.jpg,1,retak,test_wall,wall,wall_7116,W/CW/7116-116.jpg,"[0, 0, 256, 256]",1.0,sdnet_tile,wall
retak/wall_7116-136.jpg,1,retak,test_wall,wall,wall_7116,W/CW/7116-136.jpg,"[0, 0, 256, 256]",1.0,sdnet_tile,wall
retak/wall_7116-192.jpg,1,retak,test_wall,wall,wall_7116,W/CW/7116-192.jpg,"[0, 0, 256, 256]",1.0,sdnet_tile,wall
retak/wall_7116-193.jpg,1,retak,test_wall,wall,wall_7116,W/CW/7116-193.jpg,"[0, 0, 256, 256]",1.0,sdnet_tile,wall
retak/wall_7116-239.jpg,1,retak,test_wall,wall,wall_7116,W/CW/7116-239.jpg,"[0, 0, 256, 256]",1.0,sdnet_tile,wall
retak/wall_7116-4.jpg,1,retak,test_wall,wall,wall_7116,W/CW/7116-4.jpg,"[0, 0, 256, 256]",1.0,sdnet_tile,wall
retak/wall_7116-40.jpg,1,retak,test_wall,wall,wall_7116,W/CW/7116-40.jpg,"[0, 0, 256, 256]",1.0,sdnet_tile,wall
retak/wall_7116-56.jpg,1,retak,test_wall,wall,wall_7116,W/CW/7116-56.jpg,"[0, 0, 256, 256]",1.0,sdnet_tile,wall
retak/wall_7116-62.jpg,1,retak,test_wall,wall,wall_7116,W/CW/7116-62.jpg,"[0, 0, 256, 256]",1.0,sdnet_tile,wall
retak/wall_7116-92.jpg,1,retak,test_wall,wall,wall_7116,W/CW/7116-92.jpg,"[0, 0, 256, 256]",1.0,sdnet_tile,wall
retak/wall_7116-96.jpg,1,retak,test_wall,wall,wall_7116,W/CW/7116-96.jpg,"[0, 0, 256, 256]",1.0,sdnet_tile,wall
retak/wall_7117-116.jpg,1,retak,test_wall,wall,wall_7117,W/CW/7117-116.jpg,"[0, 0, 256, 256]",1.0,sdnet_tile,wall
retak/wall_7117-152.jpg,1,retak,test_wall,wall,wall_7117,W/CW/7117-152.jpg,"[0, 0, 256, 256]",1.0,sdnet_tile,wall
retak/wall_7117-165.jpg,1,retak,test_wall,wall,wall_7117,W/CW/7117-165.jpg,"[0, 0, 256, 256]",1.0,sdnet_tile,wall
retak/wall_7117-24.jpg,1,retak,test_wall,wall,wall_7117,W/CW/7117-24.jpg,"[0, 0, 256, 256]",1.0,sdnet_tile,wall
retak/wall_7117-34.jpg,1,retak,test_wall,wall,wall_7117,W/CW/7117-34.jpg,"[0, 0, 256, 256]",1.0,sdnet_tile,wall
retak/wall_7117-35.jpg,1,retak,test_wall,wall,wall_7117,W/CW/7117-35.jpg,"[0, 0, 256, 256]",1.0,sdnet_tile,wall
retak/wall_7117-42.jpg,1,retak,test_wall,wall,wall_7117,W/CW/7117-42.jpg,"[0, 0, 256, 256]",1.0,sdnet_tile,wall
retak/wall_7117-52.jpg,1,retak,test_wall,wall,wall_7117,W/CW/7117-52.jpg,"[0, 0, 256, 256]",1.0,sdnet_tile,wall
retak/wall_7117-58.jpg,1,retak,test_wall,wall,wall_7117,W/CW/7117-58.jpg,"[0, 0, 256, 256]",1.0,sdnet_tile,wall
retak/wall_7117-60.jpg,1,retak,test_wall,wall,wall_7117,W/CW/7117-60.jpg,"[0, 0, 256, 256]",1.0,sdnet_tile,wall
retak/wall_7117-79.jpg,1,retak,test_wall,wall,wall_7117,W/CW/7117-79.jpg,"[0, 0, 256, 256]",1.0,sdnet_tile,wall
retak/wall_7118-134.jpg,1,retak,test_wall,wall,wall_7118,W/CW/7118-134.jpg,"[0, 0, 256, 256]",1.0,sdnet_tile,wall
retak/wall_7118-153.jpg,1,retak,test_wall,wall,wall_7118,W/CW/7118-153.jpg,"[0, 0, 256, 256]",1.0,sdnet_tile,wall
retak/wall_7118-161.jpg,1,retak,test_wall,wall,wall_7118,W/CW/7118-161.jpg,"[0, 0, 256, 256]",1.0,sdnet_tile,wall
retak/wall_7118-162.jpg,1,retak,test_wall,wall,wall_7118,W/CW/7118-162.jpg,"[0, 0, 256, 256]",1.0,sdnet_tile,wall
retak/wall_7118-207.jpg,1,retak,test_wall,wall,wall_7118,W/CW/7118-207.jpg,"[0, 0, 256, 256]",1.0,sdnet_tile,wall
retak/wall_7118-243.jpg,1,retak,test_wall,wall,wall_7118,W/CW/7118-243.jpg,"[0, 0, 256, 256]",1.0,sdnet_tile,wall
retak/wall_7118-27.jpg,1,retak,test_wall,wall,wall_7118,W/CW/7118-27.jpg,"[0, 0, 256, 256]",1.0,sdnet_tile,wall
retak/wall_7118-51.jpg,1,retak,test_wall,wall,wall_7118,W/CW/7118-51.jpg,"[0, 0, 256, 256]",1.0,sdnet_tile,wall
retak/wall_7118-8.jpg,1,retak,test_wall,wall,wall_7118,W/CW/7118-8.jpg,"[0, 0, 256, 256]",1.0,sdnet_tile,wall
retak/wall_7118-87.jpg,1,retak,test_wall,wall,wall_7118,W/CW/7118-87.jpg,"[0, 0, 256, 256]",1.0,sdnet_tile,wall
retak/wall_7118-97.jpg,1,retak,test_wall,wall,wall_7118,W/CW/7118-97.jpg,"[0, 0, 256, 256]",1.0,sdnet_tile,wall
retak/wall_7119-122.jpg,1,retak,test_wall,wall,wall_7119,W/CW/7119-122.jpg,"[0, 0, 256, 256]",1.0,sdnet_tile,wall
retak/wall_7119-158.jpg,1,retak,test_wall,wall,wall_7119,W/CW/7119-158.jpg,"[0, 0, 256, 256]",1.0,sdnet_tile,wall
retak/wall_7119-165.jpg,1,retak,test_wall,wall,wall_7119,W/CW/7119-165.jpg,"[0, 0, 256, 256]",1.0,sdnet_tile,wall
retak/wall_7119-169.jpg,1,retak,test_wall,wall,wall_7119,W/CW/7119-169.jpg,"[0, 0, 256, 256]",1.0,sdnet_tile,wall
retak/wall_7119-172.jpg,1,retak,test_wall,wall,wall_7119,W/CW/7119-172.jpg,"[0, 0, 256, 256]",1.0,sdnet_tile,wall
retak/wall_7119-228.jpg,1,retak,test_wall,wall,wall_7119,W/CW/7119-228.jpg,"[0, 0, 256, 256]",1.0,sdnet_tile,wall
retak/wall_7119-23.jpg,1,retak,test_wall,wall,wall_7119,W/CW/7119-23.jpg,"[0, 0, 256, 256]",1.0,sdnet_tile,wall
retak/wall_7119-245.jpg,1,retak,test_wall,wall,wall_7119,W/CW/7119-245.jpg,"[0, 0, 256, 256]",1.0,sdnet_tile,wall
retak/wall_7119-41.jpg,1,retak,test_wall,wall,wall_7119,W/CW/7119-41.jpg,"[0, 0, 256, 256]",1.0,sdnet_tile,wall
retak/wall_7119-59.jpg,1,retak,test_wall,wall,wall_7119,W/CW/7119-59.jpg,"[0, 0, 256, 256]",1.0,sdnet_tile,wall
retak/wall_7119-80.jpg,1,retak,test_wall,wall,wall_7119,W/CW/7119-80.jpg,"[0, 0, 256, 256]",1.0,sdnet_tile,wall
retak/wall_7120-104.jpg,1,retak,test_wall,wall,wall_7120,W/CW/7120-104.jpg,"[0, 0, 256, 256]",1.0,sdnet_tile,wall
retak/wall_7120-154.jpg,1,retak,test_wall,wall,wall_7120,W/CW/7120-154.jpg,"[0, 0, 256, 256]",1.0,sdnet_tile,wall
retak/wall_7120-190.jpg,1,retak,test_wall,wall,wall_7120,W/CW/7120-190.jpg,"[0, 0, 256, 256]",1.0,sdnet_tile,wall
retak/wall_7120-191.jpg,1,retak,test_wall,wall,wall_7120,W/CW/7120-191.jpg,"[0, 0, 256, 256]",1.0,sdnet_tile,wall
retak/wall_7120-208.jpg,1,retak,test_wall,wall,wall_7120,W/CW/7120-208.jpg,"[0, 0, 256, 256]",1.0,sdnet_tile,wall
retak/wall_7120-22.jpg,1,retak,test_wall,wall,wall_7120,W/CW/7120-22.jpg,"[0, 0, 256, 256]",1.0,sdnet_tile,wall
retak/wall_7120-24.jpg,1,retak,test_wall,wall,wall_7120,W/CW/7120-24.jpg,"[0, 0, 256, 256]",1.0,sdnet_tile,wall
retak/wall_7120-45.jpg,1,retak,test_wall,wall,wall_7120,W/CW/7120-45.jpg,"[0, 0, 256, 256]",1.0,sdnet_tile,wall
retak/wall_7120-6.jpg,1,retak,test_wall,wall,wall_7120,W/CW/7120-6.jpg,"[0, 0, 256, 256]",1.0,sdnet_tile,wall
retak/wall_7120-64.jpg,1,retak,test_wall,wall,wall_7120,W/CW/7120-64.jpg,"[0, 0, 256, 256]",1.0,sdnet_tile,wall
retak/wall_7120-82.jpg,1,retak,test_wall,wall,wall_7120,W/CW/7120-82.jpg,"[0, 0, 256, 256]",1.0,sdnet_tile,wall
retak/wall_7121-100.jpg,1,retak,test_wall,wall,wall_7121,W/CW/7121-100.jpg,"[0, 0, 256, 256]",1.0,sdnet_tile,wall
retak/wall_7121-214.jpg,1,retak,test_wall,wall,wall_7121,W/CW/7121-214.jpg,"[0, 0, 256, 256]",1.0,sdnet_tile,wall
retak/wall_7121-215.jpg,1,retak,test_wall,wall,wall_7121,W/CW/7121-215.jpg,"[0, 0, 256, 256]",1.0,sdnet_tile,wall
retak/wall_7121-226.jpg,1,retak,test_wall,wall,wall_7121,W/CW/7121-226.jpg,"[0, 0, 256, 256]",1.0,sdnet_tile,wall
retak/wall_7121-227.jpg,1,retak,test_wall,wall,wall_7121,W/CW/7121-227.jpg,"[0, 0, 256, 256]",1.0,sdnet_tile,wall
retak/wall_7121-234.jpg,1,retak,test_wall,wall,wall_7121,W/CW/7121-234.jpg,"[0, 0, 256, 256]",1.0,sdnet_tile,wall
retak/wall_7121-244.jpg,1,retak,test_wall,wall,wall_7121,W/CW/7121-244.jpg,"[0, 0, 256, 256]",1.0,sdnet_tile,wall
retak/wall_7121-29.jpg,1,retak,test_wall,wall,wall_7121,W/CW/7121-29.jpg,"[0, 0, 256, 256]",1.0,sdnet_tile,wall
retak/wall_7121-64.jpg,1,retak,test_wall,wall,wall_7121,W/CW/7121-64.jpg,"[0, 0, 256, 256]",1.0,sdnet_tile,wall
retak/wall_7121-9.jpg,1,retak,test_wall,wall,wall_7121,W/CW/7121-9.jpg,"[0, 0, 256, 256]",1.0,sdnet_tile,wall
retak/wall_7121-98.jpg,1,retak,test_wall,wall,wall_7121,W/CW/7121-98.jpg,"[0, 0, 256, 256]",1.0,sdnet_tile,wall
retak/wall_7122-10.jpg,1,retak,test_wall,wall,wall_7122,W/CW/7122-10.jpg,"[0, 0, 256, 256]",1.0,sdnet_tile,wall
retak/wall_7122-142.jpg,1,retak,test_wall,wall,wall_7122,W/CW/7122-142.jpg,"[0, 0, 256, 256]",1.0,sdnet_tile,wall
retak/wall_7122-156.jpg,1,retak,test_wall,wall,wall_7122,W/CW/7122-156.jpg,"[0, 0, 256, 256]",1.0,sdnet_tile,wall
retak/wall_7122-168.jpg,1,retak,test_wall,wall,wall_7122,W/CW/7122-168.jpg,"[0, 0, 256, 256]",1.0,sdnet_tile,wall
retak/wall_7122-193.jpg,1,retak,test_wall,wall,wall_7122,W/CW/7122-193.jpg,"[0, 0, 256, 256]",1.0,sdnet_tile,wall
retak/wall_7122-204.jpg,1,retak,test_wall,wall,wall_7122,W/CW/7122-204.jpg,"[0, 0, 256, 256]",1.0,sdnet_tile,wall
retak/wall_7122-249.jpg,1,retak,test_wall,wall,wall_7122,W/CW/7122-249.jpg,"[0, 0, 256, 256]",1.0,sdnet_tile,wall
retak/wall_7122-28.jpg,1,retak,test_wall,wall,wall_7122,W/CW/7122-28.jpg,"[0, 0, 256, 256]",1.0,sdnet_tile,wall
retak/wall_7122-43.jpg,1,retak,test_wall,wall,wall_7122,W/CW/7122-43.jpg,"[0, 0, 256, 256]",1.0,sdnet_tile,wall
retak/wall_7122-60.jpg,1,retak,test_wall,wall,wall_7122,W/CW/7122-60.jpg,"[0, 0, 256, 256]",1.0,sdnet_tile,wall
retak/wall_7122-62.jpg,1,retak,test_wall,wall,wall_7122,W/CW/7122-62.jpg,"[0, 0, 256, 256]",1.0,sdnet_tile,wall
retak/wall_7123-12.jpg,1,retak,test_wall,wall,wall_7123,W/CW/7123-12.jpg,"[0, 0, 256, 256]",1.0,sdnet_tile,wall
retak/wall_7123-120.jpg,1,retak,test_wall,wall,wall_7123,W/CW/7123-120.jpg,"[0, 0, 256, 256]",1.0,sdnet_tile,wall
retak/wall_7123-147.jpg,1,retak,test_wall,wall,wall_7123,W/CW/7123-147.jpg,"[0, 0, 256, 256]",1.0,sdnet_tile,wall
retak/wall_7123-153.jpg,1,retak,test_wall,wall,wall_7123,W/CW/7123-153.jpg,"[0, 0, 256, 256]",1.0,sdnet_tile,wall
retak/wall_7123-174.jpg,1,retak,test_wall,wall,wall_7123,W/CW/7123-174.jpg,"[0, 0, 256, 256]",1.0,sdnet_tile,wall
retak/wall_7123-175.jpg,1,retak,test_wall,wall,wall_7123,W/CW/7123-175.jpg,"[0, 0, 256, 256]",1.0,sdnet_tile,wall
retak/wall_7123-237.jpg,1,retak,test_wall,wall,wall_7123,W/CW/7123-237.jpg,"[0, 0, 256, 256]",1.0,sdnet_tile,wall
retak/wall_7123-30.jpg,1,retak,test_wall,wall,wall_7123,W/CW/7123-30.jpg,"[0, 0, 256, 256]",1.0,sdnet_tile,wall
retak/wall_7123-6.jpg,1,retak,test_wall,wall,wall_7123,W/CW/7123-6.jpg,"[0, 0, 256, 256]",1.0,sdnet_tile,wall
retak/wall_7123-84.jpg,1,retak,test_wall,wall,wall_7123,W/CW/7123-84.jpg,"[0, 0, 256, 256]",1.0,sdnet_tile,wall
retak/wall_7123-95.jpg,1,retak,test_wall,wall,wall_7123,W/CW/7123-95.jpg,"[0, 0, 256, 256]",1.0,sdnet_tile,wall
retak/wall_7124-113.jpg,1,retak,test_wall,wall,wall_7124,W/CW/7124-113.jpg,"[0, 0, 256, 256]",1.0,sdnet_tile,wall
retak/wall_7124-122.jpg,1,retak,test_wall,wall,wall_7124,W/CW/7124-122.jpg,"[0, 0, 256, 256]",1.0,sdnet_tile,wall
retak/wall_7124-127.jpg,1,retak,test_wall,wall,wall_7124,W/CW/7124-127.jpg,"[0, 0, 256, 256]",1.0,sdnet_tile,wall
retak/wall_7124-167.jpg,1,retak,test_wall,wall,wall_7124,W/CW/7124-167.jpg,"[0, 0, 256, 256]",1.0,sdnet_tile,wall
retak/wall_7124-175.jpg,1,retak,test_wall,wall,wall_7124,W/CW/7124-175.jpg,"[0, 0, 256, 256]",1.0,sdnet_tile,wall
retak/wall_7124-176.jpg,1,retak,test_wall,wall,wall_7124,W/CW/7124-176.jpg,"[0, 0, 256, 256]",1.0,sdnet_tile,wall
retak/wall_7124-218.jpg,1,retak,test_wall,wall,wall_7124,W/CW/7124-218.jpg,"[0, 0, 256, 256]",1.0,sdnet_tile,wall
retak/wall_7124-231.jpg,1,retak,test_wall,wall,wall_7124,W/CW/7124-231.jpg,"[0, 0, 256, 256]",1.0,sdnet_tile,wall
retak/wall_7124-242.jpg,1,retak,test_wall,wall,wall_7124,W/CW/7124-242.jpg,"[0, 0, 256, 256]",1.0,sdnet_tile,wall
retak/wall_7124-39.jpg,1,retak,test_wall,wall,wall_7124,W/CW/7124-39.jpg,"[0, 0, 256, 256]",1.0,sdnet_tile,wall
retak/wall_7124-75.jpg,1,retak,test_wall,wall,wall_7124,W/CW/7124-75.jpg,"[0, 0, 256, 256]",1.0,sdnet_tile,wall
retak/wall_7125-114.jpg,1,retak,test_wall,wall,wall_7125,W/CW/7125-114.jpg,"[0, 0, 256, 256]",1.0,sdnet_tile,wall
retak/wall_7125-119.jpg,1,retak,test_wall,wall,wall_7125,W/CW/7125-119.jpg,"[0, 0, 256, 256]",1.0,sdnet_tile,wall
retak/wall_7125-137.jpg,1,retak,test_wall,wall,wall_7125,W/CW/7125-137.jpg,"[0, 0, 256, 256]",1.0,sdnet_tile,wall
retak/wall_7125-147.jpg,1,retak,test_wall,wall,wall_7125,W/CW/7125-147.jpg,"[0, 0, 256, 256]",1.0,sdnet_tile,wall
retak/wall_7125-155.jpg,1,retak,test_wall,wall,wall_7125,W/CW/7125-155.jpg,"[0, 0, 256, 256]",1.0,sdnet_tile,wall
retak/wall_7125-205.jpg,1,retak,test_wall,wall,wall_7125,W/CW/7125-205.jpg,"[0, 0, 256, 256]",1.0,sdnet_tile,wall
retak/wall_7125-240.jpg,1,retak,test_wall,wall,wall_7125,W/CW/7125-240.jpg,"[0, 0, 256, 256]",1.0,sdnet_tile,wall
retak/wall_7125-35.jpg,1,retak,test_wall,wall,wall_7125,W/CW/7125-35.jpg,"[0, 0, 256, 256]",1.0,sdnet_tile,wall
retak/wall_7125-41.jpg,1,retak,test_wall,wall,wall_7125,W/CW/7125-41.jpg,"[0, 0, 256, 256]",1.0,sdnet_tile,wall
retak/wall_7125-57.jpg,1,retak,test_wall,wall,wall_7125,W/CW/7125-57.jpg,"[0, 0, 256, 256]",1.0,sdnet_tile,wall
retak/wall_7125-79.jpg,1,retak,test_wall,wall,wall_7125,W/CW/7125-79.jpg,"[0, 0, 256, 256]",1.0,sdnet_tile,wall
retak/wall_7126-137.jpg,1,retak,test_wall,wall,wall_7126,W/CW/7126-137.jpg,"[0, 0, 256, 256]",1.0,sdnet_tile,wall
retak/wall_7126-183.jpg,1,retak,test_wall,wall,wall_7126,W/CW/7126-183.jpg,"[0, 0, 256, 256]",1.0,sdnet_tile,wall
retak/wall_7126-184.jpg,1,retak,test_wall,wall,wall_7126,W/CW/7126-184.jpg,"[0, 0, 256, 256]",1.0,sdnet_tile,wall
retak/wall_7126-201.jpg,1,retak,test_wall,wall,wall_7126,W/CW/7126-201.jpg,"[0, 0, 256, 256]",1.0,sdnet_tile,wall
retak/wall_7126-228.jpg,1,retak,test_wall,wall,wall_7126,W/CW/7126-228.jpg,"[0, 0, 256, 256]",1.0,sdnet_tile,wall
retak/wall_7126-23.jpg,1,retak,test_wall,wall,wall_7126,W/CW/7126-23.jpg,"[0, 0, 256, 256]",1.0,sdnet_tile,wall
retak/wall_7126-246.jpg,1,retak,test_wall,wall,wall_7126,W/CW/7126-246.jpg,"[0, 0, 256, 256]",1.0,sdnet_tile,wall
retak/wall_7126-26.jpg,1,retak,test_wall,wall,wall_7126,W/CW/7126-26.jpg,"[0, 0, 256, 256]",1.0,sdnet_tile,wall
retak/wall_7126-58.jpg,1,retak,test_wall,wall,wall_7126,W/CW/7126-58.jpg,"[0, 0, 256, 256]",1.0,sdnet_tile,wall
retak/wall_7126-76.jpg,1,retak,test_wall,wall,wall_7126,W/CW/7126-76.jpg,"[0, 0, 256, 256]",1.0,sdnet_tile,wall
retak/wall_7126-81.jpg,1,retak,test_wall,wall,wall_7126,W/CW/7126-81.jpg,"[0, 0, 256, 256]",1.0,sdnet_tile,wall
retak/wall_7127-1.jpg,1,retak,test_wall,wall,wall_7127,W/CW/7127-1.jpg,"[0, 0, 256, 256]",1.0,sdnet_tile,wall
retak/wall_7127-114.jpg,1,retak,test_wall,wall,wall_7127,W/CW/7127-114.jpg,"[0, 0, 256, 256]",1.0,sdnet_tile,wall
retak/wall_7127-115.jpg,1,retak,test_wall,wall,wall_7127,W/CW/7127-115.jpg,"[0, 0, 256, 256]",1.0,sdnet_tile,wall
retak/wall_7127-166.jpg,1,retak,test_wall,wall,wall_7127,W/CW/7127-166.jpg,"[0, 0, 256, 256]",1.0,sdnet_tile,wall
retak/wall_7127-167.jpg,1,retak,test_wall,wall,wall_7127,W/CW/7127-167.jpg,"[0, 0, 256, 256]",1.0,sdnet_tile,wall
retak/wall_7127-201.jpg,1,retak,test_wall,wall,wall_7127,W/CW/7127-201.jpg,"[0, 0, 256, 256]",1.0,sdnet_tile,wall
retak/wall_7127-218.jpg,1,retak,test_wall,wall,wall_7127,W/CW/7127-218.jpg,"[0, 0, 256, 256]",1.0,sdnet_tile,wall
retak/wall_7127-22.jpg,1,retak,test_wall,wall,wall_7127,W/CW/7127-22.jpg,"[0, 0, 256, 256]",1.0,sdnet_tile,wall
retak/wall_7127-24.jpg,1,retak,test_wall,wall,wall_7127,W/CW/7127-24.jpg,"[0, 0, 256, 256]",1.0,sdnet_tile,wall
retak/wall_7127-58.jpg,1,retak,test_wall,wall,wall_7127,W/CW/7127-58.jpg,"[0, 0, 256, 256]",1.0,sdnet_tile,wall
retak/wall_7127-8.jpg,1,retak,test_wall,wall,wall_7127,W/CW/7127-8.jpg,"[0, 0, 256, 256]",1.0,sdnet_tile,wall
retak/wall_7128-116.jpg,1,retak,test_wall,wall,wall_7128,W/CW/7128-116.jpg,"[0, 0, 256, 256]",1.0,sdnet_tile,wall
retak/wall_7128-153.jpg,1,retak,test_wall,wall,wall_7128,W/CW/7128-153.jpg,"[0, 0, 256, 256]",1.0,sdnet_tile,wall
retak/wall_7128-170.jpg,1,retak,test_wall,wall,wall_7128,W/CW/7128-170.jpg,"[0, 0, 256, 256]",1.0,sdnet_tile,wall
retak/wall_7128-188.jpg,1,retak,test_wall,wall,wall_7128,W/CW/7128-188.jpg,"[0, 0, 256, 256]",1.0,sdnet_tile,wall
retak/wall_7128-206.jpg,1,retak,test_wall,wall,wall_7128,W/CW/7128-206.jpg,"[0, 0, 256, 256]",1.0,sdnet_tile,wall
retak/wall_7128-224.jpg,1,retak,test_wall,wall,wall_7128,W/CW/7128-224.jpg,"[0, 0, 256, 256]",1.0,sdnet_tile,wall
retak/wall_7128-241.jpg,1,retak,test_wall,wall,wall_7128,W/CW/7128-241.jpg,"[0, 0, 256, 256]",1.0,sdnet_tile,wall
retak/wall_7128-26.jpg,1,retak,test_wall,wall,wall_7128,W/CW/7128-26.jpg,"[0, 0, 256, 256]",1.0,sdnet_tile,wall
retak/wall_7128-44.jpg,1,retak,test_wall,wall,wall_7128,W/CW/7128-44.jpg,"[0, 0, 256, 256]",1.0,sdnet_tile,wall
retak/wall_7128-62.jpg,1,retak,test_wall,wall,wall_7128,W/CW/7128-62.jpg,"[0, 0, 256, 256]",1.0,sdnet_tile,wall
retak/wall_7128-98.jpg,1,retak,test_wall,wall,wall_7128,W/CW/7128-98.jpg,"[0, 0, 256, 256]",1.0,sdnet_tile,wall
retak/wall_7129-10.jpg,1,retak,test_wall,wall,wall_7129,W/CW/7129-10.jpg,"[0, 0, 256, 256]",1.0,sdnet_tile,wall
retak/wall_7129-100.jpg,1,retak,test_wall,wall,wall_7129,W/CW/7129-100.jpg,"[0, 0, 256, 256]",1.0,sdnet_tile,wall
retak/wall_7129-117.jpg,1,retak,test_wall,wall,wall_7129,W/CW/7129-117.jpg,"[0, 0, 256, 256]",1.0,sdnet_tile,wall
retak/wall_7129-223.jpg,1,retak,test_wall,wall,wall_7129,W/CW/7129-223.jpg,"[0, 0, 256, 256]",1.0,sdnet_tile,wall
retak/wall_7129-224.jpg,1,retak,test_wall,wall,wall_7129,W/CW/7129-224.jpg,"[0, 0, 256, 256]",1.0,sdnet_tile,wall
retak/wall_7129-27.jpg,1,retak,test_wall,wall,wall_7129,W/CW/7129-27.jpg,"[0, 0, 256, 256]",1.0,sdnet_tile,wall
retak/wall_7129-40.jpg,1,retak,test_wall,wall,wall_7129,W/CW/7129-40.jpg,"[0, 0, 256, 256]",1.0,sdnet_tile,wall
retak/wall_7129-45.jpg,1,retak,test_wall,wall,wall_7129,W/CW/7129-45.jpg,"[0, 0, 256, 256]",1.0,sdnet_tile,wall
retak/wall_7129-63.jpg,1,retak,test_wall,wall,wall_7129,W/CW/7129-63.jpg,"[0, 0, 256, 256]",1.0,sdnet_tile,wall
retak/wall_7129-82.jpg,1,retak,test_wall,wall,wall_7129,W/CW/7129-82.jpg,"[0, 0, 256, 256]",1.0,sdnet_tile,wall
retak/wall_7129-9.jpg,1,retak,test_wall,wall,wall_7129,W/CW/7129-9.jpg,"[0, 0, 256, 256]",1.0,sdnet_tile,wall
retak/wall_7130-115.jpg,1,retak,test_wall,wall,wall_7130,W/CW/7130-115.jpg,"[0, 0, 256, 256]",1.0,sdnet_tile,wall
retak/wall_7130-18.jpg,1,retak,test_wall,wall,wall_7130,W/CW/7130-18.jpg,"[0, 0, 256, 256]",1.0,sdnet_tile,wall
retak/wall_7130-186.jpg,1,retak,test_wall,wall,wall_7130,W/CW/7130-186.jpg,"[0, 0, 256, 256]",1.0,sdnet_tile,wall
retak/wall_7130-187.jpg,1,retak,test_wall,wall,wall_7130,W/CW/7130-187.jpg,"[0, 0, 256, 256]",1.0,sdnet_tile,wall
retak/wall_7130-204.jpg,1,retak,test_wall,wall,wall_7130,W/CW/7130-204.jpg,"[0, 0, 256, 256]",1.0,sdnet_tile,wall
retak/wall_7130-222.jpg,1,retak,test_wall,wall,wall_7130,W/CW/7130-222.jpg,"[0, 0, 256, 256]",1.0,sdnet_tile,wall
retak/wall_7130-240.jpg,1,retak,test_wall,wall,wall_7130,W/CW/7130-240.jpg,"[0, 0, 256, 256]",1.0,sdnet_tile,wall
retak/wall_7130-36.jpg,1,retak,test_wall,wall,wall_7130,W/CW/7130-36.jpg,"[0, 0, 256, 256]",1.0,sdnet_tile,wall
retak/wall_7130-41.jpg,1,retak,test_wall,wall,wall_7130,W/CW/7130-41.jpg,"[0, 0, 256, 256]",1.0,sdnet_tile,wall
retak/wall_7130-80.jpg,1,retak,test_wall,wall,wall_7130,W/CW/7130-80.jpg,"[0, 0, 256, 256]",1.0,sdnet_tile,wall
retak/wall_7130-98.jpg,1,retak,test_wall,wall,wall_7130,W/CW/7130-98.jpg,"[0, 0, 256, 256]",1.0,sdnet_tile,wall
retak/wall_7131-102.jpg,1,retak,test_wall,wall,wall_7131,W/CW/7131-102.jpg,"[0, 0, 256, 256]",1.0,sdnet_tile,wall
retak/wall_7131-159.jpg,1,retak,test_wall,wall,wall_7131,W/CW/7131-159.jpg,"[0, 0, 256, 256]",1.0,sdnet_tile,wall
retak/wall_7131-167.jpg,1,retak,test_wall,wall,wall_7131,W/CW/7131-167.jpg,"[0, 0, 256, 256]",1.0,sdnet_tile,wall
retak/wall_7131-196.jpg,1,retak,test_wall,wall,wall_7131,W/CW/7131-196.jpg,"[0, 0, 256, 256]",1.0,sdnet_tile,wall
retak/wall_7131-233.jpg,1,retak,test_wall,wall,wall_7131,W/CW/7131-233.jpg,"[0, 0, 256, 256]",1.0,sdnet_tile,wall
retak/wall_7131-237.jpg,1,retak,test_wall,wall,wall_7131,W/CW/7131-237.jpg,"[0, 0, 256, 256]",1.0,sdnet_tile,wall
retak/wall_7131-251.jpg,1,retak,test_wall,wall,wall_7131,W/CW/7131-251.jpg,"[0, 0, 256, 256]",1.0,sdnet_tile,wall
retak/wall_7131-62.jpg,1,retak,test_wall,wall,wall_7131,W/CW/7131-62.jpg,"[0, 0, 256, 256]",1.0,sdnet_tile,wall
retak/wall_7131-67.jpg,1,retak,test_wall,wall,wall_7131,W/CW/7131-67.jpg,"[0, 0, 256, 256]",1.0,sdnet_tile,wall
retak/wall_7131-79.jpg,1,retak,test_wall,wall,wall_7131,W/CW/7131-79.jpg,"[0, 0, 256, 256]",1.0,sdnet_tile,wall
retak/wall_7131-98.jpg,1,retak,test_wall,wall,wall_7131,W/CW/7131-98.jpg,"[0, 0, 256, 256]",1.0,sdnet_tile,wall
retak/wall_7132-117.jpg,1,retak,test_wall,wall,wall_7132,W/CW/7132-117.jpg,"[0, 0, 256, 256]",1.0,sdnet_tile,wall
retak/wall_7132-154.jpg,1,retak,test_wall,wall,wall_7132,W/CW/7132-154.jpg,"[0, 0, 256, 256]",1.0,sdnet_tile,wall
retak/wall_7132-171.jpg,1,retak,test_wall,wall,wall_7132,W/CW/7132-171.jpg,"[0, 0, 256, 256]",1.0,sdnet_tile,wall
retak/wall_7132-189.jpg,1,retak,test_wall,wall,wall_7132,W/CW/7132-189.jpg,"[0, 0, 256, 256]",1.0,sdnet_tile,wall
retak/wall_7132-190.jpg,1,retak,test_wall,wall,wall_7132,W/CW/7132-190.jpg,"[0, 0, 256, 256]",1.0,sdnet_tile,wall
retak/wall_7132-207.jpg,1,retak,test_wall,wall,wall_7132,W/CW/7132-207.jpg,"[0, 0, 256, 256]",1.0,sdnet_tile,wall
retak/wall_7132-208.jpg,1,retak,test_wall,wall,wall_7132,W/CW/7132-208.jpg,"[0, 0, 256, 256]",1.0,sdnet_tile,wall
retak/wall_7132-245.jpg,1,retak,test_wall,wall,wall_7132,W/CW/7132-245.jpg,"[0, 0, 256, 256]",1.0,sdnet_tile,wall
retak/wall_7132-27.jpg,1,retak,test_wall,wall,wall_7132,W/CW/7132-27.jpg,"[0, 0, 256, 256]",1.0,sdnet_tile,wall
retak/wall_7132-8.jpg,1,retak,test_wall,wall,wall_7132,W/CW/7132-8.jpg,"[0, 0, 256, 256]",1.0,sdnet_tile,wall
retak/wall_7132-81.jpg,1,retak,test_wall,wall,wall_7132,W/CW/7132-81.jpg,"[0, 0, 256, 256]",1.0,sdnet_tile,wall
retak/wall_7133-117.jpg,1,retak,test_wall,wall,wall_7133,W/CW/7133-117.jpg,"[0, 0, 256, 256]",1.0,sdnet_tile,wall
retak/wall_7133-135.jpg,1,retak,test_wall,wall,wall_7133,W/CW/7133-135.jpg,"[0, 0, 256, 256]",1.0,sdnet_tile,wall
retak/wall_7133-188.jpg,1,retak,test_wall,wall,wall_7133,W/CW/7133-188.jpg,"[0, 0, 256, 256]",1.0,sdnet_tile,wall
retak/wall_7133-206.jpg,1,retak,test_wall,wall,wall_7133,W/CW/7133-206.jpg,"[0, 0, 256, 256]",1.0,sdnet_tile,wall
retak/wall_7133-224.jpg,1,retak,test_wall,wall,wall_7133,W/CW/7133-224.jpg,"[0, 0, 256, 256]",1.0,sdnet_tile,wall
retak/wall_7133-225.jpg,1,retak,test_wall,wall,wall_7133,W/CW/7133-225.jpg,"[0, 0, 256, 256]",1.0,sdnet_tile,wall
retak/wall_7133-243.jpg,1,retak,test_wall,wall,wall_7133,W/CW/7133-243.jpg,"[0, 0, 256, 256]",1.0,sdnet_tile,wall
retak/wall_7133-27.jpg,1,retak,test_wall,wall,wall_7133,W/CW/7133-27.jpg,"[0, 0, 256, 256]",1.0,sdnet_tile,wall
retak/wall_7133-43.jpg,1,retak,test_wall,wall,wall_7133,W/CW/7133-43.jpg,"[0, 0, 256, 256]",1.0,sdnet_tile,wall
retak/wall_7133-64.jpg,1,retak,test_wall,wall,wall_7133,W/CW/7133-64.jpg,"[0, 0, 256, 256]",1.0,sdnet_tile,wall
retak/wall_7133-81.jpg,1,retak,test_wall,wall,wall_7133,W/CW/7133-81.jpg,"[0, 0, 256, 256]",1.0,sdnet_tile,wall
retak/wall_7134-117.jpg,1,retak,test_wall,wall,wall_7134,W/CW/7134-117.jpg,"[0, 0, 256, 256]",1.0,sdnet_tile,wall
retak/wall_7134-135.jpg,1,retak,test_wall,wall,wall_7134,W/CW/7134-135.jpg,"[0, 0, 256, 256]",1.0,sdnet_tile,wall
retak/wall_7134-137.jpg,1,retak,test_wall,wall,wall_7134,W/CW/7134-137.jpg,"[0, 0, 256, 256]",1.0,sdnet_tile,wall
retak/wall_7134-189.jpg,1,retak,test_wall,wall,wall_7134,W/CW/7134-189.jpg,"[0, 0, 256, 256]",1.0,sdnet_tile,wall
retak/wall_7134-27.jpg,1,retak,test_wall,wall,wall_7134,W/CW/7134-27.jpg,"[0, 0, 256, 256]",1.0,sdnet_tile,wall
retak/wall_7134-45.jpg,1,retak,test_wall,wall,wall_7134,W/CW/7134-45.jpg,"[0, 0, 256, 256]",1.0,sdnet_tile,wall
retak/wall_7134-63.jpg,1,retak,test_wall,wall,wall_7134,W/CW/7134-63.jpg,"[0, 0, 256, 256]",1.0,sdnet_tile,wall
retak/wall_7134-80.jpg,1,retak,test_wall,wall,wall_7134,W/CW/7134-80.jpg,"[0, 0, 256, 256]",1.0,sdnet_tile,wall
retak/wall_7134-81.jpg,1,retak,test_wall,wall,wall_7134,W/CW/7134-81.jpg,"[0, 0, 256, 256]",1.0,sdnet_tile,wall
retak/wall_7134-98.jpg,1,retak,test_wall,wall,wall_7134,W/CW/7134-98.jpg,"[0, 0, 256, 256]",1.0,sdnet_tile,wall
retak/wall_7134-99.jpg,1,retak,test_wall,wall,wall_7134,W/CW/7134-99.jpg,"[0, 0, 256, 256]",1.0,sdnet_tile,wall
retak/wall_7135-10.jpg,1,retak,test_wall,wall,wall_7135,W/CW/7135-10.jpg,"[0, 0, 256, 256]",1.0,sdnet_tile,wall
retak/wall_7135-11.jpg,1,retak,test_wall,wall,wall_7135,W/CW/7135-11.jpg,"[0, 0, 256, 256]",1.0,sdnet_tile,wall
retak/wall_7135-116.jpg,1,retak,test_wall,wall,wall_7135,W/CW/7135-116.jpg,"[0, 0, 256, 256]",1.0,sdnet_tile,wall
retak/wall_7135-134.jpg,1,retak,test_wall,wall,wall_7135,W/CW/7135-134.jpg,"[0, 0, 256, 256]",1.0,sdnet_tile,wall
retak/wall_7135-151.jpg,1,retak,test_wall,wall,wall_7135,W/CW/7135-151.jpg,"[0, 0, 256, 256]",1.0,sdnet_tile,wall
retak/wall_7135-152.jpg,1,retak,test_wall,wall,wall_7135,W/CW/7135-152.jpg,"[0, 0, 256, 256]",1.0,sdnet_tile,wall
retak/wall_7135-222.jpg,1,retak,test_wall,wall,wall_7135,W/CW/7135-222.jpg,"[0, 0, 256, 256]",1.0,sdnet_tile,wall
retak/wall_7135-28.jpg,1,retak,test_wall,wall,wall_7135,W/CW/7135-28.jpg,"[0, 0, 256, 256]",1.0,sdnet_tile,wall
retak/wall_7135-64.jpg,1,retak,test_wall,wall,wall_7135,W/CW/7135-64.jpg,"[0, 0, 256, 256]",1.0,sdnet_tile,wall
retak/wall_7135-67.jpg,1,retak,test_wall,wall,wall_7135,W/CW/7135-67.jpg,"[0, 0, 256, 256]",1.0,sdnet_tile,wall
retak/wall_7135-99.jpg,1,retak,test_wall,wall,wall_7135,W/CW/7135-99.jpg,"[0, 0, 256, 256]",1.0,sdnet_tile,wall
retak/wall_7136-118.jpg,1,retak,test_wall,wall,wall_7136,W/CW/7136-118.jpg,"[0, 0, 256, 256]",1.0,sdnet_tile,wall
retak/wall_7136-12.jpg,1,retak,test_wall,wall,wall_7136,W/CW/7136-12.jpg,"[0, 0, 256, 256]",1.0,sdnet_tile,wall
retak/wall_7136-13.jpg,1,retak,test_wall,wall,wall_7136,W/CW/7136-13.jpg,"[0, 0, 256, 256]",1.0,sdnet_tile,wall
retak/wall_7136-136.jpg,1,retak,test_wall,wall,wall_7136,W/CW/7136-136.jpg,"[0, 0, 256, 256]",1.0,sdnet_tile,wall
retak/wall_7136-170.jpg,1,retak,test_wall,wall,wall_7136,W/CW/7136-170.jpg,"[0, 0, 256, 256]",1.0,sdnet_tile,wall
retak/wall_7136-186.jpg,1,retak,test_wall,wall,wall_7136,W/CW/7136-186.jpg,"[0, 0, 256, 256]",1.0,sdnet_tile,wall
retak/wall_7136-221.jpg,1,retak,test_wall,wall,wall_7136,W/CW/7136-221.jpg,"[0, 0, 256, 256]",1.0,sdnet_tile,wall
retak/wall_7136-47.jpg,1,retak,test_wall,wall,wall_7136,W/CW/7136-47.jpg,"[0, 0, 256, 256]",1.0,sdnet_tile,wall
retak/wall_7136-48.jpg,1,retak,test_wall,wall,wall_7136,W/CW/7136-48.jpg,"[0, 0, 256, 256]",1.0,sdnet_tile,wall
retak/wall_7136-65.jpg,1,retak,test_wall,wall,wall_7136,W/CW/7136-65.jpg,"[0, 0, 256, 256]",1.0,sdnet_tile,wall
retak/wall_7136-83.jpg,1,retak,test_wall,wall,wall_7136,W/CW/7136-83.jpg,"[0, 0, 256, 256]",1.0,sdnet_tile,wall
retak/wall_7137-150.jpg,1,retak,test_wall,wall,wall_7137,W/CW/7137-150.jpg,"[0, 0, 256, 256]",1.0,sdnet_tile,wall
retak/wall_7137-16.jpg,1,retak,test_wall,wall,wall_7137,W/CW/7137-16.jpg,"[0, 0, 256, 256]",1.0,sdnet_tile,wall
retak/wall_7137-167.jpg,1,retak,test_wall,wall,wall_7137,W/CW/7137-167.jpg,"[0, 0, 256, 256]",1.0,sdnet_tile,wall
retak/wall_7137-168.jpg,1,retak,test_wall,wall,wall_7137,W/CW/7137-168.jpg,"[0, 0, 256, 256]",1.0,sdnet_tile,wall
retak/wall_7137-219.jpg,1,retak,test_wall,wall,wall_7137,W/CW/7137-219.jpg,"[0, 0, 256, 256]",1.0,sdnet_tile,wall
retak/wall_7137-220.jpg,1,retak,test_wall,wall,wall_7137,W/CW/7137-220.jpg,"[0, 0, 256, 256]",1.0,sdnet_tile,wall
retak/wall_7137-237.jpg,1,retak,test_wall,wall,wall_7137,W/CW/7137-237.jpg,"[0, 0, 256, 256]",1.0,sdnet_tile,wall
retak/wall_7137-29.jpg,1,retak,test_wall,wall,wall_7137,W/CW/7137-29.jpg,"[0, 0, 256, 256]",1.0,sdnet_tile,wall
retak/wall_7137-32.jpg,1,retak,test_wall,wall,wall_7137,W/CW/7137-32.jpg,"[0, 0, 256, 256]",1.0,sdnet_tile,wall
retak/wall_7137-48.jpg,1,retak,test_wall,wall,wall_7137,W/CW/7137-48.jpg,"[0, 0, 256, 256]",1.0,sdnet_tile,wall
retak/wall_7137-49.jpg,1,retak,test_wall,wall,wall_7137,W/CW/7137-49.jpg,"[0, 0, 256, 256]",1.0,sdnet_tile,wall
retak/wall_7138-101.jpg,1,retak,test_wall,wall,wall_7138,W/CW/7138-101.jpg,"[0, 0, 256, 256]",1.0,sdnet_tile,wall
retak/wall_7138-119.jpg,1,retak,test_wall,wall,wall_7138,W/CW/7138-119.jpg,"[0, 0, 256, 256]",1.0,sdnet_tile,wall
retak/wall_7138-13.jpg,1,retak,test_wall,wall,wall_7138,W/CW/7138-13.jpg,"[0, 0, 256, 256]",1.0,sdnet_tile,wall
retak/wall_7138-136.jpg,1,retak,test_wall,wall,wall_7138,W/CW/7138-136.jpg,"[0, 0, 256, 256]",1.0,sdnet_tile,wall
retak/wall_7138-153.jpg,1,retak,test_wall,wall,wall_7138,W/CW/7138-153.jpg,"[0, 0, 256, 256]",1.0,sdnet_tile,wall
retak/wall_7138-189.jpg,1,retak,test_wall,wall,wall_7138,W/CW/7138-189.jpg,"[0, 0, 256, 256]",1.0,sdnet_tile,wall
retak/wall_7138-31.jpg,1,retak,test_wall,wall,wall_7138,W/CW/7138-31.jpg,"[0, 0, 256, 256]",1.0,sdnet_tile,wall
retak/wall_7138-49.jpg,1,retak,test_wall,wall,wall_7138,W/CW/7138-49.jpg,"[0, 0, 256, 256]",1.0,sdnet_tile,wall
retak/wall_7138-66.jpg,1,retak,test_wall,wall,wall_7138,W/CW/7138-66.jpg,"[0, 0, 256, 256]",1.0,sdnet_tile,wall
retak/wall_7138-83.jpg,1,retak,test_wall,wall,wall_7138,W/CW/7138-83.jpg,"[0, 0, 256, 256]",1.0,sdnet_tile,wall
retak/wall_7138-84.jpg,1,retak,test_wall,wall,wall_7138,W/CW/7138-84.jpg,"[0, 0, 256, 256]",1.0,sdnet_tile,wall
retak/wall_7139-100.jpg,1,retak,test_wall,wall,wall_7139,W/CW/7139-100.jpg,"[0, 0, 256, 256]",1.0,sdnet_tile,wall
retak/wall_7139-116.jpg,1,retak,test_wall,wall,wall_7139,W/CW/7139-116.jpg,"[0, 0, 256, 256]",1.0,sdnet_tile,wall
retak/wall_7139-15.jpg,1,retak,test_wall,wall,wall_7139,W/CW/7139-15.jpg,"[0, 0, 256, 256]",1.0,sdnet_tile,wall
retak/wall_7139-151.jpg,1,retak,test_wall,wall,wall_7139,W/CW/7139-151.jpg,"[0, 0, 256, 256]",1.0,sdnet_tile,wall
retak/wall_7139-167.jpg,1,retak,test_wall,wall,wall_7139,W/CW/7139-167.jpg,"[0, 0, 256, 256]",1.0,sdnet_tile,wall
retak/wall_7139-184.jpg,1,retak,test_wall,wall,wall_7139,W/CW/7139-184.jpg,"[0, 0, 256, 256]",1.0,sdnet_tile,wall
retak/wall_7139-185.jpg,1,retak,test_wall,wall,wall_7139,W/CW/7139-185.jpg,"[0, 0, 256, 256]",1.0,sdnet_tile,wall
retak/wall_7139-202.jpg,1,retak,test_wall,wall,wall_7139,W/CW/7139-202.jpg,"[0, 0, 256, 256]",1.0,sdnet_tile,wall
retak/wall_7139-219.jpg,1,retak,test_wall,wall,wall_7139,W/CW/7139-219.jpg,"[0, 0, 256, 256]",1.0,sdnet_tile,wall
retak/wall_7139-65.jpg,1,retak,test_wall,wall,wall_7139,W/CW/7139-65.jpg,"[0, 0, 256, 256]",1.0,sdnet_tile,wall
retak/wall_7139-66.jpg,1,retak,test_wall,wall,wall_7139,W/CW/7139-66.jpg,"[0, 0, 256, 256]",1.0,sdnet_tile,wall
retak/wall_7140-133.jpg,1,retak,test_wall,wall,wall_7140,W/CW/7140-133.jpg,"[0, 0, 256, 256]",1.0,sdnet_tile,wall
retak/wall_7140-134.jpg,1,retak,test_wall,wall,wall_7140,W/CW/7140-134.jpg,"[0, 0, 256, 256]",1.0,sdnet_tile,wall
retak/wall_7140-13_2.jpg,1,retak,test_wall,wall,wall_7140,W/CW/7140-13_2.jpg,"[0, 0, 256, 256]",1.0,sdnet_tile,wall
retak/wall_7140-149.jpg,1,retak,test_wall,wall,wall_7140,W/CW/7140-149.jpg,"[0, 0, 256, 256]",1.0,sdnet_tile,wall
retak/wall_7140-167.jpg,1,retak,test_wall,wall,wall_7140,W/CW/7140-167.jpg,"[0, 0, 256, 256]",1.0,sdnet_tile,wall
retak/wall_7140-199.jpg,1,retak,test_wall,wall,wall_7140,W/CW/7140-199.jpg,"[0, 0, 256, 256]",1.0,sdnet_tile,wall
retak/wall_7140-200.jpg,1,retak,test_wall,wall,wall_7140,W/CW/7140-200.jpg,"[0, 0, 256, 256]",1.0,sdnet_tile,wall
retak/wall_7140-201.jpg,1,retak,test_wall,wall,wall_7140,W/CW/7140-201.jpg,"[0, 0, 256, 256]",1.0,sdnet_tile,wall
retak/wall_7140-43.jpg,1,retak,test_wall,wall,wall_7140,W/CW/7140-43.jpg,"[0, 0, 256, 256]",1.0,sdnet_tile,wall
retak/wall_7140-47_2.jpg,1,retak,test_wall,wall,wall_7140,W/CW/7140-47_2.jpg,"[0, 0, 256, 256]",1.0,sdnet_tile,wall
retak/wall_7140-48_2.jpg,1,retak,test_wall,wall,wall_7140,W/CW/7140-48_2.jpg,"[0, 0, 256, 256]",1.0,sdnet_tile,wall
utuh/deck_7001-1.jpg,0,utuh,train,deck,deck_7001,D/UD/7001-1.jpg,"[0, 0, 256, 256]",1.0,sdnet_tile,deck
utuh/deck_7001-102.jpg,0,utuh,train,deck,deck_7001,D/UD/7001-102.jpg,"[0, 0, 256, 256]",1.0,sdnet_tile,deck
utuh/deck_7001-110.jpg,0,utuh,train,deck,deck_7001,D/UD/7001-110.jpg,"[0, 0, 256, 256]",1.0,sdnet_tile,deck
utuh/deck_7001-124.jpg,0,utuh,train,deck,deck_7001,D/UD/7001-124.jpg,"[0, 0, 256, 256]",1.0,sdnet_tile,deck
utuh/deck_7001-144.jpg,0,utuh,train,deck,deck_7001,D/UD/7001-144.jpg,"[0, 0, 256, 256]",1.0,sdnet_tile,deck
utuh/deck_7001-145.jpg,0,utuh,train,deck,deck_7001,D/UD/7001-145.jpg,"[0, 0, 256, 256]",1.0,sdnet_tile,deck
utuh/deck_7001-154.jpg,0,utuh,train,deck,deck_7001,D/UD/7001-154.jpg,"[0, 0, 256, 256]",1.0,sdnet_tile,deck
utuh/deck_7001-164.jpg,0,utuh,train,deck,deck_7001,D/UD/7001-164.jpg,"[0, 0, 256, 256]",1.0,sdnet_tile,deck
utuh/deck_7001-168.jpg,0,utuh,train,deck,deck_7001,D/UD/7001-168.jpg,"[0, 0, 256, 256]",1.0,sdnet_tile,deck
utuh/deck_7001-183.jpg,0,utuh,train,deck,deck_7001,D/UD/7001-183.jpg,"[0, 0, 256, 256]",1.0,sdnet_tile,deck
utuh/deck_7001-194.jpg,0,utuh,train,deck,deck_7001,D/UD/7001-194.jpg,"[0, 0, 256, 256]",1.0,sdnet_tile,deck
utuh/deck_7001-202.jpg,0,utuh,train,deck,deck_7001,D/UD/7001-202.jpg,"[0, 0, 256, 256]",1.0,sdnet_tile,deck
utuh/deck_7001-205.jpg,0,utuh,train,deck,deck_7001,D/UD/7001-205.jpg,"[0, 0, 256, 256]",1.0,sdnet_tile,deck
utuh/deck_7001-207.jpg,0,utuh,train,deck,deck_7001,D/UD/7001-207.jpg,"[0, 0, 256, 256]",1.0,sdnet_tile,deck
utuh/deck_7001-219.jpg,0,utuh,train,deck,deck_7001,D/UD/7001-219.jpg,"[0, 0, 256, 256]",1.0,sdnet_tile,deck
utuh/deck_7001-221.jpg,0,utuh,train,deck,deck_7001,D/UD/7001-221.jpg,"[0, 0, 256, 256]",1.0,sdnet_tile,deck
utuh/deck_7001-228.jpg,0,utuh,train,deck,deck_7001,D/UD/7001-228.jpg,"[0, 0, 256, 256]",1.0,sdnet_tile,deck
utuh/deck_7001-235.jpg,0,utuh,train,deck,deck_7001,D/UD/7001-235.jpg,"[0, 0, 256, 256]",1.0,sdnet_tile,deck
utuh/deck_7001-240.jpg,0,utuh,train,deck,deck_7001,D/UD/7001-240.jpg,"[0, 0, 256, 256]",1.0,sdnet_tile,deck
utuh/deck_7001-249.jpg,0,utuh,train,deck,deck_7001,D/UD/7001-249.jpg,"[0, 0, 256, 256]",1.0,sdnet_tile,deck
utuh/deck_7001-30.jpg,0,utuh,train,deck,deck_7001,D/UD/7001-30.jpg,"[0, 0, 256, 256]",1.0,sdnet_tile,deck
utuh/deck_7001-33.jpg,0,utuh,train,deck,deck_7001,D/UD/7001-33.jpg,"[0, 0, 256, 256]",1.0,sdnet_tile,deck
utuh/deck_7001-58.jpg,0,utuh,train,deck,deck_7001,D/UD/7001-58.jpg,"[0, 0, 256, 256]",1.0,sdnet_tile,deck
utuh/deck_7001-71.jpg,0,utuh,train,deck,deck_7001,D/UD/7001-71.jpg,"[0, 0, 256, 256]",1.0,sdnet_tile,deck
utuh/deck_7001-85.jpg,0,utuh,train,deck,deck_7001,D/UD/7001-85.jpg,"[0, 0, 256, 256]",1.0,sdnet_tile,deck
utuh/deck_7001-91.jpg,0,utuh,train,deck,deck_7001,D/UD/7001-91.jpg,"[0, 0, 256, 256]",1.0,sdnet_tile,deck
utuh/deck_7001-94.jpg,0,utuh,train,deck,deck_7001,D/UD/7001-94.jpg,"[0, 0, 256, 256]",1.0,sdnet_tile,deck
utuh/deck_7001-99.jpg,0,utuh,train,deck,deck_7001,D/UD/7001-99.jpg,"[0, 0, 256, 256]",1.0,sdnet_tile,deck
utuh/deck_7006-112.jpg,0,utuh,train,deck,deck_7006,D/UD/7006-112.jpg,"[0, 0, 256, 256]",1.0,sdnet_tile,deck
utuh/deck_7006-127.jpg,0,utuh,train,deck,deck_7006,D/UD/7006-127.jpg,"[0, 0, 256, 256]",1.0,sdnet_tile,deck
utuh/deck_7006-129.jpg,0,utuh,train,deck,deck_7006,D/UD/7006-129.jpg,"[0, 0, 256, 256]",1.0,sdnet_tile,deck
utuh/deck_7006-141.jpg,0,utuh,train,deck,deck_7006,D/UD/7006-141.jpg,"[0, 0, 256, 256]",1.0,sdnet_tile,deck
utuh/deck_7006-149.jpg,0,utuh,train,deck,deck_7006,D/UD/7006-149.jpg,"[0, 0, 256, 256]",1.0,sdnet_tile,deck
utuh/deck_7006-15.jpg,0,utuh,train,deck,deck_7006,D/UD/7006-15.jpg,"[0, 0, 256, 256]",1.0,sdnet_tile,deck
utuh/deck_7006-157.jpg,0,utuh,train,deck,deck_7006,D/UD/7006-157.jpg,"[0, 0, 256, 256]",1.0,sdnet_tile,deck
utuh/deck_7006-172.jpg,0,utuh,train,deck,deck_7006,D/UD/7006-172.jpg,"[0, 0, 256, 256]",1.0,sdnet_tile,deck
utuh/deck_7006-174.jpg,0,utuh,train,deck,deck_7006,D/UD/7006-174.jpg,"[0, 0, 256, 256]",1.0,sdnet_tile,deck
utuh/deck_7006-182.jpg,0,utuh,train,deck,deck_7006,D/UD/7006-182.jpg,"[0, 0, 256, 256]",1.0,sdnet_tile,deck
utuh/deck_7006-183.jpg,0,utuh,train,deck,deck_7006,D/UD/7006-183.jpg,"[0, 0, 256, 256]",1.0,sdnet_tile,deck
utuh/deck_7006-194.jpg,0,utuh,train,deck,deck_7006,D/UD/7006-194.jpg,"[0, 0, 256, 256]",1.0,sdnet_tile,deck
utuh/deck_7006-214.jpg,0,utuh,train,deck,deck_7006,D/UD/7006-214.jpg,"[0, 0, 256, 256]",1.0,sdnet_tile,deck
utuh/deck_7006-240.jpg,0,utuh,train,deck,deck_7006,D/UD/7006-240.jpg,"[0, 0, 256, 256]",1.0,sdnet_tile,deck
utuh/deck_7006-246.jpg,0,utuh,train,deck,deck_7006,D/UD/7006-246.jpg,"[0, 0, 256, 256]",1.0,sdnet_tile,deck
utuh/deck_7006-248.jpg,0,utuh,train,deck,deck_7006,D/UD/7006-248.jpg,"[0, 0, 256, 256]",1.0,sdnet_tile,deck
utuh/deck_7006-25.jpg,0,utuh,train,deck,deck_7006,D/UD/7006-25.jpg,"[0, 0, 256, 256]",1.0,sdnet_tile,deck
utuh/deck_7006-32.jpg,0,utuh,train,deck,deck_7006,D/UD/7006-32.jpg,"[0, 0, 256, 256]",1.0,sdnet_tile,deck
utuh/deck_7006-37.jpg,0,utuh,train,deck,deck_7006,D/UD/7006-37.jpg,"[0, 0, 256, 256]",1.0,sdnet_tile,deck
utuh/deck_7006-39.jpg,0,utuh,train,deck,deck_7006,D/UD/7006-39.jpg,"[0, 0, 256, 256]",1.0,sdnet_tile,deck
utuh/deck_7006-40.jpg,0,utuh,train,deck,deck_7006,D/UD/7006-40.jpg,"[0, 0, 256, 256]",1.0,sdnet_tile,deck
utuh/deck_7006-49.jpg,0,utuh,train,deck,deck_7006,D/UD/7006-49.jpg,"[0, 0, 256, 256]",1.0,sdnet_tile,deck
utuh/deck_7006-52.jpg,0,utuh,train,deck,deck_7006,D/UD/7006-52.jpg,"[0, 0, 256, 256]",1.0,sdnet_tile,deck
utuh/deck_7006-60.jpg,0,utuh,train,deck,deck_7006,D/UD/7006-60.jpg,"[0, 0, 256, 256]",1.0,sdnet_tile,deck
utuh/deck_7006-63.jpg,0,utuh,train,deck,deck_7006,D/UD/7006-63.jpg,"[0, 0, 256, 256]",1.0,sdnet_tile,deck
utuh/deck_7006-68.jpg,0,utuh,train,deck,deck_7006,D/UD/7006-68.jpg,"[0, 0, 256, 256]",1.0,sdnet_tile,deck
utuh/deck_7006-69.jpg,0,utuh,train,deck,deck_7006,D/UD/7006-69.jpg,"[0, 0, 256, 256]",1.0,sdnet_tile,deck
utuh/deck_7006-71.jpg,0,utuh,train,deck,deck_7006,D/UD/7006-71.jpg,"[0, 0, 256, 256]",1.0,sdnet_tile,deck
utuh/deck_7008-103.jpg,0,utuh,train,deck,deck_7008,D/UD/7008-103.jpg,"[0, 0, 256, 256]",1.0,sdnet_tile,deck
utuh/deck_7008-110.jpg,0,utuh,train,deck,deck_7008,D/UD/7008-110.jpg,"[0, 0, 256, 256]",1.0,sdnet_tile,deck
utuh/deck_7008-134.jpg,0,utuh,train,deck,deck_7008,D/UD/7008-134.jpg,"[0, 0, 256, 256]",1.0,sdnet_tile,deck
utuh/deck_7008-142.jpg,0,utuh,train,deck,deck_7008,D/UD/7008-142.jpg,"[0, 0, 256, 256]",1.0,sdnet_tile,deck
utuh/deck_7008-15.jpg,0,utuh,train,deck,deck_7008,D/UD/7008-15.jpg,"[0, 0, 256, 256]",1.0,sdnet_tile,deck
utuh/deck_7008-16.jpg,0,utuh,train,deck,deck_7008,D/UD/7008-16.jpg,"[0, 0, 256, 256]",1.0,sdnet_tile,deck
utuh/deck_7008-166.jpg,0,utuh,train,deck,deck_7008,D/UD/7008-166.jpg,"[0, 0, 256, 256]",1.0,sdnet_tile,deck
utuh/deck_7008-169.jpg,0,utuh,train,deck,deck_7008,D/UD/7008-169.jpg,"[0, 0, 256, 256]",1.0,sdnet_tile,deck
utuh/deck_7008-181.jpg,0,utuh,train,deck,deck_7008,D/UD/7008-181.jpg,"[0, 0, 256, 256]",1.0,sdnet_tile,deck
utuh/deck_7008-194.jpg,0,utuh,train,deck,deck_7008,D/UD/7008-194.jpg,"[0, 0, 256, 256]",1.0,sdnet_tile,deck
utuh/deck_7008-2.jpg,0,utuh,train,deck,deck_7008,D/UD/7008-2.jpg,"[0, 0, 256, 256]",1.0,sdnet_tile,deck
utuh/deck_7008-200.jpg,0,utuh,train,deck,deck_7008,D/UD/7008-200.jpg,"[0, 0, 256, 256]",1.0,sdnet_tile,deck
utuh/deck_7008-201.jpg,0,utuh,train,deck,deck_7008,D/UD/7008-201.jpg,"[0, 0, 256, 256]",1.0,sdnet_tile,deck
utuh/deck_7008-207.jpg,0,utuh,train,deck,deck_7008,D/UD/7008-207.jpg,"[0, 0, 256, 256]",1.0,sdnet_tile,deck
utuh/deck_7008-231.jpg,0,utuh,train,deck,deck_7008,D/UD/7008-231.jpg,"[0, 0, 256, 256]",1.0,sdnet_tile,deck
utuh/deck_7008-243.jpg,0,utuh,train,deck,deck_7008,D/UD/7008-243.jpg,"[0, 0, 256, 256]",1.0,sdnet_tile,deck
utuh/deck_7008-248.jpg,0,utuh,train,deck,deck_7008,D/UD/7008-248.jpg,"[0, 0, 256, 256]",1.0,sdnet_tile,deck
utuh/deck_7008-250.jpg,0,utuh,train,deck,deck_7008,D/UD/7008-250.jpg,"[0, 0, 256, 256]",1.0,sdnet_tile,deck
utuh/deck_7008-251.jpg,0,utuh,train,deck,deck_7008,D/UD/7008-251.jpg,"[0, 0, 256, 256]",1.0,sdnet_tile,deck
utuh/deck_7008-30.jpg,0,utuh,train,deck,deck_7008,D/UD/7008-30.jpg,"[0, 0, 256, 256]",1.0,sdnet_tile,deck
utuh/deck_7008-42.jpg,0,utuh,train,deck,deck_7008,D/UD/7008-42.jpg,"[0, 0, 256, 256]",1.0,sdnet_tile,deck
utuh/deck_7008-49.jpg,0,utuh,train,deck,deck_7008,D/UD/7008-49.jpg,"[0, 0, 256, 256]",1.0,sdnet_tile,deck
utuh/deck_7008-59.jpg,0,utuh,train,deck,deck_7008,D/UD/7008-59.jpg,"[0, 0, 256, 256]",1.0,sdnet_tile,deck
utuh/deck_7008-65.jpg,0,utuh,train,deck,deck_7008,D/UD/7008-65.jpg,"[0, 0, 256, 256]",1.0,sdnet_tile,deck
utuh/deck_7008-67.jpg,0,utuh,train,deck,deck_7008,D/UD/7008-67.jpg,"[0, 0, 256, 256]",1.0,sdnet_tile,deck
utuh/deck_7008-68.jpg,0,utuh,train,deck,deck_7008,D/UD/7008-68.jpg,"[0, 0, 256, 256]",1.0,sdnet_tile,deck
utuh/deck_7008-76.jpg,0,utuh,train,deck,deck_7008,D/UD/7008-76.jpg,"[0, 0, 256, 256]",1.0,sdnet_tile,deck
utuh/deck_7008-84.jpg,0,utuh,train,deck,deck_7008,D/UD/7008-84.jpg,"[0, 0, 256, 256]",1.0,sdnet_tile,deck
utuh/deck_7009-115.jpg,0,utuh,train,deck,deck_7009,D/UD/7009-115.jpg,"[0, 0, 256, 256]",1.0,sdnet_tile,deck
utuh/deck_7009-135.jpg,0,utuh,train,deck,deck_7009,D/UD/7009-135.jpg,"[0, 0, 256, 256]",1.0,sdnet_tile,deck
utuh/deck_7009-137.jpg,0,utuh,train,deck,deck_7009,D/UD/7009-137.jpg,"[0, 0, 256, 256]",1.0,sdnet_tile,deck
utuh/deck_7009-142.jpg,0,utuh,train,deck,deck_7009,D/UD/7009-142.jpg,"[0, 0, 256, 256]",1.0,sdnet_tile,deck
utuh/deck_7009-151.jpg,0,utuh,train,deck,deck_7009,D/UD/7009-151.jpg,"[0, 0, 256, 256]",1.0,sdnet_tile,deck
utuh/deck_7009-156.jpg,0,utuh,train,deck,deck_7009,D/UD/7009-156.jpg,"[0, 0, 256, 256]",1.0,sdnet_tile,deck
utuh/deck_7009-157.jpg,0,utuh,train,deck,deck_7009,D/UD/7009-157.jpg,"[0, 0, 256, 256]",1.0,sdnet_tile,deck
utuh/deck_7009-158.jpg,0,utuh,train,deck,deck_7009,D/UD/7009-158.jpg,"[0, 0, 256, 256]",1.0,sdnet_tile,deck
utuh/deck_7009-166.jpg,0,utuh,train,deck,deck_7009,D/UD/7009-166.jpg,"[0, 0, 256, 256]",1.0,sdnet_tile,deck
utuh/deck_7009-169.jpg,0,utuh,train,deck,deck_7009,D/UD/7009-169.jpg,"[0, 0, 256, 256]",1.0,sdnet_tile,deck
utuh/deck_7009-173.jpg,0,utuh,train,deck,deck_7009,D/UD/7009-173.jpg,"[0, 0, 256, 256]",1.0,sdnet_tile,deck
utuh/deck_7009-175.jpg,0,utuh,train,deck,deck_7009,D/UD/7009-175.jpg,"[0, 0, 256, 256]",1.0,sdnet_tile,deck
utuh/deck_7009-180.jpg,0,utuh,train,deck,deck_7009,D/UD/7009-180.jpg,"[0, 0, 256, 256]",1.0,sdnet_tile,deck
utuh/deck_7009-188.jpg,0,utuh,train,deck,deck_7009,D/UD/7009-188.jpg,"[0, 0, 256, 256]",1.0,sdnet_tile,deck
utuh/deck_7009-189.jpg,0,utuh,train,deck,deck_7009,D/UD/7009-189.jpg,"[0, 0, 256, 256]",1.0,sdnet_tile,deck
utuh/deck_7009-199.jpg,0,utuh,train,deck,deck_7009,D/UD/7009-199.jpg,"[0, 0, 256, 256]",1.0,sdnet_tile,deck
utuh/deck_7009-216.jpg,0,utuh,train,deck,deck_7009,D/UD/7009-216.jpg,"[0, 0, 256, 256]",1.0,sdnet_tile,deck
utuh/deck_7009-219.jpg,0,utuh,train,deck,deck_7009,D/UD/7009-219.jpg,"[0, 0, 256, 256]",1.0,sdnet_tile,deck
utuh/deck_7009-239.jpg,0,utuh,train,deck,deck_7009,D/UD/7009-239.jpg,"[0, 0, 256, 256]",1.0,sdnet_tile,deck
utuh/deck_7009-243.jpg,0,utuh,train,deck,deck_7009,D/UD/7009-243.jpg,"[0, 0, 256, 256]",1.0,sdnet_tile,deck
utuh/deck_7009-249.jpg,0,utuh,train,deck,deck_7009,D/UD/7009-249.jpg,"[0, 0, 256, 256]",1.0,sdnet_tile,deck
utuh/deck_7009-35.jpg,0,utuh,train,deck,deck_7009,D/UD/7009-35.jpg,"[0, 0, 256, 256]",1.0,sdnet_tile,deck
utuh/deck_7009-54.jpg,0,utuh,train,deck,deck_7009,D/UD/7009-54.jpg,"[0, 0, 256, 256]",1.0,sdnet_tile,deck
utuh/deck_7009-58.jpg,0,utuh,train,deck,deck_7009,D/UD/7009-58.jpg,"[0, 0, 256, 256]",1.0,sdnet_tile,deck
utuh/deck_7009-68.jpg,0,utuh,train,deck,deck_7009,D/UD/7009-68.jpg,"[0, 0, 256, 256]",1.0,sdnet_tile,deck
utuh/deck_7009-71.jpg,0,utuh,train,deck,deck_7009,D/UD/7009-71.jpg,"[0, 0, 256, 256]",1.0,sdnet_tile,deck
utuh/deck_7009-74.jpg,0,utuh,train,deck,deck_7009,D/UD/7009-74.jpg,"[0, 0, 256, 256]",1.0,sdnet_tile,deck
utuh/deck_7009-87.jpg,0,utuh,train,deck,deck_7009,D/UD/7009-87.jpg,"[0, 0, 256, 256]",1.0,sdnet_tile,deck
utuh/deck_7010-10.jpg,0,utuh,train,deck,deck_7010,D/UD/7010-10.jpg,"[0, 0, 256, 256]",1.0,sdnet_tile,deck
utuh/deck_7010-110.jpg,0,utuh,train,deck,deck_7010,D/UD/7010-110.jpg,"[0, 0, 256, 256]",1.0,sdnet_tile,deck
utuh/deck_7010-114.jpg,0,utuh,train,deck,deck_7010,D/UD/7010-114.jpg,"[0, 0, 256, 256]",1.0,sdnet_tile,deck
utuh/deck_7010-128.jpg,0,utuh,train,deck,deck_7010,D/UD/7010-128.jpg,"[0, 0, 256, 256]",1.0,sdnet_tile,deck
utuh/deck_7010-137.jpg,0,utuh,train,deck,deck_7010,D/UD/7010-137.jpg,"[0, 0, 256, 256]",1.0,sdnet_tile,deck
utuh/deck_7010-14.jpg,0,utuh,train,deck,deck_7010,D/UD/7010-14.jpg,"[0, 0, 256, 256]",1.0,sdnet_tile,deck
utuh/deck_7010-142.jpg,0,utuh,train,deck,deck_7010,D/UD/7010-142.jpg,"[0, 0, 256, 256]",1.0,sdnet_tile,deck
utuh/deck_7010-144.jpg,0,utuh,train,deck,deck_7010,D/UD/7010-144.jpg,"[0, 0, 256, 256]",1.0,sdnet_tile,deck
utuh/deck_7010-145.jpg,0,utuh,train,deck,deck_7010,D/UD/7010-145.jpg,"[0, 0, 256, 256]",1.0,sdnet_tile,deck
utuh/deck_7010-165.jpg,0,utuh,train,deck,deck_7010,D/UD/7010-165.jpg,"[0, 0, 256, 256]",1.0,sdnet_tile,deck
utuh/deck_7010-167.jpg,0,utuh,train,deck,deck_7010,D/UD/7010-167.jpg,"[0, 0, 256, 256]",1.0,sdnet_tile,deck
utuh/deck_7010-170.jpg,0,utuh,train,deck,deck_7010,D/UD/7010-170.jpg,"[0, 0, 256, 256]",1.0,sdnet_tile,deck
utuh/deck_7010-172.jpg,0,utuh,train,deck,deck_7010,D/UD/7010-172.jpg,"[0, 0, 256, 256]",1.0,sdnet_tile,deck
utuh/deck_7010-179.jpg,0,utuh,train,deck,deck_7010,D/UD/7010-179.jpg,"[0, 0, 256, 256]",1.0,sdnet_tile,deck
utuh/deck_7010-18.jpg,0,utuh,train,deck,deck_7010,D/UD/7010-18.jpg,"[0, 0, 256, 256]",1.0,sdnet_tile,deck
utuh/deck_7010-19.jpg,0,utuh,train,deck,deck_7010,D/UD/7010-19.jpg,"[0, 0, 256, 256]",1.0,sdnet_tile,deck
utuh/deck_7010-198.jpg,0,utuh,train,deck,deck_7010,D/UD/7010-198.jpg,"[0, 0, 256, 256]",1.0,sdnet_tile,deck
utuh/deck_7010-215.jpg,0,utuh,train,deck,deck_7010,D/UD/7010-215.jpg,"[0, 0, 256, 256]",1.0,sdnet_tile,deck
utuh/deck_7010-22.jpg,0,utuh,train,deck,deck_7010,D/UD/7010-22.jpg,"[0, 0, 256, 256]",1.0,sdnet_tile,deck
utuh/deck_7010-231.jpg,0,utuh,train,deck,deck_7010,D/UD/7010-231.jpg,"[0, 0, 256, 256]",1.0,sdnet_tile,deck
utuh/deck_7010-232.jpg,0,utuh,train,deck,deck_7010,D/UD/7010-232.jpg,"[0, 0, 256, 256]",1.0,sdnet_tile,deck
utuh/deck_7010-233.jpg,0,utuh,train,deck,deck_7010,D/UD/7010-233.jpg,"[0, 0, 256, 256]",1.0,sdnet_tile,deck
utuh/deck_7010-241.jpg,0,utuh,train,deck,deck_7010,D/UD/7010-241.jpg,"[0, 0, 256, 256]",1.0,sdnet_tile,deck
utuh/deck_7010-251.jpg,0,utuh,train,deck,deck_7010,D/UD/7010-251.jpg,"[0, 0, 256, 256]",1.0,sdnet_tile,deck
utuh/deck_7010-252.jpg,0,utuh,train,deck,deck_7010,D/UD/7010-252.jpg,"[0, 0, 256, 256]",1.0,sdnet_tile,deck
utuh/deck_7010-66.jpg,0,utuh,train,deck,deck_7010,D/UD/7010-66.jpg,"[0, 0, 256, 256]",1.0,sdnet_tile,deck
utuh/deck_7010-7.jpg,0,utuh,train,deck,deck_7010,D/UD/7010-7.jpg,"[0, 0, 256, 256]",1.0,sdnet_tile,deck
utuh/deck_7010-75.jpg,0,utuh,train,deck,deck_7010,D/UD/7010-75.jpg,"[0, 0, 256, 256]",1.0,sdnet_tile,deck
utuh/deck_7013-119.jpg,0,utuh,train,deck,deck_7013,D/UD/7013-119.jpg,"[0, 0, 256, 256]",1.0,sdnet_tile,deck
utuh/deck_7013-139.jpg,0,utuh,train,deck,deck_7013,D/UD/7013-139.jpg,"[0, 0, 256, 256]",1.0,sdnet_tile,deck
utuh/deck_7013-144.jpg,0,utuh,train,deck,deck_7013,D/UD/7013-144.jpg,"[0, 0, 256, 256]",1.0,sdnet_tile,deck
utuh/deck_7013-149.jpg,0,utuh,train,deck,deck_7013,D/UD/7013-149.jpg,"[0, 0, 256, 256]",1.0,sdnet_tile,deck
utuh/deck_7013-15.jpg,0,utuh,train,deck,deck_7013,D/UD/7013-15.jpg,"[0, 0, 256, 256]",1.0,sdnet_tile,deck
utuh/deck_7013-157.jpg,0,utuh,train,deck,deck_7013,D/UD/7013-157.jpg,"[0, 0, 256, 256]",1.0,sdnet_tile,deck
utuh/deck_7013-160.jpg,0,utuh,train,deck,deck_7013,D/UD/7013-160.jpg,"[0, 0, 256, 256]",1.0,sdnet_tile,deck
utuh/deck_7013-180.jpg,0,utuh,train,deck,deck_7013,D/UD/7013-180.jpg,"[0, 0, 256, 256]",1.0,sdnet_tile,deck
utuh/deck_7013-205.jpg,0,utuh,train,deck,deck_7013,D/UD/7013-205.jpg,"[0, 0, 256, 256]",1.0,sdnet_tile,deck
utuh/deck_7013-210.jpg,0,utuh,train,deck,deck_7013,D/UD/7013-210.jpg,"[0, 0, 256, 256]",1.0,sdnet_tile,deck
utuh/deck_7013-219.jpg,0,utuh,train,deck,deck_7013,D/UD/7013-219.jpg,"[0, 0, 256, 256]",1.0,sdnet_tile,deck
utuh/deck_7013-220.jpg,0,utuh,train,deck,deck_7013,D/UD/7013-220.jpg,"[0, 0, 256, 256]",1.0,sdnet_tile,deck
utuh/deck_7013-221.jpg,0,utuh,train,deck,deck_7013,D/UD/7013-221.jpg,"[0, 0, 256, 256]",1.0,sdnet_tile,deck
utuh/deck_7013-238.jpg,0,utuh,train,deck,deck_7013,D/UD/7013-238.jpg,"[0, 0, 256, 256]",1.0,sdnet_tile,deck
utuh/deck_7013-244.jpg,0,utuh,train,deck,deck_7013,D/UD/7013-244.jpg,"[0, 0, 256, 256]",1.0,sdnet_tile,deck
utuh/deck_7013-252.jpg,0,utuh,train,deck,deck_7013,D/UD/7013-252.jpg,"[0, 0, 256, 256]",1.0,sdnet_tile,deck
utuh/deck_7013-36.jpg,0,utuh,train,deck,deck_7013,D/UD/7013-36.jpg,"[0, 0, 256, 256]",1.0,sdnet_tile,deck
utuh/deck_7013-4.jpg,0,utuh,train,deck,deck_7013,D/UD/7013-4.jpg,"[0, 0, 256, 256]",1.0,sdnet_tile,deck
utuh/deck_7013-41.jpg,0,utuh,train,deck,deck_7013,D/UD/7013-41.jpg,"[0, 0, 256, 256]",1.0,sdnet_tile,deck
utuh/deck_7013-44.jpg,0,utuh,train,deck,deck_7013,D/UD/7013-44.jpg,"[0, 0, 256, 256]",1.0,sdnet_tile,deck
utuh/deck_7013-47.jpg,0,utuh,train,deck,deck_7013,D/UD/7013-47.jpg,"[0, 0, 256, 256]",1.0,sdnet_tile,deck
utuh/deck_7013-50.jpg,0,utuh,train,deck,deck_7013,D/UD/7013-50.jpg,"[0, 0, 256, 256]",1.0,sdnet_tile,deck
utuh/deck_7013-54.jpg,0,utuh,train,deck,deck_7013,D/UD/7013-54.jpg,"[0, 0, 256, 256]",1.0,sdnet_tile,deck
utuh/deck_7013-6.jpg,0,utuh,train,deck,deck_7013,D/UD/7013-6.jpg,"[0, 0, 256, 256]",1.0,sdnet_tile,deck
utuh/deck_7013-70.jpg,0,utuh,train,deck,deck_7013,D/UD/7013-70.jpg,"[0, 0, 256, 256]",1.0,sdnet_tile,deck
utuh/deck_7013-8.jpg,0,utuh,train,deck,deck_7013,D/UD/7013-8.jpg,"[0, 0, 256, 256]",1.0,sdnet_tile,deck
utuh/deck_7013-83.jpg,0,utuh,train,deck,deck_7013,D/UD/7013-83.jpg,"[0, 0, 256, 256]",1.0,sdnet_tile,deck
utuh/deck_7013-89.jpg,0,utuh,train,deck,deck_7013,D/UD/7013-89.jpg,"[0, 0, 256, 256]",1.0,sdnet_tile,deck
utuh/deck_7014-103.jpg,0,utuh,train,deck,deck_7014,D/UD/7014-103.jpg,"[0, 0, 256, 256]",1.0,sdnet_tile,deck
utuh/deck_7014-105.jpg,0,utuh,train,deck,deck_7014,D/UD/7014-105.jpg,"[0, 0, 256, 256]",1.0,sdnet_tile,deck
utuh/deck_7014-106.jpg,0,utuh,train,deck,deck_7014,D/UD/7014-106.jpg,"[0, 0, 256, 256]",1.0,sdnet_tile,deck
utuh/deck_7014-112.jpg,0,utuh,train,deck,deck_7014,D/UD/7014-112.jpg,"[0, 0, 256, 256]",1.0,sdnet_tile,deck
utuh/deck_7014-119.jpg,0,utuh,train,deck,deck_7014,D/UD/7014-119.jpg,"[0, 0, 256, 256]",1.0,sdnet_tile,deck
utuh/deck_7014-125.jpg,0,utuh,train,deck,deck_7014,D/UD/7014-125.jpg,"[0, 0, 256, 256]",1.0,sdnet_tile,deck
utuh/deck_7014-129.jpg,0,utuh,train,deck,deck_7014,D/UD/7014-129.jpg,"[0, 0, 256, 256]",1.0,sdnet_tile,deck
utuh/deck_7014-136.jpg,0,utuh,train,deck,deck_7014,D/UD/7014-136.jpg,"[0, 0, 256, 256]",1.0,sdnet_tile,deck
utuh/deck_7014-144.jpg,0,utuh,train,deck,deck_7014,D/UD/7014-144.jpg,"[0, 0, 256, 256]",1.0,sdnet_tile,deck
utuh/deck_7014-149.jpg,0,utuh,train,deck,deck_7014,D/UD/7014-149.jpg,"[0, 0, 256, 256]",1.0,sdnet_tile,deck
utuh/deck_7014-152.jpg,0,utuh,train,deck,deck_7014,D/UD/7014-152.jpg,"[0, 0, 256, 256]",1.0,sdnet_tile,deck
utuh/deck_7014-16.jpg,0,utuh,train,deck,deck_7014,D/UD/7014-16.jpg,"[0, 0, 256, 256]",1.0,sdnet_tile,deck
utuh/deck_7014-163.jpg,0,utuh,train,deck,deck_7014,D/UD/7014-163.jpg,"[0, 0, 256, 256]",1.0,sdnet_tile,deck
utuh/deck_7014-170.jpg,0,utuh,train,deck,deck_7014,D/UD/7014-170.jpg,"[0, 0, 256, 256]",1.0,sdnet_tile,deck
utuh/deck_7014-185.jpg,0,utuh,train,deck,deck_7014,D/UD/7014-185.jpg,"[0, 0, 256, 256]",1.0,sdnet_tile,deck
utuh/deck_7014-193.jpg,0,utuh,train,deck,deck_7014,D/UD/7014-193.jpg,"[0, 0, 256, 256]",1.0,sdnet_tile,deck
utuh/deck_7014-199.jpg,0,utuh,train,deck,deck_7014,D/UD/7014-199.jpg,"[0, 0, 256, 256]",1.0,sdnet_tile,deck
utuh/deck_7014-208.jpg,0,utuh,train,deck,deck_7014,D/UD/7014-208.jpg,"[0, 0, 256, 256]",1.0,sdnet_tile,deck
utuh/deck_7014-213.jpg,0,utuh,train,deck,deck_7014,D/UD/7014-213.jpg,"[0, 0, 256, 256]",1.0,sdnet_tile,deck
utuh/deck_7014-223.jpg,0,utuh,train,deck,deck_7014,D/UD/7014-223.jpg,"[0, 0, 256, 256]",1.0,sdnet_tile,deck
utuh/deck_7014-227.jpg,0,utuh,train,deck,deck_7014,D/UD/7014-227.jpg,"[0, 0, 256, 256]",1.0,sdnet_tile,deck
utuh/deck_7014-230.jpg,0,utuh,train,deck,deck_7014,D/UD/7014-230.jpg,"[0, 0, 256, 256]",1.0,sdnet_tile,deck
utuh/deck_7014-246.jpg,0,utuh,train,deck,deck_7014,D/UD/7014-246.jpg,"[0, 0, 256, 256]",1.0,sdnet_tile,deck
utuh/deck_7014-43.jpg,0,utuh,train,deck,deck_7014,D/UD/7014-43.jpg,"[0, 0, 256, 256]",1.0,sdnet_tile,deck
utuh/deck_7014-52.jpg,0,utuh,train,deck,deck_7014,D/UD/7014-52.jpg,"[0, 0, 256, 256]",1.0,sdnet_tile,deck
utuh/deck_7014-64.jpg,0,utuh,train,deck,deck_7014,D/UD/7014-64.jpg,"[0, 0, 256, 256]",1.0,sdnet_tile,deck
utuh/deck_7014-78.jpg,0,utuh,train,deck,deck_7014,D/UD/7014-78.jpg,"[0, 0, 256, 256]",1.0,sdnet_tile,deck
utuh/deck_7014-88.jpg,0,utuh,train,deck,deck_7014,D/UD/7014-88.jpg,"[0, 0, 256, 256]",1.0,sdnet_tile,deck
utuh/deck_7018-1.jpg,0,utuh,train,deck,deck_7018,D/UD/7018-1.jpg,"[0, 0, 256, 256]",1.0,sdnet_tile,deck
utuh/deck_7018-103.jpg,0,utuh,train,deck,deck_7018,D/UD/7018-103.jpg,"[0, 0, 256, 256]",1.0,sdnet_tile,deck
utuh/deck_7018-104.jpg,0,utuh,train,deck,deck_7018,D/UD/7018-104.jpg,"[0, 0, 256, 256]",1.0,sdnet_tile,deck
utuh/deck_7018-108.jpg,0,utuh,train,deck,deck_7018,D/UD/7018-108.jpg,"[0, 0, 256, 256]",1.0,sdnet_tile,deck
utuh/deck_7018-11.jpg,0,utuh,train,deck,deck_7018,D/UD/7018-11.jpg,"[0, 0, 256, 256]",1.0,sdnet_tile,deck
utuh/deck_7018-112.jpg,0,utuh,train,deck,deck_7018,D/UD/7018-112.jpg,"[0, 0, 256, 256]",1.0,sdnet_tile,deck
utuh/deck_7018-123.jpg,0,utuh,train,deck,deck_7018,D/UD/7018-123.jpg,"[0, 0, 256, 256]",1.0,sdnet_tile,deck
utuh/deck_7018-136.jpg,0,utuh,train,deck,deck_7018,D/UD/7018-136.jpg,"[0, 0, 256, 256]",1.0,sdnet_tile,deck
utuh/deck_7018-137.jpg,0,utuh,train,deck,deck_7018,D/UD/7018-137.jpg,"[0, 0, 256, 256]",1.0,sdnet_tile,deck
utuh/deck_7018-149.jpg,0,utuh,train,deck,deck_7018,D/UD/7018-149.jpg,"[0, 0, 256, 256]",1.0,sdnet_tile,deck
utuh/deck_7018-169.jpg,0,utuh,train,deck,deck_7018,D/UD/7018-169.jpg,"[0, 0, 256, 256]",1.0,sdnet_tile,deck
utuh/deck_7018-176.jpg,0,utuh,train,deck,deck_7018,D/UD/7018-176.jpg,"[0, 0, 256, 256]",1.0,sdnet_tile,deck
utuh/deck_7018-180.jpg,0,utuh,train,deck,deck_7018,D/UD/7018-180.jpg,"[0, 0, 256, 256]",1.0,sdnet_tile,deck
utuh/deck_7018-185.jpg,0,utuh,train,deck,deck_7018,D/UD/7018-185.jpg,"[0, 0, 256, 256]",1.0,sdnet_tile,deck
utuh/deck_7018-211.jpg,0,utuh,train,deck,deck_7018,D/UD/7018-211.jpg,"[0, 0, 256, 256]",1.0,sdnet_tile,deck
utuh/deck_7018-221.jpg,0,utuh,train,deck,deck_7018,D/UD/7018-221.jpg,"[0, 0, 256, 256]",1.0,sdnet_tile,deck
utuh/deck_7018-226.jpg,0,utuh,train,deck,deck_7018,D/UD/7018-226.jpg,"[0, 0, 256, 256]",1.0,sdnet_tile,deck
utuh/deck_7018-230.jpg,0,utuh,train,deck,deck_7018,D/UD/7018-230.jpg,"[0, 0, 256, 256]",1.0,sdnet_tile,deck
utuh/deck_7018-235.jpg,0,utuh,train,deck,deck_7018,D/UD/7018-235.jpg,"[0, 0, 256, 256]",1.0,sdnet_tile,deck
utuh/deck_7018-237.jpg,0,utuh,train,deck,deck_7018,D/UD/7018-237.jpg,"[0, 0, 256, 256]",1.0,sdnet_tile,deck
utuh/deck_7018-28.jpg,0,utuh,train,deck,deck_7018,D/UD/7018-28.jpg,"[0, 0, 256, 256]",1.0,sdnet_tile,deck
utuh/deck_7018-33.jpg,0,utuh,train,deck,deck_7018,D/UD/7018-33.jpg,"[0, 0, 256, 256]",1.0,sdnet_tile,deck
utuh/deck_7018-35.jpg,0,utuh,train,deck,deck_7018,D/UD/7018-35.jpg,"[0, 0, 256, 256]",1.0,sdnet_tile,deck
utuh/deck_7018-5.jpg,0,utuh,train,deck,deck_7018,D/UD/7018-5.jpg,"[0, 0, 256, 256]",1.0,sdnet_tile,deck
utuh/deck_7018-61.jpg,0,utuh,train,deck,deck_7018,D/UD/7018-61.jpg,"[0, 0, 256, 256]",1.0,sdnet_tile,deck
utuh/deck_7018-89.jpg,0,utuh,train,deck,deck_7018,D/UD/7018-89.jpg,"[0, 0, 256, 256]",1.0,sdnet_tile,deck
utuh/deck_7018-92.jpg,0,utuh,train,deck,deck_7018,D/UD/7018-92.jpg,"[0, 0, 256, 256]",1.0,sdnet_tile,deck
utuh/deck_7018-95.jpg,0,utuh,train,deck,deck_7018,D/UD/7018-95.jpg,"[0, 0, 256, 256]",1.0,sdnet_tile,deck
utuh/deck_7019-110.jpg,0,utuh,train,deck,deck_7019,D/UD/7019-110.jpg,"[0, 0, 256, 256]",1.0,sdnet_tile,deck
utuh/deck_7019-126.jpg,0,utuh,train,deck,deck_7019,D/UD/7019-126.jpg,"[0, 0, 256, 256]",1.0,sdnet_tile,deck
utuh/deck_7019-135.jpg,0,utuh,train,deck,deck_7019,D/UD/7019-135.jpg,"[0, 0, 256, 256]",1.0,sdnet_tile,deck
utuh/deck_7019-14.jpg,0,utuh,train,deck,deck_7019,D/UD/7019-14.jpg,"[0, 0, 256, 256]",1.0,sdnet_tile,deck
utuh/deck_7019-159.jpg,0,utuh,train,deck,deck_7019,D/UD/7019-159.jpg,"[0, 0, 256, 256]",1.0,sdnet_tile,deck
utuh/deck_7019-164.jpg,0,utuh,train,deck,deck_7019,D/UD/7019-164.jpg,"[0, 0, 256, 256]",1.0,sdnet_tile,deck
utuh/deck_7019-185.jpg,0,utuh,train,deck,deck_7019,D/UD/7019-185.jpg,"[0, 0, 256, 256]",1.0,sdnet_tile,deck
utuh/deck_7019-187.jpg,0,utuh,train,deck,deck_7019,D/UD/7019-187.jpg,"[0, 0, 256, 256]",1.0,sdnet_tile,deck
utuh/deck_7019-188.jpg,0,utuh,train,deck,deck_7019,D/UD/7019-188.jpg,"[0, 0, 256, 256]",1.0,sdnet_tile,deck
utuh/deck_7019-196.jpg,0,utuh,train,deck,deck_7019,D/UD/7019-196.jpg,"[0, 0, 256, 256]",1.0,sdnet_tile,deck
utuh/deck_7019-216.jpg,0,utuh,train,deck,deck_7019,D/UD/7019-216.jpg,"[0, 0, 256, 256]",1.0,sdnet_tile,deck
utuh/deck_7019-218.jpg,0,utuh,train,deck,deck_7019,D/UD/7019-218.jpg,"[0, 0, 256, 256]",1.0,sdnet_tile,deck
utuh/deck_7019-227.jpg,0,utuh,train,deck,deck_7019,D/UD/7019-227.jpg,"[0, 0, 256, 256]",1.0,sdnet_tile,deck
utuh/deck_7019-228.jpg,0,utuh,train,deck,deck_7019,D/UD/7019-228.jpg,"[0, 0, 256, 256]",1.0,sdnet_tile,deck
utuh/deck_7019-233.jpg,0,utuh,train,deck,deck_7019,D/UD/7019-233.jpg,"[0, 0, 256, 256]",1.0,sdnet_tile,deck
utuh/deck_7019-238.jpg,0,utuh,train,deck,deck_7019,D/UD/7019-238.jpg,"[0, 0, 256, 256]",1.0,sdnet_tile,deck
utuh/deck_7019-241.jpg,0,utuh,train,deck,deck_7019,D/UD/7019-241.jpg,"[0, 0, 256, 256]",1.0,sdnet_tile,deck
utuh/deck_7019-244.jpg,0,utuh,train,deck,deck_7019,D/UD/7019-244.jpg,"[0, 0, 256, 256]",1.0,sdnet_tile,deck
utuh/deck_7019-29.jpg,0,utuh,train,deck,deck_7019,D/UD/7019-29.jpg,"[0, 0, 256, 256]",1.0,sdnet_tile,deck
utuh/deck_7019-32.jpg,0,utuh,train,deck,deck_7019,D/UD/7019-32.jpg,"[0, 0, 256, 256]",1.0,sdnet_tile,deck
utuh/deck_7019-35.jpg,0,utuh,train,deck,deck_7019,D/UD/7019-35.jpg,"[0, 0, 256, 256]",1.0,sdnet_tile,deck
utuh/deck_7019-41.jpg,0,utuh,train,deck,deck_7019,D/UD/7019-41.jpg,"[0, 0, 256, 256]",1.0,sdnet_tile,deck
utuh/deck_7019-42.jpg,0,utuh,train,deck,deck_7019,D/UD/7019-42.jpg,"[0, 0, 256, 256]",1.0,sdnet_tile,deck
utuh/deck_7019-44.jpg,0,utuh,train,deck,deck_7019,D/UD/7019-44.jpg,"[0, 0, 256, 256]",1.0,sdnet_tile,deck
utuh/deck_7019-63.jpg,0,utuh,train,deck,deck_7019,D/UD/7019-63.jpg,"[0, 0, 256, 256]",1.0,sdnet_tile,deck
utuh/deck_7019-67.jpg,0,utuh,train,deck,deck_7019,D/UD/7019-67.jpg,"[0, 0, 256, 256]",1.0,sdnet_tile,deck
utuh/deck_7019-68.jpg,0,utuh,train,deck,deck_7019,D/UD/7019-68.jpg,"[0, 0, 256, 256]",1.0,sdnet_tile,deck
utuh/deck_7019-91.jpg,0,utuh,train,deck,deck_7019,D/UD/7019-91.jpg,"[0, 0, 256, 256]",1.0,sdnet_tile,deck
utuh/deck_7020-108.jpg,0,utuh,train,deck,deck_7020,D/UD/7020-108.jpg,"[0, 0, 256, 256]",1.0,sdnet_tile,deck
utuh/deck_7020-111.jpg,0,utuh,train,deck,deck_7020,D/UD/7020-111.jpg,"[0, 0, 256, 256]",1.0,sdnet_tile,deck
utuh/deck_7020-114.jpg,0,utuh,train,deck,deck_7020,D/UD/7020-114.jpg,"[0, 0, 256, 256]",1.0,sdnet_tile,deck
utuh/deck_7020-120.jpg,0,utuh,train,deck,deck_7020,D/UD/7020-120.jpg,"[0, 0, 256, 256]",1.0,sdnet_tile,deck
utuh/deck_7020-126.jpg,0,utuh,train,deck,deck_7020,D/UD/7020-126.jpg,"[0, 0, 256, 256]",1.0,sdnet_tile,deck
utuh/deck_7020-153.jpg,0,utuh,train,deck,deck_7020,D/UD/7020-153.jpg,"[0, 0, 256, 256]",1.0,sdnet_tile,deck
utuh/deck_7020-168.jpg,0,utuh,train,deck,deck_7020,D/UD/7020-168.jpg,"[0, 0, 256, 256]",1.0,sdnet_tile,deck
utuh/deck_7020-179.jpg,0,utuh,train,deck,deck_7020,D/UD/7020-179.jpg,"[0, 0, 256, 256]",1.0,sdnet_tile,deck
utuh/deck_7020-195.jpg,0,utuh,train,deck,deck_7020,D/UD/7020-195.jpg,"[0, 0, 256, 256]",1.0,sdnet_tile,deck
utuh/deck_7020-201.jpg,0,utuh,train,deck,deck_7020,D/UD/7020-201.jpg,"[0, 0, 256, 256]",1.0,sdnet_tile,deck
utuh/deck_7020-204.jpg,0,utuh,train,deck,deck_7020,D/UD/7020-204.jpg,"[0, 0, 256, 256]",1.0,sdnet_tile,deck
utuh/deck_7020-226.jpg,0,utuh,train,deck,deck_7020,D/UD/7020-226.jpg,"[0, 0, 256, 256]",1.0,sdnet_tile,deck
utuh/deck_7020-229.jpg,0,utuh,train,deck,deck_7020,D/UD/7020-229.jpg,"[0, 0, 256, 256]",1.0,sdnet_tile,deck
utuh/deck_7020-230.jpg,0,utuh,train,deck,deck_7020,D/UD/7020-230.jpg,"[0, 0, 256, 256]",1.0,sdnet_tile,deck
utuh/deck_7020-231.jpg,0,utuh,train,deck,deck_7020,D/UD/7020-231.jpg,"[0, 0, 256, 256]",1.0,sdnet_tile,deck
utuh/deck_7020-244.jpg,0,utuh,train,deck,deck_7020,D/UD/7020-244.jpg,"[0, 0, 256, 256]",1.0,sdnet_tile,deck
utuh/deck_7020-250.jpg,0,utuh,train,deck,deck_7020,D/UD/7020-250.jpg,"[0, 0, 256, 256]",1.0,sdnet_tile,deck
utuh/deck_7020-251.jpg,0,utuh,train,deck,deck_7020,D/UD/7020-251.jpg,"[0, 0, 256, 256]",1.0,sdnet_tile,deck
utuh/deck_7020-35.jpg,0,utuh,train,deck,deck_7020,D/UD/7020-35.jpg,"[0, 0, 256, 256]",1.0,sdnet_tile,deck
utuh/deck_7020-36.jpg,0,utuh,train,deck,deck_7020,D/UD/7020-36.jpg,"[0, 0, 256, 256]",1.0,sdnet_tile,deck
utuh/deck_7020-42.jpg,0,utuh,train,deck,deck_7020,D/UD/7020-42.jpg,"[0, 0, 256, 256]",1.0,sdnet_tile,deck
utuh/deck_7020-54.jpg,0,utuh,train,deck,deck_7020,D/UD/7020-54.jpg,"[0, 0, 256, 256]",1.0,sdnet_tile,deck
utuh/deck_7020-59.jpg,0,utuh,train,deck,deck_7020,D/UD/7020-59.jpg,"[0, 0, 256, 256]",1.0,sdnet_tile,deck
utuh/deck_7020-60.jpg,0,utuh,train,deck,deck_7020,D/UD/7020-60.jpg,"[0, 0, 256, 256]",1.0,sdnet_tile,deck
utuh/deck_7020-81.jpg,0,utuh,train,deck,deck_7020,D/UD/7020-81.jpg,"[0, 0, 256, 256]",1.0,sdnet_tile,deck
utuh/deck_7020-82.jpg,0,utuh,train,deck,deck_7020,D/UD/7020-82.jpg,"[0, 0, 256, 256]",1.0,sdnet_tile,deck
utuh/deck_7020-86.jpg,0,utuh,train,deck,deck_7020,D/UD/7020-86.jpg,"[0, 0, 256, 256]",1.0,sdnet_tile,deck
utuh/deck_7020-89.jpg,0,utuh,train,deck,deck_7020,D/UD/7020-89.jpg,"[0, 0, 256, 256]",1.0,sdnet_tile,deck
utuh/deck_7022-1.jpg,0,utuh,train,deck,deck_7022,D/UD/7022-1.jpg,"[0, 0, 256, 256]",1.0,sdnet_tile,deck
utuh/deck_7022-108.jpg,0,utuh,train,deck,deck_7022,D/UD/7022-108.jpg,"[0, 0, 256, 256]",1.0,sdnet_tile,deck
utuh/deck_7022-124.jpg,0,utuh,train,deck,deck_7022,D/UD/7022-124.jpg,"[0, 0, 256, 256]",1.0,sdnet_tile,deck
utuh/deck_7022-136.jpg,0,utuh,train,deck,deck_7022,D/UD/7022-136.jpg,"[0, 0, 256, 256]",1.0,sdnet_tile,deck
utuh/deck_7022-143.jpg,0,utuh,train,deck,deck_7022,D/UD/7022-143.jpg,"[0, 0, 256, 256]",1.0,sdnet_tile,deck
utuh/deck_7022-166.jpg,0,utuh,train,deck,deck_7022,D/UD/7022-166.jpg,"[0, 0, 256, 256]",1.0,sdnet_tile,deck
utuh/deck_7022-175.jpg,0,utuh,train,deck,deck_7022,D/UD/7022-175.jpg,"[0, 0, 256, 256]",1.0,sdnet_tile,deck
utuh/deck_7022-18.jpg,0,utuh,train,deck,deck_7022,D/UD/7022-18.jpg,"[0, 0, 256, 256]",1.0,sdnet_tile,deck
utuh/deck_7022-180.jpg,0,utuh,train,deck,deck_7022,D/UD/7022-180.jpg,"[0, 0, 256, 256]",1.0,sdnet_tile,deck
utuh/deck_7022-189.jpg,0,utuh,train,deck,deck_7022,D/UD/7022-189.jpg,"[0, 0, 256, 256]",1.0,sdnet_tile,deck
utuh/deck_7022-191.jpg,0,utuh,train,deck,deck_7022,D/UD/7022-191.jpg,"[0, 0, 256, 256]",1.0,sdnet_tile,deck
utuh/deck_7022-209.jpg,0,utuh,train,deck,deck_7022,D/UD/7022-209.jpg,"[0, 0, 256, 256]",1.0,sdnet_tile,deck
utuh/deck_7022-212.jpg,0,utuh,train,deck,deck_7022,D/UD/7022-212.jpg,"[0, 0, 256, 256]",1.0,sdnet_tile,deck
utuh/deck_7022-214.jpg,0,utuh,train,deck,deck_7022,D/UD/7022-214.jpg,"[0, 0, 256, 256]",1.0,sdnet_tile,deck
utuh/deck_7022-216.jpg,0,utuh,train,deck,deck_7022,D/UD/7022-216.jpg,"[0, 0, 256, 256]",1.0,sdnet_tile,deck
utuh/deck_7022-220.jpg,0,utuh,train,deck,deck_7022,D/UD/7022-220.jpg,"[0, 0, 256, 256]",1.0,sdnet_tile,deck
utuh/deck_7022-233.jpg,0,utuh,train,deck,deck_7022,D/UD/7022-233.jpg,"[0, 0, 256, 256]",1.0,sdnet_tile,deck
utuh/deck_7022-243.jpg,0,utuh,train,deck,deck_7022,D/UD/7022-243.jpg,"[0, 0, 256, 256]",1.0,sdnet_tile,deck
utuh/deck_7022-245.jpg,0,utuh,train,deck,deck_7022,D/UD/7022-245.jpg,"[0, 0, 256, 256]",1.0,sdnet_tile,deck
utuh/deck_7022-29.jpg,0,utuh,train,deck,deck_7022,D/UD/7022-29.jpg,"[0, 0, 256, 256]",1.0,sdnet_tile,deck
utuh/deck_7022-31.jpg,0,utuh,train,deck,deck_7022,D/UD/7022-31.jpg,"[0, 0, 256, 256]",1.0,sdnet_tile,deck
utuh/deck_7022-32.jpg,0,utuh,train,deck,deck_7022,D/UD/7022-32.jpg,"[0, 0, 256, 256]",1.0,sdnet_tile,deck
utuh/deck_7022-37.jpg,0,utuh,train,deck,deck_7022,D/UD/7022-37.jpg,"[0, 0, 256, 256]",1.0,sdnet_tile,deck
utuh/deck_7022-51.jpg,0,utuh,train,deck,deck_7022,D/UD/7022-51.jpg,"[0, 0, 256, 256]",1.0,sdnet_tile,deck
utuh/deck_7022-53.jpg,0,utuh,train,deck,deck_7022,D/UD/7022-53.jpg,"[0, 0, 256, 256]",1.0,sdnet_tile,deck
utuh/deck_7022-57.jpg,0,utuh,train,deck,deck_7022,D/UD/7022-57.jpg,"[0, 0, 256, 256]",1.0,sdnet_tile,deck
utuh/deck_7022-60.jpg,0,utuh,train,deck,deck_7022,D/UD/7022-60.jpg,"[0, 0, 256, 256]",1.0,sdnet_tile,deck
utuh/deck_7022-77.jpg,0,utuh,train,deck,deck_7022,D/UD/7022-77.jpg,"[0, 0, 256, 256]",1.0,sdnet_tile,deck
utuh/deck_7023-101.jpg,0,utuh,train,deck,deck_7023,D/UD/7023-101.jpg,"[0, 0, 256, 256]",1.0,sdnet_tile,deck
utuh/deck_7023-111.jpg,0,utuh,train,deck,deck_7023,D/UD/7023-111.jpg,"[0, 0, 256, 256]",1.0,sdnet_tile,deck
utuh/deck_7023-147.jpg,0,utuh,train,deck,deck_7023,D/UD/7023-147.jpg,"[0, 0, 256, 256]",1.0,sdnet_tile,deck
utuh/deck_7023-151.jpg,0,utuh,train,deck,deck_7023,D/UD/7023-151.jpg,"[0, 0, 256, 256]",1.0,sdnet_tile,deck
utuh/deck_7023-156.jpg,0,utuh,train,deck,deck_7023,D/UD/7023-156.jpg,"[0, 0, 256, 256]",1.0,sdnet_tile,deck
utuh/deck_7023-158.jpg,0,utuh,train,deck,deck_7023,D/UD/7023-158.jpg,"[0, 0, 256, 256]",1.0,sdnet_tile,deck
utuh/deck_7023-162.jpg,0,utuh,train,deck,deck_7023,D/UD/7023-162.jpg,"[0, 0, 256, 256]",1.0,sdnet_tile,deck
utuh/deck_7023-185.jpg,0,utuh,train,deck,deck_7023,D/UD/7023-185.jpg,"[0, 0, 256, 256]",1.0,sdnet_tile,deck
utuh/deck_7023-186.jpg,0,utuh,train,deck,deck_7023,D/UD/7023-186.jpg,"[0, 0, 256, 256]",1.0,sdnet_tile,deck
utuh/deck_7023-189.jpg,0,utuh,train,deck,deck_7023,D/UD/7023-189.jpg,"[0, 0, 256, 256]",1.0,sdnet_tile,deck
utuh/deck_7023-205.jpg,0,utuh,train,deck,deck_7023,D/UD/7023-205.jpg,"[0, 0, 256, 256]",1.0,sdnet_tile,deck
utuh/deck_7023-206.jpg,0,utuh,train,deck,deck_7023,D/UD/7023-206.jpg,"[0, 0, 256, 256]",1.0,sdnet_tile,deck
utuh/deck_7023-210.jpg,0,utuh,train,deck,deck_7023,D/UD/7023-210.jpg,"[0, 0, 256, 256]",1.0,sdnet_tile,deck
utuh/deck_7023-212.jpg,0,utuh,train,deck,deck_7023,D/UD/7023-212.jpg,"[0, 0, 256, 256]",1.0,sdnet_tile,deck
utuh/deck_7023-220.jpg,0,utuh,train,deck,deck_7023,D/UD/7023-220.jpg,"[0, 0, 256, 256]",1.0,sdnet_tile,deck
utuh/deck_7023-235.jpg,0,utuh,train,deck,deck_7023,D/UD/7023-235.jpg,"[0, 0, 256, 256]",1.0,sdnet_tile,deck
utuh/deck_7023-25.jpg,0,utuh,train,deck,deck_7023,D/UD/7023-25.jpg,"[0, 0, 256, 256]",1.0,sdnet_tile,deck
utuh/deck_7023-30.jpg,0,utuh,train,deck,deck_7023,D/UD/7023-30.jpg,"[0, 0, 256, 256]",1.0,sdnet_tile,deck
utuh/deck_7023-34.jpg,0,utuh,train,deck,deck_7023,D/UD/7023-34.jpg,"[0, 0, 256, 256]",1.0,sdnet_tile,deck
utuh/deck_7023-35.jpg,0,utuh,train,deck,deck_7023,D/UD/7023-35.jpg,"[0, 0, 256, 256]",1.0,sdnet_tile,deck
utuh/deck_7023-56.jpg,0,utuh,train,deck,deck_7023,D/UD/7023-56.jpg,"[0, 0, 256, 256]",1.0,sdnet_tile,deck
utuh/deck_7023-58.jpg,0,utuh,train,deck,deck_7023,D/UD/7023-58.jpg,"[0, 0, 256, 256]",1.0,sdnet_tile,deck
utuh/deck_7023-59.jpg,0,utuh,train,deck,deck_7023,D/UD/7023-59.jpg,"[0, 0, 256, 256]",1.0,sdnet_tile,deck
utuh/deck_7023-6.jpg,0,utuh,train,deck,deck_7023,D/UD/7023-6.jpg,"[0, 0, 256, 256]",1.0,sdnet_tile,deck
utuh/deck_7023-68.jpg,0,utuh,train,deck,deck_7023,D/UD/7023-68.jpg,"[0, 0, 256, 256]",1.0,sdnet_tile,deck
utuh/deck_7023-79.jpg,0,utuh,train,deck,deck_7023,D/UD/7023-79.jpg,"[0, 0, 256, 256]",1.0,sdnet_tile,deck
utuh/deck_7023-9.jpg,0,utuh,train,deck,deck_7023,D/UD/7023-9.jpg,"[0, 0, 256, 256]",1.0,sdnet_tile,deck
utuh/deck_7023-93.jpg,0,utuh,train,deck,deck_7023,D/UD/7023-93.jpg,"[0, 0, 256, 256]",1.0,sdnet_tile,deck
utuh/deck_7024-123.jpg,0,utuh,train,deck,deck_7024,D/UD/7024-123.jpg,"[0, 0, 256, 256]",1.0,sdnet_tile,deck
utuh/deck_7024-142.jpg,0,utuh,train,deck,deck_7024,D/UD/7024-142.jpg,"[0, 0, 256, 256]",1.0,sdnet_tile,deck
utuh/deck_7024-153.jpg,0,utuh,train,deck,deck_7024,D/UD/7024-153.jpg,"[0, 0, 256, 256]",1.0,sdnet_tile,deck
utuh/deck_7024-155.jpg,0,utuh,train,deck,deck_7024,D/UD/7024-155.jpg,"[0, 0, 256, 256]",1.0,sdnet_tile,deck
utuh/deck_7024-161.jpg,0,utuh,train,deck,deck_7024,D/UD/7024-161.jpg,"[0, 0, 256, 256]",1.0,sdnet_tile,deck
utuh/deck_7024-177.jpg,0,utuh,train,deck,deck_7024,D/UD/7024-177.jpg,"[0, 0, 256, 256]",1.0,sdnet_tile,deck
utuh/deck_7024-181.jpg,0,utuh,train,deck,deck_7024,D/UD/7024-181.jpg,"[0, 0, 256, 256]",1.0,sdnet_tile,deck
utuh/deck_7024-183.jpg,0,utuh,train,deck,deck_7024,D/UD/7024-183.jpg,"[0, 0, 256, 256]",1.0,sdnet_tile,deck
utuh/deck_7024-185.jpg,0,utuh,train,deck,deck_7024,D/UD/7024-185.jpg,"[0, 0, 256, 256]",1.0,sdnet_tile,deck
utuh/deck_7024-187.jpg,0,utuh,train,deck,deck_7024,D/UD/7024-187.jpg,"[0, 0, 256, 256]",1.0,sdnet_tile,deck
utuh/deck_7024-209.jpg,0,utuh,train,deck,deck_7024,D/UD/7024-209.jpg,"[0, 0, 256, 256]",1.0,sdnet_tile,deck
utuh/deck_7024-213.jpg,0,utuh,train,deck,deck_7024,D/UD/7024-213.jpg,"[0, 0, 256, 256]",1.0,sdnet_tile,deck
utuh/deck_7024-229.jpg,0,utuh,train,deck,deck_7024,D/UD/7024-229.jpg,"[0, 0, 256, 256]",1.0,sdnet_tile,deck
utuh/deck_7024-238.jpg,0,utuh,train,deck,deck_7024,D/UD/7024-238.jpg,"[0, 0, 256, 256]",1.0,sdnet_tile,deck
utuh/deck_7024-250.jpg,0,utuh,train,deck,deck_7024,D/UD/7024-250.jpg,"[0, 0, 256, 256]",1.0,sdnet_tile,deck
utuh/deck_7024-26.jpg,0,utuh,train,deck,deck_7024,D/UD/7024-26.jpg,"[0, 0, 256, 256]",1.0,sdnet_tile,deck
utuh/deck_7024-28.jpg,0,utuh,train,deck,deck_7024,D/UD/7024-28.jpg,"[0, 0, 256, 256]",1.0,sdnet_tile,deck
utuh/deck_7024-34.jpg,0,utuh,train,deck,deck_7024,D/UD/7024-34.jpg,"[0, 0, 256, 256]",1.0,sdnet_tile,deck
utuh/deck_7024-37.jpg,0,utuh,train,deck,deck_7024,D/UD/7024-37.jpg,"[0, 0, 256, 256]",1.0,sdnet_tile,deck
utuh/deck_7024-42.jpg,0,utuh,train,deck,deck_7024,D/UD/7024-42.jpg,"[0, 0, 256, 256]",1.0,sdnet_tile,deck
utuh/deck_7024-53.jpg,0,utuh,train,deck,deck_7024,D/UD/7024-53.jpg,"[0, 0, 256, 256]",1.0,sdnet_tile,deck
utuh/deck_7024-56.jpg,0,utuh,train,deck,deck_7024,D/UD/7024-56.jpg,"[0, 0, 256, 256]",1.0,sdnet_tile,deck
utuh/deck_7024-58.jpg,0,utuh,train,deck,deck_7024,D/UD/7024-58.jpg,"[0, 0, 256, 256]",1.0,sdnet_tile,deck
utuh/deck_7024-62.jpg,0,utuh,train,deck,deck_7024,D/UD/7024-62.jpg,"[0, 0, 256, 256]",1.0,sdnet_tile,deck
utuh/deck_7024-70.jpg,0,utuh,train,deck,deck_7024,D/UD/7024-70.jpg,"[0, 0, 256, 256]",1.0,sdnet_tile,deck
utuh/deck_7024-72.jpg,0,utuh,train,deck,deck_7024,D/UD/7024-72.jpg,"[0, 0, 256, 256]",1.0,sdnet_tile,deck
utuh/deck_7024-75.jpg,0,utuh,train,deck,deck_7024,D/UD/7024-75.jpg,"[0, 0, 256, 256]",1.0,sdnet_tile,deck
utuh/deck_7024-8.jpg,0,utuh,train,deck,deck_7024,D/UD/7024-8.jpg,"[0, 0, 256, 256]",1.0,sdnet_tile,deck
utuh/deck_7026-104.jpg,0,utuh,train,deck,deck_7026,D/UD/7026-104.jpg,"[0, 0, 256, 256]",1.0,sdnet_tile,deck
utuh/deck_7026-110.jpg,0,utuh,train,deck,deck_7026,D/UD/7026-110.jpg,"[0, 0, 256, 256]",1.0,sdnet_tile,deck
utuh/deck_7026-120.jpg,0,utuh,train,deck,deck_7026,D/UD/7026-120.jpg,"[0, 0, 256, 256]",1.0,sdnet_tile,deck
utuh/deck_7026-123.jpg,0,utuh,train,deck,deck_7026,D/UD/7026-123.jpg,"[0, 0, 256, 256]",1.0,sdnet_tile,deck
utuh/deck_7026-129.jpg,0,utuh,train,deck,deck_7026,D/UD/7026-129.jpg,"[0, 0, 256, 256]",1.0,sdnet_tile,deck
utuh/deck_7026-130.jpg,0,utuh,train,deck,deck_7026,D/UD/7026-130.jpg,"[0, 0, 256, 256]",1.0,sdnet_tile,deck
utuh/deck_7026-138.jpg,0,utuh,train,deck,deck_7026,D/UD/7026-138.jpg,"[0, 0, 256, 256]",1.0,sdnet_tile,deck
utuh/deck_7026-141.jpg,0,utuh,train,deck,deck_7026,D/UD/7026-141.jpg,"[0, 0, 256, 256]",1.0,sdnet_tile,deck
utuh/deck_7026-164.jpg,0,utuh,train,deck,deck_7026,D/UD/7026-164.jpg,"[0, 0, 256, 256]",1.0,sdnet_tile,deck
utuh/deck_7026-171.jpg,0,utuh,train,deck,deck_7026,D/UD/7026-171.jpg,"[0, 0, 256, 256]",1.0,sdnet_tile,deck
utuh/deck_7026-173.jpg,0,utuh,train,deck,deck_7026,D/UD/7026-173.jpg,"[0, 0, 256, 256]",1.0,sdnet_tile,deck
utuh/deck_7026-176.jpg,0,utuh,train,deck,deck_7026,D/UD/7026-176.jpg,"[0, 0, 256, 256]",1.0,sdnet_tile,deck
utuh/deck_7026-177.jpg,0,utuh,train,deck,deck_7026,D/UD/7026-177.jpg,"[0, 0, 256, 256]",1.0,sdnet_tile,deck
utuh/deck_7026-189.jpg,0,utuh,train,deck,deck_7026,D/UD/7026-189.jpg,"[0, 0, 256, 256]",1.0,sdnet_tile,deck
utuh/deck_7026-199.jpg,0,utuh,train,deck,deck_7026,D/UD/7026-199.jpg,"[0, 0, 256, 256]",1.0,sdnet_tile,deck
utuh/deck_7026-206.jpg,0,utuh,train,deck,deck_7026,D/UD/7026-206.jpg,"[0, 0, 256, 256]",1.0,sdnet_tile,deck
utuh/deck_7026-209.jpg,0,utuh,train,deck,deck_7026,D/UD/7026-209.jpg,"[0, 0, 256, 256]",1.0,sdnet_tile,deck
utuh/deck_7026-218.jpg,0,utuh,train,deck,deck_7026,D/UD/7026-218.jpg,"[0, 0, 256, 256]",1.0,sdnet_tile,deck
utuh/deck_7026-25.jpg,0,utuh,train,deck,deck_7026,D/UD/7026-25.jpg,"[0, 0, 256, 256]",1.0,sdnet_tile,deck
utuh/deck_7026-36.jpg,0,utuh,train,deck,deck_7026,D/UD/7026-36.jpg,"[0, 0, 256, 256]",1.0,sdnet_tile,deck
utuh/deck_7026-42.jpg,0,utuh,train,deck,deck_7026,D/UD/7026-42.jpg,"[0, 0, 256, 256]",1.0,sdnet_tile,deck
utuh/deck_7026-61.jpg,0,utuh,train,deck,deck_7026,D/UD/7026-61.jpg,"[0, 0, 256, 256]",1.0,sdnet_tile,deck
utuh/deck_7026-80.jpg,0,utuh,train,deck,deck_7026,D/UD/7026-80.jpg,"[0, 0, 256, 256]",1.0,sdnet_tile,deck
utuh/deck_7026-82.jpg,0,utuh,train,deck,deck_7026,D/UD/7026-82.jpg,"[0, 0, 256, 256]",1.0,sdnet_tile,deck
utuh/deck_7026-87.jpg,0,utuh,train,deck,deck_7026,D/UD/7026-87.jpg,"[0, 0, 256, 256]",1.0,sdnet_tile,deck
utuh/deck_7026-90.jpg,0,utuh,train,deck,deck_7026,D/UD/7026-90.jpg,"[0, 0, 256, 256]",1.0,sdnet_tile,deck
utuh/deck_7026-97.jpg,0,utuh,train,deck,deck_7026,D/UD/7026-97.jpg,"[0, 0, 256, 256]",1.0,sdnet_tile,deck
utuh/deck_7026-99.jpg,0,utuh,train,deck,deck_7026,D/UD/7026-99.jpg,"[0, 0, 256, 256]",1.0,sdnet_tile,deck
utuh/deck_7028-100.jpg,0,utuh,train,deck,deck_7028,D/UD/7028-100.jpg,"[0, 0, 256, 256]",1.0,sdnet_tile,deck
utuh/deck_7028-118.jpg,0,utuh,train,deck,deck_7028,D/UD/7028-118.jpg,"[0, 0, 256, 256]",1.0,sdnet_tile,deck
utuh/deck_7028-123.jpg,0,utuh,train,deck,deck_7028,D/UD/7028-123.jpg,"[0, 0, 256, 256]",1.0,sdnet_tile,deck
utuh/deck_7028-145.jpg,0,utuh,train,deck,deck_7028,D/UD/7028-145.jpg,"[0, 0, 256, 256]",1.0,sdnet_tile,deck
utuh/deck_7028-157.jpg,0,utuh,train,deck,deck_7028,D/UD/7028-157.jpg,"[0, 0, 256, 256]",1.0,sdnet_tile,deck
utuh/deck_7028-18.jpg,0,utuh,train,deck,deck_7028,D/UD/7028-18.jpg,"[0, 0, 256, 256]",1.0,sdnet_tile,deck
utuh/deck_7028-181.jpg,0,utuh,train,deck,deck_7028,D/UD/7028-181.jpg,"[0, 0, 256, 256]",1.0,sdnet_tile,deck
utuh/deck_7028-188.jpg,0,utuh,train,deck,deck_7028,D/UD/7028-188.jpg,"[0, 0, 256, 256]",1.0,sdnet_tile,deck
utuh/deck_7028-198.jpg,0,utuh,train,deck,deck_7028,D/UD/7028-198.jpg,"[0, 0, 256, 256]",1.0,sdnet_tile,deck
utuh/deck_7028-206.jpg,0,utuh,train,deck,deck_7028,D/UD/7028-206.jpg,"[0, 0, 256, 256]",1.0,sdnet_tile,deck
utuh/deck_7028-207.jpg,0,utuh,train,deck,deck_7028,D/UD/7028-207.jpg,"[0, 0, 256, 256]",1.0,sdnet_tile,deck
utuh/deck_7028-209.jpg,0,utuh,train,deck,deck_7028,D/UD/7028-209.jpg,"[0, 0, 256, 256]",1.0,sdnet_tile,deck
utuh/deck_7028-210.jpg,0,utuh,train,deck,deck_7028,D/UD/7028-210.jpg,"[0, 0, 256, 256]",1.0,sdnet_tile,deck
utuh/deck_7028-225.jpg,0,utuh,train,deck,deck_7028,D/UD/7028-225.jpg,"[0, 0, 256, 256]",1.0,sdnet_tile,deck
utuh/deck_7028-233.jpg,0,utuh,train,deck,deck_7028,D/UD/7028-233.jpg,"[0, 0, 256, 256]",1.0,sdnet_tile,deck
utuh/deck_7028-24.jpg,0,utuh,train,deck,deck_7028,D/UD/7028-24.jpg,"[0, 0, 256, 256]",1.0,sdnet_tile,deck
utuh/deck_7028-241.jpg,0,utuh,train,deck,deck_7028,D/UD/7028-241.jpg,"[0, 0, 256, 256]",1.0,sdnet_tile,deck
utuh/deck_7028-245.jpg,0,utuh,train,deck,deck_7028,D/UD/7028-245.jpg,"[0, 0, 256, 256]",1.0,sdnet_tile,deck
utuh/deck_7028-249.jpg,0,utuh,train,deck,deck_7028,D/UD/7028-249.jpg,"[0, 0, 256, 256]",1.0,sdnet_tile,deck
utuh/deck_7028-56.jpg,0,utuh,train,deck,deck_7028,D/UD/7028-56.jpg,"[0, 0, 256, 256]",1.0,sdnet_tile,deck
utuh/deck_7028-70.jpg,0,utuh,train,deck,deck_7028,D/UD/7028-70.jpg,"[0, 0, 256, 256]",1.0,sdnet_tile,deck
utuh/deck_7028-72.jpg,0,utuh,train,deck,deck_7028,D/UD/7028-72.jpg,"[0, 0, 256, 256]",1.0,sdnet_tile,deck
utuh/deck_7028-80.jpg,0,utuh,train,deck,deck_7028,D/UD/7028-80.jpg,"[0, 0, 256, 256]",1.0,sdnet_tile,deck
utuh/deck_7028-86.jpg,0,utuh,train,deck,deck_7028,D/UD/7028-86.jpg,"[0, 0, 256, 256]",1.0,sdnet_tile,deck
utuh/deck_7028-87.jpg,0,utuh,train,deck,deck_7028,D/UD/7028-87.jpg,"[0, 0, 256, 256]",1.0,sdnet_tile,deck
utuh/deck_7028-91.jpg,0,utuh,train,deck,deck_7028,D/UD/7028-91.jpg,"[0, 0, 256, 256]",1.0,sdnet_tile,deck
utuh/deck_7028-92.jpg,0,utuh,train,deck,deck_7028,D/UD/7028-92.jpg,"[0, 0, 256, 256]",1.0,sdnet_tile,deck
utuh/deck_7028-99.jpg,0,utuh,train,deck,deck_7028,D/UD/7028-99.jpg,"[0, 0, 256, 256]",1.0,sdnet_tile,deck
utuh/deck_7029-104.jpg,0,utuh,train,deck,deck_7029,D/UD/7029-104.jpg,"[0, 0, 256, 256]",1.0,sdnet_tile,deck
utuh/deck_7029-112.jpg,0,utuh,train,deck,deck_7029,D/UD/7029-112.jpg,"[0, 0, 256, 256]",1.0,sdnet_tile,deck
utuh/deck_7029-127.jpg,0,utuh,train,deck,deck_7029,D/UD/7029-127.jpg,"[0, 0, 256, 256]",1.0,sdnet_tile,deck
utuh/deck_7029-129.jpg,0,utuh,train,deck,deck_7029,D/UD/7029-129.jpg,"[0, 0, 256, 256]",1.0,sdnet_tile,deck
utuh/deck_7029-133.jpg,0,utuh,train,deck,deck_7029,D/UD/7029-133.jpg,"[0, 0, 256, 256]",1.0,sdnet_tile,deck
utuh/deck_7029-134.jpg,0,utuh,train,deck,deck_7029,D/UD/7029-134.jpg,"[0, 0, 256, 256]",1.0,sdnet_tile,deck
utuh/deck_7029-145.jpg,0,utuh,train,deck,deck_7029,D/UD/7029-145.jpg,"[0, 0, 256, 256]",1.0,sdnet_tile,deck
utuh/deck_7029-151.jpg,0,utuh,train,deck,deck_7029,D/UD/7029-151.jpg,"[0, 0, 256, 256]",1.0,sdnet_tile,deck
utuh/deck_7029-152.jpg,0,utuh,train,deck,deck_7029,D/UD/7029-152.jpg,"[0, 0, 256, 256]",1.0,sdnet_tile,deck
utuh/deck_7029-156.jpg,0,utuh,train,deck,deck_7029,D/UD/7029-156.jpg,"[0, 0, 256, 256]",1.0,sdnet_tile,deck
utuh/deck_7029-160.jpg,0,utuh,train,deck,deck_7029,D/UD/7029-160.jpg,"[0, 0, 256, 256]",1.0,sdnet_tile,deck
utuh/deck_7029-17.jpg,0,utuh,train,deck,deck_7029,D/UD/7029-17.jpg,"[0, 0, 256, 256]",1.0,sdnet_tile,deck
utuh/deck_7029-183.jpg,0,utuh,train,deck,deck_7029,D/UD/7029-183.jpg,"[0, 0, 256, 256]",1.0,sdnet_tile,deck
utuh/deck_7029-23.jpg,0,utuh,train,deck,deck_7029,D/UD/7029-23.jpg,"[0, 0, 256, 256]",1.0,sdnet_tile,deck
utuh/deck_7029-231.jpg,0,utuh,train,deck,deck_7029,D/UD/7029-231.jpg,"[0, 0, 256, 256]",1.0,sdnet_tile,deck
utuh/deck_7029-243.jpg,0,utuh,train,deck,deck_7029,D/UD/7029-243.jpg,"[0, 0, 256, 256]",1.0,sdnet_tile,deck
utuh/deck_7029-250.jpg,0,utuh,train,deck,deck_7029,D/UD/7029-250.jpg,"[0, 0, 256, 256]",1.0,sdnet_tile,deck
utuh/deck_7029-251.jpg,0,utuh,train,deck,deck_7029,D/UD/7029-251.jpg,"[0, 0, 256, 256]",1.0,sdnet_tile,deck
utuh/deck_7029-38.jpg,0,utuh,train,deck,deck_7029,D/UD/7029-38.jpg,"[0, 0, 256, 256]",1.0,sdnet_tile,deck
utuh/deck_7029-43.jpg,0,utuh,train,deck,deck_7029,D/UD/7029-43.jpg,"[0, 0, 256, 256]",1.0,sdnet_tile,deck
utuh/deck_7029-6.jpg,0,utuh,train,deck,deck_7029,D/UD/7029-6.jpg,"[0, 0, 256, 256]",1.0,sdnet_tile,deck
utuh/deck_7029-68.jpg,0,utuh,train,deck,deck_7029,D/UD/7029-68.jpg,"[0, 0, 256, 256]",1.0,sdnet_tile,deck
utuh/deck_7029-69.jpg,0,utuh,train,deck,deck_7029,D/UD/7029-69.jpg,"[0, 0, 256, 256]",1.0,sdnet_tile,deck
utuh/deck_7029-7.jpg,0,utuh,train,deck,deck_7029,D/UD/7029-7.jpg,"[0, 0, 256, 256]",1.0,sdnet_tile,deck
utuh/deck_7029-70.jpg,0,utuh,train,deck,deck_7029,D/UD/7029-70.jpg,"[0, 0, 256, 256]",1.0,sdnet_tile,deck
utuh/deck_7029-72.jpg,0,utuh,train,deck,deck_7029,D/UD/7029-72.jpg,"[0, 0, 256, 256]",1.0,sdnet_tile,deck
utuh/deck_7029-83.jpg,0,utuh,train,deck,deck_7029,D/UD/7029-83.jpg,"[0, 0, 256, 256]",1.0,sdnet_tile,deck
utuh/deck_7029-93.jpg,0,utuh,train,deck,deck_7029,D/UD/7029-93.jpg,"[0, 0, 256, 256]",1.0,sdnet_tile,deck
utuh/deck_7030-120.jpg,0,utuh,train,deck,deck_7030,D/UD/7030-120.jpg,"[0, 0, 256, 256]",1.0,sdnet_tile,deck
utuh/deck_7030-121.jpg,0,utuh,train,deck,deck_7030,D/UD/7030-121.jpg,"[0, 0, 256, 256]",1.0,sdnet_tile,deck
utuh/deck_7030-122.jpg,0,utuh,train,deck,deck_7030,D/UD/7030-122.jpg,"[0, 0, 256, 256]",1.0,sdnet_tile,deck
utuh/deck_7030-123.jpg,0,utuh,train,deck,deck_7030,D/UD/7030-123.jpg,"[0, 0, 256, 256]",1.0,sdnet_tile,deck
utuh/deck_7030-126.jpg,0,utuh,train,deck,deck_7030,D/UD/7030-126.jpg,"[0, 0, 256, 256]",1.0,sdnet_tile,deck
utuh/deck_7030-134.jpg,0,utuh,train,deck,deck_7030,D/UD/7030-134.jpg,"[0, 0, 256, 256]",1.0,sdnet_tile,deck
utuh/deck_7030-148.jpg,0,utuh,train,deck,deck_7030,D/UD/7030-148.jpg,"[0, 0, 256, 256]",1.0,sdnet_tile,deck
utuh/deck_7030-150.jpg,0,utuh,train,deck,deck_7030,D/UD/7030-150.jpg,"[0, 0, 256, 256]",1.0,sdnet_tile,deck
utuh/deck_7030-151.jpg,0,utuh,train,deck,deck_7030,D/UD/7030-151.jpg,"[0, 0, 256, 256]",1.0,sdnet_tile,deck
utuh/deck_7030-159.jpg,0,utuh,train,deck,deck_7030,D/UD/7030-159.jpg,"[0, 0, 256, 256]",1.0,sdnet_tile,deck
utuh/deck_7030-160.jpg,0,utuh,train,deck,deck_7030,D/UD/7030-160.jpg,"[0, 0, 256, 256]",1.0,sdnet_tile,deck
utuh/deck_7030-183.jpg,0,utuh,train,deck,deck_7030,D/UD/7030-183.jpg,"[0, 0, 256, 256]",1.0,sdnet_tile,deck
utuh/deck_7030-192.jpg,0,utuh,train,deck,deck_7030,D/UD/7030-192.jpg,"[0, 0, 256, 256]",1.0,sdnet_tile,deck
utuh/deck_7030-201.jpg,0,utuh,train,deck,deck_7030,D/UD/7030-201.jpg,"[0, 0, 256, 256]",1.0,sdnet_tile,deck
utuh/deck_7030-215.jpg,0,utuh,train,deck,deck_7030,D/UD/7030-215.jpg,"[0, 0, 256, 256]",1.0,sdnet_tile,deck
utuh/deck_7030-22.jpg,0,utuh,train,deck,deck_7030,D/UD/7030-22.jpg,"[0, 0, 256, 256]",1.0,sdnet_tile,deck
utuh/deck_7030-227.jpg,0,utuh,train,deck,deck_7030,D/UD/7030-227.jpg,"[0, 0, 256, 256]",1.0,sdnet_tile,deck
utuh/deck_7030-230.jpg,0,utuh,train,deck,deck_7030,D/UD/7030-230.jpg,"[0, 0, 256, 256]",1.0,sdnet_tile,deck
utuh/deck_7030-234.jpg,0,utuh,train,deck,deck_7030,D/UD/7030-234.jpg,"[0, 0, 256, 256]",1.0,sdnet_tile,deck
utuh/deck_7030-237.jpg,0,utuh,train,deck,deck_7030,D/UD/7030-237.jpg,"[0, 0, 256, 256]",1.0,sdnet_tile,deck
utuh/deck_7030-248.jpg,0,utuh,train,deck,deck_7030,D/UD/7030-248.jpg,"[0, 0, 256, 256]",1.0,sdnet_tile,deck
utuh/deck_7030-36.jpg,0,utuh,train,deck,deck_7030,D/UD/7030-36.jpg,"[0, 0, 256, 256]",1.0,sdnet_tile,deck
utuh/deck_7030-40.jpg,0,utuh,train,deck,deck_7030,D/UD/7030-40.jpg,"[0, 0, 256, 256]",1.0,sdnet_tile,deck
utuh/deck_7030-7.jpg,0,utuh,train,deck,deck_7030,D/UD/7030-7.jpg,"[0, 0, 256, 256]",1.0,sdnet_tile,deck
utuh/deck_7030-72.jpg,0,utuh,train,deck,deck_7030,D/UD/7030-72.jpg,"[0, 0, 256, 256]",1.0,sdnet_tile,deck
utuh/deck_7030-80.jpg,0,utuh,train,deck,deck_7030,D/UD/7030-80.jpg,"[0, 0, 256, 256]",1.0,sdnet_tile,deck
utuh/deck_7030-89.jpg,0,utuh,train,deck,deck_7030,D/UD/7030-89.jpg,"[0, 0, 256, 256]",1.0,sdnet_tile,deck
utuh/deck_7030-94.jpg,0,utuh,train,deck,deck_7030,D/UD/7030-94.jpg,"[0, 0, 256, 256]",1.0,sdnet_tile,deck
utuh/deck_7033-107.jpg,0,utuh,train,deck,deck_7033,D/UD/7033-107.jpg,"[0, 0, 256, 256]",1.0,sdnet_tile,deck
utuh/deck_7033-11.jpg,0,utuh,train,deck,deck_7033,D/UD/7033-11.jpg,"[0, 0, 256, 256]",1.0,sdnet_tile,deck
utuh/deck_7033-114.jpg,0,utuh,train,deck,deck_7033,D/UD/7033-114.jpg,"[0, 0, 256, 256]",1.0,sdnet_tile,deck
utuh/deck_7033-131.jpg,0,utuh,train,deck,deck_7033,D/UD/7033-131.jpg,"[0, 0, 256, 256]",1.0,sdnet_tile,deck
utuh/deck_7033-140.jpg,0,utuh,train,deck,deck_7033,D/UD/7033-140.jpg,"[0, 0, 256, 256]",1.0,sdnet_tile,deck
utuh/deck_7033-143.jpg,0,utuh,train,deck,deck_7033,D/UD/7033-143.jpg,"[0, 0, 256, 256]",1.0,sdnet_tile,deck
utuh/deck_7033-144.jpg,0,utuh,train,deck,deck_7033,D/UD/7033-144.jpg,"[0, 0, 256, 256]",1.0,sdnet_tile,deck
utuh/deck_7033-147.jpg,0,utuh,train,deck,deck_7033,D/UD/7033-147.jpg,"[0, 0, 256, 256]",1.0,sdnet_tile,deck
utuh/deck_7033-159.jpg,0,utuh,train,deck,deck_7033,D/UD/7033-159.jpg,"[0, 0, 256, 256]",1.0,sdnet_tile,deck
utuh/deck_7033-17.jpg,0,utuh,train,deck,deck_7033,D/UD/7033-17.jpg,"[0, 0, 256, 256]",1.0,sdnet_tile,deck
utuh/deck_7033-20.jpg,0,utuh,train,deck,deck_7033,D/UD/7033-20.jpg,"[0, 0, 256, 256]",1.0,sdnet_tile,deck
utuh/deck_7033-212.jpg,0,utuh,train,deck,deck_7033,D/UD/7033-212.jpg,"[0, 0, 256, 256]",1.0,sdnet_tile,deck
utuh/deck_7033-23.jpg,0,utuh,train,deck,deck_7033,D/UD/7033-23.jpg,"[0, 0, 256, 256]",1.0,sdnet_tile,deck
utuh/deck_7033-26.jpg,0,utuh,train,deck,deck_7033,D/UD/7033-26.jpg,"[0, 0, 256, 256]",1.0,sdnet_tile,deck
utuh/deck_7033-31.jpg,0,utuh,train,deck,deck_7033,D/UD/7033-31.jpg,"[0, 0, 256, 256]",1.0,sdnet_tile,deck
utuh/deck_7033-42.jpg,0,utuh,train,deck,deck_7033,D/UD/7033-42.jpg,"[0, 0, 256, 256]",1.0,sdnet_tile,deck
utuh/deck_7033-44.jpg,0,utuh,train,deck,deck_7033,D/UD/7033-44.jpg,"[0, 0, 256, 256]",1.0,sdnet_tile,deck
utuh/deck_7033-51.jpg,0,utuh,train,deck,deck_7033,D/UD/7033-51.jpg,"[0, 0, 256, 256]",1.0,sdnet_tile,deck
utuh/deck_7033-53.jpg,0,utuh,train,deck,deck_7033,D/UD/7033-53.jpg,"[0, 0, 256, 256]",1.0,sdnet_tile,deck
utuh/deck_7033-57.jpg,0,utuh,train,deck,deck_7033,D/UD/7033-57.jpg,"[0, 0, 256, 256]",1.0,sdnet_tile,deck
utuh/deck_7033-60.jpg,0,utuh,train,deck,deck_7033,D/UD/7033-60.jpg,"[0, 0, 256, 256]",1.0,sdnet_tile,deck
utuh/deck_7033-62.jpg,0,utuh,train,deck,deck_7033,D/UD/7033-62.jpg,"[0, 0, 256, 256]",1.0,sdnet_tile,deck
utuh/deck_7033-68.jpg,0,utuh,train,deck,deck_7033,D/UD/7033-68.jpg,"[0, 0, 256, 256]",1.0,sdnet_tile,deck
utuh/deck_7033-69.jpg,0,utuh,train,deck,deck_7033,D/UD/7033-69.jpg,"[0, 0, 256, 256]",1.0,sdnet_tile,deck
utuh/deck_7033-75.jpg,0,utuh,train,deck,deck_7033,D/UD/7033-75.jpg,"[0, 0, 256, 256]",1.0,sdnet_tile,deck
utuh/deck_7033-79.jpg,0,utuh,train,deck,deck_7033,D/UD/7033-79.jpg,"[0, 0, 256, 256]",1.0,sdnet_tile,deck
utuh/deck_7033-92.jpg,0,utuh,train,deck,deck_7033,D/UD/7033-92.jpg,"[0, 0, 256, 256]",1.0,sdnet_tile,deck
utuh/deck_7033-95.jpg,0,utuh,train,deck,deck_7033,D/UD/7033-95.jpg,"[0, 0, 256, 256]",1.0,sdnet_tile,deck
utuh/deck_7034-1.jpg,0,utuh,train,deck,deck_7034,D/UD/7034-1.jpg,"[0, 0, 256, 256]",1.0,sdnet_tile,deck
utuh/deck_7034-117.jpg,0,utuh,train,deck,deck_7034,D/UD/7034-117.jpg,"[0, 0, 256, 256]",1.0,sdnet_tile,deck
utuh/deck_7034-142.jpg,0,utuh,train,deck,deck_7034,D/UD/7034-142.jpg,"[0, 0, 256, 256]",1.0,sdnet_tile,deck
utuh/deck_7034-146.jpg,0,utuh,train,deck,deck_7034,D/UD/7034-146.jpg,"[0, 0, 256, 256]",1.0,sdnet_tile,deck
utuh/deck_7034-158.jpg,0,utuh,train,deck,deck_7034,D/UD/7034-158.jpg,"[0, 0, 256, 256]",1.0,sdnet_tile,deck
utuh/deck_7034-165.jpg,0,utuh,train,deck,deck_7034,D/UD/7034-165.jpg,"[0, 0, 256, 256]",1.0,sdnet_tile,deck
utuh/deck_7034-170.jpg,0,utuh,train,deck,deck_7034,D/UD/7034-170.jpg,"[0, 0, 256, 256]",1.0,sdnet_tile,deck
utuh/deck_7034-173.jpg,0,utuh,train,deck,deck_7034,D/UD/7034-173.jpg,"[0, 0, 256, 256]",1.0,sdnet_tile,deck
utuh/deck_7034-175.jpg,0,utuh,train,deck,deck_7034,D/UD/7034-175.jpg,"[0, 0, 256, 256]",1.0,sdnet_tile,deck
utuh/deck_7034-185.jpg,0,utuh,train,deck,deck_7034,D/UD/7034-185.jpg,"[0, 0, 256, 256]",1.0,sdnet_tile,deck
utuh/deck_7034-187.jpg,0,utuh,train,deck,deck_7034,D/UD/7034-187.jpg,"[0, 0, 256, 256]",1.0,sdnet_tile,deck
utuh/deck_7034-199.jpg,0,utuh,train,deck,deck_7034,D/UD/7034-199.jpg,"[0, 0, 256, 256]",1.0,sdnet_tile,deck
utuh/deck_7034-201.jpg,0,utuh,train,deck,deck_7034,D/UD/7034-201.jpg,"[0, 0, 256, 256]",1.0,sdnet_tile,deck
utuh/deck_7034-233.jpg,0,utuh,train,deck,deck_7034,D/UD/7034-233.jpg,"[0, 0, 256, 256]",1.0,sdnet_tile,deck
utuh/deck_7034-235.jpg,0,utuh,train,deck,deck_7034,D/UD/7034-235.jpg,"[0, 0, 256, 256]",1.0,sdnet_tile,deck
utuh/deck_7034-247.jpg,0,utuh,train,deck,deck_7034,D/UD/7034-247.jpg,"[0, 0, 256, 256]",1.0,sdnet_tile,deck
utuh/deck_7034-248.jpg,0,utuh,train,deck,deck_7034,D/UD/7034-248.jpg,"[0, 0, 256, 256]",1.0,sdnet_tile,deck
utuh/deck_7034-41.jpg,0,utuh,train,deck,deck_7034,D/UD/7034-41.jpg,"[0, 0, 256, 256]",1.0,sdnet_tile,deck
utuh/deck_7034-45.jpg,0,utuh,train,deck,deck_7034,D/UD/7034-45.jpg,"[0, 0, 256, 256]",1.0,sdnet_tile,deck
utuh/deck_7034-47.jpg,0,utuh,train,deck,deck_7034,D/UD/7034-47.jpg,"[0, 0, 256, 256]",1.0,sdnet_tile,deck
utuh/deck_7034-56.jpg,0,utuh,train,deck,deck_7034,D/UD/7034-56.jpg,"[0, 0, 256, 256]",1.0,sdnet_tile,deck
utuh/deck_7034-57.jpg,0,utuh,train,deck,deck_7034,D/UD/7034-57.jpg,"[0, 0, 256, 256]",1.0,sdnet_tile,deck
utuh/deck_7034-64.jpg,0,utuh,train,deck,deck_7034,D/UD/7034-64.jpg,"[0, 0, 256, 256]",1.0,sdnet_tile,deck
utuh/deck_7034-70.jpg,0,utuh,train,deck,deck_7034,D/UD/7034-70.jpg,"[0, 0, 256, 256]",1.0,sdnet_tile,deck
utuh/deck_7034-75.jpg,0,utuh,train,deck,deck_7034,D/UD/7034-75.jpg,"[0, 0, 256, 256]",1.0,sdnet_tile,deck
utuh/deck_7034-76.jpg,0,utuh,train,deck,deck_7034,D/UD/7034-76.jpg,"[0, 0, 256, 256]",1.0,sdnet_tile,deck
utuh/deck_7034-88.jpg,0,utuh,train,deck,deck_7034,D/UD/7034-88.jpg,"[0, 0, 256, 256]",1.0,sdnet_tile,deck
utuh/deck_7034-90.jpg,0,utuh,train,deck,deck_7034,D/UD/7034-90.jpg,"[0, 0, 256, 256]",1.0,sdnet_tile,deck
utuh/deck_7035-1.jpg,0,utuh,train,deck,deck_7035,D/UD/7035-1.jpg,"[0, 0, 256, 256]",1.0,sdnet_tile,deck
utuh/deck_7035-119.jpg,0,utuh,train,deck,deck_7035,D/UD/7035-119.jpg,"[0, 0, 256, 256]",1.0,sdnet_tile,deck
utuh/deck_7035-12.jpg,0,utuh,train,deck,deck_7035,D/UD/7035-12.jpg,"[0, 0, 256, 256]",1.0,sdnet_tile,deck
utuh/deck_7035-123.jpg,0,utuh,train,deck,deck_7035,D/UD/7035-123.jpg,"[0, 0, 256, 256]",1.0,sdnet_tile,deck
utuh/deck_7035-140.jpg,0,utuh,train,deck,deck_7035,D/UD/7035-140.jpg,"[0, 0, 256, 256]",1.0,sdnet_tile,deck
utuh/deck_7035-147.jpg,0,utuh,train,deck,deck_7035,D/UD/7035-147.jpg,"[0, 0, 256, 256]",1.0,sdnet_tile,deck
utuh/deck_7035-157.jpg,0,utuh,train,deck,deck_7035,D/UD/7035-157.jpg,"[0, 0, 256, 256]",1.0,sdnet_tile,deck
utuh/deck_7035-158.jpg,0,utuh,train,deck,deck_7035,D/UD/7035-158.jpg,"[0, 0, 256, 256]",1.0,sdnet_tile,deck
utuh/deck_7035-165.jpg,0,utuh,train,deck,deck_7035,D/UD/7035-165.jpg,"[0, 0, 256, 256]",1.0,sdnet_tile,deck
utuh/deck_7035-166.jpg,0,utuh,train,deck,deck_7035,D/UD/7035-166.jpg,"[0, 0, 256, 256]",1.0,sdnet_tile,deck
utuh/deck_7035-170.jpg,0,utuh,train,deck,deck_7035,D/UD/7035-170.jpg,"[0, 0, 256, 256]",1.0,sdnet_tile,deck
utuh/deck_7035-176.jpg,0,utuh,train,deck,deck_7035,D/UD/7035-176.jpg,"[0, 0, 256, 256]",1.0,sdnet_tile,deck
utuh/deck_7035-179.jpg,0,utuh,train,deck,deck_7035,D/UD/7035-179.jpg,"[0, 0, 256, 256]",1.0,sdnet_tile,deck
utuh/deck_7035-18.jpg,0,utuh,train,deck,deck_7035,D/UD/7035-18.jpg,"[0, 0, 256, 256]",1.0,sdnet_tile,deck
utuh/deck_7035-194.jpg,0,utuh,train,deck,deck_7035,D/UD/7035-194.jpg,"[0, 0, 256, 256]",1.0,sdnet_tile,deck
utuh/deck_7035-2.jpg,0,utuh,train,deck,deck_7035,D/UD/7035-2.jpg,"[0, 0, 256, 256]",1.0,sdnet_tile,deck
utuh/deck_7035-207.jpg,0,utuh,train,deck,deck_7035,D/UD/7035-207.jpg,"[0, 0, 256, 256]",1.0,sdnet_tile,deck
utuh/deck_7035-221.jpg,0,utuh,train,deck,deck_7035,D/UD/7035-221.jpg,"[0, 0, 256, 256]",1.0,sdnet_tile,deck
utuh/deck_7035-233.jpg,0,utuh,train,deck,deck_7035,D/UD/7035-233.jpg,"[0, 0, 256, 256]",1.0,sdnet_tile,deck
utuh/deck_7035-244.jpg,0,utuh,train,deck,deck_7035,D/UD/7035-244.jpg,"[0, 0, 256, 256]",1.0,sdnet_tile,deck
utuh/deck_7035-252.jpg,0,utuh,train,deck,deck_7035,D/UD/7035-252.jpg,"[0, 0, 256, 256]",1.0,sdnet_tile,deck
utuh/deck_7035-51.jpg,0,utuh,train,deck,deck_7035,D/UD/7035-51.jpg,"[0, 0, 256, 256]",1.0,sdnet_tile,deck
utuh/deck_7035-6.jpg,0,utuh,train,deck,deck_7035,D/UD/7035-6.jpg,"[0, 0, 256, 256]",1.0,sdnet_tile,deck
utuh/deck_7035-7.jpg,0,utuh,train,deck,deck_7035,D/UD/7035-7.jpg,"[0, 0, 256, 256]",1.0,sdnet_tile,deck
utuh/deck_7035-73.jpg,0,utuh,train,deck,deck_7035,D/UD/7035-73.jpg,"[0, 0, 256, 256]",1.0,sdnet_tile,deck
utuh/deck_7035-82.jpg,0,utuh,train,deck,deck_7035,D/UD/7035-82.jpg,"[0, 0, 256, 256]",1.0,sdnet_tile,deck
utuh/deck_7035-92.jpg,0,utuh,train,deck,deck_7035,D/UD/7035-92.jpg,"[0, 0, 256, 256]",1.0,sdnet_tile,deck
utuh/deck_7035-99.jpg,0,utuh,train,deck,deck_7035,D/UD/7035-99.jpg,"[0, 0, 256, 256]",1.0,sdnet_tile,deck
utuh/deck_7036-103.jpg,0,utuh,train,deck,deck_7036,D/UD/7036-103.jpg,"[0, 0, 256, 256]",1.0,sdnet_tile,deck
utuh/deck_7036-121.jpg,0,utuh,train,deck,deck_7036,D/UD/7036-121.jpg,"[0, 0, 256, 256]",1.0,sdnet_tile,deck
utuh/deck_7036-122.jpg,0,utuh,train,deck,deck_7036,D/UD/7036-122.jpg,"[0, 0, 256, 256]",1.0,sdnet_tile,deck
utuh/deck_7036-124.jpg,0,utuh,train,deck,deck_7036,D/UD/7036-124.jpg,"[0, 0, 256, 256]",1.0,sdnet_tile,deck
utuh/deck_7036-14.jpg,0,utuh,train,deck,deck_7036,D/UD/7036-14.jpg,"[0, 0, 256, 256]",1.0,sdnet_tile,deck
utuh/deck_7036-157.jpg,0,utuh,train,deck,deck_7036,D/UD/7036-157.jpg,"[0, 0, 256, 256]",1.0,sdnet_tile,deck
utuh/deck_7036-160.jpg,0,utuh,train,deck,deck_7036,D/UD/7036-160.jpg,"[0, 0, 256, 256]",1.0,sdnet_tile,deck
utuh/deck_7036-164.jpg,0,utuh,train,deck,deck_7036,D/UD/7036-164.jpg,"[0, 0, 256, 256]",1.0,sdnet_tile,deck
utuh/deck_7036-176.jpg,0,utuh,train,deck,deck_7036,D/UD/7036-176.jpg,"[0, 0, 256, 256]",1.0,sdnet_tile,deck
utuh/deck_7036-189.jpg,0,utuh,train,deck,deck_7036,D/UD/7036-189.jpg,"[0, 0, 256, 256]",1.0,sdnet_tile,deck
utuh/deck_7036-201.jpg,0,utuh,train,deck,deck_7036,D/UD/7036-201.jpg,"[0, 0, 256, 256]",1.0,sdnet_tile,deck
utuh/deck_7036-212.jpg,0,utuh,train,deck,deck_7036,D/UD/7036-212.jpg,"[0, 0, 256, 256]",1.0,sdnet_tile,deck
utuh/deck_7036-224.jpg,0,utuh,train,deck,deck_7036,D/UD/7036-224.jpg,"[0, 0, 256, 256]",1.0,sdnet_tile,deck
utuh/deck_7036-228.jpg,0,utuh,train,deck,deck_7036,D/UD/7036-228.jpg,"[0, 0, 256, 256]",1.0,sdnet_tile,deck
utuh/deck_7036-230.jpg,0,utuh,train,deck,deck_7036,D/UD/7036-230.jpg,"[0, 0, 256, 256]",1.0,sdnet_tile,deck
utuh/deck_7036-232.jpg,0,utuh,train,deck,deck_7036,D/UD/7036-232.jpg,"[0, 0, 256, 256]",1.0,sdnet_tile,deck
utuh/deck_7036-234.jpg,0,utuh,train,deck,deck_7036,D/UD/7036-234.jpg,"[0, 0, 256, 256]",1.0,sdnet_tile,deck
utuh/deck_7036-240.jpg,0,utuh,train,deck,deck_7036,D/UD/7036-240.jpg,"[0, 0, 256, 256]",1.0,sdnet_tile,deck
utuh/deck_7036-244.jpg,0,utuh,train,deck,deck_7036,D/UD/7036-244.jpg,"[0, 0, 256, 256]",1.0,sdnet_tile,deck
utuh/deck_7036-25.jpg,0,utuh,train,deck,deck_7036,D/UD/7036-25.jpg,"[0, 0, 256, 256]",1.0,sdnet_tile,deck
utuh/deck_7036-28.jpg,0,utuh,train,deck,deck_7036,D/UD/7036-28.jpg,"[0, 0, 256, 256]",1.0,sdnet_tile,deck
utuh/deck_7036-37.jpg,0,utuh,train,deck,deck_7036,D/UD/7036-37.jpg,"[0, 0, 256, 256]",1.0,sdnet_tile,deck
utuh/deck_7036-41.jpg,0,utuh,train,deck,deck_7036,D/UD/7036-41.jpg,"[0, 0, 256, 256]",1.0,sdnet_tile,deck
utuh/deck_7036-57.jpg,0,utuh,train,deck,deck_7036,D/UD/7036-57.jpg,"[0, 0, 256, 256]",1.0,sdnet_tile,deck
utuh/deck_7036-6.jpg,0,utuh,train,deck,deck_7036,D/UD/7036-6.jpg,"[0, 0, 256, 256]",1.0,sdnet_tile,deck
utuh/deck_7036-62.jpg,0,utuh,train,deck,deck_7036,D/UD/7036-62.jpg,"[0, 0, 256, 256]",1.0,sdnet_tile,deck
utuh/deck_7036-89.jpg,0,utuh,train,deck,deck_7036,D/UD/7036-89.jpg,"[0, 0, 256, 256]",1.0,sdnet_tile,deck
utuh/deck_7036-92.jpg,0,utuh,train,deck,deck_7036,D/UD/7036-92.jpg,"[0, 0, 256, 256]",1.0,sdnet_tile,deck
utuh/deck_7037-123.jpg,0,utuh,train,deck,deck_7037,D/UD/7037-123.jpg,"[0, 0, 256, 256]",1.0,sdnet_tile,deck
utuh/deck_7037-129.jpg,0,utuh,train,deck,deck_7037,D/UD/7037-129.jpg,"[0, 0, 256, 256]",1.0,sdnet_tile,deck
utuh/deck_7037-143.jpg,0,utuh,train,deck,deck_7037,D/UD/7037-143.jpg,"[0, 0, 256, 256]",1.0,sdnet_tile,deck
utuh/deck_7037-153.jpg,0,utuh,train,deck,deck_7037,D/UD/7037-153.jpg,"[0, 0, 256, 256]",1.0,sdnet_tile,deck
utuh/deck_7037-154.jpg,0,utuh,train,deck,deck_7037,D/UD/7037-154.jpg,"[0, 0, 256, 256]",1.0,sdnet_tile,deck
utuh/deck_7037-157.jpg,0,utuh,train,deck,deck_7037,D/UD/7037-157.jpg,"[0, 0, 256, 256]",1.0,sdnet_tile,deck
utuh/deck_7037-160.jpg,0,utuh,train,deck,deck_7037,D/UD/7037-160.jpg,"[0, 0, 256, 256]",1.0,sdnet_tile,deck
utuh/deck_7037-166.jpg,0,utuh,train,deck,deck_7037,D/UD/7037-166.jpg,"[0, 0, 256, 256]",1.0,sdnet_tile,deck
utuh/deck_7037-17.jpg,0,utuh,train,deck,deck_7037,D/UD/7037-17.jpg,"[0, 0, 256, 256]",1.0,sdnet_tile,deck
utuh/deck_7037-176.jpg,0,utuh,train,deck,deck_7037,D/UD/7037-176.jpg,"[0, 0, 256, 256]",1.0,sdnet_tile,deck
utuh/deck_7037-177.jpg,0,utuh,train,deck,deck_7037,D/UD/7037-177.jpg,"[0, 0, 256, 256]",1.0,sdnet_tile,deck
utuh/deck_7037-189.jpg,0,utuh,train,deck,deck_7037,D/UD/7037-189.jpg,"[0, 0, 256, 256]",1.0,sdnet_tile,deck
utuh/deck_7037-192.jpg,0,utuh,train,deck,deck_7037,D/UD/7037-192.jpg,"[0, 0, 256, 256]",1.0,sdnet_tile,deck
utuh/deck_7037-193.jpg,0,utuh,train,deck,deck_7037,D/UD/7037-193.jpg,"[0, 0, 256, 256]",1.0,sdnet_tile,deck
utuh/deck_7037-196.jpg,0,utuh,train,deck,deck_7037,D/UD/7037-196.jpg,"[0, 0, 256, 256]",1.0,sdnet_tile,deck
utuh/deck_7037-2.jpg,0,utuh,train,deck,deck_7037,D/UD/7037-2.jpg,"[0, 0, 256, 256]",1.0,sdnet_tile,deck
utuh/deck_7037-201.jpg,0,utuh,train,deck,deck_7037,D/UD/7037-201.jpg,"[0, 0, 256, 256]",1.0,sdnet_tile,deck
utuh/deck_7037-202.jpg,0,utuh,train,deck,deck_7037,D/UD/7037-202.jpg,"[0, 0, 256, 256]",1.0,sdnet_tile,deck
utuh/deck_7037-215.jpg,0,utuh,train,deck,deck_7037,D/UD/7037-215.jpg,"[0, 0, 256, 256]",1.0,sdnet_tile,deck
utuh/deck_7037-217.jpg,0,utuh,train,deck,deck_7037,D/UD/7037-217.jpg,"[0, 0, 256, 256]",1.0,sdnet_tile,deck
utuh/deck_7037-226.jpg,0,utuh,train,deck,deck_7037,D/UD/7037-226.jpg,"[0, 0, 256, 256]",1.0,sdnet_tile,deck
utuh/deck_7037-237.jpg,0,utuh,train,deck,deck_7037,D/UD/7037-237.jpg,"[0, 0, 256, 256]",1.0,sdnet_tile,deck
utuh/deck_7037-31.jpg,0,utuh,train,deck,deck_7037,D/UD/7037-31.jpg,"[0, 0, 256, 256]",1.0,sdnet_tile,deck
utuh/deck_7037-34.jpg,0,utuh,train,deck,deck_7037,D/UD/7037-34.jpg,"[0, 0, 256, 256]",1.0,sdnet_tile,deck
utuh/deck_7037-57.jpg,0,utuh,train,deck,deck_7037,D/UD/7037-57.jpg,"[0, 0, 256, 256]",1.0,sdnet_tile,deck
utuh/deck_7037-67.jpg,0,utuh,train,deck,deck_7037,D/UD/7037-67.jpg,"[0, 0, 256, 256]",1.0,sdnet_tile,deck
utuh/deck_7037-69.jpg,0,utuh,train,deck,deck_7037,D/UD/7037-69.jpg,"[0, 0, 256, 256]",1.0,sdnet_tile,deck
utuh/deck_7037-75.jpg,0,utuh,train,deck,deck_7037,D/UD/7037-75.jpg,"[0, 0, 256, 256]",1.0,sdnet_tile,deck
utuh/deck_7038-117.jpg,0,utuh,train,deck,deck_7038,D/UD/7038-117.jpg,"[0, 0, 256, 256]",1.0,sdnet_tile,deck
utuh/deck_7038-12.jpg,0,utuh,train,deck,deck_7038,D/UD/7038-12.jpg,"[0, 0, 256, 256]",1.0,sdnet_tile,deck
utuh/deck_7038-122.jpg,0,utuh,train,deck,deck_7038,D/UD/7038-122.jpg,"[0, 0, 256, 256]",1.0,sdnet_tile,deck
utuh/deck_7038-13.jpg,0,utuh,train,deck,deck_7038,D/UD/7038-13.jpg,"[0, 0, 256, 256]",1.0,sdnet_tile,deck
utuh/deck_7038-137.jpg,0,utuh,train,deck,deck_7038,D/UD/7038-137.jpg,"[0, 0, 256, 256]",1.0,sdnet_tile,deck
utuh/deck_7038-14.jpg,0,utuh,train,deck,deck_7038,D/UD/7038-14.jpg,"[0, 0, 256, 256]",1.0,sdnet_tile,deck
utuh/deck_7038-150.jpg,0,utuh,train,deck,deck_7038,D/UD/7038-150.jpg,"[0, 0, 256, 256]",1.0,sdnet_tile,deck
utuh/deck_7038-183.jpg,0,utuh,train,deck,deck_7038,D/UD/7038-183.jpg,"[0, 0, 256, 256]",1.0,sdnet_tile,deck
utuh/deck_7038-185.jpg,0,utuh,train,deck,deck_7038,D/UD/7038-185.jpg,"[0, 0, 256, 256]",1.0,sdnet_tile,deck
utuh/deck_7038-19.jpg,0,utuh,train,deck,deck_7038,D/UD/7038-19.jpg,"[0, 0, 256, 256]",1.0,sdnet_tile,deck
utuh/deck_7038-195.jpg,0,utuh,train,deck,deck_7038,D/UD/7038-195.jpg,"[0, 0, 256, 256]",1.0,sdnet_tile,deck
utuh/deck_7038-196.jpg,0,utuh,train,deck,deck_7038,D/UD/7038-196.jpg,"[0, 0, 256, 256]",1.0,sdnet_tile,deck
utuh/deck_7038-199.jpg,0,utuh,train,deck,deck_7038,D/UD/7038-199.jpg,"[0, 0, 256, 256]",1.0,sdnet_tile,deck
utuh/deck_7038-201.jpg,0,utuh,train,deck,deck_7038,D/UD/7038-201.jpg,"[0, 0, 256, 256]",1.0,sdnet_tile,deck
utuh/deck_7038-208.jpg,0,utuh,train,deck,deck_7038,D/UD/7038-208.jpg,"[0, 0, 256, 256]",1.0,sdnet_tile,deck
utuh/deck_7038-214.jpg,0,utuh,train,deck,deck_7038,D/UD/7038-214.jpg,"[0, 0, 256, 256]",1.0,sdnet_tile,deck
utuh/deck_7038-215.jpg,0,utuh,train,deck,deck_7038,D/UD/7038-215.jpg,"[0, 0, 256, 256]",1.0,sdnet_tile,deck
utuh/deck_7038-216.jpg,0,utuh,train,deck,deck_7038,D/UD/7038-216.jpg,"[0, 0, 256, 256]",1.0,sdnet_tile,deck
utuh/deck_7038-224.jpg,0,utuh,train,deck,deck_7038,D/UD/7038-224.jpg,"[0, 0, 256, 256]",1.0,sdnet_tile,deck
utuh/deck_7038-230.jpg,0,utuh,train,deck,deck_7038,D/UD/7038-230.jpg,"[0, 0, 256, 256]",1.0,sdnet_tile,deck
utuh/deck_7038-236.jpg,0,utuh,train,deck,deck_7038,D/UD/7038-236.jpg,"[0, 0, 256, 256]",1.0,sdnet_tile,deck
utuh/deck_7038-243.jpg,0,utuh,train,deck,deck_7038,D/UD/7038-243.jpg,"[0, 0, 256, 256]",1.0,sdnet_tile,deck
utuh/deck_7038-247.jpg,0,utuh,train,deck,deck_7038,D/UD/7038-247.jpg,"[0, 0, 256, 256]",1.0,sdnet_tile,deck
utuh/deck_7038-31.jpg,0,utuh,train,deck,deck_7038,D/UD/7038-31.jpg,"[0, 0, 256, 256]",1.0,sdnet_tile,deck
utuh/deck_7038-41.jpg,0,utuh,train,deck,deck_7038,D/UD/7038-41.jpg,"[0, 0, 256, 256]",1.0,sdnet_tile,deck
utuh/deck_7038-8.jpg,0,utuh,train,deck,deck_7038,D/UD/7038-8.jpg,"[0, 0, 256, 256]",1.0,sdnet_tile,deck
utuh/deck_7038-83.jpg,0,utuh,train,deck,deck_7038,D/UD/7038-83.jpg,"[0, 0, 256, 256]",1.0,sdnet_tile,deck
utuh/deck_7038-86.jpg,0,utuh,train,deck,deck_7038,D/UD/7038-86.jpg,"[0, 0, 256, 256]",1.0,sdnet_tile,deck
utuh/deck_7039-105.jpg,0,utuh,train,deck,deck_7039,D/UD/7039-105.jpg,"[0, 0, 256, 256]",1.0,sdnet_tile,deck
utuh/deck_7039-106.jpg,0,utuh,train,deck,deck_7039,D/UD/7039-106.jpg,"[0, 0, 256, 256]",1.0,sdnet_tile,deck
utuh/deck_7039-126.jpg,0,utuh,train,deck,deck_7039,D/UD/7039-126.jpg,"[0, 0, 256, 256]",1.0,sdnet_tile,deck
utuh/deck_7039-14.jpg,0,utuh,train,deck,deck_7039,D/UD/7039-14.jpg,"[0, 0, 256, 256]",1.0,sdnet_tile,deck
utuh/deck_7039-16.jpg,0,utuh,train,deck,deck_7039,D/UD/7039-16.jpg,"[0, 0, 256, 256]",1.0,sdnet_tile,deck
utuh/deck_7039-165.jpg,0,utuh,train,deck,deck_7039,D/UD/7039-165.jpg,"[0, 0, 256, 256]",1.0,sdnet_tile,deck
utuh/deck_7039-169.jpg,0,utuh,train,deck,deck_7039,D/UD/7039-169.jpg,"[0, 0, 256, 256]",1.0,sdnet_tile,deck
utuh/deck_7039-187.jpg,0,utuh,train,deck,deck_7039,D/UD/7039-187.jpg,"[0, 0, 256, 256]",1.0,sdnet_tile,deck
utuh/deck_7039-195.jpg,0,utuh,train,deck,deck_7039,D/UD/7039-195.jpg,"[0, 0, 256, 256]",1.0,sdnet_tile,deck
utuh/deck_7039-205.jpg,0,utuh,train,deck,deck_7039,D/UD/7039-205.jpg,"[0, 0, 256, 256]",1.0,sdnet_tile,deck
utuh/deck_7039-213.jpg,0,utuh,train,deck,deck_7039,D/UD/7039-213.jpg,"[0, 0, 256, 256]",1.0,sdnet_tile,deck
utuh/deck_7039-215.jpg,0,utuh,train,deck,deck_7039,D/UD/7039-215.jpg,"[0, 0, 256, 256]",1.0,sdnet_tile,deck
utuh/deck_7039-217.jpg,0,utuh,train,deck,deck_7039,D/UD/7039-217.jpg,"[0, 0, 256, 256]",1.0,sdnet_tile,deck
utuh/deck_7039-224.jpg,0,utuh,train,deck,deck_7039,D/UD/7039-224.jpg,"[0, 0, 256, 256]",1.0,sdnet_tile,deck
utuh/deck_7039-225.jpg,0,utuh,train,deck,deck_7039,D/UD/7039-225.jpg,"[0, 0, 256, 256]",1.0,sdnet_tile,deck
utuh/deck_7039-227.jpg,0,utuh,train,deck,deck_7039,D/UD/7039-227.jpg,"[0, 0, 256, 256]",1.0,sdnet_tile,deck
utuh/deck_7039-232.jpg,0,utuh,train,deck,deck_7039,D/UD/7039-232.jpg,"[0, 0, 256, 256]",1.0,sdnet_tile,deck
utuh/deck_7039-236.jpg,0,utuh,train,deck,deck_7039,D/UD/7039-236.jpg,"[0, 0, 256, 256]",1.0,sdnet_tile,deck
utuh/deck_7039-239.jpg,0,utuh,train,deck,deck_7039,D/UD/7039-239.jpg,"[0, 0, 256, 256]",1.0,sdnet_tile,deck
utuh/deck_7039-247.jpg,0,utuh,train,deck,deck_7039,D/UD/7039-247.jpg,"[0, 0, 256, 256]",1.0,sdnet_tile,deck
utuh/deck_7039-26.jpg,0,utuh,train,deck,deck_7039,D/UD/7039-26.jpg,"[0, 0, 256, 256]",1.0,sdnet_tile,deck
utuh/deck_7039-43.jpg,0,utuh,train,deck,deck_7039,D/UD/7039-43.jpg,"[0, 0, 256, 256]",1.0,sdnet_tile,deck
utuh/deck_7039-55.jpg,0,utuh,train,deck,deck_7039,D/UD/7039-55.jpg,"[0, 0, 256, 256]",1.0,sdnet_tile,deck
utuh/deck_7039-7.jpg,0,utuh,train,deck,deck_7039,D/UD/7039-7.jpg,"[0, 0, 256, 256]",1.0,sdnet_tile,deck
utuh/deck_7039-70.jpg,0,utuh,train,deck,deck_7039,D/UD/7039-70.jpg,"[0, 0, 256, 256]",1.0,sdnet_tile,deck
utuh/deck_7039-71.jpg,0,utuh,train,deck,deck_7039,D/UD/7039-71.jpg,"[0, 0, 256, 256]",1.0,sdnet_tile,deck
utuh/deck_7039-86.jpg,0,utuh,train,deck,deck_7039,D/UD/7039-86.jpg,"[0, 0, 256, 256]",1.0,sdnet_tile,deck
utuh/deck_7039-88.jpg,0,utuh,train,deck,deck_7039,D/UD/7039-88.jpg,"[0, 0, 256, 256]",1.0,sdnet_tile,deck
utuh/deck_7040-105.jpg,0,utuh,train,deck,deck_7040,D/UD/7040-105.jpg,"[0, 0, 256, 256]",1.0,sdnet_tile,deck
utuh/deck_7040-122.jpg,0,utuh,train,deck,deck_7040,D/UD/7040-122.jpg,"[0, 0, 256, 256]",1.0,sdnet_tile,deck
utuh/deck_7040-128.jpg,0,utuh,train,deck,deck_7040,D/UD/7040-128.jpg,"[0, 0, 256, 256]",1.0,sdnet_tile,deck
utuh/deck_7040-132.jpg,0,utuh,train,deck,deck_7040,D/UD/7040-132.jpg,"[0, 0, 256, 256]",1.0,sdnet_tile,deck
utuh/deck_7040-138.jpg,0,utuh,train,deck,deck_7040,D/UD/7040-138.jpg,"[0, 0, 256, 256]",1.0,sdnet_tile,deck
utuh/deck_7040-147.jpg,0,utuh,train,deck,deck_7040,D/UD/7040-147.jpg,"[0, 0, 256, 256]",1.0,sdnet_tile,deck
utuh/deck_7040-157.jpg,0,utuh,train,deck,deck_7040,D/UD/7040-157.jpg,"[0, 0, 256, 256]",1.0,sdnet_tile,deck
utuh/deck_7040-162.jpg,0,utuh,train,deck,deck_7040,D/UD/7040-162.jpg,"[0, 0, 256, 256]",1.0,sdnet_tile,deck
utuh/deck_7040-163.jpg,0,utuh,train,deck,deck_7040,D/UD/7040-163.jpg,"[0, 0, 256, 256]",1.0,sdnet_tile,deck
utuh/deck_7040-208.jpg,0,utuh,train,deck,deck_7040,D/UD/7040-208.jpg,"[0, 0, 256, 256]",1.0,sdnet_tile,deck
utuh/deck_7040-214.jpg,0,utuh,train,deck,deck_7040,D/UD/7040-214.jpg,"[0, 0, 256, 256]",1.0,sdnet_tile,deck
utuh/deck_7040-215.jpg,0,utuh,train,deck,deck_7040,D/UD/7040-215.jpg,"[0, 0, 256, 256]",1.0,sdnet_tile,deck
utuh/deck_7040-231.jpg,0,utuh,train,deck,deck_7040,D/UD/7040-231.jpg,"[0, 0, 256, 256]",1.0,sdnet_tile,deck
utuh/deck_7040-233.jpg,0,utuh,train,deck,deck_7040,D/UD/7040-233.jpg,"[0, 0, 256, 256]",1.0,sdnet_tile,deck
utuh/deck_7040-240.jpg,0,utuh,train,deck,deck_7040,D/UD/7040-240.jpg,"[0, 0, 256, 256]",1.0,sdnet_tile,deck
utuh/deck_7040-34.jpg,0,utuh,train,deck,deck_7040,D/UD/7040-34.jpg,"[0, 0, 256, 256]",1.0,sdnet_tile,deck
utuh/deck_7040-38.jpg,0,utuh,train,deck,deck_7040,D/UD/7040-38.jpg,"[0, 0, 256, 256]",1.0,sdnet_tile,deck
utuh/deck_7040-40.jpg,0,utuh,train,deck,deck_7040,D/UD/7040-40.jpg,"[0, 0, 256, 256]",1.0,sdnet_tile,deck
utuh/deck_7040-43.jpg,0,utuh,train,deck,deck_7040,D/UD/7040-43.jpg,"[0, 0, 256, 256]",1.0,sdnet_tile,deck
utuh/deck_7040-56.jpg,0,utuh,train,deck,deck_7040,D/UD/7040-56.jpg,"[0, 0, 256, 256]",1.0,sdnet_tile,deck
utuh/deck_7040-59.jpg,0,utuh,train,deck,deck_7040,D/UD/7040-59.jpg,"[0, 0, 256, 256]",1.0,sdnet_tile,deck
utuh/deck_7040-68.jpg,0,utuh,train,deck,deck_7040,D/UD/7040-68.jpg,"[0, 0, 256, 256]",1.0,sdnet_tile,deck
utuh/deck_7040-69.jpg,0,utuh,train,deck,deck_7040,D/UD/7040-69.jpg,"[0, 0, 256, 256]",1.0,sdnet_tile,deck
utuh/deck_7040-76.jpg,0,utuh,train,deck,deck_7040,D/UD/7040-76.jpg,"[0, 0, 256, 256]",1.0,sdnet_tile,deck
utuh/deck_7040-78.jpg,0,utuh,train,deck,deck_7040,D/UD/7040-78.jpg,"[0, 0, 256, 256]",1.0,sdnet_tile,deck
utuh/deck_7040-92.jpg,0,utuh,train,deck,deck_7040,D/UD/7040-92.jpg,"[0, 0, 256, 256]",1.0,sdnet_tile,deck
utuh/deck_7040-93.jpg,0,utuh,train,deck,deck_7040,D/UD/7040-93.jpg,"[0, 0, 256, 256]",1.0,sdnet_tile,deck
utuh/deck_7040-98.jpg,0,utuh,train,deck,deck_7040,D/UD/7040-98.jpg,"[0, 0, 256, 256]",1.0,sdnet_tile,deck
utuh/deck_7041-103.jpg,0,utuh,train,deck,deck_7041,D/UD/7041-103.jpg,"[0, 0, 256, 256]",1.0,sdnet_tile,deck
utuh/deck_7041-117.jpg,0,utuh,train,deck,deck_7041,D/UD/7041-117.jpg,"[0, 0, 256, 256]",1.0,sdnet_tile,deck
utuh/deck_7041-137.jpg,0,utuh,train,deck,deck_7041,D/UD/7041-137.jpg,"[0, 0, 256, 256]",1.0,sdnet_tile,deck
utuh/deck_7041-140.jpg,0,utuh,train,deck,deck_7041,D/UD/7041-140.jpg,"[0, 0, 256, 256]",1.0,sdnet_tile,deck
utuh/deck_7041-163.jpg,0,utuh,train,deck,deck_7041,D/UD/7041-163.jpg,"[0, 0, 256, 256]",1.0,sdnet_tile,deck
utuh/deck_7041-165.jpg,0,utuh,train,deck,deck_7041,D/UD/7041-165.jpg,"[0, 0, 256, 256]",1.0,sdnet_tile,deck
utuh/deck_7041-172.jpg,0,utuh,train,deck,deck_7041,D/UD/7041-172.jpg,"[0, 0, 256, 256]",1.0,sdnet_tile,deck
utuh/deck_7041-178.jpg,0,utuh,train,deck,deck_7041,D/UD/7041-178.jpg,"[0, 0, 256, 256]",1.0,sdnet_tile,deck
utuh/deck_7041-180.jpg,0,utuh,train,deck,deck_7041,D/UD/7041-180.jpg,"[0, 0, 256, 256]",1.0,sdnet_tile,deck
utuh/deck_7041-189.jpg,0,utuh,train,deck,deck_7041,D/UD/7041-189.jpg,"[0, 0, 256, 256]",1.0,sdnet_tile,deck
utuh/deck_7041-190.jpg,0,utuh,train,deck,deck_7041,D/UD/7041-190.jpg,"[0, 0, 256, 256]",1.0,sdnet_tile,deck
utuh/deck_7041-204.jpg,0,utuh,train,deck,deck_7041,D/UD/7041-204.jpg,"[0, 0, 256, 256]",1.0,sdnet_tile,deck
utuh/deck_7041-23.jpg,0,utuh,train,deck,deck_7041,D/UD/7041-23.jpg,"[0, 0, 256, 256]",1.0,sdnet_tile,deck
utuh/deck_7041-236.jpg,0,utuh,train,deck,deck_7041,D/UD/7041-236.jpg,"[0, 0, 256, 256]",1.0,sdnet_tile,deck
utuh/deck_7041-245.jpg,0,utuh,train,deck,deck_7041,D/UD/7041-245.jpg,"[0, 0, 256, 256]",1.0,sdnet_tile,deck
utuh/deck_7041-248.jpg,0,utuh,train,deck,deck_7041,D/UD/7041-248.jpg,"[0, 0, 256, 256]",1.0,sdnet_tile,deck
utuh/deck_7041-249.jpg,0,utuh,train,deck,deck_7041,D/UD/7041-249.jpg,"[0, 0, 256, 256]",1.0,sdnet_tile,deck
utuh/deck_7041-251.jpg,0,utuh,train,deck,deck_7041,D/UD/7041-251.jpg,"[0, 0, 256, 256]",1.0,sdnet_tile,deck
utuh/deck_7041-40.jpg,0,utuh,train,deck,deck_7041,D/UD/7041-40.jpg,"[0, 0, 256, 256]",1.0,sdnet_tile,deck
utuh/deck_7041-63.jpg,0,utuh,train,deck,deck_7041,D/UD/7041-63.jpg,"[0, 0, 256, 256]",1.0,sdnet_tile,deck
utuh/deck_7041-65.jpg,0,utuh,train,deck,deck_7041,D/UD/7041-65.jpg,"[0, 0, 256, 256]",1.0,sdnet_tile,deck
utuh/deck_7041-68.jpg,0,utuh,train,deck,deck_7041,D/UD/7041-68.jpg,"[0, 0, 256, 256]",1.0,sdnet_tile,deck
utuh/deck_7041-75.jpg,0,utuh,train,deck,deck_7041,D/UD/7041-75.jpg,"[0, 0, 256, 256]",1.0,sdnet_tile,deck
utuh/deck_7041-77.jpg,0,utuh,train,deck,deck_7041,D/UD/7041-77.jpg,"[0, 0, 256, 256]",1.0,sdnet_tile,deck
utuh/deck_7041-81.jpg,0,utuh,train,deck,deck_7041,D/UD/7041-81.jpg,"[0, 0, 256, 256]",1.0,sdnet_tile,deck
utuh/deck_7041-83.jpg,0,utuh,train,deck,deck_7041,D/UD/7041-83.jpg,"[0, 0, 256, 256]",1.0,sdnet_tile,deck
utuh/deck_7041-96.jpg,0,utuh,train,deck,deck_7041,D/UD/7041-96.jpg,"[0, 0, 256, 256]",1.0,sdnet_tile,deck
utuh/deck_7041-98.jpg,0,utuh,train,deck,deck_7041,D/UD/7041-98.jpg,"[0, 0, 256, 256]",1.0,sdnet_tile,deck
utuh/deck_7043-106.jpg,0,utuh,train,deck,deck_7043,D/UD/7043-106.jpg,"[0, 0, 256, 256]",1.0,sdnet_tile,deck
utuh/deck_7043-109.jpg,0,utuh,train,deck,deck_7043,D/UD/7043-109.jpg,"[0, 0, 256, 256]",1.0,sdnet_tile,deck
utuh/deck_7043-11.jpg,0,utuh,train,deck,deck_7043,D/UD/7043-11.jpg,"[0, 0, 256, 256]",1.0,sdnet_tile,deck
utuh/deck_7043-111.jpg,0,utuh,train,deck,deck_7043,D/UD/7043-111.jpg,"[0, 0, 256, 256]",1.0,sdnet_tile,deck
utuh/deck_7043-117.jpg,0,utuh,train,deck,deck_7043,D/UD/7043-117.jpg,"[0, 0, 256, 256]",1.0,sdnet_tile,deck
utuh/deck_7043-12.jpg,0,utuh,train,deck,deck_7043,D/UD/7043-12.jpg,"[0, 0, 256, 256]",1.0,sdnet_tile,deck
utuh/deck_7043-124.jpg,0,utuh,train,deck,deck_7043,D/UD/7043-124.jpg,"[0, 0, 256, 256]",1.0,sdnet_tile,deck
utuh/deck_7043-126.jpg,0,utuh,train,deck,deck_7043,D/UD/7043-126.jpg,"[0, 0, 256, 256]",1.0,sdnet_tile,deck
utuh/deck_7043-131.jpg,0,utuh,train,deck,deck_7043,D/UD/7043-131.jpg,"[0, 0, 256, 256]",1.0,sdnet_tile,deck
utuh/deck_7043-135.jpg,0,utuh,train,deck,deck_7043,D/UD/7043-135.jpg,"[0, 0, 256, 256]",1.0,sdnet_tile,deck
utuh/deck_7043-164.jpg,0,utuh,train,deck,deck_7043,D/UD/7043-164.jpg,"[0, 0, 256, 256]",1.0,sdnet_tile,deck
utuh/deck_7043-172.jpg,0,utuh,train,deck,deck_7043,D/UD/7043-172.jpg,"[0, 0, 256, 256]",1.0,sdnet_tile,deck
utuh/deck_7043-183.jpg,0,utuh,train,deck,deck_7043,D/UD/7043-183.jpg,"[0, 0, 256, 256]",1.0,sdnet_tile,deck
utuh/deck_7043-185.jpg,0,utuh,train,deck,deck_7043,D/UD/7043-185.jpg,"[0, 0, 256, 256]",1.0,sdnet_tile,deck
utuh/deck_7043-188.jpg,0,utuh,train,deck,deck_7043,D/UD/7043-188.jpg,"[0, 0, 256, 256]",1.0,sdnet_tile,deck
utuh/deck_7043-2.jpg,0,utuh,train,deck,deck_7043,D/UD/7043-2.jpg,"[0, 0, 256, 256]",1.0,sdnet_tile,deck
utuh/deck_7043-214.jpg,0,utuh,train,deck,deck_7043,D/UD/7043-214.jpg,"[0, 0, 256, 256]",1.0,sdnet_tile,deck
utuh/deck_7043-218.jpg,0,utuh,train,deck,deck_7043,D/UD/7043-218.jpg,"[0, 0, 256, 256]",1.0,sdnet_tile,deck
utuh/deck_7043-221.jpg,0,utuh,train,deck,deck_7043,D/UD/7043-221.jpg,"[0, 0, 256, 256]",1.0,sdnet_tile,deck
utuh/deck_7043-252.jpg,0,utuh,train,deck,deck_7043,D/UD/7043-252.jpg,"[0, 0, 256, 256]",1.0,sdnet_tile,deck
utuh/deck_7043-32.jpg,0,utuh,train,deck,deck_7043,D/UD/7043-32.jpg,"[0, 0, 256, 256]",1.0,sdnet_tile,deck
utuh/deck_7043-45.jpg,0,utuh,train,deck,deck_7043,D/UD/7043-45.jpg,"[0, 0, 256, 256]",1.0,sdnet_tile,deck
utuh/deck_7043-48.jpg,0,utuh,train,deck,deck_7043,D/UD/7043-48.jpg,"[0, 0, 256, 256]",1.0,sdnet_tile,deck
utuh/deck_7043-58.jpg,0,utuh,train,deck,deck_7043,D/UD/7043-58.jpg,"[0, 0, 256, 256]",1.0,sdnet_tile,deck
utuh/deck_7043-72.jpg,0,utuh,train,deck,deck_7043,D/UD/7043-72.jpg,"[0, 0, 256, 256]",1.0,sdnet_tile,deck
utuh/deck_7043-73.jpg,0,utuh,train,deck,deck_7043,D/UD/7043-73.jpg,"[0, 0, 256, 256]",1.0,sdnet_tile,deck
utuh/deck_7043-85.jpg,0,utuh,train,deck,deck_7043,D/UD/7043-85.jpg,"[0, 0, 256, 256]",1.0,sdnet_tile,deck
utuh/deck_7043-96.jpg,0,utuh,train,deck,deck_7043,D/UD/7043-96.jpg,"[0, 0, 256, 256]",1.0,sdnet_tile,deck
utuh/deck_7046-102.jpg,0,utuh,train,deck,deck_7046,D/UD/7046-102.jpg,"[0, 0, 256, 256]",1.0,sdnet_tile,deck
utuh/deck_7046-104.jpg,0,utuh,train,deck,deck_7046,D/UD/7046-104.jpg,"[0, 0, 256, 256]",1.0,sdnet_tile,deck
utuh/deck_7046-111.jpg,0,utuh,train,deck,deck_7046,D/UD/7046-111.jpg,"[0, 0, 256, 256]",1.0,sdnet_tile,deck
utuh/deck_7046-115.jpg,0,utuh,train,deck,deck_7046,D/UD/7046-115.jpg,"[0, 0, 256, 256]",1.0,sdnet_tile,deck
utuh/deck_7046-121.jpg,0,utuh,train,deck,deck_7046,D/UD/7046-121.jpg,"[0, 0, 256, 256]",1.0,sdnet_tile,deck
utuh/deck_7046-143.jpg,0,utuh,train,deck,deck_7046,D/UD/7046-143.jpg,"[0, 0, 256, 256]",1.0,sdnet_tile,deck
utuh/deck_7046-174.jpg,0,utuh,train,deck,deck_7046,D/UD/7046-174.jpg,"[0, 0, 256, 256]",1.0,sdnet_tile,deck
utuh/deck_7046-181.jpg,0,utuh,train,deck,deck_7046,D/UD/7046-181.jpg,"[0, 0, 256, 256]",1.0,sdnet_tile,deck
utuh/deck_7046-184.jpg,0,utuh,train,deck,deck_7046,D/UD/7046-184.jpg,"[0, 0, 256, 256]",1.0,sdnet_tile,deck
utuh/deck_7046-190.jpg,0,utuh,train,deck,deck_7046,D/UD/7046-190.jpg,"[0, 0, 256, 256]",1.0,sdnet_tile,deck
utuh/deck_7046-204.jpg,0,utuh,train,deck,deck_7046,D/UD/7046-204.jpg,"[0, 0, 256, 256]",1.0,sdnet_tile,deck
utuh/deck_7046-211.jpg,0,utuh,train,deck,deck_7046,D/UD/7046-211.jpg,"[0, 0, 256, 256]",1.0,sdnet_tile,deck
utuh/deck_7046-212.jpg,0,utuh,train,deck,deck_7046,D/UD/7046-212.jpg,"[0, 0, 256, 256]",1.0,sdnet_tile,deck
utuh/deck_7046-217.jpg,0,utuh,train,deck,deck_7046,D/UD/7046-217.jpg,"[0, 0, 256, 256]",1.0,sdnet_tile,deck
utuh/deck_7046-223.jpg,0,utuh,train,deck,deck_7046,D/UD/7046-223.jpg,"[0, 0, 256, 256]",1.0,sdnet_tile,deck
utuh/deck_7046-228.jpg,0,utuh,train,deck,deck_7046,D/UD/7046-228.jpg,"[0, 0, 256, 256]",1.0,sdnet_tile,deck
utuh/deck_7046-231.jpg,0,utuh,train,deck,deck_7046,D/UD/7046-231.jpg,"[0, 0, 256, 256]",1.0,sdnet_tile,deck
utuh/deck_7046-3.jpg,0,utuh,train,deck,deck_7046,D/UD/7046-3.jpg,"[0, 0, 256, 256]",1.0,sdnet_tile,deck
utuh/deck_7046-4.jpg,0,utuh,train,deck,deck_7046,D/UD/7046-4.jpg,"[0, 0, 256, 256]",1.0,sdnet_tile,deck
utuh/deck_7046-47.jpg,0,utuh,train,deck,deck_7046,D/UD/7046-47.jpg,"[0, 0, 256, 256]",1.0,sdnet_tile,deck
utuh/deck_7046-51.jpg,0,utuh,train,deck,deck_7046,D/UD/7046-51.jpg,"[0, 0, 256, 256]",1.0,sdnet_tile,deck
utuh/deck_7046-6.jpg,0,utuh,train,deck,deck_7046,D/UD/7046-6.jpg,"[0, 0, 256, 256]",1.0,sdnet_tile,deck
utuh/deck_7046-61.jpg,0,utuh,train,deck,deck_7046,D/UD/7046-61.jpg,"[0, 0, 256, 256]",1.0,sdnet_tile,deck
utuh/deck_7046-73.jpg,0,utuh,train,deck,deck_7046,D/UD/7046-73.jpg,"[0, 0, 256, 256]",1.0,sdnet_tile,deck
utuh/deck_7046-74.jpg,0,utuh,train,deck,deck_7046,D/UD/7046-74.jpg,"[0, 0, 256, 256]",1.0,sdnet_tile,deck
utuh/deck_7046-88.jpg,0,utuh,train,deck,deck_7046,D/UD/7046-88.jpg,"[0, 0, 256, 256]",1.0,sdnet_tile,deck
utuh/deck_7046-90.jpg,0,utuh,train,deck,deck_7046,D/UD/7046-90.jpg,"[0, 0, 256, 256]",1.0,sdnet_tile,deck
utuh/deck_7051-101.jpg,0,utuh,train,deck,deck_7051,D/UD/7051-101.jpg,"[0, 0, 256, 256]",1.0,sdnet_tile,deck
utuh/deck_7051-105.jpg,0,utuh,train,deck,deck_7051,D/UD/7051-105.jpg,"[0, 0, 256, 256]",1.0,sdnet_tile,deck
utuh/deck_7051-119.jpg,0,utuh,train,deck,deck_7051,D/UD/7051-119.jpg,"[0, 0, 256, 256]",1.0,sdnet_tile,deck
utuh/deck_7051-121.jpg,0,utuh,train,deck,deck_7051,D/UD/7051-121.jpg,"[0, 0, 256, 256]",1.0,sdnet_tile,deck
utuh/deck_7051-126.jpg,0,utuh,train,deck,deck_7051,D/UD/7051-126.jpg,"[0, 0, 256, 256]",1.0,sdnet_tile,deck
utuh/deck_7051-128.jpg,0,utuh,train,deck,deck_7051,D/UD/7051-128.jpg,"[0, 0, 256, 256]",1.0,sdnet_tile,deck
utuh/deck_7051-149.jpg,0,utuh,train,deck,deck_7051,D/UD/7051-149.jpg,"[0, 0, 256, 256]",1.0,sdnet_tile,deck
utuh/deck_7051-15.jpg,0,utuh,train,deck,deck_7051,D/UD/7051-15.jpg,"[0, 0, 256, 256]",1.0,sdnet_tile,deck
utuh/deck_7051-155.jpg,0,utuh,train,deck,deck_7051,D/UD/7051-155.jpg,"[0, 0, 256, 256]",1.0,sdnet_tile,deck
utuh/deck_7051-16.jpg,0,utuh,train,deck,deck_7051,D/UD/7051-16.jpg,"[0, 0, 256, 256]",1.0,sdnet_tile,deck
utuh/deck_7051-166.jpg,0,utuh,train,deck,deck_7051,D/UD/7051-166.jpg,"[0, 0, 256, 256]",1.0,sdnet_tile,deck
utuh/deck_7051-171.jpg,0,utuh,train,deck,deck_7051,D/UD/7051-171.jpg,"[0, 0, 256, 256]",1.0,sdnet_tile,deck
utuh/deck_7051-195.jpg,0,utuh,train,deck,deck_7051,D/UD/7051-195.jpg,"[0, 0, 256, 256]",1.0,sdnet_tile,deck
utuh/deck_7051-224.jpg,0,utuh,train,deck,deck_7051,D/UD/7051-224.jpg,"[0, 0, 256, 256]",1.0,sdnet_tile,deck
utuh/deck_7051-226.jpg,0,utuh,train,deck,deck_7051,D/UD/7051-226.jpg,"[0, 0, 256, 256]",1.0,sdnet_tile,deck
utuh/deck_7051-231.jpg,0,utuh,train,deck,deck_7051,D/UD/7051-231.jpg,"[0, 0, 256, 256]",1.0,sdnet_tile,deck
utuh/deck_7051-237.jpg,0,utuh,train,deck,deck_7051,D/UD/7051-237.jpg,"[0, 0, 256, 256]",1.0,sdnet_tile,deck
utuh/deck_7051-251.jpg,0,utuh,train,deck,deck_7051,D/UD/7051-251.jpg,"[0, 0, 256, 256]",1.0,sdnet_tile,deck
utuh/deck_7051-28.jpg,0,utuh,train,deck,deck_7051,D/UD/7051-28.jpg,"[0, 0, 256, 256]",1.0,sdnet_tile,deck
utuh/deck_7051-29.jpg,0,utuh,train,deck,deck_7051,D/UD/7051-29.jpg,"[0, 0, 256, 256]",1.0,sdnet_tile,deck
utuh/deck_7051-5.jpg,0,utuh,train,deck,deck_7051,D/UD/7051-5.jpg,"[0, 0, 256, 256]",1.0,sdnet_tile,deck
utuh/deck_7051-51.jpg,0,utuh,train,deck,deck_7051,D/UD/7051-51.jpg,"[0, 0, 256, 256]",1.0,sdnet_tile,deck
utuh/deck_7051-61.jpg,0,utuh,train,deck,deck_7051,D/UD/7051-61.jpg,"[0, 0, 256, 256]",1.0,sdnet_tile,deck
utuh/deck_7051-78.jpg,0,utuh,train,deck,deck_7051,D/UD/7051-78.jpg,"[0, 0, 256, 256]",1.0,sdnet_tile,deck
utuh/deck_7051-84.jpg,0,utuh,train,deck,deck_7051,D/UD/7051-84.jpg,"[0, 0, 256, 256]",1.0,sdnet_tile,deck
utuh/deck_7051-90.jpg,0,utuh,train,deck,deck_7051,D/UD/7051-90.jpg,"[0, 0, 256, 256]",1.0,sdnet_tile,deck
utuh/deck_7051-91.jpg,0,utuh,train,deck,deck_7051,D/UD/7051-91.jpg,"[0, 0, 256, 256]",1.0,sdnet_tile,deck
utuh/deck_7052-137.jpg,0,utuh,train,deck,deck_7052,D/UD/7052-137.jpg,"[0, 0, 256, 256]",1.0,sdnet_tile,deck
utuh/deck_7052-148.jpg,0,utuh,train,deck,deck_7052,D/UD/7052-148.jpg,"[0, 0, 256, 256]",1.0,sdnet_tile,deck
utuh/deck_7052-149.jpg,0,utuh,train,deck,deck_7052,D/UD/7052-149.jpg,"[0, 0, 256, 256]",1.0,sdnet_tile,deck
utuh/deck_7052-151.jpg,0,utuh,train,deck,deck_7052,D/UD/7052-151.jpg,"[0, 0, 256, 256]",1.0,sdnet_tile,deck
utuh/deck_7052-153.jpg,0,utuh,train,deck,deck_7052,D/UD/7052-153.jpg,"[0, 0, 256, 256]",1.0,sdnet_tile,deck
utuh/deck_7052-164.jpg,0,utuh,train,deck,deck_7052,D/UD/7052-164.jpg,"[0, 0, 256, 256]",1.0,sdnet_tile,deck
utuh/deck_7052-166.jpg,0,utuh,train,deck,deck_7052,D/UD/7052-166.jpg,"[0, 0, 256, 256]",1.0,sdnet_tile,deck
utuh/deck_7052-167.jpg,0,utuh,train,deck,deck_7052,D/UD/7052-167.jpg,"[0, 0, 256, 256]",1.0,sdnet_tile,deck
utuh/deck_7052-172.jpg,0,utuh,train,deck,deck_7052,D/UD/7052-172.jpg,"[0, 0, 256, 256]",1.0,sdnet_tile,deck
utuh/deck_7052-176.jpg,0,utuh,train,deck,deck_7052,D/UD/7052-176.jpg,"[0, 0, 256, 256]",1.0,sdnet_tile,deck
utuh/deck_7052-182.jpg,0,utuh,train,deck,deck_7052,D/UD/7052-182.jpg,"[0, 0, 256, 256]",1.0,sdnet_tile,deck
utuh/deck_7052-187.jpg,0,utuh,train,deck,deck_7052,D/UD/7052-187.jpg,"[0, 0, 256, 256]",1.0,sdnet_tile,deck
utuh/deck_7052-195.jpg,0,utuh,train,deck,deck_7052,D/UD/7052-195.jpg,"[0, 0, 256, 256]",1.0,sdnet_tile,deck
utuh/deck_7052-208.jpg,0,utuh,train,deck,deck_7052,D/UD/7052-208.jpg,"[0, 0, 256, 256]",1.0,sdnet_tile,deck
utuh/deck_7052-21.jpg,0,utuh,train,deck,deck_7052,D/UD/7052-21.jpg,"[0, 0, 256, 256]",1.0,sdnet_tile,deck
utuh/deck_7052-22.jpg,0,utuh,train,deck,deck_7052,D/UD/7052-22.jpg,"[0, 0, 256, 256]",1.0,sdnet_tile,deck
utuh/deck_7052-229.jpg,0,utuh,train,deck,deck_7052,D/UD/7052-229.jpg,"[0, 0, 256, 256]",1.0,sdnet_tile,deck
utuh/deck_7052-242.jpg,0,utuh,train,deck,deck_7052,D/UD/7052-242.jpg,"[0, 0, 256, 256]",1.0,sdnet_tile,deck
utuh/deck_7052-252.jpg,0,utuh,train,deck,deck_7052,D/UD/7052-252.jpg,"[0, 0, 256, 256]",1.0,sdnet_tile,deck
utuh/deck_7052-35.jpg,0,utuh,train,deck,deck_7052,D/UD/7052-35.jpg,"[0, 0, 256, 256]",1.0,sdnet_tile,deck
utuh/deck_7052-37.jpg,0,utuh,train,deck,deck_7052,D/UD/7052-37.jpg,"[0, 0, 256, 256]",1.0,sdnet_tile,deck
utuh/deck_7052-49.jpg,0,utuh,train,deck,deck_7052,D/UD/7052-49.jpg,"[0, 0, 256, 256]",1.0,sdnet_tile,deck
utuh/deck_7052-53.jpg,0,utuh,train,deck,deck_7052,D/UD/7052-53.jpg,"[0, 0, 256, 256]",1.0,sdnet_tile,deck
utuh/deck_7052-59.jpg,0,utuh,train,deck,deck_7052,D/UD/7052-59.jpg,"[0, 0, 256, 256]",1.0,sdnet_tile,deck
utuh/deck_7052-68.jpg,0,utuh,train,deck,deck_7052,D/UD/7052-68.jpg,"[0, 0, 256, 256]",1.0,sdnet_tile,deck
utuh/deck_7052-71.jpg,0,utuh,train,deck,deck_7052,D/UD/7052-71.jpg,"[0, 0, 256, 256]",1.0,sdnet_tile,deck
utuh/deck_7052-79.jpg,0,utuh,train,deck,deck_7052,D/UD/7052-79.jpg,"[0, 0, 256, 256]",1.0,sdnet_tile,deck
utuh/deck_7053-106.jpg,0,utuh,train,deck,deck_7053,D/UD/7053-106.jpg,"[0, 0, 256, 256]",1.0,sdnet_tile,deck
utuh/deck_7053-142.jpg,0,utuh,train,deck,deck_7053,D/UD/7053-142.jpg,"[0, 0, 256, 256]",1.0,sdnet_tile,deck
utuh/deck_7053-145.jpg,0,utuh,train,deck,deck_7053,D/UD/7053-145.jpg,"[0, 0, 256, 256]",1.0,sdnet_tile,deck
utuh/deck_7053-15.jpg,0,utuh,train,deck,deck_7053,D/UD/7053-15.jpg,"[0, 0, 256, 256]",1.0,sdnet_tile,deck
utuh/deck_7053-151.jpg,0,utuh,train,deck,deck_7053,D/UD/7053-151.jpg,"[0, 0, 256, 256]",1.0,sdnet_tile,deck
utuh/deck_7053-154.jpg,0,utuh,train,deck,deck_7053,D/UD/7053-154.jpg,"[0, 0, 256, 256]",1.0,sdnet_tile,deck
utuh/deck_7053-156.jpg,0,utuh,train,deck,deck_7053,D/UD/7053-156.jpg,"[0, 0, 256, 256]",1.0,sdnet_tile,deck
utuh/deck_7053-158.jpg,0,utuh,train,deck,deck_7053,D/UD/7053-158.jpg,"[0, 0, 256, 256]",1.0,sdnet_tile,deck
utuh/deck_7053-168.jpg,0,utuh,train,deck,deck_7053,D/UD/7053-168.jpg,"[0, 0, 256, 256]",1.0,sdnet_tile,deck
utuh/deck_7053-188.jpg,0,utuh,train,deck,deck_7053,D/UD/7053-188.jpg,"[0, 0, 256, 256]",1.0,sdnet_tile,deck
utuh/deck_7053-192.jpg,0,utuh,train,deck,deck_7053,D/UD/7053-192.jpg,"[0, 0, 256, 256]",1.0,sdnet_tile,deck
utuh/deck_7053-195.jpg,0,utuh,train,deck,deck_7053,D/UD/7053-195.jpg,"[0, 0, 256, 256]",1.0,sdnet_tile,deck
utuh/deck_7053-205.jpg,0,utuh,train,deck,deck_7053,D/UD/7053-205.jpg,"[0, 0, 256, 256]",1.0,sdnet_tile,deck
utuh/deck_7053-209.jpg,0,utuh,train,deck,deck_7053,D/UD/7053-209.jpg,"[0, 0, 256, 256]",1.0,sdnet_tile,deck
utuh/deck_7053-219.jpg,0,utuh,train,deck,deck_7053,D/UD/7053-219.jpg,"[0, 0, 256, 256]",1.0,sdnet_tile,deck
utuh/deck_7053-224.jpg,0,utuh,train,deck,deck_7053,D/UD/7053-224.jpg,"[0, 0, 256, 256]",1.0,sdnet_tile,deck
utuh/deck_7053-225.jpg,0,utuh,train,deck,deck_7053,D/UD/7053-225.jpg,"[0, 0, 256, 256]",1.0,sdnet_tile,deck
utuh/deck_7053-238.jpg,0,utuh,train,deck,deck_7053,D/UD/7053-238.jpg,"[0, 0, 256, 256]",1.0,sdnet_tile,deck
utuh/deck_7053-245.jpg,0,utuh,train,deck,deck_7053,D/UD/7053-245.jpg,"[0, 0, 256, 256]",1.0,sdnet_tile,deck
utuh/deck_7053-249.jpg,0,utuh,train,deck,deck_7053,D/UD/7053-249.jpg,"[0, 0, 256, 256]",1.0,sdnet_tile,deck
utuh/deck_7053-27.jpg,0,utuh,train,deck,deck_7053,D/UD/7053-27.jpg,"[0, 0, 256, 256]",1.0,sdnet_tile,deck
utuh/deck_7053-40.jpg,0,utuh,train,deck,deck_7053,D/UD/7053-40.jpg,"[0, 0, 256, 256]",1.0,sdnet_tile,deck
utuh/deck_7053-50.jpg,0,utuh,train,deck,deck_7053,D/UD/7053-50.jpg,"[0, 0, 256, 256]",1.0,sdnet_tile,deck
utuh/deck_7053-59.jpg,0,utuh,train,deck,deck_7053,D/UD/7053-59.jpg,"[0, 0, 256, 256]",1.0,sdnet_tile,deck
utuh/deck_7053-62.jpg,0,utuh,train,deck,deck_7053,D/UD/7053-62.jpg,"[0, 0, 256, 256]",1.0,sdnet_tile,deck
utuh/deck_7053-95.jpg,0,utuh,train,deck,deck_7053,D/UD/7053-95.jpg,"[0, 0, 256, 256]",1.0,sdnet_tile,deck
utuh/deck_7053-96.jpg,0,utuh,train,deck,deck_7053,D/UD/7053-96.jpg,"[0, 0, 256, 256]",1.0,sdnet_tile,deck
utuh/deck_7054-11.jpg,0,utuh,train,deck,deck_7054,D/UD/7054-11.jpg,"[0, 0, 256, 256]",1.0,sdnet_tile,deck
utuh/deck_7054-117.jpg,0,utuh,train,deck,deck_7054,D/UD/7054-117.jpg,"[0, 0, 256, 256]",1.0,sdnet_tile,deck
utuh/deck_7054-125.jpg,0,utuh,train,deck,deck_7054,D/UD/7054-125.jpg,"[0, 0, 256, 256]",1.0,sdnet_tile,deck
utuh/deck_7054-128.jpg,0,utuh,train,deck,deck_7054,D/UD/7054-128.jpg,"[0, 0, 256, 256]",1.0,sdnet_tile,deck
utuh/deck_7054-138.jpg,0,utuh,train,deck,deck_7054,D/UD/7054-138.jpg,"[0, 0, 256, 256]",1.0,sdnet_tile,deck
utuh/deck_7054-147.jpg,0,utuh,train,deck,deck_7054,D/UD/7054-147.jpg,"[0, 0, 256, 256]",1.0,sdnet_tile,deck
utuh/deck_7054-15.jpg,0,utuh,train,deck,deck_7054,D/UD/7054-15.jpg,"[0, 0, 256, 256]",1.0,sdnet_tile,deck
utuh/deck_7054-167.jpg,0,utuh,train,deck,deck_7054,D/UD/7054-167.jpg,"[0, 0, 256, 256]",1.0,sdnet_tile,deck
utuh/deck_7054-168.jpg,0,utuh,train,deck,deck_7054,D/UD/7054-168.jpg,"[0, 0, 256, 256]",1.0,sdnet_tile,deck
utuh/deck_7054-186.jpg,0,utuh,train,deck,deck_7054,D/UD/7054-186.jpg,"[0, 0, 256, 256]",1.0,sdnet_tile,deck
utuh/deck_7054-188.jpg,0,utuh,train,deck,deck_7054,D/UD/7054-188.jpg,"[0, 0, 256, 256]",1.0,sdnet_tile,deck
utuh/deck_7054-191.jpg,0,utuh,train,deck,deck_7054,D/UD/7054-191.jpg,"[0, 0, 256, 256]",1.0,sdnet_tile,deck
utuh/deck_7054-197.jpg,0,utuh,train,deck,deck_7054,D/UD/7054-197.jpg,"[0, 0, 256, 256]",1.0,sdnet_tile,deck
utuh/deck_7054-202.jpg,0,utuh,train,deck,deck_7054,D/UD/7054-202.jpg,"[0, 0, 256, 256]",1.0,sdnet_tile,deck
utuh/deck_7054-204.jpg,0,utuh,train,deck,deck_7054,D/UD/7054-204.jpg,"[0, 0, 256, 256]",1.0,sdnet_tile,deck
utuh/deck_7054-216.jpg,0,utuh,train,deck,deck_7054,D/UD/7054-216.jpg,"[0, 0, 256, 256]",1.0,sdnet_tile,deck
utuh/deck_7054-234.jpg,0,utuh,train,deck,deck_7054,D/UD/7054-234.jpg,"[0, 0, 256, 256]",1.0,sdnet_tile,deck
utuh/deck_7054-248.jpg,0,utuh,train,deck,deck_7054,D/UD/7054-248.jpg,"[0, 0, 256, 256]",1.0,sdnet_tile,deck
utuh/deck_7054-3.jpg,0,utuh,train,deck,deck_7054,D/UD/7054-3.jpg,"[0, 0, 256, 256]",1.0,sdnet_tile,deck
utuh/deck_7054-33.jpg,0,utuh,train,deck,deck_7054,D/UD/7054-33.jpg,"[0, 0, 256, 256]",1.0,sdnet_tile,deck
utuh/deck_7054-43.jpg,0,utuh,train,deck,deck_7054,D/UD/7054-43.jpg,"[0, 0, 256, 256]",1.0,sdnet_tile,deck
utuh/deck_7054-5.jpg,0,utuh,train,deck,deck_7054,D/UD/7054-5.jpg,"[0, 0, 256, 256]",1.0,sdnet_tile,deck
utuh/deck_7054-54.jpg,0,utuh,train,deck,deck_7054,D/UD/7054-54.jpg,"[0, 0, 256, 256]",1.0,sdnet_tile,deck
utuh/deck_7054-6.jpg,0,utuh,train,deck,deck_7054,D/UD/7054-6.jpg,"[0, 0, 256, 256]",1.0,sdnet_tile,deck
utuh/deck_7054-82.jpg,0,utuh,train,deck,deck_7054,D/UD/7054-82.jpg,"[0, 0, 256, 256]",1.0,sdnet_tile,deck
utuh/deck_7054-83.jpg,0,utuh,train,deck,deck_7054,D/UD/7054-83.jpg,"[0, 0, 256, 256]",1.0,sdnet_tile,deck
utuh/deck_7054-97.jpg,0,utuh,train,deck,deck_7054,D/UD/7054-97.jpg,"[0, 0, 256, 256]",1.0,sdnet_tile,deck
retak/deck_7001-17.jpg,1,retak,train,deck,deck_7001,D/CD/7001-17.jpg,"[0, 0, 256, 256]",1.0,sdnet_tile,deck
retak/deck_7001-208.jpg,1,retak,train,deck,deck_7001,D/CD/7001-208.jpg,"[0, 0, 256, 256]",1.0,sdnet_tile,deck
retak/deck_7001-21.jpg,1,retak,train,deck,deck_7001,D/CD/7001-21.jpg,"[0, 0, 256, 256]",1.0,sdnet_tile,deck
retak/deck_7001-22.jpg,1,retak,train,deck,deck_7001,D/CD/7001-22.jpg,"[0, 0, 256, 256]",1.0,sdnet_tile,deck
retak/deck_7001-226.jpg,1,retak,train,deck,deck_7001,D/CD/7001-226.jpg,"[0, 0, 256, 256]",1.0,sdnet_tile,deck
retak/deck_7001-236.jpg,1,retak,train,deck,deck_7001,D/CD/7001-236.jpg,"[0, 0, 256, 256]",1.0,sdnet_tile,deck
retak/deck_7001-237.jpg,1,retak,train,deck,deck_7001,D/CD/7001-237.jpg,"[0, 0, 256, 256]",1.0,sdnet_tile,deck
retak/deck_7001-40.jpg,1,retak,train,deck,deck_7001,D/CD/7001-40.jpg,"[0, 0, 256, 256]",1.0,sdnet_tile,deck
retak/deck_7001-60.jpg,1,retak,train,deck,deck_7001,D/CD/7001-60.jpg,"[0, 0, 256, 256]",1.0,sdnet_tile,deck
retak/deck_7001-68.jpg,1,retak,train,deck,deck_7001,D/CD/7001-68.jpg,"[0, 0, 256, 256]",1.0,sdnet_tile,deck
retak/deck_7006-139.jpg,1,retak,train,deck,deck_7006,D/CD/7006-139.jpg,"[0, 0, 256, 256]",1.0,sdnet_tile,deck
retak/deck_7006-140.jpg,1,retak,train,deck,deck_7006,D/CD/7006-140.jpg,"[0, 0, 256, 256]",1.0,sdnet_tile,deck
retak/deck_7006-145.jpg,1,retak,train,deck,deck_7006,D/CD/7006-145.jpg,"[0, 0, 256, 256]",1.0,sdnet_tile,deck
retak/deck_7006-153.jpg,1,retak,train,deck,deck_7006,D/CD/7006-153.jpg,"[0, 0, 256, 256]",1.0,sdnet_tile,deck
retak/deck_7006-154.jpg,1,retak,train,deck,deck_7006,D/CD/7006-154.jpg,"[0, 0, 256, 256]",1.0,sdnet_tile,deck
retak/deck_7006-192.jpg,1,retak,train,deck,deck_7006,D/CD/7006-192.jpg,"[0, 0, 256, 256]",1.0,sdnet_tile,deck
retak/deck_7006-59.jpg,1,retak,train,deck,deck_7006,D/CD/7006-59.jpg,"[0, 0, 256, 256]",1.0,sdnet_tile,deck
retak/deck_7006-77.jpg,1,retak,train,deck,deck_7006,D/CD/7006-77.jpg,"[0, 0, 256, 256]",1.0,sdnet_tile,deck
retak/deck_7006-96.jpg,1,retak,train,deck,deck_7006,D/CD/7006-96.jpg,"[0, 0, 256, 256]",1.0,sdnet_tile,deck
retak/deck_7006-97.jpg,1,retak,train,deck,deck_7006,D/CD/7006-97.jpg,"[0, 0, 256, 256]",1.0,sdnet_tile,deck
retak/deck_7008-222.jpg,1,retak,train,deck,deck_7008,D/CD/7008-222.jpg,"[0, 0, 256, 256]",1.0,sdnet_tile,deck
retak/deck_7008-55.jpg,1,retak,train,deck,deck_7008,D/CD/7008-55.jpg,"[0, 0, 256, 256]",1.0,sdnet_tile,deck
retak/deck_7008-56.jpg,1,retak,train,deck,deck_7008,D/CD/7008-56.jpg,"[0, 0, 256, 256]",1.0,sdnet_tile,deck
retak/deck_7008-57.jpg,1,retak,train,deck,deck_7008,D/CD/7008-57.jpg,"[0, 0, 256, 256]",1.0,sdnet_tile,deck
retak/deck_7008-58.jpg,1,retak,train,deck,deck_7008,D/CD/7008-58.jpg,"[0, 0, 256, 256]",1.0,sdnet_tile,deck
retak/deck_7008-6.jpg,1,retak,train,deck,deck_7008,D/CD/7008-6.jpg,"[0, 0, 256, 256]",1.0,sdnet_tile,deck
retak/deck_7008-78.jpg,1,retak,train,deck,deck_7008,D/CD/7008-78.jpg,"[0, 0, 256, 256]",1.0,sdnet_tile,deck
retak/deck_7008-86.jpg,1,retak,train,deck,deck_7008,D/CD/7008-86.jpg,"[0, 0, 256, 256]",1.0,sdnet_tile,deck
retak/deck_7008-91.jpg,1,retak,train,deck,deck_7008,D/CD/7008-91.jpg,"[0, 0, 256, 256]",1.0,sdnet_tile,deck
retak/deck_7008-99.jpg,1,retak,train,deck,deck_7008,D/CD/7008-99.jpg,"[0, 0, 256, 256]",1.0,sdnet_tile,deck
retak/deck_7009-1.jpg,1,retak,train,deck,deck_7009,D/CD/7009-1.jpg,"[0, 0, 256, 256]",1.0,sdnet_tile,deck
retak/deck_7009-121.jpg,1,retak,train,deck,deck_7009,D/CD/7009-121.jpg,"[0, 0, 256, 256]",1.0,sdnet_tile,deck
retak/deck_7009-13.jpg,1,retak,train,deck,deck_7009,D/CD/7009-13.jpg,"[0, 0, 256, 256]",1.0,sdnet_tile,deck
retak/deck_7009-162.jpg,1,retak,train,deck,deck_7009,D/CD/7009-162.jpg,"[0, 0, 256, 256]",1.0,sdnet_tile,deck
retak/deck_7009-186.jpg,1,retak,train,deck,deck_7009,D/CD/7009-186.jpg,"[0, 0, 256, 256]",1.0,sdnet_tile,deck
retak/deck_7009-202.jpg,1,retak,train,deck,deck_7009,D/CD/7009-202.jpg,"[0, 0, 256, 256]",1.0,sdnet_tile,deck
retak/deck_7009-22.jpg,1,retak,train,deck,deck_7009,D/CD/7009-22.jpg,"[0, 0, 256, 256]",1.0,sdnet_tile,deck
retak/deck_7009-92.jpg,1,retak,train,deck,deck_7009,D/CD/7009-92.jpg,"[0, 0, 256, 256]",1.0,sdnet_tile,deck
retak/deck_7009-94.jpg,1,retak,train,deck,deck_7009,D/CD/7009-94.jpg,"[0, 0, 256, 256]",1.0,sdnet_tile,deck
retak/deck_7009-96.jpg,1,retak,train,deck,deck_7009,D/CD/7009-96.jpg,"[0, 0, 256, 256]",1.0,sdnet_tile,deck
retak/deck_7010-102.jpg,1,retak,train,deck,deck_7010,D/CD/7010-102.jpg,"[0, 0, 256, 256]",1.0,sdnet_tile,deck
retak/deck_7010-113.jpg,1,retak,train,deck,deck_7010,D/CD/7010-113.jpg,"[0, 0, 256, 256]",1.0,sdnet_tile,deck
retak/deck_7010-122.jpg,1,retak,train,deck,deck_7010,D/CD/7010-122.jpg,"[0, 0, 256, 256]",1.0,sdnet_tile,deck
retak/deck_7010-123.jpg,1,retak,train,deck,deck_7010,D/CD/7010-123.jpg,"[0, 0, 256, 256]",1.0,sdnet_tile,deck
retak/deck_7010-131.jpg,1,retak,train,deck,deck_7010,D/CD/7010-131.jpg,"[0, 0, 256, 256]",1.0,sdnet_tile,deck
retak/deck_7010-184.jpg,1,retak,train,deck,deck_7010,D/CD/7010-184.jpg,"[0, 0, 256, 256]",1.0,sdnet_tile,deck
retak/deck_7010-202.jpg,1,retak,train,deck,deck_7010,D/CD/7010-202.jpg,"[0, 0, 256, 256]",1.0,sdnet_tile,deck
retak/deck_7010-52.jpg,1,retak,train,deck,deck_7010,D/CD/7010-52.jpg,"[0, 0, 256, 256]",1.0,sdnet_tile,deck
retak/deck_7010-81.jpg,1,retak,train,deck,deck_7010,D/CD/7010-81.jpg,"[0, 0, 256, 256]",1.0,sdnet_tile,deck
retak/deck_7010-98.jpg,1,retak,train,deck,deck_7010,D/CD/7010-98.jpg,"[0, 0, 256, 256]",1.0,sdnet_tile,deck
retak/deck_7013-10.jpg,1,retak,train,deck,deck_7013,D/CD/7013-10.jpg,"[0, 0, 256, 256]",1.0,sdnet_tile,deck
retak/deck_7013-11.jpg,1,retak,train,deck,deck_7013,D/CD/7013-11.jpg,"[0, 0, 256, 256]",1.0,sdnet_tile,deck
retak/deck_7013-116.jpg,1,retak,train,deck,deck_7013,D/CD/7013-116.jpg,"[0, 0, 256, 256]",1.0,sdnet_tile,deck
retak/deck_7013-134.jpg,1,retak,train,deck,deck_7013,D/CD/7013-134.jpg,"[0, 0, 256, 256]",1.0,sdnet_tile,deck
retak/deck_7013-151.jpg,1,retak,train,deck,deck_7013,D/CD/7013-151.jpg,"[0, 0, 256, 256]",1.0,sdnet_tile,deck
retak/deck_7013-167.jpg,1,retak,train,deck,deck_7013,D/CD/7013-167.jpg,"[0, 0, 256, 256]",1.0,sdnet_tile,deck
retak/deck_7013-184.jpg,1,retak,train,deck,deck_7013,D/CD/7013-184.jpg,"[0, 0, 256, 256]",1.0,sdnet_tile,deck
retak/deck_7013-200.jpg,1,retak,train,deck,deck_7013,D/CD/7013-200.jpg,"[0, 0, 256, 256]",1.0,sdnet_tile,deck
retak/deck_7013-201.jpg,1,retak,train,deck,deck_7013,D/CD/7013-201.jpg,"[0, 0, 256, 256]",1.0,sdnet_tile,deck
retak/deck_7013-98.jpg,1,retak,train,deck,deck_7013,D/CD/7013-98.jpg,"[0, 0, 256, 256]",1.0,sdnet_tile,deck
retak/deck_7014-116.jpg,1,retak,train,deck,deck_7014,D/CD/7014-116.jpg,"[0, 0, 256, 256]",1.0,sdnet_tile,deck
retak/deck_7014-134.jpg,1,retak,train,deck,deck_7014,D/CD/7014-134.jpg,"[0, 0, 256, 256]",1.0,sdnet_tile,deck
retak/deck_7014-140.jpg,1,retak,train,deck,deck_7014,D/CD/7014-140.jpg,"[0, 0, 256, 256]",1.0,sdnet_tile,deck
retak/deck_7014-151.jpg,1,retak,train,deck,deck_7014,D/CD/7014-151.jpg,"[0, 0, 256, 256]",1.0,sdnet_tile,deck
retak/deck_7014-169.jpg,1,retak,train,deck,deck_7014,D/CD/7014-169.jpg,"[0, 0, 256, 256]",1.0,sdnet_tile,deck
retak/deck_7014-186.jpg,1,retak,train,deck,deck_7014,D/CD/7014-186.jpg,"[0, 0, 256, 256]",1.0,sdnet_tile,deck
retak/deck_7014-222.jpg,1,retak,train,deck,deck_7014,D/CD/7014-222.jpg,"[0, 0, 256, 256]",1.0,sdnet_tile,deck
retak/deck_7014-26.jpg,1,retak,train,deck,deck_7014,D/CD/7014-26.jpg,"[0, 0, 256, 256]",1.0,sdnet_tile,deck
retak/deck_7014-44.jpg,1,retak,train,deck,deck_7014,D/CD/7014-44.jpg,"[0, 0, 256, 256]",1.0,sdnet_tile,deck
retak/deck_7014-49.jpg,1,retak,train,deck,deck_7014,D/CD/7014-49.jpg,"[0, 0, 256, 256]",1.0,sdnet_tile,deck
retak/deck_7018-120.jpg,1,retak,train,deck,deck_7018,D/CD/7018-120.jpg,"[0, 0, 256, 256]",1.0,sdnet_tile,deck
retak/deck_7018-159.jpg,1,retak,train,deck,deck_7018,D/CD/7018-159.jpg,"[0, 0, 256, 256]",1.0,sdnet_tile,deck
retak/deck_7018-177.jpg,1,retak,train,deck,deck_7018,D/CD/7018-177.jpg,"[0, 0, 256, 256]",1.0,sdnet_tile,deck
retak/deck_7018-178.jpg,1,retak,train,deck,deck_7018,D/CD/7018-178.jpg,"[0, 0, 256, 256]",1.0,sdnet_tile,deck
retak/deck_7018-190.jpg,1,retak,train,deck,deck_7018,D/CD/7018-190.jpg,"[0, 0, 256, 256]",1.0,sdnet_tile,deck
retak/deck_7018-225.jpg,1,retak,train,deck,deck_7018,D/CD/7018-225.jpg,"[0, 0, 256, 256]",1.0,sdnet_tile,deck
retak/deck_7018-37.jpg,1,retak,train,deck,deck_7018,D/CD/7018-37.jpg,"[0, 0, 256, 256]",1.0,sdnet_tile,deck
retak/deck_7018-45.jpg,1,retak,train,deck,deck_7018,D/CD/7018-45.jpg,"[0, 0, 256, 256]",1.0,sdnet_tile,deck
retak/deck_7018-6.jpg,1,retak,train,deck,deck_7018,D/CD/7018-6.jpg,"[0, 0, 256, 256]",1.0,sdnet_tile,deck
retak/deck_7018-72.jpg,1,retak,train,deck,deck_7018,D/CD/7018-72.jpg,"[0, 0, 256, 256]",1.0,sdnet_tile,deck
retak/deck_7019-152.jpg,1,retak,train,deck,deck_7019,D/CD/7019-152.jpg,"[0, 0, 256, 256]",1.0,sdnet_tile,deck
retak/deck_7019-171.jpg,1,retak,train,deck,deck_7019,D/CD/7019-171.jpg,"[0, 0, 256, 256]",1.0,sdnet_tile,deck
retak/deck_7019-191.jpg,1,retak,train,deck,deck_7019,D/CD/7019-191.jpg,"[0, 0, 256, 256]",1.0,sdnet_tile,deck
retak/deck_7019-2.jpg,1,retak,train,deck,deck_7019,D/CD/7019-2.jpg,"[0, 0, 256, 256]",1.0,sdnet_tile,deck
retak/deck_7019-20.jpg,1,retak,train,deck,deck_7019,D/CD/7019-20.jpg,"[0, 0, 256, 256]",1.0,sdnet_tile,deck
retak/deck_7019-209.jpg,1,retak,train,deck,deck_7019,D/CD/7019-209.jpg,"[0, 0, 256, 256]",1.0,sdnet_tile,deck
retak/deck_7019-229.jpg,1,retak,train,deck,deck_7019,D/CD/7019-229.jpg,"[0, 0, 256, 256]",1.0,sdnet_tile,deck
retak/deck_7019-247.jpg,1,retak,train,deck,deck_7019,D/CD/7019-247.jpg,"[0, 0, 256, 256]",1.0,sdnet_tile,deck
retak/deck_7019-40.jpg,1,retak,train,deck,deck_7019,D/CD/7019-40.jpg,"[0, 0, 256, 256]",1.0,sdnet_tile,deck
retak/deck_7019-59.jpg,1,retak,train,deck,deck_7019,D/CD/7019-59.jpg,"[0, 0, 256, 256]",1.0,sdnet_tile,deck
retak/deck_7020-102.jpg,1,retak,train,deck,deck_7020,D/CD/7020-102.jpg,"[0, 0, 256, 256]",1.0,sdnet_tile,deck
retak/deck_7020-141.jpg,1,retak,train,deck,deck_7020,D/CD/7020-141.jpg,"[0, 0, 256, 256]",1.0,sdnet_tile,deck
retak/deck_7020-142.jpg,1,retak,train,deck,deck_7020,D/CD/7020-142.jpg,"[0, 0, 256, 256]",1.0,sdnet_tile,deck
retak/deck_7020-199.jpg,1,retak,train,deck,deck_7020,D/CD/7020-199.jpg,"[0, 0, 256, 256]",1.0,sdnet_tile,deck
retak/deck_7020-20.jpg,1,retak,train,deck,deck_7020,D/CD/7020-20.jpg,"[0, 0, 256, 256]",1.0,sdnet_tile,deck
retak/deck_7020-217.jpg,1,retak,train,deck,deck_7020,D/CD/7020-217.jpg,"[0, 0, 256, 256]",1.0,sdnet_tile,deck
retak/deck_7020-64.jpg,1,retak,train,deck,deck_7020,D/CD/7020-64.jpg,"[0, 0, 256, 256]",1.0,sdnet_tile,deck
retak/deck_7020-65.jpg,1,retak,train,deck,deck_7020,D/CD/7020-65.jpg,"[0, 0, 256, 256]",1.0,sdnet_tile,deck
retak/deck_7020-79.jpg,1,retak,train,deck,deck_7020,D/CD/7020-79.jpg,"[0, 0, 256, 256]",1.0,sdnet_tile,deck
retak/deck_7020-95.jpg,1,retak,train,deck,deck_7020,D/CD/7020-95.jpg,"[0, 0, 256, 256]",1.0,sdnet_tile,deck
retak/deck_7022-109.jpg,1,retak,train,deck,deck_7022,D/CD/7022-109.jpg,"[0, 0, 256, 256]",1.0,sdnet_tile,deck
retak/deck_7022-11.jpg,1,retak,train,deck,deck_7022,D/CD/7022-11.jpg,"[0, 0, 256, 256]",1.0,sdnet_tile,deck
retak/deck_7022-127.jpg,1,retak,train,deck,deck_7022,D/CD/7022-127.jpg,"[0, 0, 256, 256]",1.0,sdnet_tile,deck
retak/deck_7022-145.jpg,1,retak,train,deck,deck_7022,D/CD/7022-145.jpg,"[0, 0, 256, 256]",1.0,sdnet_tile,deck
retak/deck_7022-163.jpg,1,retak,train,deck,deck_7022,D/CD/7022-163.jpg,"[0, 0, 256, 256]",1.0,sdnet_tile,deck
retak/deck_7022-201.jpg,1,retak,train,deck,deck_7022,D/CD/7022-201.jpg,"[0, 0, 256, 256]",1.0,sdnet_tile,deck
retak/deck_7022-222.jpg,1,retak,train,deck,deck_7022,D/CD/7022-222.jpg,"[0, 0, 256, 256]",1.0,sdnet_tile,deck
retak/deck_7022-236.jpg,1,retak,train,deck,deck_7022,D/CD/7022-236.jpg,"[0, 0, 256, 256]",1.0,sdnet_tile,deck
retak/deck_7022-58.jpg,1,retak,train,deck,deck_7022,D/CD/7022-58.jpg,"[0, 0, 256, 256]",1.0,sdnet_tile,deck
retak/deck_7022-75.jpg,1,retak,train,deck,deck_7022,D/CD/7022-75.jpg,"[0, 0, 256, 256]",1.0,sdnet_tile,deck
retak/deck_7023-12.jpg,1,retak,train,deck,deck_7023,D/CD/7023-12.jpg,"[0, 0, 256, 256]",1.0,sdnet_tile,deck
retak/deck_7023-181.jpg,1,retak,train,deck,deck_7023,D/CD/7023-181.jpg,"[0, 0, 256, 256]",1.0,sdnet_tile,deck
retak/deck_7023-183.jpg,1,retak,train,deck,deck_7023,D/CD/7023-183.jpg,"[0, 0, 256, 256]",1.0,sdnet_tile,deck
retak/deck_7023-199.jpg,1,retak,train,deck,deck_7023,D/CD/7023-199.jpg,"[0, 0, 256, 256]",1.0,sdnet_tile,deck
retak/deck_7023-237.jpg,1,retak,train,deck,deck_7023,D/CD/7023-237.jpg,"[0, 0, 256, 256]",1.0,sdnet_tile,deck
retak/deck_7023-37.jpg,1,retak,train,deck,deck_7023,D/CD/7023-37.jpg,"[0, 0, 256, 256]",1.0,sdnet_tile,deck
retak/deck_7023-39.jpg,1,retak,train,deck,deck_7023,D/CD/7023-39.jpg,"[0, 0, 256, 256]",1.0,sdnet_tile,deck
retak/deck_7023-4.jpg,1,retak,train,deck,deck_7023,D/CD/7023-4.jpg,"[0, 0, 256, 256]",1.0,sdnet_tile,deck
retak/deck_7023-46.jpg,1,retak,train,deck,deck_7023,D/CD/7023-46.jpg,"[0, 0, 256, 256]",1.0,sdnet_tile,deck
retak/deck_7024-111.jpg,1,retak,train,deck,deck_7024,D/CD/7024-111.jpg,"[0, 0, 256, 256]",1.0,sdnet_tile,deck
retak/deck_7024-128.jpg,1,retak,train,deck,deck_7024,D/CD/7024-128.jpg,"[0, 0, 256, 256]",1.0,sdnet_tile,deck
retak/deck_7024-141.jpg,1,retak,train,deck,deck_7024,D/CD/7024-141.jpg,"[0, 0, 256, 256]",1.0,sdnet_tile,deck
retak/deck_7024-17.jpg,1,retak,train,deck,deck_7024,D/CD/7024-17.jpg,"[0, 0, 256, 256]",1.0,sdnet_tile,deck
retak/deck_7024-197.jpg,1,retak,train,deck,deck_7024,D/CD/7024-197.jpg,"[0, 0, 256, 256]",1.0,sdnet_tile,deck
retak/deck_7024-208.jpg,1,retak,train,deck,deck_7024,D/CD/7024-208.jpg,"[0, 0, 256, 256]",1.0,sdnet_tile,deck
retak/deck_7024-30.jpg,1,retak,train,deck,deck_7024,D/CD/7024-30.jpg,"[0, 0, 256, 256]",1.0,sdnet_tile,deck
retak/deck_7024-63.jpg,1,retak,train,deck,deck_7024,D/CD/7024-63.jpg,"[0, 0, 256, 256]",1.0,sdnet_tile,deck
retak/deck_7024-80.jpg,1,retak,train,deck,deck_7024,D/CD/7024-80.jpg,"[0, 0, 256, 256]",1.0,sdnet_tile,deck
retak/deck_7026-114.jpg,1,retak,train,deck,deck_7026,D/CD/7026-114.jpg,"[0, 0, 256, 256]",1.0,sdnet_tile,deck
retak/deck_7026-119.jpg,1,retak,train,deck,deck_7026,D/CD/7026-119.jpg,"[0, 0, 256, 256]",1.0,sdnet_tile,deck
retak/deck_7026-135.jpg,1,retak,train,deck,deck_7026,D/CD/7026-135.jpg,"[0, 0, 256, 256]",1.0,sdnet_tile,deck
retak/deck_7026-136.jpg,1,retak,train,deck,deck_7026,D/CD/7026-136.jpg,"[0, 0, 256, 256]",1.0,sdnet_tile,deck
retak/deck_7026-203.jpg,1,retak,train,deck,deck_7026,D/CD/7026-203.jpg,"[0, 0, 256, 256]",1.0,sdnet_tile,deck
retak/deck_7026-235.jpg,1,retak,train,deck,deck_7026,D/CD/7026-235.jpg,"[0, 0, 256, 256]",1.0,sdnet_tile,deck
retak/deck_7026-238.jpg,1,retak,train,deck,deck_7026,D/CD/7026-238.jpg,"[0, 0, 256, 256]",1.0,sdnet_tile,deck
retak/deck_7026-68.jpg,1,retak,train,deck,deck_7026,D/CD/7026-68.jpg,"[0, 0, 256, 256]",1.0,sdnet_tile,deck
retak/deck_7026-84.jpg,1,retak,train,deck,deck_7026,D/CD/7026-84.jpg,"[0, 0, 256, 256]",1.0,sdnet_tile,deck
retak/deck_7028-159.jpg,1,retak,train,deck,deck_7028,D/CD/7028-159.jpg,"[0, 0, 256, 256]",1.0,sdnet_tile,deck
retak/deck_7028-196.jpg,1,retak,train,deck,deck_7028,D/CD/7028-196.jpg,"[0, 0, 256, 256]",1.0,sdnet_tile,deck
retak/deck_7028-212.jpg,1,retak,train,deck,deck_7028,D/CD/7028-212.jpg,"[0, 0, 256, 256]",1.0,sdnet_tile,deck
retak/deck_7028-219.jpg,1,retak,train,deck,deck_7028,D/CD/7028-219.jpg,"[0, 0, 256, 256]",1.0,sdnet_tile,deck
retak/deck_7028-26.jpg,1,retak,train,deck,deck_7028,D/CD/7028-26.jpg,"[0, 0, 256, 256]",1.0,sdnet_tile,deck
retak/deck_7028-42.jpg,1,retak,train,deck,deck_7028,D/CD/7028-42.jpg,"[0, 0, 256, 256]",1.0,sdnet_tile,deck
retak/deck_7028-62.jpg,1,retak,train,deck,deck_7028,D/CD/7028-62.jpg,"[0, 0, 256, 256]",1.0,sdnet_tile,deck
retak/deck_7028-85.jpg,1,retak,train,deck,deck_7028,D/CD/7028-85.jpg,"[0, 0, 256, 256]",1.0,sdnet_tile,deck
retak/deck_7028-89.jpg,1,retak,train,deck,deck_7028,D/CD/7028-89.jpg,"[0, 0, 256, 256]",1.0,sdnet_tile,deck
retak/deck_7029-108.jpg,1,retak,train,deck,deck_7029,D/CD/7029-108.jpg,"[0, 0, 256, 256]",1.0,sdnet_tile,deck
retak/deck_7029-142.jpg,1,retak,train,deck,deck_7029,D/CD/7029-142.jpg,"[0, 0, 256, 256]",1.0,sdnet_tile,deck
retak/deck_7029-153.jpg,1,retak,train,deck,deck_7029,D/CD/7029-153.jpg,"[0, 0, 256, 256]",1.0,sdnet_tile,deck
retak/deck_7029-154.jpg,1,retak,train,deck,deck_7029,D/CD/7029-154.jpg,"[0, 0, 256, 256]",1.0,sdnet_tile,deck
retak/deck_7029-191.jpg,1,retak,train,deck,deck_7029,D/CD/7029-191.jpg,"[0, 0, 256, 256]",1.0,sdnet_tile,deck
retak/deck_7029-241.jpg,1,retak,train,deck,deck_7029,D/CD/7029-241.jpg,"[0, 0, 256, 256]",1.0,sdnet_tile,deck
retak/deck_7029-48.jpg,1,retak,train,deck,deck_7029,D/CD/7029-48.jpg,"[0, 0, 256, 256]",1.0,sdnet_tile,deck
retak/deck_7029-67.jpg,1,retak,train,deck,deck_7029,D/CD/7029-67.jpg,"[0, 0, 256, 256]",1.0,sdnet_tile,deck
retak/deck_7029-89.jpg,1,retak,train,deck,deck_7029,D/CD/7029-89.jpg,"[0, 0, 256, 256]",1.0,sdnet_tile,deck
retak/deck_7030-168.jpg,1,retak,train,deck,deck_7030,D/CD/7030-168.jpg,"[0, 0, 256, 256]",1.0,sdnet_tile,deck
retak/deck_7030-171.jpg,1,retak,train,deck,deck_7030,D/CD/7030-171.jpg,"[0, 0, 256, 256]",1.0,sdnet_tile,deck
retak/deck_7030-172.jpg,1,retak,train,deck,deck_7030,D/CD/7030-172.jpg,"[0, 0, 256, 256]",1.0,sdnet_tile,deck
retak/deck_7030-185.jpg,1,retak,train,deck,deck_7030,D/CD/7030-185.jpg,"[0, 0, 256, 256]",1.0,sdnet_tile,deck
retak/deck_7030-203.jpg,1,retak,train,deck,deck_7030,D/CD/7030-203.jpg,"[0, 0, 256, 256]",1.0,sdnet_tile,deck
retak/deck_7030-204.jpg,1,retak,train,deck,deck_7030,D/CD/7030-204.jpg,"[0, 0, 256, 256]",1.0,sdnet_tile,deck
retak/deck_7030-225.jpg,1,retak,train,deck,deck_7030,D/CD/7030-225.jpg,"[0, 0, 256, 256]",1.0,sdnet_tile,deck
retak/deck_7030-228.jpg,1,retak,train,deck,deck_7030,D/CD/7030-228.jpg,"[0, 0, 256, 256]",1.0,sdnet_tile,deck
retak/deck_7030-88.jpg,1,retak,train,deck,deck_7030,D/CD/7030-88.jpg,"[0, 0, 256, 256]",1.0,sdnet_tile,deck
retak/deck_7033-127.jpg,1,retak,train,deck,deck_7033,D/CD/7033-127.jpg,"[0, 0, 256, 256]",1.0,sdnet_tile,deck
retak/deck_7033-182.jpg,1,retak,train,deck,deck_7033,D/CD/7033-182.jpg,"[0, 0, 256, 256]",1.0,sdnet_tile,deck
retak/deck_7033-187.jpg,1,retak,train,deck,deck_7033,D/CD/7033-187.jpg,"[0, 0, 256, 256]",1.0,sdnet_tile,deck
retak/deck_7033-188.jpg,1,retak,train,deck,deck_7033,D/CD/7033-188.jpg,"[0, 0, 256, 256]",1.0,sdnet_tile,deck
retak/deck_7033-191.jpg,1,retak,train,deck,deck_7033,D/CD/7033-191.jpg,"[0, 0, 256, 256]",1.0,sdnet_tile,deck
retak/deck_7033-192.jpg,1,retak,train,deck,deck_7033,D/CD/7033-192.jpg,"[0, 0, 256, 256]",1.0,sdnet_tile,deck
retak/deck_7033-193.jpg,1,retak,train,deck,deck_7033,D/CD/7033-193.jpg,"[0, 0, 256, 256]",1.0,sdnet_tile,deck
retak/deck_7033-215.jpg,1,retak,train,deck,deck_7033,D/CD/7033-215.jpg,"[0, 0, 256, 256]",1.0,sdnet_tile,deck
retak/deck_7033-218.jpg,1,retak,train,deck,deck_7033,D/CD/7033-218.jpg,"[0, 0, 256, 256]",1.0,sdnet_tile,deck
retak/deck_7034-12.jpg,1,retak,train,deck,deck_7034,D/CD/7034-12.jpg,"[0, 0, 256, 256]",1.0,sdnet_tile,deck
retak/deck_7034-129.jpg,1,retak,train,deck,deck_7034,D/CD/7034-129.jpg,"[0, 0, 256, 256]",1.0,sdnet_tile,deck
retak/deck_7034-15.jpg,1,retak,train,deck,deck_7034,D/CD/7034-15.jpg,"[0, 0, 256, 256]",1.0,sdnet_tile,deck
retak/deck_7034-21.jpg,1,retak,train,deck,deck_7034,D/CD/7034-21.jpg,"[0, 0, 256, 256]",1.0,sdnet_tile,deck
retak/deck_7034-24.jpg,1,retak,train,deck,deck_7034,D/CD/7034-24.jpg,"[0, 0, 256, 256]",1.0,sdnet_tile,deck
retak/deck_7034-33.jpg,1,retak,train,deck,deck_7034,D/CD/7034-33.jpg,"[0, 0, 256, 256]",1.0,sdnet_tile,deck
retak/deck_7034-37.jpg,1,retak,train,deck,deck_7034,D/CD/7034-37.jpg,"[0, 0, 256, 256]",1.0,sdnet_tile,deck
retak/deck_7034-7.jpg,1,retak,train,deck,deck_7034,D/CD/7034-7.jpg,"[0, 0, 256, 256]",1.0,sdnet_tile,deck
retak/deck_7034-8.jpg,1,retak,train,deck,deck_7034,D/CD/7034-8.jpg,"[0, 0, 256, 256]",1.0,sdnet_tile,deck
retak/deck_7035-11.jpg,1,retak,train,deck,deck_7035,D/CD/7035-11.jpg,"[0, 0, 256, 256]",1.0,sdnet_tile,deck
retak/deck_7035-114.jpg,1,retak,train,deck,deck_7035,D/CD/7035-114.jpg,"[0, 0, 256, 256]",1.0,sdnet_tile,deck
retak/deck_7035-14.jpg,1,retak,train,deck,deck_7035,D/CD/7035-14.jpg,"[0, 0, 256, 256]",1.0,sdnet_tile,deck
retak/deck_7035-21.jpg,1,retak,train,deck,deck_7035,D/CD/7035-21.jpg,"[0, 0, 256, 256]",1.0,sdnet_tile,deck
retak/deck_7035-240.jpg,1,retak,train,deck,deck_7035,D/CD/7035-240.jpg,"[0, 0, 256, 256]",1.0,sdnet_tile,deck
retak/deck_7035-40.jpg,1,retak,train,deck,deck_7035,D/CD/7035-40.jpg,"[0, 0, 256, 256]",1.0,sdnet_tile,deck
retak/deck_7035-78.jpg,1,retak,train,deck,deck_7035,D/CD/7035-78.jpg,"[0, 0, 256, 256]",1.0,sdnet_tile,deck
retak/deck_7035-79.jpg,1,retak,train,deck,deck_7035,D/CD/7035-79.jpg,"[0, 0, 256, 256]",1.0,sdnet_tile,deck
retak/deck_7035-80.jpg,1,retak,train,deck,deck_7035,D/CD/7035-80.jpg,"[0, 0, 256, 256]",1.0,sdnet_tile,deck
retak/deck_7036-134.jpg,1,retak,train,deck,deck_7036,D/CD/7036-134.jpg,"[0, 0, 256, 256]",1.0,sdnet_tile,deck
retak/deck_7036-15.jpg,1,retak,train,deck,deck_7036,D/CD/7036-15.jpg,"[0, 0, 256, 256]",1.0,sdnet_tile,deck
retak/deck_7036-170.jpg,1,retak,train,deck,deck_7036,D/CD/7036-170.jpg,"[0, 0, 256, 256]",1.0,sdnet_tile,deck
retak/deck_7036-197.jpg,1,retak,train,deck,deck_7036,D/CD/7036-197.jpg,"[0, 0, 256, 256]",1.0,sdnet_tile,deck
retak/deck_7036-217.jpg,1,retak,train,deck,deck_7036,D/CD/7036-217.jpg,"[0, 0, 256, 256]",1.0,sdnet_tile,deck
retak/deck_7036-27.jpg,1,retak,train,deck,deck_7036,D/CD/7036-27.jpg,"[0, 0, 256, 256]",1.0,sdnet_tile,deck
retak/deck_7036-48.jpg,1,retak,train,deck,deck_7036,D/CD/7036-48.jpg,"[0, 0, 256, 256]",1.0,sdnet_tile,deck
retak/deck_7036-70.jpg,1,retak,train,deck,deck_7036,D/CD/7036-70.jpg,"[0, 0, 256, 256]",1.0,sdnet_tile,deck
retak/deck_7036-93.jpg,1,retak,train,deck,deck_7036,D/CD/7036-93.jpg,"[0, 0, 256, 256]",1.0,sdnet_tile,deck
retak/deck_7037-117.jpg,1,retak,train,deck,deck_7037,D/CD/7037-117.jpg,"[0, 0, 256, 256]",1.0,sdnet_tile,deck
retak/deck_7037-145.jpg,1,retak,train,deck,deck_7037,D/CD/7037-145.jpg,"[0, 0, 256, 256]",1.0,sdnet_tile,deck
retak/deck_7037-165.jpg,1,retak,train,deck,deck_7037,D/CD/7037-165.jpg,"[0, 0, 256, 256]",1.0,sdnet_tile,deck
retak/deck_7037-20.jpg,1,retak,train,deck,deck_7037,D/CD/7037-20.jpg,"[0, 0, 256, 256]",1.0,sdnet_tile,deck
retak/deck_7037-227.jpg,1,retak,train,deck,deck_7037,D/CD/7037-227.jpg,"[0, 0, 256, 256]",1.0,sdnet_tile,deck
retak/deck_7037-47.jpg,1,retak,train,deck,deck_7037,D/CD/7037-47.jpg,"[0, 0, 256, 256]",1.0,sdnet_tile,deck
retak/deck_7037-53.jpg,1,retak,train,deck,deck_7037,D/CD/7037-53.jpg,"[0, 0, 256, 256]",1.0,sdnet_tile,deck
retak/deck_7037-62.jpg,1,retak,train,deck,deck_7037,D/CD/7037-62.jpg,"[0, 0, 256, 256]",1.0,sdnet_tile,deck
retak/deck_7037-66.jpg,1,retak,train,deck,deck_7037,D/CD/7037-66.jpg,"[0, 0, 256, 256]",1.0,sdnet_tile,deck
retak/deck_7038-100.jpg,1,retak,train,deck,deck_7038,D/CD/7038-100.jpg,"[0, 0, 256, 256]",1.0,sdnet_tile,deck
retak/deck_7038-103.jpg,1,retak,train,deck,deck_7038,D/CD/7038-103.jpg,"[0, 0, 256, 256]",1.0,sdnet_tile,deck
retak/deck_7038-129.jpg,1,retak,train,deck,deck_7038,D/CD/7038-129.jpg,"[0, 0, 256, 256]",1.0,sdnet_tile,deck
retak/deck_7038-133.jpg,1,retak,train,deck,deck_7038,D/CD/7038-133.jpg,"[0, 0, 256, 256]",1.0,sdnet_tile,deck
retak/deck_7038-42.jpg,1,retak,train,deck,deck_7038,D/CD/7038-42.jpg,"[0, 0, 256, 256]",1.0,sdnet_tile,deck
retak/deck_7038-44.jpg,1,retak,train,deck,deck_7038,D/CD/7038-44.jpg,"[0, 0, 256, 256]",1.0,sdnet_tile,deck
retak/deck_7038-60.jpg,1,retak,train,deck,deck_7038,D/CD/7038-60.jpg,"[0, 0, 256, 256]",1.0,sdnet_tile,deck
retak/deck_7038-62.jpg,1,retak,train,deck,deck_7038,D/CD/7038-62.jpg,"[0, 0, 256, 256]",1.0,sdnet_tile,deck
retak/deck_7038-63.jpg,1,retak,train,deck,deck_7038,D/CD/7038-63.jpg,"[0, 0, 256, 256]",1.0,sdnet_tile,deck
retak/deck_7039-102.jpg,1,retak,train,deck,deck_7039,D/CD/7039-102.jpg,"[0, 0, 256, 256]",1.0,sdnet_tile,deck
retak/deck_7039-109.jpg,1,retak,train,deck,deck_7039,D/CD/7039-109.jpg,"[0, 0, 256, 256]",1.0,sdnet_tile,deck
retak/deck_7039-110.jpg,1,retak,train,deck,deck_7039,D/CD/7039-110.jpg,"[0, 0, 256, 256]",1.0,sdnet_tile,deck
retak/deck_7039-115.jpg,1,retak,train,deck,deck_7039,D/CD/7039-115.jpg,"[0, 0, 256, 256]",1.0,sdnet_tile,deck
retak/deck_7039-185.jpg,1,retak,train,deck,deck_7039,D/CD/7039-185.jpg,"[0, 0, 256, 256]",1.0,sdnet_tile,deck
retak/deck_7039-199.jpg,1,retak,train,deck,deck_7039,D/CD/7039-199.jpg,"[0, 0, 256, 256]",1.0,sdnet_tile,deck
retak/deck_7039-77.jpg,1,retak,train,deck,deck_7039,D/CD/7039-77.jpg,"[0, 0, 256, 256]",1.0,sdnet_tile,deck
retak/deck_7039-79.jpg,1,retak,train,deck,deck_7039,D/CD/7039-79.jpg,"[0, 0, 256, 256]",1.0,sdnet_tile,deck
retak/deck_7039-96.jpg,1,retak,train,deck,deck_7039,D/CD/7039-96.jpg,"[0, 0, 256, 256]",1.0,sdnet_tile,deck
retak/deck_7040-118.jpg,1,retak,train,deck,deck_7040,D/CD/7040-118.jpg,"[0, 0, 256, 256]",1.0,sdnet_tile,deck
retak/deck_7040-189.jpg,1,retak,train,deck,deck_7040,D/CD/7040-189.jpg,"[0, 0, 256, 256]",1.0,sdnet_tile,deck
retak/deck_7040-201.jpg,1,retak,train,deck,deck_7040,D/CD/7040-201.jpg,"[0, 0, 256, 256]",1.0,sdnet_tile,deck
retak/deck_7040-203.jpg,1,retak,train,deck,deck_7040,D/CD/7040-203.jpg,"[0, 0, 256, 256]",1.0,sdnet_tile,deck
retak/deck_7040-206.jpg,1,retak,train,deck,deck_7040,D/CD/7040-206.jpg,"[0, 0, 256, 256]",1.0,sdnet_tile,deck
retak/deck_7040-44.jpg,1,retak,train,deck,deck_7040,D/CD/7040-44.jpg,"[0, 0, 256, 256]",1.0,sdnet_tile,deck
retak/deck_7040-46.jpg,1,retak,train,deck,deck_7040,D/CD/7040-46.jpg,"[0, 0, 256, 256]",1.0,sdnet_tile,deck
retak/deck_7040-82.jpg,1,retak,train,deck,deck_7040,D/CD/7040-82.jpg,"[0, 0, 256, 256]",1.0,sdnet_tile,deck
retak/deck_7040-99.jpg,1,retak,train,deck,deck_7040,D/CD/7040-99.jpg,"[0, 0, 256, 256]",1.0,sdnet_tile,deck
retak/deck_7041-176.jpg,1,retak,train,deck,deck_7041,D/CD/7041-176.jpg,"[0, 0, 256, 256]",1.0,sdnet_tile,deck
retak/deck_7041-184.jpg,1,retak,train,deck,deck_7041,D/CD/7041-184.jpg,"[0, 0, 256, 256]",1.0,sdnet_tile,deck
retak/deck_7041-209.jpg,1,retak,train,deck,deck_7041,D/CD/7041-209.jpg,"[0, 0, 256, 256]",1.0,sdnet_tile,deck
retak/deck_7041-219.jpg,1,retak,train,deck,deck_7041,D/CD/7041-219.jpg,"[0, 0, 256, 256]",1.0,sdnet_tile,deck
retak/deck_7041-221.jpg,1,retak,train,deck,deck_7041,D/CD/7041-221.jpg,"[0, 0, 256, 256]",1.0,sdnet_tile,deck
retak/deck_7041-240.jpg,1,retak,train,deck,deck_7041,D/CD/7041-240.jpg,"[0, 0, 256, 256]",1.0,sdnet_tile,deck
retak/deck_7041-31.jpg,1,retak,train,deck,deck_7041,D/CD/7041-31.jpg,"[0, 0, 256, 256]",1.0,sdnet_tile,deck
retak/deck_7041-48.jpg,1,retak,train,deck,deck_7041,D/CD/7041-48.jpg,"[0, 0, 256, 256]",1.0,sdnet_tile,deck
retak/deck_7041-86.jpg,1,retak,train,deck,deck_7041,D/CD/7041-86.jpg,"[0, 0, 256, 256]",1.0,sdnet_tile,deck
retak/deck_7043-14.jpg,1,retak,train,deck,deck_7043,D/CD/7043-14.jpg,"[0, 0, 256, 256]",1.0,sdnet_tile,deck
retak/deck_7043-186.jpg,1,retak,train,deck,deck_7043,D/CD/7043-186.jpg,"[0, 0, 256, 256]",1.0,sdnet_tile,deck
retak/deck_7043-187.jpg,1,retak,train,deck,deck_7043,D/CD/7043-187.jpg,"[0, 0, 256, 256]",1.0,sdnet_tile,deck
retak/deck_7043-21.jpg,1,retak,train,deck,deck_7043,D/CD/7043-21.jpg,"[0, 0, 256, 256]",1.0,sdnet_tile,deck
retak/deck_7043-25.jpg,1,retak,train,deck,deck_7043,D/CD/7043-25.jpg,"[0, 0, 256, 256]",1.0,sdnet_tile,deck
retak/deck_7043-35.jpg,1,retak,train,deck,deck_7043,D/CD/7043-35.jpg,"[0, 0, 256, 256]",1.0,sdnet_tile,deck
retak/deck_7043-36.jpg,1,retak,train,deck,deck_7043,D/CD/7043-36.jpg,"[0, 0, 256, 256]",1.0,sdnet_tile,deck
retak/deck_7043-54.jpg,1,retak,train,deck,deck_7043,D/CD/7043-54.jpg,"[0, 0, 256, 256]",1.0,sdnet_tile,deck
retak/deck_7043-6.jpg,1,retak,train,deck,deck_7043,D/CD/7043-6.jpg,"[0, 0, 256, 256]",1.0,sdnet_tile,deck
retak/deck_7046-118.jpg,1,retak,train,deck,deck_7046,D/CD/7046-118.jpg,"[0, 0, 256, 256]",1.0,sdnet_tile,deck
retak/deck_7046-138.jpg,1,retak,train,deck,deck_7046,D/CD/7046-138.jpg,"[0, 0, 256, 256]",1.0,sdnet_tile,deck
retak/deck_7046-156.jpg,1,retak,train,deck,deck_7046,D/CD/7046-156.jpg,"[0, 0, 256, 256]",1.0,sdnet_tile,deck
retak/deck_7046-19.jpg,1,retak,train,deck,deck_7046,D/CD/7046-19.jpg,"[0, 0, 256, 256]",1.0,sdnet_tile,deck
retak/deck_7046-193.jpg,1,retak,train,deck,deck_7046,D/CD/7046-193.jpg,"[0, 0, 256, 256]",1.0,sdnet_tile,deck
retak/deck_7046-21.jpg,1,retak,train,deck,deck_7046,D/CD/7046-21.jpg,"[0, 0, 256, 256]",1.0,sdnet_tile,deck
retak/deck_7046-245.jpg,1,retak,train,deck,deck_7046,D/CD/7046-245.jpg,"[0, 0, 256, 256]",1.0,sdnet_tile,deck
retak/deck_7046-246.jpg,1,retak,train,deck,deck_7046,D/CD/7046-246.jpg,"[0, 0, 256, 256]",1.0,sdnet_tile,deck
retak/deck_7046-40.jpg,1,retak,train,deck,deck_7046,D/CD/7046-40.jpg,"[0, 0, 256, 256]",1.0,sdnet_tile,deck
retak/deck_7051-153.jpg,1,retak,train,deck,deck_7051,D/CD/7051-153.jpg,"[0, 0, 256, 256]",1.0,sdnet_tile,deck
retak/deck_7051-209.jpg,1,retak,train,deck,deck_7051,D/CD/7051-209.jpg,"[0, 0, 256, 256]",1.0,sdnet_tile,deck
retak/deck_7051-217.jpg,1,retak,train,deck,deck_7051,D/CD/7051-217.jpg,"[0, 0, 256, 256]",1.0,sdnet_tile,deck
retak/deck_7051-218.jpg,1,retak,train,deck,deck_7051,D/CD/7051-218.jpg,"[0, 0, 256, 256]",1.0,sdnet_tile,deck
retak/deck_7051-221.jpg,1,retak,train,deck,deck_7051,D/CD/7051-221.jpg,"[0, 0, 256, 256]",1.0,sdnet_tile,deck
retak/deck_7051-48.jpg,1,retak,train,deck,deck_7051,D/CD/7051-48.jpg,"[0, 0, 256, 256]",1.0,sdnet_tile,deck
retak/deck_7051-49.jpg,1,retak,train,deck,deck_7051,D/CD/7051-49.jpg,"[0, 0, 256, 256]",1.0,sdnet_tile,deck
retak/deck_7051-63.jpg,1,retak,train,deck,deck_7051,D/CD/7051-63.jpg,"[0, 0, 256, 256]",1.0,sdnet_tile,deck
retak/deck_7051-64.jpg,1,retak,train,deck,deck_7051,D/CD/7051-64.jpg,"[0, 0, 256, 256]",1.0,sdnet_tile,deck
retak/deck_7052-18.jpg,1,retak,train,deck,deck_7052,D/CD/7052-18.jpg,"[0, 0, 256, 256]",1.0,sdnet_tile,deck
retak/deck_7052-201.jpg,1,retak,train,deck,deck_7052,D/CD/7052-201.jpg,"[0, 0, 256, 256]",1.0,sdnet_tile,deck
retak/deck_7052-203.jpg,1,retak,train,deck,deck_7052,D/CD/7052-203.jpg,"[0, 0, 256, 256]",1.0,sdnet_tile,deck
retak/deck_7052-204.jpg,1,retak,train,deck,deck_7052,D/CD/7052-204.jpg,"[0, 0, 256, 256]",1.0,sdnet_tile,deck
retak/deck_7052-224.jpg,1,retak,train,deck,deck_7052,D/CD/7052-224.jpg,"[0, 0, 256, 256]",1.0,sdnet_tile,deck
retak/deck_7052-30.jpg,1,retak,train,deck,deck_7052,D/CD/7052-30.jpg,"[0, 0, 256, 256]",1.0,sdnet_tile,deck
retak/deck_7052-32.jpg,1,retak,train,deck,deck_7052,D/CD/7052-32.jpg,"[0, 0, 256, 256]",1.0,sdnet_tile,deck
retak/deck_7052-33.jpg,1,retak,train,deck,deck_7052,D/CD/7052-33.jpg,"[0, 0, 256, 256]",1.0,sdnet_tile,deck
retak/deck_7052-45.jpg,1,retak,train,deck,deck_7052,D/CD/7052-45.jpg,"[0, 0, 256, 256]",1.0,sdnet_tile,deck
retak/deck_7053-100.jpg,1,retak,train,deck,deck_7053,D/CD/7053-100.jpg,"[0, 0, 256, 256]",1.0,sdnet_tile,deck
retak/deck_7053-103.jpg,1,retak,train,deck,deck_7053,D/CD/7053-103.jpg,"[0, 0, 256, 256]",1.0,sdnet_tile,deck
retak/deck_7053-104.jpg,1,retak,train,deck,deck_7053,D/CD/7053-104.jpg,"[0, 0, 256, 256]",1.0,sdnet_tile,deck
retak/deck_7053-110.jpg,1,retak,train,deck,deck_7053,D/CD/7053-110.jpg,"[0, 0, 256, 256]",1.0,sdnet_tile,deck
retak/deck_7053-111.jpg,1,retak,train,deck,deck_7053,D/CD/7053-111.jpg,"[0, 0, 256, 256]",1.0,sdnet_tile,deck
retak/deck_7053-113.jpg,1,retak,train,deck,deck_7053,D/CD/7053-113.jpg,"[0, 0, 256, 256]",1.0,sdnet_tile,deck
retak/deck_7053-114.jpg,1,retak,train,deck,deck_7053,D/CD/7053-114.jpg,"[0, 0, 256, 256]",1.0,sdnet_tile,deck
retak/deck_7053-127.jpg,1,retak,train,deck,deck_7053,D/CD/7053-127.jpg,"[0, 0, 256, 256]",1.0,sdnet_tile,deck
retak/deck_7053-99.jpg,1,retak,train,deck,deck_7053,D/CD/7053-99.jpg,"[0, 0, 256, 256]",1.0,sdnet_tile,deck
retak/deck_7054-107.jpg,1,retak,train,deck,deck_7054,D/CD/7054-107.jpg,"[0, 0, 256, 256]",1.0,sdnet_tile,deck
retak/deck_7054-120.jpg,1,retak,train,deck,deck_7054,D/CD/7054-120.jpg,"[0, 0, 256, 256]",1.0,sdnet_tile,deck
retak/deck_7054-121.jpg,1,retak,train,deck,deck_7054,D/CD/7054-121.jpg,"[0, 0, 256, 256]",1.0,sdnet_tile,deck
retak/deck_7054-133.jpg,1,retak,train,deck,deck_7054,D/CD/7054-133.jpg,"[0, 0, 256, 256]",1.0,sdnet_tile,deck
retak/deck_7054-135.jpg,1,retak,train,deck,deck_7054,D/CD/7054-135.jpg,"[0, 0, 256, 256]",1.0,sdnet_tile,deck
retak/deck_7054-148.jpg,1,retak,train,deck,deck_7054,D/CD/7054-148.jpg,"[0, 0, 256, 256]",1.0,sdnet_tile,deck
retak/deck_7054-149.jpg,1,retak,train,deck,deck_7054,D/CD/7054-149.jpg,"[0, 0, 256, 256]",1.0,sdnet_tile,deck
retak/deck_7054-183.jpg,1,retak,train,deck,deck_7054,D/CD/7054-183.jpg,"[0, 0, 256, 256]",1.0,sdnet_tile,deck
retak/deck_7054-99.jpg,1,retak,train,deck,deck_7054,D/CD/7054-99.jpg,"[0, 0, 256, 256]",1.0,sdnet_tile,deck
utuh/deck_7004-103.jpg,0,utuh,val,deck,deck_7004,D/UD/7004-103.jpg,"[0, 0, 256, 256]",1.0,sdnet_tile,deck
utuh/deck_7004-144.jpg,0,utuh,val,deck,deck_7004,D/UD/7004-144.jpg,"[0, 0, 256, 256]",1.0,sdnet_tile,deck
utuh/deck_7004-148.jpg,0,utuh,val,deck,deck_7004,D/UD/7004-148.jpg,"[0, 0, 256, 256]",1.0,sdnet_tile,deck
utuh/deck_7004-150.jpg,0,utuh,val,deck,deck_7004,D/UD/7004-150.jpg,"[0, 0, 256, 256]",1.0,sdnet_tile,deck
utuh/deck_7004-168.jpg,0,utuh,val,deck,deck_7004,D/UD/7004-168.jpg,"[0, 0, 256, 256]",1.0,sdnet_tile,deck
utuh/deck_7004-186.jpg,0,utuh,val,deck,deck_7004,D/UD/7004-186.jpg,"[0, 0, 256, 256]",1.0,sdnet_tile,deck
utuh/deck_7004-187.jpg,0,utuh,val,deck,deck_7004,D/UD/7004-187.jpg,"[0, 0, 256, 256]",1.0,sdnet_tile,deck
utuh/deck_7004-194.jpg,0,utuh,val,deck,deck_7004,D/UD/7004-194.jpg,"[0, 0, 256, 256]",1.0,sdnet_tile,deck
utuh/deck_7004-199.jpg,0,utuh,val,deck,deck_7004,D/UD/7004-199.jpg,"[0, 0, 256, 256]",1.0,sdnet_tile,deck
utuh/deck_7004-206.jpg,0,utuh,val,deck,deck_7004,D/UD/7004-206.jpg,"[0, 0, 256, 256]",1.0,sdnet_tile,deck
utuh/deck_7004-217.jpg,0,utuh,val,deck,deck_7004,D/UD/7004-217.jpg,"[0, 0, 256, 256]",1.0,sdnet_tile,deck
utuh/deck_7004-222.jpg,0,utuh,val,deck,deck_7004,D/UD/7004-222.jpg,"[0, 0, 256, 256]",1.0,sdnet_tile,deck
utuh/deck_7004-223.jpg,0,utuh,val,deck,deck_7004,D/UD/7004-223.jpg,"[0, 0, 256, 256]",1.0,sdnet_tile,deck
utuh/deck_7004-228.jpg,0,utuh,val,deck,deck_7004,D/UD/7004-228.jpg,"[0, 0, 256, 256]",1.0,sdnet_tile,deck
utuh/deck_7004-230.jpg,0,utuh,val,deck,deck_7004,D/UD/7004-230.jpg,"[0, 0, 256, 256]",1.0,sdnet_tile,deck
utuh/deck_7004-232.jpg,0,utuh,val,deck,deck_7004,D/UD/7004-232.jpg,"[0, 0, 256, 256]",1.0,sdnet_tile,deck
utuh/deck_7004-238.jpg,0,utuh,val,deck,deck_7004,D/UD/7004-238.jpg,"[0, 0, 256, 256]",1.0,sdnet_tile,deck
utuh/deck_7004-244.jpg,0,utuh,val,deck,deck_7004,D/UD/7004-244.jpg,"[0, 0, 256, 256]",1.0,sdnet_tile,deck
utuh/deck_7004-34.jpg,0,utuh,val,deck,deck_7004,D/UD/7004-34.jpg,"[0, 0, 256, 256]",1.0,sdnet_tile,deck
utuh/deck_7004-42.jpg,0,utuh,val,deck,deck_7004,D/UD/7004-42.jpg,"[0, 0, 256, 256]",1.0,sdnet_tile,deck
utuh/deck_7004-5.jpg,0,utuh,val,deck,deck_7004,D/UD/7004-5.jpg,"[0, 0, 256, 256]",1.0,sdnet_tile,deck
utuh/deck_7004-51.jpg,0,utuh,val,deck,deck_7004,D/UD/7004-51.jpg,"[0, 0, 256, 256]",1.0,sdnet_tile,deck
utuh/deck_7004-58.jpg,0,utuh,val,deck,deck_7004,D/UD/7004-58.jpg,"[0, 0, 256, 256]",1.0,sdnet_tile,deck
utuh/deck_7004-71.jpg,0,utuh,val,deck,deck_7004,D/UD/7004-71.jpg,"[0, 0, 256, 256]",1.0,sdnet_tile,deck
utuh/deck_7004-87.jpg,0,utuh,val,deck,deck_7004,D/UD/7004-87.jpg,"[0, 0, 256, 256]",1.0,sdnet_tile,deck
utuh/deck_7004-95.jpg,0,utuh,val,deck,deck_7004,D/UD/7004-95.jpg,"[0, 0, 256, 256]",1.0,sdnet_tile,deck
utuh/deck_7004-96.jpg,0,utuh,val,deck,deck_7004,D/UD/7004-96.jpg,"[0, 0, 256, 256]",1.0,sdnet_tile,deck
utuh/deck_7004-99.jpg,0,utuh,val,deck,deck_7004,D/UD/7004-99.jpg,"[0, 0, 256, 256]",1.0,sdnet_tile,deck
utuh/deck_7012-10.jpg,0,utuh,val,deck,deck_7012,D/UD/7012-10.jpg,"[0, 0, 256, 256]",1.0,sdnet_tile,deck
utuh/deck_7012-11.jpg,0,utuh,val,deck,deck_7012,D/UD/7012-11.jpg,"[0, 0, 256, 256]",1.0,sdnet_tile,deck
utuh/deck_7012-110.jpg,0,utuh,val,deck,deck_7012,D/UD/7012-110.jpg,"[0, 0, 256, 256]",1.0,sdnet_tile,deck
utuh/deck_7012-115.jpg,0,utuh,val,deck,deck_7012,D/UD/7012-115.jpg,"[0, 0, 256, 256]",1.0,sdnet_tile,deck
utuh/deck_7012-120.jpg,0,utuh,val,deck,deck_7012,D/UD/7012-120.jpg,"[0, 0, 256, 256]",1.0,sdnet_tile,deck
utuh/deck_7012-125.jpg,0,utuh,val,deck,deck_7012,D/UD/7012-125.jpg,"[0, 0, 256, 256]",1.0,sdnet_tile,deck
utuh/deck_7012-143.jpg,0,utuh,val,deck,deck_7012,D/UD/7012-143.jpg,"[0, 0, 256, 256]",1.0,sdnet_tile,deck
utuh/deck_7012-148.jpg,0,utuh,val,deck,deck_7012,D/UD/7012-148.jpg,"[0, 0, 256, 256]",1.0,sdnet_tile,deck
utuh/deck_7012-161.jpg,0,utuh,val,deck,deck_7012,D/UD/7012-161.jpg,"[0, 0, 256, 256]",1.0,sdnet_tile,deck
utuh/deck_7012-178.jpg,0,utuh,val,deck,deck_7012,D/UD/7012-178.jpg,"[0, 0, 256, 256]",1.0,sdnet_tile,deck
utuh/deck_7012-218.jpg,0,utuh,val,deck,deck_7012,D/UD/7012-218.jpg,"[0, 0, 256, 256]",1.0,sdnet_tile,deck
utuh/deck_7012-223.jpg,0,utuh,val,deck,deck_7012,D/UD/7012-223.jpg,"[0, 0, 256, 256]",1.0,sdnet_tile,deck
utuh/deck_7012-227.jpg,0,utuh,val,deck,deck_7012,D/UD/7012-227.jpg,"[0, 0, 256, 256]",1.0,sdnet_tile,deck
utuh/deck_7012-235.jpg,0,utuh,val,deck,deck_7012,D/UD/7012-235.jpg,"[0, 0, 256, 256]",1.0,sdnet_tile,deck
utuh/deck_7012-24.jpg,0,utuh,val,deck,deck_7012,D/UD/7012-24.jpg,"[0, 0, 256, 256]",1.0,sdnet_tile,deck
utuh/deck_7012-246.jpg,0,utuh,val,deck,deck_7012,D/UD/7012-246.jpg,"[0, 0, 256, 256]",1.0,sdnet_tile,deck
utuh/deck_7012-247.jpg,0,utuh,val,deck,deck_7012,D/UD/7012-247.jpg,"[0, 0, 256, 256]",1.0,sdnet_tile,deck
utuh/deck_7012-27.jpg,0,utuh,val,deck,deck_7012,D/UD/7012-27.jpg,"[0, 0, 256, 256]",1.0,sdnet_tile,deck
utuh/deck_7012-28.jpg,0,utuh,val,deck,deck_7012,D/UD/7012-28.jpg,"[0, 0, 256, 256]",1.0,sdnet_tile,deck
utuh/deck_7012-36.jpg,0,utuh,val,deck,deck_7012,D/UD/7012-36.jpg,"[0, 0, 256, 256]",1.0,sdnet_tile,deck
utuh/deck_7012-40.jpg,0,utuh,val,deck,deck_7012,D/UD/7012-40.jpg,"[0, 0, 256, 256]",1.0,sdnet_tile,deck
utuh/deck_7012-45.jpg,0,utuh,val,deck,deck_7012,D/UD/7012-45.jpg,"[0, 0, 256, 256]",1.0,sdnet_tile,deck
utuh/deck_7012-51.jpg,0,utuh,val,deck,deck_7012,D/UD/7012-51.jpg,"[0, 0, 256, 256]",1.0,sdnet_tile,deck
utuh/deck_7012-56.jpg,0,utuh,val,deck,deck_7012,D/UD/7012-56.jpg,"[0, 0, 256, 256]",1.0,sdnet_tile,deck
utuh/deck_7012-61.jpg,0,utuh,val,deck,deck_7012,D/UD/7012-61.jpg,"[0, 0, 256, 256]",1.0,sdnet_tile,deck
utuh/deck_7012-63.jpg,0,utuh,val,deck,deck_7012,D/UD/7012-63.jpg,"[0, 0, 256, 256]",1.0,sdnet_tile,deck
utuh/deck_7012-94.jpg,0,utuh,val,deck,deck_7012,D/UD/7012-94.jpg,"[0, 0, 256, 256]",1.0,sdnet_tile,deck
utuh/deck_7012-98.jpg,0,utuh,val,deck,deck_7012,D/UD/7012-98.jpg,"[0, 0, 256, 256]",1.0,sdnet_tile,deck
utuh/deck_7016-103.jpg,0,utuh,val,deck,deck_7016,D/UD/7016-103.jpg,"[0, 0, 256, 256]",1.0,sdnet_tile,deck
utuh/deck_7016-107.jpg,0,utuh,val,deck,deck_7016,D/UD/7016-107.jpg,"[0, 0, 256, 256]",1.0,sdnet_tile,deck
utuh/deck_7016-112.jpg,0,utuh,val,deck,deck_7016,D/UD/7016-112.jpg,"[0, 0, 256, 256]",1.0,sdnet_tile,deck
utuh/deck_7016-125.jpg,0,utuh,val,deck,deck_7016,D/UD/7016-125.jpg,"[0, 0, 256, 256]",1.0,sdnet_tile,deck
utuh/deck_7016-131.jpg,0,utuh,val,deck,deck_7016,D/UD/7016-131.jpg,"[0, 0, 256, 256]",1.0,sdnet_tile,deck
utuh/deck_7016-140.jpg,0,utuh,val,deck,deck_7016,D/UD/7016-140.jpg,"[0, 0, 256, 256]",1.0,sdnet_tile,deck
utuh/deck_7016-152.jpg,0,utuh,val,deck,deck_7016,D/UD/7016-152.jpg,"[0, 0, 256, 256]",1.0,sdnet_tile,deck
utuh/deck_7016-156.jpg,0,utuh,val,deck,deck_7016,D/UD/7016-156.jpg,"[0, 0, 256, 256]",1.0,sdnet_tile,deck
utuh/deck_7016-16.jpg,0,utuh,val,deck,deck_7016,D/UD/7016-16.jpg,"[0, 0, 256, 256]",1.0,sdnet_tile,deck
utuh/deck_7016-168.jpg,0,utuh,val,deck,deck_7016,D/UD/7016-168.jpg,"[0, 0, 256, 256]",1.0,sdnet_tile,deck
utuh/deck_7016-173.jpg,0,utuh,val,deck,deck_7016,D/UD/7016-173.jpg,"[0, 0, 256, 256]",1.0,sdnet_tile,deck
utuh/deck_7016-179.jpg,0,utuh,val,deck,deck_7016,D/UD/7016-179.jpg,"[0, 0, 256, 256]",1.0,sdnet_tile,deck
utuh/deck_7016-187.jpg,0,utuh,val,deck,deck_7016,D/UD/7016-187.jpg,"[0, 0, 256, 256]",1.0,sdnet_tile,deck
utuh/deck_7016-19.jpg,0,utuh,val,deck,deck_7016,D/UD/7016-19.jpg,"[0, 0, 256, 256]",1.0,sdnet_tile,deck
utuh/deck_7016-196.jpg,0,utuh,val,deck,deck_7016,D/UD/7016-196.jpg,"[0, 0, 256, 256]",1.0,sdnet_tile,deck
utuh/deck_7016-199.jpg,0,utuh,val,deck,deck_7016,D/UD/7016-199.jpg,"[0, 0, 256, 256]",1.0,sdnet_tile,deck
utuh/deck_7016-208.jpg,0,utuh,val,deck,deck_7016,D/UD/7016-208.jpg,"[0, 0, 256, 256]",1.0,sdnet_tile,deck
utuh/deck_7016-219.jpg,0,utuh,val,deck,deck_7016,D/UD/7016-219.jpg,"[0, 0, 256, 256]",1.0,sdnet_tile,deck
utuh/deck_7016-220.jpg,0,utuh,val,deck,deck_7016,D/UD/7016-220.jpg,"[0, 0, 256, 256]",1.0,sdnet_tile,deck
utuh/deck_7016-34.jpg,0,utuh,val,deck,deck_7016,D/UD/7016-34.jpg,"[0, 0, 256, 256]",1.0,sdnet_tile,deck
utuh/deck_7016-36.jpg,0,utuh,val,deck,deck_7016,D/UD/7016-36.jpg,"[0, 0, 256, 256]",1.0,sdnet_tile,deck
utuh/deck_7016-42.jpg,0,utuh,val,deck,deck_7016,D/UD/7016-42.jpg,"[0, 0, 256, 256]",1.0,sdnet_tile,deck
utuh/deck_7016-6.jpg,0,utuh,val,deck,deck_7016,D/UD/7016-6.jpg,"[0, 0, 256, 256]",1.0,sdnet_tile,deck
utuh/deck_7016-66.jpg,0,utuh,val,deck,deck_7016,D/UD/7016-66.jpg,"[0, 0, 256, 256]",1.0,sdnet_tile,deck
utuh/deck_7016-67.jpg,0,utuh,val,deck,deck_7016,D/UD/7016-67.jpg,"[0, 0, 256, 256]",1.0,sdnet_tile,deck
utuh/deck_7016-68.jpg,0,utuh,val,deck,deck_7016,D/UD/7016-68.jpg,"[0, 0, 256, 256]",1.0,sdnet_tile,deck
utuh/deck_7016-8.jpg,0,utuh,val,deck,deck_7016,D/UD/7016-8.jpg,"[0, 0, 256, 256]",1.0,sdnet_tile,deck
utuh/deck_7016-81.jpg,0,utuh,val,deck,deck_7016,D/UD/7016-81.jpg,"[0, 0, 256, 256]",1.0,sdnet_tile,deck
utuh/deck_7017-102.jpg,0,utuh,val,deck,deck_7017,D/UD/7017-102.jpg,"[0, 0, 256, 256]",1.0,sdnet_tile,deck
utuh/deck_7017-111.jpg,0,utuh,val,deck,deck_7017,D/UD/7017-111.jpg,"[0, 0, 256, 256]",1.0,sdnet_tile,deck
utuh/deck_7017-115.jpg,0,utuh,val,deck,deck_7017,D/UD/7017-115.jpg,"[0, 0, 256, 256]",1.0,sdnet_tile,deck
utuh/deck_7017-119.jpg,0,utuh,val,deck,deck_7017,D/UD/7017-119.jpg,"[0, 0, 256, 256]",1.0,sdnet_tile,deck
utuh/deck_7017-131.jpg,0,utuh,val,deck,deck_7017,D/UD/7017-131.jpg,"[0, 0, 256, 256]",1.0,sdnet_tile,deck
utuh/deck_7017-139.jpg,0,utuh,val,deck,deck_7017,D/UD/7017-139.jpg,"[0, 0, 256, 256]",1.0,sdnet_tile,deck
utuh/deck_7017-155.jpg,0,utuh,val,deck,deck_7017,D/UD/7017-155.jpg,"[0, 0, 256, 256]",1.0,sdnet_tile,deck
utuh/deck_7017-17.jpg,0,utuh,val,deck,deck_7017,D/UD/7017-17.jpg,"[0, 0, 256, 256]",1.0,sdnet_tile,deck
utuh/deck_7017-177.jpg,0,utuh,val,deck,deck_7017,D/UD/7017-177.jpg,"[0, 0, 256, 256]",1.0,sdnet_tile,deck
utuh/deck_7017-178.jpg,0,utuh,val,deck,deck_7017,D/UD/7017-178.jpg,"[0, 0, 256, 256]",1.0,sdnet_tile,deck
utuh/deck_7017-18.jpg,0,utuh,val,deck,deck_7017,D/UD/7017-18.jpg,"[0, 0, 256, 256]",1.0,sdnet_tile,deck
utuh/deck_7017-187.jpg,0,utuh,val,deck,deck_7017,D/UD/7017-187.jpg,"[0, 0, 256, 256]",1.0,sdnet_tile,deck
utuh/deck_7017-19.jpg,0,utuh,val,deck,deck_7017,D/UD/7017-19.jpg,"[0, 0, 256, 256]",1.0,sdnet_tile,deck
utuh/deck_7017-193.jpg,0,utuh,val,deck,deck_7017,D/UD/7017-193.jpg,"[0, 0, 256, 256]",1.0,sdnet_tile,deck
utuh/deck_7017-203.jpg,0,utuh,val,deck,deck_7017,D/UD/7017-203.jpg,"[0, 0, 256, 256]",1.0,sdnet_tile,deck
utuh/deck_7017-204.jpg,0,utuh,val,deck,deck_7017,D/UD/7017-204.jpg,"[0, 0, 256, 256]",1.0,sdnet_tile,deck
utuh/deck_7017-227.jpg,0,utuh,val,deck,deck_7017,D/UD/7017-227.jpg,"[0, 0, 256, 256]",1.0,sdnet_tile,deck
utuh/deck_7017-228.jpg,0,utuh,val,deck,deck_7017,D/UD/7017-228.jpg,"[0, 0, 256, 256]",1.0,sdnet_tile,deck
utuh/deck_7017-229.jpg,0,utuh,val,deck,deck_7017,D/UD/7017-229.jpg,"[0, 0, 256, 256]",1.0,sdnet_tile,deck
utuh/deck_7017-234.jpg,0,utuh,val,deck,deck_7017,D/UD/7017-234.jpg,"[0, 0, 256, 256]",1.0,sdnet_tile,deck
utuh/deck_7017-245.jpg,0,utuh,val,deck,deck_7017,D/UD/7017-245.jpg,"[0, 0, 256, 256]",1.0,sdnet_tile,deck
utuh/deck_7017-246.jpg,0,utuh,val,deck,deck_7017,D/UD/7017-246.jpg,"[0, 0, 256, 256]",1.0,sdnet_tile,deck
utuh/deck_7017-36.jpg,0,utuh,val,deck,deck_7017,D/UD/7017-36.jpg,"[0, 0, 256, 256]",1.0,sdnet_tile,deck
utuh/deck_7017-42.jpg,0,utuh,val,deck,deck_7017,D/UD/7017-42.jpg,"[0, 0, 256, 256]",1.0,sdnet_tile,deck
utuh/deck_7017-67.jpg,0,utuh,val,deck,deck_7017,D/UD/7017-67.jpg,"[0, 0, 256, 256]",1.0,sdnet_tile,deck
utuh/deck_7017-73.jpg,0,utuh,val,deck,deck_7017,D/UD/7017-73.jpg,"[0, 0, 256, 256]",1.0,sdnet_tile,deck
utuh/deck_7017-91.jpg,0,utuh,val,deck,deck_7017,D/UD/7017-91.jpg,"[0, 0, 256, 256]",1.0,sdnet_tile,deck
utuh/deck_7017-92.jpg,0,utuh,val,deck,deck_7017,D/UD/7017-92.jpg,"[0, 0, 256, 256]",1.0,sdnet_tile,deck
utuh/deck_7021-119.jpg,0,utuh,val,deck,deck_7021,D/UD/7021-119.jpg,"[0, 0, 256, 256]",1.0,sdnet_tile,deck
utuh/deck_7021-126.jpg,0,utuh,val,deck,deck_7021,D/UD/7021-126.jpg,"[0, 0, 256, 256]",1.0,sdnet_tile,deck
utuh/deck_7021-131.jpg,0,utuh,val,deck,deck_7021,D/UD/7021-131.jpg,"[0, 0, 256, 256]",1.0,sdnet_tile,deck
utuh/deck_7021-156.jpg,0,utuh,val,deck,deck_7021,D/UD/7021-156.jpg,"[0, 0, 256, 256]",1.0,sdnet_tile,deck
utuh/deck_7021-175.jpg,0,utuh,val,deck,deck_7021,D/UD/7021-175.jpg,"[0, 0, 256, 256]",1.0,sdnet_tile,deck
utuh/deck_7021-18.jpg,0,utuh,val,deck,deck_7021,D/UD/7021-18.jpg,"[0, 0, 256, 256]",1.0,sdnet_tile,deck
utuh/deck_7021-19.jpg,0,utuh,val,deck,deck_7021,D/UD/7021-19.jpg,"[0, 0, 256, 256]",1.0,sdnet_tile,deck
utuh/deck_7021-196.jpg,0,utuh,val,deck,deck_7021,D/UD/7021-196.jpg,"[0, 0, 256, 256]",1.0,sdnet_tile,deck
utuh/deck_7021-205.jpg,0,utuh,val,deck,deck_7021,D/UD/7021-205.jpg,"[0, 0, 256, 256]",1.0,sdnet_tile,deck
utuh/deck_7021-208.jpg,0,utuh,val,deck,deck_7021,D/UD/7021-208.jpg,"[0, 0, 256, 256]",1.0,sdnet_tile,deck
utuh/deck_7021-21.jpg,0,utuh,val,deck,deck_7021,D/UD/7021-21.jpg,"[0, 0, 256, 256]",1.0,sdnet_tile,deck
utuh/deck_7021-227.jpg,0,utuh,val,deck,deck_7021,D/UD/7021-227.jpg,"[0, 0, 256, 256]",1.0,sdnet_tile,deck
utuh/deck_7021-231.jpg,0,utuh,val,deck,deck_7021,D/UD/7021-231.jpg,"[0, 0, 256, 256]",1.0,sdnet_tile,deck
utuh/deck_7021-240.jpg,0,utuh,val,deck,deck_7021,D/UD/7021-240.jpg,"[0, 0, 256, 256]",1.0,sdnet_tile,deck
utuh/deck_7021-35.jpg,0,utuh,val,deck,deck_7021,D/UD/7021-35.jpg,"[0, 0, 256, 256]",1.0,sdnet_tile,deck
utuh/deck_7021-41.jpg,0,utuh,val,deck,deck_7021,D/UD/7021-41.jpg,"[0, 0, 256, 256]",1.0,sdnet_tile,deck
utuh/deck_7021-44.jpg,0,utuh,val,deck,deck_7021,D/UD/7021-44.jpg,"[0, 0, 256, 256]",1.0,sdnet_tile,deck
utuh/deck_7021-47.jpg,0,utuh,val,deck,deck_7021,D/UD/7021-47.jpg,"[0, 0, 256, 256]",1.0,sdnet_tile,deck
utuh/deck_7021-5.jpg,0,utuh,val,deck,deck_7021,D/UD/7021-5.jpg,"[0, 0, 256, 256]",1.0,sdnet_tile,deck
utuh/deck_7021-51.jpg,0,utuh,val,deck,deck_7021,D/UD/7021-51.jpg,"[0, 0, 256, 256]",1.0,sdnet_tile,deck
utuh/deck_7021-58.jpg,0,utuh,val,deck,deck_7021,D/UD/7021-58.jpg,"[0, 0, 256, 256]",1.0,sdnet_tile,deck
utuh/deck_7021-59.jpg,0,utuh,val,deck,deck_7021,D/UD/7021-59.jpg,"[0, 0, 256, 256]",1.0,sdnet_tile,deck
utuh/deck_7021-67.jpg,0,utuh,val,deck,deck_7021,D/UD/7021-67.jpg,"[0, 0, 256, 256]",1.0,sdnet_tile,deck
utuh/deck_7021-70.jpg,0,utuh,val,deck,deck_7021,D/UD/7021-70.jpg,"[0, 0, 256, 256]",1.0,sdnet_tile,deck
utuh/deck_7021-83.jpg,0,utuh,val,deck,deck_7021,D/UD/7021-83.jpg,"[0, 0, 256, 256]",1.0,sdnet_tile,deck
utuh/deck_7021-88.jpg,0,utuh,val,deck,deck_7021,D/UD/7021-88.jpg,"[0, 0, 256, 256]",1.0,sdnet_tile,deck
utuh/deck_7021-9.jpg,0,utuh,val,deck,deck_7021,D/UD/7021-9.jpg,"[0, 0, 256, 256]",1.0,sdnet_tile,deck
utuh/deck_7021-95.jpg,0,utuh,val,deck,deck_7021,D/UD/7021-95.jpg,"[0, 0, 256, 256]",1.0,sdnet_tile,deck
utuh/deck_7025-102.jpg,0,utuh,val,deck,deck_7025,D/UD/7025-102.jpg,"[0, 0, 256, 256]",1.0,sdnet_tile,deck
utuh/deck_7025-108.jpg,0,utuh,val,deck,deck_7025,D/UD/7025-108.jpg,"[0, 0, 256, 256]",1.0,sdnet_tile,deck
utuh/deck_7025-11.jpg,0,utuh,val,deck,deck_7025,D/UD/7025-11.jpg,"[0, 0, 256, 256]",1.0,sdnet_tile,deck
utuh/deck_7025-110.jpg,0,utuh,val,deck,deck_7025,D/UD/7025-110.jpg,"[0, 0, 256, 256]",1.0,sdnet_tile,deck
utuh/deck_7025-12.jpg,0,utuh,val,deck,deck_7025,D/UD/7025-12.jpg,"[0, 0, 256, 256]",1.0,sdnet_tile,deck
utuh/deck_7025-120.jpg,0,utuh,val,deck,deck_7025,D/UD/7025-120.jpg,"[0, 0, 256, 256]",1.0,sdnet_tile,deck
utuh/deck_7025-124.jpg,0,utuh,val,deck,deck_7025,D/UD/7025-124.jpg,"[0, 0, 256, 256]",1.0,sdnet_tile,deck
utuh/deck_7025-135.jpg,0,utuh,val,deck,deck_7025,D/UD/7025-135.jpg,"[0, 0, 256, 256]",1.0,sdnet_tile,deck
utuh/deck_7025-136.jpg,0,utuh,val,deck,deck_7025,D/UD/7025-136.jpg,"[0, 0, 256, 256]",1.0,sdnet_tile,deck
utuh/deck_7025-148.jpg,0,utuh,val,deck,deck_7025,D/UD/7025-148.jpg,"[0, 0, 256, 256]",1.0,sdnet_tile,deck
utuh/deck_7025-159.jpg,0,utuh,val,deck,deck_7025,D/UD/7025-159.jpg,"[0, 0, 256, 256]",1.0,sdnet_tile,deck
utuh/deck_7025-170.jpg,0,utuh,val,deck,deck_7025,D/UD/7025-170.jpg,"[0, 0, 256, 256]",1.0,sdnet_tile,deck
utuh/deck_7025-171.jpg,0,utuh,val,deck,deck_7025,D/UD/7025-171.jpg,"[0, 0, 256, 256]",1.0,sdnet_tile,deck
utuh/deck_7025-176.jpg,0,utuh,val,deck,deck_7025,D/UD/7025-176.jpg,"[0, 0, 256, 256]",1.0,sdnet_tile,deck
utuh/deck_7025-179.jpg,0,utuh,val,deck,deck_7025,D/UD/7025-179.jpg,"[0, 0, 256, 256]",1.0,sdnet_tile,deck
utuh/deck_7025-19.jpg,0,utuh,val,deck,deck_7025,D/UD/7025-19.jpg,"[0, 0, 256, 256]",1.0,sdnet_tile,deck
utuh/deck_7025-193.jpg,0,utuh,val,deck,deck_7025,D/UD/7025-193.jpg,"[0, 0, 256, 256]",1.0,sdnet_tile,deck
utuh/deck_7025-196.jpg,0,utuh,val,deck,deck_7025,D/UD/7025-196.jpg,"[0, 0, 256, 256]",1.0,sdnet_tile,deck
utuh/deck_7025-206.jpg,0,utuh,val,deck,deck_7025,D/UD/7025-206.jpg,"[0, 0, 256, 256]",1.0,sdnet_tile,deck
utuh/deck_7025-209.jpg,0,utuh,val,deck,deck_7025,D/UD/7025-209.jpg,"[0, 0, 256, 256]",1.0,sdnet_tile,deck
utuh/deck_7025-229.jpg,0,utuh,val,deck,deck_7025,D/UD/7025-229.jpg,"[0, 0, 256, 256]",1.0,sdnet_tile,deck
utuh/deck_7025-4.jpg,0,utuh,val,deck,deck_7025,D/UD/7025-4.jpg,"[0, 0, 256, 256]",1.0,sdnet_tile,deck
utuh/deck_7025-48.jpg,0,utuh,val,deck,deck_7025,D/UD/7025-48.jpg,"[0, 0, 256, 256]",1.0,sdnet_tile,deck
utuh/deck_7025-5.jpg,0,utuh,val,deck,deck_7025,D/UD/7025-5.jpg,"[0, 0, 256, 256]",1.0,sdnet_tile,deck
utuh/deck_7025-90.jpg,0,utuh,val,deck,deck_7025,D/UD/7025-90.jpg,"[0, 0, 256, 256]",1.0,sdnet_tile,deck
utuh/deck_7025-93.jpg,0,utuh,val,deck,deck_7025,D/UD/7025-93.jpg,"[0, 0, 256, 256]",1.0,sdnet_tile,deck
utuh/deck_7025-94.jpg,0,utuh,val,deck,deck_7025,D/UD/7025-94.jpg,"[0, 0, 256, 256]",1.0,sdnet_tile,deck
utuh/deck_7025-99.jpg,0,utuh,val,deck,deck_7025,D/UD/7025-99.jpg,"[0, 0, 256, 256]",1.0,sdnet_tile,deck
utuh/deck_7027-137.jpg,0,utuh,val,deck,deck_7027,D/UD/7027-137.jpg,"[0, 0, 256, 256]",1.0,sdnet_tile,deck
utuh/deck_7027-142.jpg,0,utuh,val,deck,deck_7027,D/UD/7027-142.jpg,"[0, 0, 256, 256]",1.0,sdnet_tile,deck
utuh/deck_7027-145.jpg,0,utuh,val,deck,deck_7027,D/UD/7027-145.jpg,"[0, 0, 256, 256]",1.0,sdnet_tile,deck
utuh/deck_7027-154.jpg,0,utuh,val,deck,deck_7027,D/UD/7027-154.jpg,"[0, 0, 256, 256]",1.0,sdnet_tile,deck
utuh/deck_7027-158.jpg,0,utuh,val,deck,deck_7027,D/UD/7027-158.jpg,"[0, 0, 256, 256]",1.0,sdnet_tile,deck
utuh/deck_7027-16.jpg,0,utuh,val,deck,deck_7027,D/UD/7027-16.jpg,"[0, 0, 256, 256]",1.0,sdnet_tile,deck
utuh/deck_7027-160.jpg,0,utuh,val,deck,deck_7027,D/UD/7027-160.jpg,"[0, 0, 256, 256]",1.0,sdnet_tile,deck
utuh/deck_7027-176.jpg,0,utuh,val,deck,deck_7027,D/UD/7027-176.jpg,"[0, 0, 256, 256]",1.0,sdnet_tile,deck
utuh/deck_7027-181.jpg,0,utuh,val,deck,deck_7027,D/UD/7027-181.jpg,"[0, 0, 256, 256]",1.0,sdnet_tile,deck
utuh/deck_7027-184.jpg,0,utuh,val,deck,deck_7027,D/UD/7027-184.jpg,"[0, 0, 256, 256]",1.0,sdnet_tile,deck
utuh/deck_7027-193.jpg,0,utuh,val,deck,deck_7027,D/UD/7027-193.jpg,"[0, 0, 256, 256]",1.0,sdnet_tile,deck
utuh/deck_7027-199.jpg,0,utuh,val,deck,deck_7027,D/UD/7027-199.jpg,"[0, 0, 256, 256]",1.0,sdnet_tile,deck
utuh/deck_7027-200.jpg,0,utuh,val,deck,deck_7027,D/UD/7027-200.jpg,"[0, 0, 256, 256]",1.0,sdnet_tile,deck
utuh/deck_7027-203.jpg,0,utuh,val,deck,deck_7027,D/UD/7027-203.jpg,"[0, 0, 256, 256]",1.0,sdnet_tile,deck
utuh/deck_7027-206.jpg,0,utuh,val,deck,deck_7027,D/UD/7027-206.jpg,"[0, 0, 256, 256]",1.0,sdnet_tile,deck
utuh/deck_7027-22.jpg,0,utuh,val,deck,deck_7027,D/UD/7027-22.jpg,"[0, 0, 256, 256]",1.0,sdnet_tile,deck
utuh/deck_7027-224.jpg,0,utuh,val,deck,deck_7027,D/UD/7027-224.jpg,"[0, 0, 256, 256]",1.0,sdnet_tile,deck
utuh/deck_7027-228.jpg,0,utuh,val,deck,deck_7027,D/UD/7027-228.jpg,"[0, 0, 256, 256]",1.0,sdnet_tile,deck
utuh/deck_7027-23.jpg,0,utuh,val,deck,deck_7027,D/UD/7027-23.jpg,"[0, 0, 256, 256]",1.0,sdnet_tile,deck
utuh/deck_7027-34.jpg,0,utuh,val,deck,deck_7027,D/UD/7027-34.jpg,"[0, 0, 256, 256]",1.0,sdnet_tile,deck
utuh/deck_7027-42.jpg,0,utuh,val,deck,deck_7027,D/UD/7027-42.jpg,"[0, 0, 256, 256]",1.0,sdnet_tile,deck
utuh/deck_7027-48.jpg,0,utuh,val,deck,deck_7027,D/UD/7027-48.jpg,"[0, 0, 256, 256]",1.0,sdnet_tile,deck
utuh/deck_7027-50.jpg,0,utuh,val,deck,deck_7027,D/UD/7027-50.jpg,"[0, 0, 256, 256]",1.0,sdnet_tile,deck
utuh/deck_7027-6.jpg,0,utuh,val,deck,deck_7027,D/UD/7027-6.jpg,"[0, 0, 256, 256]",1.0,sdnet_tile,deck
utuh/deck_7027-67.jpg,0,utuh,val,deck,deck_7027,D/UD/7027-67.jpg,"[0, 0, 256, 256]",1.0,sdnet_tile,deck
utuh/deck_7027-87.jpg,0,utuh,val,deck,deck_7027,D/UD/7027-87.jpg,"[0, 0, 256, 256]",1.0,sdnet_tile,deck
utuh/deck_7027-90.jpg,0,utuh,val,deck,deck_7027,D/UD/7027-90.jpg,"[0, 0, 256, 256]",1.0,sdnet_tile,deck
utuh/deck_7027-95.jpg,0,utuh,val,deck,deck_7027,D/UD/7027-95.jpg,"[0, 0, 256, 256]",1.0,sdnet_tile,deck
utuh/deck_7031-1.jpg,0,utuh,val,deck,deck_7031,D/UD/7031-1.jpg,"[0, 0, 256, 256]",1.0,sdnet_tile,deck
utuh/deck_7031-103.jpg,0,utuh,val,deck,deck_7031,D/UD/7031-103.jpg,"[0, 0, 256, 256]",1.0,sdnet_tile,deck
utuh/deck_7031-124.jpg,0,utuh,val,deck,deck_7031,D/UD/7031-124.jpg,"[0, 0, 256, 256]",1.0,sdnet_tile,deck
utuh/deck_7031-14.jpg,0,utuh,val,deck,deck_7031,D/UD/7031-14.jpg,"[0, 0, 256, 256]",1.0,sdnet_tile,deck
utuh/deck_7031-145.jpg,0,utuh,val,deck,deck_7031,D/UD/7031-145.jpg,"[0, 0, 256, 256]",1.0,sdnet_tile,deck
utuh/deck_7031-155.jpg,0,utuh,val,deck,deck_7031,D/UD/7031-155.jpg,"[0, 0, 256, 256]",1.0,sdnet_tile,deck
utuh/deck_7031-162.jpg,0,utuh,val,deck,deck_7031,D/UD/7031-162.jpg,"[0, 0, 256, 256]",1.0,sdnet_tile,deck
utuh/deck_7031-163.jpg,0,utuh,val,deck,deck_7031,D/UD/7031-163.jpg,"[0, 0, 256, 256]",1.0,sdnet_tile,deck
utuh/deck_7031-192.jpg,0,utuh,val,deck,deck_7031,D/UD/7031-192.jpg,"[0, 0, 256, 256]",1.0,sdnet_tile,deck
utuh/deck_7031-213.jpg,0,utuh,val,deck,deck_7031,D/UD/7031-213.jpg,"[0, 0, 256, 256]",1.0,sdnet_tile,deck
utuh/deck_7031-219.jpg,0,utuh,val,deck,deck_7031,D/UD/7031-219.jpg,"[0, 0, 256, 256]",1.0,sdnet_tile,deck
utuh/deck_7031-223.jpg,0,utuh,val,deck,deck_7031,D/UD/7031-223.jpg,"[0, 0, 256, 256]",1.0,sdnet_tile,deck
utuh/deck_7031-231.jpg,0,utuh,val,deck,deck_7031,D/UD/7031-231.jpg,"[0, 0, 256, 256]",1.0,sdnet_tile,deck
utuh/deck_7031-233.jpg,0,utuh,val,deck,deck_7031,D/UD/7031-233.jpg,"[0, 0, 256, 256]",1.0,sdnet_tile,deck
utuh/deck_7031-247.jpg,0,utuh,val,deck,deck_7031,D/UD/7031-247.jpg,"[0, 0, 256, 256]",1.0,sdnet_tile,deck
utuh/deck_7031-25.jpg,0,utuh,val,deck,deck_7031,D/UD/7031-25.jpg,"[0, 0, 256, 256]",1.0,sdnet_tile,deck
utuh/deck_7031-29.jpg,0,utuh,val,deck,deck_7031,D/UD/7031-29.jpg,"[0, 0, 256, 256]",1.0,sdnet_tile,deck
utuh/deck_7031-46.jpg,0,utuh,val,deck,deck_7031,D/UD/7031-46.jpg,"[0, 0, 256, 256]",1.0,sdnet_tile,deck
utuh/deck_7031-47.jpg,0,utuh,val,deck,deck_7031,D/UD/7031-47.jpg,"[0, 0, 256, 256]",1.0,sdnet_tile,deck
utuh/deck_7031-56.jpg,0,utuh,val,deck,deck_7031,D/UD/7031-56.jpg,"[0, 0, 256, 256]",1.0,sdnet_tile,deck
utuh/deck_7031-57.jpg,0,utuh,val,deck,deck_7031,D/UD/7031-57.jpg,"[0, 0, 256, 256]",1.0,sdnet_tile,deck
utuh/deck_7031-61.jpg,0,utuh,val,deck,deck_7031,D/UD/7031-61.jpg,"[0, 0, 256, 256]",1.0,sdnet_tile,deck
utuh/deck_7031-65.jpg,0,utuh,val,deck,deck_7031,D/UD/7031-65.jpg,"[0, 0, 256, 256]",1.0,sdnet_tile,deck
utuh/deck_7031-68.jpg,0,utuh,val,deck,deck_7031,D/UD/7031-68.jpg,"[0, 0, 256, 256]",1.0,sdnet_tile,deck
utuh/deck_7031-84.jpg,0,utuh,val,deck,deck_7031,D/UD/7031-84.jpg,"[0, 0, 256, 256]",1.0,sdnet_tile,deck
utuh/deck_7031-86.jpg,0,utuh,val,deck,deck_7031,D/UD/7031-86.jpg,"[0, 0, 256, 256]",1.0,sdnet_tile,deck
utuh/deck_7031-98.jpg,0,utuh,val,deck,deck_7031,D/UD/7031-98.jpg,"[0, 0, 256, 256]",1.0,sdnet_tile,deck
utuh/deck_7031-99.jpg,0,utuh,val,deck,deck_7031,D/UD/7031-99.jpg,"[0, 0, 256, 256]",1.0,sdnet_tile,deck
utuh/deck_7047-107.jpg,0,utuh,val,deck,deck_7047,D/UD/7047-107.jpg,"[0, 0, 256, 256]",1.0,sdnet_tile,deck
utuh/deck_7047-111.jpg,0,utuh,val,deck,deck_7047,D/UD/7047-111.jpg,"[0, 0, 256, 256]",1.0,sdnet_tile,deck
utuh/deck_7047-120.jpg,0,utuh,val,deck,deck_7047,D/UD/7047-120.jpg,"[0, 0, 256, 256]",1.0,sdnet_tile,deck
utuh/deck_7047-124.jpg,0,utuh,val,deck,deck_7047,D/UD/7047-124.jpg,"[0, 0, 256, 256]",1.0,sdnet_tile,deck
utuh/deck_7047-135.jpg,0,utuh,val,deck,deck_7047,D/UD/7047-135.jpg,"[0, 0, 256, 256]",1.0,sdnet_tile,deck
utuh/deck_7047-143.jpg,0,utuh,val,deck,deck_7047,D/UD/7047-143.jpg,"[0, 0, 256, 256]",1.0,sdnet_tile,deck
utuh/deck_7047-149.jpg,0,utuh,val,deck,deck_7047,D/UD/7047-149.jpg,"[0, 0, 256, 256]",1.0,sdnet_tile,deck
utuh/deck_7047-155.jpg,0,utuh,val,deck,deck_7047,D/UD/7047-155.jpg,"[0, 0, 256, 256]",1.0,sdnet_tile,deck
utuh/deck_7047-158.jpg,0,utuh,val,deck,deck_7047,D/UD/7047-158.jpg,"[0, 0, 256, 256]",1.0,sdnet_tile,deck
utuh/deck_7047-17.jpg,0,utuh,val,deck,deck_7047,D/UD/7047-17.jpg,"[0, 0, 256, 256]",1.0,sdnet_tile,deck
utuh/deck_7047-172.jpg,0,utuh,val,deck,deck_7047,D/UD/7047-172.jpg,"[0, 0, 256, 256]",1.0,sdnet_tile,deck
utuh/deck_7047-180.jpg,0,utuh,val,deck,deck_7047,D/UD/7047-180.jpg,"[0, 0, 256, 256]",1.0,sdnet_tile,deck
utuh/deck_7047-184.jpg,0,utuh,val,deck,deck_7047,D/UD/7047-184.jpg,"[0, 0, 256, 256]",1.0,sdnet_tile,deck
utuh/deck_7047-192.jpg,0,utuh,val,deck,deck_7047,D/UD/7047-192.jpg,"[0, 0, 256, 256]",1.0,sdnet_tile,deck
utuh/deck_7047-215.jpg,0,utuh,val,deck,deck_7047,D/UD/7047-215.jpg,"[0, 0, 256, 256]",1.0,sdnet_tile,deck
utuh/deck_7047-238.jpg,0,utuh,val,deck,deck_7047,D/UD/7047-238.jpg,"[0, 0, 256, 256]",1.0,sdnet_tile,deck
utuh/deck_7047-243.jpg,0,utuh,val,deck,deck_7047,D/UD/7047-243.jpg,"[0, 0, 256, 256]",1.0,sdnet_tile,deck
utuh/deck_7047-249.jpg,0,utuh,val,deck,deck_7047,D/UD/7047-249.jpg,"[0, 0, 256, 256]",1.0,sdnet_tile,deck
utuh/deck_7047-251.jpg,0,utuh,val,deck,deck_7047,D/UD/7047-251.jpg,"[0, 0, 256, 256]",1.0,sdnet_tile,deck
utuh/deck_7047-34.jpg,0,utuh,val,deck,deck_7047,D/UD/7047-34.jpg,"[0, 0, 256, 256]",1.0,sdnet_tile,deck
utuh/deck_7047-4.jpg,0,utuh,val,deck,deck_7047,D/UD/7047-4.jpg,"[0, 0, 256, 256]",1.0,sdnet_tile,deck
utuh/deck_7047-42.jpg,0,utuh,val,deck,deck_7047,D/UD/7047-42.jpg,"[0, 0, 256, 256]",1.0,sdnet_tile,deck
utuh/deck_7047-48.jpg,0,utuh,val,deck,deck_7047,D/UD/7047-48.jpg,"[0, 0, 256, 256]",1.0,sdnet_tile,deck
utuh/deck_7047-53.jpg,0,utuh,val,deck,deck_7047,D/UD/7047-53.jpg,"[0, 0, 256, 256]",1.0,sdnet_tile,deck
utuh/deck_7047-59.jpg,0,utuh,val,deck,deck_7047,D/UD/7047-59.jpg,"[0, 0, 256, 256]",1.0,sdnet_tile,deck
utuh/deck_7047-62.jpg,0,utuh,val,deck,deck_7047,D/UD/7047-62.jpg,"[0, 0, 256, 256]",1.0,sdnet_tile,deck
utuh/deck_7047-7.jpg,0,utuh,val,deck,deck_7047,D/UD/7047-7.jpg,"[0, 0, 256, 256]",1.0,sdnet_tile,deck
utuh/deck_7050-121.jpg,0,utuh,val,deck,deck_7050,D/UD/7050-121.jpg,"[0, 0, 256, 256]",1.0,sdnet_tile,deck
utuh/deck_7050-129.jpg,0,utuh,val,deck,deck_7050,D/UD/7050-129.jpg,"[0, 0, 256, 256]",1.0,sdnet_tile,deck
utuh/deck_7050-147.jpg,0,utuh,val,deck,deck_7050,D/UD/7050-147.jpg,"[0, 0, 256, 256]",1.0,sdnet_tile,deck
utuh/deck_7050-153.jpg,0,utuh,val,deck,deck_7050,D/UD/7050-153.jpg,"[0, 0, 256, 256]",1.0,sdnet_tile,deck
utuh/deck_7050-181.jpg,0,utuh,val,deck,deck_7050,D/UD/7050-181.jpg,"[0, 0, 256, 256]",1.0,sdnet_tile,deck
utuh/deck_7050-187.jpg,0,utuh,val,deck,deck_7050,D/UD/7050-187.jpg,"[0, 0, 256, 256]",1.0,sdnet_tile,deck
utuh/deck_7050-210.jpg,0,utuh,val,deck,deck_7050,D/UD/7050-210.jpg,"[0, 0, 256, 256]",1.0,sdnet_tile,deck
utuh/deck_7050-213.jpg,0,utuh,val,deck,deck_7050,D/UD/7050-213.jpg,"[0, 0, 256, 256]",1.0,sdnet_tile,deck
utuh/deck_7050-214.jpg,0,utuh,val,deck,deck_7050,D/UD/7050-214.jpg,"[0, 0, 256, 256]",1.0,sdnet_tile,deck
utuh/deck_7050-227.jpg,0,utuh,val,deck,deck_7050,D/UD/7050-227.jpg,"[0, 0, 256, 256]",1.0,sdnet_tile,deck
utuh/deck_7050-229.jpg,0,utuh,val,deck,deck_7050,D/UD/7050-229.jpg,"[0, 0, 256, 256]",1.0,sdnet_tile,deck
utuh/deck_7050-236.jpg,0,utuh,val,deck,deck_7050,D/UD/7050-236.jpg,"[0, 0, 256, 256]",1.0,sdnet_tile,deck
utuh/deck_7050-239.jpg,0,utuh,val,deck,deck_7050,D/UD/7050-239.jpg,"[0, 0, 256, 256]",1.0,sdnet_tile,deck
utuh/deck_7050-240.jpg,0,utuh,val,deck,deck_7050,D/UD/7050-240.jpg,"[0, 0, 256, 256]",1.0,sdnet_tile,deck
utuh/deck_7050-251.jpg,0,utuh,val,deck,deck_7050,D/UD/7050-251.jpg,"[0, 0, 256, 256]",1.0,sdnet_tile,deck
utuh/deck_7050-29.jpg,0,utuh,val,deck,deck_7050,D/UD/7050-29.jpg,"[0, 0, 256, 256]",1.0,sdnet_tile,deck
utuh/deck_7050-37.jpg,0,utuh,val,deck,deck_7050,D/UD/7050-37.jpg,"[0, 0, 256, 256]",1.0,sdnet_tile,deck
utuh/deck_7050-38.jpg,0,utuh,val,deck,deck_7050,D/UD/7050-38.jpg,"[0, 0, 256, 256]",1.0,sdnet_tile,deck
utuh/deck_7050-4.jpg,0,utuh,val,deck,deck_7050,D/UD/7050-4.jpg,"[0, 0, 256, 256]",1.0,sdnet_tile,deck
utuh/deck_7050-41.jpg,0,utuh,val,deck,deck_7050,D/UD/7050-41.jpg,"[0, 0, 256, 256]",1.0,sdnet_tile,deck
utuh/deck_7050-54.jpg,0,utuh,val,deck,deck_7050,D/UD/7050-54.jpg,"[0, 0, 256, 256]",1.0,sdnet_tile,deck
utuh/deck_7050-56.jpg,0,utuh,val,deck,deck_7050,D/UD/7050-56.jpg,"[0, 0, 256, 256]",1.0,sdnet_tile,deck
utuh/deck_7050-70.jpg,0,utuh,val,deck,deck_7050,D/UD/7050-70.jpg,"[0, 0, 256, 256]",1.0,sdnet_tile,deck
utuh/deck_7050-73.jpg,0,utuh,val,deck,deck_7050,D/UD/7050-73.jpg,"[0, 0, 256, 256]",1.0,sdnet_tile,deck
utuh/deck_7050-77.jpg,0,utuh,val,deck,deck_7050,D/UD/7050-77.jpg,"[0, 0, 256, 256]",1.0,sdnet_tile,deck
utuh/deck_7050-88.jpg,0,utuh,val,deck,deck_7050,D/UD/7050-88.jpg,"[0, 0, 256, 256]",1.0,sdnet_tile,deck
utuh/deck_7050-89.jpg,0,utuh,val,deck,deck_7050,D/UD/7050-89.jpg,"[0, 0, 256, 256]",1.0,sdnet_tile,deck
utuh/deck_7057-102.jpg,0,utuh,val,deck,deck_7057,D/UD/7057-102.jpg,"[0, 0, 256, 256]",1.0,sdnet_tile,deck
utuh/deck_7057-109.jpg,0,utuh,val,deck,deck_7057,D/UD/7057-109.jpg,"[0, 0, 256, 256]",1.0,sdnet_tile,deck
utuh/deck_7057-135.jpg,0,utuh,val,deck,deck_7057,D/UD/7057-135.jpg,"[0, 0, 256, 256]",1.0,sdnet_tile,deck
utuh/deck_7057-14.jpg,0,utuh,val,deck,deck_7057,D/UD/7057-14.jpg,"[0, 0, 256, 256]",1.0,sdnet_tile,deck
utuh/deck_7057-151.jpg,0,utuh,val,deck,deck_7057,D/UD/7057-151.jpg,"[0, 0, 256, 256]",1.0,sdnet_tile,deck
utuh/deck_7057-163.jpg,0,utuh,val,deck,deck_7057,D/UD/7057-163.jpg,"[0, 0, 256, 256]",1.0,sdnet_tile,deck
utuh/deck_7057-183.jpg,0,utuh,val,deck,deck_7057,D/UD/7057-183.jpg,"[0, 0, 256, 256]",1.0,sdnet_tile,deck
utuh/deck_7057-189.jpg,0,utuh,val,deck,deck_7057,D/UD/7057-189.jpg,"[0, 0, 256, 256]",1.0,sdnet_tile,deck
utuh/deck_7057-193.jpg,0,utuh,val,deck,deck_7057,D/UD/7057-193.jpg,"[0, 0, 256, 256]",1.0,sdnet_tile,deck
utuh/deck_7057-204.jpg,0,utuh,val,deck,deck_7057,D/UD/7057-204.jpg,"[0, 0, 256, 256]",1.0,sdnet_tile,deck
utuh/deck_7057-218.jpg,0,utuh,val,deck,deck_7057,D/UD/7057-218.jpg,"[0, 0, 256, 256]",1.0,sdnet_tile,deck
utuh/deck_7057-241.jpg,0,utuh,val,deck,deck_7057,D/UD/7057-241.jpg,"[0, 0, 256, 256]",1.0,sdnet_tile,deck
utuh/deck_7057-31.jpg,0,utuh,val,deck,deck_7057,D/UD/7057-31.jpg,"[0, 0, 256, 256]",1.0,sdnet_tile,deck
utuh/deck_7057-34.jpg,0,utuh,val,deck,deck_7057,D/UD/7057-34.jpg,"[0, 0, 256, 256]",1.0,sdnet_tile,deck
utuh/deck_7057-41.jpg,0,utuh,val,deck,deck_7057,D/UD/7057-41.jpg,"[0, 0, 256, 256]",1.0,sdnet_tile,deck
utuh/deck_7057-45.jpg,0,utuh,val,deck,deck_7057,D/UD/7057-45.jpg,"[0, 0, 256, 256]",1.0,sdnet_tile,deck
utuh/deck_7057-48.jpg,0,utuh,val,deck,deck_7057,D/UD/7057-48.jpg,"[0, 0, 256, 256]",1.0,sdnet_tile,deck
utuh/deck_7057-49.jpg,0,utuh,val,deck,deck_7057,D/UD/7057-49.jpg,"[0, 0, 256, 256]",1.0,sdnet_tile,deck
utuh/deck_7057-51.jpg,0,utuh,val,deck,deck_7057,D/UD/7057-51.jpg,"[0, 0, 256, 256]",1.0,sdnet_tile,deck
utuh/deck_7057-54.jpg,0,utuh,val,deck,deck_7057,D/UD/7057-54.jpg,"[0, 0, 256, 256]",1.0,sdnet_tile,deck
utuh/deck_7057-61.jpg,0,utuh,val,deck,deck_7057,D/UD/7057-61.jpg,"[0, 0, 256, 256]",1.0,sdnet_tile,deck
utuh/deck_7057-66.jpg,0,utuh,val,deck,deck_7057,D/UD/7057-66.jpg,"[0, 0, 256, 256]",1.0,sdnet_tile,deck
utuh/deck_7057-8.jpg,0,utuh,val,deck,deck_7057,D/UD/7057-8.jpg,"[0, 0, 256, 256]",1.0,sdnet_tile,deck
utuh/deck_7057-85.jpg,0,utuh,val,deck,deck_7057,D/UD/7057-85.jpg,"[0, 0, 256, 256]",1.0,sdnet_tile,deck
utuh/deck_7057-9.jpg,0,utuh,val,deck,deck_7057,D/UD/7057-9.jpg,"[0, 0, 256, 256]",1.0,sdnet_tile,deck
utuh/deck_7057-90.jpg,0,utuh,val,deck,deck_7057,D/UD/7057-90.jpg,"[0, 0, 256, 256]",1.0,sdnet_tile,deck
utuh/deck_7057-96.jpg,0,utuh,val,deck,deck_7057,D/UD/7057-96.jpg,"[0, 0, 256, 256]",1.0,sdnet_tile,deck
retak/deck_7004-120.jpg,1,retak,val,deck,deck_7004,D/CD/7004-120.jpg,"[0, 0, 256, 256]",1.0,sdnet_tile,deck
retak/deck_7004-121.jpg,1,retak,val,deck,deck_7004,D/CD/7004-121.jpg,"[0, 0, 256, 256]",1.0,sdnet_tile,deck
retak/deck_7004-127.jpg,1,retak,val,deck,deck_7004,D/CD/7004-127.jpg,"[0, 0, 256, 256]",1.0,sdnet_tile,deck
retak/deck_7004-160.jpg,1,retak,val,deck,deck_7004,D/CD/7004-160.jpg,"[0, 0, 256, 256]",1.0,sdnet_tile,deck
retak/deck_7004-175.jpg,1,retak,val,deck,deck_7004,D/CD/7004-175.jpg,"[0, 0, 256, 256]",1.0,sdnet_tile,deck
retak/deck_7004-21.jpg,1,retak,val,deck,deck_7004,D/CD/7004-21.jpg,"[0, 0, 256, 256]",1.0,sdnet_tile,deck
retak/deck_7004-3.jpg,1,retak,val,deck,deck_7004,D/CD/7004-3.jpg,"[0, 0, 256, 256]",1.0,sdnet_tile,deck
retak/deck_7004-4.jpg,1,retak,val,deck,deck_7004,D/CD/7004-4.jpg,"[0, 0, 256, 256]",1.0,sdnet_tile,deck
retak/deck_7004-61.jpg,1,retak,val,deck,deck_7004,D/CD/7004-61.jpg,"[0, 0, 256, 256]",1.0,sdnet_tile,deck
retak/deck_7004-74.jpg,1,retak,val,deck,deck_7004,D/CD/7004-74.jpg,"[0, 0, 256, 256]",1.0,sdnet_tile,deck
retak/deck_7012-109.jpg,1,retak,val,deck,deck_7012,D/CD/7012-109.jpg,"[0, 0, 256, 256]",1.0,sdnet_tile,deck
retak/deck_7012-128.jpg,1,retak,val,deck,deck_7012,D/CD/7012-128.jpg,"[0, 0, 256, 256]",1.0,sdnet_tile,deck
retak/deck_7012-14.jpg,1,retak,val,deck,deck_7012,D/CD/7012-14.jpg,"[0, 0, 256, 256]",1.0,sdnet_tile,deck
retak/deck_7012-191.jpg,1,retak,val,deck,deck_7012,D/CD/7012-191.jpg,"[0, 0, 256, 256]",1.0,sdnet_tile,deck
retak/deck_7012-20.jpg,1,retak,val,deck,deck_7012,D/CD/7012-20.jpg,"[0, 0, 256, 256]",1.0,sdnet_tile,deck
retak/deck_7012-212.jpg,1,retak,val,deck,deck_7012,D/CD/7012-212.jpg,"[0, 0, 256, 256]",1.0,sdnet_tile,deck
retak/deck_7012-222.jpg,1,retak,val,deck,deck_7012,D/CD/7012-222.jpg,"[0, 0, 256, 256]",1.0,sdnet_tile,deck
retak/deck_7012-49.jpg,1,retak,val,deck,deck_7012,D/CD/7012-49.jpg,"[0, 0, 256, 256]",1.0,sdnet_tile,deck
retak/deck_7012-55.jpg,1,retak,val,deck,deck_7012,D/CD/7012-55.jpg,"[0, 0, 256, 256]",1.0,sdnet_tile,deck
retak/deck_7012-67.jpg,1,retak,val,deck,deck_7012,D/CD/7012-67.jpg,"[0, 0, 256, 256]",1.0,sdnet_tile,deck
retak/deck_7016-100.jpg,1,retak,val,deck,deck_7016,D/CD/7016-100.jpg,"[0, 0, 256, 256]",1.0,sdnet_tile,deck
retak/deck_7016-101.jpg,1,retak,val,deck,deck_7016,D/CD/7016-101.jpg,"[0, 0, 256, 256]",1.0,sdnet_tile,deck
retak/deck_7016-104.jpg,1,retak,val,deck,deck_7016,D/CD/7016-104.jpg,"[0, 0, 256, 256]",1.0,sdnet_tile,deck
retak/deck_7016-153.jpg,1,retak,val,deck,deck_7016,D/CD/7016-153.jpg,"[0, 0, 256, 256]",1.0,sdnet_tile,deck
retak/deck_7016-154.jpg,1,retak,val,deck,deck_7016,D/CD/7016-154.jpg,"[0, 0, 256, 256]",1.0,sdnet_tile,deck
retak/deck_7016-184.jpg,1,retak,val,deck,deck_7016,D/CD/7016-184.jpg,"[0, 0, 256, 256]",1.0,sdnet_tile,deck
retak/deck_7016-189.jpg,1,retak,val,deck,deck_7016,D/CD/7016-189.jpg,"[0, 0, 256, 256]",1.0,sdnet_tile,deck
retak/deck_7016-29.jpg,1,retak,val,deck,deck_7016,D/CD/7016-29.jpg,"[0, 0, 256, 256]",1.0,sdnet_tile,deck
retak/deck_7016-70.jpg,1,retak,val,deck,deck_7016,D/CD/7016-70.jpg,"[0, 0, 256, 256]",1.0,sdnet_tile,deck
retak/deck_7016-82.jpg,1,retak,val,deck,deck_7016,D/CD/7016-82.jpg,"[0, 0, 256, 256]",1.0,sdnet_tile,deck
retak/deck_7017-118.jpg,1,retak,val,deck,deck_7017,D/CD/7017-118.jpg,"[0, 0, 256, 256]",1.0,sdnet_tile,deck
retak/deck_7017-13.jpg,1,retak,val,deck,deck_7017,D/CD/7017-13.jpg,"[0, 0, 256, 256]",1.0,sdnet_tile,deck
retak/deck_7017-148.jpg,1,retak,val,deck,deck_7017,D/CD/7017-148.jpg,"[0, 0, 256, 256]",1.0,sdnet_tile,deck
retak/deck_7017-22.jpg,1,retak,val,deck,deck_7017,D/CD/7017-22.jpg,"[0, 0, 256, 256]",1.0,sdnet_tile,deck
retak/deck_7017-43.jpg,1,retak,val,deck,deck_7017,D/CD/7017-43.jpg,"[0, 0, 256, 256]",1.0,sdnet_tile,deck
retak/deck_7017-52.jpg,1,retak,val,deck,deck_7017,D/CD/7017-52.jpg,"[0, 0, 256, 256]",1.0,sdnet_tile,deck
retak/deck_7017-53.jpg,1,retak,val,deck,deck_7017,D/CD/7017-53.jpg,"[0, 0, 256, 256]",1.0,sdnet_tile,deck
retak/deck_7017-59.jpg,1,retak,val,deck,deck_7017,D/CD/7017-59.jpg,"[0, 0, 256, 256]",1.0,sdnet_tile,deck
retak/deck_7017-9.jpg,1,retak,val,deck,deck_7017,D/CD/7017-9.jpg,"[0, 0, 256, 256]",1.0,sdnet_tile,deck
retak/deck_7017-93.jpg,1,retak,val,deck,deck_7017,D/CD/7017-93.jpg,"[0, 0, 256, 256]",1.0,sdnet_tile,deck
retak/deck_7021-164.jpg,1,retak,val,deck,deck_7021,D/CD/7021-164.jpg,"[0, 0, 256, 256]",1.0,sdnet_tile,deck
retak/deck_7021-174.jpg,1,retak,val,deck,deck_7021,D/CD/7021-174.jpg,"[0, 0, 256, 256]",1.0,sdnet_tile,deck
retak/deck_7021-181.jpg,1,retak,val,deck,deck_7021,D/CD/7021-181.jpg,"[0, 0, 256, 256]",1.0,sdnet_tile,deck
retak/deck_7021-191.jpg,1,retak,val,deck,deck_7021,D/CD/7021-191.jpg,"[0, 0, 256, 256]",1.0,sdnet_tile,deck
retak/deck_7021-201.jpg,1,retak,val,deck,deck_7021,D/CD/7021-201.jpg,"[0, 0, 256, 256]",1.0,sdnet_tile,deck
retak/deck_7021-224.jpg,1,retak,val,deck,deck_7021,D/CD/7021-224.jpg,"[0, 0, 256, 256]",1.0,sdnet_tile,deck
retak/deck_7021-56.jpg,1,retak,val,deck,deck_7021,D/CD/7021-56.jpg,"[0, 0, 256, 256]",1.0,sdnet_tile,deck
retak/deck_7021-64.jpg,1,retak,val,deck,deck_7021,D/CD/7021-64.jpg,"[0, 0, 256, 256]",1.0,sdnet_tile,deck
retak/deck_7021-75.jpg,1,retak,val,deck,deck_7021,D/CD/7021-75.jpg,"[0, 0, 256, 256]",1.0,sdnet_tile,deck
retak/deck_7021-97.jpg,1,retak,val,deck,deck_7021,D/CD/7021-97.jpg,"[0, 0, 256, 256]",1.0,sdnet_tile,deck
retak/deck_7025-128.jpg,1,retak,val,deck,deck_7025,D/CD/7025-128.jpg,"[0, 0, 256, 256]",1.0,sdnet_tile,deck
retak/deck_7025-145.jpg,1,retak,val,deck,deck_7025,D/CD/7025-145.jpg,"[0, 0, 256, 256]",1.0,sdnet_tile,deck
retak/deck_7025-146.jpg,1,retak,val,deck,deck_7025,D/CD/7025-146.jpg,"[0, 0, 256, 256]",1.0,sdnet_tile,deck
retak/deck_7025-201.jpg,1,retak,val,deck,deck_7025,D/CD/7025-201.jpg,"[0, 0, 256, 256]",1.0,sdnet_tile,deck
retak/deck_7025-248.jpg,1,retak,val,deck,deck_7025,D/CD/7025-248.jpg,"[0, 0, 256, 256]",1.0,sdnet_tile,deck
retak/deck_7025-46.jpg,1,retak,val,deck,deck_7025,D/CD/7025-46.jpg,"[0, 0, 256, 256]",1.0,sdnet_tile,deck
retak/deck_7025-63.jpg,1,retak,val,deck,deck_7025,D/CD/7025-63.jpg,"[0, 0, 256, 256]",1.0,sdnet_tile,deck
retak/deck_7025-64.jpg,1,retak,val,deck,deck_7025,D/CD/7025-64.jpg,"[0, 0, 256, 256]",1.0,sdnet_tile,deck
retak/deck_7025-80.jpg,1,retak,val,deck,deck_7025,D/CD/7025-80.jpg,"[0, 0, 256, 256]",1.0,sdnet_tile,deck
retak/deck_7027-106.jpg,1,retak,val,deck,deck_7027,D/CD/7027-106.jpg,"[0, 0, 256, 256]",1.0,sdnet_tile,deck
retak/deck_7027-112.jpg,1,retak,val,deck,deck_7027,D/CD/7027-112.jpg,"[0, 0, 256, 256]",1.0,sdnet_tile,deck
retak/deck_7027-119.jpg,1,retak,val,deck,deck_7027,D/CD/7027-119.jpg,"[0, 0, 256, 256]",1.0,sdnet_tile,deck
retak/deck_7027-121.jpg,1,retak,val,deck,deck_7027,D/CD/7027-121.jpg,"[0, 0, 256, 256]",1.0,sdnet_tile,deck
retak/deck_7027-129.jpg,1,retak,val,deck,deck_7027,D/CD/7027-129.jpg,"[0, 0, 256, 256]",1.0,sdnet_tile,deck
retak/deck_7027-147.jpg,1,retak,val,deck,deck_7027,D/CD/7027-147.jpg,"[0, 0, 256, 256]",1.0,sdnet_tile,deck
retak/deck_7027-32.jpg,1,retak,val,deck,deck_7027,D/CD/7027-32.jpg,"[0, 0, 256, 256]",1.0,sdnet_tile,deck
retak/deck_7027-45.jpg,1,retak,val,deck,deck_7027,D/CD/7027-45.jpg,"[0, 0, 256, 256]",1.0,sdnet_tile,deck
retak/deck_7027-5.jpg,1,retak,val,deck,deck_7027,D/CD/7027-5.jpg,"[0, 0, 256, 256]",1.0,sdnet_tile,deck
retak/deck_7031-105.jpg,1,retak,val,deck,deck_7031,D/CD/7031-105.jpg,"[0, 0, 256, 256]",1.0,sdnet_tile,deck
retak/deck_7031-107.jpg,1,retak,val,deck,deck_7031,D/CD/7031-107.jpg,"[0, 0, 256, 256]",1.0,sdnet_tile,deck
retak/deck_7031-125.jpg,1,retak,val,deck,deck_7031,D/CD/7031-125.jpg,"[0, 0, 256, 256]",1.0,sdnet_tile,deck
retak/deck_7031-178.jpg,1,retak,val,deck,deck_7031,D/CD/7031-178.jpg,"[0, 0, 256, 256]",1.0,sdnet_tile,deck
retak/deck_7031-196.jpg,1,retak,val,deck,deck_7031,D/CD/7031-196.jpg,"[0, 0, 256, 256]",1.0,sdnet_tile,deck
retak/deck_7031-217.jpg,1,retak,val,deck,deck_7031,D/CD/7031-217.jpg,"[0, 0, 256, 256]",1.0,sdnet_tile,deck
retak/deck_7031-23.jpg,1,retak,val,deck,deck_7031,D/CD/7031-23.jpg,"[0, 0, 256, 256]",1.0,sdnet_tile,deck
retak/deck_7031-38.jpg,1,retak,val,deck,deck_7031,D/CD/7031-38.jpg,"[0, 0, 256, 256]",1.0,sdnet_tile,deck
retak/deck_7047-109.jpg,1,retak,val,deck,deck_7047,D/CD/7047-109.jpg,"[0, 0, 256, 256]",1.0,sdnet_tile,deck
retak/deck_7047-128.jpg,1,retak,val,deck,deck_7047,D/CD/7047-128.jpg,"[0, 0, 256, 256]",1.0,sdnet_tile,deck
retak/deck_7047-129.jpg,1,retak,val,deck,deck_7047,D/CD/7047-129.jpg,"[0, 0, 256, 256]",1.0,sdnet_tile,deck
retak/deck_7047-166.jpg,1,retak,val,deck,deck_7047,D/CD/7047-166.jpg,"[0, 0, 256, 256]",1.0,sdnet_tile,deck
retak/deck_7047-186.jpg,1,retak,val,deck,deck_7047,D/CD/7047-186.jpg,"[0, 0, 256, 256]",1.0,sdnet_tile,deck
retak/deck_7047-205.jpg,1,retak,val,deck,deck_7047,D/CD/7047-205.jpg,"[0, 0, 256, 256]",1.0,sdnet_tile,deck
retak/deck_7047-226.jpg,1,retak,val,deck,deck_7047,D/CD/7047-226.jpg,"[0, 0, 256, 256]",1.0,sdnet_tile,deck
retak/deck_7047-245.jpg,1,retak,val,deck,deck_7047,D/CD/7047-245.jpg,"[0, 0, 256, 256]",1.0,sdnet_tile,deck
retak/deck_7047-45.jpg,1,retak,val,deck,deck_7047,D/CD/7047-45.jpg,"[0, 0, 256, 256]",1.0,sdnet_tile,deck
retak/deck_7050-158.jpg,1,retak,val,deck,deck_7050,D/CD/7050-158.jpg,"[0, 0, 256, 256]",1.0,sdnet_tile,deck
retak/deck_7050-17.jpg,1,retak,val,deck,deck_7050,D/CD/7050-17.jpg,"[0, 0, 256, 256]",1.0,sdnet_tile,deck
retak/deck_7050-172.jpg,1,retak,val,deck,deck_7050,D/CD/7050-172.jpg,"[0, 0, 256, 256]",1.0,sdnet_tile,deck
retak/deck_7050-173.jpg,1,retak,val,deck,deck_7050,D/CD/7050-173.jpg,"[0, 0, 256, 256]",1.0,sdnet_tile,deck
retak/deck_7050-189.jpg,1,retak,val,deck,deck_7050,D/CD/7050-189.jpg,"[0, 0, 256, 256]",1.0,sdnet_tile,deck
retak/deck_7050-201.jpg,1,retak,val,deck,deck_7050,D/CD/7050-201.jpg,"[0, 0, 256, 256]",1.0,sdnet_tile,deck
retak/deck_7050-35.jpg,1,retak,val,deck,deck_7050,D/CD/7050-35.jpg,"[0, 0, 256, 256]",1.0,sdnet_tile,deck
retak/deck_7050-36.jpg,1,retak,val,deck,deck_7050,D/CD/7050-36.jpg,"[0, 0, 256, 256]",1.0,sdnet_tile,deck
retak/deck_7050-51.jpg,1,retak,val,deck,deck_7050,D/CD/7050-51.jpg,"[0, 0, 256, 256]",1.0,sdnet_tile,deck
retak/deck_7057-195.jpg,1,retak,val,deck,deck_7057,D/CD/7057-195.jpg,"[0, 0, 256, 256]",1.0,sdnet_tile,deck
retak/deck_7057-196.jpg,1,retak,val,deck,deck_7057,D/CD/7057-196.jpg,"[0, 0, 256, 256]",1.0,sdnet_tile,deck
retak/deck_7057-209.jpg,1,retak,val,deck,deck_7057,D/CD/7057-209.jpg,"[0, 0, 256, 256]",1.0,sdnet_tile,deck
retak/deck_7057-210.jpg,1,retak,val,deck,deck_7057,D/CD/7057-210.jpg,"[0, 0, 256, 256]",1.0,sdnet_tile,deck
retak/deck_7057-212.jpg,1,retak,val,deck,deck_7057,D/CD/7057-212.jpg,"[0, 0, 256, 256]",1.0,sdnet_tile,deck
retak/deck_7057-214.jpg,1,retak,val,deck,deck_7057,D/CD/7057-214.jpg,"[0, 0, 256, 256]",1.0,sdnet_tile,deck
retak/deck_7057-215.jpg,1,retak,val,deck,deck_7057,D/CD/7057-215.jpg,"[0, 0, 256, 256]",1.0,sdnet_tile,deck
retak/deck_7057-222.jpg,1,retak,val,deck,deck_7057,D/CD/7057-222.jpg,"[0, 0, 256, 256]",1.0,sdnet_tile,deck
retak/deck_7057-225.jpg,1,retak,val,deck,deck_7057,D/CD/7057-225.jpg,"[0, 0, 256, 256]",1.0,sdnet_tile,deck
