path,label,label_name,split,source_split,base_image,src_file,bbox,conf,origin,domain
hidup/hen_f0000_images-29-_jpg.rf.15459de5efaac1c7fdb17e452c73f540_00.jpg,0,hidup,train,train,hen_f0000,train/images-29-_jpg.rf.15459de5efaac1c7fdb17e452c73f540.jpg,"[234, 95, 626, 546]",1.0,hen_gt,hen_kandang
hidup/hen_f0002_images-30-_jpg.rf.48337000d79577a12d16e32db3d8f60c_00.jpg,0,hidup,train,train,hen_f0002,train/images-30-_jpg.rf.48337000d79577a12d16e32db3d8f60c.jpg,"[214, 257, 374, 585]",1.0,hen_gt,hen_kandang
hidup/hen_f0002_images-30-_jpg.rf.48337000d79577a12d16e32db3d8f60c_01.jpg,0,hidup,train,train,hen_f0002,train/images-30-_jpg.rf.48337000d79577a12d16e32db3d8f60c.jpg,"[112, 200, 222, 450]",1.0,hen_gt,hen_kandang
hidup/hen_f0002_images-30-_jpg.rf.48337000d79577a12d16e32db3d8f60c_02.jpg,0,hidup,train,train,hen_f0002,train/images-30-_jpg.rf.48337000d79577a12d16e32db3d8f60c.jpg,"[0, 192, 64, 516]",1.0,hen_gt,hen_kandang
hidup/hen_f0002_images-30-_jpg.rf.48337000d79577a12d16e32db3d8f60c_04.jpg,0,hidup,train,train,hen_f0002,train/images-30-_jpg.rf.48337000d79577a12d16e32db3d8f60c.jpg,"[279, 208, 376, 284]",1.0,hen_gt,hen_kandang
hidup/hen_f0003_IMG_20220513_170856_HHT_jpg.rf.6734bf441336073e4cef4e05760180bb_00.jpg,0,hidup,train,train,hen_f0003,train/IMG_20220513_170856_HHT_jpg.rf.6734bf441336073e4cef4e05760180bb.jpg,"[286, 230, 414, 356]",1.0,hen_gt,hen_kandang
hidup/hen_f0007_IMG_20220513_170906_HHT_jpg.rf.354ad9d91804027dd3cd8af95a4e36a8_00.jpg,0,hidup,train,train,hen_f0007,train/IMG_20220513_170906_HHT_jpg.rf.354ad9d91804027dd3cd8af95a4e36a8.jpg,"[185, 226, 373, 377]",1.0,hen_gt,hen_kandang
hidup/hen_f0008_Chickens_jpg.rf.09b940afd75f248d389a4d324dfb213e_00.jpg,0,hidup,train,train,hen_f0008,train/Chickens_jpg.rf.09b940afd75f248d389a4d324dfb213e.jpg,"[105, 56, 250, 378]",1.0,hen_gt,hen_kandang
hidup/hen_f0008_Chickens_jpg.rf.09b940afd75f248d389a4d324dfb213e_01.jpg,0,hidup,train,train,hen_f0008,train/Chickens_jpg.rf.09b940afd75f248d389a4d324dfb213e.jpg,"[457, 41, 607, 422]",1.0,hen_gt,hen_kandang
hidup/hen_f0008_Chickens_jpg.rf.09b940afd75f248d389a4d324dfb213e_02.jpg,0,hidup,train,train,hen_f0008,train/Chickens_jpg.rf.09b940afd75f248d389a4d324dfb213e.jpg,"[260, 174, 569, 607]",1.0,hen_gt,hen_kandang
hidup/hen_f0008_Chickens_jpg.rf.09b940afd75f248d389a4d324dfb213e_03.jpg,0,hidup,train,train,hen_f0008,train/Chickens_jpg.rf.09b940afd75f248d389a4d324dfb213e.jpg,"[0, 294, 155, 608]",1.0,hen_gt,hen_kandang
hidup/hen_f0009_images-32-_jpg.rf.4c2c8b33e2489e71d621e9229c9fa849_01.jpg,0,hidup,train,train,hen_f0009,train/images-32-_jpg.rf.4c2c8b33e2489e71d621e9229c9fa849.jpg,"[3, 264, 117, 595]",1.0,hen_gt,hen_kandang
hidup/hen_f0009_images-32-_jpg.rf.4c2c8b33e2489e71d621e9229c9fa849_05.jpg,0,hidup,train,train,hen_f0009,train/images-32-_jpg.rf.4c2c8b33e2489e71d621e9229c9fa849.jpg,"[538, 296, 640, 587]",1.0,hen_gt,hen_kandang
hidup/hen_f0009_images-32-_jpg.rf.4c2c8b33e2489e71d621e9229c9fa849_07.jpg,0,hidup,train,train,hen_f0009,train/images-32-_jpg.rf.4c2c8b33e2489e71d621e9229c9fa849.jpg,"[0, 98, 49, 264]",1.0,hen_gt,hen_kandang
hidup/hen_f0009_images-32-_jpg.rf.4c2c8b33e2489e71d621e9229c9fa849_08.jpg,0,hidup,train,train,hen_f0009,train/images-32-_jpg.rf.4c2c8b33e2489e71d621e9229c9fa849.jpg,"[69, 138, 133, 197]",1.0,hen_gt,hen_kandang
hidup/hen_f0015_images-11-_jpg.rf.32d6cc714a714c70031cce927a199a5a_00.jpg,0,hidup,train,valid,hen_f0015,valid/images-11-_jpg.rf.32d6cc714a714c70031cce927a199a5a.jpg,"[108, 150, 573, 582]",1.0,hen_gt,hen_kandang
hidup/hen_f0019_images-75-_jpg.rf.7243d4e7489d3d75db3a62265fed6e49_00.jpg,0,hidup,train,valid,hen_f0019,valid/images-75-_jpg.rf.7243d4e7489d3d75db3a62265fed6e49.jpg,"[161, 169, 522, 636]",1.0,hen_gt,hen_kandang
hidup/hen_f0019_images-75-_jpg.rf.7243d4e7489d3d75db3a62265fed6e49_01.jpg,0,hidup,train,valid,hen_f0019,valid/images-75-_jpg.rf.7243d4e7489d3d75db3a62265fed6e49.jpg,"[0, 74, 109, 300]",1.0,hen_gt,hen_kandang
hidup/hen_f0019_images-75-_jpg.rf.7243d4e7489d3d75db3a62265fed6e49_02.jpg,0,hidup,train,valid,hen_f0019,valid/images-75-_jpg.rf.7243d4e7489d3d75db3a62265fed6e49.jpg,"[299, 79, 502, 278]",1.0,hen_gt,hen_kandang
hidup/hen_f0021_IMG_20220513_171115_HHT_jpg.rf.36a8206b96fce8334342752a4f086270_00.jpg,0,hidup,train,train,hen_f0021,train/IMG_20220513_171115_HHT_jpg.rf.36a8206b96fce8334342752a4f086270.jpg,"[212, 202, 404, 377]",1.0,hen_gt,hen_kandang
hidup/hen_f0022_22410318-7794335-Dead_chickens_were_also_seen_in_the_barn_right_along_with_chicke-a-33_1576939265400_jpg.rf.1dd2ab91032d6a835b26d868519e6e76_00.jpg,0,hidup,train,train,hen_f0022,train/22410318-7794335-Dead_chickens_were_also_seen_in_the_barn_right_along_with_chicke-a-33_1576939265400_jpg.rf.1dd2ab91032d6a835b26d868519e6e76.jpg,"[119, 109, 318, 402]",1.0,hen_gt,hen_kandang
hidup/hen_f0024_images-67-_jpg.rf.111a50b04ffd18ecb92c5389d9f5b89c_010.jpg,0,hidup,train,train,hen_f0024,train/images-67-_jpg.rf.111a50b04ffd18ecb92c5389d9f5b89c.jpg,"[0, 369, 77, 553]",1.0,hen_gt,hen_kandang
hidup/hen_f0024_images-67-_jpg.rf.111a50b04ffd18ecb92c5389d9f5b89c_03.jpg,0,hidup,train,train,hen_f0024,train/images-67-_jpg.rf.111a50b04ffd18ecb92c5389d9f5b89c.jpg,"[397, 291, 485, 518]",1.0,hen_gt,hen_kandang
hidup/hen_f0024_images-67-_jpg.rf.111a50b04ffd18ecb92c5389d9f5b89c_04.jpg,0,hidup,train,train,hen_f0024,train/images-67-_jpg.rf.111a50b04ffd18ecb92c5389d9f5b89c.jpg,"[469, 274, 590, 394]",1.0,hen_gt,hen_kandang
hidup/hen_f0024_images-67-_jpg.rf.111a50b04ffd18ecb92c5389d9f5b89c_08.jpg,0,hidup,train,train,hen_f0024,train/images-67-_jpg.rf.111a50b04ffd18ecb92c5389d9f5b89c.jpg,"[188, 164, 286, 296]",1.0,hen_gt,hen_kandang
hidup/hen_f0025_images-65-_jpg.rf.4fb6ef8c8bc08421ac10f05e901e5b46_00.jpg,0,hidup,train,train,hen_f0025,train/images-65-_jpg.rf.4fb6ef8c8bc08421ac10f05e901e5b46.jpg,"[172, 158, 580, 466]",1.0,hen_gt,hen_kandang
hidup/hen_f0027_IMG_20220513_171008_HHT_jpg.rf.0af8bb8b5ec7bfb5324a9b7f25250163_00.jpg,0,hidup,train,train,hen_f0027,train/IMG_20220513_171008_HHT_jpg.rf.0af8bb8b5ec7bfb5324a9b7f25250163.jpg,"[260, 254, 367, 380]",1.0,hen_gt,hen_kandang
hidup/hen_f0028_IMG20220702135028_jpg.rf.37ac3d8303b90e7c2a02e27b4ec80eb3_00.jpg,0,hidup,train,train,hen_f0028,train/IMG20220702135028_jpg.rf.37ac3d8303b90e7c2a02e27b4ec80eb3.jpg,"[162, 131, 526, 512]",1.0,hen_gt,hen_kandang
hidup/hen_f0032_IMG_20220513_172155_HHT_jpg.rf.042341a521c10bbae65101538a07fda5_00.jpg,0,hidup,train,train,hen_f0032,train/IMG_20220513_172155_HHT_jpg.rf.042341a521c10bbae65101538a07fda5.jpg,"[183, 223, 410, 373]",1.0,hen_gt,hen_kandang
hidup/hen_f0035_poultry-broiler-housing-farm-business-poultry-broiler-farm-business-group-white-chickens-parent-stock-modern-housing-132851029_jpg.rf.24486374979191f98abe839d3c023c37_01.jpg,0,hidup,train,train,hen_f0035,train/poultry-broiler-housing-farm-business-poultry-broiler-farm-business-group-white-chickens-parent-stock-modern-housing-132851029_jpg.rf.24486374979191f98abe839d3c023c37.jpg,"[243, 395, 365, 571]",1.0,hen_gt,hen_kandang
hidup/hen_f0035_poultry-broiler-housing-farm-business-poultry-broiler-farm-business-group-white-chickens-parent-stock-modern-housing-132851029_jpg.rf.24486374979191f98abe839d3c023c37_014.jpg,0,hidup,train,train,hen_f0035,train/poultry-broiler-housing-farm-business-poultry-broiler-farm-business-group-white-chickens-parent-stock-modern-housing-132851029_jpg.rf.24486374979191f98abe839d3c023c37.jpg,"[206, 232, 256, 332]",1.0,hen_gt,hen_kandang
hidup/hen_f0035_poultry-broiler-housing-farm-business-poultry-broiler-farm-business-group-white-chickens-parent-stock-modern-housing-132851029_jpg.rf.24486374979191f98abe839d3c023c37_02.jpg,0,hidup,train,train,hen_f0035,train/poultry-broiler-housing-farm-business-poultry-broiler-farm-business-group-white-chickens-parent-stock-modern-housing-132851029_jpg.rf.24486374979191f98abe839d3c023c37.jpg,"[453, 400, 538, 583]",1.0,hen_gt,hen_kandang
hidup/hen_f0035_poultry-broiler-housing-farm-business-poultry-broiler-farm-business-group-white-chickens-parent-stock-modern-housing-132851029_jpg.rf.24486374979191f98abe839d3c023c37_09.jpg,0,hidup,train,train,hen_f0035,train/poultry-broiler-housing-farm-business-poultry-broiler-farm-business-group-white-chickens-parent-stock-modern-housing-132851029_jpg.rf.24486374979191f98abe839d3c023c37.jpg,"[189, 211, 221, 285]",1.0,hen_gt,hen_kandang
hidup/hen_f0039_IMG_20220513_170943_HHT_jpg.rf.002eae543e6908886d4a497309383a34_00.jpg,0,hidup,train,train,hen_f0039,train/IMG_20220513_170943_HHT_jpg.rf.002eae543e6908886d4a497309383a34.jpg,"[181, 211, 416, 347]",1.0,hen_gt,hen_kandang
hidup/hen_f0040_scene00941_png_jpg.rf.a3ca48a443fe3f8ecfeaddfe1ee483c1_00.jpg,0,hidup,train,train,hen_f0040,train/scene00941_png_jpg.rf.a3ca48a443fe3f8ecfeaddfe1ee483c1.jpg,"[173, 70, 268, 320]",1.0,hen_gt,hen_kandang
hidup/hen_f0042_product-500x500_jpeg_jpg.rf.c7774067163def4d99fc794f614e9252_012.jpg,0,hidup,train,train,hen_f0042,train/product-500x500_jpeg_jpg.rf.c7774067163def4d99fc794f614e9252.jpg,"[331, 180, 371, 232]",1.0,hen_gt,hen_kandang
hidup/hen_f0042_product-500x500_jpeg_jpg.rf.c7774067163def4d99fc794f614e9252_013.jpg,0,hidup,train,train,hen_f0042,train/product-500x500_jpeg_jpg.rf.c7774067163def4d99fc794f614e9252.jpg,"[42, 427, 154, 571]",1.0,hen_gt,hen_kandang
hidup/hen_f0042_product-500x500_jpeg_jpg.rf.c7774067163def4d99fc794f614e9252_020.jpg,0,hidup,train,train,hen_f0042,train/product-500x500_jpeg_jpg.rf.c7774067163def4d99fc794f614e9252.jpg,"[85, 151, 134, 198]",1.0,hen_gt,hen_kandang
hidup/hen_f0042_product-500x500_jpeg_jpg.rf.c7774067163def4d99fc794f614e9252_05.jpg,0,hidup,train,train,hen_f0042,train/product-500x500_jpeg_jpg.rf.c7774067163def4d99fc794f614e9252.jpg,"[98, 259, 168, 399]",1.0,hen_gt,hen_kandang
hidup/hen_f0043_images-77-_jpg.rf.67fb2551ab049516dc2fc69621671fa1_00.jpg,0,hidup,train,train,hen_f0043,train/images-77-_jpg.rf.67fb2551ab049516dc2fc69621671fa1.jpg,"[0, 447, 164, 629]",1.0,hen_gt,hen_kandang
hidup/hen_f0043_images-77-_jpg.rf.67fb2551ab049516dc2fc69621671fa1_01.jpg,0,hidup,train,train,hen_f0043,train/images-77-_jpg.rf.67fb2551ab049516dc2fc69621671fa1.jpg,"[198, 429, 378, 640]",1.0,hen_gt,hen_kandang
hidup/hen_f0043_images-77-_jpg.rf.67fb2551ab049516dc2fc69621671fa1_03.jpg,0,hidup,train,train,hen_f0043,train/images-77-_jpg.rf.67fb2551ab049516dc2fc69621671fa1.jpg,"[102, 179, 278, 310]",1.0,hen_gt,hen_kandang
hidup/hen_f0043_images-77-_jpg.rf.67fb2551ab049516dc2fc69621671fa1_06.jpg,0,hidup,train,train,hen_f0043,train/images-77-_jpg.rf.67fb2551ab049516dc2fc69621671fa1.jpg,"[45, 168, 132, 302]",1.0,hen_gt,hen_kandang
hidup/hen_f0045_IMG_20220513_172258_HHT_jpg.rf.96f64ddae87b22c1bcb48254f9d0aec0_00.jpg,0,hidup,train,train,hen_f0045,train/IMG_20220513_172258_HHT_jpg.rf.96f64ddae87b22c1bcb48254f9d0aec0.jpg,"[177, 244, 454, 404]",1.0,hen_gt,hen_kandang
hidup/hen_f0048_IMG_20220513_172256_HHT_jpg.rf.03c7c8170be640f313fe795d9ef20680_00.jpg,0,hidup,train,train,hen_f0048,train/IMG_20220513_172256_HHT_jpg.rf.03c7c8170be640f313fe795d9ef20680.jpg,"[229, 270, 472, 418]",1.0,hen_gt,hen_kandang
hidup/hen_f0051_IMG20220702135020_jpg.rf.0c43efa7da45548c616dc876de639a81_00.jpg,0,hidup,train,train,hen_f0051,train/IMG20220702135020_jpg.rf.0c43efa7da45548c616dc876de639a81.jpg,"[177, 186, 487, 496]",1.0,hen_gt,hen_kandang
hidup/hen_f0058_scene00701_png_jpg.rf.9554505739e5c60280a3a6e6a191840e_00.jpg,0,hidup,train,train,hen_f0058,train/scene00701_png_jpg.rf.9554505739e5c60280a3a6e6a191840e.jpg,"[35, 145, 107, 270]",1.0,hen_gt,hen_kandang
hidup/hen_f0058_scene00701_png_jpg.rf.9554505739e5c60280a3a6e6a191840e_01.jpg,0,hidup,train,train,hen_f0058,train/scene00701_png_jpg.rf.9554505739e5c60280a3a6e6a191840e.jpg,"[235, 136, 318, 320]",1.0,hen_gt,hen_kandang
hidup/hen_f0058_scene00701_png_jpg.rf.9554505739e5c60280a3a6e6a191840e_02.jpg,0,hidup,train,train,hen_f0058,train/scene00701_png_jpg.rf.9554505739e5c60280a3a6e6a191840e.jpg,"[221, 1, 300, 142]",1.0,hen_gt,hen_kandang
hidup/hen_f0058_scene00701_png_jpg.rf.9554505739e5c60280a3a6e6a191840e_03.jpg,0,hidup,train,train,hen_f0058,train/scene00701_png_jpg.rf.9554505739e5c60280a3a6e6a191840e.jpg,"[0, 118, 35, 250]",1.0,hen_gt,hen_kandang
hidup/hen_f0059_maxresdefault-3-_jpg.rf.145a975f21cea21986e3ba73ae1e8010_00.jpg,0,hidup,train,train,hen_f0059,train/maxresdefault-3-_jpg.rf.145a975f21cea21986e3ba73ae1e8010.jpg,"[372, 17, 596, 284]",1.0,hen_gt,hen_kandang
hidup/hen_f0059_maxresdefault-3-_jpg.rf.145a975f21cea21986e3ba73ae1e8010_01.jpg,0,hidup,train,train,hen_f0059,train/maxresdefault-3-_jpg.rf.145a975f21cea21986e3ba73ae1e8010.jpg,"[110, 164, 524, 607]",1.0,hen_gt,hen_kandang
hidup/hen_f0061_images-76-_jpg.rf.2e428e95d1e4fb94c53e0666029a68ad_00.jpg,0,hidup,train,train,hen_f0061,train/images-76-_jpg.rf.2e428e95d1e4fb94c53e0666029a68ad.jpg,"[2, 0, 232, 599]",1.0,hen_gt,hen_kandang
hidup/hen_f0061_images-76-_jpg.rf.2e428e95d1e4fb94c53e0666029a68ad_01.jpg,0,hidup,train,train,hen_f0061,train/images-76-_jpg.rf.2e428e95d1e4fb94c53e0666029a68ad.jpg,"[234, 243, 597, 615]",1.0,hen_gt,hen_kandang
hidup/hen_f0067_scene00541_png_jpg.rf.08289c3abf1d440213bf3b0a97f77a9c_00.jpg,0,hidup,train,train,hen_f0067,train/scene00541_png_jpg.rf.08289c3abf1d440213bf3b0a97f77a9c.jpg,"[185, 0, 250, 117]",1.0,hen_gt,hen_kandang
hidup/hen_f0069_scene00141_png_jpg.rf.35530e40ffca96f971911a5ae7522542_00.jpg,0,hidup,train,train,hen_f0069,train/scene00141_png_jpg.rf.35530e40ffca96f971911a5ae7522542.jpg,"[206, 7, 320, 254]",1.0,hen_gt,hen_kandang
hidup/hen_f0070_scene00201_png_jpg.rf.64187eaa39bffba8bee556ab80ea12e7_00.jpg,0,hidup,train,train,hen_f0070,train/scene00201_png_jpg.rf.64187eaa39bffba8bee556ab80ea12e7.jpg,"[197, 8, 310, 290]",1.0,hen_gt,hen_kandang
hidup/hen_f0077_scene00501_png_jpg.rf.05fdf285b745a22626506e966221aaaa_00.jpg,0,hidup,train,train,hen_f0077,train/scene00501_png_jpg.rf.05fdf285b745a22626506e966221aaaa.jpg,"[102, 78, 145, 152]",1.0,hen_gt,hen_kandang
hidup/hen_f0077_scene00501_png_jpg.rf.05fdf285b745a22626506e966221aaaa_01.jpg,0,hidup,train,train,hen_f0077,train/scene00501_png_jpg.rf.05fdf285b745a22626506e966221aaaa.jpg,"[97, 155, 127, 185]",1.0,hen_gt,hen_kandang
hidup/hen_f0077_scene00501_png_jpg.rf.05fdf285b745a22626506e966221aaaa_02.jpg,0,hidup,train,train,hen_f0077,train/scene00501_png_jpg.rf.05fdf285b745a22626506e966221aaaa.jpg,"[95, 253, 122, 320]",1.0,hen_gt,hen_kandang
hidup/hen_f0095_images-73-_jpg.rf.0c80883527b33a58d1d55ef71ac084a8_00.jpg,0,hidup,train,train,hen_f0095,train/images-73-_jpg.rf.0c80883527b33a58d1d55ef71ac084a8.jpg,"[85, 54, 548, 458]",1.0,hen_gt,hen_kandang
hidup/hen_f0099_IMG_20220513_172126_HHT_jpg.rf.487107ee812e49d4e6d899ed51f33e36_00.jpg,0,hidup,train,train,hen_f0099,train/IMG_20220513_172126_HHT_jpg.rf.487107ee812e49d4e6d899ed51f33e36.jpg,"[210, 291, 382, 375]",1.0,hen_gt,hen_kandang
hidup/hen_f0106_IMG_20220513_172132_HHT_jpg.rf.10edda64e88e5fbe953b03b96abdaaef_00.jpg,0,hidup,train,train,hen_f0106,train/IMG_20220513_172132_HHT_jpg.rf.10edda64e88e5fbe953b03b96abdaaef.jpg,"[122, 192, 518, 364]",1.0,hen_gt,hen_kandang
hidup/hen_f0108_scene00221_png_jpg.rf.4b0d012f2fb454b7bb1d06d0ccb88d60_00.jpg,0,hidup,train,train,hen_f0108,train/scene00221_png_jpg.rf.4b0d012f2fb454b7bb1d06d0ccb88d60.jpg,"[193, 33, 297, 282]",1.0,hen_gt,hen_kandang
hidup/hen_f0109_IMG_20220513_172130_HHT_jpg.rf.9cc2ad2d35fd77a33490f6e7a134c0da_00.jpg,0,hidup,train,train,hen_f0109,train/IMG_20220513_172130_HHT_jpg.rf.9cc2ad2d35fd77a33490f6e7a134c0da.jpg,"[216, 286, 376, 370]",1.0,hen_gt,hen_kandang
hidup/hen_f0123_IMG_20220513_172213_HHT_jpg.rf.d7e526795616f384c6b3014171bd4742_00.jpg,0,hidup,train,train,hen_f0123,train/IMG_20220513_172213_HHT_jpg.rf.d7e526795616f384c6b3014171bd4742.jpg,"[224, 214, 445, 367]",1.0,hen_gt,hen_kandang
hidup/hen_f0130_IMG_20220513_171000_HHT_jpg.rf.ca810e68967035568c102e12ad84587b_00.jpg,0,hidup,train,train,hen_f0130,train/IMG_20220513_171000_HHT_jpg.rf.ca810e68967035568c102e12ad84587b.jpg,"[217, 170, 426, 345]",1.0,hen_gt,hen_kandang
hidup/hen_f0135_scene01101_png_jpg.rf.7b867545883898f511215bace52f304b_00.jpg,0,hidup,train,train,hen_f0135,train/scene01101_png_jpg.rf.7b867545883898f511215bace52f304b.jpg,"[20, 173, 108, 258]",1.0,hen_gt,hen_kandang
hidup/hen_f0135_scene01101_png_jpg.rf.7b867545883898f511215bace52f304b_02.jpg,0,hidup,train,train,hen_f0135,train/scene01101_png_jpg.rf.7b867545883898f511215bace52f304b.jpg,"[90, 239, 144, 320]",1.0,hen_gt,hen_kandang
hidup/hen_f0135_scene01101_png_jpg.rf.7b867545883898f511215bace52f304b_05.jpg,0,hidup,train,train,hen_f0135,train/scene01101_png_jpg.rf.7b867545883898f511215bace52f304b.jpg,"[201, 25, 320, 157]",1.0,hen_gt,hen_kandang
hidup/hen_f0135_scene01101_png_jpg.rf.7b867545883898f511215bace52f304b_08.jpg,0,hidup,train,train,hen_f0135,train/scene01101_png_jpg.rf.7b867545883898f511215bace52f304b.jpg,"[0, 7, 51, 167]",1.0,hen_gt,hen_kandang
hidup/hen_f0137_2022-02-16-13_53_40-Greenshot_jpg.rf.0947b928def599ccd2587f3f09f9f796_00.jpg,0,hidup,train,train,hen_f0137,train/2022-02-16-13_53_40-Greenshot_jpg.rf.0947b928def599ccd2587f3f09f9f796.jpg,"[192, 26, 253, 102]",1.0,hen_gt,hen_kandang
hidup/hen_f0137_2022-02-16-13_53_40-Greenshot_jpg.rf.0947b928def599ccd2587f3f09f9f796_04.jpg,0,hidup,train,train,hen_f0137,train/2022-02-16-13_53_40-Greenshot_jpg.rf.0947b928def599ccd2587f3f09f9f796.jpg,"[94, 102, 160, 170]",1.0,hen_gt,hen_kandang
hidup/hen_f0137_2022-02-16-13_53_40-Greenshot_jpg.rf.0947b928def599ccd2587f3f09f9f796_05.jpg,0,hidup,train,train,hen_f0137,train/2022-02-16-13_53_40-Greenshot_jpg.rf.0947b928def599ccd2587f3f09f9f796.jpg,"[52, 136, 98, 212]",1.0,hen_gt,hen_kandang
hidup/hen_f0137_2022-02-16-13_53_40-Greenshot_jpg.rf.0947b928def599ccd2587f3f09f9f796_07.jpg,0,hidup,train,train,hen_f0137,train/2022-02-16-13_53_40-Greenshot_jpg.rf.0947b928def599ccd2587f3f09f9f796.jpg,"[181, 215, 267, 307]",1.0,hen_gt,hen_kandang
hidup/hen_f0141_IMG_20220513_172040_HHT_jpg.rf.11454f7a8e5ce24cfdfd607138362df1_00.jpg,0,hidup,train,train,hen_f0141,train/IMG_20220513_172040_HHT_jpg.rf.11454f7a8e5ce24cfdfd607138362df1.jpg,"[204, 252, 379, 348]",1.0,hen_gt,hen_kandang
hidup/hen_f0142_IMG_20220513_172216_HHT_jpg.rf.5e2d9f5f02ea52914a36fce008b0f7ea_00.jpg,0,hidup,train,train,hen_f0142,train/IMG_20220513_172216_HHT_jpg.rf.5e2d9f5f02ea52914a36fce008b0f7ea.jpg,"[224, 203, 440, 361]",1.0,hen_gt,hen_kandang
hidup/hen_f0143_IMG20220702135049_jpg.rf.3f701beb3a23698b38acf8c39fbee5b5_00.jpg,0,hidup,train,train,hen_f0143,train/IMG20220702135049_jpg.rf.3f701beb3a23698b38acf8c39fbee5b5.jpg,"[20, 166, 496, 608]",1.0,hen_gt,hen_kandang
hidup/hen_f0152_11a_jpg.rf.afe9429e0b543ddc9763fab907dc45e9_00.jpg,0,hidup,train,train,hen_f0152,train/11a_jpg.rf.afe9429e0b543ddc9763fab907dc45e9.jpg,"[0, 23, 314, 320]",1.0,hen_gt,hen_kandang
hidup/hen_f0152_11a_jpg.rf.afe9429e0b543ddc9763fab907dc45e9_01.jpg,0,hidup,train,train,hen_f0152,train/11a_jpg.rf.afe9429e0b543ddc9763fab907dc45e9.jpg,"[168, 25, 216, 81]",1.0,hen_gt,hen_kandang
hidup/hen_f0153_2022-02-16-13_55_26-Greenshot_jpg.rf.f68f2afaf9b0feb4ef7334c1cb70ac94_01.jpg,0,hidup,train,train,hen_f0153,train/2022-02-16-13_55_26-Greenshot_jpg.rf.f68f2afaf9b0feb4ef7334c1cb70ac94.jpg,"[121, 85, 154, 144]",1.0,hen_gt,hen_kandang
hidup/hen_f0153_2022-02-16-13_55_26-Greenshot_jpg.rf.f68f2afaf9b0feb4ef7334c1cb70ac94_04.jpg,0,hidup,train,train,hen_f0153,train/2022-02-16-13_55_26-Greenshot_jpg.rf.f68f2afaf9b0feb4ef7334c1cb70ac94.jpg,"[3, 204, 42, 280]",1.0,hen_gt,hen_kandang
hidup/hen_f0153_2022-02-16-13_55_26-Greenshot_jpg.rf.f68f2afaf9b0feb4ef7334c1cb70ac94_07.jpg,0,hidup,train,train,hen_f0153,train/2022-02-16-13_55_26-Greenshot_jpg.rf.f68f2afaf9b0feb4ef7334c1cb70ac94.jpg,"[252, 232, 280, 298]",1.0,hen_gt,hen_kandang
hidup/hen_f0153_2022-02-16-13_55_26-Greenshot_jpg.rf.f68f2afaf9b0feb4ef7334c1cb70ac94_08.jpg,0,hidup,train,train,hen_f0153,train/2022-02-16-13_55_26-Greenshot_jpg.rf.f68f2afaf9b0feb4ef7334c1cb70ac94.jpg,"[67, 257, 100, 320]",1.0,hen_gt,hen_kandang
hidup/hen_f0154_maxresdefault-1-_jpg.rf.369bc1bd32663ef3bd8d2afd286d2ca9_01.jpg,0,hidup,train,train,hen_f0154,train/maxresdefault-1-_jpg.rf.369bc1bd32663ef3bd8d2afd286d2ca9.jpg,"[122, 90, 217, 252]",1.0,hen_gt,hen_kandang
hidup/hen_f0154_maxresdefault-1-_jpg.rf.369bc1bd32663ef3bd8d2afd286d2ca9_010.jpg,0,hidup,train,train,hen_f0154,train/maxresdefault-1-_jpg.rf.369bc1bd32663ef3bd8d2afd286d2ca9.jpg,"[0, 178, 50, 302]",1.0,hen_gt,hen_kandang
hidup/hen_f0154_maxresdefault-1-_jpg.rf.369bc1bd32663ef3bd8d2afd286d2ca9_04.jpg,0,hidup,train,train,hen_f0154,train/maxresdefault-1-_jpg.rf.369bc1bd32663ef3bd8d2afd286d2ca9.jpg,"[255, 272, 449, 607]",1.0,hen_gt,hen_kandang
hidup/hen_f0154_maxresdefault-1-_jpg.rf.369bc1bd32663ef3bd8d2afd286d2ca9_08.jpg,0,hidup,train,train,hen_f0154,train/maxresdefault-1-_jpg.rf.369bc1bd32663ef3bd8d2afd286d2ca9.jpg,"[395, 132, 467, 270]",1.0,hen_gt,hen_kandang
hidup/hen_f0155_IMG_20220513_172231_HHT_jpg.rf.10958ff0cc2b130b7ab1b55b4665d11c_00.jpg,0,hidup,train,train,hen_f0155,train/IMG_20220513_172231_HHT_jpg.rf.10958ff0cc2b130b7ab1b55b4665d11c.jpg,"[225, 219, 449, 373]",1.0,hen_gt,hen_kandang
hidup/hen_f0156_1533098087717_jpg.rf.859e57027dab31c22e2f8dc0e674413b_00.jpg,0,hidup,train,train,hen_f0156,train/1533098087717_jpg.rf.859e57027dab31c22e2f8dc0e674413b.jpg,"[6, 19, 204, 480]",1.0,hen_gt,hen_kandang
hidup/hen_f0158_IMG_20220513_171014_HHT_jpg.rf.2714c4442c27e5191e61af3338c31218_00.jpg,0,hidup,train,train,hen_f0158,train/IMG_20220513_171014_HHT_jpg.rf.2714c4442c27e5191e61af3338c31218.jpg,"[274, 231, 430, 375]",1.0,hen_gt,hen_kandang
hidup/hen_f0163_IMG20220702135053_jpg.rf.e5e52e7f538c0d71ca5f9dd5d2f22e3c_00.jpg,0,hidup,train,train,hen_f0163,train/IMG20220702135053_jpg.rf.e5e52e7f538c0d71ca5f9dd5d2f22e3c.jpg,"[37, 173, 557, 607]",1.0,hen_gt,hen_kandang
hidup/hen_f0164_IMG_20220303_090317_jpg.rf.57a2d304320b674584722bc2dfe45850_02.jpg,0,hidup,train,train,hen_f0164,train/IMG_20220303_090317_jpg.rf.57a2d304320b674584722bc2dfe45850.jpg,"[30, 116, 76, 185]",1.0,hen_gt,hen_kandang
hidup/hen_f0164_IMG_20220303_090317_jpg.rf.57a2d304320b674584722bc2dfe45850_03.jpg,0,hidup,train,train,hen_f0164,train/IMG_20220303_090317_jpg.rf.57a2d304320b674584722bc2dfe45850.jpg,"[258, 147, 280, 165]",1.0,hen_gt,hen_kandang
hidup/hen_f0164_IMG_20220303_090317_jpg.rf.57a2d304320b674584722bc2dfe45850_04.jpg,0,hidup,train,train,hen_f0164,train/IMG_20220303_090317_jpg.rf.57a2d304320b674584722bc2dfe45850.jpg,"[292, 143, 320, 174]",1.0,hen_gt,hen_kandang
hidup/hen_f0164_IMG_20220303_090317_jpg.rf.57a2d304320b674584722bc2dfe45850_06.jpg,0,hidup,train,train,hen_f0164,train/IMG_20220303_090317_jpg.rf.57a2d304320b674584722bc2dfe45850.jpg,"[119, 98, 256, 305]",1.0,hen_gt,hen_kandang
hidup/hen_f0167_images-66-_jpg.rf.2c8ab21cd1cf567d851a66565ada6fde_00.jpg,0,hidup,train,train,hen_f0167,train/images-66-_jpg.rf.2c8ab21cd1cf567d851a66565ada6fde.jpg,"[2, 331, 68, 456]",1.0,hen_gt,hen_kandang
hidup/hen_f0167_images-66-_jpg.rf.2c8ab21cd1cf567d851a66565ada6fde_04.jpg,0,hidup,train,train,hen_f0167,train/images-66-_jpg.rf.2c8ab21cd1cf567d851a66565ada6fde.jpg,"[259, 373, 486, 574]",1.0,hen_gt,hen_kandang
hidup/hen_f0167_images-66-_jpg.rf.2c8ab21cd1cf567d851a66565ada6fde_06.jpg,0,hidup,train,train,hen_f0167,train/images-66-_jpg.rf.2c8ab21cd1cf567d851a66565ada6fde.jpg,"[370, 310, 442, 452]",1.0,hen_gt,hen_kandang
hidup/hen_f0167_images-66-_jpg.rf.2c8ab21cd1cf567d851a66565ada6fde_07.jpg,0,hidup,train,train,hen_f0167,train/images-66-_jpg.rf.2c8ab21cd1cf567d851a66565ada6fde.jpg,"[141, 247, 263, 338]",1.0,hen_gt,hen_kandang
hidup/hen_f0168_IMG_20220303_090352_jpg.rf.83edb577238a8fc687e2465671f51d9d_00.jpg,0,hidup,train,train,hen_f0168,train/IMG_20220303_090352_jpg.rf.83edb577238a8fc687e2465671f51d9d.jpg,"[188, 117, 202, 142]",1.0,hen_gt,hen_kandang
hidup/hen_f0168_IMG_20220303_090352_jpg.rf.83edb577238a8fc687e2465671f51d9d_01.jpg,0,hidup,train,train,hen_f0168,train/IMG_20220303_090352_jpg.rf.83edb577238a8fc687e2465671f51d9d.jpg,"[28, 118, 48, 150]",1.0,hen_gt,hen_kandang
hidup/hen_f0168_IMG_20220303_090352_jpg.rf.83edb577238a8fc687e2465671f51d9d_02.jpg,0,hidup,train,train,hen_f0168,train/IMG_20220303_090352_jpg.rf.83edb577238a8fc687e2465671f51d9d.jpg,"[50, 130, 67, 144]",1.0,hen_gt,hen_kandang
hidup/hen_f0168_IMG_20220303_090352_jpg.rf.83edb577238a8fc687e2465671f51d9d_03.jpg,0,hidup,train,train,hen_f0168,train/IMG_20220303_090352_jpg.rf.83edb577238a8fc687e2465671f51d9d.jpg,"[221, 136, 256, 160]",1.0,hen_gt,hen_kandang
hidup/hen_f0169_47_JPG_jpg.rf.810fa34b5062650621c1fd4b26c969c4_00.jpg,0,hidup,train,train,hen_f0169,train/47_JPG_jpg.rf.810fa34b5062650621c1fd4b26c969c4.jpg,"[110, 28, 170, 92]",1.0,hen_gt,hen_kandang
hidup/hen_f0169_47_JPG_jpg.rf.810fa34b5062650621c1fd4b26c969c4_01.jpg,0,hidup,train,train,hen_f0169,train/47_JPG_jpg.rf.810fa34b5062650621c1fd4b26c969c4.jpg,"[88, 28, 129, 99]",1.0,hen_gt,hen_kandang
hidup/hen_f0169_47_JPG_jpg.rf.810fa34b5062650621c1fd4b26c969c4_02.jpg,0,hidup,train,train,hen_f0169,train/47_JPG_jpg.rf.810fa34b5062650621c1fd4b26c969c4.jpg,"[167, 40, 204, 136]",1.0,hen_gt,hen_kandang
hidup/hen_f0169_47_JPG_jpg.rf.810fa34b5062650621c1fd4b26c969c4_03.jpg,0,hidup,train,train,hen_f0169,train/47_JPG_jpg.rf.810fa34b5062650621c1fd4b26c969c4.jpg,"[134, 91, 194, 162]",1.0,hen_gt,hen_kandang
hidup/hen_f0170_IMG20220702135110_jpg.rf.16c67975860fd9589da49fde10b92bed_00.jpg,0,hidup,train,train,hen_f0170,train/IMG20220702135110_jpg.rf.16c67975860fd9589da49fde10b92bed.jpg,"[83, 200, 413, 521]",1.0,hen_gt,hen_kandang
hidup/hen_f0175_44_JPG_jpg.rf.2708a4b268d108e06b248eea34d8b1e5_012.jpg,0,hidup,train,train,hen_f0175,train/44_JPG_jpg.rf.2708a4b268d108e06b248eea34d8b1e5.jpg,"[268, 222, 281, 240]",1.0,hen_gt,hen_kandang
hidup/hen_f0175_44_JPG_jpg.rf.2708a4b268d108e06b248eea34d8b1e5_02.jpg,0,hidup,train,train,hen_f0175,train/44_JPG_jpg.rf.2708a4b268d108e06b248eea34d8b1e5.jpg,"[48, 183, 62, 198]",1.0,hen_gt,hen_kandang
hidup/hen_f0175_44_JPG_jpg.rf.2708a4b268d108e06b248eea34d8b1e5_032.jpg,0,hidup,train,train,hen_f0175,train/44_JPG_jpg.rf.2708a4b268d108e06b248eea34d8b1e5.jpg,"[197, 273, 210, 316]",1.0,hen_gt,hen_kandang
hidup/hen_f0175_44_JPG_jpg.rf.2708a4b268d108e06b248eea34d8b1e5_037.jpg,0,hidup,train,train,hen_f0175,train/44_JPG_jpg.rf.2708a4b268d108e06b248eea34d8b1e5.jpg,"[121, 291, 150, 320]",1.0,hen_gt,hen_kandang
hidup/hen_f0182_IMG_20220513_171822_HHT_jpg.rf.ff5650909f7ac00d2d4bd00350276903_00.jpg,0,hidup,train,train,hen_f0182,train/IMG_20220513_171822_HHT_jpg.rf.ff5650909f7ac00d2d4bd00350276903.jpg,"[252, 240, 432, 346]",1.0,hen_gt,hen_kandang
hidup/hen_f0187_IMG_20220303_085242_jpg.rf.982681c54ee397ae029d350c826a8b9d_010.jpg,0,hidup,train,train,hen_f0187,train/IMG_20220303_085242_jpg.rf.982681c54ee397ae029d350c826a8b9d.jpg,"[58, 277, 111, 312]",1.0,hen_gt,hen_kandang
hidup/hen_f0187_IMG_20220303_085242_jpg.rf.982681c54ee397ae029d350c826a8b9d_011.jpg,0,hidup,train,train,hen_f0187,train/IMG_20220303_085242_jpg.rf.982681c54ee397ae029d350c826a8b9d.jpg,"[240, 273, 282, 320]",1.0,hen_gt,hen_kandang
hidup/hen_f0187_IMG_20220303_085242_jpg.rf.982681c54ee397ae029d350c826a8b9d_014.jpg,0,hidup,train,train,hen_f0187,train/IMG_20220303_085242_jpg.rf.982681c54ee397ae029d350c826a8b9d.jpg,"[299, 59, 320, 100]",1.0,hen_gt,hen_kandang
hidup/hen_f0187_IMG_20220303_085242_jpg.rf.982681c54ee397ae029d350c826a8b9d_015.jpg,0,hidup,train,train,hen_f0187,train/IMG_20220303_085242_jpg.rf.982681c54ee397ae029d350c826a8b9d.jpg,"[283, 71, 303, 108]",1.0,hen_gt,hen_kandang
hidup/hen_f0190_IMG_20220513_171718_HHT_jpg.rf.8169dc14550550d95f376121cca566a4_00.jpg,0,hidup,train,train,hen_f0190,train/IMG_20220513_171718_HHT_jpg.rf.8169dc14550550d95f376121cca566a4.jpg,"[210, 278, 401, 371]",1.0,hen_gt,hen_kandang
hidup/hen_f0197_IMG_20220303_085504_jpg.rf.d9539f78c1bbb238c9fe220b280ecfb7_00.jpg,0,hidup,train,train,hen_f0197,train/IMG_20220303_085504_jpg.rf.d9539f78c1bbb238c9fe220b280ecfb7.jpg,"[290, 111, 310, 162]",1.0,hen_gt,hen_kandang
hidup/hen_f0197_IMG_20220303_085504_jpg.rf.d9539f78c1bbb238c9fe220b280ecfb7_012.jpg,0,hidup,train,train,hen_f0197,train/IMG_20220303_085504_jpg.rf.d9539f78c1bbb238c9fe220b280ecfb7.jpg,"[269, 171, 320, 254]",1.0,hen_gt,hen_kandang
hidup/hen_f0197_IMG_20220303_085504_jpg.rf.d9539f78c1bbb238c9fe220b280ecfb7_02.jpg,0,hidup,train,train,hen_f0197,train/IMG_20220303_085504_jpg.rf.d9539f78c1bbb238c9fe220b280ecfb7.jpg,"[244, 136, 259, 155]",1.0,hen_gt,hen_kandang
hidup/hen_f0197_IMG_20220303_085504_jpg.rf.d9539f78c1bbb238c9fe220b280ecfb7_06.jpg,0,hidup,train,train,hen_f0197,train/IMG_20220303_085504_jpg.rf.d9539f78c1bbb238c9fe220b280ecfb7.jpg,"[127, 159, 150, 203]",1.0,hen_gt,hen_kandang
hidup/hen_f0204_IMG_20220513_171416_HHT_jpg.rf.c53e0e7db845d15eaa21238a370619ac_00.jpg,0,hidup,train,valid,hen_f0204,valid/IMG_20220513_171416_HHT_jpg.rf.c53e0e7db845d15eaa21238a370619ac.jpg,"[206, 239, 388, 371]",1.0,hen_gt,hen_kandang
hidup/hen_f0205_IMG_20220303_085401_jpg.rf.a5db811c106a9d9f5bb7a166089d7d91_02.jpg,0,hidup,train,train,hen_f0205,train/IMG_20220303_085401_jpg.rf.a5db811c106a9d9f5bb7a166089d7d91.jpg,"[214, 79, 320, 317]",1.0,hen_gt,hen_kandang
hidup/hen_f0205_IMG_20220303_085401_jpg.rf.a5db811c106a9d9f5bb7a166089d7d91_03.jpg,0,hidup,train,train,hen_f0205,train/IMG_20220303_085401_jpg.rf.a5db811c106a9d9f5bb7a166089d7d91.jpg,"[89, 22, 139, 79]",1.0,hen_gt,hen_kandang
hidup/hen_f0205_IMG_20220303_085401_jpg.rf.a5db811c106a9d9f5bb7a166089d7d91_04.jpg,0,hidup,train,train,hen_f0205,train/IMG_20220303_085401_jpg.rf.a5db811c106a9d9f5bb7a166089d7d91.jpg,"[62, 45, 90, 84]",1.0,hen_gt,hen_kandang
hidup/hen_f0205_IMG_20220303_085401_jpg.rf.a5db811c106a9d9f5bb7a166089d7d91_07.jpg,0,hidup,train,train,hen_f0205,train/IMG_20220303_085401_jpg.rf.a5db811c106a9d9f5bb7a166089d7d91.jpg,"[193, 36, 262, 125]",1.0,hen_gt,hen_kandang
hidup/hen_f0207_IMG_20220513_172240_HHT_jpg.rf.d3ad30a1c3916edb65aefd865874f3f8_00.jpg,0,hidup,train,train,hen_f0207,train/IMG_20220513_172240_HHT_jpg.rf.d3ad30a1c3916edb65aefd865874f3f8.jpg,"[197, 254, 442, 425]",1.0,hen_gt,hen_kandang
hidup/hen_f0214_IMG_20220513_172111_HHT_jpg.rf.9c09ebdff725d1ea9bfceac115b13794_00.jpg,0,hidup,train,train,hen_f0214,train/IMG_20220513_172111_HHT_jpg.rf.9c09ebdff725d1ea9bfceac115b13794.jpg,"[238, 231, 383, 324]",1.0,hen_gt,hen_kandang
hidup/hen_f0215_images-28-_jpg.rf.65969c7cfdee38710171cc08bf7957dc_00.jpg,0,hidup,train,train,hen_f0215,train/images-28-_jpg.rf.65969c7cfdee38710171cc08bf7957dc.jpg,"[90, 82, 514, 586]",1.0,hen_gt,hen_kandang
hidup/hen_f0216_8a_jpg.rf.c6036d8018d946722af037fdf7509bda_00.jpg,0,hidup,train,train,hen_f0216,train/8a_jpg.rf.c6036d8018d946722af037fdf7509bda.jpg,"[5, 0, 314, 318]",1.0,hen_gt,hen_kandang
hidup/hen_f0217_IMG_20220513_172203_HHT_jpg.rf.01fa700ff09e6ac9c550c2d3fa6ab6e9_00.jpg,0,hidup,train,train,hen_f0217,train/IMG_20220513_172203_HHT_jpg.rf.01fa700ff09e6ac9c550c2d3fa6ab6e9.jpg,"[187, 225, 406, 377]",1.0,hen_gt,hen_kandang
hidup/hen_f0219_Copy-of-brooder-pneumonia_jpg.rf.0b77b81015d59d89b02ed6966ae3eca3_00.jpg,0,hidup,train,train,hen_f0219,train/Copy-of-brooder-pneumonia_jpg.rf.0b77b81015d59d89b02ed6966ae3eca3.jpg,"[10, 9, 139, 294]",1.0,hen_gt,hen_kandang
hidup/hen_f0220_IMG_20220513_172219_HHT_jpg.rf.68be6967aecbe89cc49aecd1239e9d10_00.jpg,0,hidup,train,train,hen_f0220,train/IMG_20220513_172219_HHT_jpg.rf.68be6967aecbe89cc49aecd1239e9d10.jpg,"[212, 235, 408, 384]",1.0,hen_gt,hen_kandang
hidup/hen_f0253_IMG_20220513_172253_HHT_jpg.rf.3ad4a20f591fa1992a5a1138c9835314_00.jpg,0,hidup,train,train,hen_f0253,train/IMG_20220513_172253_HHT_jpg.rf.3ad4a20f591fa1992a5a1138c9835314.jpg,"[194, 232, 450, 399]",1.0,hen_gt,hen_kandang
hidup/hen_f0276_IMG_20220513_171345_HHT_jpg.rf.4aa6bf540d7595af8f43f0e7f0a72b39_00.jpg,0,hidup,train,train,hen_f0276,train/IMG_20220513_171345_HHT_jpg.rf.4aa6bf540d7595af8f43f0e7f0a72b39.jpg,"[208, 242, 388, 366]",1.0,hen_gt,hen_kandang
hidup/hen_f0278_001_438_IMG_gro401342-003-848x565_jpg.rf.650607cf26442af0c86de7db20efb58a_00.jpg,0,hidup,train,train,hen_f0278,train/001_438_IMG_gro401342-003-848x565_jpg.rf.650607cf26442af0c86de7db20efb58a.jpg,"[28, 6, 281, 220]",1.0,hen_gt,hen_kandang
hidup/hen_f0278_001_438_IMG_gro401342-003-848x565_jpg.rf.650607cf26442af0c86de7db20efb58a_01.jpg,0,hidup,train,train,hen_f0278,train/001_438_IMG_gro401342-003-848x565_jpg.rf.650607cf26442af0c86de7db20efb58a.jpg,"[189, 0, 318, 237]",1.0,hen_gt,hen_kandang
hidup/hen_f0278_001_438_IMG_gro401342-003-848x565_jpg.rf.650607cf26442af0c86de7db20efb58a_03.jpg,0,hidup,train,train,hen_f0278,train/001_438_IMG_gro401342-003-848x565_jpg.rf.650607cf26442af0c86de7db20efb58a.jpg,"[10, 165, 313, 457]",1.0,hen_gt,hen_kandang
hidup/hen_f0278_001_438_IMG_gro401342-003-848x565_jpg.rf.650607cf26442af0c86de7db20efb58a_04.jpg,0,hidup,train,train,hen_f0278,train/001_438_IMG_gro401342-003-848x565_jpg.rf.650607cf26442af0c86de7db20efb58a.jpg,"[192, 363, 555, 608]",1.0,hen_gt,hen_kandang
hidup/hen_f0280_broiler-farming-696x464_jpg.rf.83b10ccd68762787aeda9855da9f4426_00.jpg,0,hidup,train,train,hen_f0280,train/broiler-farming-696x464_jpg.rf.83b10ccd68762787aeda9855da9f4426.jpg,"[558, 89, 602, 225]",1.0,hen_gt,hen_kandang
hidup/hen_f0280_broiler-farming-696x464_jpg.rf.83b10ccd68762787aeda9855da9f4426_01.jpg,0,hidup,train,train,hen_f0280,train/broiler-farming-696x464_jpg.rf.83b10ccd68762787aeda9855da9f4426.jpg,"[484, 179, 570, 251]",1.0,hen_gt,hen_kandang
hidup/hen_f0280_broiler-farming-696x464_jpg.rf.83b10ccd68762787aeda9855da9f4426_03.jpg,0,hidup,train,train,hen_f0280,train/broiler-farming-696x464_jpg.rf.83b10ccd68762787aeda9855da9f4426.jpg,"[205, 346, 309, 524]",1.0,hen_gt,hen_kandang
hidup/hen_f0280_broiler-farming-696x464_jpg.rf.83b10ccd68762787aeda9855da9f4426_04.jpg,0,hidup,train,train,hen_f0280,train/broiler-farming-696x464_jpg.rf.83b10ccd68762787aeda9855da9f4426.jpg,"[315, 325, 417, 579]",1.0,hen_gt,hen_kandang
hidup/hen_f0283_001_644_boerderij-image-1408181-848x565_jpeg_jpg.rf.3aa67911613054296af6d15f5758045e_02.jpg,0,hidup,train,train,hen_f0283,train/001_644_boerderij-image-1408181-848x565_jpeg_jpg.rf.3aa67911613054296af6d15f5758045e.jpg,"[438, 144, 532, 310]",1.0,hen_gt,hen_kandang
hidup/hen_f0283_001_644_boerderij-image-1408181-848x565_jpeg_jpg.rf.3aa67911613054296af6d15f5758045e_05.jpg,0,hidup,train,train,hen_f0283,train/001_644_boerderij-image-1408181-848x565_jpeg_jpg.rf.3aa67911613054296af6d15f5758045e.jpg,"[440, 273, 576, 486]",1.0,hen_gt,hen_kandang
hidup/hen_f0283_001_644_boerderij-image-1408181-848x565_jpeg_jpg.rf.3aa67911613054296af6d15f5758045e_06.jpg,0,hidup,train,train,hen_f0283,train/001_644_boerderij-image-1408181-848x565_jpeg_jpg.rf.3aa67911613054296af6d15f5758045e.jpg,"[17, 303, 153, 481]",1.0,hen_gt,hen_kandang
hidup/hen_f0283_001_644_boerderij-image-1408181-848x565_jpeg_jpg.rf.3aa67911613054296af6d15f5758045e_08.jpg,0,hidup,train,train,hen_f0283,train/001_644_boerderij-image-1408181-848x565_jpeg_jpg.rf.3aa67911613054296af6d15f5758045e.jpg,"[138, 334, 248, 550]",1.0,hen_gt,hen_kandang
hidup/hen_f0284_images-93-_jpg.rf.7d49a2895f3b1d2e5a2752b3c9d4610a_00.jpg,0,hidup,train,train,hen_f0284,train/images-93-_jpg.rf.7d49a2895f3b1d2e5a2752b3c9d4610a.jpg,"[283, 64, 611, 640]",1.0,hen_gt,hen_kandang
hidup/hen_f0284_images-93-_jpg.rf.7d49a2895f3b1d2e5a2752b3c9d4610a_01.jpg,0,hidup,train,train,hen_f0284,train/images-93-_jpg.rf.7d49a2895f3b1d2e5a2752b3c9d4610a.jpg,"[108, 64, 306, 640]",1.0,hen_gt,hen_kandang
hidup/hen_f0284_images-93-_jpg.rf.7d49a2895f3b1d2e5a2752b3c9d4610a_02.jpg,0,hidup,train,train,hen_f0284,train/images-93-_jpg.rf.7d49a2895f3b1d2e5a2752b3c9d4610a.jpg,"[0, 112, 178, 325]",1.0,hen_gt,hen_kandang
hidup/hen_f0285_scene01201_png_jpg.rf.7652ecef7cc99766634f88f0db9178c6_014.jpg,0,hidup,train,train,hen_f0285,train/scene01201_png_jpg.rf.7652ecef7cc99766634f88f0db9178c6.jpg,"[8, 73, 38, 110]",1.0,hen_gt,hen_kandang
hidup/hen_f0285_scene01201_png_jpg.rf.7652ecef7cc99766634f88f0db9178c6_03.jpg,0,hidup,train,train,hen_f0285,train/scene01201_png_jpg.rf.7652ecef7cc99766634f88f0db9178c6.jpg,"[159, 249, 206, 320]",1.0,hen_gt,hen_kandang
hidup/hen_f0285_scene01201_png_jpg.rf.7652ecef7cc99766634f88f0db9178c6_05.jpg,0,hidup,train,train,hen_f0285,train/scene01201_png_jpg.rf.7652ecef7cc99766634f88f0db9178c6.jpg,"[227, 55, 302, 133]",1.0,hen_gt,hen_kandang
hidup/hen_f0285_scene01201_png_jpg.rf.7652ecef7cc99766634f88f0db9178c6_08.jpg,0,hidup,train,train,hen_f0285,train/scene01201_png_jpg.rf.7652ecef7cc99766634f88f0db9178c6.jpg,"[158, 242, 205, 320]",1.0,hen_gt,hen_kandang
hidup/hen_f0291_broiler-chicken-e1587748608891_jpg.rf.026085d20dd18b2bf447d90d83a89352_00.jpg,0,hidup,train,train,hen_f0291,train/broiler-chicken-e1587748608891_jpg.rf.026085d20dd18b2bf447d90d83a89352.jpg,"[172, 36, 578, 607]",1.0,hen_gt,hen_kandang
hidup/hen_f0291_broiler-chicken-e1587748608891_jpg.rf.026085d20dd18b2bf447d90d83a89352_01.jpg,0,hidup,train,train,hen_f0291,train/broiler-chicken-e1587748608891_jpg.rf.026085d20dd18b2bf447d90d83a89352.jpg,"[0, 214, 254, 602]",1.0,hen_gt,hen_kandang
hidup/hen_f0296_bwi-bs275964_jpg.rf.5212d5677923896ffba4c4eccd7fabb6_00.jpg,0,hidup,train,valid,hen_f0296,valid/bwi-bs275964_jpg.rf.5212d5677923896ffba4c4eccd7fabb6.jpg,"[510, 123, 607, 360]",1.0,hen_gt,hen_kandang
hidup/hen_f0296_bwi-bs275964_jpg.rf.5212d5677923896ffba4c4eccd7fabb6_01.jpg,0,hidup,train,valid,hen_f0296,valid/bwi-bs275964_jpg.rf.5212d5677923896ffba4c4eccd7fabb6.jpg,"[199, 2, 383, 160]",1.0,hen_gt,hen_kandang
hidup/hen_f0300_IMG20220702135346_jpg.rf.55fc146bcdba99f5b3a6792dad9f0bd6_00.jpg,0,hidup,train,valid,hen_f0300,valid/IMG20220702135346_jpg.rf.55fc146bcdba99f5b3a6792dad9f0bd6.jpg,"[216, 179, 533, 607]",1.0,hen_gt,hen_kandang
hidup/hen_f0303_images-97-_jpg.rf.40b2137c19688deb6bf5216f352b167a_00.jpg,0,hidup,train,valid,hen_f0303,valid/images-97-_jpg.rf.40b2137c19688deb6bf5216f352b167a.jpg,"[0, 287, 319, 544]",1.0,hen_gt,hen_kandang
hidup/hen_f0303_images-97-_jpg.rf.40b2137c19688deb6bf5216f352b167a_01.jpg,0,hidup,train,valid,hen_f0303,valid/images-97-_jpg.rf.40b2137c19688deb6bf5216f352b167a.jpg,"[238, 32, 474, 274]",1.0,hen_gt,hen_kandang
hidup/hen_f0303_images-97-_jpg.rf.40b2137c19688deb6bf5216f352b167a_02.jpg,0,hidup,train,valid,hen_f0303,valid/images-97-_jpg.rf.40b2137c19688deb6bf5216f352b167a.jpg,"[436, 136, 640, 640]",1.0,hen_gt,hen_kandang
hidup/hen_f0305_IMG_20220513_171323_HHT_jpg.rf.25676d595435ae84736ade19d78faa38_00.jpg,0,hidup,train,train,hen_f0305,train/IMG_20220513_171323_HHT_jpg.rf.25676d595435ae84736ade19d78faa38.jpg,"[238, 216, 410, 354]",1.0,hen_gt,hen_kandang
hidup/hen_f0306_IMG_20220513_171315_HHT_jpg.rf.3d3b727e4441f95dd09304711d14535c_00.jpg,0,hidup,train,train,hen_f0306,train/IMG_20220513_171315_HHT_jpg.rf.3d3b727e4441f95dd09304711d14535c.jpg,"[205, 230, 335, 366]",1.0,hen_gt,hen_kandang
hidup/hen_f0307_IMG_20220513_172149_HHT_jpg.rf.65fe3f7ad68a3e564b5a6dc569d48131_00.jpg,0,hidup,train,train,hen_f0307,train/IMG_20220513_172149_HHT_jpg.rf.65fe3f7ad68a3e564b5a6dc569d48131.jpg,"[244, 190, 458, 343]",1.0,hen_gt,hen_kandang
hidup/hen_f0310_images-3-_jpg.rf.2cdde9e0422c39e6a19acba114d18443_00.jpg,0,hidup,train,train,hen_f0310,train/images-3-_jpg.rf.2cdde9e0422c39e6a19acba114d18443.jpg,"[275, 203, 509, 436]",1.0,hen_gt,hen_kandang
hidup/hen_f0312_IMG_5797_JPG_jpg.rf.e386a184416f09e7eeef3340a9ed9354_00.jpg,0,hidup,train,train,hen_f0312,train/IMG_5797_JPG_jpg.rf.e386a184416f09e7eeef3340a9ed9354.jpg,"[9, 241, 295, 607]",1.0,hen_gt,hen_kandang
hidup/hen_f0312_IMG_5797_JPG_jpg.rf.e386a184416f09e7eeef3340a9ed9354_01.jpg,0,hidup,train,train,hen_f0312,train/IMG_5797_JPG_jpg.rf.e386a184416f09e7eeef3340a9ed9354.jpg,"[263, 244, 607, 607]",1.0,hen_gt,hen_kandang
hidup/hen_f0314_IMG_20220513_171241_HHT_jpg.rf.32d4d6b17cc61d7a495ce653690dc4fd_00.jpg,0,hidup,train,train,hen_f0314,train/IMG_20220513_171241_HHT_jpg.rf.32d4d6b17cc61d7a495ce653690dc4fd.jpg,"[191, 183, 412, 393]",1.0,hen_gt,hen_kandang
hidup/hen_f0319_IMG_20220513_171305_HHT_jpg.rf.60dcdaa86f5c95c4047586e0cccc448f_00.jpg,0,hidup,train,train,hen_f0319,train/IMG_20220513_171305_HHT_jpg.rf.60dcdaa86f5c95c4047586e0cccc448f.jpg,"[209, 176, 422, 344]",1.0,hen_gt,hen_kandang
hidup/hen_f0321_IMG_5832_PNG_jpg.rf.7d8a8e21632034a5c6ec07a90303f567_00.jpg,0,hidup,train,train,hen_f0321,train/IMG_5832_PNG_jpg.rf.7d8a8e21632034a5c6ec07a90303f567.jpg,"[208, 27, 389, 531]",1.0,hen_gt,hen_kandang
hidup/hen_f0331_IMG_20220513_171447_HHT_jpg.rf.16b857d7a180c868d0572d07eb66a6dc_00.jpg,0,hidup,train,train,hen_f0331,train/IMG_20220513_171447_HHT_jpg.rf.16b857d7a180c868d0572d07eb66a6dc.jpg,"[224, 231, 377, 386]",1.0,hen_gt,hen_kandang
hidup/hen_f0332_001_830_IMG_CopyofANP-28229630_jpg.rf.1536c5e0547db3d3b1dc9395c1e890f8_00.jpg,0,hidup,train,train,hen_f0332,train/001_830_IMG_CopyofANP-28229630_jpg.rf.1536c5e0547db3d3b1dc9395c1e890f8.jpg,"[417, 286, 541, 508]",1.0,hen_gt,hen_kandang
hidup/hen_f0332_001_830_IMG_CopyofANP-28229630_jpg.rf.1536c5e0547db3d3b1dc9395c1e890f8_01.jpg,0,hidup,train,train,hen_f0332,train/001_830_IMG_CopyofANP-28229630_jpg.rf.1536c5e0547db3d3b1dc9395c1e890f8.jpg,"[291, 340, 450, 584]",1.0,hen_gt,hen_kandang
hidup/hen_f0335_images-96-_jpg.rf.1cbe3ac75c2daddcc5509df5db6e0198_011.jpg,0,hidup,train,train,hen_f0335,train/images-96-_jpg.rf.1cbe3ac75c2daddcc5509df5db6e0198.jpg,"[106, 96, 210, 222]",1.0,hen_gt,hen_kandang
hidup/hen_f0335_images-96-_jpg.rf.1cbe3ac75c2daddcc5509df5db6e0198_04.jpg,0,hidup,train,train,hen_f0335,train/images-96-_jpg.rf.1cbe3ac75c2daddcc5509df5db6e0198.jpg,"[506, 221, 640, 578]",1.0,hen_gt,hen_kandang
hidup/hen_f0335_images-96-_jpg.rf.1cbe3ac75c2daddcc5509df5db6e0198_06.jpg,0,hidup,train,train,hen_f0335,train/images-96-_jpg.rf.1cbe3ac75c2daddcc5509df5db6e0198.jpg,"[480, 84, 606, 220]",1.0,hen_gt,hen_kandang
hidup/hen_f0335_images-96-_jpg.rf.1cbe3ac75c2daddcc5509df5db6e0198_07.jpg,0,hidup,train,train,hen_f0335,train/images-96-_jpg.rf.1cbe3ac75c2daddcc5509df5db6e0198.jpg,"[207, 106, 306, 288]",1.0,hen_gt,hen_kandang
hidup/hen_f0338_IMG_20220513_171302_HHT_jpg.rf.798e83715d9f15cb5db934ed6c1af20c_00.jpg,0,hidup,train,train,hen_f0338,train/IMG_20220513_171302_HHT_jpg.rf.798e83715d9f15cb5db934ed6c1af20c.jpg,"[238, 204, 452, 356]",1.0,hen_gt,hen_kandang
hidup/hen_f0339_maxresdefault-2-_jpg.rf.19924bdc8360e5f249076b331f09969a_00.jpg,0,hidup,train,train,hen_f0339,train/maxresdefault-2-_jpg.rf.19924bdc8360e5f249076b331f09969a.jpg,"[83, 166, 226, 561]",1.0,hen_gt,hen_kandang
hidup/hen_f0339_maxresdefault-2-_jpg.rf.19924bdc8360e5f249076b331f09969a_01.jpg,0,hidup,train,train,hen_f0339,train/maxresdefault-2-_jpg.rf.19924bdc8360e5f249076b331f09969a.jpg,"[285, 199, 488, 556]",1.0,hen_gt,hen_kandang
hidup/hen_f0340_images-18-_jpg.rf.884a9a54fb2bfcd70bc991feb53479a3_00.jpg,0,hidup,train,train,hen_f0340,train/images-18-_jpg.rf.884a9a54fb2bfcd70bc991feb53479a3.jpg,"[0, 335, 117, 555]",1.0,hen_gt,hen_kandang
hidup/hen_f0340_images-18-_jpg.rf.884a9a54fb2bfcd70bc991feb53479a3_01.jpg,0,hidup,train,train,hen_f0340,train/images-18-_jpg.rf.884a9a54fb2bfcd70bc991feb53479a3.jpg,"[102, 318, 237, 504]",1.0,hen_gt,hen_kandang
hidup/hen_f0340_images-18-_jpg.rf.884a9a54fb2bfcd70bc991feb53479a3_02.jpg,0,hidup,train,train,hen_f0340,train/images-18-_jpg.rf.884a9a54fb2bfcd70bc991feb53479a3.jpg,"[87, 230, 229, 340]",1.0,hen_gt,hen_kandang
hidup/hen_f0340_images-18-_jpg.rf.884a9a54fb2bfcd70bc991feb53479a3_03.jpg,0,hidup,train,train,hen_f0340,train/images-18-_jpg.rf.884a9a54fb2bfcd70bc991feb53479a3.jpg,"[470, 342, 640, 534]",1.0,hen_gt,hen_kandang
hidup/hen_f0341_IMG_5834_PNG_jpg.rf.0f222e6e4637c80b9e6d6520846e119a_00.jpg,0,hidup,train,train,hen_f0341,train/IMG_5834_PNG_jpg.rf.0f222e6e4637c80b9e6d6520846e119a.jpg,"[289, 171, 401, 605]",1.0,hen_gt,hen_kandang
hidup/hen_f0341_IMG_5834_PNG_jpg.rf.0f222e6e4637c80b9e6d6520846e119a_01.jpg,0,hidup,train,train,hen_f0341,train/IMG_5834_PNG_jpg.rf.0f222e6e4637c80b9e6d6520846e119a.jpg,"[98, 450, 221, 607]",1.0,hen_gt,hen_kandang
hidup/hen_f0344_002_148_IMG_2020Broilerclose-up-848x565_jpg.rf.290da725976a9a17181dfb28adafdb59_00.jpg,0,hidup,train,train,hen_f0344,train/002_148_IMG_2020Broilerclose-up-848x565_jpg.rf.290da725976a9a17181dfb28adafdb59.jpg,"[463, 167, 607, 584]",1.0,hen_gt,hen_kandang
hidup/hen_f0344_002_148_IMG_2020Broilerclose-up-848x565_jpg.rf.290da725976a9a17181dfb28adafdb59_01.jpg,0,hidup,train,train,hen_f0344,train/002_148_IMG_2020Broilerclose-up-848x565_jpg.rf.290da725976a9a17181dfb28adafdb59.jpg,"[237, 165, 397, 592]",1.0,hen_gt,hen_kandang
hidup/hen_f0344_002_148_IMG_2020Broilerclose-up-848x565_jpg.rf.290da725976a9a17181dfb28adafdb59_02.jpg,0,hidup,train,train,hen_f0344,train/002_148_IMG_2020Broilerclose-up-848x565_jpg.rf.290da725976a9a17181dfb28adafdb59.jpg,"[94, 197, 228, 572]",1.0,hen_gt,hen_kandang
hidup/hen_f0344_002_148_IMG_2020Broilerclose-up-848x565_jpg.rf.290da725976a9a17181dfb28adafdb59_03.jpg,0,hidup,train,train,hen_f0344,train/002_148_IMG_2020Broilerclose-up-848x565_jpg.rf.290da725976a9a17181dfb28adafdb59.jpg,"[0, 291, 94, 581]",1.0,hen_gt,hen_kandang
hidup/hen_f0345_IMG_20220513_171146_HHT_jpg.rf.10e22cff2de270589620f94ef329a864_00.jpg,0,hidup,train,train,hen_f0345,train/IMG_20220513_171146_HHT_jpg.rf.10e22cff2de270589620f94ef329a864.jpg,"[207, 260, 416, 397]",1.0,hen_gt,hen_kandang
hidup/hen_f0348_Poultry-Farming-in-Mexico4-1024x683_jpg.rf.7da8ffcdb197f0312b4099290addddc7_00.jpg,0,hidup,train,valid,hen_f0348,valid/Poultry-Farming-in-Mexico4-1024x683_jpg.rf.7da8ffcdb197f0312b4099290addddc7.jpg,"[206, 167, 434, 600]",1.0,hen_gt,hen_kandang
hidup/hen_f0352_broiler-chicken-500x500_png_jpg.rf.51513209aeb616424c1eaa2233baed1b_00.jpg,0,hidup,train,train,hen_f0352,train/broiler-chicken-500x500_png_jpg.rf.51513209aeb616424c1eaa2233baed1b.jpg,"[162, 302, 337, 607]",1.0,hen_gt,hen_kandang
hidup/hen_f0353_images-31-_jpg.rf.5f8427889995294566328bcb41ced248_00.jpg,0,hidup,train,valid,hen_f0353,valid/images-31-_jpg.rf.5f8427889995294566328bcb41ced248.jpg,"[140, 255, 520, 607]",1.0,hen_gt,hen_kandang
hidup/hen_f0357_broiler-farming_jpg.rf.1ee8ff9d4dcb78cd280748b896bc743c_00.jpg,0,hidup,train,train,hen_f0357,train/broiler-farming_jpg.rf.1ee8ff9d4dcb78cd280748b896bc743c.jpg,"[524, 288, 607, 415]",1.0,hen_gt,hen_kandang
hidup/hen_f0357_broiler-farming_jpg.rf.1ee8ff9d4dcb78cd280748b896bc743c_01.jpg,0,hidup,train,train,hen_f0357,train/broiler-farming_jpg.rf.1ee8ff9d4dcb78cd280748b896bc743c.jpg,"[58, 317, 190, 457]",1.0,hen_gt,hen_kandang
hidup/hen_f0357_broiler-farming_jpg.rf.1ee8ff9d4dcb78cd280748b896bc743c_02.jpg,0,hidup,train,train,hen_f0357,train/broiler-farming_jpg.rf.1ee8ff9d4dcb78cd280748b896bc743c.jpg,"[231, 364, 400, 547]",1.0,hen_gt,hen_kandang
hidup/hen_f0357_broiler-farming_jpg.rf.1ee8ff9d4dcb78cd280748b896bc743c_03.jpg,0,hidup,train,train,hen_f0357,train/broiler-farming_jpg.rf.1ee8ff9d4dcb78cd280748b896bc743c.jpg,"[0, 416, 207, 577]",1.0,hen_gt,hen_kandang
hidup/hen_f0358_images-91-_jpg.rf.011e0bd89bb077e2f2aaf832b289265c_01.jpg,0,hidup,train,train,hen_f0358,train/images-91-_jpg.rf.011e0bd89bb077e2f2aaf832b289265c.jpg,"[119, 309, 318, 632]",1.0,hen_gt,hen_kandang
hidup/hen_f0358_images-91-_jpg.rf.011e0bd89bb077e2f2aaf832b289265c_02.jpg,0,hidup,train,train,hen_f0358,train/images-91-_jpg.rf.011e0bd89bb077e2f2aaf832b289265c.jpg,"[0, 494, 156, 640]",1.0,hen_gt,hen_kandang
hidup/hen_f0358_images-91-_jpg.rf.011e0bd89bb077e2f2aaf832b289265c_03.jpg,0,hidup,train,train,hen_f0358,train/images-91-_jpg.rf.011e0bd89bb077e2f2aaf832b289265c.jpg,"[435, 284, 624, 640]",1.0,hen_gt,hen_kandang
hidup/hen_f0358_images-91-_jpg.rf.011e0bd89bb077e2f2aaf832b289265c_04.jpg,0,hidup,train,train,hen_f0358,train/images-91-_jpg.rf.011e0bd89bb077e2f2aaf832b289265c.jpg,"[75, 127, 246, 300]",1.0,hen_gt,hen_kandang
hidup/hen_f0359_fast-growing-chicken-best-food-facts_jpg.rf.4446b8406b8bd71bd13f5bcc1e859301_00.jpg,0,hidup,train,train,hen_f0359,train/fast-growing-chicken-best-food-facts_jpg.rf.4446b8406b8bd71bd13f5bcc1e859301.jpg,"[204, 129, 386, 550]",1.0,hen_gt,hen_kandang
hidup/hen_f0359_fast-growing-chicken-best-food-facts_jpg.rf.4446b8406b8bd71bd13f5bcc1e859301_01.jpg,0,hidup,train,train,hen_f0359,train/fast-growing-chicken-best-food-facts_jpg.rf.4446b8406b8bd71bd13f5bcc1e859301.jpg,"[386, 145, 579, 548]",1.0,hen_gt,hen_kandang
hidup/hen_f0359_fast-growing-chicken-best-food-facts_jpg.rf.4446b8406b8bd71bd13f5bcc1e859301_02.jpg,0,hidup,train,train,hen_f0359,train/fast-growing-chicken-best-food-facts_jpg.rf.4446b8406b8bd71bd13f5bcc1e859301.jpg,"[56, 114, 197, 607]",1.0,hen_gt,hen_kandang
hidup/hen_f0366_IMG20220702135437_jpg.rf.dc42419ea4dcae8407731a589f087059_00.jpg,0,hidup,train,test,hen_f0366,test/IMG20220702135437_jpg.rf.dc42419ea4dcae8407731a589f087059.jpg,"[107, 186, 520, 607]",1.0,hen_gt,hen_kandang
hidup/hen_f0367_download-3-_jpg.rf.5e0a89b636de3e7836c58874f3e427f0_00.jpg,0,hidup,train,train,hen_f0367,train/download-3-_jpg.rf.5e0a89b636de3e7836c58874f3e427f0.jpg,"[0, 0, 211, 506]",1.0,hen_gt,hen_kandang
hidup/hen_f0368__1_1425802020_jpg.rf.1b125fffd17eec1316ccc1f5d664defa_012.jpg,0,hidup,train,valid,hen_f0368,valid/_1_1425802020_jpg.rf.1b125fffd17eec1316ccc1f5d664defa.jpg,"[104, 310, 158, 372]",1.0,hen_gt,hen_kandang
hidup/hen_f0368__1_1425802020_jpg.rf.1b125fffd17eec1316ccc1f5d664defa_03.jpg,0,hidup,train,valid,hen_f0368,valid/_1_1425802020_jpg.rf.1b125fffd17eec1316ccc1f5d664defa.jpg,"[544, 167, 580, 219]",1.0,hen_gt,hen_kandang
hidup/hen_f0368__1_1425802020_jpg.rf.1b125fffd17eec1316ccc1f5d664defa_07.jpg,0,hidup,train,valid,hen_f0368,valid/_1_1425802020_jpg.rf.1b125fffd17eec1316ccc1f5d664defa.jpg,"[415, 206, 450, 267]",1.0,hen_gt,hen_kandang
hidup/hen_f0368__1_1425802020_jpg.rf.1b125fffd17eec1316ccc1f5d664defa_09.jpg,0,hidup,train,valid,hen_f0368,valid/_1_1425802020_jpg.rf.1b125fffd17eec1316ccc1f5d664defa.jpg,"[519, 250, 571, 316]",1.0,hen_gt,hen_kandang
hidup/hen_f0370_IMG_20220513_171335_HHT_jpg.rf.10e26c5cab43a83afa47d4c86ec16492_00.jpg,0,hidup,train,train,hen_f0370,train/IMG_20220513_171335_HHT_jpg.rf.10e26c5cab43a83afa47d4c86ec16492.jpg,"[234, 205, 422, 363]",1.0,hen_gt,hen_kandang
hidup/hen_f0371_IMG_20220513_171258_HHT_jpg.rf.492592bb29404088e8d659e8bb8b2c06_00.jpg,0,hidup,train,train,hen_f0371,train/IMG_20220513_171258_HHT_jpg.rf.492592bb29404088e8d659e8bb8b2c06.jpg,"[198, 207, 454, 392]",1.0,hen_gt,hen_kandang
hidup/hen_f0376_IMG_20220513_171254_HHT_jpg.rf.7f1f3829bfc9ccb1faf6d6b9dc7e8109_00.jpg,0,hidup,train,train,hen_f0376,train/IMG_20220513_171254_HHT_jpg.rf.7f1f3829bfc9ccb1faf6d6b9dc7e8109.jpg,"[234, 220, 454, 374]",1.0,hen_gt,hen_kandang
hidup/hen_f0377_images-90-_jpg.rf.22505305bab1bfd48b5eb26e87f46443_00.jpg,0,hidup,train,train,hen_f0377,train/images-90-_jpg.rf.22505305bab1bfd48b5eb26e87f46443.jpg,"[148, 119, 328, 604]",1.0,hen_gt,hen_kandang
hidup/hen_f0377_images-90-_jpg.rf.22505305bab1bfd48b5eb26e87f46443_01.jpg,0,hidup,train,train,hen_f0377,train/images-90-_jpg.rf.22505305bab1bfd48b5eb26e87f46443.jpg,"[302, 81, 416, 544]",1.0,hen_gt,hen_kandang
hidup/hen_f0377_images-90-_jpg.rf.22505305bab1bfd48b5eb26e87f46443_02.jpg,0,hidup,train,train,hen_f0377,train/images-90-_jpg.rf.22505305bab1bfd48b5eb26e87f46443.jpg,"[396, 172, 464, 350]",1.0,hen_gt,hen_kandang
hidup/hen_f0378_images-99-_jpg.rf.56e467e3eee5076acacb18be85d0a49a_00.jpg,0,hidup,train,train,hen_f0378,train/images-99-_jpg.rf.56e467e3eee5076acacb18be85d0a49a.jpg,"[142, 483, 294, 616]",1.0,hen_gt,hen_kandang
hidup/hen_f0378_images-99-_jpg.rf.56e467e3eee5076acacb18be85d0a49a_01.jpg,0,hidup,train,train,hen_f0378,train/images-99-_jpg.rf.56e467e3eee5076acacb18be85d0a49a.jpg,"[274, 429, 402, 600]",1.0,hen_gt,hen_kandang
hidup/hen_f0378_images-99-_jpg.rf.56e467e3eee5076acacb18be85d0a49a_03.jpg,0,hidup,train,train,hen_f0378,train/images-99-_jpg.rf.56e467e3eee5076acacb18be85d0a49a.jpg,"[101, 344, 176, 441]",1.0,hen_gt,hen_kandang
hidup/hen_f0378_images-99-_jpg.rf.56e467e3eee5076acacb18be85d0a49a_05.jpg,0,hidup,train,train,hen_f0378,train/images-99-_jpg.rf.56e467e3eee5076acacb18be85d0a49a.jpg,"[389, 425, 477, 568]",1.0,hen_gt,hen_kandang
hidup/hen_f0382_IMG20220702135442_jpg.rf.3e2383f4b004117f87fea2a940e9d86a_00.jpg,0,hidup,train,valid,hen_f0382,valid/IMG20220702135442_jpg.rf.3e2383f4b004117f87fea2a940e9d86a.jpg,"[232, 161, 444, 608]",1.0,hen_gt,hen_kandang
hidup/hen_f0383_IMG_5807_PNG_jpg.rf.3462a9b3088e97f399a0e73fd5b33a9f_00.jpg,0,hidup,train,valid,hen_f0383,valid/IMG_5807_PNG_jpg.rf.3462a9b3088e97f399a0e73fd5b33a9f.jpg,"[455, 151, 549, 283]",1.0,hen_gt,hen_kandang
hidup/hen_f0383_IMG_5807_PNG_jpg.rf.3462a9b3088e97f399a0e73fd5b33a9f_01.jpg,0,hidup,train,valid,hen_f0383,valid/IMG_5807_PNG_jpg.rf.3462a9b3088e97f399a0e73fd5b33a9f.jpg,"[145, 179, 260, 469]",1.0,hen_gt,hen_kandang
hidup/hen_f0383_IMG_5807_PNG_jpg.rf.3462a9b3088e97f399a0e73fd5b33a9f_02.jpg,0,hidup,train,valid,hen_f0383,valid/IMG_5807_PNG_jpg.rf.3462a9b3088e97f399a0e73fd5b33a9f.jpg,"[251, 292, 400, 607]",1.0,hen_gt,hen_kandang
hidup/hen_f0387_IMG_20220303_085459_jpg.rf.c0ed0725de56a433ced5e6b526db1993_012.jpg,0,hidup,train,train,hen_f0387,train/IMG_20220303_085459_jpg.rf.c0ed0725de56a433ced5e6b526db1993.jpg,"[98, 153, 146, 266]",1.0,hen_gt,hen_kandang
hidup/hen_f0387_IMG_20220303_085459_jpg.rf.c0ed0725de56a433ced5e6b526db1993_02.jpg,0,hidup,train,train,hen_f0387,train/IMG_20220303_085459_jpg.rf.c0ed0725de56a433ced5e6b526db1993.jpg,"[256, 119, 304, 182]",1.0,hen_gt,hen_kandang
hidup/hen_f0387_IMG_20220303_085459_jpg.rf.c0ed0725de56a433ced5e6b526db1993_04.jpg,0,hidup,train,train,hen_f0387,train/IMG_20220303_085459_jpg.rf.c0ed0725de56a433ced5e6b526db1993.jpg,"[225, 122, 244, 188]",1.0,hen_gt,hen_kandang
hidup/hen_f0387_IMG_20220303_085459_jpg.rf.c0ed0725de56a433ced5e6b526db1993_08.jpg,0,hidup,train,train,hen_f0387,train/IMG_20220303_085459_jpg.rf.c0ed0725de56a433ced5e6b526db1993.jpg,"[164, 130, 208, 206]",1.0,hen_gt,hen_kandang
hidup/hen_f0389_images-34-_jpg.rf.b56708a04a449525b7dbbf4e21abc30f_00.jpg,0,hidup,train,train,hen_f0389,train/images-34-_jpg.rf.b56708a04a449525b7dbbf4e21abc30f.jpg,"[175, 153, 622, 640]",1.0,hen_gt,hen_kandang
hidup/hen_f0390_IMG_20220513_171849_HHT_jpg.rf.f9118789020a810293f595fc8a525f63_00.jpg,0,hidup,train,train,hen_f0390,train/IMG_20220513_171849_HHT_jpg.rf.f9118789020a810293f595fc8a525f63.jpg,"[228, 217, 376, 305]",1.0,hen_gt,hen_kandang
hidup/hen_f0391_telechargement-1-_jpg.rf.1608dcb3c6cad2c017bceeda92d0fe7e_00.jpg,0,hidup,train,valid,hen_f0391,valid/telechargement-1-_jpg.rf.1608dcb3c6cad2c017bceeda92d0fe7e.jpg,"[9, 83, 234, 394]",1.0,hen_gt,hen_kandang
hidup/hen_f0391_telechargement-1-_jpg.rf.1608dcb3c6cad2c017bceeda92d0fe7e_01.jpg,0,hidup,train,valid,hen_f0391,valid/telechargement-1-_jpg.rf.1608dcb3c6cad2c017bceeda92d0fe7e.jpg,"[402, 0, 619, 192]",1.0,hen_gt,hen_kandang
hidup/hen_f0399_free-range-broiler-chickens_Kishyru_Shutterstock_jpg.rf.589009761bf997a177d680598160f588_01.jpg,0,hidup,train,train,hen_f0399,train/free-range-broiler-chickens_Kishyru_Shutterstock_jpg.rf.589009761bf997a177d680598160f588.jpg,"[26, 110, 190, 394]",1.0,hen_gt,hen_kandang
hidup/hen_f0399_free-range-broiler-chickens_Kishyru_Shutterstock_jpg.rf.589009761bf997a177d680598160f588_02.jpg,0,hidup,train,train,hen_f0399,train/free-range-broiler-chickens_Kishyru_Shutterstock_jpg.rf.589009761bf997a177d680598160f588.jpg,"[521, 60, 607, 444]",1.0,hen_gt,hen_kandang
hidup/hen_f0399_free-range-broiler-chickens_Kishyru_Shutterstock_jpg.rf.589009761bf997a177d680598160f588_03.jpg,0,hidup,train,train,hen_f0399,train/free-range-broiler-chickens_Kishyru_Shutterstock_jpg.rf.589009761bf997a177d680598160f588.jpg,"[422, 84, 540, 540]",1.0,hen_gt,hen_kandang
hidup/hen_f0399_free-range-broiler-chickens_Kishyru_Shutterstock_jpg.rf.589009761bf997a177d680598160f588_04.jpg,0,hidup,train,train,hen_f0399,train/free-range-broiler-chickens_Kishyru_Shutterstock_jpg.rf.589009761bf997a177d680598160f588.jpg,"[253, 112, 448, 576]",1.0,hen_gt,hen_kandang
hidup/hen_f0402_scene00921_png_jpg.rf.7556b97e45a4128672b6de055f2e3e79_00.jpg,0,hidup,train,train,hen_f0402,train/scene00921_png_jpg.rf.7556b97e45a4128672b6de055f2e3e79.jpg,"[168, 48, 261, 317]",1.0,hen_gt,hen_kandang
hidup/hen_f0405_dreamstime_xxl_104043372_jpg.rf.5d604a30c3eca88ed48066d59fd21da1_00.jpg,0,hidup,train,train,hen_f0405,train/dreamstime_xxl_104043372_jpg.rf.5d604a30c3eca88ed48066d59fd21da1.jpg,"[94, 73, 410, 607]",1.0,hen_gt,hen_kandang
hidup/hen_f0405_dreamstime_xxl_104043372_jpg.rf.5d604a30c3eca88ed48066d59fd21da1_01.jpg,0,hidup,train,train,hen_f0405,train/dreamstime_xxl_104043372_jpg.rf.5d604a30c3eca88ed48066d59fd21da1.jpg,"[295, 205, 516, 537]",1.0,hen_gt,hen_kandang
hidup/hen_f0406_IMG_20220513_171435_HHT_jpg.rf.2516620cbd9c6a41405ee9e41e504564_00.jpg,0,hidup,train,train,hen_f0406,train/IMG_20220513_171435_HHT_jpg.rf.2516620cbd9c6a41405ee9e41e504564.jpg,"[187, 211, 373, 351]",1.0,hen_gt,hen_kandang
hidup/hen_f0408_LandingPage_StandardBlock_370x230_Issue_MeatChickens_jpg.rf.554e6270280cd401a40edf1df640db46_00.jpg,0,hidup,train,valid,hen_f0408,valid/LandingPage_StandardBlock_370x230_Issue_MeatChickens_jpg.rf.554e6270280cd401a40edf1df640db46.jpg,"[341, 247, 607, 607]",1.0,hen_gt,hen_kandang
hidup/hen_f0408_LandingPage_StandardBlock_370x230_Issue_MeatChickens_jpg.rf.554e6270280cd401a40edf1df640db46_01.jpg,0,hidup,train,valid,hen_f0408,valid/LandingPage_StandardBlock_370x230_Issue_MeatChickens_jpg.rf.554e6270280cd401a40edf1df640db46.jpg,"[142, 262, 458, 607]",1.0,hen_gt,hen_kandang
hidup/hen_f0408_LandingPage_StandardBlock_370x230_Issue_MeatChickens_jpg.rf.554e6270280cd401a40edf1df640db46_02.jpg,0,hidup,train,valid,hen_f0408,valid/LandingPage_StandardBlock_370x230_Issue_MeatChickens_jpg.rf.554e6270280cd401a40edf1df640db46.jpg,"[89, 28, 328, 395]",1.0,hen_gt,hen_kandang
hidup/hen_f0409_IMG_5836_PNG_jpg.rf.07b470f05c13da0eb7ded3253c0a0117_00.jpg,0,hidup,train,train,hen_f0409,train/IMG_5836_PNG_jpg.rf.07b470f05c13da0eb7ded3253c0a0117.jpg,"[199, 209, 343, 607]",1.0,hen_gt,hen_kandang
hidup/hen_f0409_IMG_5836_PNG_jpg.rf.07b470f05c13da0eb7ded3253c0a0117_01.jpg,0,hidup,train,train,hen_f0409,train/IMG_5836_PNG_jpg.rf.07b470f05c13da0eb7ded3253c0a0117.jpg,"[332, 28, 435, 607]",1.0,hen_gt,hen_kandang
hidup/hen_f0412_IMG20220702135441_jpg.rf.850506f1a2d6293022043449df560739_00.jpg,0,hidup,train,train,hen_f0412,train/IMG20220702135441_jpg.rf.850506f1a2d6293022043449df560739.jpg,"[306, 163, 505, 608]",1.0,hen_gt,hen_kandang
hidup/hen_f0421_IMG_20220513_171438_HHT_jpg.rf.88c27acfff8fa4fce1b9b795d525f474_00.jpg,0,hidup,train,test,hen_f0421,test/IMG_20220513_171438_HHT_jpg.rf.88c27acfff8fa4fce1b9b795d525f474.jpg,"[208, 236, 386, 386]",1.0,hen_gt,hen_kandang
hidup/hen_f0422_telechargement-4-_jpg.rf.0d7d69ff97edf6dcccda589395d9b5c8_00.jpg,0,hidup,train,train,hen_f0422,train/telechargement-4-_jpg.rf.0d7d69ff97edf6dcccda589395d9b5c8.jpg,"[327, 155, 540, 358]",1.0,hen_gt,hen_kandang
hidup/hen_f0422_telechargement-4-_jpg.rf.0d7d69ff97edf6dcccda589395d9b5c8_01.jpg,0,hidup,train,train,hen_f0422,train/telechargement-4-_jpg.rf.0d7d69ff97edf6dcccda589395d9b5c8.jpg,"[488, 70, 640, 293]",1.0,hen_gt,hen_kandang
hidup/hen_f0433_images-13-_jpg.rf.2a2ff12a7fbc5a7b00e791e6869a3ae6_00.jpg,0,hidup,train,train,hen_f0433,train/images-13-_jpg.rf.2a2ff12a7fbc5a7b00e791e6869a3ae6.jpg,"[208, 193, 598, 488]",1.0,hen_gt,hen_kandang
hidup/hen_f0433_images-13-_jpg.rf.2a2ff12a7fbc5a7b00e791e6869a3ae6_01.jpg,0,hidup,train,train,hen_f0433,train/images-13-_jpg.rf.2a2ff12a7fbc5a7b00e791e6869a3ae6.jpg,"[120, 193, 220, 358]",1.0,hen_gt,hen_kandang
hidup/hen_f0434_telechargement-14-_jpg.rf.588e5f5c778b8674b3ffec71ae922822_00.jpg,0,hidup,train,train,hen_f0434,train/telechargement-14-_jpg.rf.588e5f5c778b8674b3ffec71ae922822.jpg,"[57, 84, 372, 360]",1.0,hen_gt,hen_kandang
hidup/hen_f0437_IMG_20220513_172028_HHT_jpg.rf.23dccace7793904ba4200cfe77c1dfdf_00.jpg,0,hidup,train,train,hen_f0437,train/IMG_20220513_172028_HHT_jpg.rf.23dccace7793904ba4200cfe77c1dfdf.jpg,"[157, 224, 337, 396]",1.0,hen_gt,hen_kandang
hidup/hen_f0438_images-17-_jpg.rf.32c17619be4a2d155b638ef6b8622d52_00.jpg,0,hidup,train,valid,hen_f0438,valid/images-17-_jpg.rf.32c17619be4a2d155b638ef6b8622d52.jpg,"[143, 213, 493, 620]",1.0,hen_gt,hen_kandang
hidup/hen_f0438_images-17-_jpg.rf.32c17619be4a2d155b638ef6b8622d52_01.jpg,0,hidup,train,valid,hen_f0438,valid/images-17-_jpg.rf.32c17619be4a2d155b638ef6b8622d52.jpg,"[152, 100, 398, 224]",1.0,hen_gt,hen_kandang
hidup/hen_f0444_IMG_20220513_171725_HHT_jpg.rf.3ce34f96b4b2bdc8535eaaf2c4b902e9_00.jpg,0,hidup,train,train,hen_f0444,train/IMG_20220513_171725_HHT_jpg.rf.3ce34f96b4b2bdc8535eaaf2c4b902e9.jpg,"[212, 245, 408, 356]",1.0,hen_gt,hen_kandang
hidup/hen_f0445_images-79-_jpg.rf.0a1d9f1cc20a1e5405fe0012b6f13414_00.jpg,0,hidup,train,valid,hen_f0445,valid/images-79-_jpg.rf.0a1d9f1cc20a1e5405fe0012b6f13414.jpg,"[64, 164, 379, 579]",1.0,hen_gt,hen_kandang
hidup/hen_f0445_images-79-_jpg.rf.0a1d9f1cc20a1e5405fe0012b6f13414_01.jpg,0,hidup,train,valid,hen_f0445,valid/images-79-_jpg.rf.0a1d9f1cc20a1e5405fe0012b6f13414.jpg,"[337, 261, 470, 566]",1.0,hen_gt,hen_kandang
hidup/hen_f0445_images-79-_jpg.rf.0a1d9f1cc20a1e5405fe0012b6f13414_02.jpg,0,hidup,train,valid,hen_f0445,valid/images-79-_jpg.rf.0a1d9f1cc20a1e5405fe0012b6f13414.jpg,"[452, 280, 543, 484]",1.0,hen_gt,hen_kandang
hidup/hen_f0446_scene00681_png_jpg.rf.04cd61bb664403bd5af152e2b7ddaa5c_00.jpg,0,hidup,train,train,hen_f0446,train/scene00681_png_jpg.rf.04cd61bb664403bd5af152e2b7ddaa5c.jpg,"[22, 165, 94, 290]",1.0,hen_gt,hen_kandang
hidup/hen_f0446_scene00681_png_jpg.rf.04cd61bb664403bd5af152e2b7ddaa5c_01.jpg,0,hidup,train,train,hen_f0446,train/scene00681_png_jpg.rf.04cd61bb664403bd5af152e2b7ddaa5c.jpg,"[235, 136, 318, 320]",1.0,hen_gt,hen_kandang
hidup/hen_f0448_images-15-_jpg.rf.21f51dad8cda612d82e7b1dbe366393c_00.jpg,0,hidup,train,test,hen_f0448,test/images-15-_jpg.rf.21f51dad8cda612d82e7b1dbe366393c.jpg,"[56, 379, 242, 561]",1.0,hen_gt,hen_kandang
hidup/hen_f0448_images-15-_jpg.rf.21f51dad8cda612d82e7b1dbe366393c_01.jpg,0,hidup,train,test,hen_f0448,test/images-15-_jpg.rf.21f51dad8cda612d82e7b1dbe366393c.jpg,"[247, 10, 371, 213]",1.0,hen_gt,hen_kandang
hidup/hen_f0448_images-15-_jpg.rf.21f51dad8cda612d82e7b1dbe366393c_03.jpg,0,hidup,train,test,hen_f0448,test/images-15-_jpg.rf.21f51dad8cda612d82e7b1dbe366393c.jpg,"[120, 120, 294, 370]",1.0,hen_gt,hen_kandang
hidup/hen_f0448_images-15-_jpg.rf.21f51dad8cda612d82e7b1dbe366393c_04.jpg,0,hidup,train,test,hen_f0448,test/images-15-_jpg.rf.21f51dad8cda612d82e7b1dbe366393c.jpg,"[28, 225, 153, 421]",1.0,hen_gt,hen_kandang
hidup/hen_f0453_IMG_20220513_171004_HHT_jpg.rf.72c465963396dcbcc7b02a1a3299d884_00.jpg,0,hidup,train,train,hen_f0453,train/IMG_20220513_171004_HHT_jpg.rf.72c465963396dcbcc7b02a1a3299d884.jpg,"[289, 216, 414, 328]",1.0,hen_gt,hen_kandang
hidup/hen_f0457_IMG_20220303_085441_jpg.rf.9514fdaac76151d5e7c2e3d20adbe918_01.jpg,0,hidup,train,train,hen_f0457,train/IMG_20220303_085441_jpg.rf.9514fdaac76151d5e7c2e3d20adbe918.jpg,"[281, 88, 320, 162]",1.0,hen_gt,hen_kandang
hidup/hen_f0457_IMG_20220303_085441_jpg.rf.9514fdaac76151d5e7c2e3d20adbe918_07.jpg,0,hidup,train,train,hen_f0457,train/IMG_20220303_085441_jpg.rf.9514fdaac76151d5e7c2e3d20adbe918.jpg,"[148, 50, 168, 68]",1.0,hen_gt,hen_kandang
hidup/hen_f0457_IMG_20220303_085441_jpg.rf.9514fdaac76151d5e7c2e3d20adbe918_08.jpg,0,hidup,train,train,hen_f0457,train/IMG_20220303_085441_jpg.rf.9514fdaac76151d5e7c2e3d20adbe918.jpg,"[203, 52, 226, 75]",1.0,hen_gt,hen_kandang
hidup/hen_f0457_IMG_20220303_085441_jpg.rf.9514fdaac76151d5e7c2e3d20adbe918_09.jpg,0,hidup,train,train,hen_f0457,train/IMG_20220303_085441_jpg.rf.9514fdaac76151d5e7c2e3d20adbe918.jpg,"[114, 53, 136, 82]",1.0,hen_gt,hen_kandang
hidup/hen_f0459_IMG_20220303_085137_jpg.rf.8b92033367460029a8d09ce1acdb3dc4_00.jpg,0,hidup,train,train,hen_f0459,train/IMG_20220303_085137_jpg.rf.8b92033367460029a8d09ce1acdb3dc4.jpg,"[179, 93, 202, 122]",1.0,hen_gt,hen_kandang
hidup/hen_f0459_IMG_20220303_085137_jpg.rf.8b92033367460029a8d09ce1acdb3dc4_045.jpg,0,hidup,train,train,hen_f0459,train/IMG_20220303_085137_jpg.rf.8b92033367460029a8d09ce1acdb3dc4.jpg,"[31, 19, 50, 34]",1.0,hen_gt,hen_kandang
hidup/hen_f0459_IMG_20220303_085137_jpg.rf.8b92033367460029a8d09ce1acdb3dc4_062.jpg,0,hidup,train,train,hen_f0459,train/IMG_20220303_085137_jpg.rf.8b92033367460029a8d09ce1acdb3dc4.jpg,"[114, 27, 132, 41]",1.0,hen_gt,hen_kandang
hidup/hen_f0459_IMG_20220303_085137_jpg.rf.8b92033367460029a8d09ce1acdb3dc4_078.jpg,0,hidup,train,train,hen_f0459,train/IMG_20220303_085137_jpg.rf.8b92033367460029a8d09ce1acdb3dc4.jpg,"[77, 39, 90, 63]",1.0,hen_gt,hen_kandang
hidup/hen_f0460_images-2023-03-17T150332-148_jpg.rf.2ff6aecc6346a1b91e1ea9da3ca8e872_00.jpg,0,hidup,train,train,hen_f0460,train/images-2023-03-17T150332-148_jpg.rf.2ff6aecc6346a1b91e1ea9da3ca8e872.jpg,"[60, 93, 561, 638]",1.0,hen_gt,hen_kandang
hidup/hen_f0460_images-2023-03-17T150332-148_jpg.rf.2ff6aecc6346a1b91e1ea9da3ca8e872_01.jpg,0,hidup,train,train,hen_f0460,train/images-2023-03-17T150332-148_jpg.rf.2ff6aecc6346a1b91e1ea9da3ca8e872.jpg,"[0, 82, 104, 324]",1.0,hen_gt,hen_kandang
hidup/hen_f0464_images-2023-03-17T150428-272_jpg.rf.fbcf33da4b0563d74ed49e1c20a2b034_00.jpg,0,hidup,train,train,hen_f0464,train/images-2023-03-17T150428-272_jpg.rf.fbcf33da4b0563d74ed49e1c20a2b034.jpg,"[263, 122, 498, 579]",1.0,hen_gt,hen_kandang
hidup/hen_f0464_images-2023-03-17T150428-272_jpg.rf.fbcf33da4b0563d74ed49e1c20a2b034_01.jpg,0,hidup,train,train,hen_f0464,train/images-2023-03-17T150428-272_jpg.rf.fbcf33da4b0563d74ed49e1c20a2b034.jpg,"[457, 53, 555, 563]",1.0,hen_gt,hen_kandang
hidup/hen_f0464_images-2023-03-17T150428-272_jpg.rf.fbcf33da4b0563d74ed49e1c20a2b034_02.jpg,0,hidup,train,train,hen_f0464,train/images-2023-03-17T150428-272_jpg.rf.fbcf33da4b0563d74ed49e1c20a2b034.jpg,"[9, 90, 207, 377]",1.0,hen_gt,hen_kandang
hidup/hen_f0464_images-2023-03-17T150428-272_jpg.rf.fbcf33da4b0563d74ed49e1c20a2b034_03.jpg,0,hidup,train,train,hen_f0464,train/images-2023-03-17T150428-272_jpg.rf.fbcf33da4b0563d74ed49e1c20a2b034.jpg,"[541, 51, 640, 437]",1.0,hen_gt,hen_kandang
hidup/hen_f0465_IMG_20220303_085052_jpg.rf.45033b0cabb1c1a3c91f92893c0cfd61_00.jpg,0,hidup,train,train,hen_f0465,train/IMG_20220303_085052_jpg.rf.45033b0cabb1c1a3c91f92893c0cfd61.jpg,"[130, 1, 150, 24]",1.0,hen_gt,hen_kandang
hidup/hen_f0465_IMG_20220303_085052_jpg.rf.45033b0cabb1c1a3c91f92893c0cfd61_012.jpg,0,hidup,train,train,hen_f0465,train/IMG_20220303_085052_jpg.rf.45033b0cabb1c1a3c91f92893c0cfd61.jpg,"[55, 68, 110, 110]",1.0,hen_gt,hen_kandang
hidup/hen_f0465_IMG_20220303_085052_jpg.rf.45033b0cabb1c1a3c91f92893c0cfd61_03.jpg,0,hidup,train,train,hen_f0465,train/IMG_20220303_085052_jpg.rf.45033b0cabb1c1a3c91f92893c0cfd61.jpg,"[197, 7, 242, 46]",1.0,hen_gt,hen_kandang
hidup/hen_f0465_IMG_20220303_085052_jpg.rf.45033b0cabb1c1a3c91f92893c0cfd61_07.jpg,0,hidup,train,train,hen_f0465,train/IMG_20220303_085052_jpg.rf.45033b0cabb1c1a3c91f92893c0cfd61.jpg,"[129, 44, 166, 68]",1.0,hen_gt,hen_kandang
hidup/hen_f0469_images-35-_jpg.rf.4cae2a0b25dc1ebc540dd631b9cba17f_01.jpg,0,hidup,train,train,hen_f0469,train/images-35-_jpg.rf.4cae2a0b25dc1ebc540dd631b9cba17f.jpg,"[381, 424, 522, 640]",1.0,hen_gt,hen_kandang
hidup/hen_f0469_images-35-_jpg.rf.4cae2a0b25dc1ebc540dd631b9cba17f_03.jpg,0,hidup,train,train,hen_f0469,train/images-35-_jpg.rf.4cae2a0b25dc1ebc540dd631b9cba17f.jpg,"[233, 263, 328, 360]",1.0,hen_gt,hen_kandang
hidup/hen_f0469_images-35-_jpg.rf.4cae2a0b25dc1ebc540dd631b9cba17f_05.jpg,0,hidup,train,train,hen_f0469,train/images-35-_jpg.rf.4cae2a0b25dc1ebc540dd631b9cba17f.jpg,"[14, 111, 112, 205]",1.0,hen_gt,hen_kandang
hidup/hen_f0469_images-35-_jpg.rf.4cae2a0b25dc1ebc540dd631b9cba17f_06.jpg,0,hidup,train,train,hen_f0469,train/images-35-_jpg.rf.4cae2a0b25dc1ebc540dd631b9cba17f.jpg,"[190, 0, 260, 66]",1.0,hen_gt,hen_kandang
hidup/hen_f0470_IMG_20220513_171256_HHT_jpg.rf.e53df5dfa9b93d66bee9f7a1a39bcadc_00.jpg,0,hidup,train,train,hen_f0470,train/IMG_20220513_171256_HHT_jpg.rf.e53df5dfa9b93d66bee9f7a1a39bcadc.jpg,"[232, 196, 440, 356]",1.0,hen_gt,hen_kandang
hidup/hen_f0473_IMG_20220513_171443_HHT_jpg.rf.30be92d2edef94e7e07357dd74095953_00.jpg,0,hidup,train,train,hen_f0473,train/IMG_20220513_171443_HHT_jpg.rf.30be92d2edef94e7e07357dd74095953.jpg,"[189, 272, 414, 386]",1.0,hen_gt,hen_kandang
hidup/hen_f0478_IMG_20220513_171125_HHT_jpg.rf.f1b17561f187c7fb4bf71ca70a409075_00.jpg,0,hidup,train,train,hen_f0478,train/IMG_20220513_171125_HHT_jpg.rf.f1b17561f187c7fb4bf71ca70a409075.jpg,"[232, 255, 384, 402]",1.0,hen_gt,hen_kandang
hidup/hen_f0479_images-2023-03-16T144635-507_jpg.rf.2087dc959902a940393e24f139fc9783_00.jpg,0,hidup,train,train,hen_f0479,train/images-2023-03-16T144635-507_jpg.rf.2087dc959902a940393e24f139fc9783.jpg,"[16, 14, 556, 640]",1.0,hen_gt,hen_kandang
hidup/hen_f0481_10liqbf0ts75-1-_jpg.rf.15968edfebe21ae5e00a557ac4dc9005_00.jpg,0,hidup,train,valid,hen_f0481,valid/10liqbf0ts75-1-_jpg.rf.15968edfebe21ae5e00a557ac4dc9005.jpg,"[224, 38, 375, 152]",1.0,hen_gt,hen_kandang
hidup/hen_f0481_10liqbf0ts75-1-_jpg.rf.15968edfebe21ae5e00a557ac4dc9005_01.jpg,0,hidup,train,valid,hen_f0481,valid/10liqbf0ts75-1-_jpg.rf.15968edfebe21ae5e00a557ac4dc9005.jpg,"[250, 142, 504, 325]",1.0,hen_gt,hen_kandang
hidup/hen_f0481_10liqbf0ts75-1-_jpg.rf.15968edfebe21ae5e00a557ac4dc9005_02.jpg,0,hidup,train,valid,hen_f0481,valid/10liqbf0ts75-1-_jpg.rf.15968edfebe21ae5e00a557ac4dc9005.jpg,"[248, 289, 512, 532]",1.0,hen_gt,hen_kandang
hidup/hen_f0484_11856498903_a675eced4b_z_jpg.rf.0a50cb8c0bbc6bdf0b9c98afbcf91a54_00.jpg,0,hidup,train,train,hen_f0484,train/11856498903_a675eced4b_z_jpg.rf.0a50cb8c0bbc6bdf0b9c98afbcf91a54.jpg,"[284, 79, 410, 253]",1.0,hen_gt,hen_kandang
hidup/hen_f0484_11856498903_a675eced4b_z_jpg.rf.0a50cb8c0bbc6bdf0b9c98afbcf91a54_01.jpg,0,hidup,train,train,hen_f0484,train/11856498903_a675eced4b_z_jpg.rf.0a50cb8c0bbc6bdf0b9c98afbcf91a54.jpg,"[489, 193, 582, 342]",1.0,hen_gt,hen_kandang
hidup/hen_f0484_11856498903_a675eced4b_z_jpg.rf.0a50cb8c0bbc6bdf0b9c98afbcf91a54_02.jpg,0,hidup,train,train,hen_f0484,train/11856498903_a675eced4b_z_jpg.rf.0a50cb8c0bbc6bdf0b9c98afbcf91a54.jpg,"[202, 163, 354, 422]",1.0,hen_gt,hen_kandang
hidup/hen_f0484_11856498903_a675eced4b_z_jpg.rf.0a50cb8c0bbc6bdf0b9c98afbcf91a54_03.jpg,0,hidup,train,train,hen_f0484,train/11856498903_a675eced4b_z_jpg.rf.0a50cb8c0bbc6bdf0b9c98afbcf91a54.jpg,"[9, 255, 218, 519]",1.0,hen_gt,hen_kandang
hidup/hen_f0485_IMG20220702135306_jpg.rf.013484d3ba0d44c9409da9b6e9f0d4b2_00.jpg,0,hidup,train,train,hen_f0485,train/IMG20220702135306_jpg.rf.013484d3ba0d44c9409da9b6e9f0d4b2.jpg,"[128, 188, 435, 584]",1.0,hen_gt,hen_kandang
hidup/hen_f0486_images-2023-03-17T150407-644_jpg.rf.16edc25a16c3a6c7021042ade90a4fc9_00.jpg,0,hidup,train,train,hen_f0486,train/images-2023-03-17T150407-644_jpg.rf.16edc25a16c3a6c7021042ade90a4fc9.jpg,"[1, 56, 104, 282]",1.0,hen_gt,hen_kandang
hidup/hen_f0486_images-2023-03-17T150407-644_jpg.rf.16edc25a16c3a6c7021042ade90a4fc9_01.jpg,0,hidup,train,train,hen_f0486,train/images-2023-03-17T150407-644_jpg.rf.16edc25a16c3a6c7021042ade90a4fc9.jpg,"[159, 135, 308, 340]",1.0,hen_gt,hen_kandang
hidup/hen_f0486_images-2023-03-17T150407-644_jpg.rf.16edc25a16c3a6c7021042ade90a4fc9_02.jpg,0,hidup,train,train,hen_f0486,train/images-2023-03-17T150407-644_jpg.rf.16edc25a16c3a6c7021042ade90a4fc9.jpg,"[256, 188, 510, 479]",1.0,hen_gt,hen_kandang
hidup/hen_f0488_84288157_MTUwMC0xMTI1LTI0ZmE4Y2RhNzU_jpg.rf.1674414c407db6c19fcfc94b51c2ae4a_00.jpg,0,hidup,train,train,hen_f0488,train/84288157_MTUwMC0xMTI1LTI0ZmE4Y2RhNzU_jpg.rf.1674414c407db6c19fcfc94b51c2ae4a.jpg,"[433, 139, 493, 207]",1.0,hen_gt,hen_kandang
hidup/hen_f0488_84288157_MTUwMC0xMTI1LTI0ZmE4Y2RhNzU_jpg.rf.1674414c407db6c19fcfc94b51c2ae4a_01.jpg,0,hidup,train,train,hen_f0488,train/84288157_MTUwMC0xMTI1LTI0ZmE4Y2RhNzU_jpg.rf.1674414c407db6c19fcfc94b51c2ae4a.jpg,"[262, 249, 348, 333]",1.0,hen_gt,hen_kandang
hidup/hen_f0488_84288157_MTUwMC0xMTI1LTI0ZmE4Y2RhNzU_jpg.rf.1674414c407db6c19fcfc94b51c2ae4a_02.jpg,0,hidup,train,train,hen_f0488,train/84288157_MTUwMC0xMTI1LTI0ZmE4Y2RhNzU_jpg.rf.1674414c407db6c19fcfc94b51c2ae4a.jpg,"[372, 279, 506, 366]",1.0,hen_gt,hen_kandang
hidup/hen_f0488_84288157_MTUwMC0xMTI1LTI0ZmE4Y2RhNzU_jpg.rf.1674414c407db6c19fcfc94b51c2ae4a_03.jpg,0,hidup,train,train,hen_f0488,train/84288157_MTUwMC0xMTI1LTI0ZmE4Y2RhNzU_jpg.rf.1674414c407db6c19fcfc94b51c2ae4a.jpg,"[391, 308, 554, 474]",1.0,hen_gt,hen_kandang
hidup/hen_f0491_A-typical-broiler-chicken-from-a-genetic-background-that-was-produced-in-1957-1957_png_jpg.rf.4c54930d36a5ae6a3898b38de3670c92_00.jpg,0,hidup,train,train,hen_f0491,train/A-typical-broiler-chicken-from-a-genetic-background-that-was-produced-in-1957-1957_png_jpg.rf.4c54930d36a5ae6a3898b38de3670c92.jpg,"[123, 261, 223, 394]",1.0,hen_gt,hen_kandang
hidup/hen_f0491_A-typical-broiler-chicken-from-a-genetic-background-that-was-produced-in-1957-1957_png_jpg.rf.4c54930d36a5ae6a3898b38de3670c92_03.jpg,0,hidup,train,train,hen_f0491,train/A-typical-broiler-chicken-from-a-genetic-background-that-was-produced-in-1957-1957_png_jpg.rf.4c54930d36a5ae6a3898b38de3670c92.jpg,"[11, 319, 123, 481]",1.0,hen_gt,hen_kandang
hidup/hen_f0491_A-typical-broiler-chicken-from-a-genetic-background-that-was-produced-in-1957-1957_png_jpg.rf.4c54930d36a5ae6a3898b38de3670c92_04.jpg,0,hidup,train,train,hen_f0491,train/A-typical-broiler-chicken-from-a-genetic-background-that-was-produced-in-1957-1957_png_jpg.rf.4c54930d36a5ae6a3898b38de3670c92.jpg,"[370, 296, 467, 580]",1.0,hen_gt,hen_kandang
hidup/hen_f0491_A-typical-broiler-chicken-from-a-genetic-background-that-was-produced-in-1957-1957_png_jpg.rf.4c54930d36a5ae6a3898b38de3670c92_05.jpg,0,hidup,train,train,hen_f0491,train/A-typical-broiler-chicken-from-a-genetic-background-that-was-produced-in-1957-1957_png_jpg.rf.4c54930d36a5ae6a3898b38de3670c92.jpg,"[96, 439, 360, 607]",1.0,hen_gt,hen_kandang
hidup/hen_f0492_IMG_20220303_085126_jpg.rf.a40c68c5908227ce9f59f9e37069ae57_022.jpg,0,hidup,train,train,hen_f0492,train/IMG_20220303_085126_jpg.rf.a40c68c5908227ce9f59f9e37069ae57.jpg,"[109, 24, 124, 43]",1.0,hen_gt,hen_kandang
hidup/hen_f0492_IMG_20220303_085126_jpg.rf.a40c68c5908227ce9f59f9e37069ae57_026.jpg,0,hidup,train,train,hen_f0492,train/IMG_20220303_085126_jpg.rf.a40c68c5908227ce9f59f9e37069ae57.jpg,"[136, 35, 154, 50]",1.0,hen_gt,hen_kandang
hidup/hen_f0492_IMG_20220303_085126_jpg.rf.a40c68c5908227ce9f59f9e37069ae57_03.jpg,0,hidup,train,train,hen_f0492,train/IMG_20220303_085126_jpg.rf.a40c68c5908227ce9f59f9e37069ae57.jpg,"[152, 102, 190, 144]",1.0,hen_gt,hen_kandang
hidup/hen_f0492_IMG_20220303_085126_jpg.rf.a40c68c5908227ce9f59f9e37069ae57_046.jpg,0,hidup,train,train,hen_f0492,train/IMG_20220303_085126_jpg.rf.a40c68c5908227ce9f59f9e37069ae57.jpg,"[122, 91, 146, 120]",1.0,hen_gt,hen_kandang
hidup/hen_f0497_IMG20220702135434_jpg.rf.779c425436b3382842ceb43f6cc852d8_00.jpg,0,hidup,train,train,hen_f0497,train/IMG20220702135434_jpg.rf.779c425436b3382842ceb43f6cc852d8.jpg,"[131, 212, 522, 607]",1.0,hen_gt,hen_kandang
hidup/hen_f0498_images-19-_jpg.rf.1ab57c2c08ebf1ba6e4b82751062d9aa_00.jpg,0,hidup,train,train,hen_f0498,train/images-19-_jpg.rf.1ab57c2c08ebf1ba6e4b82751062d9aa.jpg,"[300, 370, 560, 545]",1.0,hen_gt,hen_kandang
hidup/hen_f0498_images-19-_jpg.rf.1ab57c2c08ebf1ba6e4b82751062d9aa_01.jpg,0,hidup,train,train,hen_f0498,train/images-19-_jpg.rf.1ab57c2c08ebf1ba6e4b82751062d9aa.jpg,"[89, 233, 250, 414]",1.0,hen_gt,hen_kandang
hidup/hen_f0498_images-19-_jpg.rf.1ab57c2c08ebf1ba6e4b82751062d9aa_02.jpg,0,hidup,train,train,hen_f0498,train/images-19-_jpg.rf.1ab57c2c08ebf1ba6e4b82751062d9aa.jpg,"[338, 229, 463, 367]",1.0,hen_gt,hen_kandang
hidup/hen_f0498_images-19-_jpg.rf.1ab57c2c08ebf1ba6e4b82751062d9aa_03.jpg,0,hidup,train,train,hen_f0498,train/images-19-_jpg.rf.1ab57c2c08ebf1ba6e4b82751062d9aa.jpg,"[503, 191, 622, 360]",1.0,hen_gt,hen_kandang
hidup/hen_f0500_IMG20220702135305_jpg.rf.388e99730ee79d66b2fbfa466c6ca313_00.jpg,0,hidup,train,train,hen_f0500,train/IMG20220702135305_jpg.rf.388e99730ee79d66b2fbfa466c6ca313.jpg,"[143, 180, 451, 574]",1.0,hen_gt,hen_kandang
hidup/hen_f0501_IMG_20220513_171310_HHT_jpg.rf.c905537a6807599c0a25935051ac452d_00.jpg,0,hidup,train,train,hen_f0501,train/IMG_20220513_171310_HHT_jpg.rf.c905537a6807599c0a25935051ac452d.jpg,"[212, 222, 446, 344]",1.0,hen_gt,hen_kandang
hidup/hen_f0511_IMG20220702135308_jpg.rf.5bd8aacc3f8800e5bb4da40687b50f41_00.jpg,0,hidup,train,train,hen_f0511,train/IMG20220702135308_jpg.rf.5bd8aacc3f8800e5bb4da40687b50f41.jpg,"[172, 150, 512, 566]",1.0,hen_gt,hen_kandang
hidup/hen_f0512_images-20-_jpg.rf.36f0bb82d87a6dbce3d6603a76537f95_00.jpg,0,hidup,train,train,hen_f0512,train/images-20-_jpg.rf.36f0bb82d87a6dbce3d6603a76537f95.jpg,"[21, 89, 602, 570]",1.0,hen_gt,hen_kandang
hidup/hen_f0514_IMG_20220303_085055_jpg.rf.868a08a27fdfaab5d6be630f09bba38e_010.jpg,0,hidup,train,train,hen_f0514,train/IMG_20220303_085055_jpg.rf.868a08a27fdfaab5d6be630f09bba38e.jpg,"[1, 12, 26, 42]",1.0,hen_gt,hen_kandang
hidup/hen_f0514_IMG_20220303_085055_jpg.rf.868a08a27fdfaab5d6be630f09bba38e_023.jpg,0,hidup,train,train,hen_f0514,train/IMG_20220303_085055_jpg.rf.868a08a27fdfaab5d6be630f09bba38e.jpg,"[155, 61, 210, 116]",1.0,hen_gt,hen_kandang
hidup/hen_f0514_IMG_20220303_085055_jpg.rf.868a08a27fdfaab5d6be630f09bba38e_026.jpg,0,hidup,train,train,hen_f0514,train/IMG_20220303_085055_jpg.rf.868a08a27fdfaab5d6be630f09bba38e.jpg,"[259, 76, 307, 129]",1.0,hen_gt,hen_kandang
hidup/hen_f0514_IMG_20220303_085055_jpg.rf.868a08a27fdfaab5d6be630f09bba38e_08.jpg,0,hidup,train,train,hen_f0514,train/IMG_20220303_085055_jpg.rf.868a08a27fdfaab5d6be630f09bba38e.jpg,"[223, 13, 243, 37]",1.0,hen_gt,hen_kandang
hidup/hen_f0517_images-21-_jpg.rf.194a3d5682a271dcc5f1208ffd33e0f0_01.jpg,0,hidup,train,train,hen_f0517,train/images-21-_jpg.rf.194a3d5682a271dcc5f1208ffd33e0f0.jpg,"[315, 535, 462, 640]",1.0,hen_gt,hen_kandang
hidup/hen_f0517_images-21-_jpg.rf.194a3d5682a271dcc5f1208ffd33e0f0_03.jpg,0,hidup,train,train,hen_f0517,train/images-21-_jpg.rf.194a3d5682a271dcc5f1208ffd33e0f0.jpg,"[294, 389, 438, 530]",1.0,hen_gt,hen_kandang
hidup/hen_f0517_images-21-_jpg.rf.194a3d5682a271dcc5f1208ffd33e0f0_04.jpg,0,hidup,train,train,hen_f0517,train/images-21-_jpg.rf.194a3d5682a271dcc5f1208ffd33e0f0.jpg,"[195, 334, 340, 406]",1.0,hen_gt,hen_kandang
hidup/hen_f0517_images-21-_jpg.rf.194a3d5682a271dcc5f1208ffd33e0f0_05.jpg,0,hidup,train,train,hen_f0517,train/images-21-_jpg.rf.194a3d5682a271dcc5f1208ffd33e0f0.jpg,"[84, 376, 162, 462]",1.0,hen_gt,hen_kandang
hidup/hen_f0518_telechargement-10-_jpg.rf.2966192b360b4e12173986101f7b674a_00.jpg,0,hidup,train,train,hen_f0518,train/telechargement-10-_jpg.rf.2966192b360b4e12173986101f7b674a.jpg,"[82, 245, 213, 426]",1.0,hen_gt,hen_kandang
hidup/hen_f0518_telechargement-10-_jpg.rf.2966192b360b4e12173986101f7b674a_01.jpg,0,hidup,train,train,hen_f0518,train/telechargement-10-_jpg.rf.2966192b360b4e12173986101f7b674a.jpg,"[195, 33, 520, 628]",1.0,hen_gt,hen_kandang
hidup/hen_f0519_IMG_20220513_170919_HHT_jpg.rf.a74e2ba0804f979a33620bb85d179202_00.jpg,0,hidup,train,train,hen_f0519,train/IMG_20220513_170919_HHT_jpg.rf.a74e2ba0804f979a33620bb85d179202.jpg,"[260, 248, 386, 321]",1.0,hen_gt,hen_kandang
hidup/hen_f0520_images-22-_jpg.rf.517b8c35b8feb1347b2e070576add913_00.jpg,0,hidup,train,train,hen_f0520,train/images-22-_jpg.rf.517b8c35b8feb1347b2e070576add913.jpg,"[121, 176, 588, 632]",1.0,hen_gt,hen_kandang
hidup/hen_f0520_images-22-_jpg.rf.517b8c35b8feb1347b2e070576add913_01.jpg,0,hidup,train,train,hen_f0520,train/images-22-_jpg.rf.517b8c35b8feb1347b2e070576add913.jpg,"[65, 33, 490, 198]",1.0,hen_gt,hen_kandang
hidup/hen_f0521_images-80-_jpg.rf.2b7e5f139ce70bed5b8fffbf9790dd5a_00.jpg,0,hidup,train,train,hen_f0521,train/images-80-_jpg.rf.2b7e5f139ce70bed5b8fffbf9790dd5a.jpg,"[125, 10, 607, 640]",1.0,hen_gt,hen_kandang
hidup/hen_f0521_images-80-_jpg.rf.2b7e5f139ce70bed5b8fffbf9790dd5a_01.jpg,0,hidup,train,train,hen_f0521,train/images-80-_jpg.rf.2b7e5f139ce70bed5b8fffbf9790dd5a.jpg,"[0, 176, 237, 477]",1.0,hen_gt,hen_kandang
hidup/hen_f0524_IMG20220702135037_jpg.rf.168518bb21eed242d34cc26af833a2a5_00.jpg,0,hidup,train,valid,hen_f0524,valid/IMG20220702135037_jpg.rf.168518bb21eed242d34cc26af833a2a5.jpg,"[138, 86, 526, 607]",1.0,hen_gt,hen_kandang
hidup/hen_f0526_IMG_20220513_171458_HHT_jpg.rf.41968b271c5e5ff4d5b9f7915402afda_00.jpg,0,hidup,train,train,hen_f0526,train/IMG_20220513_171458_HHT_jpg.rf.41968b271c5e5ff4d5b9f7915402afda.jpg,"[216, 252, 392, 368]",1.0,hen_gt,hen_kandang
hidup/hen_f0529_Australian-team-sees-no-response-from-broiler-chickens-to-dietary-leucine-enrichment_jpg.rf.061cdd236ce1035276dee7781777d7a0_01.jpg,0,hidup,train,valid,hen_f0529,valid/Australian-team-sees-no-response-from-broiler-chickens-to-dietary-leucine-enrichment_jpg.rf.061cdd236ce1035276dee7781777d7a0.jpg,"[240, 261, 276, 373]",1.0,hen_gt,hen_kandang
hidup/hen_f0529_Australian-team-sees-no-response-from-broiler-chickens-to-dietary-leucine-enrichment_jpg.rf.061cdd236ce1035276dee7781777d7a0_04.jpg,0,hidup,train,valid,hen_f0529,valid/Australian-team-sees-no-response-from-broiler-chickens-to-dietary-leucine-enrichment_jpg.rf.061cdd236ce1035276dee7781777d7a0.jpg,"[13, 327, 94, 436]",1.0,hen_gt,hen_kandang
hidup/hen_f0529_Australian-team-sees-no-response-from-broiler-chickens-to-dietary-leucine-enrichment_jpg.rf.061cdd236ce1035276dee7781777d7a0_06.jpg,0,hidup,train,valid,hen_f0529,valid/Australian-team-sees-no-response-from-broiler-chickens-to-dietary-leucine-enrichment_jpg.rf.061cdd236ce1035276dee7781777d7a0.jpg,"[439, 375, 528, 567]",1.0,hen_gt,hen_kandang
hidup/hen_f0529_Australian-team-sees-no-response-from-broiler-chickens-to-dietary-leucine-enrichment_jpg.rf.061cdd236ce1035276dee7781777d7a0_09.jpg,0,hidup,train,valid,hen_f0529,valid/Australian-team-sees-no-response-from-broiler-chickens-to-dietary-leucine-enrichment_jpg.rf.061cdd236ce1035276dee7781777d7a0.jpg,"[0, 489, 118, 608]",1.0,hen_gt,hen_kandang
hidup/hen_f0532_IMG20220702135300_jpg.rf.5a2e109318db99f3328a87c1d469fe9f_00.jpg,0,hidup,train,train,hen_f0532,train/IMG20220702135300_jpg.rf.5a2e109318db99f3328a87c1d469fe9f.jpg,"[203, 131, 456, 595]",1.0,hen_gt,hen_kandang
hidup/hen_f0535_IMG_20220303_085226_jpg.rf.8185501f30e6dc4b2dc79ec8ede7d703_011.jpg,0,hidup,train,train,hen_f0535,train/IMG_20220303_085226_jpg.rf.8185501f30e6dc4b2dc79ec8ede7d703.jpg,"[257, 127, 283, 149]",1.0,hen_gt,hen_kandang
hidup/hen_f0535_IMG_20220303_085226_jpg.rf.8185501f30e6dc4b2dc79ec8ede7d703_018.jpg,0,hidup,train,train,hen_f0535,train/IMG_20220303_085226_jpg.rf.8185501f30e6dc4b2dc79ec8ede7d703.jpg,"[230, 130, 262, 162]",1.0,hen_gt,hen_kandang
hidup/hen_f0535_IMG_20220303_085226_jpg.rf.8185501f30e6dc4b2dc79ec8ede7d703_038.jpg,0,hidup,train,train,hen_f0535,train/IMG_20220303_085226_jpg.rf.8185501f30e6dc4b2dc79ec8ede7d703.jpg,"[12, 200, 55, 228]",1.0,hen_gt,hen_kandang
hidup/hen_f0535_IMG_20220303_085226_jpg.rf.8185501f30e6dc4b2dc79ec8ede7d703_078.jpg,0,hidup,train,train,hen_f0535,train/IMG_20220303_085226_jpg.rf.8185501f30e6dc4b2dc79ec8ede7d703.jpg,"[246, 58, 266, 76]",1.0,hen_gt,hen_kandang
hidup/hen_f0540_Broiler_jpg.rf.2ec8a88a8edc63f828f8e4530dc10a69_010.jpg,0,hidup,train,train,hen_f0540,train/Broiler_jpg.rf.2ec8a88a8edc63f828f8e4530dc10a69.jpg,"[380, 447, 491, 540]",1.0,hen_gt,hen_kandang
hidup/hen_f0540_Broiler_jpg.rf.2ec8a88a8edc63f828f8e4530dc10a69_04.jpg,0,hidup,train,train,hen_f0540,train/Broiler_jpg.rf.2ec8a88a8edc63f828f8e4530dc10a69.jpg,"[34, 240, 113, 327]",1.0,hen_gt,hen_kandang
hidup/hen_f0540_Broiler_jpg.rf.2ec8a88a8edc63f828f8e4530dc10a69_05.jpg,0,hidup,train,train,hen_f0540,train/Broiler_jpg.rf.2ec8a88a8edc63f828f8e4530dc10a69.jpg,"[248, 256, 358, 329]",1.0,hen_gt,hen_kandang
hidup/hen_f0540_Broiler_jpg.rf.2ec8a88a8edc63f828f8e4530dc10a69_08.jpg,0,hidup,train,train,hen_f0540,train/Broiler_jpg.rf.2ec8a88a8edc63f828f8e4530dc10a69.jpg,"[558, 372, 607, 473]",1.0,hen_gt,hen_kandang
hidup/hen_f0541_IMG_20220513_171132_HHT_jpg.rf.5e3ad5f0c4dd8c456090f83c49bff7ee_00.jpg,0,hidup,train,train,hen_f0541,train/IMG_20220513_171132_HHT_jpg.rf.5e3ad5f0c4dd8c456090f83c49bff7ee.jpg,"[226, 257, 363, 360]",1.0,hen_gt,hen_kandang
hidup/hen_f0543_IMG20220702135241_jpg.rf.8cf29b9f726630a7cd613320aee42b21_00.jpg,0,hidup,train,train,hen_f0543,train/IMG20220702135241_jpg.rf.8cf29b9f726630a7cd613320aee42b21.jpg,"[192, 182, 465, 529]",1.0,hen_gt,hen_kandang
hidup/hen_f0544_IMG_20220513_171748_HHT_jpg.rf.95218d564aaf97c47e85036bfc52655d_00.jpg,0,hidup,train,test,hen_f0544,test/IMG_20220513_171748_HHT_jpg.rf.95218d564aaf97c47e85036bfc52655d.jpg,"[218, 219, 444, 342]",1.0,hen_gt,hen_kandang
hidup/hen_f0545_IMG20220702135024_jpg.rf.422df3da1e0161f98e0b79b9ed4197e6_00.jpg,0,hidup,train,valid,hen_f0545,valid/IMG20220702135024_jpg.rf.422df3da1e0161f98e0b79b9ed4197e6.jpg,"[190, 167, 490, 507]",1.0,hen_gt,hen_kandang
hidup/hen_f0546_IMG_20220513_171602_HHT_jpg.rf.5935fe4719832688512036ac9269ce39_00.jpg,0,hidup,train,train,hen_f0546,train/IMG_20220513_171602_HHT_jpg.rf.5935fe4719832688512036ac9269ce39.jpg,"[220, 242, 384, 354]",1.0,hen_gt,hen_kandang
hidup/hen_f0549_IMG_20220513_171551_HHT_jpg.rf.0130e15430d0f59ec48129af2c5ced8b_00.jpg,0,hidup,train,train,hen_f0549,train/IMG_20220513_171551_HHT_jpg.rf.0130e15430d0f59ec48129af2c5ced8b.jpg,"[260, 254, 365, 346]",1.0,hen_gt,hen_kandang
hidup/hen_f0551_IMG20220702135031_jpg.rf.0215451e5456964ed245f3cd2b62a9a0_00.jpg,0,hidup,train,valid,hen_f0551,valid/IMG20220702135031_jpg.rf.0215451e5456964ed245f3cd2b62a9a0.jpg,"[165, 151, 567, 578]",1.0,hen_gt,hen_kandang
hidup/hen_f0552_IMG_20220513_171750_HHT_jpg.rf.4a6dc3f9e6932927bb689dbe987299fb_00.jpg,0,hidup,train,train,hen_f0552,train/IMG_20220513_171750_HHT_jpg.rf.4a6dc3f9e6932927bb689dbe987299fb.jpg,"[258, 236, 452, 363]",1.0,hen_gt,hen_kandang
hidup/hen_f0553_IMG_20220513_171456_HHT_jpg.rf.aa5d797a0f13b4caf97bed2fe54ede74_00.jpg,0,hidup,train,train,hen_f0553,train/IMG_20220513_171456_HHT_jpg.rf.aa5d797a0f13b4caf97bed2fe54ede74.jpg,"[210, 234, 380, 363]",1.0,hen_gt,hen_kandang
hidup/hen_f0555_IMG_20220513_171738_HHT_jpg.rf.01b90921ec5e83f107625473d54e949d_00.jpg,0,hidup,train,valid,hen_f0555,valid/IMG_20220513_171738_HHT_jpg.rf.01b90921ec5e83f107625473d54e949d.jpg,"[228, 257, 416, 374]",1.0,hen_gt,hen_kandang
hidup/hen_f0556_IMG20220702135338_jpg.rf.1d32ebccbd3ce313fde4d2b17dff49eb_00.jpg,0,hidup,train,train,hen_f0556,train/IMG20220702135338_jpg.rf.1d32ebccbd3ce313fde4d2b17dff49eb.jpg,"[182, 168, 462, 544]",1.0,hen_gt,hen_kandang
hidup/hen_f0558_IMG20220702135248_jpg.rf.24e4cd37b1bb3a9067106bac208266f6_00.jpg,0,hidup,train,train,hen_f0558,train/IMG20220702135248_jpg.rf.24e4cd37b1bb3a9067106bac208266f6.jpg,"[171, 176, 514, 580]",1.0,hen_gt,hen_kandang
hidup/hen_f0559_images-24-_jpg.rf.450cdcd03e616a191e53a6a60f65460d_00.jpg,0,hidup,train,train,hen_f0559,train/images-24-_jpg.rf.450cdcd03e616a191e53a6a60f65460d.jpg,"[37, 77, 429, 640]",1.0,hen_gt,hen_kandang
hidup/hen_f0561_IMG20220702135303_jpg.rf.2f97f102ebc093d06aa6cee107e8bec6_00.jpg,0,hidup,train,train,hen_f0561,train/IMG20220702135303_jpg.rf.2f97f102ebc093d06aa6cee107e8bec6.jpg,"[247, 228, 461, 592]",1.0,hen_gt,hen_kandang
hidup/hen_f0562_IMG20220702135339_jpg.rf.54347f9303422062ab235f4e52da90b5_00.jpg,0,hidup,train,train,hen_f0562,train/IMG20220702135339_jpg.rf.54347f9303422062ab235f4e52da90b5.jpg,"[195, 188, 481, 578]",1.0,hen_gt,hen_kandang
hidup/hen_f0563_images-23-_jpg.rf.68a444614f0161b116c6300df0043e41_00.jpg,0,hidup,train,valid,hen_f0563,valid/images-23-_jpg.rf.68a444614f0161b116c6300df0043e41.jpg,"[172, 127, 380, 519]",1.0,hen_gt,hen_kandang
hidup/hen_f0564_IMG20220702135343_jpg.rf.6d3df65b378004b183910a45316adc4a_00.jpg,0,hidup,train,valid,hen_f0564,valid/IMG20220702135343_jpg.rf.6d3df65b378004b183910a45316adc4a.jpg,"[271, 152, 545, 558]",1.0,hen_gt,hen_kandang
hidup/hen_f0565_IMG_20220303_085239_jpg.rf.5349318403f3e5a9b82e87b28ff6494d_01.jpg,0,hidup,train,train,hen_f0565,train/IMG_20220303_085239_jpg.rf.5349318403f3e5a9b82e87b28ff6494d.jpg,"[158, 96, 192, 139]",1.0,hen_gt,hen_kandang
hidup/hen_f0565_IMG_20220303_085239_jpg.rf.5349318403f3e5a9b82e87b28ff6494d_032.jpg,0,hidup,train,train,hen_f0565,train/IMG_20220303_085239_jpg.rf.5349318403f3e5a9b82e87b28ff6494d.jpg,"[123, 72, 154, 94]",1.0,hen_gt,hen_kandang
hidup/hen_f0565_IMG_20220303_085239_jpg.rf.5349318403f3e5a9b82e87b28ff6494d_06.jpg,0,hidup,train,train,hen_f0565,train/IMG_20220303_085239_jpg.rf.5349318403f3e5a9b82e87b28ff6494d.jpg,"[14, 135, 52, 184]",1.0,hen_gt,hen_kandang
hidup/hen_f0565_IMG_20220303_085239_jpg.rf.5349318403f3e5a9b82e87b28ff6494d_07.jpg,0,hidup,train,train,hen_f0565,train/IMG_20220303_085239_jpg.rf.5349318403f3e5a9b82e87b28ff6494d.jpg,"[255, 130, 306, 192]",1.0,hen_gt,hen_kandang
hidup/hen_f0566_IMG_20220303_085151_jpg.rf.06a9e46c24ef3e9904437a1dbab2fdcd_050.jpg,0,hidup,train,test,hen_f0566,test/IMG_20220303_085151_jpg.rf.06a9e46c24ef3e9904437a1dbab2fdcd.jpg,"[226, 248, 264, 288]",1.0,hen_gt,hen_kandang
hidup/hen_f0566_IMG_20220303_085151_jpg.rf.06a9e46c24ef3e9904437a1dbab2fdcd_060.jpg,0,hidup,train,test,hen_f0566,test/IMG_20220303_085151_jpg.rf.06a9e46c24ef3e9904437a1dbab2fdcd.jpg,"[141, 65, 162, 90]",1.0,hen_gt,hen_kandang
hidup/hen_f0566_IMG_20220303_085151_jpg.rf.06a9e46c24ef3e9904437a1dbab2fdcd_086.jpg,0,hidup,train,test,hen_f0566,test/IMG_20220303_085151_jpg.rf.06a9e46c24ef3e9904437a1dbab2fdcd.jpg,"[279, 135, 296, 151]",1.0,hen_gt,hen_kandang
hidup/hen_f0566_IMG_20220303_085151_jpg.rf.06a9e46c24ef3e9904437a1dbab2fdcd_098.jpg,0,hidup,train,test,hen_f0566,test/IMG_20220303_085151_jpg.rf.06a9e46c24ef3e9904437a1dbab2fdcd.jpg,"[139, 186, 160, 212]",1.0,hen_gt,hen_kandang
hidup/hen_f0567_IMG_20220303_085346_jpg.rf.705216c9906bb006c9b201678f00937b_03.jpg,0,hidup,train,train,hen_f0567,train/IMG_20220303_085346_jpg.rf.705216c9906bb006c9b201678f00937b.jpg,"[68, 115, 100, 135]",1.0,hen_gt,hen_kandang
hidup/hen_f0567_IMG_20220303_085346_jpg.rf.705216c9906bb006c9b201678f00937b_031.jpg,0,hidup,train,train,hen_f0567,train/IMG_20220303_085346_jpg.rf.705216c9906bb006c9b201678f00937b.jpg,"[246, 217, 298, 268]",1.0,hen_gt,hen_kandang
hidup/hen_f0567_IMG_20220303_085346_jpg.rf.705216c9906bb006c9b201678f00937b_036.jpg,0,hidup,train,train,hen_f0567,train/IMG_20220303_085346_jpg.rf.705216c9906bb006c9b201678f00937b.jpg,"[89, 291, 125, 320]",1.0,hen_gt,hen_kandang
hidup/hen_f0567_IMG_20220303_085346_jpg.rf.705216c9906bb006c9b201678f00937b_049.jpg,0,hidup,train,train,hen_f0567,train/IMG_20220303_085346_jpg.rf.705216c9906bb006c9b201678f00937b.jpg,"[271, 68, 298, 85]",1.0,hen_gt,hen_kandang
hidup/hen_f0568_IMG_20220303_085207_jpg.rf.75658472692a97fafb88d394ec2ad38c_016.jpg,0,hidup,train,valid,hen_f0568,valid/IMG_20220303_085207_jpg.rf.75658472692a97fafb88d394ec2ad38c.jpg,"[305, 169, 320, 199]",1.0,hen_gt,hen_kandang
hidup/hen_f0568_IMG_20220303_085207_jpg.rf.75658472692a97fafb88d394ec2ad38c_03.jpg,0,hidup,train,valid,hen_f0568,valid/IMG_20220303_085207_jpg.rf.75658472692a97fafb88d394ec2ad38c.jpg,"[221, 5, 234, 19]",1.0,hen_gt,hen_kandang
hidup/hen_f0568_IMG_20220303_085207_jpg.rf.75658472692a97fafb88d394ec2ad38c_047.jpg,0,hidup,train,valid,hen_f0568,valid/IMG_20220303_085207_jpg.rf.75658472692a97fafb88d394ec2ad38c.jpg,"[289, 30, 308, 48]",1.0,hen_gt,hen_kandang
hidup/hen_f0568_IMG_20220303_085207_jpg.rf.75658472692a97fafb88d394ec2ad38c_052.jpg,0,hidup,train,valid,hen_f0568,valid/IMG_20220303_085207_jpg.rf.75658472692a97fafb88d394ec2ad38c.jpg,"[193, 42, 213, 62]",1.0,hen_gt,hen_kandang
hidup/hen_f0569_IMG_20220303_085233_jpg.rf.28ed7d7d9f081ecbd2b2c2f8dc4c571e_028.jpg,0,hidup,train,train,hen_f0569,train/IMG_20220303_085233_jpg.rf.28ed7d7d9f081ecbd2b2c2f8dc4c571e.jpg,"[66, 159, 95, 181]",1.0,hen_gt,hen_kandang
hidup/hen_f0569_IMG_20220303_085233_jpg.rf.28ed7d7d9f081ecbd2b2c2f8dc4c571e_075.jpg,0,hidup,train,train,hen_f0569,train/IMG_20220303_085233_jpg.rf.28ed7d7d9f081ecbd2b2c2f8dc4c571e.jpg,"[59, 80, 82, 108]",1.0,hen_gt,hen_kandang
hidup/hen_f0569_IMG_20220303_085233_jpg.rf.28ed7d7d9f081ecbd2b2c2f8dc4c571e_076.jpg,0,hidup,train,train,hen_f0569,train/IMG_20220303_085233_jpg.rf.28ed7d7d9f081ecbd2b2c2f8dc4c571e.jpg,"[128, 80, 147, 108]",1.0,hen_gt,hen_kandang
hidup/hen_f0569_IMG_20220303_085233_jpg.rf.28ed7d7d9f081ecbd2b2c2f8dc4c571e_079.jpg,0,hidup,train,train,hen_f0569,train/IMG_20220303_085233_jpg.rf.28ed7d7d9f081ecbd2b2c2f8dc4c571e.jpg,"[83, 84, 98, 115]",1.0,hen_gt,hen_kandang
hidup/hen_f0572_IMG_5787_JPG_jpg.rf.78ebe3d0418dceedb1ae1ad52e9899fc_00.jpg,0,hidup,train,train,hen_f0572,train/IMG_5787_JPG_jpg.rf.78ebe3d0418dceedb1ae1ad52e9899fc.jpg,"[353, 262, 572, 588]",1.0,hen_gt,hen_kandang
hidup/hen_f0578_IMG_5792_JPG_jpg.rf.2d07e2aa5b8d5e044ae0e8564d12b900_00.jpg,0,hidup,train,train,hen_f0578,train/IMG_5792_JPG_jpg.rf.2d07e2aa5b8d5e044ae0e8564d12b900.jpg,"[269, 387, 374, 607]",1.0,hen_gt,hen_kandang
hidup/hen_f0578_IMG_5792_JPG_jpg.rf.2d07e2aa5b8d5e044ae0e8564d12b900_01.jpg,0,hidup,train,train,hen_f0578,train/IMG_5792_JPG_jpg.rf.2d07e2aa5b8d5e044ae0e8564d12b900.jpg,"[143, 445, 243, 607]",1.0,hen_gt,hen_kandang
hidup/hen_f0580_IMG_20220303_085321_jpg.rf.51d964da24dc035e2a15d0ed2ddde303_013.jpg,0,hidup,train,valid,hen_f0580,valid/IMG_20220303_085321_jpg.rf.51d964da24dc035e2a15d0ed2ddde303.jpg,"[260, 209, 320, 248]",1.0,hen_gt,hen_kandang
hidup/hen_f0580_IMG_20220303_085321_jpg.rf.51d964da24dc035e2a15d0ed2ddde303_02.jpg,0,hidup,train,valid,hen_f0580,valid/IMG_20220303_085321_jpg.rf.51d964da24dc035e2a15d0ed2ddde303.jpg,"[114, 98, 144, 116]",1.0,hen_gt,hen_kandang
hidup/hen_f0580_IMG_20220303_085321_jpg.rf.51d964da24dc035e2a15d0ed2ddde303_04.jpg,0,hidup,train,valid,hen_f0580,valid/IMG_20220303_085321_jpg.rf.51d964da24dc035e2a15d0ed2ddde303.jpg,"[56, 103, 97, 120]",1.0,hen_gt,hen_kandang
hidup/hen_f0580_IMG_20220303_085321_jpg.rf.51d964da24dc035e2a15d0ed2ddde303_08.jpg,0,hidup,train,valid,hen_f0580,valid/IMG_20220303_085321_jpg.rf.51d964da24dc035e2a15d0ed2ddde303.jpg,"[231, 146, 266, 167]",1.0,hen_gt,hen_kandang
hidup/hen_f0583_IMG_20220513_171723_HHT_jpg.rf.3ab195665942ab1524ee47f2e0e8b8a4_00.jpg,0,hidup,train,valid,hen_f0583,valid/IMG_20220513_171723_HHT_jpg.rf.3ab195665942ab1524ee47f2e0e8b8a4.jpg,"[242, 236, 416, 351]",1.0,hen_gt,hen_kandang
hidup/hen_f0588_IMG20220702135348_jpg.rf.d0914097b20a420564869b7abfa6fc87_00.jpg,0,hidup,train,train,hen_f0588,train/IMG20220702135348_jpg.rf.d0914097b20a420564869b7abfa6fc87.jpg,"[151, 127, 512, 607]",1.0,hen_gt,hen_kandang
hidup/hen_f0590_IMG20220702135435_jpg.rf.85f6863c1ce44fc41c267a5c2fcfa747_00.jpg,0,hidup,train,train,hen_f0590,train/IMG20220702135435_jpg.rf.85f6863c1ce44fc41c267a5c2fcfa747.jpg,"[126, 192, 529, 607]",1.0,hen_gt,hen_kandang
hidup/hen_f0591_IMG20220702135243_jpg.rf.6df3912996fc6245861010c2c336cf4e_00.jpg,0,hidup,train,train,hen_f0591,train/IMG20220702135243_jpg.rf.6df3912996fc6245861010c2c336cf4e.jpg,"[206, 143, 486, 517]",1.0,hen_gt,hen_kandang
hidup/hen_f0592_IMG20220702135252_jpg.rf.15abe6230e793409e5e57e65d018af59_00.jpg,0,hidup,train,train,hen_f0592,train/IMG20220702135252_jpg.rf.15abe6230e793409e5e57e65d018af59.jpg,"[145, 129, 478, 591]",1.0,hen_gt,hen_kandang
hidup/hen_f0597_IMG_20220303_085335_jpg.rf.5c6674ef38f5f8d21291b56b1ad0ee7a_03.jpg,0,hidup,train,train,hen_f0597,train/IMG_20220303_085335_jpg.rf.5c6674ef38f5f8d21291b56b1ad0ee7a.jpg,"[136, 95, 272, 125]",1.0,hen_gt,hen_kandang
hidup/hen_f0597_IMG_20220303_085335_jpg.rf.5c6674ef38f5f8d21291b56b1ad0ee7a_06.jpg,0,hidup,train,train,hen_f0597,train/IMG_20220303_085335_jpg.rf.5c6674ef38f5f8d21291b56b1ad0ee7a.jpg,"[70, 140, 194, 166]",1.0,hen_gt,hen_kandang
hidup/hen_f0597_IMG_20220303_085335_jpg.rf.5c6674ef38f5f8d21291b56b1ad0ee7a_07.jpg,0,hidup,train,train,hen_f0597,train/IMG_20220303_085335_jpg.rf.5c6674ef38f5f8d21291b56b1ad0ee7a.jpg,"[244, 140, 320, 205]",1.0,hen_gt,hen_kandang
hidup/hen_f0597_IMG_20220303_085335_jpg.rf.5c6674ef38f5f8d21291b56b1ad0ee7a_08.jpg,0,hidup,train,train,hen_f0597,train/IMG_20220303_085335_jpg.rf.5c6674ef38f5f8d21291b56b1ad0ee7a.jpg,"[188, 155, 254, 192]",1.0,hen_gt,hen_kandang
hidup/hen_f0598_IMG_20220303_085344_jpg.rf.092e24ba85fdcc180456695777b84a13_013.jpg,0,hidup,train,train,hen_f0598,train/IMG_20220303_085344_jpg.rf.092e24ba85fdcc180456695777b84a13.jpg,"[143, 143, 169, 186]",1.0,hen_gt,hen_kandang
hidup/hen_f0598_IMG_20220303_085344_jpg.rf.092e24ba85fdcc180456695777b84a13_057.jpg,0,hidup,train,train,hen_f0598,train/IMG_20220303_085344_jpg.rf.092e24ba85fdcc180456695777b84a13.jpg,"[54, 79, 70, 96]",1.0,hen_gt,hen_kandang
hidup/hen_f0598_IMG_20220303_085344_jpg.rf.092e24ba85fdcc180456695777b84a13_059.jpg,0,hidup,train,train,hen_f0598,train/IMG_20220303_085344_jpg.rf.092e24ba85fdcc180456695777b84a13.jpg,"[223, 82, 238, 103]",1.0,hen_gt,hen_kandang
hidup/hen_f0598_IMG_20220303_085344_jpg.rf.092e24ba85fdcc180456695777b84a13_062.jpg,0,hidup,train,train,hen_f0598,train/IMG_20220303_085344_jpg.rf.092e24ba85fdcc180456695777b84a13.jpg,"[91, 84, 114, 113]",1.0,hen_gt,hen_kandang
hidup/hen_f0600_-22-_mp4-9_jpg.rf.210ccf5ed9294be9006d19f9fca3508a_00.jpg,0,hidup,train,train,hen_f0600,train/-22-_mp4-9_jpg.rf.210ccf5ed9294be9006d19f9fca3508a.jpg,"[157, 167, 354, 380]",1.0,hen_gt,hen_kandang
hidup/hen_f0600_-22-_mp4-9_jpg.rf.210ccf5ed9294be9006d19f9fca3508a_01.jpg,0,hidup,train,train,hen_f0600,train/-22-_mp4-9_jpg.rf.210ccf5ed9294be9006d19f9fca3508a.jpg,"[33, 103, 184, 328]",1.0,hen_gt,hen_kandang
hidup/hen_f0600_-22-_mp4-9_jpg.rf.210ccf5ed9294be9006d19f9fca3508a_02.jpg,0,hidup,train,train,hen_f0600,train/-22-_mp4-9_jpg.rf.210ccf5ed9294be9006d19f9fca3508a.jpg,"[164, 8, 326, 156]",1.0,hen_gt,hen_kandang
hidup/hen_f0602_-25-_mp4-7_jpg.rf.0199fe449b78ee62670519d9b21449bf_00.jpg,0,hidup,train,train,hen_f0602,train/-25-_mp4-7_jpg.rf.0199fe449b78ee62670519d9b21449bf.jpg,"[288, 277, 390, 464]",1.0,hen_gt,hen_kandang
hidup/hen_f0602_-25-_mp4-7_jpg.rf.0199fe449b78ee62670519d9b21449bf_016.jpg,0,hidup,train,train,hen_f0602,train/-25-_mp4-7_jpg.rf.0199fe449b78ee62670519d9b21449bf.jpg,"[399, 58, 450, 181]",1.0,hen_gt,hen_kandang
hidup/hen_f0602_-25-_mp4-7_jpg.rf.0199fe449b78ee62670519d9b21449bf_07.jpg,0,hidup,train,train,hen_f0602,train/-25-_mp4-7_jpg.rf.0199fe449b78ee62670519d9b21449bf.jpg,"[264, 93, 333, 280]",1.0,hen_gt,hen_kandang
hidup/hen_f0602_-25-_mp4-7_jpg.rf.0199fe449b78ee62670519d9b21449bf_09.jpg,0,hidup,train,train,hen_f0602,train/-25-_mp4-7_jpg.rf.0199fe449b78ee62670519d9b21449bf.jpg,"[387, 338, 467, 512]",1.0,hen_gt,hen_kandang
hidup/hen_f0609_IMG20220702135429_jpg.rf.65a018bd25b9a914496bc448d1da21cb_00.jpg,0,hidup,train,train,hen_f0609,train/IMG20220702135429_jpg.rf.65a018bd25b9a914496bc448d1da21cb.jpg,"[154, 204, 495, 583]",1.0,hen_gt,hen_kandang
hidup/hen_f0610_IMG_20220303_085439_jpg.rf.28962622219a2e8e2f5defce93644e69_01.jpg,0,hidup,train,train,hen_f0610,train/IMG_20220303_085439_jpg.rf.28962622219a2e8e2f5defce93644e69.jpg,"[158, 91, 197, 156]",1.0,hen_gt,hen_kandang
hidup/hen_f0610_IMG_20220303_085439_jpg.rf.28962622219a2e8e2f5defce93644e69_02.jpg,0,hidup,train,train,hen_f0610,train/IMG_20220303_085439_jpg.rf.28962622219a2e8e2f5defce93644e69.jpg,"[169, 65, 297, 242]",1.0,hen_gt,hen_kandang
hidup/hen_f0610_IMG_20220303_085439_jpg.rf.28962622219a2e8e2f5defce93644e69_03.jpg,0,hidup,train,train,hen_f0610,train/IMG_20220303_085439_jpg.rf.28962622219a2e8e2f5defce93644e69.jpg,"[2, 93, 105, 268]",1.0,hen_gt,hen_kandang
hidup/hen_f0610_IMG_20220303_085439_jpg.rf.28962622219a2e8e2f5defce93644e69_04.jpg,0,hidup,train,train,hen_f0610,train/IMG_20220303_085439_jpg.rf.28962622219a2e8e2f5defce93644e69.jpg,"[88, 90, 220, 320]",1.0,hen_gt,hen_kandang
hidup/hen_f0613_IMG_20220513_170651_HHT_jpg.rf.0ade5ac6a9667f7c92bfdc30f16e862d_00.jpg,0,hidup,train,train,hen_f0613,train/IMG_20220513_170651_HHT_jpg.rf.0ade5ac6a9667f7c92bfdc30f16e862d.jpg,"[232, 198, 400, 357]",1.0,hen_gt,hen_kandang
hidup/hen_f0614_IMG_20220513_170702_HHT_jpg.rf.402d7c71fc65f05fde6879624a0642f3_00.jpg,0,hidup,train,train,hen_f0614,train/IMG_20220513_170702_HHT_jpg.rf.402d7c71fc65f05fde6879624a0642f3.jpg,"[252, 258, 402, 406]",1.0,hen_gt,hen_kandang
hidup/hen_f0618_IMG20220702135433_jpg.rf.03d0c68cba667de536b1f6a4183de71a_00.jpg,0,hidup,train,valid,hen_f0618,valid/IMG20220702135433_jpg.rf.03d0c68cba667de536b1f6a4183de71a.jpg,"[130, 234, 496, 608]",1.0,hen_gt,hen_kandang
hidup/hen_f0620_IMG_20220513_170704_HHT_jpg.rf.02615b1a9c09a67b2cb26240019499f1_00.jpg,0,hidup,train,train,hen_f0620,train/IMG_20220513_170704_HHT_jpg.rf.02615b1a9c09a67b2cb26240019499f1.jpg,"[240, 269, 401, 421]",1.0,hen_gt,hen_kandang
hidup/hen_f0621_IMG_20220303_090335_jpg.rf.112ccd52683df839325a9374c24f890f_00.jpg,0,hidup,train,train,hen_f0621,train/IMG_20220303_090335_jpg.rf.112ccd52683df839325a9374c24f890f.jpg,"[237, 119, 266, 165]",1.0,hen_gt,hen_kandang
hidup/hen_f0621_IMG_20220303_090335_jpg.rf.112ccd52683df839325a9374c24f890f_01.jpg,0,hidup,train,train,hen_f0621,train/IMG_20220303_090335_jpg.rf.112ccd52683df839325a9374c24f890f.jpg,"[267, 142, 280, 160]",1.0,hen_gt,hen_kandang
hidup/hen_f0621_IMG_20220303_090335_jpg.rf.112ccd52683df839325a9374c24f890f_02.jpg,0,hidup,train,train,hen_f0621,train/IMG_20220303_090335_jpg.rf.112ccd52683df839325a9374c24f890f.jpg,"[118, 98, 220, 275]",1.0,hen_gt,hen_kandang
hidup/hen_f0623_IMG_20220513_171733_HHT_jpg.rf.0390cc5ee5b3c10854e02e053dd78d04_00.jpg,0,hidup,train,train,hen_f0623,train/IMG_20220513_171733_HHT_jpg.rf.0390cc5ee5b3c10854e02e053dd78d04.jpg,"[198, 224, 388, 306]",1.0,hen_gt,hen_kandang
hidup/hen_f0634_IMG_20220303_085409_jpg.rf.1bdd91114af7553de635d84ac90882f1_01.jpg,0,hidup,train,valid,hen_f0634,valid/IMG_20220303_085409_jpg.rf.1bdd91114af7553de635d84ac90882f1.jpg,"[205, 126, 224, 146]",1.0,hen_gt,hen_kandang
hidup/hen_f0634_IMG_20220303_085409_jpg.rf.1bdd91114af7553de635d84ac90882f1_011.jpg,0,hidup,train,valid,hen_f0634,valid/IMG_20220303_085409_jpg.rf.1bdd91114af7553de635d84ac90882f1.jpg,"[176, 172, 224, 248]",1.0,hen_gt,hen_kandang
hidup/hen_f0634_IMG_20220303_085409_jpg.rf.1bdd91114af7553de635d84ac90882f1_013.jpg,0,hidup,train,valid,hen_f0634,valid/IMG_20220303_085409_jpg.rf.1bdd91114af7553de635d84ac90882f1.jpg,"[91, 176, 134, 253]",1.0,hen_gt,hen_kandang
hidup/hen_f0634_IMG_20220303_085409_jpg.rf.1bdd91114af7553de635d84ac90882f1_05.jpg,0,hidup,train,valid,hen_f0634,valid/IMG_20220303_085409_jpg.rf.1bdd91114af7553de635d84ac90882f1.jpg,"[136, 144, 162, 188]",1.0,hen_gt,hen_kandang
hidup/hen_f0640_IMG20220702135431_jpg.rf.1fb5cfdc4666816c617e6daf1c64882a_00.jpg,0,hidup,train,valid,hen_f0640,valid/IMG20220702135431_jpg.rf.1fb5cfdc4666816c617e6daf1c64882a.jpg,"[153, 222, 495, 598]",1.0,hen_gt,hen_kandang
hidup/hen_f0642_IMG_20220303_090309_jpg.rf.256dd0c6f9ef0ff4f7532417fa02343b_00.jpg,0,hidup,train,valid,hen_f0642,valid/IMG_20220303_090309_jpg.rf.256dd0c6f9ef0ff4f7532417fa02343b.jpg,"[228, 95, 250, 139]",1.0,hen_gt,hen_kandang
hidup/hen_f0642_IMG_20220303_090309_jpg.rf.256dd0c6f9ef0ff4f7532417fa02343b_01.jpg,0,hidup,train,valid,hen_f0642,valid/IMG_20220303_090309_jpg.rf.256dd0c6f9ef0ff4f7532417fa02343b.jpg,"[303, 109, 320, 144]",1.0,hen_gt,hen_kandang
hidup/hen_f0642_IMG_20220303_090309_jpg.rf.256dd0c6f9ef0ff4f7532417fa02343b_02.jpg,0,hidup,train,valid,hen_f0642,valid/IMG_20220303_090309_jpg.rf.256dd0c6f9ef0ff4f7532417fa02343b.jpg,"[271, 133, 296, 152]",1.0,hen_gt,hen_kandang
hidup/hen_f0642_IMG_20220303_090309_jpg.rf.256dd0c6f9ef0ff4f7532417fa02343b_03.jpg,0,hidup,train,valid,hen_f0642,valid/IMG_20220303_090309_jpg.rf.256dd0c6f9ef0ff4f7532417fa02343b.jpg,"[237, 134, 272, 164]",1.0,hen_gt,hen_kandang
hidup/hen_f0643_IMG_20220513_170723_HHT_jpg.rf.369f80932feae8e107acd6bd715ccd64_00.jpg,0,hidup,train,train,hen_f0643,train/IMG_20220513_170723_HHT_jpg.rf.369f80932feae8e107acd6bd715ccd64.jpg,"[238, 266, 371, 357]",1.0,hen_gt,hen_kandang
hidup/hen_f0644_IMG_20220513_170935_HHT_jpg.rf.46d3073a43c71296d050af2cc95edfa6_00.jpg,0,hidup,train,train,hen_f0644,train/IMG_20220513_170935_HHT_jpg.rf.46d3073a43c71296d050af2cc95edfa6.jpg,"[208, 236, 406, 344]",1.0,hen_gt,hen_kandang
hidup/hen_f0646_IMG_20220303_085510_jpg.rf.33141074c09d6f226ccfba7f6e7bf7cd_00.jpg,0,hidup,train,train,hen_f0646,train/IMG_20220303_085510_jpg.rf.33141074c09d6f226ccfba7f6e7bf7cd.jpg,"[65, 147, 88, 168]",1.0,hen_gt,hen_kandang
hidup/hen_f0646_IMG_20220303_085510_jpg.rf.33141074c09d6f226ccfba7f6e7bf7cd_01.jpg,0,hidup,train,train,hen_f0646,train/IMG_20220303_085510_jpg.rf.33141074c09d6f226ccfba7f6e7bf7cd.jpg,"[121, 125, 188, 214]",1.0,hen_gt,hen_kandang
hidup/hen_f0646_IMG_20220303_085510_jpg.rf.33141074c09d6f226ccfba7f6e7bf7cd_03.jpg,0,hidup,train,train,hen_f0646,train/IMG_20220303_085510_jpg.rf.33141074c09d6f226ccfba7f6e7bf7cd.jpg,"[160, 125, 258, 257]",1.0,hen_gt,hen_kandang
hidup/hen_f0646_IMG_20220303_085510_jpg.rf.33141074c09d6f226ccfba7f6e7bf7cd_04.jpg,0,hidup,train,train,hen_f0646,train/IMG_20220303_085510_jpg.rf.33141074c09d6f226ccfba7f6e7bf7cd.jpg,"[65, 161, 111, 258]",1.0,hen_gt,hen_kandang
hidup/hen_f0650_IMG_20220303_085529_jpg.rf.78ebc6d4e2c841e5f5b21fae83a5379b_00.jpg,0,hidup,train,train,hen_f0650,train/IMG_20220303_085529_jpg.rf.78ebc6d4e2c841e5f5b21fae83a5379b.jpg,"[152, 118, 170, 134]",1.0,hen_gt,hen_kandang
hidup/hen_f0650_IMG_20220303_085529_jpg.rf.78ebc6d4e2c841e5f5b21fae83a5379b_013.jpg,0,hidup,train,train,hen_f0650,train/IMG_20220303_085529_jpg.rf.78ebc6d4e2c841e5f5b21fae83a5379b.jpg,"[26, 154, 41, 166]",1.0,hen_gt,hen_kandang
hidup/hen_f0650_IMG_20220303_085529_jpg.rf.78ebc6d4e2c841e5f5b21fae83a5379b_015.jpg,0,hidup,train,train,hen_f0650,train/IMG_20220303_085529_jpg.rf.78ebc6d4e2c841e5f5b21fae83a5379b.jpg,"[34, 160, 60, 185]",1.0,hen_gt,hen_kandang
hidup/hen_f0650_IMG_20220303_085529_jpg.rf.78ebc6d4e2c841e5f5b21fae83a5379b_09.jpg,0,hidup,train,train,hen_f0650,train/IMG_20220303_085529_jpg.rf.78ebc6d4e2c841e5f5b21fae83a5379b.jpg,"[100, 140, 128, 152]",1.0,hen_gt,hen_kandang
hidup/hen_f0652_images-2023-03-16T144608-588_jpg.rf.54ff60f206fd55e7368a2d266c624ea8_00.jpg,0,hidup,train,train,hen_f0652,train/images-2023-03-16T144608-588_jpg.rf.54ff60f206fd55e7368a2d266c624ea8.jpg,"[163, 348, 480, 482]",1.0,hen_gt,hen_kandang
hidup/hen_f0652_images-2023-03-16T144608-588_jpg.rf.54ff60f206fd55e7368a2d266c624ea8_01.jpg,0,hidup,train,train,hen_f0652,train/images-2023-03-16T144608-588_jpg.rf.54ff60f206fd55e7368a2d266c624ea8.jpg,"[323, 428, 618, 603]",1.0,hen_gt,hen_kandang
hidup/hen_f0652_images-2023-03-16T144608-588_jpg.rf.54ff60f206fd55e7368a2d266c624ea8_04.jpg,0,hidup,train,train,hen_f0652,train/images-2023-03-16T144608-588_jpg.rf.54ff60f206fd55e7368a2d266c624ea8.jpg,"[91, 266, 254, 465]",1.0,hen_gt,hen_kandang
hidup/hen_f0652_images-2023-03-16T144608-588_jpg.rf.54ff60f206fd55e7368a2d266c624ea8_05.jpg,0,hidup,train,train,hen_f0652,train/images-2023-03-16T144608-588_jpg.rf.54ff60f206fd55e7368a2d266c624ea8.jpg,"[259, 156, 383, 257]",1.0,hen_gt,hen_kandang
hidup/hen_f0653_-25-_mp4-8_jpg.rf.6344cff73bd7e922444e5fbafcd9024c_01.jpg,0,hidup,train,train,hen_f0653,train/-25-_mp4-8_jpg.rf.6344cff73bd7e922444e5fbafcd9024c.jpg,"[525, 385, 626, 578]",1.0,hen_gt,hen_kandang
hidup/hen_f0653_-25-_mp4-8_jpg.rf.6344cff73bd7e922444e5fbafcd9024c_011.jpg,0,hidup,train,train,hen_f0653,train/-25-_mp4-8_jpg.rf.6344cff73bd7e922444e5fbafcd9024c.jpg,"[318, 55, 373, 266]",1.0,hen_gt,hen_kandang
hidup/hen_f0653_-25-_mp4-8_jpg.rf.6344cff73bd7e922444e5fbafcd9024c_02.jpg,0,hidup,train,train,hen_f0653,train/-25-_mp4-8_jpg.rf.6344cff73bd7e922444e5fbafcd9024c.jpg,"[297, 299, 390, 504]",1.0,hen_gt,hen_kandang
hidup/hen_f0653_-25-_mp4-8_jpg.rf.6344cff73bd7e922444e5fbafcd9024c_06.jpg,0,hidup,train,train,hen_f0653,train/-25-_mp4-8_jpg.rf.6344cff73bd7e922444e5fbafcd9024c.jpg,"[109, 148, 206, 268]",1.0,hen_gt,hen_kandang
hidup/hen_f0655_IMG_20220303_085527_jpg.rf.8456d8b7bf8785e311ad4575d099797e_00.jpg,0,hidup,train,train,hen_f0655,train/IMG_20220303_085527_jpg.rf.8456d8b7bf8785e311ad4575d099797e.jpg,"[209, 119, 280, 170]",1.0,hen_gt,hen_kandang
hidup/hen_f0655_IMG_20220303_085527_jpg.rf.8456d8b7bf8785e311ad4575d099797e_01.jpg,0,hidup,train,train,hen_f0655,train/IMG_20220303_085527_jpg.rf.8456d8b7bf8785e311ad4575d099797e.jpg,"[90, 111, 142, 205]",1.0,hen_gt,hen_kandang
hidup/hen_f0655_IMG_20220303_085527_jpg.rf.8456d8b7bf8785e311ad4575d099797e_02.jpg,0,hidup,train,train,hen_f0655,train/IMG_20220303_085527_jpg.rf.8456d8b7bf8785e311ad4575d099797e.jpg,"[23, 161, 74, 195]",1.0,hen_gt,hen_kandang
hidup/hen_f0655_IMG_20220303_085527_jpg.rf.8456d8b7bf8785e311ad4575d099797e_03.jpg,0,hidup,train,train,hen_f0655,train/IMG_20220303_085527_jpg.rf.8456d8b7bf8785e311ad4575d099797e.jpg,"[114, 127, 275, 320]",1.0,hen_gt,hen_kandang
hidup/hen_f0656_images-51-_jpg.rf.5ffb47237f8b474e3a1463a12c423917_00.jpg,0,hidup,train,train,hen_f0656,train/images-51-_jpg.rf.5ffb47237f8b474e3a1463a12c423917.jpg,"[252, 224, 612, 623]",1.0,hen_gt,hen_kandang
hidup/hen_f0656_images-51-_jpg.rf.5ffb47237f8b474e3a1463a12c423917_01.jpg,0,hidup,train,train,hen_f0656,train/images-51-_jpg.rf.5ffb47237f8b474e3a1463a12c423917.jpg,"[154, 400, 357, 640]",1.0,hen_gt,hen_kandang
hidup/hen_f0656_images-51-_jpg.rf.5ffb47237f8b474e3a1463a12c423917_02.jpg,0,hidup,train,train,hen_f0656,train/images-51-_jpg.rf.5ffb47237f8b474e3a1463a12c423917.jpg,"[2, 377, 152, 634]",1.0,hen_gt,hen_kandang
hidup/hen_f0656_images-51-_jpg.rf.5ffb47237f8b474e3a1463a12c423917_03.jpg,0,hidup,train,train,hen_f0656,train/images-51-_jpg.rf.5ffb47237f8b474e3a1463a12c423917.jpg,"[202, 134, 302, 253]",1.0,hen_gt,hen_kandang
hidup/hen_f0658_images-82-_jpg.rf.091ab2ae45266c8635abd228eeba62a3_00.jpg,0,hidup,train,train,hen_f0658,train/images-82-_jpg.rf.091ab2ae45266c8635abd228eeba62a3.jpg,"[96, 420, 602, 640]",1.0,hen_gt,hen_kandang
hidup/hen_f0658_images-82-_jpg.rf.091ab2ae45266c8635abd228eeba62a3_03.jpg,0,hidup,train,train,hen_f0658,train/images-82-_jpg.rf.091ab2ae45266c8635abd228eeba62a3.jpg,"[238, 165, 506, 249]",1.0,hen_gt,hen_kandang
hidup/hen_f0658_images-82-_jpg.rf.091ab2ae45266c8635abd228eeba62a3_04.jpg,0,hidup,train,train,hen_f0658,train/images-82-_jpg.rf.091ab2ae45266c8635abd228eeba62a3.jpg,"[37, 140, 266, 282]",1.0,hen_gt,hen_kandang
hidup/hen_f0658_images-82-_jpg.rf.091ab2ae45266c8635abd228eeba62a3_05.jpg,0,hidup,train,train,hen_f0658,train/images-82-_jpg.rf.091ab2ae45266c8635abd228eeba62a3.jpg,"[236, 244, 392, 316]",1.0,hen_gt,hen_kandang
hidup/hen_f0661_IMG_20220513_170914_HHT_jpg.rf.2bb14c2ceba788f0214b453ee2c14cd3_00.jpg,0,hidup,train,train,hen_f0661,train/IMG_20220513_170914_HHT_jpg.rf.2bb14c2ceba788f0214b453ee2c14cd3.jpg,"[266, 251, 384, 337]",1.0,hen_gt,hen_kandang
hidup/hen_f0662_IMG_20220513_170957_HHT_jpg.rf.3e2bbd3b8cf9faaf8718bcf1d176d858_00.jpg,0,hidup,train,train,hen_f0662,train/IMG_20220513_170957_HHT_jpg.rf.3e2bbd3b8cf9faaf8718bcf1d176d858.jpg,"[226, 223, 404, 368]",1.0,hen_gt,hen_kandang
hidup/hen_f0663_IMG_20220513_170925_HHT_jpg.rf.26b23fa9a96a509bd10499e5b9f849a6_00.jpg,0,hidup,train,train,hen_f0663,train/IMG_20220513_170925_HHT_jpg.rf.26b23fa9a96a509bd10499e5b9f849a6.jpg,"[286, 246, 386, 332]",1.0,hen_gt,hen_kandang
hidup/hen_f0665_IMG_20220513_170858_HHT_jpg.rf.177f997c8f2e7fb78067dcfa5c680506_00.jpg,0,hidup,train,train,hen_f0665,train/IMG_20220513_170858_HHT_jpg.rf.177f997c8f2e7fb78067dcfa5c680506.jpg,"[306, 246, 408, 371]",1.0,hen_gt,hen_kandang
hidup/hen_f0667_IMG_20220513_171911_HHT_jpg.rf.495f3ac06861d570db92f40b979cba90_00.jpg,0,hidup,train,train,hen_f0667,train/IMG_20220513_171911_HHT_jpg.rf.495f3ac06861d570db92f40b979cba90.jpg,"[226, 232, 368, 389]",1.0,hen_gt,hen_kandang
hidup/hen_f0669_images-2023-03-16T145341-879_jpg.rf.5ab6c715b327d503c2ce0293677cb2b3_00.jpg,0,hidup,train,train,hen_f0669,train/images-2023-03-16T145341-879_jpg.rf.5ab6c715b327d503c2ce0293677cb2b3.jpg,"[261, 385, 375, 556]",1.0,hen_gt,hen_kandang
hidup/hen_f0669_images-2023-03-16T145341-879_jpg.rf.5ab6c715b327d503c2ce0293677cb2b3_01.jpg,0,hidup,train,train,hen_f0669,train/images-2023-03-16T145341-879_jpg.rf.5ab6c715b327d503c2ce0293677cb2b3.jpg,"[73, 353, 204, 468]",1.0,hen_gt,hen_kandang
hidup/hen_f0669_images-2023-03-16T145341-879_jpg.rf.5ab6c715b327d503c2ce0293677cb2b3_012.jpg,0,hidup,train,train,hen_f0669,train/images-2023-03-16T145341-879_jpg.rf.5ab6c715b327d503c2ce0293677cb2b3.jpg,"[353, 255, 412, 339]",1.0,hen_gt,hen_kandang
hidup/hen_f0669_images-2023-03-16T145341-879_jpg.rf.5ab6c715b327d503c2ce0293677cb2b3_02.jpg,0,hidup,train,train,hen_f0669,train/images-2023-03-16T145341-879_jpg.rf.5ab6c715b327d503c2ce0293677cb2b3.jpg,"[88, 243, 170, 366]",1.0,hen_gt,hen_kandang
hidup/hen_f0673_IMG_5799_JPG_jpg.rf.733aa73e34dfba36cae46a8672968455_00.jpg,0,hidup,train,train,hen_f0673,train/IMG_5799_JPG_jpg.rf.733aa73e34dfba36cae46a8672968455.jpg,"[38, 133, 278, 580]",1.0,hen_gt,hen_kandang
hidup/hen_f0673_IMG_5799_JPG_jpg.rf.733aa73e34dfba36cae46a8672968455_01.jpg,0,hidup,train,train,hen_f0673,train/IMG_5799_JPG_jpg.rf.733aa73e34dfba36cae46a8672968455.jpg,"[227, 31, 513, 452]",1.0,hen_gt,hen_kandang
hidup/hen_f0675_IMG_5803_PNG_jpg.rf.6d9b5a4734d47042f07672a94bfa9465_00.jpg,0,hidup,train,valid,hen_f0675,valid/IMG_5803_PNG_jpg.rf.6d9b5a4734d47042f07672a94bfa9465.jpg,"[174, 301, 244, 396]",1.0,hen_gt,hen_kandang
hidup/hen_f0675_IMG_5803_PNG_jpg.rf.6d9b5a4734d47042f07672a94bfa9465_01.jpg,0,hidup,train,valid,hen_f0675,valid/IMG_5803_PNG_jpg.rf.6d9b5a4734d47042f07672a94bfa9465.jpg,"[206, 357, 265, 481]",1.0,hen_gt,hen_kandang
hidup/hen_f0675_IMG_5803_PNG_jpg.rf.6d9b5a4734d47042f07672a94bfa9465_02.jpg,0,hidup,train,valid,hen_f0675,valid/IMG_5803_PNG_jpg.rf.6d9b5a4734d47042f07672a94bfa9465.jpg,"[232, 395, 306, 559]",1.0,hen_gt,hen_kandang
hidup/hen_f0677_IMG_5814_PNG_jpg.rf.17f55ee49bd1e525cac5340b56396627_00.jpg,0,hidup,train,train,hen_f0677,train/IMG_5814_PNG_jpg.rf.17f55ee49bd1e525cac5340b56396627.jpg,"[109, 218, 385, 607]",1.0,hen_gt,hen_kandang
hidup/hen_f0681_IMG_5825_PNG_jpg.rf.1c78f07ca1e51d32a83906d91db7a83f_00.jpg,0,hidup,train,test,hen_f0681,test/IMG_5825_PNG_jpg.rf.1c78f07ca1e51d32a83906d91db7a83f.jpg,"[351, 6, 448, 260]",1.0,hen_gt,hen_kandang
hidup/hen_f0682_IMG_5811_PNG_jpg.rf.34022ed259567cea3bb201abfa55bcf8_00.jpg,0,hidup,train,train,hen_f0682,train/IMG_5811_PNG_jpg.rf.34022ed259567cea3bb201abfa55bcf8.jpg,"[46, 140, 197, 346]",1.0,hen_gt,hen_kandang
hidup/hen_f0682_IMG_5811_PNG_jpg.rf.34022ed259567cea3bb201abfa55bcf8_01.jpg,0,hidup,train,train,hen_f0682,train/IMG_5811_PNG_jpg.rf.34022ed259567cea3bb201abfa55bcf8.jpg,"[200, 241, 430, 591]",1.0,hen_gt,hen_kandang
hidup/hen_f0685_IMG_5826_PNG_jpg.rf.22619cf2faa77533335a5981e30d39fa_00.jpg,0,hidup,train,valid,hen_f0685,valid/IMG_5826_PNG_jpg.rf.22619cf2faa77533335a5981e30d39fa.jpg,"[150, 128, 320, 535]",1.0,hen_gt,hen_kandang
hidup/hen_f0687_IMG_20220513_175802_HHT_jpg.rf.e7ff74091775e0a03a6a1ff37f0a82f7_00.jpg,0,hidup,train,train,hen_f0687,train/IMG_20220513_175802_HHT_jpg.rf.e7ff74091775e0a03a6a1ff37f0a82f7.jpg,"[258, 193, 388, 309]",1.0,hen_gt,hen_kandang
hidup/hen_f0689_29_JPG_jpg.rf.9df3295e7afcf1b003ff3053d3dfed70_01.jpg,0,hidup,train,train,hen_f0689,train/29_JPG_jpg.rf.9df3295e7afcf1b003ff3053d3dfed70.jpg,"[123, 249, 138, 291]",1.0,hen_gt,hen_kandang
hidup/hen_f0689_29_JPG_jpg.rf.9df3295e7afcf1b003ff3053d3dfed70_02.jpg,0,hidup,train,train,hen_f0689,train/29_JPG_jpg.rf.9df3295e7afcf1b003ff3053d3dfed70.jpg,"[217, 251, 230, 291]",1.0,hen_gt,hen_kandang
hidup/hen_f0689_29_JPG_jpg.rf.9df3295e7afcf1b003ff3053d3dfed70_04.jpg,0,hidup,train,train,hen_f0689,train/29_JPG_jpg.rf.9df3295e7afcf1b003ff3053d3dfed70.jpg,"[198, 268, 214, 293]",1.0,hen_gt,hen_kandang
hidup/hen_f0689_29_JPG_jpg.rf.9df3295e7afcf1b003ff3053d3dfed70_06.jpg,0,hidup,train,train,hen_f0689,train/29_JPG_jpg.rf.9df3295e7afcf1b003ff3053d3dfed70.jpg,"[235, 268, 251, 314]",1.0,hen_gt,hen_kandang
hidup/hen_f0698_IMG_20220513_175756_HHT_jpg.rf.32dc6b04448cd756331b9f0c30616e59_00.jpg,0,hidup,train,train,hen_f0698,train/IMG_20220513_175756_HHT_jpg.rf.32dc6b04448cd756331b9f0c30616e59.jpg,"[232, 160, 388, 286]",1.0,hen_gt,hen_kandang
hidup/hen_f0701_IMG_20220513_175811_HHT_jpg.rf.0244aa61eb2a9bd828cc7d8d11a8c83e_00.jpg,0,hidup,train,train,hen_f0701,train/IMG_20220513_175811_HHT_jpg.rf.0244aa61eb2a9bd828cc7d8d11a8c83e.jpg,"[216, 256, 444, 383]",1.0,hen_gt,hen_kandang
hidup/hen_f0706_IMG_20220303_090324_jpg.rf.bee8a2752d761ef3445d64767cd699ca_00.jpg,0,hidup,train,train,hen_f0706,train/IMG_20220303_090324_jpg.rf.bee8a2752d761ef3445d64767cd699ca.jpg,"[83, 111, 108, 165]",1.0,hen_gt,hen_kandang
hidup/hen_f0706_IMG_20220303_090324_jpg.rf.bee8a2752d761ef3445d64767cd699ca_01.jpg,0,hidup,train,train,hen_f0706,train/IMG_20220303_090324_jpg.rf.bee8a2752d761ef3445d64767cd699ca.jpg,"[49, 112, 74, 166]",1.0,hen_gt,hen_kandang
hidup/hen_f0706_IMG_20220303_090324_jpg.rf.bee8a2752d761ef3445d64767cd699ca_02.jpg,0,hidup,train,train,hen_f0706,train/IMG_20220303_090324_jpg.rf.bee8a2752d761ef3445d64767cd699ca.jpg,"[154, 101, 260, 286]",1.0,hen_gt,hen_kandang
hidup/hen_f0707_IMG_20220303_085443_jpg.rf.053f3c36b0bc33029c0ca95a4aa3d9e3_01.jpg,0,hidup,train,train,hen_f0707,train/IMG_20220303_085443_jpg.rf.053f3c36b0bc33029c0ca95a4aa3d9e3.jpg,"[101, 91, 130, 140]",1.0,hen_gt,hen_kandang
hidup/hen_f0707_IMG_20220303_085443_jpg.rf.053f3c36b0bc33029c0ca95a4aa3d9e3_02.jpg,0,hidup,train,train,hen_f0707,train/IMG_20220303_085443_jpg.rf.053f3c36b0bc33029c0ca95a4aa3d9e3.jpg,"[224, 66, 283, 173]",1.0,hen_gt,hen_kandang
hidup/hen_f0707_IMG_20220303_085443_jpg.rf.053f3c36b0bc33029c0ca95a4aa3d9e3_03.jpg,0,hidup,train,train,hen_f0707,train/IMG_20220303_085443_jpg.rf.053f3c36b0bc33029c0ca95a4aa3d9e3.jpg,"[45, 84, 114, 184]",1.0,hen_gt,hen_kandang
hidup/hen_f0707_IMG_20220303_085443_jpg.rf.053f3c36b0bc33029c0ca95a4aa3d9e3_07.jpg,0,hidup,train,train,hen_f0707,train/IMG_20220303_085443_jpg.rf.053f3c36b0bc33029c0ca95a4aa3d9e3.jpg,"[0, 99, 57, 255]",1.0,hen_gt,hen_kandang
hidup/hen_f0710_images-26-_jpg.rf.2fe39e08f7f88994853dfe9ec16e6bb1_010.jpg,0,hidup,train,train,hen_f0710,train/images-26-_jpg.rf.2fe39e08f7f88994853dfe9ec16e6bb1.jpg,"[384, 51, 463, 210]",1.0,hen_gt,hen_kandang
hidup/hen_f0710_images-26-_jpg.rf.2fe39e08f7f88994853dfe9ec16e6bb1_03.jpg,0,hidup,train,train,hen_f0710,train/images-26-_jpg.rf.2fe39e08f7f88994853dfe9ec16e6bb1.jpg,"[129, 315, 268, 490]",1.0,hen_gt,hen_kandang
hidup/hen_f0710_images-26-_jpg.rf.2fe39e08f7f88994853dfe9ec16e6bb1_06.jpg,0,hidup,train,train,hen_f0710,train/images-26-_jpg.rf.2fe39e08f7f88994853dfe9ec16e6bb1.jpg,"[95, 88, 186, 185]",1.0,hen_gt,hen_kandang
hidup/hen_f0710_images-26-_jpg.rf.2fe39e08f7f88994853dfe9ec16e6bb1_08.jpg,0,hidup,train,train,hen_f0710,train/images-26-_jpg.rf.2fe39e08f7f88994853dfe9ec16e6bb1.jpg,"[75, 264, 138, 391]",1.0,hen_gt,hen_kandang
hidup/hen_f0711_IMG_20220513_171806_HHT_jpg.rf.079685ebfdd115dce2f2de1a02749348_00.jpg,0,hidup,train,train,hen_f0711,train/IMG_20220513_171806_HHT_jpg.rf.079685ebfdd115dce2f2de1a02749348.jpg,"[228, 258, 407, 367]",1.0,hen_gt,hen_kandang
hidup/hen_f0712_IMG_20220513_171824_HHT_jpg.rf.496029fa487739d978b8789e9cc33572_00.jpg,0,hidup,train,train,hen_f0712,train/IMG_20220513_171824_HHT_jpg.rf.496029fa487739d978b8789e9cc33572.jpg,"[230, 267, 458, 377]",1.0,hen_gt,hen_kandang
hidup/hen_f0713_IMG_20220513_171802_HHT_jpg.rf.04e1b6a1d5e8e7b7bffac1e7bff0ffa4_00.jpg,0,hidup,train,train,hen_f0713,train/IMG_20220513_171802_HHT_jpg.rf.04e1b6a1d5e8e7b7bffac1e7bff0ffa4.jpg,"[212, 231, 390, 357]",1.0,hen_gt,hen_kandang
hidup/hen_f0714_IMG_20220513_171832_HHT_jpg.rf.0770d98001ec6f77f47e75c3eaba6916_00.jpg,0,hidup,train,train,hen_f0714,train/IMG_20220513_171832_HHT_jpg.rf.0770d98001ec6f77f47e75c3eaba6916.jpg,"[208, 238, 432, 354]",1.0,hen_gt,hen_kandang
hidup/hen_f0718_images-2023-03-16T144700-612_jpg.rf.6d670c6ed144726e2f02d16967b26a0e_03.jpg,0,hidup,train,train,hen_f0718,train/images-2023-03-16T144700-612_jpg.rf.6d670c6ed144726e2f02d16967b26a0e.jpg,"[212, 137, 290, 514]",1.0,hen_gt,hen_kandang
hidup/hen_f0718_images-2023-03-16T144700-612_jpg.rf.6d670c6ed144726e2f02d16967b26a0e_04.jpg,0,hidup,train,train,hen_f0718,train/images-2023-03-16T144700-612_jpg.rf.6d670c6ed144726e2f02d16967b26a0e.jpg,"[265, 68, 378, 587]",1.0,hen_gt,hen_kandang
hidup/hen_f0718_images-2023-03-16T144700-612_jpg.rf.6d670c6ed144726e2f02d16967b26a0e_05.jpg,0,hidup,train,train,hen_f0718,train/images-2023-03-16T144700-612_jpg.rf.6d670c6ed144726e2f02d16967b26a0e.jpg,"[350, 41, 538, 640]",1.0,hen_gt,hen_kandang
hidup/hen_f0718_images-2023-03-16T144700-612_jpg.rf.6d670c6ed144726e2f02d16967b26a0e_07.jpg,0,hidup,train,train,hen_f0718,train/images-2023-03-16T144700-612_jpg.rf.6d670c6ed144726e2f02d16967b26a0e.jpg,"[528, 109, 602, 250]",1.0,hen_gt,hen_kandang
hidup/hen_f0719_IMG_20220513_171121_HHT_jpg.rf.200ef3bf37d29be7213cd51d7c906671_00.jpg,0,hidup,train,train,hen_f0719,train/IMG_20220513_171121_HHT_jpg.rf.200ef3bf37d29be7213cd51d7c906671.jpg,"[191, 284, 349, 415]",1.0,hen_gt,hen_kandang
hidup/hen_f0721_images-2023-03-16T144622-268_jpg.rf.2cd2d8d6dfff1f84775089936a2b3421_00.jpg,0,hidup,train,train,hen_f0721,train/images-2023-03-16T144622-268_jpg.rf.2cd2d8d6dfff1f84775089936a2b3421.jpg,"[43, 140, 272, 447]",1.0,hen_gt,hen_kandang
hidup/hen_f0721_images-2023-03-16T144622-268_jpg.rf.2cd2d8d6dfff1f84775089936a2b3421_01.jpg,0,hidup,train,train,hen_f0721,train/images-2023-03-16T144622-268_jpg.rf.2cd2d8d6dfff1f84775089936a2b3421.jpg,"[284, 115, 480, 290]",1.0,hen_gt,hen_kandang
hidup/hen_f0721_images-2023-03-16T144622-268_jpg.rf.2cd2d8d6dfff1f84775089936a2b3421_02.jpg,0,hidup,train,train,hen_f0721,train/images-2023-03-16T144622-268_jpg.rf.2cd2d8d6dfff1f84775089936a2b3421.jpg,"[287, 272, 526, 616]",1.0,hen_gt,hen_kandang
hidup/hen_f0721_images-2023-03-16T144622-268_jpg.rf.2cd2d8d6dfff1f84775089936a2b3421_03.jpg,0,hidup,train,train,hen_f0721,train/images-2023-03-16T144622-268_jpg.rf.2cd2d8d6dfff1f84775089936a2b3421.jpg,"[153, 5, 304, 167]",1.0,hen_gt,hen_kandang
hidup/hen_f0722_images-2023-03-16T144629-644_jpg.rf.0f62421c7412c021bc5dd61008c84e1e_01.jpg,0,hidup,train,train,hen_f0722,train/images-2023-03-16T144629-644_jpg.rf.0f62421c7412c021bc5dd61008c84e1e.jpg,"[397, 186, 570, 267]",1.0,hen_gt,hen_kandang
hidup/hen_f0722_images-2023-03-16T144629-644_jpg.rf.0f62421c7412c021bc5dd61008c84e1e_02.jpg,0,hidup,train,train,hen_f0722,train/images-2023-03-16T144629-644_jpg.rf.0f62421c7412c021bc5dd61008c84e1e.jpg,"[145, 62, 370, 166]",1.0,hen_gt,hen_kandang
hidup/hen_f0722_images-2023-03-16T144629-644_jpg.rf.0f62421c7412c021bc5dd61008c84e1e_03.jpg,0,hidup,train,train,hen_f0722,train/images-2023-03-16T144629-644_jpg.rf.0f62421c7412c021bc5dd61008c84e1e.jpg,"[399, 108, 586, 189]",1.0,hen_gt,hen_kandang
hidup/hen_f0722_images-2023-03-16T144629-644_jpg.rf.0f62421c7412c021bc5dd61008c84e1e_04.jpg,0,hidup,train,train,hen_f0722,train/images-2023-03-16T144629-644_jpg.rf.0f62421c7412c021bc5dd61008c84e1e.jpg,"[37, 176, 365, 302]",1.0,hen_gt,hen_kandang
hidup/hen_f0724_IMG_20220513_171122_HHT_jpg.rf.42367fadceafbf3393af089dc137ae6e_00.jpg,0,hidup,train,test,hen_f0724,test/IMG_20220513_171122_HHT_jpg.rf.42367fadceafbf3393af089dc137ae6e.jpg,"[226, 242, 406, 384]",1.0,hen_gt,hen_kandang
hidup/hen_f0725_images-50-_jpg.rf.61a897165147197af14a92abe988aef2_00.jpg,0,hidup,train,train,hen_f0725,train/images-50-_jpg.rf.61a897165147197af14a92abe988aef2.jpg,"[30, 30, 336, 613]",1.0,hen_gt,hen_kandang
hidup/hen_f0725_images-50-_jpg.rf.61a897165147197af14a92abe988aef2_01.jpg,0,hidup,train,train,hen_f0725,train/images-50-_jpg.rf.61a897165147197af14a92abe988aef2.jpg,"[297, 117, 608, 530]",1.0,hen_gt,hen_kandang
hidup/hen_f0726_images-83-_jpg.rf.78dfd750f8bad1fe11354c5f59ae9bb7_00.jpg,0,hidup,train,train,hen_f0726,train/images-83-_jpg.rf.78dfd750f8bad1fe11354c5f59ae9bb7.jpg,"[0, 314, 204, 510]",1.0,hen_gt,hen_kandang
hidup/hen_f0726_images-83-_jpg.rf.78dfd750f8bad1fe11354c5f59ae9bb7_01.jpg,0,hidup,train,train,hen_f0726,train/images-83-_jpg.rf.78dfd750f8bad1fe11354c5f59ae9bb7.jpg,"[320, 316, 578, 535]",1.0,hen_gt,hen_kandang
hidup/hen_f0726_images-83-_jpg.rf.78dfd750f8bad1fe11354c5f59ae9bb7_02.jpg,0,hidup,train,train,hen_f0726,train/images-83-_jpg.rf.78dfd750f8bad1fe11354c5f59ae9bb7.jpg,"[113, 198, 359, 380]",1.0,hen_gt,hen_kandang
hidup/hen_f0726_images-83-_jpg.rf.78dfd750f8bad1fe11354c5f59ae9bb7_03.jpg,0,hidup,train,train,hen_f0726,train/images-83-_jpg.rf.78dfd750f8bad1fe11354c5f59ae9bb7.jpg,"[475, 81, 640, 291]",1.0,hen_gt,hen_kandang
hidup/hen_f0729_images-52-_jpg.rf.3d2da74baf5fae38fdeebed43cac3924_00.jpg,0,hidup,train,train,hen_f0729,train/images-52-_jpg.rf.3d2da74baf5fae38fdeebed43cac3924.jpg,"[119, 99, 326, 559]",1.0,hen_gt,hen_kandang
hidup/hen_f0730_images-87-_jpg.rf.0bc6d2204c5c971ab4b4d2971c328d77_00.jpg,0,hidup,train,valid,hen_f0730,valid/images-87-_jpg.rf.0bc6d2204c5c971ab4b4d2971c328d77.jpg,"[86, 347, 208, 556]",1.0,hen_gt,hen_kandang
hidup/hen_f0730_images-87-_jpg.rf.0bc6d2204c5c971ab4b4d2971c328d77_02.jpg,0,hidup,train,valid,hen_f0730,valid/images-87-_jpg.rf.0bc6d2204c5c971ab4b4d2971c328d77.jpg,"[112, 552, 214, 640]",1.0,hen_gt,hen_kandang
hidup/hen_f0730_images-87-_jpg.rf.0bc6d2204c5c971ab4b4d2971c328d77_05.jpg,0,hidup,train,valid,hen_f0730,valid/images-87-_jpg.rf.0bc6d2204c5c971ab4b4d2971c328d77.jpg,"[428, 242, 573, 394]",1.0,hen_gt,hen_kandang
hidup/hen_f0730_images-87-_jpg.rf.0bc6d2204c5c971ab4b4d2971c328d77_07.jpg,0,hidup,train,valid,hen_f0730,valid/images-87-_jpg.rf.0bc6d2204c5c971ab4b4d2971c328d77.jpg,"[559, 358, 640, 571]",1.0,hen_gt,hen_kandang
hidup/hen_f0733_images-70-_jpg.rf.5f2058c051fe3e334df37635568ee7ad_00.jpg,0,hidup,train,valid,hen_f0733,valid/images-70-_jpg.rf.5f2058c051fe3e334df37635568ee7ad.jpg,"[48, 16, 362, 578]",1.0,hen_gt,hen_kandang
hidup/hen_f0734_images-71-_jpg.rf.46829b960e6bd7f74f7d4636237dc3a2_00.jpg,0,hidup,train,valid,hen_f0734,valid/images-71-_jpg.rf.46829b960e6bd7f74f7d4636237dc3a2.jpg,"[96, 142, 331, 533]",1.0,hen_gt,hen_kandang
hidup/hen_f0734_images-71-_jpg.rf.46829b960e6bd7f74f7d4636237dc3a2_01.jpg,0,hidup,train,valid,hen_f0734,valid/images-71-_jpg.rf.46829b960e6bd7f74f7d4636237dc3a2.jpg,"[361, 186, 603, 569]",1.0,hen_gt,hen_kandang
hidup/hen_f0735_images-61-_jpg.rf.06053d7c260df4c7e33dd3c0fbbc9300_00.jpg,0,hidup,train,train,hen_f0735,train/images-61-_jpg.rf.06053d7c260df4c7e33dd3c0fbbc9300.jpg,"[117, 73, 505, 572]",1.0,hen_gt,hen_kandang
hidup/hen_f0736_images-62-_jpg.rf.011d773d13ade7b0f6347d15ad964f67_00.jpg,0,hidup,train,train,hen_f0736,train/images-62-_jpg.rf.011d773d13ade7b0f6347d15ad964f67.jpg,"[176, 14, 518, 596]",1.0,hen_gt,hen_kandang
hidup/hen_f0738_images-72-_jpg.rf.5b6069730157e9c771bb19c288c9bfa3_01.jpg,0,hidup,train,train,hen_f0738,train/images-72-_jpg.rf.5b6069730157e9c771bb19c288c9bfa3.jpg,"[296, 375, 452, 640]",1.0,hen_gt,hen_kandang
hidup/hen_f0738_images-72-_jpg.rf.5b6069730157e9c771bb19c288c9bfa3_03.jpg,0,hidup,train,train,hen_f0738,train/images-72-_jpg.rf.5b6069730157e9c771bb19c288c9bfa3.jpg,"[226, 264, 328, 510]",1.0,hen_gt,hen_kandang
hidup/hen_f0738_images-72-_jpg.rf.5b6069730157e9c771bb19c288c9bfa3_04.jpg,0,hidup,train,train,hen_f0738,train/images-72-_jpg.rf.5b6069730157e9c771bb19c288c9bfa3.jpg,"[28, 305, 116, 455]",1.0,hen_gt,hen_kandang
hidup/hen_f0738_images-72-_jpg.rf.5b6069730157e9c771bb19c288c9bfa3_05.jpg,0,hidup,train,train,hen_f0738,train/images-72-_jpg.rf.5b6069730157e9c771bb19c288c9bfa3.jpg,"[429, 227, 532, 505]",1.0,hen_gt,hen_kandang
hidup/hen_f0739_IMG20220702135043_jpg.rf.9a11ddd76533213d849939833d856545_00.jpg,0,hidup,train,train,hen_f0739,train/IMG20220702135043_jpg.rf.9a11ddd76533213d849939833d856545.jpg,"[31, 164, 529, 586]",1.0,hen_gt,hen_kandang
hidup/hen_f0740_IMG20220702135106_jpg.rf.0c1b98c56f22c3b465c547cda2311fce_00.jpg,0,hidup,train,train,hen_f0740,train/IMG20220702135106_jpg.rf.0c1b98c56f22c3b465c547cda2311fce.jpg,"[189, 198, 532, 572]",1.0,hen_gt,hen_kandang
hidup/hen_f0743_IMG20220702135047_jpg.rf.6f4b932b2accb8393f4a683c0e3e9792_00.jpg,0,hidup,train,train,hen_f0743,train/IMG20220702135047_jpg.rf.6f4b932b2accb8393f4a683c0e3e9792.jpg,"[20, 156, 490, 580]",1.0,hen_gt,hen_kandang
hidup/hen_f0746_images-2023-03-16T145437-816_jpg.rf.71b862633aeee60fd6a73c95c5b2cfff_00.jpg,0,hidup,train,train,hen_f0746,train/images-2023-03-16T145437-816_jpg.rf.71b862633aeee60fd6a73c95c5b2cfff.jpg,"[306, 323, 458, 582]",1.0,hen_gt,hen_kandang
hidup/hen_f0746_images-2023-03-16T145437-816_jpg.rf.71b862633aeee60fd6a73c95c5b2cfff_01.jpg,0,hidup,train,train,hen_f0746,train/images-2023-03-16T145437-816_jpg.rf.71b862633aeee60fd6a73c95c5b2cfff.jpg,"[479, 27, 594, 249]",1.0,hen_gt,hen_kandang
hidup/hen_f0746_images-2023-03-16T145437-816_jpg.rf.71b862633aeee60fd6a73c95c5b2cfff_02.jpg,0,hidup,train,train,hen_f0746,train/images-2023-03-16T145437-816_jpg.rf.71b862633aeee60fd6a73c95c5b2cfff.jpg,"[474, 358, 640, 574]",1.0,hen_gt,hen_kandang
hidup/hen_f0746_images-2023-03-16T145437-816_jpg.rf.71b862633aeee60fd6a73c95c5b2cfff_03.jpg,0,hidup,train,train,hen_f0746,train/images-2023-03-16T145437-816_jpg.rf.71b862633aeee60fd6a73c95c5b2cfff.jpg,"[519, 548, 617, 640]",1.0,hen_gt,hen_kandang
hidup/hen_f0747_IMG_20220513_171940_HHT_jpg.rf.0d0bf9f5b00684ae832fa2bf5a4f4da1_00.jpg,0,hidup,train,train,hen_f0747,train/IMG_20220513_171940_HHT_jpg.rf.0d0bf9f5b00684ae832fa2bf5a4f4da1.jpg,"[238, 209, 410, 339]",1.0,hen_gt,hen_kandang
hidup/hen_f0748_images-2023-03-16T145510-712_jpg.rf.32ab168fe390019f49e34e1647532ade_00.jpg,0,hidup,train,train,hen_f0748,train/images-2023-03-16T145510-712_jpg.rf.32ab168fe390019f49e34e1647532ade.jpg,"[296, 287, 448, 640]",1.0,hen_gt,hen_kandang
hidup/hen_f0748_images-2023-03-16T145510-712_jpg.rf.32ab168fe390019f49e34e1647532ade_01.jpg,0,hidup,train,train,hen_f0748,train/images-2023-03-16T145510-712_jpg.rf.32ab168fe390019f49e34e1647532ade.jpg,"[240, 29, 300, 183]",1.0,hen_gt,hen_kandang
hidup/hen_f0748_images-2023-03-16T145510-712_jpg.rf.32ab168fe390019f49e34e1647532ade_02.jpg,0,hidup,train,train,hen_f0748,train/images-2023-03-16T145510-712_jpg.rf.32ab168fe390019f49e34e1647532ade.jpg,"[189, 97, 258, 286]",1.0,hen_gt,hen_kandang
hidup/hen_f0748_images-2023-03-16T145510-712_jpg.rf.32ab168fe390019f49e34e1647532ade_03.jpg,0,hidup,train,train,hen_f0748,train/images-2023-03-16T145510-712_jpg.rf.32ab168fe390019f49e34e1647532ade.jpg,"[275, 86, 316, 250]",1.0,hen_gt,hen_kandang
hidup/hen_f0749_images-2023-03-16T151224-552_jpg.rf.3019fcef2083435057ddffb7a1dc6c71_00.jpg,0,hidup,train,train,hen_f0749,train/images-2023-03-16T151224-552_jpg.rf.3019fcef2083435057ddffb7a1dc6c71.jpg,"[85, 191, 498, 470]",1.0,hen_gt,hen_kandang
hidup/hen_f0749_images-2023-03-16T151224-552_jpg.rf.3019fcef2083435057ddffb7a1dc6c71_01.jpg,0,hidup,train,train,hen_f0749,train/images-2023-03-16T151224-552_jpg.rf.3019fcef2083435057ddffb7a1dc6c71.jpg,"[426, 162, 640, 388]",1.0,hen_gt,hen_kandang
hidup/hen_f0750_images-2023-03-16T145522-955_jpg.rf.7c60287206e72c36ee3af16127b25843_00.jpg,0,hidup,train,train,hen_f0750,train/images-2023-03-16T145522-955_jpg.rf.7c60287206e72c36ee3af16127b25843.jpg,"[0, 195, 208, 640]",1.0,hen_gt,hen_kandang
hidup/hen_f0750_images-2023-03-16T145522-955_jpg.rf.7c60287206e72c36ee3af16127b25843_01.jpg,0,hidup,train,train,hen_f0750,train/images-2023-03-16T145522-955_jpg.rf.7c60287206e72c36ee3af16127b25843.jpg,"[429, 44, 636, 640]",1.0,hen_gt,hen_kandang
hidup/hen_f0750_images-2023-03-16T145522-955_jpg.rf.7c60287206e72c36ee3af16127b25843_02.jpg,0,hidup,train,train,hen_f0750,train/images-2023-03-16T145522-955_jpg.rf.7c60287206e72c36ee3af16127b25843.jpg,"[196, 95, 338, 352]",1.0,hen_gt,hen_kandang
hidup/hen_f0752_images-2023-03-16T145404-636_jpg.rf.7344d6ba4546cd7ff0e3f24764e1c701_00.jpg,0,hidup,train,train,hen_f0752,train/images-2023-03-16T145404-636_jpg.rf.7344d6ba4546cd7ff0e3f24764e1c701.jpg,"[0, 80, 85, 640]",1.0,hen_gt,hen_kandang
hidup/hen_f0752_images-2023-03-16T145404-636_jpg.rf.7344d6ba4546cd7ff0e3f24764e1c701_01.jpg,0,hidup,train,train,hen_f0752,train/images-2023-03-16T145404-636_jpg.rf.7344d6ba4546cd7ff0e3f24764e1c701.jpg,"[113, 173, 185, 449]",1.0,hen_gt,hen_kandang
hidup/hen_f0752_images-2023-03-16T145404-636_jpg.rf.7344d6ba4546cd7ff0e3f24764e1c701_03.jpg,0,hidup,train,train,hen_f0752,train/images-2023-03-16T145404-636_jpg.rf.7344d6ba4546cd7ff0e3f24764e1c701.jpg,"[297, 312, 408, 640]",1.0,hen_gt,hen_kandang
hidup/hen_f0752_images-2023-03-16T145404-636_jpg.rf.7344d6ba4546cd7ff0e3f24764e1c701_05.jpg,0,hidup,train,train,hen_f0752,train/images-2023-03-16T145404-636_jpg.rf.7344d6ba4546cd7ff0e3f24764e1c701.jpg,"[521, 151, 640, 640]",1.0,hen_gt,hen_kandang
hidup/hen_f0754_IMG_20220513_171947_HHT_jpg.rf.05161a655bc1917d5f174e2884034ba9_00.jpg,0,hidup,train,train,hen_f0754,train/IMG_20220513_171947_HHT_jpg.rf.05161a655bc1917d5f174e2884034ba9.jpg,"[254, 193, 426, 335]",1.0,hen_gt,hen_kandang
hidup/hen_f0758_IMG_5824_PNG_jpg.rf.0055cc629b0abc53cb0b2513ae882f29_00.jpg,0,hidup,train,train,hen_f0758,train/IMG_5824_PNG_jpg.rf.0055cc629b0abc53cb0b2513ae882f29.jpg,"[375, 25, 437, 294]",1.0,hen_gt,hen_kandang
hidup/hen_f0758_IMG_5824_PNG_jpg.rf.0055cc629b0abc53cb0b2513ae882f29_01.jpg,0,hidup,train,train,hen_f0758,train/IMG_5824_PNG_jpg.rf.0055cc629b0abc53cb0b2513ae882f29.jpg,"[408, 54, 517, 353]",1.0,hen_gt,hen_kandang
hidup/hen_f0758_IMG_5824_PNG_jpg.rf.0055cc629b0abc53cb0b2513ae882f29_02.jpg,0,hidup,train,train,hen_f0758,train/IMG_5824_PNG_jpg.rf.0055cc629b0abc53cb0b2513ae882f29.jpg,"[140, 266, 340, 607]",1.0,hen_gt,hen_kandang
hidup/hen_f0760_40_JPG_jpg.rf.06ad518a63f332737d852dcd9652b915_00.jpg,0,hidup,train,train,hen_f0760,train/40_JPG_jpg.rf.06ad518a63f332737d852dcd9652b915.jpg,"[93, 32, 110, 80]",1.0,hen_gt,hen_kandang
hidup/hen_f0760_40_JPG_jpg.rf.06ad518a63f332737d852dcd9652b915_01.jpg,0,hidup,train,train,hen_f0760,train/40_JPG_jpg.rf.06ad518a63f332737d852dcd9652b915.jpg,"[23, 68, 46, 122]",1.0,hen_gt,hen_kandang
hidup/hen_f0760_40_JPG_jpg.rf.06ad518a63f332737d852dcd9652b915_02.jpg,0,hidup,train,train,hen_f0760,train/40_JPG_jpg.rf.06ad518a63f332737d852dcd9652b915.jpg,"[58, 92, 94, 157]",1.0,hen_gt,hen_kandang
hidup/hen_f0760_40_JPG_jpg.rf.06ad518a63f332737d852dcd9652b915_04.jpg,0,hidup,train,train,hen_f0760,train/40_JPG_jpg.rf.06ad518a63f332737d852dcd9652b915.jpg,"[49, 156, 72, 199]",1.0,hen_gt,hen_kandang
hidup/hen_f0762_2a_jpg.rf.3bc329973082a2f31f3cb6955a6509b2_00.jpg,0,hidup,train,train,hen_f0762,train/2a_jpg.rf.3bc329973082a2f31f3cb6955a6509b2.jpg,"[49, 19, 246, 282]",1.0,hen_gt,hen_kandang
hidup/hen_f0763_34_JPG_jpg.rf.a17860973700591a7a33d3f946af8a18_00.jpg,0,hidup,train,train,hen_f0763,train/34_JPG_jpg.rf.a17860973700591a7a33d3f946af8a18.jpg,"[8, 9, 69, 59]",1.0,hen_gt,hen_kandang
hidup/hen_f0763_34_JPG_jpg.rf.a17860973700591a7a33d3f946af8a18_04.jpg,0,hidup,train,train,hen_f0763,train/34_JPG_jpg.rf.a17860973700591a7a33d3f946af8a18.jpg,"[140, 40, 210, 132]",1.0,hen_gt,hen_kandang
hidup/hen_f0763_34_JPG_jpg.rf.a17860973700591a7a33d3f946af8a18_06.jpg,0,hidup,train,train,hen_f0763,train/34_JPG_jpg.rf.a17860973700591a7a33d3f946af8a18.jpg,"[144, 130, 205, 196]",1.0,hen_gt,hen_kandang
hidup/hen_f0763_34_JPG_jpg.rf.a17860973700591a7a33d3f946af8a18_08.jpg,0,hidup,train,train,hen_f0763,train/34_JPG_jpg.rf.a17860973700591a7a33d3f946af8a18.jpg,"[97, 124, 141, 224]",1.0,hen_gt,hen_kandang
hidup/hen_f0764_41_JPG_jpg.rf.11f125193247dd3ffc5e29716d11d536_00.jpg,0,hidup,train,train,hen_f0764,train/41_JPG_jpg.rf.11f125193247dd3ffc5e29716d11d536.jpg,"[283, 85, 298, 104]",1.0,hen_gt,hen_kandang
hidup/hen_f0764_41_JPG_jpg.rf.11f125193247dd3ffc5e29716d11d536_02.jpg,0,hidup,train,train,hen_f0764,train/41_JPG_jpg.rf.11f125193247dd3ffc5e29716d11d536.jpg,"[100, 127, 124, 180]",1.0,hen_gt,hen_kandang
hidup/hen_f0764_41_JPG_jpg.rf.11f125193247dd3ffc5e29716d11d536_03.jpg,0,hidup,train,train,hen_f0764,train/41_JPG_jpg.rf.11f125193247dd3ffc5e29716d11d536.jpg,"[243, 134, 264, 183]",1.0,hen_gt,hen_kandang
hidup/hen_f0764_41_JPG_jpg.rf.11f125193247dd3ffc5e29716d11d536_05.jpg,0,hidup,train,train,hen_f0764,train/41_JPG_jpg.rf.11f125193247dd3ffc5e29716d11d536.jpg,"[52, 199, 80, 264]",1.0,hen_gt,hen_kandang
hidup/hen_f0768_53_JPG_jpg.rf.2b0fc492fc5eda9a690538491594954d_00.jpg,0,hidup,train,train,hen_f0768,train/53_JPG_jpg.rf.2b0fc492fc5eda9a690538491594954d.jpg,"[108, 1, 186, 68]",1.0,hen_gt,hen_kandang
hidup/hen_f0768_53_JPG_jpg.rf.2b0fc492fc5eda9a690538491594954d_02.jpg,0,hidup,train,train,hen_f0768,train/53_JPG_jpg.rf.2b0fc492fc5eda9a690538491594954d.jpg,"[147, 38, 233, 108]",1.0,hen_gt,hen_kandang
hidup/hen_f0768_53_JPG_jpg.rf.2b0fc492fc5eda9a690538491594954d_03.jpg,0,hidup,train,train,hen_f0768,train/53_JPG_jpg.rf.2b0fc492fc5eda9a690538491594954d.jpg,"[237, 64, 320, 159]",1.0,hen_gt,hen_kandang
hidup/hen_f0768_53_JPG_jpg.rf.2b0fc492fc5eda9a690538491594954d_04.jpg,0,hidup,train,train,hen_f0768,train/53_JPG_jpg.rf.2b0fc492fc5eda9a690538491594954d.jpg,"[137, 76, 255, 182]",1.0,hen_gt,hen_kandang
hidup/hen_f0769_3a_jpg.rf.45301e9981cd9d1d28db903adba6986a_00.jpg,0,hidup,train,train,hen_f0769,train/3a_jpg.rf.45301e9981cd9d1d28db903adba6986a.jpg,"[92, 6, 276, 309]",1.0,hen_gt,hen_kandang
hidup/hen_f0771_5a_jpg.rf.61520a7946144aa5314184dd2df9b529_00.jpg,0,hidup,train,train,hen_f0771,train/5a_jpg.rf.61520a7946144aa5314184dd2df9b529.jpg,"[97, 30, 220, 280]",1.0,hen_gt,hen_kandang
hidup/hen_f0772_50_JPG_jpg.rf.72445dac7e21d114e093befe1b114c14_01.jpg,0,hidup,train,train,hen_f0772,train/50_JPG_jpg.rf.72445dac7e21d114e093befe1b114c14.jpg,"[43, 140, 69, 196]",1.0,hen_gt,hen_kandang
hidup/hen_f0772_50_JPG_jpg.rf.72445dac7e21d114e093befe1b114c14_03.jpg,0,hidup,train,train,hen_f0772,train/50_JPG_jpg.rf.72445dac7e21d114e093befe1b114c14.jpg,"[234, 188, 251, 229]",1.0,hen_gt,hen_kandang
hidup/hen_f0772_50_JPG_jpg.rf.72445dac7e21d114e093befe1b114c14_04.jpg,0,hidup,train,train,hen_f0772,train/50_JPG_jpg.rf.72445dac7e21d114e093befe1b114c14.jpg,"[193, 206, 230, 269]",1.0,hen_gt,hen_kandang
hidup/hen_f0772_50_JPG_jpg.rf.72445dac7e21d114e093befe1b114c14_05.jpg,0,hidup,train,train,hen_f0772,train/50_JPG_jpg.rf.72445dac7e21d114e093befe1b114c14.jpg,"[273, 239, 302, 312]",1.0,hen_gt,hen_kandang
hidup/hen_f0773_7a_jpg.rf.51e6a01203bf41b61c1da22a5fcac502_00.jpg,0,hidup,train,train,hen_f0773,train/7a_jpg.rf.51e6a01203bf41b61c1da22a5fcac502.jpg,"[87, 2, 147, 105]",1.0,hen_gt,hen_kandang
hidup/hen_f0773_7a_jpg.rf.51e6a01203bf41b61c1da22a5fcac502_01.jpg,0,hidup,train,train,hen_f0773,train/7a_jpg.rf.51e6a01203bf41b61c1da22a5fcac502.jpg,"[141, 5, 236, 223]",1.0,hen_gt,hen_kandang
hidup/hen_f0773_7a_jpg.rf.51e6a01203bf41b61c1da22a5fcac502_02.jpg,0,hidup,train,train,hen_f0773,train/7a_jpg.rf.51e6a01203bf41b61c1da22a5fcac502.jpg,"[53, 50, 152, 250]",1.0,hen_gt,hen_kandang
hidup/hen_f0773_7a_jpg.rf.51e6a01203bf41b61c1da22a5fcac502_03.jpg,0,hidup,train,train,hen_f0773,train/7a_jpg.rf.51e6a01203bf41b61c1da22a5fcac502.jpg,"[244, 122, 320, 320]",1.0,hen_gt,hen_kandang
hidup/hen_f0776_49_JPG_jpg.rf.90e4d8ea37256f6920fc5a4d3ff4733e_02.jpg,0,hidup,train,test,hen_f0776,test/49_JPG_jpg.rf.90e4d8ea37256f6920fc5a4d3ff4733e.jpg,"[286, 155, 304, 198]",1.0,hen_gt,hen_kandang
hidup/hen_f0776_49_JPG_jpg.rf.90e4d8ea37256f6920fc5a4d3ff4733e_03.jpg,0,hidup,train,test,hen_f0776,test/49_JPG_jpg.rf.90e4d8ea37256f6920fc5a4d3ff4733e.jpg,"[160, 161, 177, 205]",1.0,hen_gt,hen_kandang
hidup/hen_f0776_49_JPG_jpg.rf.90e4d8ea37256f6920fc5a4d3ff4733e_05.jpg,0,hidup,train,test,hen_f0776,test/49_JPG_jpg.rf.90e4d8ea37256f6920fc5a4d3ff4733e.jpg,"[119, 164, 144, 208]",1.0,hen_gt,hen_kandang
hidup/hen_f0776_49_JPG_jpg.rf.90e4d8ea37256f6920fc5a4d3ff4733e_07.jpg,0,hidup,train,test,hen_f0776,test/49_JPG_jpg.rf.90e4d8ea37256f6920fc5a4d3ff4733e.jpg,"[261, 194, 285, 258]",1.0,hen_gt,hen_kandang
hidup/hen_f0777_7_JPG_jpg.rf.9fac4ecce4d806e260766cc7382d2a99_00.jpg,0,hidup,train,train,hen_f0777,train/7_JPG_jpg.rf.9fac4ecce4d806e260766cc7382d2a99.jpg,"[65, 197, 90, 220]",1.0,hen_gt,hen_kandang
hidup/hen_f0777_7_JPG_jpg.rf.9fac4ecce4d806e260766cc7382d2a99_016.jpg,0,hidup,train,train,hen_f0777,train/7_JPG_jpg.rf.9fac4ecce4d806e260766cc7382d2a99.jpg,"[29, 260, 54, 308]",1.0,hen_gt,hen_kandang
hidup/hen_f0777_7_JPG_jpg.rf.9fac4ecce4d806e260766cc7382d2a99_02.jpg,0,hidup,train,train,hen_f0777,train/7_JPG_jpg.rf.9fac4ecce4d806e260766cc7382d2a99.jpg,"[239, 196, 258, 230]",1.0,hen_gt,hen_kandang
hidup/hen_f0777_7_JPG_jpg.rf.9fac4ecce4d806e260766cc7382d2a99_07.jpg,0,hidup,train,train,hen_f0777,train/7_JPG_jpg.rf.9fac4ecce4d806e260766cc7382d2a99.jpg,"[261, 216, 290, 248]",1.0,hen_gt,hen_kandang
hidup/hen_f0780_IMG_20220513_170849_HHT_jpg.rf.19f504e57f0965d1a5bf57156ca782b4_00.jpg,0,hidup,train,train,hen_f0780,train/IMG_20220513_170849_HHT_jpg.rf.19f504e57f0965d1a5bf57156ca782b4.jpg,"[222, 178, 359, 307]",1.0,hen_gt,hen_kandang
hidup/hen_f0781_IMG_20220513_171859_HHT_jpg.rf.10911a205737d142223cd0cacdc8e249_00.jpg,0,hidup,train,train,hen_f0781,train/IMG_20220513_171859_HHT_jpg.rf.10911a205737d142223cd0cacdc8e249.jpg,"[234, 208, 392, 344]",1.0,hen_gt,hen_kandang
hidup/hen_f0782_IMG_20220513_171846_HHT_jpg.rf.9d6c26df801ffc6122e62442e95e2119_00.jpg,0,hidup,train,train,hen_f0782,train/IMG_20220513_171846_HHT_jpg.rf.9d6c26df801ffc6122e62442e95e2119.jpg,"[267, 223, 413, 323]",1.0,hen_gt,hen_kandang
hidup/hen_f0784_IMG_20220513_171835_HHT_jpg.rf.25c6c4362c4088edc088882737521df1_00.jpg,0,hidup,train,train,hen_f0784,train/IMG_20220513_171835_HHT_jpg.rf.25c6c4362c4088edc088882737521df1.jpg,"[212, 231, 396, 335]",1.0,hen_gt,hen_kandang
hidup/hen_f0786_IMG_20220513_171839_HHT_jpg.rf.0e11200fe51a58103fc94af813a2acbf_00.jpg,0,hidup,train,train,hen_f0786,train/IMG_20220513_171839_HHT_jpg.rf.0e11200fe51a58103fc94af813a2acbf.jpg,"[222, 245, 386, 351]",1.0,hen_gt,hen_kandang
hidup/hen_f0787_IMG_20220513_171856_HHT_jpg.rf.4c007f3ecf6e58d457dcc96d9fb301ae_00.jpg,0,hidup,train,train,hen_f0787,train/IMG_20220513_171856_HHT_jpg.rf.4c007f3ecf6e58d457dcc96d9fb301ae.jpg,"[228, 253, 382, 334]",1.0,hen_gt,hen_kandang
hidup/hen_f0789_IMG_20220513_171904_HHT_jpg.rf.0d033c8e9947ed02865a6f60b105b8c3_00.jpg,0,hidup,train,train,hen_f0789,train/IMG_20220513_171904_HHT_jpg.rf.0d033c8e9947ed02865a6f60b105b8c3.jpg,"[248, 214, 395, 359]",1.0,hen_gt,hen_kandang
hidup/hen_f0791_-30-_mp4-5_jpg.rf.0458775f57217bda4a7d590f41f80979_00.jpg,0,hidup,train,train,hen_f0791,train/-30-_mp4-5_jpg.rf.0458775f57217bda4a7d590f41f80979.jpg,"[87, 166, 210, 326]",1.0,hen_gt,hen_kandang
hidup/hen_f0791_-30-_mp4-5_jpg.rf.0458775f57217bda4a7d590f41f80979_010.jpg,0,hidup,train,train,hen_f0791,train/-30-_mp4-5_jpg.rf.0458775f57217bda4a7d590f41f80979.jpg,"[0, 3, 106, 101]",1.0,hen_gt,hen_kandang
hidup/hen_f0791_-30-_mp4-5_jpg.rf.0458775f57217bda4a7d590f41f80979_06.jpg,0,hidup,train,train,hen_f0791,train/-30-_mp4-5_jpg.rf.0458775f57217bda4a7d590f41f80979.jpg,"[258, 30, 378, 140]",1.0,hen_gt,hen_kandang
hidup/hen_f0791_-30-_mp4-5_jpg.rf.0458775f57217bda4a7d590f41f80979_07.jpg,0,hidup,train,train,hen_f0791,train/-30-_mp4-5_jpg.rf.0458775f57217bda4a7d590f41f80979.jpg,"[253, 99, 312, 158]",1.0,hen_gt,hen_kandang
hidup/hen_f0794_IMG_20220513_171150_HHT_jpg.rf.489caaac4f6ab8be3153b42274e90678_00.jpg,0,hidup,train,train,hen_f0794,train/IMG_20220513_171150_HHT_jpg.rf.489caaac4f6ab8be3153b42274e90678.jpg,"[204, 241, 404, 373]",1.0,hen_gt,hen_kandang
hidup/hen_f0795_001_22_IMG_Copyof2nd14220136402_AGRIPHOTO_TIMSCRIVENER-scaled_jpg.rf.831af6ae5b33205434b1447c7638dd1d_00.jpg,0,hidup,train,train,hen_f0795,train/001_22_IMG_Copyof2nd14220136402_AGRIPHOTO_TIMSCRIVENER-scaled_jpg.rf.831af6ae5b33205434b1447c7638dd1d.jpg,"[84, 96, 403, 607]",1.0,hen_gt,hen_kandang
hidup/hen_f0797_Broiler-benefits_embedded-1-_jpg.rf.d9e5a8866c1cb1e24fb0db281174aba8_00.jpg,0,hidup,train,train,hen_f0797,train/Broiler-benefits_embedded-1-_jpg.rf.d9e5a8866c1cb1e24fb0db281174aba8.jpg,"[345, 188, 490, 412]",1.0,hen_gt,hen_kandang
hidup/hen_f0797_Broiler-benefits_embedded-1-_jpg.rf.d9e5a8866c1cb1e24fb0db281174aba8_01.jpg,0,hidup,train,train,hen_f0797,train/Broiler-benefits_embedded-1-_jpg.rf.d9e5a8866c1cb1e24fb0db281174aba8.jpg,"[256, 264, 383, 492]",1.0,hen_gt,hen_kandang
hidup/hen_f0797_Broiler-benefits_embedded-1-_jpg.rf.d9e5a8866c1cb1e24fb0db281174aba8_02.jpg,0,hidup,train,train,hen_f0797,train/Broiler-benefits_embedded-1-_jpg.rf.d9e5a8866c1cb1e24fb0db281174aba8.jpg,"[405, 296, 523, 548]",1.0,hen_gt,hen_kandang
hidup/hen_f0797_Broiler-benefits_embedded-1-_jpg.rf.d9e5a8866c1cb1e24fb0db281174aba8_04.jpg,0,hidup,train,train,hen_f0797,train/Broiler-benefits_embedded-1-_jpg.rf.d9e5a8866c1cb1e24fb0db281174aba8.jpg,"[427, 359, 607, 607]",1.0,hen_gt,hen_kandang
hidup/hen_f0802_IMG20220702135044_jpg.rf.1444901b05bf563e4a02ae92a0e9ae36_00.jpg,0,hidup,train,train,hen_f0802,train/IMG20220702135044_jpg.rf.1444901b05bf563e4a02ae92a0e9ae36.jpg,"[60, 162, 535, 588]",1.0,hen_gt,hen_kandang
hidup/hen_f0803_2022-02-16-13_53_39-Greenshot_jpg.rf.7318a0e5ae73241d2f35616e15946b8f_03.jpg,0,hidup,train,train,hen_f0803,train/2022-02-16-13_53_39-Greenshot_jpg.rf.7318a0e5ae73241d2f35616e15946b8f.jpg,"[27, 73, 86, 174]",1.0,hen_gt,hen_kandang
hidup/hen_f0803_2022-02-16-13_53_39-Greenshot_jpg.rf.7318a0e5ae73241d2f35616e15946b8f_04.jpg,0,hidup,train,train,hen_f0803,train/2022-02-16-13_53_39-Greenshot_jpg.rf.7318a0e5ae73241d2f35616e15946b8f.jpg,"[110, 72, 196, 214]",1.0,hen_gt,hen_kandang
hidup/hen_f0803_2022-02-16-13_53_39-Greenshot_jpg.rf.7318a0e5ae73241d2f35616e15946b8f_05.jpg,0,hidup,train,train,hen_f0803,train/2022-02-16-13_53_39-Greenshot_jpg.rf.7318a0e5ae73241d2f35616e15946b8f.jpg,"[282, 119, 320, 235]",1.0,hen_gt,hen_kandang
hidup/hen_f0803_2022-02-16-13_53_39-Greenshot_jpg.rf.7318a0e5ae73241d2f35616e15946b8f_07.jpg,0,hidup,train,train,hen_f0803,train/2022-02-16-13_53_39-Greenshot_jpg.rf.7318a0e5ae73241d2f35616e15946b8f.jpg,"[48, 188, 147, 320]",1.0,hen_gt,hen_kandang
hidup/hen_f0804_2022-02-16-13_53_37-Greenshot_jpg.rf.2d628187c5b6d41498565feaa85b9646_00.jpg,0,hidup,train,train,hen_f0804,train/2022-02-16-13_53_37-Greenshot_jpg.rf.2d628187c5b6d41498565feaa85b9646.jpg,"[35, 0, 94, 76]",1.0,hen_gt,hen_kandang
hidup/hen_f0804_2022-02-16-13_53_37-Greenshot_jpg.rf.2d628187c5b6d41498565feaa85b9646_01.jpg,0,hidup,train,train,hen_f0804,train/2022-02-16-13_53_37-Greenshot_jpg.rf.2d628187c5b6d41498565feaa85b9646.jpg,"[124, 0, 191, 88]",1.0,hen_gt,hen_kandang
hidup/hen_f0804_2022-02-16-13_53_37-Greenshot_jpg.rf.2d628187c5b6d41498565feaa85b9646_05.jpg,0,hidup,train,train,hen_f0804,train/2022-02-16-13_53_37-Greenshot_jpg.rf.2d628187c5b6d41498565feaa85b9646.jpg,"[155, 15, 214, 187]",1.0,hen_gt,hen_kandang
hidup/hen_f0804_2022-02-16-13_53_37-Greenshot_jpg.rf.2d628187c5b6d41498565feaa85b9646_07.jpg,0,hidup,train,train,hen_f0804,train/2022-02-16-13_53_37-Greenshot_jpg.rf.2d628187c5b6d41498565feaa85b9646.jpg,"[248, 120, 320, 240]",1.0,hen_gt,hen_kandang
hidup/hen_f0805_2022-02-16-13_53_33-Greenshot_jpg.rf.318ba129aabc73eb043b2547dfbfa6d4_013.jpg,0,hidup,train,train,hen_f0805,train/2022-02-16-13_53_33-Greenshot_jpg.rf.318ba129aabc73eb043b2547dfbfa6d4.jpg,"[190, 154, 230, 216]",1.0,hen_gt,hen_kandang
hidup/hen_f0805_2022-02-16-13_53_33-Greenshot_jpg.rf.318ba129aabc73eb043b2547dfbfa6d4_04.jpg,0,hidup,train,train,hen_f0805,train/2022-02-16-13_53_33-Greenshot_jpg.rf.318ba129aabc73eb043b2547dfbfa6d4.jpg,"[201, 79, 231, 126]",1.0,hen_gt,hen_kandang
hidup/hen_f0805_2022-02-16-13_53_33-Greenshot_jpg.rf.318ba129aabc73eb043b2547dfbfa6d4_05.jpg,0,hidup,train,train,hen_f0805,train/2022-02-16-13_53_33-Greenshot_jpg.rf.318ba129aabc73eb043b2547dfbfa6d4.jpg,"[137, 75, 160, 150]",1.0,hen_gt,hen_kandang
hidup/hen_f0805_2022-02-16-13_53_33-Greenshot_jpg.rf.318ba129aabc73eb043b2547dfbfa6d4_09.jpg,0,hidup,train,train,hen_f0805,train/2022-02-16-13_53_33-Greenshot_jpg.rf.318ba129aabc73eb043b2547dfbfa6d4.jpg,"[212, 122, 242, 190]",1.0,hen_gt,hen_kandang
hidup/hen_f0811_images-2023-03-16T151350-658_jpg.rf.ede8456cc0a9c4fe6989b81c4396c2f1_00.jpg,0,hidup,train,train,hen_f0811,train/images-2023-03-16T151350-658_jpg.rf.ede8456cc0a9c4fe6989b81c4396c2f1.jpg,"[75, 121, 473, 640]",1.0,hen_gt,hen_kandang
hidup/hen_f0820_IMG_20220513_172005_HHT_jpg.rf.31737843449603f10d9a7eb90db9018c_00.jpg,0,hidup,train,train,hen_f0820,train/IMG_20220513_172005_HHT_jpg.rf.31737843449603f10d9a7eb90db9018c.jpg,"[234, 244, 445, 364]",1.0,hen_gt,hen_kandang
hidup/hen_f0821_IMG_20220513_172014_HHT_jpg.rf.3189cf287e26a13771d9f5a9ecfbf765_00.jpg,0,hidup,train,train,hen_f0821,train/IMG_20220513_172014_HHT_jpg.rf.3189cf287e26a13771d9f5a9ecfbf765.jpg,"[199, 184, 410, 364]",1.0,hen_gt,hen_kandang
hidup/hen_f0823_images-37-_jpg.rf.592eabf55bb060dd69b90a5f799deb81_00.jpg,0,hidup,train,train,hen_f0823,train/images-37-_jpg.rf.592eabf55bb060dd69b90a5f799deb81.jpg,"[13, 75, 454, 620]",1.0,hen_gt,hen_kandang
hidup/hen_f0825_IMG_20220513_171758_HHT_jpg.rf.e6a90ff51fa4d3495b81ca12ac7922de_00.jpg,0,hidup,train,train,hen_f0825,train/IMG_20220513_171758_HHT_jpg.rf.e6a90ff51fa4d3495b81ca12ac7922de.jpg,"[200, 222, 398, 364]",1.0,hen_gt,hen_kandang
hidup/hen_f0835_-30-_mp4-7_jpg.rf.0695eb18623e6702aa1c81c77ab82b36_00.jpg,0,hidup,train,train,hen_f0835,train/-30-_mp4-7_jpg.rf.0695eb18623e6702aa1c81c77ab82b36.jpg,"[268, 76, 379, 192]",1.0,hen_gt,hen_kandang
hidup/hen_f0835_-30-_mp4-7_jpg.rf.0695eb18623e6702aa1c81c77ab82b36_02.jpg,0,hidup,train,train,hen_f0835,train/-30-_mp4-7_jpg.rf.0695eb18623e6702aa1c81c77ab82b36.jpg,"[72, 224, 264, 366]",1.0,hen_gt,hen_kandang
hidup/hen_f0835_-30-_mp4-7_jpg.rf.0695eb18623e6702aa1c81c77ab82b36_07.jpg,0,hidup,train,train,hen_f0835,train/-30-_mp4-7_jpg.rf.0695eb18623e6702aa1c81c77ab82b36.jpg,"[317, 38, 386, 126]",1.0,hen_gt,hen_kandang
hidup/hen_f0835_-30-_mp4-7_jpg.rf.0695eb18623e6702aa1c81c77ab82b36_09.jpg,0,hidup,train,train,hen_f0835,train/-30-_mp4-7_jpg.rf.0695eb18623e6702aa1c81c77ab82b36.jpg,"[369, 7, 486, 194]",1.0,hen_gt,hen_kandang
hidup/hen_f0836_-30-_mp4-1_jpg.rf.3dba1dc83b3bf6d262f04a0223a6f38a_01.jpg,0,hidup,train,train,hen_f0836,train/-30-_mp4-1_jpg.rf.3dba1dc83b3bf6d262f04a0223a6f38a.jpg,"[238, 110, 353, 262]",1.0,hen_gt,hen_kandang
hidup/hen_f0836_-30-_mp4-1_jpg.rf.3dba1dc83b3bf6d262f04a0223a6f38a_02.jpg,0,hidup,train,train,hen_f0836,train/-30-_mp4-1_jpg.rf.3dba1dc83b3bf6d262f04a0223a6f38a.jpg,"[282, 21, 438, 272]",1.0,hen_gt,hen_kandang
hidup/hen_f0836_-30-_mp4-1_jpg.rf.3dba1dc83b3bf6d262f04a0223a6f38a_03.jpg,0,hidup,train,train,hen_f0836,train/-30-_mp4-1_jpg.rf.3dba1dc83b3bf6d262f04a0223a6f38a.jpg,"[4, 295, 198, 461]",1.0,hen_gt,hen_kandang
hidup/hen_f0836_-30-_mp4-1_jpg.rf.3dba1dc83b3bf6d262f04a0223a6f38a_04.jpg,0,hidup,train,train,hen_f0836,train/-30-_mp4-1_jpg.rf.3dba1dc83b3bf6d262f04a0223a6f38a.jpg,"[451, 48, 505, 251]",1.0,hen_gt,hen_kandang
hidup/hen_f0838_IMG_20220513_172030_HHT_jpg.rf.4de43de52ca96bc612fbf4bf777ed8da_00.jpg,0,hidup,train,train,hen_f0838,train/IMG_20220513_172030_HHT_jpg.rf.4de43de52ca96bc612fbf4bf777ed8da.jpg,"[126, 168, 353, 317]",1.0,hen_gt,hen_kandang
hidup/hen_f0840_IMG_20220513_172012_HHT_jpg.rf.a89b6312eaffcce68f5736a33fd79e6c_00.jpg,0,hidup,train,train,hen_f0840,train/IMG_20220513_172012_HHT_jpg.rf.a89b6312eaffcce68f5736a33fd79e6c.jpg,"[216, 174, 469, 316]",1.0,hen_gt,hen_kandang
hidup/hen_f0841_IMG_20220513_171952_HHT_jpg.rf.4d0b2d9b25b9efdcef5577e4275c71a9_00.jpg,0,hidup,train,test,hen_f0841,test/IMG_20220513_171952_HHT_jpg.rf.4d0b2d9b25b9efdcef5577e4275c71a9.jpg,"[224, 210, 400, 426]",1.0,hen_gt,hen_kandang
hidup/hen_f0842_IMG_20220513_172108_HHT_jpg.rf.530dd97965979eb91788195d9b4892be_00.jpg,0,hidup,train,train,hen_f0842,train/IMG_20220513_172108_HHT_jpg.rf.530dd97965979eb91788195d9b4892be.jpg,"[210, 250, 378, 336]",1.0,hen_gt,hen_kandang
hidup/hen_f0845_images-39-_jpg.rf.69c7576cce7062224d83b8dfabcdd0ca_00.jpg,0,hidup,train,valid,hen_f0845,valid/images-39-_jpg.rf.69c7576cce7062224d83b8dfabcdd0ca.jpg,"[300, 123, 498, 553]",1.0,hen_gt,hen_kandang
hidup/hen_f0845_images-39-_jpg.rf.69c7576cce7062224d83b8dfabcdd0ca_01.jpg,0,hidup,train,valid,hen_f0845,valid/images-39-_jpg.rf.69c7576cce7062224d83b8dfabcdd0ca.jpg,"[203, 180, 346, 554]",1.0,hen_gt,hen_kandang
hidup/hen_f0845_images-39-_jpg.rf.69c7576cce7062224d83b8dfabcdd0ca_04.jpg,0,hidup,train,valid,hen_f0845,valid/images-39-_jpg.rf.69c7576cce7062224d83b8dfabcdd0ca.jpg,"[116, 155, 199, 253]",1.0,hen_gt,hen_kandang
hidup/hen_f0845_images-39-_jpg.rf.69c7576cce7062224d83b8dfabcdd0ca_06.jpg,0,hidup,train,valid,hen_f0845,valid/images-39-_jpg.rf.69c7576cce7062224d83b8dfabcdd0ca.jpg,"[212, 73, 304, 194]",1.0,hen_gt,hen_kandang
hidup/hen_f0850_IMG_20220513_172114_HHT_jpg.rf.2e8d68fcbc8be506611b4717db62e70c_00.jpg,0,hidup,train,train,hen_f0850,train/IMG_20220513_172114_HHT_jpg.rf.2e8d68fcbc8be506611b4717db62e70c.jpg,"[214, 227, 357, 307]",1.0,hen_gt,hen_kandang
hidup/hen_f0852_IMG_20220513_172034_HHT_jpg.rf.bb31f0e07d49d15aaed744fe9a58438c_00.jpg,0,hidup,train,train,hen_f0852,train/IMG_20220513_172034_HHT_jpg.rf.bb31f0e07d49d15aaed744fe9a58438c.jpg,"[143, 252, 387, 378]",1.0,hen_gt,hen_kandang
hidup/hen_f0853_IMG_20220513_172117_HHT_jpg.rf.0ccf95f52ee6cd3505f73f18918b00b9_00.jpg,0,hidup,train,train,hen_f0853,train/IMG_20220513_172117_HHT_jpg.rf.0ccf95f52ee6cd3505f73f18918b00b9.jpg,"[230, 229, 354, 333]",1.0,hen_gt,hen_kandang
hidup/hen_f0859_IMG_20220513_172026_HHT_jpg.rf.b46de753fb3b985cfa42097af60ee8e9_00.jpg,0,hidup,train,test,hen_f0859,test/IMG_20220513_172026_HHT_jpg.rf.b46de753fb3b985cfa42097af60ee8e9.jpg,"[181, 282, 458, 402]",1.0,hen_gt,hen_kandang
hidup/hen_f0864_IMG_20220513_172049_HHT_jpg.rf.1eec10229a9c56ec24e7dd2049b3f607_00.jpg,0,hidup,train,train,hen_f0864,train/IMG_20220513_172049_HHT_jpg.rf.1eec10229a9c56ec24e7dd2049b3f607.jpg,"[232, 272, 381, 380]",1.0,hen_gt,hen_kandang
hidup/hen_f0867_IMG_20220513_172107_HHT_jpg.rf.0e961418f8b7b35e709d053dacf8a9d1_00.jpg,0,hidup,train,train,hen_f0867,train/IMG_20220513_172107_HHT_jpg.rf.0e961418f8b7b35e709d053dacf8a9d1.jpg,"[238, 256, 379, 346]",1.0,hen_gt,hen_kandang
hidup/hen_f0869_IMG_20220513_172124_HHT_jpg.rf.30a5ff1259337c18c5de89efbe978962_00.jpg,0,hidup,train,train,hen_f0869,train/IMG_20220513_172124_HHT_jpg.rf.30a5ff1259337c18c5de89efbe978962.jpg,"[242, 281, 408, 373]",1.0,hen_gt,hen_kandang
hidup/hen_f0871_IMG_20220513_172036_HHT_jpg.rf.011d448a8015ede60355d38763266f01_00.jpg,0,hidup,train,train,hen_f0871,train/IMG_20220513_172036_HHT_jpg.rf.011d448a8015ede60355d38763266f01.jpg,"[187, 240, 371, 374]",1.0,hen_gt,hen_kandang
hidup/hen_f0875_IMG_20220513_172100_HHT_jpg.rf.3e7148db96a736912cd25506accfc086_00.jpg,0,hidup,train,train,hen_f0875,train/IMG_20220513_172100_HHT_jpg.rf.3e7148db96a736912cd25506accfc086.jpg,"[214, 264, 402, 361]",1.0,hen_gt,hen_kandang
hidup/hen_f0882_IMG_20220513_172055_HHT_jpg.rf.1894787568fbce8b521cde59c60bd1e4_00.jpg,0,hidup,train,test,hen_f0882,test/IMG_20220513_172055_HHT_jpg.rf.1894787568fbce8b521cde59c60bd1e4.jpg,"[228, 246, 365, 358]",1.0,hen_gt,hen_kandang
hidup/hen_f0887_images-2023-03-16T151600-389_jpg.rf.4df602a784c56799969e7537a43f37e0_00.jpg,0,hidup,train,train,hen_f0887,train/images-2023-03-16T151600-389_jpg.rf.4df602a784c56799969e7537a43f37e0.jpg,"[90, 33, 631, 572]",1.0,hen_gt,hen_kandang
hidup/hen_f0888_IMG_20220513_172120_HHT_jpg.rf.1c2d59def7d67539f70372cfbba4272f_00.jpg,0,hidup,train,train,hen_f0888,train/IMG_20220513_172120_HHT_jpg.rf.1c2d59def7d67539f70372cfbba4272f.jpg,"[262, 262, 406, 346]",1.0,hen_gt,hen_kandang
hidup/hen_f0891_images-40-_jpg.rf.126797a62bc7af0b1d7c65a45875a168_00.jpg,0,hidup,train,train,hen_f0891,train/images-40-_jpg.rf.126797a62bc7af0b1d7c65a45875a168.jpg,"[9, 141, 640, 448]",1.0,hen_gt,hen_kandang
hidup/hen_f0894_25_JPG_jpg.rf.7e4b797b84aae73f8e67d0637f674d58_00.jpg,0,hidup,train,train,hen_f0894,train/25_JPG_jpg.rf.7e4b797b84aae73f8e67d0637f674d58.jpg,"[90, 34, 124, 66]",1.0,hen_gt,hen_kandang
hidup/hen_f0894_25_JPG_jpg.rf.7e4b797b84aae73f8e67d0637f674d58_01.jpg,0,hidup,train,train,hen_f0894,train/25_JPG_jpg.rf.7e4b797b84aae73f8e67d0637f674d58.jpg,"[83, 61, 143, 134]",1.0,hen_gt,hen_kandang
hidup/hen_f0894_25_JPG_jpg.rf.7e4b797b84aae73f8e67d0637f674d58_03.jpg,0,hidup,train,train,hen_f0894,train/25_JPG_jpg.rf.7e4b797b84aae73f8e67d0637f674d58.jpg,"[139, 94, 228, 216]",1.0,hen_gt,hen_kandang
hidup/hen_f0894_25_JPG_jpg.rf.7e4b797b84aae73f8e67d0637f674d58_04.jpg,0,hidup,train,train,hen_f0894,train/25_JPG_jpg.rf.7e4b797b84aae73f8e67d0637f674d58.jpg,"[0, 133, 94, 260]",1.0,hen_gt,hen_kandang
hidup/hen_f0895_images-2023-03-16T145100-529_jpg.rf.c8ecb2db42542ac5292c49fd17cb62a5_00.jpg,0,hidup,train,train,hen_f0895,train/images-2023-03-16T145100-529_jpg.rf.c8ecb2db42542ac5292c49fd17cb62a5.jpg,"[250, 229, 376, 630]",1.0,hen_gt,hen_kandang
hidup/hen_f0895_images-2023-03-16T145100-529_jpg.rf.c8ecb2db42542ac5292c49fd17cb62a5_01.jpg,0,hidup,train,train,hen_f0895,train/images-2023-03-16T145100-529_jpg.rf.c8ecb2db42542ac5292c49fd17cb62a5.jpg,"[65, 254, 298, 640]",1.0,hen_gt,hen_kandang
hidup/hen_f0896_images-2023-03-16T144734-491_jpg.rf.51bbb23b591e795bf18511ab9e158220_00.jpg,0,hidup,train,train,hen_f0896,train/images-2023-03-16T144734-491_jpg.rf.51bbb23b591e795bf18511ab9e158220.jpg,"[107, 207, 412, 426]",1.0,hen_gt,hen_kandang
hidup/hen_f0896_images-2023-03-16T144734-491_jpg.rf.51bbb23b591e795bf18511ab9e158220_01.jpg,0,hidup,train,train,hen_f0896,train/images-2023-03-16T144734-491_jpg.rf.51bbb23b591e795bf18511ab9e158220.jpg,"[199, 375, 446, 537]",1.0,hen_gt,hen_kandang
hidup/hen_f0896_images-2023-03-16T144734-491_jpg.rf.51bbb23b591e795bf18511ab9e158220_03.jpg,0,hidup,train,train,hen_f0896,train/images-2023-03-16T144734-491_jpg.rf.51bbb23b591e795bf18511ab9e158220.jpg,"[465, 342, 640, 640]",1.0,hen_gt,hen_kandang
hidup/hen_f0896_images-2023-03-16T144734-491_jpg.rf.51bbb23b591e795bf18511ab9e158220_04.jpg,0,hidup,train,train,hen_f0896,train/images-2023-03-16T144734-491_jpg.rf.51bbb23b591e795bf18511ab9e158220.jpg,"[139, 49, 362, 212]",1.0,hen_gt,hen_kandang
hidup/hen_f0897_20_JPG_jpg.rf.a7e49e3dc9a882fda23ee389ae72abbd_00.jpg,0,hidup,train,valid,hen_f0897,valid/20_JPG_jpg.rf.a7e49e3dc9a882fda23ee389ae72abbd.jpg,"[136, 0, 223, 75]",1.0,hen_gt,hen_kandang
hidup/hen_f0897_20_JPG_jpg.rf.a7e49e3dc9a882fda23ee389ae72abbd_01.jpg,0,hidup,train,valid,hen_f0897,valid/20_JPG_jpg.rf.a7e49e3dc9a882fda23ee389ae72abbd.jpg,"[78, 48, 198, 243]",1.0,hen_gt,hen_kandang
hidup/hen_f0897_20_JPG_jpg.rf.a7e49e3dc9a882fda23ee389ae72abbd_02.jpg,0,hidup,train,valid,hen_f0897,valid/20_JPG_jpg.rf.a7e49e3dc9a882fda23ee389ae72abbd.jpg,"[89, 238, 174, 320]",1.0,hen_gt,hen_kandang
hidup/hen_f0898_images-2023-03-16T145214-856_jpg.rf.b314aa1a1c2dc882de9273e3327f092d_00.jpg,0,hidup,train,train,hen_f0898,train/images-2023-03-16T145214-856_jpg.rf.b314aa1a1c2dc882de9273e3327f092d.jpg,"[0, 20, 631, 640]",1.0,hen_gt,hen_kandang
hidup/hen_f0905_10_JPG_jpg.rf.234893bd69a0c17ca8037615fa64d085_00.jpg,0,hidup,train,train,hen_f0905,train/10_JPG_jpg.rf.234893bd69a0c17ca8037615fa64d085.jpg,"[0, 42, 58, 122]",1.0,hen_gt,hen_kandang
hidup/hen_f0905_10_JPG_jpg.rf.234893bd69a0c17ca8037615fa64d085_01.jpg,0,hidup,train,train,hen_f0905,train/10_JPG_jpg.rf.234893bd69a0c17ca8037615fa64d085.jpg,"[130, 58, 232, 266]",1.0,hen_gt,hen_kandang
hidup/hen_f0905_10_JPG_jpg.rf.234893bd69a0c17ca8037615fa64d085_02.jpg,0,hidup,train,train,hen_f0905,train/10_JPG_jpg.rf.234893bd69a0c17ca8037615fa64d085.jpg,"[30, 120, 105, 230]",1.0,hen_gt,hen_kandang
hidup/hen_f0905_10_JPG_jpg.rf.234893bd69a0c17ca8037615fa64d085_03.jpg,0,hidup,train,train,hen_f0905,train/10_JPG_jpg.rf.234893bd69a0c17ca8037615fa64d085.jpg,"[239, 209, 320, 320]",1.0,hen_gt,hen_kandang
hidup/hen_f0906_VID-20221020-WA0003_mp4-103_jpg.rf.2a727c5e0f82635143035a6895fd6479_00.jpg,0,hidup,train,valid,hen_f0906,valid/VID-20221020-WA0003_mp4-103_jpg.rf.2a727c5e0f82635143035a6895fd6479.jpg,"[52, 203, 270, 313]",1.0,hen_gt,hen_kandang
hidup/hen_f0912_images-38-_jpg.rf.6aebdfb6793ff69b06d24e3548a8fe03_01.jpg,0,hidup,train,train,hen_f0912,train/images-38-_jpg.rf.6aebdfb6793ff69b06d24e3548a8fe03.jpg,"[80, 323, 220, 523]",1.0,hen_gt,hen_kandang
hidup/hen_f0912_images-38-_jpg.rf.6aebdfb6793ff69b06d24e3548a8fe03_03.jpg,0,hidup,train,train,hen_f0912,train/images-38-_jpg.rf.6aebdfb6793ff69b06d24e3548a8fe03.jpg,"[447, 422, 560, 640]",1.0,hen_gt,hen_kandang
hidup/hen_f0912_images-38-_jpg.rf.6aebdfb6793ff69b06d24e3548a8fe03_04.jpg,0,hidup,train,train,hen_f0912,train/images-38-_jpg.rf.6aebdfb6793ff69b06d24e3548a8fe03.jpg,"[123, 473, 269, 640]",1.0,hen_gt,hen_kandang
hidup/hen_f0912_images-38-_jpg.rf.6aebdfb6793ff69b06d24e3548a8fe03_05.jpg,0,hidup,train,train,hen_f0912,train/images-38-_jpg.rf.6aebdfb6793ff69b06d24e3548a8fe03.jpg,"[473, 145, 578, 266]",1.0,hen_gt,hen_kandang
hidup/hen_f0913_images-2023-03-17T150342-947_jpg.rf.072b264cfe9c01e66cc2c6c8b1930b54_00.jpg,0,hidup,train,train,hen_f0913,train/images-2023-03-17T150342-947_jpg.rf.072b264cfe9c01e66cc2c6c8b1930b54.jpg,"[35, 104, 315, 584]",1.0,hen_gt,hen_kandang
hidup/hen_f0914_images-2023-03-17T150417-855_jpg.rf.3b47d4692a9a1453895f227bce0131a9_00.jpg,0,hidup,train,train,hen_f0914,train/images-2023-03-17T150417-855_jpg.rf.3b47d4692a9a1453895f227bce0131a9.jpg,"[203, 307, 376, 498]",1.0,hen_gt,hen_kandang
hidup/hen_f0914_images-2023-03-17T150417-855_jpg.rf.3b47d4692a9a1453895f227bce0131a9_01.jpg,0,hidup,train,train,hen_f0914,train/images-2023-03-17T150417-855_jpg.rf.3b47d4692a9a1453895f227bce0131a9.jpg,"[9, 410, 228, 550]",1.0,hen_gt,hen_kandang
hidup/hen_f0914_images-2023-03-17T150417-855_jpg.rf.3b47d4692a9a1453895f227bce0131a9_02.jpg,0,hidup,train,train,hen_f0914,train/images-2023-03-17T150417-855_jpg.rf.3b47d4692a9a1453895f227bce0131a9.jpg,"[414, 389, 640, 542]",1.0,hen_gt,hen_kandang
hidup/hen_f0914_images-2023-03-17T150417-855_jpg.rf.3b47d4692a9a1453895f227bce0131a9_03.jpg,0,hidup,train,train,hen_f0914,train/images-2023-03-17T150417-855_jpg.rf.3b47d4692a9a1453895f227bce0131a9.jpg,"[424, 220, 596, 387]",1.0,hen_gt,hen_kandang
hidup/hen_f0916_IMG_20220513_170700_HHT_jpg.rf.7dddbba08be5a2a223468a636f4aa922_00.jpg,0,hidup,train,train,hen_f0916,train/IMG_20220513_170700_HHT_jpg.rf.7dddbba08be5a2a223468a636f4aa922.jpg,"[236, 264, 406, 408]",1.0,hen_gt,hen_kandang
hidup/hen_f0917_13a_jpg.rf.0e594847adf72645d84a7085598e1686_013.jpg,0,hidup,train,train,hen_f0917,train/13a_jpg.rf.0e594847adf72645d84a7085598e1686.jpg,"[12, 233, 62, 301]",1.0,hen_gt,hen_kandang
hidup/hen_f0917_13a_jpg.rf.0e594847adf72645d84a7085598e1686_02.jpg,0,hidup,train,train,hen_f0917,train/13a_jpg.rf.0e594847adf72645d84a7085598e1686.jpg,"[39, 98, 93, 117]",1.0,hen_gt,hen_kandang
hidup/hen_f0917_13a_jpg.rf.0e594847adf72645d84a7085598e1686_05.jpg,0,hidup,train,train,hen_f0917,train/13a_jpg.rf.0e594847adf72645d84a7085598e1686.jpg,"[111, 106, 162, 138]",1.0,hen_gt,hen_kandang
hidup/hen_f0917_13a_jpg.rf.0e594847adf72645d84a7085598e1686_08.jpg,0,hidup,train,train,hen_f0917,train/13a_jpg.rf.0e594847adf72645d84a7085598e1686.jpg,"[0, 136, 52, 178]",1.0,hen_gt,hen_kandang
hidup/hen_f0920_images-44-_jpg.rf.48c088bd6390d64049acc6b4ab0ace5f_00.jpg,0,hidup,train,valid,hen_f0920,valid/images-44-_jpg.rf.48c088bd6390d64049acc6b4ab0ace5f.jpg,"[44, 209, 203, 566]",1.0,hen_gt,hen_kandang
hidup/hen_f0920_images-44-_jpg.rf.48c088bd6390d64049acc6b4ab0ace5f_01.jpg,0,hidup,train,valid,hen_f0920,valid/images-44-_jpg.rf.48c088bd6390d64049acc6b4ab0ace5f.jpg,"[188, 209, 318, 610]",1.0,hen_gt,hen_kandang
hidup/hen_f0920_images-44-_jpg.rf.48c088bd6390d64049acc6b4ab0ace5f_02.jpg,0,hidup,train,valid,hen_f0920,valid/images-44-_jpg.rf.48c088bd6390d64049acc6b4ab0ace5f.jpg,"[411, 142, 548, 381]",1.0,hen_gt,hen_kandang
hidup/hen_f0920_images-44-_jpg.rf.48c088bd6390d64049acc6b4ab0ace5f_03.jpg,0,hidup,train,valid,hen_f0920,valid/images-44-_jpg.rf.48c088bd6390d64049acc6b4ab0ace5f.jpg,"[543, 208, 628, 395]",1.0,hen_gt,hen_kandang
hidup/hen_f0921_images-2023-03-17T150224-722_jpg.rf.58ca904f6980962a04074ee8690837ab_00.jpg,0,hidup,train,train,hen_f0921,train/images-2023-03-17T150224-722_jpg.rf.58ca904f6980962a04074ee8690837ab.jpg,"[125, 151, 496, 640]",1.0,hen_gt,hen_kandang
hidup/hen_f0926_16_JPG_jpg.rf.1131f82e9079ce9b857c817e4c0a9fc4_00.jpg,0,hidup,train,train,hen_f0926,train/16_JPG_jpg.rf.1131f82e9079ce9b857c817e4c0a9fc4.jpg,"[174, 168, 199, 204]",1.0,hen_gt,hen_kandang
hidup/hen_f0926_16_JPG_jpg.rf.1131f82e9079ce9b857c817e4c0a9fc4_01.jpg,0,hidup,train,train,hen_f0926,train/16_JPG_jpg.rf.1131f82e9079ce9b857c817e4c0a9fc4.jpg,"[0, 168, 47, 212]",1.0,hen_gt,hen_kandang
hidup/hen_f0926_16_JPG_jpg.rf.1131f82e9079ce9b857c817e4c0a9fc4_03.jpg,0,hidup,train,train,hen_f0926,train/16_JPG_jpg.rf.1131f82e9079ce9b857c817e4c0a9fc4.jpg,"[95, 185, 152, 242]",1.0,hen_gt,hen_kandang
hidup/hen_f0926_16_JPG_jpg.rf.1131f82e9079ce9b857c817e4c0a9fc4_04.jpg,0,hidup,train,train,hen_f0926,train/16_JPG_jpg.rf.1131f82e9079ce9b857c817e4c0a9fc4.jpg,"[155, 229, 241, 310]",1.0,hen_gt,hen_kandang
hidup/hen_f0928_VID-20221020-WA0003_mp4-80_jpg.rf.158b1d9a36b5477394fe9c8c5b555ede_00.jpg,0,hidup,train,train,hen_f0928,train/VID-20221020-WA0003_mp4-80_jpg.rf.158b1d9a36b5477394fe9c8c5b555ede.jpg,"[42, 196, 316, 320]",1.0,hen_gt,hen_kandang
hidup/hen_f0930_images-2023-03-17T150235-657_jpg.rf.61a827b6eac166a536d225f240c87786_00.jpg,0,hidup,train,train,hen_f0930,train/images-2023-03-17T150235-657_jpg.rf.61a827b6eac166a536d225f240c87786.jpg,"[94, 116, 530, 510]",1.0,hen_gt,hen_kandang
hidup/hen_f0930_images-2023-03-17T150235-657_jpg.rf.61a827b6eac166a536d225f240c87786_02.jpg,0,hidup,train,train,hen_f0930,train/images-2023-03-17T150235-657_jpg.rf.61a827b6eac166a536d225f240c87786.jpg,"[306, 69, 456, 162]",1.0,hen_gt,hen_kandang
hidup/hen_f0930_images-2023-03-17T150235-657_jpg.rf.61a827b6eac166a536d225f240c87786_03.jpg,0,hidup,train,train,hen_f0930,train/images-2023-03-17T150235-657_jpg.rf.61a827b6eac166a536d225f240c87786.jpg,"[79, 508, 640, 632]",1.0,hen_gt,hen_kandang
hidup/hen_f0930_images-2023-03-17T150235-657_jpg.rf.61a827b6eac166a536d225f240c87786_04.jpg,0,hidup,train,train,hen_f0930,train/images-2023-03-17T150235-657_jpg.rf.61a827b6eac166a536d225f240c87786.jpg,"[486, 53, 636, 145]",1.0,hen_gt,hen_kandang
hidup/hen_f0934_14_JPG_jpg.rf.420293cafe3405ed18920231591cc435_010.jpg,0,hidup,train,train,hen_f0934,train/14_JPG_jpg.rf.420293cafe3405ed18920231591cc435.jpg,"[90, 252, 104, 273]",1.0,hen_gt,hen_kandang
hidup/hen_f0934_14_JPG_jpg.rf.420293cafe3405ed18920231591cc435_013.jpg,0,hidup,train,train,hen_f0934,train/14_JPG_jpg.rf.420293cafe3405ed18920231591cc435.jpg,"[117, 265, 130, 284]",1.0,hen_gt,hen_kandang
hidup/hen_f0934_14_JPG_jpg.rf.420293cafe3405ed18920231591cc435_016.jpg,0,hidup,train,train,hen_f0934,train/14_JPG_jpg.rf.420293cafe3405ed18920231591cc435.jpg,"[31, 281, 50, 313]",1.0,hen_gt,hen_kandang
hidup/hen_f0934_14_JPG_jpg.rf.420293cafe3405ed18920231591cc435_017.jpg,0,hidup,train,train,hen_f0934,train/14_JPG_jpg.rf.420293cafe3405ed18920231591cc435.jpg,"[19, 297, 34, 314]",1.0,hen_gt,hen_kandang
hidup/hen_f0937_images-2023-03-17T150449-694_jpg.rf.0591a0532477673125477d17b4d4830e_00.jpg,0,hidup,train,train,hen_f0937,train/images-2023-03-17T150449-694_jpg.rf.0591a0532477673125477d17b4d4830e.jpg,"[0, 121, 93, 297]",1.0,hen_gt,hen_kandang
hidup/hen_f0937_images-2023-03-17T150449-694_jpg.rf.0591a0532477673125477d17b4d4830e_01.jpg,0,hidup,train,train,hen_f0937,train/images-2023-03-17T150449-694_jpg.rf.0591a0532477673125477d17b4d4830e.jpg,"[50, 216, 254, 528]",1.0,hen_gt,hen_kandang
hidup/hen_f0937_images-2023-03-17T150449-694_jpg.rf.0591a0532477673125477d17b4d4830e_02.jpg,0,hidup,train,train,hen_f0937,train/images-2023-03-17T150449-694_jpg.rf.0591a0532477673125477d17b4d4830e.jpg,"[229, 167, 340, 380]",1.0,hen_gt,hen_kandang
hidup/hen_f0937_images-2023-03-17T150449-694_jpg.rf.0591a0532477673125477d17b4d4830e_03.jpg,0,hidup,train,train,hen_f0937,train/images-2023-03-17T150449-694_jpg.rf.0591a0532477673125477d17b4d4830e.jpg,"[467, 221, 588, 437]",1.0,hen_gt,hen_kandang
hidup/hen_f0940_12_JPG_jpg.rf.131da1939934e4cb7fe64e0707c58449_00.jpg,0,hidup,train,train,hen_f0940,train/12_JPG_jpg.rf.131da1939934e4cb7fe64e0707c58449.jpg,"[58, 165, 70, 184]",1.0,hen_gt,hen_kandang
hidup/hen_f0940_12_JPG_jpg.rf.131da1939934e4cb7fe64e0707c58449_010.jpg,0,hidup,train,train,hen_f0940,train/12_JPG_jpg.rf.131da1939934e4cb7fe64e0707c58449.jpg,"[264, 267, 287, 318]",1.0,hen_gt,hen_kandang
hidup/hen_f0940_12_JPG_jpg.rf.131da1939934e4cb7fe64e0707c58449_03.jpg,0,hidup,train,train,hen_f0940,train/12_JPG_jpg.rf.131da1939934e4cb7fe64e0707c58449.jpg,"[221, 164, 234, 196]",1.0,hen_gt,hen_kandang
hidup/hen_f0940_12_JPG_jpg.rf.131da1939934e4cb7fe64e0707c58449_08.jpg,0,hidup,train,train,hen_f0940,train/12_JPG_jpg.rf.131da1939934e4cb7fe64e0707c58449.jpg,"[90, 221, 112, 262]",1.0,hen_gt,hen_kandang
hidup/hen_f0945_2022-02-16-13_55_17-Greenshot_jpg.rf.0f925027a2a87607e1252f83c29c7b62_00.jpg,0,hidup,train,train,hen_f0945,train/2022-02-16-13_55_17-Greenshot_jpg.rf.0f925027a2a87607e1252f83c29c7b62.jpg,"[0, 45, 197, 319]",1.0,hen_gt,hen_kandang
hidup/hen_f0947_VID-20221020-WA0003_mp4-153_jpg.rf.11faea84985bf971b961189f0bc71b8e_00.jpg,0,hidup,train,valid,hen_f0947,valid/VID-20221020-WA0003_mp4-153_jpg.rf.11faea84985bf971b961189f0bc71b8e.jpg,"[0, 228, 196, 320]",1.0,hen_gt,hen_kandang
hidup/hen_f0947_VID-20221020-WA0003_mp4-153_jpg.rf.11faea84985bf971b961189f0bc71b8e_01.jpg,0,hidup,train,valid,hen_f0947,valid/VID-20221020-WA0003_mp4-153_jpg.rf.11faea84985bf971b961189f0bc71b8e.jpg,"[117, 45, 192, 90]",1.0,hen_gt,hen_kandang
hidup/hen_f0953_c2_jpg.rf.2042c5e4f5687985180ed50fc7796712_00.jpg,0,hidup,train,train,hen_f0953,train/c2_jpg.rf.2042c5e4f5687985180ed50fc7796712.jpg,"[59, 159, 77, 192]",1.0,hen_gt,hen_kandang
hidup/hen_f0953_c2_jpg.rf.2042c5e4f5687985180ed50fc7796712_010.jpg,0,hidup,train,train,hen_f0953,train/c2_jpg.rf.2042c5e4f5687985180ed50fc7796712.jpg,"[113, 194, 141, 218]",1.0,hen_gt,hen_kandang
hidup/hen_f0953_c2_jpg.rf.2042c5e4f5687985180ed50fc7796712_018.jpg,0,hidup,train,train,hen_f0953,train/c2_jpg.rf.2042c5e4f5687985180ed50fc7796712.jpg,"[76, 222, 100, 252]",1.0,hen_gt,hen_kandang
hidup/hen_f0953_c2_jpg.rf.2042c5e4f5687985180ed50fc7796712_07.jpg,0,hidup,train,train,hen_f0953,train/c2_jpg.rf.2042c5e4f5687985180ed50fc7796712.jpg,"[15, 191, 44, 211]",1.0,hen_gt,hen_kandang
hidup/hen_f0958_2022-02-16-13_55_00-Greenshot_jpg.rf.63470c724236fcbb3248a16b5662025f_00.jpg,0,hidup,train,train,hen_f0958,train/2022-02-16-13_55_00-Greenshot_jpg.rf.63470c724236fcbb3248a16b5662025f.jpg,"[100, 72, 192, 174]",1.0,hen_gt,hen_kandang
hidup/hen_f0958_2022-02-16-13_55_00-Greenshot_jpg.rf.63470c724236fcbb3248a16b5662025f_03.jpg,0,hidup,train,train,hen_f0958,train/2022-02-16-13_55_00-Greenshot_jpg.rf.63470c724236fcbb3248a16b5662025f.jpg,"[208, 102, 301, 240]",1.0,hen_gt,hen_kandang
hidup/hen_f0958_2022-02-16-13_55_00-Greenshot_jpg.rf.63470c724236fcbb3248a16b5662025f_04.jpg,0,hidup,train,train,hen_f0958,train/2022-02-16-13_55_00-Greenshot_jpg.rf.63470c724236fcbb3248a16b5662025f.jpg,"[59, 116, 134, 244]",1.0,hen_gt,hen_kandang
hidup/hen_f0958_2022-02-16-13_55_00-Greenshot_jpg.rf.63470c724236fcbb3248a16b5662025f_05.jpg,0,hidup,train,train,hen_f0958,train/2022-02-16-13_55_00-Greenshot_jpg.rf.63470c724236fcbb3248a16b5662025f.jpg,"[1, 140, 36, 227]",1.0,hen_gt,hen_kandang
hidup/hen_f0959_18a_jpg.rf.40d68412f23e249669a7f71fbd858963_01.jpg,0,hidup,train,train,hen_f0959,train/18a_jpg.rf.40d68412f23e249669a7f71fbd858963.jpg,"[1, 50, 98, 136]",1.0,hen_gt,hen_kandang
hidup/hen_f0959_18a_jpg.rf.40d68412f23e249669a7f71fbd858963_02.jpg,0,hidup,train,train,hen_f0959,train/18a_jpg.rf.40d68412f23e249669a7f71fbd858963.jpg,"[248, 41, 320, 218]",1.0,hen_gt,hen_kandang
hidup/hen_f0959_18a_jpg.rf.40d68412f23e249669a7f71fbd858963_03.jpg,0,hidup,train,train,hen_f0959,train/18a_jpg.rf.40d68412f23e249669a7f71fbd858963.jpg,"[73, 109, 126, 174]",1.0,hen_gt,hen_kandang
hidup/hen_f0959_18a_jpg.rf.40d68412f23e249669a7f71fbd858963_04.jpg,0,hidup,train,train,hen_f0959,train/18a_jpg.rf.40d68412f23e249669a7f71fbd858963.jpg,"[1, 121, 80, 209]",1.0,hen_gt,hen_kandang
hidup/hen_f0961_18_JPG_jpg.rf.29746717e8eebed013b5c104805601dd_00.jpg,0,hidup,train,test,hen_f0961,test/18_JPG_jpg.rf.29746717e8eebed013b5c104805601dd.jpg,"[107, 18, 192, 106]",1.0,hen_gt,hen_kandang
hidup/hen_f0961_18_JPG_jpg.rf.29746717e8eebed013b5c104805601dd_01.jpg,0,hidup,train,test,hen_f0961,test/18_JPG_jpg.rf.29746717e8eebed013b5c104805601dd.jpg,"[240, 110, 309, 248]",1.0,hen_gt,hen_kandang
hidup/hen_f0961_18_JPG_jpg.rf.29746717e8eebed013b5c104805601dd_02.jpg,0,hidup,train,test,hen_f0961,test/18_JPG_jpg.rf.29746717e8eebed013b5c104805601dd.jpg,"[24, 87, 140, 278]",1.0,hen_gt,hen_kandang
hidup/hen_f0963_IMG_5835_PNG_jpg.rf.de2b83140af787b94bfe2b9647698667_00.jpg,0,hidup,train,train,hen_f0963,train/IMG_5835_PNG_jpg.rf.de2b83140af787b94bfe2b9647698667.jpg,"[340, 191, 477, 607]",1.0,hen_gt,hen_kandang
hidup/hen_f0963_IMG_5835_PNG_jpg.rf.de2b83140af787b94bfe2b9647698667_01.jpg,0,hidup,train,train,hen_f0963,train/IMG_5835_PNG_jpg.rf.de2b83140af787b94bfe2b9647698667.jpg,"[212, 216, 348, 607]",1.0,hen_gt,hen_kandang
hidup/hen_f0967_images-46-_jpg.rf.9a8fe0f7cc75ede71524e6cf752eebe3_00.jpg,0,hidup,train,train,hen_f0967,train/images-46-_jpg.rf.9a8fe0f7cc75ede71524e6cf752eebe3.jpg,"[25, 19, 605, 618]",1.0,hen_gt,hen_kandang
hidup/hen_f0968_1a_jpg.rf.62a524695cda9ea0629cb4d14a329bbd_00.jpg,0,hidup,train,valid,hen_f0968,valid/1a_jpg.rf.62a524695cda9ea0629cb4d14a329bbd.jpg,"[32, 9, 298, 304]",1.0,hen_gt,hen_kandang
hidup/hen_f0969_15_JPG_jpg.rf.5128795281baa83ee6141735d6c493c3_02.jpg,0,hidup,train,train,hen_f0969,train/15_JPG_jpg.rf.5128795281baa83ee6141735d6c493c3.jpg,"[48, 162, 88, 196]",1.0,hen_gt,hen_kandang
hidup/hen_f0969_15_JPG_jpg.rf.5128795281baa83ee6141735d6c493c3_05.jpg,0,hidup,train,train,hen_f0969,train/15_JPG_jpg.rf.5128795281baa83ee6141735d6c493c3.jpg,"[12, 209, 64, 262]",1.0,hen_gt,hen_kandang
hidup/hen_f0969_15_JPG_jpg.rf.5128795281baa83ee6141735d6c493c3_06.jpg,0,hidup,train,train,hen_f0969,train/15_JPG_jpg.rf.5128795281baa83ee6141735d6c493c3.jpg,"[196, 178, 257, 297]",1.0,hen_gt,hen_kandang
hidup/hen_f0969_15_JPG_jpg.rf.5128795281baa83ee6141735d6c493c3_07.jpg,0,hidup,train,train,hen_f0969,train/15_JPG_jpg.rf.5128795281baa83ee6141735d6c493c3.jpg,"[0, 254, 92, 320]",1.0,hen_gt,hen_kandang
hidup/hen_f0970_2022-02-16-13_49_55-Greenshot_jpg.rf.5903b624ef2616797bf9f2644b794a27_01.jpg,0,hidup,train,train,hen_f0970,train/2022-02-16-13_49_55-Greenshot_jpg.rf.5903b624ef2616797bf9f2644b794a27.jpg,"[191, 116, 218, 172]",1.0,hen_gt,hen_kandang
hidup/hen_f0970_2022-02-16-13_49_55-Greenshot_jpg.rf.5903b624ef2616797bf9f2644b794a27_02.jpg,0,hidup,train,train,hen_f0970,train/2022-02-16-13_49_55-Greenshot_jpg.rf.5903b624ef2616797bf9f2644b794a27.jpg,"[126, 73, 320, 320]",1.0,hen_gt,hen_kandang
hidup/hen_f0970_2022-02-16-13_49_55-Greenshot_jpg.rf.5903b624ef2616797bf9f2644b794a27_03.jpg,0,hidup,train,train,hen_f0970,train/2022-02-16-13_49_55-Greenshot_jpg.rf.5903b624ef2616797bf9f2644b794a27.jpg,"[106, 255, 183, 320]",1.0,hen_gt,hen_kandang
hidup/hen_f0970_2022-02-16-13_49_55-Greenshot_jpg.rf.5903b624ef2616797bf9f2644b794a27_05.jpg,0,hidup,train,train,hen_f0970,train/2022-02-16-13_49_55-Greenshot_jpg.rf.5903b624ef2616797bf9f2644b794a27.jpg,"[0, 270, 94, 320]",1.0,hen_gt,hen_kandang
hidup/hen_f0971_2022-02-16-13_53_30-Greenshot_jpg.rf.7fc46b91af1a6df9431962f6007b5c33_011.jpg,0,hidup,train,train,hen_f0971,train/2022-02-16-13_53_30-Greenshot_jpg.rf.7fc46b91af1a6df9431962f6007b5c33.jpg,"[84, 164, 138, 284]",1.0,hen_gt,hen_kandang
hidup/hen_f0971_2022-02-16-13_53_30-Greenshot_jpg.rf.7fc46b91af1a6df9431962f6007b5c33_02.jpg,0,hidup,train,train,hen_f0971,train/2022-02-16-13_53_30-Greenshot_jpg.rf.7fc46b91af1a6df9431962f6007b5c33.jpg,"[92, 15, 138, 120]",1.0,hen_gt,hen_kandang
hidup/hen_f0971_2022-02-16-13_53_30-Greenshot_jpg.rf.7fc46b91af1a6df9431962f6007b5c33_04.jpg,0,hidup,train,train,hen_f0971,train/2022-02-16-13_53_30-Greenshot_jpg.rf.7fc46b91af1a6df9431962f6007b5c33.jpg,"[56, 74, 123, 168]",1.0,hen_gt,hen_kandang
hidup/hen_f0971_2022-02-16-13_53_30-Greenshot_jpg.rf.7fc46b91af1a6df9431962f6007b5c33_08.jpg,0,hidup,train,train,hen_f0971,train/2022-02-16-13_53_30-Greenshot_jpg.rf.7fc46b91af1a6df9431962f6007b5c33.jpg,"[168, 152, 210, 234]",1.0,hen_gt,hen_kandang
hidup/hen_f0972_scene01401_png_jpg.rf.4f7fed3728dd98088e6aad737b89d1f1_011.jpg,0,hidup,train,train,hen_f0972,train/scene01401_png_jpg.rf.4f7fed3728dd98088e6aad737b89d1f1.jpg,"[166, 73, 206, 150]",1.0,hen_gt,hen_kandang
hidup/hen_f0972_scene01401_png_jpg.rf.4f7fed3728dd98088e6aad737b89d1f1_018.jpg,0,hidup,train,train,hen_f0972,train/scene01401_png_jpg.rf.4f7fed3728dd98088e6aad737b89d1f1.jpg,"[126, 0, 150, 44]",1.0,hen_gt,hen_kandang
hidup/hen_f0972_scene01401_png_jpg.rf.4f7fed3728dd98088e6aad737b89d1f1_03.jpg,0,hidup,train,train,hen_f0972,train/scene01401_png_jpg.rf.4f7fed3728dd98088e6aad737b89d1f1.jpg,"[53, 246, 106, 308]",1.0,hen_gt,hen_kandang
hidup/hen_f0972_scene01401_png_jpg.rf.4f7fed3728dd98088e6aad737b89d1f1_06.jpg,0,hidup,train,train,hen_f0972,train/scene01401_png_jpg.rf.4f7fed3728dd98088e6aad737b89d1f1.jpg,"[21, 223, 50, 254]",1.0,hen_gt,hen_kandang
hidup/hen_f0973_images-47-_jpg.rf.32987266c22b98fd3b810adadd2bccf3_00.jpg,0,hidup,train,train,hen_f0973,train/images-47-_jpg.rf.32987266c22b98fd3b810adadd2bccf3.jpg,"[4, 244, 245, 595]",1.0,hen_gt,hen_kandang
hidup/hen_f0973_images-47-_jpg.rf.32987266c22b98fd3b810adadd2bccf3_01.jpg,0,hidup,train,train,hen_f0973,train/images-47-_jpg.rf.32987266c22b98fd3b810adadd2bccf3.jpg,"[237, 255, 348, 510]",1.0,hen_gt,hen_kandang
hidup/hen_f0973_images-47-_jpg.rf.32987266c22b98fd3b810adadd2bccf3_03.jpg,0,hidup,train,train,hen_f0973,train/images-47-_jpg.rf.32987266c22b98fd3b810adadd2bccf3.jpg,"[0, 167, 74, 348]",1.0,hen_gt,hen_kandang
hidup/hen_f0973_images-47-_jpg.rf.32987266c22b98fd3b810adadd2bccf3_04.jpg,0,hidup,train,train,hen_f0973,train/images-47-_jpg.rf.32987266c22b98fd3b810adadd2bccf3.jpg,"[562, 59, 640, 267]",1.0,hen_gt,hen_kandang
hidup/hen_f0975_2022-02-16-13_49_45-Greenshot_jpg.rf.390a3a89867fad2e327f743aac314be4_01.jpg,0,hidup,train,train,hen_f0975,train/2022-02-16-13_49_45-Greenshot_jpg.rf.390a3a89867fad2e327f743aac314be4.jpg,"[269, 108, 292, 136]",1.0,hen_gt,hen_kandang
hidup/hen_f0975_2022-02-16-13_49_45-Greenshot_jpg.rf.390a3a89867fad2e327f743aac314be4_02.jpg,0,hidup,train,train,hen_f0975,train/2022-02-16-13_49_45-Greenshot_jpg.rf.390a3a89867fad2e327f743aac314be4.jpg,"[124, 131, 182, 180]",1.0,hen_gt,hen_kandang
hidup/hen_f0975_2022-02-16-13_49_45-Greenshot_jpg.rf.390a3a89867fad2e327f743aac314be4_04.jpg,0,hidup,train,train,hen_f0975,train/2022-02-16-13_49_45-Greenshot_jpg.rf.390a3a89867fad2e327f743aac314be4.jpg,"[143, 198, 197, 294]",1.0,hen_gt,hen_kandang
hidup/hen_f0975_2022-02-16-13_49_45-Greenshot_jpg.rf.390a3a89867fad2e327f743aac314be4_05.jpg,0,hidup,train,train,hen_f0975,train/2022-02-16-13_49_45-Greenshot_jpg.rf.390a3a89867fad2e327f743aac314be4.jpg,"[31, 211, 78, 286]",1.0,hen_gt,hen_kandang
hidup/hen_f0977_images-48-_jpg.rf.213eedd743ed3add16c271bd95831f1a_00.jpg,0,hidup,train,train,hen_f0977,train/images-48-_jpg.rf.213eedd743ed3add16c271bd95831f1a.jpg,"[237, 118, 400, 628]",1.0,hen_gt,hen_kandang
hidup/hen_f0977_images-48-_jpg.rf.213eedd743ed3add16c271bd95831f1a_03.jpg,0,hidup,train,train,hen_f0977,train/images-48-_jpg.rf.213eedd743ed3add16c271bd95831f1a.jpg,"[85, 98, 158, 278]",1.0,hen_gt,hen_kandang
hidup/hen_f0977_images-48-_jpg.rf.213eedd743ed3add16c271bd95831f1a_04.jpg,0,hidup,train,train,hen_f0977,train/images-48-_jpg.rf.213eedd743ed3add16c271bd95831f1a.jpg,"[511, 243, 598, 454]",1.0,hen_gt,hen_kandang
hidup/hen_f0977_images-48-_jpg.rf.213eedd743ed3add16c271bd95831f1a_05.jpg,0,hidup,train,train,hen_f0977,train/images-48-_jpg.rf.213eedd743ed3add16c271bd95831f1a.jpg,"[343, 232, 431, 478]",1.0,hen_gt,hen_kandang
hidup/hen_f0979_2022-02-16-13_51_17-Greenshot_jpg.rf.4717d213a44b6f77262c731988c895fa_00.jpg,0,hidup,train,train,hen_f0979,train/2022-02-16-13_51_17-Greenshot_jpg.rf.4717d213a44b6f77262c731988c895fa.jpg,"[34, 116, 83, 221]",1.0,hen_gt,hen_kandang
hidup/hen_f0979_2022-02-16-13_51_17-Greenshot_jpg.rf.4717d213a44b6f77262c731988c895fa_01.jpg,0,hidup,train,train,hen_f0979,train/2022-02-16-13_51_17-Greenshot_jpg.rf.4717d213a44b6f77262c731988c895fa.jpg,"[99, 127, 164, 240]",1.0,hen_gt,hen_kandang
hidup/hen_f0979_2022-02-16-13_51_17-Greenshot_jpg.rf.4717d213a44b6f77262c731988c895fa_02.jpg,0,hidup,train,train,hen_f0979,train/2022-02-16-13_51_17-Greenshot_jpg.rf.4717d213a44b6f77262c731988c895fa.jpg,"[230, 164, 296, 302]",1.0,hen_gt,hen_kandang
hidup/hen_f0979_2022-02-16-13_51_17-Greenshot_jpg.rf.4717d213a44b6f77262c731988c895fa_03.jpg,0,hidup,train,train,hen_f0979,train/2022-02-16-13_51_17-Greenshot_jpg.rf.4717d213a44b6f77262c731988c895fa.jpg,"[167, 201, 222, 299]",1.0,hen_gt,hen_kandang
hidup/hen_f0980_IMG_5813_PNG_jpg.rf.12e952a72429daceb766bffc7e6ddd4f_00.jpg,0,hidup,train,train,hen_f0980,train/IMG_5813_PNG_jpg.rf.12e952a72429daceb766bffc7e6ddd4f.jpg,"[458, 162, 552, 312]",1.0,hen_gt,hen_kandang
hidup/hen_f0980_IMG_5813_PNG_jpg.rf.12e952a72429daceb766bffc7e6ddd4f_01.jpg,0,hidup,train,train,hen_f0980,train/IMG_5813_PNG_jpg.rf.12e952a72429daceb766bffc7e6ddd4f.jpg,"[365, 158, 451, 355]",1.0,hen_gt,hen_kandang
hidup/hen_f0980_IMG_5813_PNG_jpg.rf.12e952a72429daceb766bffc7e6ddd4f_02.jpg,0,hidup,train,train,hen_f0980,train/IMG_5813_PNG_jpg.rf.12e952a72429daceb766bffc7e6ddd4f.jpg,"[134, 180, 276, 555]",1.0,hen_gt,hen_kandang
hidup/hen_f0980_IMG_5813_PNG_jpg.rf.12e952a72429daceb766bffc7e6ddd4f_03.jpg,0,hidup,train,train,hen_f0980,train/IMG_5813_PNG_jpg.rf.12e952a72429daceb766bffc7e6ddd4f.jpg,"[261, 328, 407, 535]",1.0,hen_gt,hen_kandang
hidup/hen_f0981_2022-02-16-13_49_51-Greenshot_jpg.rf.f019849e53f1dd04c38955a8c9094cc4_015.jpg,0,hidup,train,train,hen_f0981,train/2022-02-16-13_49_51-Greenshot_jpg.rf.f019849e53f1dd04c38955a8c9094cc4.jpg,"[214, 201, 242, 254]",1.0,hen_gt,hen_kandang
hidup/hen_f0981_2022-02-16-13_49_51-Greenshot_jpg.rf.f019849e53f1dd04c38955a8c9094cc4_016.jpg,0,hidup,train,train,hen_f0981,train/2022-02-16-13_49_51-Greenshot_jpg.rf.f019849e53f1dd04c38955a8c9094cc4.jpg,"[284, 223, 318, 314]",1.0,hen_gt,hen_kandang
hidup/hen_f0981_2022-02-16-13_49_51-Greenshot_jpg.rf.f019849e53f1dd04c38955a8c9094cc4_017.jpg,0,hidup,train,train,hen_f0981,train/2022-02-16-13_49_51-Greenshot_jpg.rf.f019849e53f1dd04c38955a8c9094cc4.jpg,"[185, 254, 229, 300]",1.0,hen_gt,hen_kandang
hidup/hen_f0981_2022-02-16-13_49_51-Greenshot_jpg.rf.f019849e53f1dd04c38955a8c9094cc4_05.jpg,0,hidup,train,train,hen_f0981,train/2022-02-16-13_49_51-Greenshot_jpg.rf.f019849e53f1dd04c38955a8c9094cc4.jpg,"[261, 109, 286, 160]",1.0,hen_gt,hen_kandang
hidup/hen_f0982_2022-02-16-13_53_35-Greenshot_jpg.rf.3dcbf73d3e48c05ca019ad027d22bc9e_01.jpg,0,hidup,train,train,hen_f0982,train/2022-02-16-13_53_35-Greenshot_jpg.rf.3dcbf73d3e48c05ca019ad027d22bc9e.jpg,"[161, 5, 200, 95]",1.0,hen_gt,hen_kandang
hidup/hen_f0982_2022-02-16-13_53_35-Greenshot_jpg.rf.3dcbf73d3e48c05ca019ad027d22bc9e_010.jpg,0,hidup,train,train,hen_f0982,train/2022-02-16-13_53_35-Greenshot_jpg.rf.3dcbf73d3e48c05ca019ad027d22bc9e.jpg,"[1, 126, 62, 238]",1.0,hen_gt,hen_kandang
hidup/hen_f0982_2022-02-16-13_53_35-Greenshot_jpg.rf.3dcbf73d3e48c05ca019ad027d22bc9e_04.jpg,0,hidup,train,train,hen_f0982,train/2022-02-16-13_53_35-Greenshot_jpg.rf.3dcbf73d3e48c05ca019ad027d22bc9e.jpg,"[87, 45, 147, 122]",1.0,hen_gt,hen_kandang
hidup/hen_f0982_2022-02-16-13_53_35-Greenshot_jpg.rf.3dcbf73d3e48c05ca019ad027d22bc9e_09.jpg,0,hidup,train,train,hen_f0982,train/2022-02-16-13_53_35-Greenshot_jpg.rf.3dcbf73d3e48c05ca019ad027d22bc9e.jpg,"[278, 82, 320, 219]",1.0,hen_gt,hen_kandang
hidup/hen_f0985_2022-02-16-13_54_46-Greenshot_jpg.rf.0e9236afc96901e936f0b7379c8fc2dd_00.jpg,0,hidup,train,train,hen_f0985,train/2022-02-16-13_54_46-Greenshot_jpg.rf.0e9236afc96901e936f0b7379c8fc2dd.jpg,"[161, 114, 223, 225]",1.0,hen_gt,hen_kandang
hidup/hen_f0985_2022-02-16-13_54_46-Greenshot_jpg.rf.0e9236afc96901e936f0b7379c8fc2dd_01.jpg,0,hidup,train,train,hen_f0985,train/2022-02-16-13_54_46-Greenshot_jpg.rf.0e9236afc96901e936f0b7379c8fc2dd.jpg,"[111, 135, 168, 226]",1.0,hen_gt,hen_kandang
hidup/hen_f0985_2022-02-16-13_54_46-Greenshot_jpg.rf.0e9236afc96901e936f0b7379c8fc2dd_02.jpg,0,hidup,train,train,hen_f0985,train/2022-02-16-13_54_46-Greenshot_jpg.rf.0e9236afc96901e936f0b7379c8fc2dd.jpg,"[214, 146, 290, 226]",1.0,hen_gt,hen_kandang
hidup/hen_f0985_2022-02-16-13_54_46-Greenshot_jpg.rf.0e9236afc96901e936f0b7379c8fc2dd_03.jpg,0,hidup,train,train,hen_f0985,train/2022-02-16-13_54_46-Greenshot_jpg.rf.0e9236afc96901e936f0b7379c8fc2dd.jpg,"[271, 159, 320, 226]",1.0,hen_gt,hen_kandang
hidup/hen_f0987_images-49-_jpg.rf.04fdb3b5637c8bfeaf6ab2d91390032f_00.jpg,0,hidup,train,train,hen_f0987,train/images-49-_jpg.rf.04fdb3b5637c8bfeaf6ab2d91390032f.jpg,"[54, 179, 383, 637]",1.0,hen_gt,hen_kandang
hidup/hen_f0987_images-49-_jpg.rf.04fdb3b5637c8bfeaf6ab2d91390032f_01.jpg,0,hidup,train,train,hen_f0987,train/images-49-_jpg.rf.04fdb3b5637c8bfeaf6ab2d91390032f.jpg,"[195, 121, 374, 296]",1.0,hen_gt,hen_kandang
hidup/hen_f0987_images-49-_jpg.rf.04fdb3b5637c8bfeaf6ab2d91390032f_02.jpg,0,hidup,train,train,hen_f0987,train/images-49-_jpg.rf.04fdb3b5637c8bfeaf6ab2d91390032f.jpg,"[381, 126, 546, 611]",1.0,hen_gt,hen_kandang
hidup/hen_f0987_images-49-_jpg.rf.04fdb3b5637c8bfeaf6ab2d91390032f_03.jpg,0,hidup,train,train,hen_f0987,train/images-49-_jpg.rf.04fdb3b5637c8bfeaf6ab2d91390032f.jpg,"[455, 35, 640, 176]",1.0,hen_gt,hen_kandang
hidup/hen_f0988_2022-02-16-13_52_10-Greenshot_jpg.rf.fae863968dbd39965ddfd2cda2fcd024_00.jpg,0,hidup,train,train,hen_f0988,train/2022-02-16-13_52_10-Greenshot_jpg.rf.fae863968dbd39965ddfd2cda2fcd024.jpg,"[159, 114, 320, 320]",1.0,hen_gt,hen_kandang
hidup/hen_f1000_Broilers-c-TimScriv-1422013-6400-2_jpg.rf.f3a0311037ba1d97e1d12fbac86b91fd_00.jpg,0,hidup,train,valid,hen_f1000,valid/Broilers-c-TimScriv-1422013-6400-2_jpg.rf.f3a0311037ba1d97e1d12fbac86b91fd.jpg,"[102, 236, 216, 520]",1.0,hen_gt,hen_kandang
hidup/hen_f1000_Broilers-c-TimScriv-1422013-6400-2_jpg.rf.f3a0311037ba1d97e1d12fbac86b91fd_01.jpg,0,hidup,train,valid,hen_f1000,valid/Broilers-c-TimScriv-1422013-6400-2_jpg.rf.f3a0311037ba1d97e1d12fbac86b91fd.jpg,"[310, 277, 446, 502]",1.0,hen_gt,hen_kandang
hidup/hen_f1004_scene01361_png_jpg.rf.9ac2208442ebebd79e07b5c9d9dc4007_019.jpg,0,hidup,train,valid,hen_f1004,valid/scene01361_png_jpg.rf.9ac2208442ebebd79e07b5c9d9dc4007.jpg,"[18, 71, 46, 96]",1.0,hen_gt,hen_kandang
hidup/hen_f1004_scene01361_png_jpg.rf.9ac2208442ebebd79e07b5c9d9dc4007_06.jpg,0,hidup,train,valid,hen_f1004,valid/scene01361_png_jpg.rf.9ac2208442ebebd79e07b5c9d9dc4007.jpg,"[166, 57, 200, 110]",1.0,hen_gt,hen_kandang
hidup/hen_f1004_scene01361_png_jpg.rf.9ac2208442ebebd79e07b5c9d9dc4007_09.jpg,0,hidup,train,valid,hen_f1004,valid/scene01361_png_jpg.rf.9ac2208442ebebd79e07b5c9d9dc4007.jpg,"[28, 212, 71, 273]",1.0,hen_gt,hen_kandang
hidup/hen_f1006_IMG_20220513_172137_HHT_jpg.rf.f9eeea0b38df14eebf5c1407b9d9c197_00.jpg,0,hidup,train,valid,hen_f1006,valid/IMG_20220513_172137_HHT_jpg.rf.f9eeea0b38df14eebf5c1407b9d9c197.jpg,"[206, 199, 444, 352]",1.0,hen_gt,hen_kandang
hidup/hen_f1009_IMG_20220303_085100_jpg.rf.2b09c9b95f64645f7400a2dd8eaf218b_012.jpg,0,hidup,train,valid,hen_f1009,valid/IMG_20220303_085100_jpg.rf.2b09c9b95f64645f7400a2dd8eaf218b.jpg,"[0, 163, 74, 241]",1.0,hen_gt,hen_kandang
hidup/hen_f1009_IMG_20220303_085100_jpg.rf.2b09c9b95f64645f7400a2dd8eaf218b_030.jpg,0,hidup,train,valid,hen_f1009,valid/IMG_20220303_085100_jpg.rf.2b09c9b95f64645f7400a2dd8eaf218b.jpg,"[188, 58, 218, 129]",1.0,hen_gt,hen_kandang
hidup/hen_f1009_IMG_20220303_085100_jpg.rf.2b09c9b95f64645f7400a2dd8eaf218b_08.jpg,0,hidup,train,valid,hen_f1009,valid/IMG_20220303_085100_jpg.rf.2b09c9b95f64645f7400a2dd8eaf218b.jpg,"[107, 114, 165, 224]",1.0,hen_gt,hen_kandang
hidup/hen_f1010_IMG_20220303_085330_jpg.rf.2b74711f8405e046f7ecd0324a469a13_024.jpg,0,hidup,train,valid,hen_f1010,valid/IMG_20220303_085330_jpg.rf.2b74711f8405e046f7ecd0324a469a13.jpg,"[55, 161, 92, 208]",1.0,hen_gt,hen_kandang
hidup/hen_f1010_IMG_20220303_085330_jpg.rf.2b74711f8405e046f7ecd0324a469a13_029.jpg,0,hidup,train,valid,hen_f1010,valid/IMG_20220303_085330_jpg.rf.2b74711f8405e046f7ecd0324a469a13.jpg,"[158, 216, 198, 260]",1.0,hen_gt,hen_kandang
hidup/hen_f1010_IMG_20220303_085330_jpg.rf.2b74711f8405e046f7ecd0324a469a13_066.jpg,0,hidup,train,valid,hen_f1010,valid/IMG_20220303_085330_jpg.rf.2b74711f8405e046f7ecd0324a469a13.jpg,"[36, 46, 58, 80]",1.0,hen_gt,hen_kandang
hidup/hen_f1011_IMG_20220303_085520_jpg.rf.cc89f7eb82ed97e67dda6b3428db24f8_02.jpg,0,hidup,train,valid,hen_f1011,valid/IMG_20220303_085520_jpg.rf.cc89f7eb82ed97e67dda6b3428db24f8.jpg,"[37, 114, 72, 146]",1.0,hen_gt,hen_kandang
hidup/hen_f1011_IMG_20220303_085520_jpg.rf.cc89f7eb82ed97e67dda6b3428db24f8_07.jpg,0,hidup,train,valid,hen_f1011,valid/IMG_20220303_085520_jpg.rf.cc89f7eb82ed97e67dda6b3428db24f8.jpg,"[250, 119, 306, 186]",1.0,hen_gt,hen_kandang
hidup/hen_f1011_IMG_20220303_085520_jpg.rf.cc89f7eb82ed97e67dda6b3428db24f8_09.jpg,0,hidup,train,valid,hen_f1011,valid/IMG_20220303_085520_jpg.rf.cc89f7eb82ed97e67dda6b3428db24f8.jpg,"[207, 122, 291, 210]",1.0,hen_gt,hen_kandang
hidup/hen_f1012_scene01261_png_jpg.rf.ef10689bce32d2fcaa2a11fcc25b2d79_011.jpg,0,hidup,train,valid,hen_f1012,valid/scene01261_png_jpg.rf.ef10689bce32d2fcaa2a11fcc25b2d79.jpg,"[236, 28, 258, 68]",1.0,hen_gt,hen_kandang
hidup/hen_f1012_scene01261_png_jpg.rf.ef10689bce32d2fcaa2a11fcc25b2d79_020.jpg,0,hidup,train,valid,hen_f1012,valid/scene01261_png_jpg.rf.ef10689bce32d2fcaa2a11fcc25b2d79.jpg,"[290, 1, 320, 73]",1.0,hen_gt,hen_kandang
hidup/hen_f1012_scene01261_png_jpg.rf.ef10689bce32d2fcaa2a11fcc25b2d79_07.jpg,0,hidup,train,valid,hen_f1012,valid/scene01261_png_jpg.rf.ef10689bce32d2fcaa2a11fcc25b2d79.jpg,"[222, 96, 268, 152]",1.0,hen_gt,hen_kandang
hidup/hen_f1013_VID-20221020-WA0003_mp4-88_jpg.rf.233b9a37be74fd742ef5ee250db36412_00.jpg,0,hidup,train,valid,hen_f1013,valid/VID-20221020-WA0003_mp4-88_jpg.rf.233b9a37be74fd742ef5ee250db36412.jpg,"[27, 47, 94, 82]",1.0,hen_gt,hen_kandang
hidup/hen_f1013_VID-20221020-WA0003_mp4-88_jpg.rf.233b9a37be74fd742ef5ee250db36412_01.jpg,0,hidup,train,valid,hen_f1013,valid/VID-20221020-WA0003_mp4-88_jpg.rf.233b9a37be74fd742ef5ee250db36412.jpg,"[92, 180, 238, 270]",1.0,hen_gt,hen_kandang
hidup/hen_f1014_IMG_20220303_085328_jpg.rf.5b7c397157a4e197fb0341d3e472a8b3_00.jpg,0,hidup,train,test,hen_f1014,test/IMG_20220303_085328_jpg.rf.5b7c397157a4e197fb0341d3e472a8b3.jpg,"[204, 149, 258, 177]",1.0,hen_gt,hen_kandang
hidup/hen_f1014_IMG_20220303_085328_jpg.rf.5b7c397157a4e197fb0341d3e472a8b3_02.jpg,0,hidup,train,test,hen_f1014,test/IMG_20220303_085328_jpg.rf.5b7c397157a4e197fb0341d3e472a8b3.jpg,"[167, 195, 270, 222]",1.0,hen_gt,hen_kandang
hidup/hen_f1014_IMG_20220303_085328_jpg.rf.5b7c397157a4e197fb0341d3e472a8b3_03.jpg,0,hidup,train,test,hen_f1014,test/IMG_20220303_085328_jpg.rf.5b7c397157a4e197fb0341d3e472a8b3.jpg,"[188, 217, 269, 257]",1.0,hen_gt,hen_kandang
hidup/hen_f1015_IMG_20220303_085424_jpg.rf.a84d84725848fbfd3543c1efb9d3f8a8_014.jpg,0,hidup,train,valid,hen_f1015,valid/IMG_20220303_085424_jpg.rf.a84d84725848fbfd3543c1efb9d3f8a8.jpg,"[93, 156, 143, 206]",1.0,hen_gt,hen_kandang
hidup/hen_f1015_IMG_20220303_085424_jpg.rf.a84d84725848fbfd3543c1efb9d3f8a8_037.jpg,0,hidup,train,valid,hen_f1015,valid/IMG_20220303_085424_jpg.rf.a84d84725848fbfd3543c1efb9d3f8a8.jpg,"[196, 50, 226, 84]",1.0,hen_gt,hen_kandang
hidup/hen_f1015_IMG_20220303_085424_jpg.rf.a84d84725848fbfd3543c1efb9d3f8a8_08.jpg,0,hidup,train,valid,hen_f1015,valid/IMG_20220303_085424_jpg.rf.a84d84725848fbfd3543c1efb9d3f8a8.jpg,"[298, 135, 320, 168]",1.0,hen_gt,hen_kandang
hidup/hen_f1016_IMG_20220303_090355_jpg.rf.47372686fa444567835427112d1df40c_00.jpg,0,hidup,train,valid,hen_f1016,valid/IMG_20220303_090355_jpg.rf.47372686fa444567835427112d1df40c.jpg,"[16, 138, 57, 196]",1.0,hen_gt,hen_kandang
hidup/hen_f1016_IMG_20220303_090355_jpg.rf.47372686fa444567835427112d1df40c_01.jpg,0,hidup,train,valid,hen_f1016,valid/IMG_20220303_090355_jpg.rf.47372686fa444567835427112d1df40c.jpg,"[162, 161, 190, 186]",1.0,hen_gt,hen_kandang
hidup/hen_f1016_IMG_20220303_090355_jpg.rf.47372686fa444567835427112d1df40c_02.jpg,0,hidup,train,valid,hen_f1016,valid/IMG_20220303_090355_jpg.rf.47372686fa444567835427112d1df40c.jpg,"[85, 142, 175, 274]",1.0,hen_gt,hen_kandang
hidup/hen_f1020_images-81-_jpg.rf.5a49fb42679dd1c56d20a16d58de7b87_00.jpg,0,hidup,train,valid,hen_f1020,valid/images-81-_jpg.rf.5a49fb42679dd1c56d20a16d58de7b87.jpg,"[192, 264, 396, 637]",1.0,hen_gt,hen_kandang
hidup/hen_f1020_images-81-_jpg.rf.5a49fb42679dd1c56d20a16d58de7b87_01.jpg,0,hidup,train,valid,hen_f1020,valid/images-81-_jpg.rf.5a49fb42679dd1c56d20a16d58de7b87.jpg,"[62, 235, 196, 622]",1.0,hen_gt,hen_kandang
hidup/hen_f1020_images-81-_jpg.rf.5a49fb42679dd1c56d20a16d58de7b87_04.jpg,0,hidup,train,valid,hen_f1020,valid/images-81-_jpg.rf.5a49fb42679dd1c56d20a16d58de7b87.jpg,"[518, 354, 618, 505]",1.0,hen_gt,hen_kandang
hidup/hen_f1024_39_JPG_jpg.rf.280e04b83529d85988d3290c27182129_00.jpg,0,hidup,train,valid,hen_f1024,valid/39_JPG_jpg.rf.280e04b83529d85988d3290c27182129.jpg,"[225, 39, 242, 92]",1.0,hen_gt,hen_kandang
hidup/hen_f1024_39_JPG_jpg.rf.280e04b83529d85988d3290c27182129_01.jpg,0,hidup,train,valid,hen_f1024,valid/39_JPG_jpg.rf.280e04b83529d85988d3290c27182129.jpg,"[269, 54, 290, 122]",1.0,hen_gt,hen_kandang
hidup/hen_f1024_39_JPG_jpg.rf.280e04b83529d85988d3290c27182129_02.jpg,0,hidup,train,valid,hen_f1024,valid/39_JPG_jpg.rf.280e04b83529d85988d3290c27182129.jpg,"[242, 72, 262, 131]",1.0,hen_gt,hen_kandang
hidup/hen_f1027_IMG_20220303_085426_jpg.rf.be98311fb9dca39c2c4d36fc93ec8a1d_02.jpg,0,hidup,train,test,hen_f1027,test/IMG_20220303_085426_jpg.rf.be98311fb9dca39c2c4d36fc93ec8a1d.jpg,"[21, 231, 63, 320]",1.0,hen_gt,hen_kandang
hidup/hen_f1027_IMG_20220303_085426_jpg.rf.be98311fb9dca39c2c4d36fc93ec8a1d_04.jpg,0,hidup,train,test,hen_f1027,test/IMG_20220303_085426_jpg.rf.be98311fb9dca39c2c4d36fc93ec8a1d.jpg,"[163, 90, 200, 166]",1.0,hen_gt,hen_kandang
hidup/hen_f1027_IMG_20220303_085426_jpg.rf.be98311fb9dca39c2c4d36fc93ec8a1d_05.jpg,0,hidup,train,test,hen_f1027,test/IMG_20220303_085426_jpg.rf.be98311fb9dca39c2c4d36fc93ec8a1d.jpg,"[17, 113, 64, 227]",1.0,hen_gt,hen_kandang
hidup/hen_f1031_2022-02-16-13_49_59-Greenshot_jpg.rf.d690eb2d72ffee4f49b5424d87258fbc_00.jpg,0,hidup,train,test,hen_f1031,test/2022-02-16-13_49_59-Greenshot_jpg.rf.d690eb2d72ffee4f49b5424d87258fbc.jpg,"[55, 75, 160, 237]",1.0,hen_gt,hen_kandang
hidup/hen_f1031_2022-02-16-13_49_59-Greenshot_jpg.rf.d690eb2d72ffee4f49b5424d87258fbc_01.jpg,0,hidup,train,test,hen_f1031,test/2022-02-16-13_49_59-Greenshot_jpg.rf.d690eb2d72ffee4f49b5424d87258fbc.jpg,"[288, 96, 320, 225]",1.0,hen_gt,hen_kandang
hidup/hen_f1031_2022-02-16-13_49_59-Greenshot_jpg.rf.d690eb2d72ffee4f49b5424d87258fbc_02.jpg,0,hidup,train,test,hen_f1031,test/2022-02-16-13_49_59-Greenshot_jpg.rf.d690eb2d72ffee4f49b5424d87258fbc.jpg,"[208, 97, 308, 241]",1.0,hen_gt,hen_kandang
hidup/hen_f1032_4a_jpg.rf.b581238c5a1e1069c4d7406ea1b23fcc_00.jpg,0,hidup,train,test,hen_f1032,test/4a_jpg.rf.b581238c5a1e1069c4d7406ea1b23fcc.jpg,"[73, 19, 192, 307]",1.0,hen_gt,hen_kandang
hidup/hen_f1033_IMG_20220303_085114_jpg.rf.df253101161acb7a6f2e99740c24ed94_01.jpg,0,hidup,train,test,hen_f1033,test/IMG_20220303_085114_jpg.rf.df253101161acb7a6f2e99740c24ed94.jpg,"[191, 137, 248, 194]",1.0,hen_gt,hen_kandang
hidup/hen_f1033_IMG_20220303_085114_jpg.rf.df253101161acb7a6f2e99740c24ed94_03.jpg,0,hidup,train,test,hen_f1033,test/IMG_20220303_085114_jpg.rf.df253101161acb7a6f2e99740c24ed94.jpg,"[233, 148, 266, 235]",1.0,hen_gt,hen_kandang
hidup/hen_f1033_IMG_20220303_085114_jpg.rf.df253101161acb7a6f2e99740c24ed94_06.jpg,0,hidup,train,test,hen_f1033,test/IMG_20220303_085114_jpg.rf.df253101161acb7a6f2e99740c24ed94.jpg,"[56, 185, 106, 252]",1.0,hen_gt,hen_kandang
mati/hen_f0006_images_jpg.rf.26aa8572b55c01ac63bc07d42187d625_10.jpg,1,mati,train,train,hen_f0006,train/images_jpg.rf.26aa8572b55c01ac63bc07d42187d625.jpg,"[100, 95, 560, 474]",1.0,hen_gt,hen_kandang
mati/hen_f0011_images-7-_jpg.rf.34e20811d39fc111a60548ff013d85c3_10.jpg,1,mati,train,train,hen_f0011,train/images-7-_jpg.rf.34e20811d39fc111a60548ff013d85c3.jpg,"[104, 154, 274, 588]",1.0,hen_gt,hen_kandang
mati/hen_f0011_images-7-_jpg.rf.34e20811d39fc111a60548ff013d85c3_11.jpg,1,mati,train,train,hen_f0011,train/images-7-_jpg.rf.34e20811d39fc111a60548ff013d85c3.jpg,"[268, 118, 453, 508]",1.0,hen_gt,hen_kandang
mati/hen_f0011_images-7-_jpg.rf.34e20811d39fc111a60548ff013d85c3_12.jpg,1,mati,train,train,hen_f0011,train/images-7-_jpg.rf.34e20811d39fc111a60548ff013d85c3.jpg,"[377, 94, 634, 415]",1.0,hen_gt,hen_kandang
mati/hen_f0022_22410318-7794335-Dead_chickens_were_also_seen_in_the_barn_right_along_with_chicke-a-33_1576939265400_jpg.rf.1dd2ab91032d6a835b26d868519e6e76_10.jpg,1,mati,train,train,hen_f0022,train/22410318-7794335-Dead_chickens_were_also_seen_in_the_barn_right_along_with_chicke-a-33_1576939265400_jpg.rf.1dd2ab91032d6a835b26d868519e6e76.jpg,"[367, 198, 536, 490]",1.0,hen_gt,hen_kandang
mati/hen_f0036_IMG_20220513_173544_HHT_jpg.rf.5f9417d7cf7d515d84d910b57246431f_10.jpg,1,mati,train,train,hen_f0036,train/IMG_20220513_173544_HHT_jpg.rf.5f9417d7cf7d515d84d910b57246431f.jpg,"[209, 224, 441, 399]",1.0,hen_gt,hen_kandang
mati/hen_f0044_IMG_20220513_173754_HHT_jpg.rf.52b5ef98bbd676238308ca6dd89ee233_10.jpg,1,mati,train,valid,hen_f0044,valid/IMG_20220513_173754_HHT_jpg.rf.52b5ef98bbd676238308ca6dd89ee233.jpg,"[159, 238, 501, 417]",1.0,hen_gt,hen_kandang
mati/hen_f0046_IMG_20220513_173620_HHT_jpg.rf.15f154162df98c5a8b72247c55f2221d_10.jpg,1,mati,train,train,hen_f0046,train/IMG_20220513_173620_HHT_jpg.rf.15f154162df98c5a8b72247c55f2221d.jpg,"[234, 235, 432, 426]",1.0,hen_gt,hen_kandang
mati/hen_f0052_IMG_20220513_173912_HHT_jpg.rf.651842043d20324d6ec9e699aa48d1fb_10.jpg,1,mati,train,train,hen_f0052,train/IMG_20220513_173912_HHT_jpg.rf.651842043d20324d6ec9e699aa48d1fb.jpg,"[204, 217, 454, 355]",1.0,hen_gt,hen_kandang
mati/hen_f0055_IMG_20220513_174112_HHT_jpg.rf.34f18e2571fc2a37b5f44bf6f6b18256_10.jpg,1,mati,train,train,hen_f0055,train/IMG_20220513_174112_HHT_jpg.rf.34f18e2571fc2a37b5f44bf6f6b18256.jpg,"[228, 252, 403, 367]",1.0,hen_gt,hen_kandang
mati/hen_f0057_IMG_20220513_173646_HHT_jpg.rf.355a8520382cea88e32e876b79697594_10.jpg,1,mati,train,train,hen_f0057,train/IMG_20220513_173646_HHT_jpg.rf.355a8520382cea88e32e876b79697594.jpg,"[208, 206, 404, 374]",1.0,hen_gt,hen_kandang
mati/hen_f0058_scene00701_png_jpg.rf.9554505739e5c60280a3a6e6a191840e_10.jpg,1,mati,train,train,hen_f0058,train/scene00701_png_jpg.rf.9554505739e5c60280a3a6e6a191840e.jpg,"[56, 6, 129, 160]",1.0,hen_gt,hen_kandang
mati/hen_f0058_scene00701_png_jpg.rf.9554505739e5c60280a3a6e6a191840e_11.jpg,1,mati,train,train,hen_f0058,train/scene00701_png_jpg.rf.9554505739e5c60280a3a6e6a191840e.jpg,"[182, 110, 273, 306]",1.0,hen_gt,hen_kandang
mati/hen_f0060_IMG_20220513_173807_HHT_jpg.rf.365e0fe2ebfcf8d2c2af04abc6f8b622_10.jpg,1,mati,train,train,hen_f0060,train/IMG_20220513_173807_HHT_jpg.rf.365e0fe2ebfcf8d2c2af04abc6f8b622.jpg,"[196, 214, 386, 409]",1.0,hen_gt,hen_kandang
mati/hen_f0062_image-21-_jpg.rf.61b55aade834c3b381d99dcbda757c41_10.jpg,1,mati,train,train,hen_f0062,train/image-21-_jpg.rf.61b55aade834c3b381d99dcbda757c41.jpg,"[29, 23, 226, 289]",1.0,hen_gt,hen_kandang
mati/hen_f0063_image-15-_jpg.rf.0ebb8a3f326e84a3fabf9dd5fc5b60fe_10.jpg,1,mati,train,train,hen_f0063,train/image-15-_jpg.rf.0ebb8a3f326e84a3fabf9dd5fc5b60fe.jpg,"[84, 21, 372, 416]",1.0,hen_gt,hen_kandang
mati/hen_f0065_IMG_20220513_174044_HHT_jpg.rf.947dfa2dbddad57fac831e13f31a7222_10.jpg,1,mati,train,train,hen_f0065,train/IMG_20220513_174044_HHT_jpg.rf.947dfa2dbddad57fac831e13f31a7222.jpg,"[197, 237, 429, 407]",1.0,hen_gt,hen_kandang
mati/hen_f0067_scene00541_png_jpg.rf.08289c3abf1d440213bf3b0a97f77a9c_10.jpg,1,mati,train,train,hen_f0067,train/scene00541_png_jpg.rf.08289c3abf1d440213bf3b0a97f77a9c.jpg,"[54, 134, 110, 220]",1.0,hen_gt,hen_kandang
mati/hen_f0067_scene00541_png_jpg.rf.08289c3abf1d440213bf3b0a97f77a9c_11.jpg,1,mati,train,train,hen_f0067,train/scene00541_png_jpg.rf.08289c3abf1d440213bf3b0a97f77a9c.jpg,"[219, 75, 296, 318]",1.0,hen_gt,hen_kandang
mati/hen_f0067_scene00541_png_jpg.rf.08289c3abf1d440213bf3b0a97f77a9c_12.jpg,1,mati,train,train,hen_f0067,train/scene00541_png_jpg.rf.08289c3abf1d440213bf3b0a97f77a9c.jpg,"[153, 100, 222, 296]",1.0,hen_gt,hen_kandang
mati/hen_f0067_scene00541_png_jpg.rf.08289c3abf1d440213bf3b0a97f77a9c_13.jpg,1,mati,train,train,hen_f0067,train/scene00541_png_jpg.rf.08289c3abf1d440213bf3b0a97f77a9c.jpg,"[66, 35, 136, 152]",1.0,hen_gt,hen_kandang
mati/hen_f0069_scene00141_png_jpg.rf.35530e40ffca96f971911a5ae7522542_10.jpg,1,mati,train,train,hen_f0069,train/scene00141_png_jpg.rf.35530e40ffca96f971911a5ae7522542.jpg,"[104, 24, 253, 270]",1.0,hen_gt,hen_kandang
mati/hen_f0069_scene00141_png_jpg.rf.35530e40ffca96f971911a5ae7522542_11.jpg,1,mati,train,train,hen_f0069,train/scene00141_png_jpg.rf.35530e40ffca96f971911a5ae7522542.jpg,"[0, 4, 76, 172]",1.0,hen_gt,hen_kandang
mati/hen_f0070_scene00201_png_jpg.rf.64187eaa39bffba8bee556ab80ea12e7_10.jpg,1,mati,train,train,hen_f0070,train/scene00201_png_jpg.rf.64187eaa39bffba8bee556ab80ea12e7.jpg,"[109, 72, 225, 308]",1.0,hen_gt,hen_kandang
mati/hen_f0070_scene00201_png_jpg.rf.64187eaa39bffba8bee556ab80ea12e7_11.jpg,1,mati,train,train,hen_f0070,train/scene00201_png_jpg.rf.64187eaa39bffba8bee556ab80ea12e7.jpg,"[0, 4, 70, 183]",1.0,hen_gt,hen_kandang
mati/hen_f0071_IMG20220703113831_jpg.rf.2a94b3d8e188dc2955204a6fda4ba7a2_10.jpg,1,mati,train,train,hen_f0071,train/IMG20220703113831_jpg.rf.2a94b3d8e188dc2955204a6fda4ba7a2.jpg,"[206, 198, 505, 591]",1.0,hen_gt,hen_kandang
mati/hen_f0072_IMG_20220513_173823_HHT_jpg.rf.22e6befad37cb5fb4076cf4cea0ce294_10.jpg,1,mati,train,train,hen_f0072,train/IMG_20220513_173823_HHT_jpg.rf.22e6befad37cb5fb4076cf4cea0ce294.jpg,"[147, 244, 427, 384]",1.0,hen_gt,hen_kandang
mati/hen_f0073_image-36-_jpg.rf.3048ff192ee5d4387253f93602bfd4d7_10.jpg,1,mati,train,train,hen_f0073,train/image-36-_jpg.rf.3048ff192ee5d4387253f93602bfd4d7.jpg,"[76, 26, 358, 404]",1.0,hen_gt,hen_kandang
mati/hen_f0074_IMG20220703113821_jpg.rf.35d8c6a200f519fc39a8804d248e07ad_10.jpg,1,mati,train,train,hen_f0074,train/IMG20220703113821_jpg.rf.35d8c6a200f519fc39a8804d248e07ad.jpg,"[180, 147, 531, 435]",1.0,hen_gt,hen_kandang
mati/hen_f0075_IMG_20220513_173810_HHT_jpg.rf.79d5208182396ae6d9a9304f061f7edf_10.jpg,1,mati,train,train,hen_f0075,train/IMG_20220513_173810_HHT_jpg.rf.79d5208182396ae6d9a9304f061f7edf.jpg,"[135, 250, 405, 381]",1.0,hen_gt,hen_kandang
mati/hen_f0077_scene00501_png_jpg.rf.05fdf285b745a22626506e966221aaaa_10.jpg,1,mati,train,train,hen_f0077,train/scene00501_png_jpg.rf.05fdf285b745a22626506e966221aaaa.jpg,"[164, 149, 204, 272]",1.0,hen_gt,hen_kandang
mati/hen_f0077_scene00501_png_jpg.rf.05fdf285b745a22626506e966221aaaa_11.jpg,1,mati,train,train,hen_f0077,train/scene00501_png_jpg.rf.05fdf285b745a22626506e966221aaaa.jpg,"[176, 57, 206, 144]",1.0,hen_gt,hen_kandang
mati/hen_f0077_scene00501_png_jpg.rf.05fdf285b745a22626506e966221aaaa_12.jpg,1,mati,train,train,hen_f0077,train/scene00501_png_jpg.rf.05fdf285b745a22626506e966221aaaa.jpg,"[138, 44, 171, 95]",1.0,hen_gt,hen_kandang
mati/hen_f0077_scene00501_png_jpg.rf.05fdf285b745a22626506e966221aaaa_13.jpg,1,mati,train,train,hen_f0077,train/scene00501_png_jpg.rf.05fdf285b745a22626506e966221aaaa.jpg,"[196, 115, 232, 278]",1.0,hen_gt,hen_kandang
mati/hen_f0080_IMG_20220513_174124_HHT_jpg.rf.1e5482c336688ca1235ff03d0fe3dad4_10.jpg,1,mati,train,valid,hen_f0080,valid/IMG_20220513_174124_HHT_jpg.rf.1e5482c336688ca1235ff03d0fe3dad4.jpg,"[183, 214, 375, 405]",1.0,hen_gt,hen_kandang
mati/hen_f0081_IMG_20220513_174149_HHT_jpg.rf.94de4274a7c5115e872bdc1c1e27c7f4_10.jpg,1,mati,train,train,hen_f0081,train/IMG_20220513_174149_HHT_jpg.rf.94de4274a7c5115e872bdc1c1e27c7f4.jpg,"[227, 159, 355, 405]",1.0,hen_gt,hen_kandang
mati/hen_f0082_IMG_20220513_173740_HHT_jpg.rf.211ae8880eb1d4a6ebfb8fa973beca69_10.jpg,1,mati,train,valid,hen_f0082,valid/IMG_20220513_173740_HHT_jpg.rf.211ae8880eb1d4a6ebfb8fa973beca69.jpg,"[260, 154, 439, 484]",1.0,hen_gt,hen_kandang
mati/hen_f0083_IMG_20220513_174053_HHT_jpg.rf.0d7e13d437535af81a74d30ff98dffec_10.jpg,1,mati,train,train,hen_f0083,train/IMG_20220513_174053_HHT_jpg.rf.0d7e13d437535af81a74d30ff98dffec.jpg,"[171, 223, 379, 329]",1.0,hen_gt,hen_kandang
mati/hen_f0086_IMG_20220513_174141_HHT_jpg.rf.63073aef419a95fc00e14eed146eb32b_10.jpg,1,mati,train,train,hen_f0086,train/IMG_20220513_174141_HHT_jpg.rf.63073aef419a95fc00e14eed146eb32b.jpg,"[165, 226, 396, 385]",1.0,hen_gt,hen_kandang
mati/hen_f0087_IMG_20220513_173847_HHT_jpg.rf.68fd9b13177b2be39aa85e4b6492ace7_10.jpg,1,mati,train,valid,hen_f0087,valid/IMG_20220513_173847_HHT_jpg.rf.68fd9b13177b2be39aa85e4b6492ace7.jpg,"[163, 204, 396, 388]",1.0,hen_gt,hen_kandang
mati/hen_f0089_image-33-_jpg.rf.0f7219081386f5fb17fe7c5cd2f645c0_10.jpg,1,mati,train,train,hen_f0089,train/image-33-_jpg.rf.0f7219081386f5fb17fe7c5cd2f645c0.jpg,"[33, 71, 374, 326]",1.0,hen_gt,hen_kandang
mati/hen_f0093_IMG_20220513_173546_HHT_jpg.rf.0bb8ee5ebb3145c8f6fd446f2481582c_10.jpg,1,mati,train,train,hen_f0093,train/IMG_20220513_173546_HHT_jpg.rf.0bb8ee5ebb3145c8f6fd446f2481582c.jpg,"[236, 246, 466, 400]",1.0,hen_gt,hen_kandang
mati/hen_f0094_IMG_20220513_173802_HHT_jpg.rf.7d0663a9d71a92297aaed58f8a8bc82b_10.jpg,1,mati,train,valid,hen_f0094,valid/IMG_20220513_173802_HHT_jpg.rf.7d0663a9d71a92297aaed58f8a8bc82b.jpg,"[194, 182, 385, 445]",1.0,hen_gt,hen_kandang
mati/hen_f0096_IMG_20220513_173617_HHT_jpg.rf.7bd559d6b4c4a0b5281e233053da69d3_10.jpg,1,mati,train,train,hen_f0096,train/IMG_20220513_173617_HHT_jpg.rf.7bd559d6b4c4a0b5281e233053da69d3.jpg,"[183, 244, 398, 405]",1.0,hen_gt,hen_kandang
mati/hen_f0098_IMG_20220513_174103_HHT_jpg.rf.3fb5e9d7c85bc59bb6c5e1d1ebbd9acb_10.jpg,1,mati,train,train,hen_f0098,train/IMG_20220513_174103_HHT_jpg.rf.3fb5e9d7c85bc59bb6c5e1d1ebbd9acb.jpg,"[193, 262, 429, 386]",1.0,hen_gt,hen_kandang
mati/hen_f0100_image-20-_jpg.rf.0ab83e1c3a0f8b48087e39f641386281_10.jpg,1,mati,train,train,hen_f0100,train/image-20-_jpg.rf.0ab83e1c3a0f8b48087e39f641386281.jpg,"[107, 42, 289, 398]",1.0,hen_gt,hen_kandang
mati/hen_f0102_IMG_20220513_174048_HHT_jpg.rf.1486777c3bda7a2ce71795b95354bebf_10.jpg,1,mati,train,train,hen_f0102,train/IMG_20220513_174048_HHT_jpg.rf.1486777c3bda7a2ce71795b95354bebf.jpg,"[209, 228, 364, 415]",1.0,hen_gt,hen_kandang
mati/hen_f0103_image-37-_jpg.rf.18c8e991b7422663943932924c19e2f3_10.jpg,1,mati,train,train,hen_f0103,train/image-37-_jpg.rf.18c8e991b7422663943932924c19e2f3.jpg,"[20, 3, 294, 324]",1.0,hen_gt,hen_kandang
mati/hen_f0104_image-24-_jpg.rf.11327dcbc7325daf24126a00fcd84e46_10.jpg,1,mati,train,train,hen_f0104,train/image-24-_jpg.rf.11327dcbc7325daf24126a00fcd84e46.jpg,"[73, 19, 414, 414]",1.0,hen_gt,hen_kandang
mati/hen_f0105_IMG_20220513_173750_HHT_jpg.rf.48c1156737c8f199a51599d05f5b1395_10.jpg,1,mati,train,train,hen_f0105,train/IMG_20220513_173750_HHT_jpg.rf.48c1156737c8f199a51599d05f5b1395.jpg,"[123, 199, 461, 409]",1.0,hen_gt,hen_kandang
mati/hen_f0107_IMG_20220513_174146_HHT_jpg.rf.0456e9ba558a9f8ee1a13b7411f52ed2_10.jpg,1,mati,train,train,hen_f0107,train/IMG_20220513_174146_HHT_jpg.rf.0456e9ba558a9f8ee1a13b7411f52ed2.jpg,"[224, 226, 410, 404]",1.0,hen_gt,hen_kandang
mati/hen_f0108_scene00221_png_jpg.rf.4b0d012f2fb454b7bb1d06d0ccb88d60_10.jpg,1,mati,train,train,hen_f0108,train/scene00221_png_jpg.rf.4b0d012f2fb454b7bb1d06d0ccb88d60.jpg,"[111, 110, 194, 234]",1.0,hen_gt,hen_kandang
mati/hen_f0108_scene00221_png_jpg.rf.4b0d012f2fb454b7bb1d06d0ccb88d60_11.jpg,1,mati,train,train,hen_f0108,train/scene00221_png_jpg.rf.4b0d012f2fb454b7bb1d06d0ccb88d60.jpg,"[0, 10, 92, 190]",1.0,hen_gt,hen_kandang
mati/hen_f0110_IMG_20220513_174310_HHT_jpg.rf.4cde4ce1e761c3340bc0db9f4017be61_10.jpg,1,mati,train,train,hen_f0110,train/IMG_20220513_174310_HHT_jpg.rf.4cde4ce1e761c3340bc0db9f4017be61.jpg,"[86, 180, 452, 580]",1.0,hen_gt,hen_kandang
mati/hen_f0111_sudden-death-syndrome_png_jpg.rf.77458ab6f8058119d98ab2218a4fd272_10.jpg,1,mati,train,train,hen_f0111,train/sudden-death-syndrome_png_jpg.rf.77458ab6f8058119d98ab2218a4fd272.jpg,"[0, 69, 596, 579]",1.0,hen_gt,hen_kandang
mati/hen_f0112_IMG_20220513_174341_HHT_jpg.rf.5474217bcf6c2ae4657be2293cc714b0_10.jpg,1,mati,train,valid,hen_f0112,valid/IMG_20220513_174341_HHT_jpg.rf.5474217bcf6c2ae4657be2293cc714b0.jpg,"[155, 167, 489, 426]",1.0,hen_gt,hen_kandang
mati/hen_f0114_IMG_20220513_174153_HHT_jpg.rf.06a9c7a1177f5eff2a1325acbf0ad347_10.jpg,1,mati,train,train,hen_f0114,train/IMG_20220513_174153_HHT_jpg.rf.06a9c7a1177f5eff2a1325acbf0ad347.jpg,"[181, 230, 379, 397]",1.0,hen_gt,hen_kandang
mati/hen_f0117_IMG_20220513_174403_HHT_jpg.rf.387f74378ea9d2334eb766d2809d0a6c_10.jpg,1,mati,train,train,hen_f0117,train/IMG_20220513_174403_HHT_jpg.rf.387f74378ea9d2334eb766d2809d0a6c.jpg,"[110, 243, 386, 449]",1.0,hen_gt,hen_kandang
mati/hen_f0118_IMG_20220513_174350_HHT_jpg.rf.65b9efd9b9002350b91ebc701e915d0b_10.jpg,1,mati,train,train,hen_f0118,train/IMG_20220513_174350_HHT_jpg.rf.65b9efd9b9002350b91ebc701e915d0b.jpg,"[208, 218, 552, 512]",1.0,hen_gt,hen_kandang
mati/hen_f0122_image-11-_jpg.rf.1246acd16e886f82cc0cbd90d92c9b0b_10.jpg,1,mati,train,train,hen_f0122,train/image-11-_jpg.rf.1246acd16e886f82cc0cbd90d92c9b0b.jpg,"[65, 0, 340, 366]",1.0,hen_gt,hen_kandang
mati/hen_f0127_image-29-_jpg.rf.0034d302a20dda7dfb85b641bd6f127d_10.jpg,1,mati,train,train,hen_f0127,train/image-29-_jpg.rf.0034d302a20dda7dfb85b641bd6f127d.jpg,"[120, 151, 316, 408]",1.0,hen_gt,hen_kandang
mati/hen_f0128_images-4-_jpg.rf.20353d3efe1a841309576d613d81878b_10.jpg,1,mati,train,train,hen_f0128,train/images-4-_jpg.rf.20353d3efe1a841309576d613d81878b.jpg,"[10, 113, 282, 475]",1.0,hen_gt,hen_kandang
mati/hen_f0128_images-4-_jpg.rf.20353d3efe1a841309576d613d81878b_11.jpg,1,mati,train,train,hen_f0128,train/images-4-_jpg.rf.20353d3efe1a841309576d613d81878b.jpg,"[245, 140, 426, 537]",1.0,hen_gt,hen_kandang
mati/hen_f0128_images-4-_jpg.rf.20353d3efe1a841309576d613d81878b_12.jpg,1,mati,train,train,hen_f0128,train/images-4-_jpg.rf.20353d3efe1a841309576d613d81878b.jpg,"[413, 76, 598, 492]",1.0,hen_gt,hen_kandang
mati/hen_f0131_IMG20220703113823_jpg.rf.2d79861694502edf4eb936d90bd01e40_10.jpg,1,mati,train,train,hen_f0131,train/IMG20220703113823_jpg.rf.2d79861694502edf4eb936d90bd01e40.jpg,"[182, 146, 542, 434]",1.0,hen_gt,hen_kandang
mati/hen_f0133_image-19-_jpg.rf.07decfc2bbdcd6b3a0f587b78bb675f6_10.jpg,1,mati,train,train,hen_f0133,train/image-19-_jpg.rf.07decfc2bbdcd6b3a0f587b78bb675f6.jpg,"[79, 170, 317, 334]",1.0,hen_gt,hen_kandang
mati/hen_f0134_IMG_20220513_174447_HHT_jpg.rf.3958295d2dc2979c909f47779fb81be7_10.jpg,1,mati,train,train,hen_f0134,train/IMG_20220513_174447_HHT_jpg.rf.3958295d2dc2979c909f47779fb81be7.jpg,"[66, 96, 410, 440]",1.0,hen_gt,hen_kandang
mati/hen_f0145_image-25-_jpg.rf.30d69f957ccc3656b0d0d7041a09d251_10.jpg,1,mati,train,train,hen_f0145,train/image-25-_jpg.rf.30d69f957ccc3656b0d0d7041a09d251.jpg,"[52, 3, 348, 354]",1.0,hen_gt,hen_kandang
mati/hen_f0146_IMG20220703113914_01_jpg.rf.18a8bc8e2a4bb18a3c392f9975388447_10.jpg,1,mati,train,valid,hen_f0146,valid/IMG20220703113914_01_jpg.rf.18a8bc8e2a4bb18a3c392f9975388447.jpg,"[159, 170, 521, 425]",1.0,hen_gt,hen_kandang
mati/hen_f0151_image-31-_jpg.rf.c37a23d16caa2c2c1f8d41b551d1a65c_10.jpg,1,mati,train,train,hen_f0151,train/image-31-_jpg.rf.c37a23d16caa2c2c1f8d41b551d1a65c.jpg,"[135, 223, 328, 404]",1.0,hen_gt,hen_kandang
mati/hen_f0156_1533098087717_jpg.rf.859e57027dab31c22e2f8dc0e674413b_10.jpg,1,mati,train,train,hen_f0156,train/1533098087717_jpg.rf.859e57027dab31c22e2f8dc0e674413b.jpg,"[184, 233, 474, 586]",1.0,hen_gt,hen_kandang
mati/hen_f0159_IMG_20220513_174536_HHT_jpg.rf.5d1b0abaf4e580da7e97e836eb787b0c_10.jpg,1,mati,train,train,hen_f0159,train/IMG_20220513_174536_HHT_jpg.rf.5d1b0abaf4e580da7e97e836eb787b0c.jpg,"[143, 156, 531, 456]",1.0,hen_gt,hen_kandang
mati/hen_f0160_IMG20220703113910_jpg.rf.13e4167a104c991b290c1a04eea3b14e_10.jpg,1,mati,train,train,hen_f0160,train/IMG20220703113910_jpg.rf.13e4167a104c991b290c1a04eea3b14e.jpg,"[154, 194, 488, 432]",1.0,hen_gt,hen_kandang
mati/hen_f0161_IMG_20220513_174408_HHT_jpg.rf.11af31bc91e4e3f1eb5be3f86fdae26f_10.jpg,1,mati,train,valid,hen_f0161,valid/IMG_20220513_174408_HHT_jpg.rf.11af31bc91e4e3f1eb5be3f86fdae26f.jpg,"[139, 219, 367, 445]",1.0,hen_gt,hen_kandang
mati/hen_f0165_IMG20220703113914_09_jpg.rf.5afdc77d3b8e2bded46b3c24e8c9cca3_10.jpg,1,mati,train,train,hen_f0165,train/IMG20220703113914_09_jpg.rf.5afdc77d3b8e2bded46b3c24e8c9cca3.jpg,"[159, 176, 518, 433]",1.0,hen_gt,hen_kandang
mati/hen_f0166_IMG20220703113911_jpg.rf.79c61a1921b2c7cef716a070e6827b3e_10.jpg,1,mati,train,train,hen_f0166,train/IMG20220703113911_jpg.rf.79c61a1921b2c7cef716a070e6827b3e.jpg,"[152, 188, 509, 433]",1.0,hen_gt,hen_kandang
mati/hen_f0178_image-30-_jpg.rf.7348b060810e81dac923cc22dbf24c83_10.jpg,1,mati,train,train,hen_f0178,train/image-30-_jpg.rf.7348b060810e81dac923cc22dbf24c83.jpg,"[49, 197, 206, 353]",1.0,hen_gt,hen_kandang
mati/hen_f0181_image-32-_jpg.rf.7aaf97ba402f31bd4d04b36b5fd3fd9a_10.jpg,1,mati,train,valid,hen_f0181,valid/image-32-_jpg.rf.7aaf97ba402f31bd4d04b36b5fd3fd9a.jpg,"[73, 114, 318, 360]",1.0,hen_gt,hen_kandang
mati/hen_f0183_IMG_20220513_172831_HHT_jpg.rf.0b860c34848f7dddb1d2ac161a4f0198_10.jpg,1,mati,train,train,hen_f0183,train/IMG_20220513_172831_HHT_jpg.rf.0b860c34848f7dddb1d2ac161a4f0198.jpg,"[191, 173, 493, 423]",1.0,hen_gt,hen_kandang
mati/hen_f0186_IMG20220703114031_jpg.rf.968d8f42328921b2dff591b87bca4ab9_10.jpg,1,mati,train,train,hen_f0186,train/IMG20220703114031_jpg.rf.968d8f42328921b2dff591b87bca4ab9.jpg,"[158, 192, 502, 510]",1.0,hen_gt,hen_kandang
mati/hen_f0194_IMG20220703114025_jpg.rf.4e4903e3ef6f6673ce4ca73e4c556726_10.jpg,1,mati,train,valid,hen_f0194,valid/IMG20220703114025_jpg.rf.4e4903e3ef6f6673ce4ca73e4c556726.jpg,"[116, 155, 524, 443]",1.0,hen_gt,hen_kandang
mati/hen_f0196_IMG20220703114101_jpg.rf.3c9a19ba3be93c8ec8eae009646ba1eb_10.jpg,1,mati,train,train,hen_f0196,train/IMG20220703114101_jpg.rf.3c9a19ba3be93c8ec8eae009646ba1eb.jpg,"[171, 156, 530, 500]",1.0,hen_gt,hen_kandang
mati/hen_f0203_IMG_20220513_173214_HHT_jpg.rf.339d45f2e883caa2e426e97089613492_10.jpg,1,mati,train,train,hen_f0203,train/IMG_20220513_173214_HHT_jpg.rf.339d45f2e883caa2e426e97089613492.jpg,"[171, 262, 399, 380]",1.0,hen_gt,hen_kandang
mati/hen_f0206_IMG20220703114105_jpg.rf.6e50f57e357fb76feeebadd1b622978d_10.jpg,1,mati,train,train,hen_f0206,train/IMG20220703114105_jpg.rf.6e50f57e357fb76feeebadd1b622978d.jpg,"[133, 83, 538, 471]",1.0,hen_gt,hen_kandang
mati/hen_f0208_IMG_20220513_172912_HHT_jpg.rf.495217fa8eeb8395186052637ca288fd_10.jpg,1,mati,train,train,hen_f0208,train/IMG_20220513_172912_HHT_jpg.rf.495217fa8eeb8395186052637ca288fd.jpg,"[216, 230, 428, 396]",1.0,hen_gt,hen_kandang
mati/hen_f0209_image-38-_jpg.rf.28ad9b259c37e4dad78219a96eab9b05_10.jpg,1,mati,train,train,hen_f0209,train/image-38-_jpg.rf.28ad9b259c37e4dad78219a96eab9b05.jpg,"[51, 116, 172, 358]",1.0,hen_gt,hen_kandang
mati/hen_f0209_image-38-_jpg.rf.28ad9b259c37e4dad78219a96eab9b05_11.jpg,1,mati,train,train,hen_f0209,train/image-38-_jpg.rf.28ad9b259c37e4dad78219a96eab9b05.jpg,"[175, 73, 272, 322]",1.0,hen_gt,hen_kandang
mati/hen_f0209_image-38-_jpg.rf.28ad9b259c37e4dad78219a96eab9b05_12.jpg,1,mati,train,train,hen_f0209,train/image-38-_jpg.rf.28ad9b259c37e4dad78219a96eab9b05.jpg,"[270, 36, 408, 243]",1.0,hen_gt,hen_kandang
mati/hen_f0218_IMG_20220513_172800_HHT_jpg.rf.5038e81acab3874bf81d9b51f01811be_10.jpg,1,mati,train,test,hen_f0218,test/IMG_20220513_172800_HHT_jpg.rf.5038e81acab3874bf81d9b51f01811be.jpg,"[132, 190, 495, 453]",1.0,hen_gt,hen_kandang
mati/hen_f0219_Copy-of-brooder-pneumonia_jpg.rf.0b77b81015d59d89b02ed6966ae3eca3_10.jpg,1,mati,train,train,hen_f0219,train/Copy-of-brooder-pneumonia_jpg.rf.0b77b81015d59d89b02ed6966ae3eca3.jpg,"[141, 93, 300, 268]",1.0,hen_gt,hen_kandang
mati/hen_f0222_IMG_20220513_173014_HHT_jpg.rf.d3de41f0a8d02559359af197474ff4fa_10.jpg,1,mati,train,train,hen_f0222,train/IMG_20220513_173014_HHT_jpg.rf.d3de41f0a8d02559359af197474ff4fa.jpg,"[204, 196, 447, 368]",1.0,hen_gt,hen_kandang
mati/hen_f0223_IMG20220703114102_jpg.rf.01f6d220446e054e892d89fcf584bc25_10.jpg,1,mati,train,train,hen_f0223,train/IMG20220703114102_jpg.rf.01f6d220446e054e892d89fcf584bc25.jpg,"[145, 119, 542, 501]",1.0,hen_gt,hen_kandang
mati/hen_f0224_image-44-_jpg.rf.1620e425ddd10ced510818911e2bd122_10.jpg,1,mati,train,train,hen_f0224,train/image-44-_jpg.rf.1620e425ddd10ced510818911e2bd122.jpg,"[104, 196, 296, 383]",1.0,hen_gt,hen_kandang
mati/hen_f0225_IMG_20220513_175021_HHT_jpg.rf.af13e01fa7eb075e228741e746ca3ad2_10.jpg,1,mati,train,train,hen_f0225,train/IMG_20220513_175021_HHT_jpg.rf.af13e01fa7eb075e228741e746ca3ad2.jpg,"[207, 107, 368, 438]",1.0,hen_gt,hen_kandang
mati/hen_f0226_image-42-_jpg.rf.05840981243b7cc275aa2b3731f18332_10.jpg,1,mati,train,valid,hen_f0226,valid/image-42-_jpg.rf.05840981243b7cc275aa2b3731f18332.jpg,"[80, 259, 276, 400]",1.0,hen_gt,hen_kandang
mati/hen_f0227_IMG_20220513_174413_HHT_jpg.rf.cb4023502f93b79c342ec8dacfbc5923_10.jpg,1,mati,train,valid,hen_f0227,valid/IMG_20220513_174413_HHT_jpg.rf.cb4023502f93b79c342ec8dacfbc5923.jpg,"[204, 162, 425, 412]",1.0,hen_gt,hen_kandang
mati/hen_f0228_IMG_20220513_173411_HHT_jpg.rf.a086db1af86560389373bdb2034331c7_10.jpg,1,mati,train,train,hen_f0228,train/IMG_20220513_173411_HHT_jpg.rf.a086db1af86560389373bdb2034331c7.jpg,"[208, 261, 409, 395]",1.0,hen_gt,hen_kandang
mati/hen_f0230_IMG_20220513_172820_HHT_jpg.rf.3a4e888293a5a8404d35b02f719820f5_10.jpg,1,mati,train,train,hen_f0230,train/IMG_20220513_172820_HHT_jpg.rf.3a4e888293a5a8404d35b02f719820f5.jpg,"[204, 230, 458, 432]",1.0,hen_gt,hen_kandang
mati/hen_f0233_IMG_20220513_173409_HHT_jpg.rf.9e16f05e681196dd781bd4d1144f562e_10.jpg,1,mati,train,valid,hen_f0233,valid/IMG_20220513_173409_HHT_jpg.rf.9e16f05e681196dd781bd4d1144f562e.jpg,"[198, 252, 401, 422]",1.0,hen_gt,hen_kandang
mati/hen_f0234_IMG_20220513_172855_HHT_jpg.rf.4cec704ce9197073576f2428f768778d_10.jpg,1,mati,train,train,hen_f0234,train/IMG_20220513_172855_HHT_jpg.rf.4cec704ce9197073576f2428f768778d.jpg,"[159, 194, 483, 374]",1.0,hen_gt,hen_kandang
mati/hen_f0235_IMG_20220513_173147_HHT_jpg.rf.2ff1b9572ce48a7de9cfc3504c185b40_10.jpg,1,mati,train,train,hen_f0235,train/IMG_20220513_173147_HHT_jpg.rf.2ff1b9572ce48a7de9cfc3504c185b40.jpg,"[187, 254, 421, 352]",1.0,hen_gt,hen_kandang
mati/hen_f0238_IMG20220703114138_jpg.rf.54ad2d51aec4a2daf8f6763c9253cf05_10.jpg,1,mati,train,train,hen_f0238,train/IMG20220703114138_jpg.rf.54ad2d51aec4a2daf8f6763c9253cf05.jpg,"[35, 168, 511, 490]",1.0,hen_gt,hen_kandang
mati/hen_f0240_IMG20220703114026_jpg.rf.a39ab2c0573bc09a7019da97a7d7141d_10.jpg,1,mati,train,valid,hen_f0240,valid/IMG20220703114026_jpg.rf.a39ab2c0573bc09a7019da97a7d7141d.jpg,"[171, 172, 554, 417]",1.0,hen_gt,hen_kandang
mati/hen_f0242_IMG_20220513_172853_HHT_jpg.rf.200f87e208f1ea12258b3e13f8791960_10.jpg,1,mati,train,test,hen_f0242,test/IMG_20220513_172853_HHT_jpg.rf.200f87e208f1ea12258b3e13f8791960.jpg,"[179, 184, 494, 352]",1.0,hen_gt,hen_kandang
mati/hen_f0243_IMG_20220513_173135_HHT_jpg.rf.1d23494cd47982138ea91b54fc776e03_10.jpg,1,mati,train,valid,hen_f0243,valid/IMG_20220513_173135_HHT_jpg.rf.1d23494cd47982138ea91b54fc776e03.jpg,"[214, 220, 406, 400]",1.0,hen_gt,hen_kandang
mati/hen_f0244_IMG_20220513_174604_HHT_jpg.rf.d2039ddc372f68269f4e540a1aa147eb_10.jpg,1,mati,train,train,hen_f0244,train/IMG_20220513_174604_HHT_jpg.rf.d2039ddc372f68269f4e540a1aa147eb.jpg,"[183, 118, 598, 396]",1.0,hen_gt,hen_kandang
mati/hen_f0245_IMG20220703114112_jpg.rf.271889a6721b6f69aa5331c19034d7b1_10.jpg,1,mati,train,train,hen_f0245,train/IMG20220703114112_jpg.rf.271889a6721b6f69aa5331c19034d7b1.jpg,"[5, 159, 462, 497]",1.0,hen_gt,hen_kandang
mati/hen_f0246_IMG_20220513_173006_HHT_jpg.rf.900cfe5eb09d990ae62168fdd40b2d49_10.jpg,1,mati,train,train,hen_f0246,train/IMG_20220513_173006_HHT_jpg.rf.900cfe5eb09d990ae62168fdd40b2d49.jpg,"[155, 183, 480, 382]",1.0,hen_gt,hen_kandang
mati/hen_f0248_IMG_20220513_172944_HHT_jpg.rf.15a28b0289fb91829fbbb8e805dc70e5_10.jpg,1,mati,train,train,hen_f0248,train/IMG_20220513_172944_HHT_jpg.rf.15a28b0289fb91829fbbb8e805dc70e5.jpg,"[153, 180, 423, 375]",1.0,hen_gt,hen_kandang
mati/hen_f0250_IMG20220703114109_jpg.rf.2764936746cbb97b9fe9283f22433c07_10.jpg,1,mati,train,train,hen_f0250,train/IMG20220703114109_jpg.rf.2764936746cbb97b9fe9283f22433c07.jpg,"[31, 196, 463, 555]",1.0,hen_gt,hen_kandang
mati/hen_f0252_IMG_20220513_174333_HHT_jpg.rf.ded47d5aef904b543658ebd78f1f4406_10.jpg,1,mati,train,train,hen_f0252,train/IMG_20220513_174333_HHT_jpg.rf.ded47d5aef904b543658ebd78f1f4406.jpg,"[153, 162, 436, 414]",1.0,hen_gt,hen_kandang
mati/hen_f0254_images-9-_jpg.rf.4ebff8fc6eff315f3c1dd7fe2fb3363c_10.jpg,1,mati,train,train,hen_f0254,train/images-9-_jpg.rf.4ebff8fc6eff315f3c1dd7fe2fb3363c.jpg,"[281, 214, 637, 640]",1.0,hen_gt,hen_kandang
mati/hen_f0254_images-9-_jpg.rf.4ebff8fc6eff315f3c1dd7fe2fb3363c_11.jpg,1,mati,train,train,hen_f0254,train/images-9-_jpg.rf.4ebff8fc6eff315f3c1dd7fe2fb3363c.jpg,"[39, 178, 326, 640]",1.0,hen_gt,hen_kandang
mati/hen_f0254_images-9-_jpg.rf.4ebff8fc6eff315f3c1dd7fe2fb3363c_12.jpg,1,mati,train,train,hen_f0254,train/images-9-_jpg.rf.4ebff8fc6eff315f3c1dd7fe2fb3363c.jpg,"[75, 0, 405, 250]",1.0,hen_gt,hen_kandang
mati/hen_f0255_IMG20220703114130_jpg.rf.3ed3d84738e4915907afe4f5d662a54e_10.jpg,1,mati,train,train,hen_f0255,train/IMG20220703114130_jpg.rf.3ed3d84738e4915907afe4f5d662a54e.jpg,"[61, 110, 503, 508]",1.0,hen_gt,hen_kandang
mati/hen_f0257_IMG20220703114104_jpg.rf.2c5286f205ef88b6bb33c4b58b469db2_10.jpg,1,mati,train,test,hen_f0257,test/IMG20220703114104_jpg.rf.2c5286f205ef88b6bb33c4b58b469db2.jpg,"[136, 102, 535, 500]",1.0,hen_gt,hen_kandang
mati/hen_f0259_IMG20220703114134_jpg.rf.15dd53cdd02d24dcbda8a8ea9104a71a_10.jpg,1,mati,train,train,hen_f0259,train/IMG20220703114134_jpg.rf.15dd53cdd02d24dcbda8a8ea9104a71a.jpg,"[28, 111, 514, 486]",1.0,hen_gt,hen_kandang
mati/hen_f0260_IMG_20220513_172849_HHT_jpg.rf.342456d359fc09c985aac626b1511df3_10.jpg,1,mati,train,train,hen_f0260,train/IMG_20220513_172849_HHT_jpg.rf.342456d359fc09c985aac626b1511df3.jpg,"[159, 194, 500, 372]",1.0,hen_gt,hen_kandang
mati/hen_f0261_IMG20220703114111_jpg.rf.03d86c7de03dfba4ed234530b4800743_10.jpg,1,mati,train,train,hen_f0261,train/IMG20220703114111_jpg.rf.03d86c7de03dfba4ed234530b4800743.jpg,"[7, 180, 475, 524]",1.0,hen_gt,hen_kandang
mati/hen_f0263_image-7-_jpg.rf.51364e7736f94bda82d188e8e10d6f4b_10.jpg,1,mati,train,train,hen_f0263,train/image-7-_jpg.rf.51364e7736f94bda82d188e8e10d6f4b.jpg,"[12, 86, 255, 370]",1.0,hen_gt,hen_kandang
mati/hen_f0266_IMG20220703114140_jpg.rf.056e4c9fcbb59c0bd4eb037e9047cbcd_10.jpg,1,mati,train,valid,hen_f0266,valid/IMG20220703114140_jpg.rf.056e4c9fcbb59c0bd4eb037e9047cbcd.jpg,"[28, 107, 539, 509]",1.0,hen_gt,hen_kandang
mati/hen_f0267_IMG20220703114139_jpg.rf.336e5fcecff89eafe18e6f57c42dbde4_10.jpg,1,mati,train,train,hen_f0267,train/IMG20220703114139_jpg.rf.336e5fcecff89eafe18e6f57c42dbde4.jpg,"[36, 119, 532, 479]",1.0,hen_gt,hen_kandang
mati/hen_f0268_IMG_20220513_174835_HHT_jpg.rf.9771c6c24f9720b6d6636189daabfbd1_10.jpg,1,mati,train,valid,hen_f0268,valid/IMG_20220513_174835_HHT_jpg.rf.9771c6c24f9720b6d6636189daabfbd1.jpg,"[126, 205, 422, 458]",1.0,hen_gt,hen_kandang
mati/hen_f0269_IMG20220703114135_jpg.rf.2c54fdc500262edaefa41a010dc8a67c_10.jpg,1,mati,train,train,hen_f0269,train/IMG20220703114135_jpg.rf.2c54fdc500262edaefa41a010dc8a67c.jpg,"[28, 123, 512, 493]",1.0,hen_gt,hen_kandang
mati/hen_f0270_IMG_20220513_175211_HHT_jpg.rf.2db327f38062469d2208400ba7fb6ea6_10.jpg,1,mati,train,valid,hen_f0270,valid/IMG_20220513_175211_HHT_jpg.rf.2db327f38062469d2208400ba7fb6ea6.jpg,"[234, 194, 392, 416]",1.0,hen_gt,hen_kandang
mati/hen_f0271_IMG_20220513_173018_HHT_jpg.rf.7c1ec52216337d109495d5bf1224c9c0_10.jpg,1,mati,train,train,hen_f0271,train/IMG_20220513_173018_HHT_jpg.rf.7c1ec52216337d109495d5bf1224c9c0.jpg,"[207, 211, 491, 417]",1.0,hen_gt,hen_kandang
mati/hen_f0273_IMG_20220513_172948_HHT_jpg.rf.17fa521ef2c6dd258949c79c645e534f_10.jpg,1,mati,train,valid,hen_f0273,valid/IMG_20220513_172948_HHT_jpg.rf.17fa521ef2c6dd258949c79c645e534f.jpg,"[165, 153, 443, 334]",1.0,hen_gt,hen_kandang
mati/hen_f0274_IMG_20220513_174820_HHT_jpg.rf.fca2c800ff8fcdd8f1d53692e095fc4d_10.jpg,1,mati,train,train,hen_f0274,train/IMG_20220513_174820_HHT_jpg.rf.fca2c800ff8fcdd8f1d53692e095fc4d.jpg,"[175, 83, 430, 544]",1.0,hen_gt,hen_kandang
mati/hen_f0275_VID-20221020-WA0003_mp4-127_jpg.rf.68691217aeec9f97c034dae47a25663e_10.jpg,1,mati,train,train,hen_f0275,train/VID-20221020-WA0003_mp4-127_jpg.rf.68691217aeec9f97c034dae47a25663e.jpg,"[136, 51, 296, 125]",1.0,hen_gt,hen_kandang
mati/hen_f0275_VID-20221020-WA0003_mp4-127_jpg.rf.68691217aeec9f97c034dae47a25663e_11.jpg,1,mati,train,train,hen_f0275,train/VID-20221020-WA0003_mp4-127_jpg.rf.68691217aeec9f97c034dae47a25663e.jpg,"[4, 161, 151, 244]",1.0,hen_gt,hen_kandang
mati/hen_f0285_scene01201_png_jpg.rf.7652ecef7cc99766634f88f0db9178c6_10.jpg,1,mati,train,train,hen_f0285,train/scene01201_png_jpg.rf.7652ecef7cc99766634f88f0db9178c6.jpg,"[26, 176, 70, 272]",1.0,hen_gt,hen_kandang
mati/hen_f0288_IMG20220703114142_jpg.rf.26743ac4375065710a5a2e3b2329109f_10.jpg,1,mati,train,train,hen_f0288,train/IMG20220703114142_jpg.rf.26743ac4375065710a5a2e3b2329109f.jpg,"[22, 70, 556, 517]",1.0,hen_gt,hen_kandang
mati/hen_f0292_IMG_20220513_175434_HHT_jpg.rf.2af35ba3053b4abb79a98f8453d2dade_10.jpg,1,mati,train,train,hen_f0292,train/IMG_20220513_175434_HHT_jpg.rf.2af35ba3053b4abb79a98f8453d2dade.jpg,"[226, 139, 405, 575]",1.0,hen_gt,hen_kandang
mati/hen_f0296_bwi-bs275964_jpg.rf.5212d5677923896ffba4c4eccd7fabb6_10.jpg,1,mati,train,valid,hen_f0296,valid/bwi-bs275964_jpg.rf.5212d5677923896ffba4c4eccd7fabb6.jpg,"[208, 130, 423, 344]",1.0,hen_gt,hen_kandang
mati/hen_f0309_IMG_20220513_173128_HHT_jpg.rf.8277393b9578792ff5eb92307d1adacb_10.jpg,1,mati,train,train,hen_f0309,train/IMG_20220513_173128_HHT_jpg.rf.8277393b9578792ff5eb92307d1adacb.jpg,"[211, 215, 376, 413]",1.0,hen_gt,hen_kandang
mati/hen_f0310_images-3-_jpg.rf.2cdde9e0422c39e6a19acba114d18443_10.jpg,1,mati,train,train,hen_f0310,train/images-3-_jpg.rf.2cdde9e0422c39e6a19acba114d18443.jpg,"[66, 194, 360, 567]",1.0,hen_gt,hen_kandang
mati/hen_f0315_IMG_20220513_175511_HHT_jpg.rf.7ef6167f43e4e2fe8dccc45428841dad_10.jpg,1,mati,train,train,hen_f0315,train/IMG_20220513_175511_HHT_jpg.rf.7ef6167f43e4e2fe8dccc45428841dad.jpg,"[92, 168, 374, 380]",1.0,hen_gt,hen_kandang
mati/hen_f0322_IMG20220703113832_jpg.rf.5fc33d4cd795a8551190732aadb33716_10.jpg,1,mati,train,valid,hen_f0322,valid/IMG20220703113832_jpg.rf.5fc33d4cd795a8551190732aadb33716.jpg,"[156, 133, 473, 554]",1.0,hen_gt,hen_kandang
mati/hen_f0323_IMG_20220513_172859_HHT_jpg.rf.40735a8880aad415c983c844e97b43a7_10.jpg,1,mati,train,train,hen_f0323,train/IMG_20220513_172859_HHT_jpg.rf.40735a8880aad415c983c844e97b43a7.jpg,"[193, 208, 460, 392]",1.0,hen_gt,hen_kandang
mati/hen_f0336_IMG_5833_PNG_jpg.rf.2eed2aa2ecacc1687c7ab80f2bebabb5_10.jpg,1,mati,train,valid,hen_f0336,valid/IMG_5833_PNG_jpg.rf.2eed2aa2ecacc1687c7ab80f2bebabb5.jpg,"[338, 328, 366, 421]",1.0,hen_gt,hen_kandang
mati/hen_f0336_IMG_5833_PNG_jpg.rf.2eed2aa2ecacc1687c7ab80f2bebabb5_11.jpg,1,mati,train,valid,hen_f0336,valid/IMG_5833_PNG_jpg.rf.2eed2aa2ecacc1687c7ab80f2bebabb5.jpg,"[386, 384, 425, 436]",1.0,hen_gt,hen_kandang
mati/hen_f0336_IMG_5833_PNG_jpg.rf.2eed2aa2ecacc1687c7ab80f2bebabb5_12.jpg,1,mati,train,valid,hen_f0336,valid/IMG_5833_PNG_jpg.rf.2eed2aa2ecacc1687c7ab80f2bebabb5.jpg,"[439, 380, 481, 476]",1.0,hen_gt,hen_kandang
mati/hen_f0336_IMG_5833_PNG_jpg.rf.2eed2aa2ecacc1687c7ab80f2bebabb5_13.jpg,1,mati,train,valid,hen_f0336,valid/IMG_5833_PNG_jpg.rf.2eed2aa2ecacc1687c7ab80f2bebabb5.jpg,"[246, 378, 304, 494]",1.0,hen_gt,hen_kandang
mati/hen_f0336_IMG_5833_PNG_jpg.rf.2eed2aa2ecacc1687c7ab80f2bebabb5_14.jpg,1,mati,train,valid,hen_f0336,valid/IMG_5833_PNG_jpg.rf.2eed2aa2ecacc1687c7ab80f2bebabb5.jpg,"[389, 450, 437, 535]",1.0,hen_gt,hen_kandang
mati/hen_f0337_IMG20220703113820_jpg.rf.73b8e4dbac93eb49f152fcb4022f8b45_10.jpg,1,mati,train,test,hen_f0337,test/IMG20220703113820_jpg.rf.73b8e4dbac93eb49f152fcb4022f8b45.jpg,"[154, 155, 517, 466]",1.0,hen_gt,hen_kandang
mati/hen_f0343_IMG_20220513_172908_HHT_jpg.rf.560db003cf7c49875af227acab27179c_10.jpg,1,mati,train,train,hen_f0343,train/IMG_20220513_172908_HHT_jpg.rf.560db003cf7c49875af227acab27179c.jpg,"[194, 170, 426, 343]",1.0,hen_gt,hen_kandang
mati/hen_f0346_IMG_20220513_173509_HHT_jpg.rf.3562a7e4d9fa4b5fb25cbaa049f77a82_10.jpg,1,mati,train,train,hen_f0346,train/IMG_20220513_173509_HHT_jpg.rf.3562a7e4d9fa4b5fb25cbaa049f77a82.jpg,"[157, 77, 387, 465]",1.0,hen_gt,hen_kandang
mati/hen_f0347_IMG_20220513_173405_HHT_jpg.rf.5583c403b9cc0b7213fb27e696ed0134_10.jpg,1,mati,train,train,hen_f0347,train/IMG_20220513_173405_HHT_jpg.rf.5583c403b9cc0b7213fb27e696ed0134.jpg,"[228, 218, 406, 401]",1.0,hen_gt,hen_kandang
mati/hen_f0351_IMG_20220513_173258_HHT_jpg.rf.2c1ae85afa5780320ab04e83b57ab74b_10.jpg,1,mati,train,train,hen_f0351,train/IMG_20220513_173258_HHT_jpg.rf.2c1ae85afa5780320ab04e83b57ab74b.jpg,"[141, 180, 419, 420]",1.0,hen_gt,hen_kandang
mati/hen_f0356_images-16-_jpg.rf.20d77dcba6eb4d7fba06207ad5eaa2f1_10.jpg,1,mati,train,valid,hen_f0356,valid/images-16-_jpg.rf.20d77dcba6eb4d7fba06207ad5eaa2f1.jpg,"[238, 211, 575, 550]",1.0,hen_gt,hen_kandang
mati/hen_f0362_IMG_20220513_173416_HHT_jpg.rf.02c3af1071f69d8898d5c8178d01fa7d_10.jpg,1,mati,train,train,hen_f0362,train/IMG_20220513_173416_HHT_jpg.rf.02c3af1071f69d8898d5c8178d01fa7d.jpg,"[224, 210, 403, 374]",1.0,hen_gt,hen_kandang
mati/hen_f0363_01786a2c-f9fb-42ad-84f9-a9a58733f808-f_jpg.rf.2b16cdd690691c556fe70da9215b31e6_10.jpg,1,mati,train,train,hen_f0363,train/01786a2c-f9fb-42ad-84f9-a9a58733f808-f_jpg.rf.2b16cdd690691c556fe70da9215b31e6.jpg,"[38, 0, 420, 324]",1.0,hen_gt,hen_kandang
mati/hen_f0373_telechargement-3-_jpg.rf.94acbb1c8f434b3ca7e975121777ae49_10.jpg,1,mati,train,train,hen_f0373,train/telechargement-3-_jpg.rf.94acbb1c8f434b3ca7e975121777ae49.jpg,"[91, 52, 610, 640]",1.0,hen_gt,hen_kandang
mati/hen_f0379_IMG_20220513_173530_HHT_jpg.rf.07b0cb550d8be95cbe4470b7289f7c90_10.jpg,1,mati,train,train,hen_f0379,train/IMG_20220513_173530_HHT_jpg.rf.07b0cb550d8be95cbe4470b7289f7c90.jpg,"[130, 199, 398, 417]",1.0,hen_gt,hen_kandang
mati/hen_f0388_IMG_20220513_174158_HHT_jpg.rf.ab64a031cb8fa2a8c8a05c55752dab6d_10.jpg,1,mati,train,valid,hen_f0388,valid/IMG_20220513_174158_HHT_jpg.rf.ab64a031cb8fa2a8c8a05c55752dab6d.jpg,"[244, 214, 418, 376]",1.0,hen_gt,hen_kandang
mati/hen_f0391_telechargement-1-_jpg.rf.1608dcb3c6cad2c017bceeda92d0fe7e_10.jpg,1,mati,train,valid,hen_f0391,valid/telechargement-1-_jpg.rf.1608dcb3c6cad2c017bceeda92d0fe7e.jpg,"[73, 202, 542, 524]",1.0,hen_gt,hen_kandang
mati/hen_f0394_IMG_20220513_173504_HHT_jpg.rf.cc82d3151bb4f22059accd8e06282b6e_10.jpg,1,mati,train,train,hen_f0394,train/IMG_20220513_173504_HHT_jpg.rf.cc82d3151bb4f22059accd8e06282b6e.jpg,"[203, 50, 493, 449]",1.0,hen_gt,hen_kandang
mati/hen_f0407_Injured-Ill-and-Dead-43c_jpg.rf.13ac6bc886fc7f6b0c2d97476dbf9ba0_10.jpg,1,mati,train,test,hen_f0407,test/Injured-Ill-and-Dead-43c_jpg.rf.13ac6bc886fc7f6b0c2d97476dbf9ba0.jpg,"[95, 0, 607, 607]",1.0,hen_gt,hen_kandang
mati/hen_f0410_IMG20220703114221_jpg.rf.0cebc08e829ff42a46e44a273ea2bf43_10.jpg,1,mati,train,train,hen_f0410,train/IMG20220703114221_jpg.rf.0cebc08e829ff42a46e44a273ea2bf43.jpg,"[98, 93, 603, 587]",1.0,hen_gt,hen_kandang
mati/hen_f0413_images-1-_jpg.rf.8d8bee991424bfff54fbdcd85de11fe8_10.jpg,1,mati,train,valid,hen_f0413,valid/images-1-_jpg.rf.8d8bee991424bfff54fbdcd85de11fe8.jpg,"[114, 76, 387, 638]",1.0,hen_gt,hen_kandang
mati/hen_f0416_IMG20220703113659_jpg.rf.9d7165db8de8d63112ea363e11ef3902_10.jpg,1,mati,train,valid,hen_f0416,valid/IMG20220703113659_jpg.rf.9d7165db8de8d63112ea363e11ef3902.jpg,"[186, 135, 546, 392]",1.0,hen_gt,hen_kandang
mati/hen_f0420_IMG_20220513_173606_HHT_jpg.rf.e58aa0484968c38c2b10895e3956e67b_10.jpg,1,mati,train,train,hen_f0420,train/IMG_20220513_173606_HHT_jpg.rf.e58aa0484968c38c2b10895e3956e67b.jpg,"[147, 202, 411, 364]",1.0,hen_gt,hen_kandang
mati/hen_f0422_telechargement-4-_jpg.rf.0d7d69ff97edf6dcccda589395d9b5c8_10.jpg,1,mati,train,train,hen_f0422,train/telechargement-4-_jpg.rf.0d7d69ff97edf6dcccda589395d9b5c8.jpg,"[0, 163, 368, 542]",1.0,hen_gt,hen_kandang
mati/hen_f0426_IMG20220703113828_jpg.rf.64279800efa3b397b2ec6931c81f5dea_10.jpg,1,mati,train,train,hen_f0426,train/IMG20220703113828_jpg.rf.64279800efa3b397b2ec6931c81f5dea.jpg,"[167, 170, 469, 550]",1.0,hen_gt,hen_kandang
mati/hen_f0429_IMG20220703114022_jpg.rf.d5f7a885c43911d9d1ab98b301a8a454_10.jpg,1,mati,train,train,hen_f0429,train/IMG20220703114022_jpg.rf.d5f7a885c43911d9d1ab98b301a8a454.jpg,"[125, 174, 486, 466]",1.0,hen_gt,hen_kandang
mati/hen_f0432_IMG20220703114220_jpg.rf.05b14c7b41412169f68240093c301129_10.jpg,1,mati,train,train,hen_f0432,train/IMG20220703114220_jpg.rf.05b14c7b41412169f68240093c301129.jpg,"[111, 135, 607, 559]",1.0,hen_gt,hen_kandang
mati/hen_f0433_images-13-_jpg.rf.2a2ff12a7fbc5a7b00e791e6869a3ae6_10.jpg,1,mati,train,train,hen_f0433,train/images-13-_jpg.rf.2a2ff12a7fbc5a7b00e791e6869a3ae6.jpg,"[32, 367, 469, 640]",1.0,hen_gt,hen_kandang
mati/hen_f0440_IMG20220703114137_jpg.rf.b089fd6dd27d47b5df127bbbe83f7a8c_10.jpg,1,mati,train,train,hen_f0440,train/IMG20220703114137_jpg.rf.b089fd6dd27d47b5df127bbbe83f7a8c.jpg,"[28, 155, 506, 492]",1.0,hen_gt,hen_kandang
mati/hen_f0441_telechargement-6-_jpg.rf.308657cae31e5357879887c6c0b6f617_10.jpg,1,mati,train,train,hen_f0441,train/telechargement-6-_jpg.rf.308657cae31e5357879887c6c0b6f617.jpg,"[173, 232, 403, 336]",1.0,hen_gt,hen_kandang
mati/hen_f0441_telechargement-6-_jpg.rf.308657cae31e5357879887c6c0b6f617_11.jpg,1,mati,train,train,hen_f0441,train/telechargement-6-_jpg.rf.308657cae31e5357879887c6c0b6f617.jpg,"[83, 138, 302, 248]",1.0,hen_gt,hen_kandang
mati/hen_f0441_telechargement-6-_jpg.rf.308657cae31e5357879887c6c0b6f617_110.jpg,1,mati,train,train,hen_f0441,train/telechargement-6-_jpg.rf.308657cae31e5357879887c6c0b6f617.jpg,"[204, 0, 428, 85]",1.0,hen_gt,hen_kandang
mati/hen_f0441_telechargement-6-_jpg.rf.308657cae31e5357879887c6c0b6f617_111.jpg,1,mati,train,train,hen_f0441,train/telechargement-6-_jpg.rf.308657cae31e5357879887c6c0b6f617.jpg,"[486, 113, 630, 228]",1.0,hen_gt,hen_kandang
mati/hen_f0441_telechargement-6-_jpg.rf.308657cae31e5357879887c6c0b6f617_112.jpg,1,mati,train,train,hen_f0441,train/telechargement-6-_jpg.rf.308657cae31e5357879887c6c0b6f617.jpg,"[3, 313, 156, 432]",1.0,hen_gt,hen_kandang
mati/hen_f0441_telechargement-6-_jpg.rf.308657cae31e5357879887c6c0b6f617_12.jpg,1,mati,train,train,hen_f0441,train/telechargement-6-_jpg.rf.308657cae31e5357879887c6c0b6f617.jpg,"[282, 349, 481, 472]",1.0,hen_gt,hen_kandang
mati/hen_f0441_telechargement-6-_jpg.rf.308657cae31e5357879887c6c0b6f617_13.jpg,1,mati,train,train,hen_f0441,train/telechargement-6-_jpg.rf.308657cae31e5357879887c6c0b6f617.jpg,"[109, 459, 370, 583]",1.0,hen_gt,hen_kandang
mati/hen_f0441_telechargement-6-_jpg.rf.308657cae31e5357879887c6c0b6f617_14.jpg,1,mati,train,train,hen_f0441,train/telechargement-6-_jpg.rf.308657cae31e5357879887c6c0b6f617.jpg,"[119, 332, 334, 424]",1.0,hen_gt,hen_kandang
mati/hen_f0441_telechargement-6-_jpg.rf.308657cae31e5357879887c6c0b6f617_15.jpg,1,mati,train,train,hen_f0441,train/telechargement-6-_jpg.rf.308657cae31e5357879887c6c0b6f617.jpg,"[511, 334, 640, 424]",1.0,hen_gt,hen_kandang
mati/hen_f0441_telechargement-6-_jpg.rf.308657cae31e5357879887c6c0b6f617_16.jpg,1,mati,train,train,hen_f0441,train/telechargement-6-_jpg.rf.308657cae31e5357879887c6c0b6f617.jpg,"[401, 218, 605, 337]",1.0,hen_gt,hen_kandang
mati/hen_f0441_telechargement-6-_jpg.rf.308657cae31e5357879887c6c0b6f617_17.jpg,1,mati,train,train,hen_f0441,train/telechargement-6-_jpg.rf.308657cae31e5357879887c6c0b6f617.jpg,"[173, 61, 354, 166]",1.0,hen_gt,hen_kandang
mati/hen_f0441_telechargement-6-_jpg.rf.308657cae31e5357879887c6c0b6f617_18.jpg,1,mati,train,train,hen_f0441,train/telechargement-6-_jpg.rf.308657cae31e5357879887c6c0b6f617.jpg,"[354, 93, 530, 232]",1.0,hen_gt,hen_kandang
mati/hen_f0441_telechargement-6-_jpg.rf.308657cae31e5357879887c6c0b6f617_19.jpg,1,mati,train,train,hen_f0441,train/telechargement-6-_jpg.rf.308657cae31e5357879887c6c0b6f617.jpg,"[0, 182, 195, 306]",1.0,hen_gt,hen_kandang
mati/hen_f0446_scene00681_png_jpg.rf.04cd61bb664403bd5af152e2b7ddaa5c_10.jpg,1,mati,train,train,hen_f0446,train/scene00681_png_jpg.rf.04cd61bb664403bd5af152e2b7ddaa5c.jpg,"[40, 6, 124, 160]",1.0,hen_gt,hen_kandang
mati/hen_f0446_scene00681_png_jpg.rf.04cd61bb664403bd5af152e2b7ddaa5c_11.jpg,1,mati,train,train,hen_f0446,train/scene00681_png_jpg.rf.04cd61bb664403bd5af152e2b7ddaa5c.jpg,"[192, 123, 283, 320]",1.0,hen_gt,hen_kandang
mati/hen_f0446_scene00681_png_jpg.rf.04cd61bb664403bd5af152e2b7ddaa5c_12.jpg,1,mati,train,train,hen_f0446,train/scene00681_png_jpg.rf.04cd61bb664403bd5af152e2b7ddaa5c.jpg,"[223, 0, 302, 141]",1.0,hen_gt,hen_kandang
mati/hen_f0452_IMG20220703114314_jpg.rf.833f8e0568006e517bc4bbe4fb56b246_10.jpg,1,mati,train,train,hen_f0452,train/IMG20220703114314_jpg.rf.833f8e0568006e517bc4bbe4fb56b246.jpg,"[104, 84, 607, 607]",1.0,hen_gt,hen_kandang
mati/hen_f0462_IMG20220703113908_jpg.rf.6dac52b6f365e027cf4f509be75a4934_10.jpg,1,mati,train,train,hen_f0462,train/IMG20220703113908_jpg.rf.6dac52b6f365e027cf4f509be75a4934.jpg,"[151, 180, 498, 435]",1.0,hen_gt,hen_kandang
mati/hen_f0468_telechargement-9-_jpg.rf.64de16fb5491e31e923c150ab8327922_10.jpg,1,mati,train,train,hen_f0468,train/telechargement-9-_jpg.rf.64de16fb5491e31e923c150ab8327922.jpg,"[139, 351, 616, 624]",1.0,hen_gt,hen_kandang
mati/hen_f0471_IMG20220703114315_jpg.rf.37059d5fbf0b75bbb54a17de60d5181e_10.jpg,1,mati,train,train,hen_f0471,train/IMG20220703114315_jpg.rf.37059d5fbf0b75bbb54a17de60d5181e.jpg,"[113, 113, 603, 607]",1.0,hen_gt,hen_kandang
mati/hen_f0494_-22-_mp4-4_jpg.rf.760269d62b69e480c0297f9f938090a8_10.jpg,1,mati,train,train,hen_f0494,train/-22-_mp4-4_jpg.rf.760269d62b69e480c0297f9f938090a8.jpg,"[110, 168, 384, 414]",1.0,hen_gt,hen_kandang
mati/hen_f0505_IMG_5844_PNG_jpg.rf.7d8da4a55b453c5eb9c6093a6476b139_10.jpg,1,mati,train,train,hen_f0505,train/IMG_5844_PNG_jpg.rf.7d8da4a55b453c5eb9c6093a6476b139.jpg,"[204, 96, 364, 444]",1.0,hen_gt,hen_kandang
mati/hen_f0507_-22-_mp4-3_jpg.rf.10b407315dd3f3fd512031e7ea315810_10.jpg,1,mati,train,train,hen_f0507,train/-22-_mp4-3_jpg.rf.10b407315dd3f3fd512031e7ea315810.jpg,"[113, 2, 607, 640]",1.0,hen_gt,hen_kandang
mati/hen_f0550_43959f95-a019-41d1-830b-12068a457b24-f-1-_jpg.rf.5162807fcea826c8d2a67d51721859c0_10.jpg,1,mati,train,valid,hen_f0550,valid/43959f95-a019-41d1-830b-12068a457b24-f-1-_jpg.rf.5162807fcea826c8d2a67d51721859c0.jpg,"[161, 12, 411, 408]",1.0,hen_gt,hen_kandang
mati/hen_f0570_IMG_20220513_173629_HHT_jpg.rf.e6b11977353773b40a3521080658bec3_10.jpg,1,mati,train,train,hen_f0570,train/IMG_20220513_173629_HHT_jpg.rf.e6b11977353773b40a3521080658bec3.jpg,"[167, 226, 410, 402]",1.0,hen_gt,hen_kandang
mati/hen_f0574_IMG_20220513_174107_HHT_jpg.rf.d16341d624022b4b2e9b8f790035bde6_10.jpg,1,mati,train,train,hen_f0574,train/IMG_20220513_174107_HHT_jpg.rf.d16341d624022b4b2e9b8f790035bde6.jpg,"[224, 217, 441, 348]",1.0,hen_gt,hen_kandang
mati/hen_f0576_images-10-_jpg.rf.2d224520a49e46668f932f80b44e8870_10.jpg,1,mati,train,train,hen_f0576,train/images-10-_jpg.rf.2d224520a49e46668f932f80b44e8870.jpg,"[24, 47, 602, 414]",1.0,hen_gt,hen_kandang
mati/hen_f0584_-25-_mp4-0_jpg.rf.98fbb88fa250df5ea8acf623537f48bc_10.jpg,1,mati,train,train,hen_f0584,train/-25-_mp4-0_jpg.rf.98fbb88fa250df5ea8acf623537f48bc.jpg,"[223, 68, 578, 499]",1.0,hen_gt,hen_kandang
mati/hen_f0584_-25-_mp4-0_jpg.rf.98fbb88fa250df5ea8acf623537f48bc_11.jpg,1,mati,train,train,hen_f0584,train/-25-_mp4-0_jpg.rf.98fbb88fa250df5ea8acf623537f48bc.jpg,"[53, 213, 429, 640]",1.0,hen_gt,hen_kandang
mati/hen_f0593_IMG20220703113745_jpg.rf.1f1e8e41e4196502c7befc0c7c57b5e2_10.jpg,1,mati,train,test,hen_f0593,test/IMG20220703113745_jpg.rf.1f1e8e41e4196502c7befc0c7c57b5e2.jpg,"[162, 139, 512, 400]",1.0,hen_gt,hen_kandang
mati/hen_f0601_-25-_mp4-4_jpg.rf.01fd1364c966f037029c38d2ee0cd41f_10.jpg,1,mati,train,train,hen_f0601,train/-25-_mp4-4_jpg.rf.01fd1364c966f037029c38d2ee0cd41f.jpg,"[128, 19, 468, 640]",1.0,hen_gt,hen_kandang
mati/hen_f0603_IMG20220703113702_jpg.rf.009fc5629691a5a9423ef576c1b8c637_10.jpg,1,mati,train,train,hen_f0603,train/IMG20220703113702_jpg.rf.009fc5629691a5a9423ef576c1b8c637.jpg,"[163, 150, 531, 427]",1.0,hen_gt,hen_kandang
mati/hen_f0606_IMG20220703113706_jpg.rf.291358cbff2f3c129ef4a95e2c57bd38_10.jpg,1,mati,train,train,hen_f0606,train/IMG20220703113706_jpg.rf.291358cbff2f3c129ef4a95e2c57bd38.jpg,"[146, 151, 507, 474]",1.0,hen_gt,hen_kandang
mati/hen_f0607_IMG20220703113703_jpg.rf.3f0e6504f316d00b43ccc75f7b272097_10.jpg,1,mati,train,train,hen_f0607,train/IMG20220703113703_jpg.rf.3f0e6504f316d00b43ccc75f7b272097.jpg,"[137, 131, 495, 427]",1.0,hen_gt,hen_kandang
mati/hen_f0608_IMG20220703113708_jpg.rf.2de8cab92e27fe45c07caad7f8c1e9ba_10.jpg,1,mati,train,valid,hen_f0608,valid/IMG20220703113708_jpg.rf.2de8cab92e27fe45c07caad7f8c1e9ba.jpg,"[189, 176, 577, 483]",1.0,hen_gt,hen_kandang
mati/hen_f0616_IMG20220703113653_jpg.rf.244d10d98869d4102ff05b0f6860eaa5_10.jpg,1,mati,train,train,hen_f0616,train/IMG20220703113653_jpg.rf.244d10d98869d4102ff05b0f6860eaa5.jpg,"[171, 196, 504, 456]",1.0,hen_gt,hen_kandang
mati/hen_f0619_IMG20220703113655_jpg.rf.38a725194c7b4c14193c4cc6a17f19e7_10.jpg,1,mati,train,train,hen_f0619,train/IMG20220703113655_jpg.rf.38a725194c7b4c14193c4cc6a17f19e7.jpg,"[185, 188, 528, 445]",1.0,hen_gt,hen_kandang
mati/hen_f0625_IMG_20220513_175449_HHT_jpg.rf.a3d436e88659fcb759cb86fda502e4bb_10.jpg,1,mati,train,train,hen_f0625,train/IMG_20220513_175449_HHT_jpg.rf.a3d436e88659fcb759cb86fda502e4bb.jpg,"[194, 78, 408, 563]",1.0,hen_gt,hen_kandang
mati/hen_f0631_IMG_20220513_175453_HHT_jpg.rf.0765a3e516d37ef1756871086d692826_10.jpg,1,mati,train,train,hen_f0631,train/IMG_20220513_175453_HHT_jpg.rf.0765a3e516d37ef1756871086d692826.jpg,"[132, 147, 436, 397]",1.0,hen_gt,hen_kandang
mati/hen_f0633_-25-_mp4-1_jpg.rf.38ee390dbc86ab7185bb7dcd8f944554_10.jpg,1,mati,train,train,hen_f0633,train/-25-_mp4-1_jpg.rf.38ee390dbc86ab7185bb7dcd8f944554.jpg,"[29, 171, 433, 640]",1.0,hen_gt,hen_kandang
mati/hen_f0633_-25-_mp4-1_jpg.rf.38ee390dbc86ab7185bb7dcd8f944554_11.jpg,1,mati,train,train,hen_f0633,train/-25-_mp4-1_jpg.rf.38ee390dbc86ab7185bb7dcd8f944554.jpg,"[260, 10, 616, 600]",1.0,hen_gt,hen_kandang
mati/hen_f0645_IMG_20220513_175519_HHT_jpg.rf.12029ca64c421fd35e3c0ddbc030cbf2_10.jpg,1,mati,train,train,hen_f0645,train/IMG_20220513_175519_HHT_jpg.rf.12029ca64c421fd35e3c0ddbc030cbf2.jpg,"[109, 200, 451, 359]",1.0,hen_gt,hen_kandang
mati/hen_f0654_IMG_20220513_175428_HHT_jpg.rf.190c3658d0b59c578853fb05f194bb97_10.jpg,1,mati,train,test,hen_f0654,test/IMG_20220513_175428_HHT_jpg.rf.190c3658d0b59c578853fb05f194bb97.jpg,"[239, 123, 405, 489]",1.0,hen_gt,hen_kandang
mati/hen_f0671_IMG_5778_JPG_jpg.rf.17b801d162b930e70d202d2bc0601734_10.jpg,1,mati,train,test,hen_f0671,test/IMG_5778_JPG_jpg.rf.17b801d162b930e70d202d2bc0601734.jpg,"[9, 0, 608, 522]",1.0,hen_gt,hen_kandang
mati/hen_f0674_IMG_5779_JPG_jpg.rf.164ee83c0ff9631e00b9c517b8b33950_10.jpg,1,mati,train,valid,hen_f0674,valid/IMG_5779_JPG_jpg.rf.164ee83c0ff9631e00b9c517b8b33950.jpg,"[0, 84, 596, 607]",1.0,hen_gt,hen_kandang
mati/hen_f0686_IMG_5780_JPG_jpg.rf.0620d95e4e2389c56bc51488bfe3dabd_10.jpg,1,mati,train,train,hen_f0686,train/IMG_5780_JPG_jpg.rf.0620d95e4e2389c56bc51488bfe3dabd.jpg,"[50, 3, 607, 607]",1.0,hen_gt,hen_kandang
mati/hen_f0696_IMG20220703113746_jpg.rf.52f30fddad5309f40f90eb47a9ef6809_10.jpg,1,mati,train,train,hen_f0696,train/IMG20220703113746_jpg.rf.52f30fddad5309f40f90eb47a9ef6809.jpg,"[168, 131, 498, 387]",1.0,hen_gt,hen_kandang
mati/hen_f0699_IMG_20220513_175420_HHT_jpg.rf.8f7e6ff20c96bb92a1004eacbbabf8f5_10.jpg,1,mati,train,train,hen_f0699,train/IMG_20220513_175420_HHT_jpg.rf.8f7e6ff20c96bb92a1004eacbbabf8f5.jpg,"[177, 150, 429, 338]",1.0,hen_gt,hen_kandang
mati/hen_f0704_IMG_5777_JPG_jpg.rf.5b3c4b75ddb74a193726865c5ae857cc_10.jpg,1,mati,train,train,hen_f0704,train/IMG_5777_JPG_jpg.rf.5b3c4b75ddb74a193726865c5ae857cc.jpg,"[68, 217, 185, 353]",1.0,hen_gt,hen_kandang
mati/hen_f0704_IMG_5777_JPG_jpg.rf.5b3c4b75ddb74a193726865c5ae857cc_11.jpg,1,mati,train,train,hen_f0704,train/IMG_5777_JPG_jpg.rf.5b3c4b75ddb74a193726865c5ae857cc.jpg,"[463, 236, 547, 459]",1.0,hen_gt,hen_kandang
mati/hen_f0704_IMG_5777_JPG_jpg.rf.5b3c4b75ddb74a193726865c5ae857cc_12.jpg,1,mati,train,train,hen_f0704,train/IMG_5777_JPG_jpg.rf.5b3c4b75ddb74a193726865c5ae857cc.jpg,"[305, 247, 409, 464]",1.0,hen_gt,hen_kandang
mati/hen_f0704_IMG_5777_JPG_jpg.rf.5b3c4b75ddb74a193726865c5ae857cc_13.jpg,1,mati,train,train,hen_f0704,train/IMG_5777_JPG_jpg.rf.5b3c4b75ddb74a193726865c5ae857cc.jpg,"[119, 370, 240, 516]",1.0,hen_gt,hen_kandang
mati/hen_f0705_IMG_20220513_175346_HHT_jpg.rf.3da1a1d8a2e0b78f8de967e3f2401dce_10.jpg,1,mati,train,valid,hen_f0705,valid/IMG_20220513_175346_HHT_jpg.rf.3da1a1d8a2e0b78f8de967e3f2401dce.jpg,"[118, 156, 377, 376]",1.0,hen_gt,hen_kandang
mati/hen_f0778_IMG_20220513_174827_HHT_jpg.rf.78a0f4f0476b07b4027ebcea6d3c7177_10.jpg,1,mati,train,train,hen_f0778,train/IMG_20220513_174827_HHT_jpg.rf.78a0f4f0476b07b4027ebcea6d3c7177.jpg,"[15, 235, 493, 406]",1.0,hen_gt,hen_kandang
mati/hen_f0783_-30-_mp4-0_jpg.rf.47f2af277dd0a23975aef499a0c575d2_10.jpg,1,mati,train,train,hen_f0783,train/-30-_mp4-0_jpg.rf.47f2af277dd0a23975aef499a0c575d2.jpg,"[106, 93, 587, 492]",1.0,hen_gt,hen_kandang
mati/hen_f0815_Copy-of-sudden-stroke_jpg.rf.4afbfa28ecfc5d0e1a93a634d76b8a33_10.jpg,1,mati,train,train,hen_f0815,train/Copy-of-sudden-stroke_jpg.rf.4afbfa28ecfc5d0e1a93a634d76b8a33.jpg,"[25, 13, 260, 308]",1.0,hen_gt,hen_kandang
mati/hen_f0817_IMG_20220513_174902_HHT_jpg.rf.1530a490ff09a35223b76af598ba327e_10.jpg,1,mati,train,train,hen_f0817,train/IMG_20220513_174902_HHT_jpg.rf.1530a490ff09a35223b76af598ba327e.jpg,"[188, 147, 412, 386]",1.0,hen_gt,hen_kandang
mati/hen_f0824_IMG_20220513_173602_HHT_jpg.rf.00220233251a3615a865e4be25e90e3c_10.jpg,1,mati,train,train,hen_f0824,train/IMG_20220513_173602_HHT_jpg.rf.00220233251a3615a865e4be25e90e3c.jpg,"[155, 205, 380, 392]",1.0,hen_gt,hen_kandang
mati/hen_f0826_IMG_20220513_174953_HHT_jpg.rf.2f43a18b676e97b5cd0e3fc76e1ae72e_10.jpg,1,mati,train,valid,hen_f0826,valid/IMG_20220513_174953_HHT_jpg.rf.2f43a18b676e97b5cd0e3fc76e1ae72e.jpg,"[140, 220, 420, 398]",1.0,hen_gt,hen_kandang
mati/hen_f0828_IMG_20220513_174940_HHT_jpg.rf.9dbd1ef8dc9bc6b3554d9df299d7622b_10.jpg,1,mati,train,train,hen_f0828,train/IMG_20220513_174940_HHT_jpg.rf.9dbd1ef8dc9bc6b3554d9df299d7622b.jpg,"[206, 208, 466, 379]",1.0,hen_gt,hen_kandang
mati/hen_f0833_IMG_20220513_174948_HHT_jpg.rf.72c81b68c12cd488f7cf3ba36d04dc83_10.jpg,1,mati,train,valid,hen_f0833,valid/IMG_20220513_174948_HHT_jpg.rf.72c81b68c12cd488f7cf3ba36d04dc83.jpg,"[165, 139, 430, 467]",1.0,hen_gt,hen_kandang
mati/hen_f0837_IMG20220703114144_jpg.rf.2e8a6079a1ea0f04ba931ec4031bb355_10.jpg,1,mati,train,train,hen_f0837,train/IMG20220703114144_jpg.rf.2e8a6079a1ea0f04ba931ec4031bb355.jpg,"[8, 8, 568, 516]",1.0,hen_gt,hen_kandang
mati/hen_f0844_IMG_20220513_174344_HHT_jpg.rf.026de6a0e43723a0bde94bb22fa89861_10.jpg,1,mati,train,train,hen_f0844,train/IMG_20220513_174344_HHT_jpg.rf.026de6a0e43723a0bde94bb22fa89861.jpg,"[149, 190, 507, 360]",1.0,hen_gt,hen_kandang
mati/hen_f0847_IMG_20220513_174848_HHT_jpg.rf.255ece8ea243c246886d8206112c9a9b_10.jpg,1,mati,train,train,hen_f0847,train/IMG_20220513_174848_HHT_jpg.rf.255ece8ea243c246886d8206112c9a9b.jpg,"[151, 226, 530, 374]",1.0,hen_gt,hen_kandang
mati/hen_f0849_IMG_20220513_175155_HHT_jpg.rf.77b2e25ac9b595749e93afc2ea0fb8b4_10.jpg,1,mati,train,train,hen_f0849,train/IMG_20220513_175155_HHT_jpg.rf.77b2e25ac9b595749e93afc2ea0fb8b4.jpg,"[220, 199, 377, 418]",1.0,hen_gt,hen_kandang
mati/hen_f0851_IMG_20220513_174551_HHT_jpg.rf.0d33479bd7c924358d63b08d55de1e1e_10.jpg,1,mati,train,valid,hen_f0851,valid/IMG_20220513_174551_HHT_jpg.rf.0d33479bd7c924358d63b08d55de1e1e.jpg,"[108, 159, 446, 457]",1.0,hen_gt,hen_kandang
mati/hen_f0854_IMG_20220513_175146_HHT_jpg.rf.00eb590dd850e9606e1114a0f1726e40_10.jpg,1,mati,train,train,hen_f0854,train/IMG_20220513_175146_HHT_jpg.rf.00eb590dd850e9606e1114a0f1726e40.jpg,"[224, 131, 341, 420]",1.0,hen_gt,hen_kandang
mati/hen_f0857_IMG_20220513_174613_HHT_jpg.rf.1cbfc687ca192cd128dcd99c0061bad0_10.jpg,1,mati,train,train,hen_f0857,train/IMG_20220513_174613_HHT_jpg.rf.1cbfc687ca192cd128dcd99c0061bad0.jpg,"[122, 150, 457, 417]",1.0,hen_gt,hen_kandang
mati/hen_f0860_IMG_20220513_174557_HHT_jpg.rf.361ada35fc4fae15e01060652bf194e4_10.jpg,1,mati,train,valid,hen_f0860,valid/IMG_20220513_174557_HHT_jpg.rf.361ada35fc4fae15e01060652bf194e4.jpg,"[88, 185, 450, 450]",1.0,hen_gt,hen_kandang
mati/hen_f0861_IMG_20220513_174637_HHT_jpg.rf.2293a649f0bb966b6f055f8e25a210eb_10.jpg,1,mati,train,train,hen_f0861,train/IMG_20220513_174637_HHT_jpg.rf.2293a649f0bb966b6f055f8e25a210eb.jpg,"[118, 204, 422, 444]",1.0,hen_gt,hen_kandang
mati/hen_f0863_IMG_20220513_175204_HHT_jpg.rf.08b175240b3a0e821048ee2d95c8de2d_10.jpg,1,mati,train,train,hen_f0863,train/IMG_20220513_175204_HHT_jpg.rf.08b175240b3a0e821048ee2d95c8de2d.jpg,"[206, 225, 416, 373]",1.0,hen_gt,hen_kandang
mati/hen_f0865_IMG_20220513_174713_HHT_jpg.rf.1f03df7e9a30e0ae6b578b9315a4ac6f_10.jpg,1,mati,train,train,hen_f0865,train/IMG_20220513_174713_HHT_jpg.rf.1f03df7e9a30e0ae6b578b9315a4ac6f.jpg,"[129, 181, 523, 519]",1.0,hen_gt,hen_kandang
mati/hen_f0866_IMG_20220513_175222_HHT_jpg.rf.3c9faf38a3e1e1ebc5ce285c31bf52f3_10.jpg,1,mati,train,train,hen_f0866,train/IMG_20220513_175222_HHT_jpg.rf.3c9faf38a3e1e1ebc5ce285c31bf52f3.jpg,"[216, 143, 415, 351]",1.0,hen_gt,hen_kandang
mati/hen_f0868_IMG_20220513_175259_HHT_jpg.rf.231da25aa07f22aaa1266aa6eafcb12e_10.jpg,1,mati,train,train,hen_f0868,train/IMG_20220513_175259_HHT_jpg.rf.231da25aa07f22aaa1266aa6eafcb12e.jpg,"[122, 298, 420, 418]",1.0,hen_gt,hen_kandang
mati/hen_f0870_IMG20220703113658_jpg.rf.1bf5d9a2430820371c7222ff8200a6a0_10.jpg,1,mati,train,train,hen_f0870,train/IMG20220703113658_jpg.rf.1bf5d9a2430820371c7222ff8200a6a0.jpg,"[194, 154, 548, 402]",1.0,hen_gt,hen_kandang
mati/hen_f0872_IMG_20220513_174607_HHT_jpg.rf.35d4087c251b51b9674807cfa39d767b_10.jpg,1,mati,train,train,hen_f0872,train/IMG_20220513_174607_HHT_jpg.rf.35d4087c251b51b9674807cfa39d767b.jpg,"[76, 210, 489, 448]",1.0,hen_gt,hen_kandang
mati/hen_f0873_IMG_20220513_175226_HHT_jpg.rf.6b6e3c1c52b5d019b779fddb6f61f4d4_10.jpg,1,mati,train,test,hen_f0873,test/IMG_20220513_175226_HHT_jpg.rf.6b6e3c1c52b5d019b779fddb6f61f4d4.jpg,"[265, 253, 468, 417]",1.0,hen_gt,hen_kandang
mati/hen_f0876_IMG_20220513_174618_HHT_jpg.rf.d5b6c0b7811f3b2ca6e826b64f8e7d61_10.jpg,1,mati,train,train,hen_f0876,train/IMG_20220513_174618_HHT_jpg.rf.d5b6c0b7811f3b2ca6e826b64f8e7d61.jpg,"[191, 162, 483, 423]",1.0,hen_gt,hen_kandang
mati/hen_f0879_IMG_20220513_174739_HHT_jpg.rf.917f8b05558f324730306df8a5acc885_10.jpg,1,mati,train,train,hen_f0879,train/IMG_20220513_174739_HHT_jpg.rf.917f8b05558f324730306df8a5acc885.jpg,"[220, 180, 488, 558]",1.0,hen_gt,hen_kandang
mati/hen_f0883_IMG_20220513_174737_HHT_jpg.rf.2c336a53d621067ab5495328967fe9a7_10.jpg,1,mati,train,valid,hen_f0883,valid/IMG_20220513_174737_HHT_jpg.rf.2c336a53d621067ab5495328967fe9a7.jpg,"[183, 194, 468, 510]",1.0,hen_gt,hen_kandang
mati/hen_f0884_IMG_20220513_174708_HHT_jpg.rf.377490ed5607e9c8beab6599677a91a4_10.jpg,1,mati,train,valid,hen_f0884,valid/IMG_20220513_174708_HHT_jpg.rf.377490ed5607e9c8beab6599677a91a4.jpg,"[98, 238, 481, 492]",1.0,hen_gt,hen_kandang
mati/hen_f0886_IMG_20220513_174744_HHT_jpg.rf.a2e34d7c715070e541387ad211f94c87_10.jpg,1,mati,train,train,hen_f0886,train/IMG_20220513_174744_HHT_jpg.rf.a2e34d7c715070e541387ad211f94c87.jpg,"[216, 232, 585, 468]",1.0,hen_gt,hen_kandang
mati/hen_f0890_IMG_20220513_175318_HHT_jpg.rf.3ec0647853bf60bbaa7c7c355b652536_10.jpg,1,mati,train,valid,hen_f0890,valid/IMG_20220513_175318_HHT_jpg.rf.3ec0647853bf60bbaa7c7c355b652536.jpg,"[162, 117, 418, 385]",1.0,hen_gt,hen_kandang
mati/hen_f0892_IMG_20220513_174658_HHT_jpg.rf.2cc92c1f02e77ad3141e4166b9f544f2_10.jpg,1,mati,train,train,hen_f0892,train/IMG_20220513_174658_HHT_jpg.rf.2cc92c1f02e77ad3141e4166b9f544f2.jpg,"[96, 177, 403, 478]",1.0,hen_gt,hen_kandang
mati/hen_f0906_VID-20221020-WA0003_mp4-103_jpg.rf.2a727c5e0f82635143035a6895fd6479_10.jpg,1,mati,train,valid,hen_f0906,valid/VID-20221020-WA0003_mp4-103_jpg.rf.2a727c5e0f82635143035a6895fd6479.jpg,"[0, 7, 72, 56]",1.0,hen_gt,hen_kandang
mati/hen_f0906_VID-20221020-WA0003_mp4-103_jpg.rf.2a727c5e0f82635143035a6895fd6479_11.jpg,1,mati,train,valid,hen_f0906,valid/VID-20221020-WA0003_mp4-103_jpg.rf.2a727c5e0f82635143035a6895fd6479.jpg,"[127, 32, 284, 107]",1.0,hen_gt,hen_kandang
mati/hen_f0906_VID-20221020-WA0003_mp4-103_jpg.rf.2a727c5e0f82635143035a6895fd6479_12.jpg,1,mati,train,valid,hen_f0906,valid/VID-20221020-WA0003_mp4-103_jpg.rf.2a727c5e0f82635143035a6895fd6479.jpg,"[53, 135, 204, 214]",1.0,hen_gt,hen_kandang
mati/hen_f0906_VID-20221020-WA0003_mp4-103_jpg.rf.2a727c5e0f82635143035a6895fd6479_13.jpg,1,mati,train,valid,hen_f0906,valid/VID-20221020-WA0003_mp4-103_jpg.rf.2a727c5e0f82635143035a6895fd6479.jpg,"[251, 146, 320, 197]",1.0,hen_gt,hen_kandang
mati/hen_f0909_VID-20221020-WA0003_mp4-32_jpg.rf.00ffa365ba22789e85ddd8c261425ff2_10.jpg,1,mati,train,train,hen_f0909,train/VID-20221020-WA0003_mp4-32_jpg.rf.00ffa365ba22789e85ddd8c261425ff2.jpg,"[27, 119, 307, 243]",1.0,hen_gt,hen_kandang
mati/hen_f0910_VID-20221020-WA0003_mp4-263_jpg.rf.22ccbd6d319aefc516eebc7d3dbd743a_10.jpg,1,mati,train,valid,hen_f0910,valid/VID-20221020-WA0003_mp4-263_jpg.rf.22ccbd6d319aefc516eebc7d3dbd743a.jpg,"[0, 200, 216, 273]",1.0,hen_gt,hen_kandang
mati/hen_f0910_VID-20221020-WA0003_mp4-263_jpg.rf.22ccbd6d319aefc516eebc7d3dbd743a_11.jpg,1,mati,train,valid,hen_f0910,valid/VID-20221020-WA0003_mp4-263_jpg.rf.22ccbd6d319aefc516eebc7d3dbd743a.jpg,"[161, 52, 315, 126]",1.0,hen_gt,hen_kandang
mati/hen_f0910_VID-20221020-WA0003_mp4-263_jpg.rf.22ccbd6d319aefc516eebc7d3dbd743a_12.jpg,1,mati,train,valid,hen_f0910,valid/VID-20221020-WA0003_mp4-263_jpg.rf.22ccbd6d319aefc516eebc7d3dbd743a.jpg,"[62, 28, 169, 104]",1.0,hen_gt,hen_kandang
mati/hen_f0910_VID-20221020-WA0003_mp4-263_jpg.rf.22ccbd6d319aefc516eebc7d3dbd743a_13.jpg,1,mati,train,valid,hen_f0910,valid/VID-20221020-WA0003_mp4-263_jpg.rf.22ccbd6d319aefc516eebc7d3dbd743a.jpg,"[173, 215, 320, 292]",1.0,hen_gt,hen_kandang
mati/hen_f0910_VID-20221020-WA0003_mp4-263_jpg.rf.22ccbd6d319aefc516eebc7d3dbd743a_14.jpg,1,mati,train,valid,hen_f0910,valid/VID-20221020-WA0003_mp4-263_jpg.rf.22ccbd6d319aefc516eebc7d3dbd743a.jpg,"[1, 244, 201, 320]",1.0,hen_gt,hen_kandang
mati/hen_f0911_VID-20221020-WA0003_mp4-43_jpg.rf.5517f29dd6f9365c7574b1c7c20a9d8f_10.jpg,1,mati,train,train,hen_f0911,train/VID-20221020-WA0003_mp4-43_jpg.rf.5517f29dd6f9365c7574b1c7c20a9d8f.jpg,"[1, 134, 297, 249]",1.0,hen_gt,hen_kandang
mati/hen_f0927_IMG_20220513_175332_HHT_jpg.rf.1d3998daaa362858932adac23ced6f4e_10.jpg,1,mati,train,test,hen_f0927,test/IMG_20220513_175332_HHT_jpg.rf.1d3998daaa362858932adac23ced6f4e.jpg,"[192, 140, 406, 428]",1.0,hen_gt,hen_kandang
mati/hen_f0928_VID-20221020-WA0003_mp4-80_jpg.rf.158b1d9a36b5477394fe9c8c5b555ede_10.jpg,1,mati,train,train,hen_f0928,train/VID-20221020-WA0003_mp4-80_jpg.rf.158b1d9a36b5477394fe9c8c5b555ede.jpg,"[47, 120, 218, 210]",1.0,hen_gt,hen_kandang
mati/hen_f0928_VID-20221020-WA0003_mp4-80_jpg.rf.158b1d9a36b5477394fe9c8c5b555ede_11.jpg,1,mati,train,train,hen_f0928,train/VID-20221020-WA0003_mp4-80_jpg.rf.158b1d9a36b5477394fe9c8c5b555ede.jpg,"[138, 0, 320, 86]",1.0,hen_gt,hen_kandang
mati/hen_f0929_IMG_20220513_175201_HHT_jpg.rf.4c6951b52b3447dafdef48f53e5a1a5c_10.jpg,1,mati,train,train,hen_f0929,train/IMG_20220513_175201_HHT_jpg.rf.4c6951b52b3447dafdef48f53e5a1a5c.jpg,"[222, 200, 422, 344]",1.0,hen_gt,hen_kandang
mati/hen_f0939_VID-20221020-WA0003_mp4-189_jpg.rf.d22bd4c30657d7e3438b715b5e7657df_10.jpg,1,mati,train,train,hen_f0939,train/VID-20221020-WA0003_mp4-189_jpg.rf.d22bd4c30657d7e3438b715b5e7657df.jpg,"[9, 181, 126, 249]",1.0,hen_gt,hen_kandang
mati/hen_f0939_VID-20221020-WA0003_mp4-189_jpg.rf.d22bd4c30657d7e3438b715b5e7657df_11.jpg,1,mati,train,train,hen_f0939,train/VID-20221020-WA0003_mp4-189_jpg.rf.d22bd4c30657d7e3438b715b5e7657df.jpg,"[30, 200, 320, 294]",1.0,hen_gt,hen_kandang
mati/hen_f0939_VID-20221020-WA0003_mp4-189_jpg.rf.d22bd4c30657d7e3438b715b5e7657df_12.jpg,1,mati,train,train,hen_f0939,train/VID-20221020-WA0003_mp4-189_jpg.rf.d22bd4c30657d7e3438b715b5e7657df.jpg,"[33, 60, 162, 132]",1.0,hen_gt,hen_kandang
mati/hen_f0939_VID-20221020-WA0003_mp4-189_jpg.rf.d22bd4c30657d7e3438b715b5e7657df_13.jpg,1,mati,train,train,hen_f0939,train/VID-20221020-WA0003_mp4-189_jpg.rf.d22bd4c30657d7e3438b715b5e7657df.jpg,"[133, 35, 232, 110]",1.0,hen_gt,hen_kandang
mati/hen_f0939_VID-20221020-WA0003_mp4-189_jpg.rf.d22bd4c30657d7e3438b715b5e7657df_14.jpg,1,mati,train,train,hen_f0939,train/VID-20221020-WA0003_mp4-189_jpg.rf.d22bd4c30657d7e3438b715b5e7657df.jpg,"[94, 162, 311, 226]",1.0,hen_gt,hen_kandang
mati/hen_f0943_1672722155597_jpg.rf.3b67e2fb25c2faf08a47c2e5fe21b9b8_10.jpg,1,mati,train,valid,hen_f0943,valid/1672722155597_jpg.rf.3b67e2fb25c2faf08a47c2e5fe21b9b8.jpg,"[71, 80, 240, 306]",1.0,hen_gt,hen_kandang
mati/hen_f0944_IMG_20220513_175425_HHT_jpg.rf.71d9d18e1f73bd3cbda12f0c1dc08e1d_10.jpg,1,mati,train,train,hen_f0944,train/IMG_20220513_175425_HHT_jpg.rf.71d9d18e1f73bd3cbda12f0c1dc08e1d.jpg,"[232, 137, 399, 509]",1.0,hen_gt,hen_kandang
mati/hen_f0947_VID-20221020-WA0003_mp4-153_jpg.rf.11faea84985bf971b961189f0bc71b8e_10.jpg,1,mati,train,valid,hen_f0947,valid/VID-20221020-WA0003_mp4-153_jpg.rf.11faea84985bf971b961189f0bc71b8e.jpg,"[145, 64, 278, 123]",1.0,hen_gt,hen_kandang
mati/hen_f0947_VID-20221020-WA0003_mp4-153_jpg.rf.11faea84985bf971b961189f0bc71b8e_11.jpg,1,mati,train,valid,hen_f0947,valid/VID-20221020-WA0003_mp4-153_jpg.rf.11faea84985bf971b961189f0bc71b8e.jpg,"[197, 167, 320, 232]",1.0,hen_gt,hen_kandang
mati/hen_f0947_VID-20221020-WA0003_mp4-153_jpg.rf.11faea84985bf971b961189f0bc71b8e_12.jpg,1,mati,train,valid,hen_f0947,valid/VID-20221020-WA0003_mp4-153_jpg.rf.11faea84985bf971b961189f0bc71b8e.jpg,"[10, 165, 126, 244]",1.0,hen_gt,hen_kandang
mati/hen_f0948_1672722154751_jpg.rf.e904f407cba3cadc6f60b762f361ae5a_10.jpg,1,mati,train,train,hen_f0948,train/1672722154751_jpg.rf.e904f407cba3cadc6f60b762f361ae5a.jpg,"[20, 69, 245, 318]",1.0,hen_gt,hen_kandang
mati/hen_f0956_IMG_20220513_174643_HHT_jpg.rf.dd5107527d29e43dbb7e350b663656f2_10.jpg,1,mati,train,train,hen_f0956,train/IMG_20220513_174643_HHT_jpg.rf.dd5107527d29e43dbb7e350b663656f2.jpg,"[108, 240, 488, 472]",1.0,hen_gt,hen_kandang
mati/hen_f0957_1672722155506_jpg.rf.2f8221cc8220aeddbad7c547ff2f24b5_10.jpg,1,mati,train,train,hen_f0957,train/1672722155506_jpg.rf.2f8221cc8220aeddbad7c547ff2f24b5.jpg,"[67, 43, 264, 313]",1.0,hen_gt,hen_kandang
mati/hen_f0962_IMG_5837_PNG_jpg.rf.6fd1fc427181475d75097e3a97b9090f_10.jpg,1,mati,train,train,hen_f0962,train/IMG_5837_PNG_jpg.rf.6fd1fc427181475d75097e3a97b9090f.jpg,"[53, 29, 519, 607]",1.0,hen_gt,hen_kandang
mati/hen_f0964_IMG_20220513_174319_HHT_jpg.rf.aecdc8d9a59deca8867efe2fe19ac20e_10.jpg,1,mati,train,train,hen_f0964,train/IMG_20220513_174319_HHT_jpg.rf.aecdc8d9a59deca8867efe2fe19ac20e.jpg,"[175, 141, 510, 422]",1.0,hen_gt,hen_kandang
mati/hen_f0965_1672722154958_jpg.rf.ba4a9435837a32d56758e55215ddf2aa_10.jpg,1,mati,train,train,hen_f0965,train/1672722154958_jpg.rf.ba4a9435837a32d56758e55215ddf2aa.jpg,"[47, 53, 259, 294]",1.0,hen_gt,hen_kandang
mati/hen_f0989_IMG20220703113755_jpg.rf.3345cf254a416f350af60fa26e025f97_10.jpg,1,mati,train,train,hen_f0989,train/IMG20220703113755_jpg.rf.3345cf254a416f350af60fa26e025f97.jpg,"[159, 174, 499, 412]",1.0,hen_gt,hen_kandang
mati/hen_f0994_IMG20220703113817_jpg.rf.2002ac24669238f28199d2b3c2aac766_10.jpg,1,mati,train,train,hen_f0994,train/IMG20220703113817_jpg.rf.2002ac24669238f28199d2b3c2aac766.jpg,"[177, 164, 521, 488]",1.0,hen_gt,hen_kandang
mati/hen_f0995_IMG20220703113813_jpg.rf.325e569aa4a7ff6e81ca77f39544353f_10.jpg,1,mati,train,train,hen_f0995,train/IMG20220703113813_jpg.rf.325e569aa4a7ff6e81ca77f39544353f.jpg,"[198, 178, 506, 532]",1.0,hen_gt,hen_kandang
mati/hen_f0996_IMG20220703113747_jpg.rf.9ee9a1834bbd82436632737d2c70ede6_10.jpg,1,mati,train,train,hen_f0996,train/IMG20220703113747_jpg.rf.9ee9a1834bbd82436632737d2c70ede6.jpg,"[156, 111, 490, 377]",1.0,hen_gt,hen_kandang
mati/hen_f0997_IMG_20220513_174353_HHT_jpg.rf.4334a3d8880b69ee0f30809dd90eff37_10.jpg,1,mati,train,train,hen_f0997,train/IMG_20220513_174353_HHT_jpg.rf.4334a3d8880b69ee0f30809dd90eff37.jpg,"[173, 222, 545, 452]",1.0,hen_gt,hen_kandang
mati/hen_f0998_IMG20220703113815_jpg.rf.6829ccdc3b09e2d1cd7502292cb3448b_10.jpg,1,mati,train,train,hen_f0998,train/IMG20220703113815_jpg.rf.6829ccdc3b09e2d1cd7502292cb3448b.jpg,"[169, 188, 495, 517]",1.0,hen_gt,hen_kandang
mati/hen_f1008_IMG_20220513_175256_HHT_jpg.rf.c689c532764262485758f5d6d071bc8a_10.jpg,1,mati,train,valid,hen_f1008,valid/IMG_20220513_175256_HHT_jpg.rf.c689c532764262485758f5d6d071bc8a.jpg,"[179, 231, 408, 424]",1.0,hen_gt,hen_kandang
mati/hen_f1013_VID-20221020-WA0003_mp4-88_jpg.rf.233b9a37be74fd742ef5ee250db36412_10.jpg,1,mati,train,valid,hen_f1013,valid/VID-20221020-WA0003_mp4-88_jpg.rf.233b9a37be74fd742ef5ee250db36412.jpg,"[140, 61, 252, 121]",1.0,hen_gt,hen_kandang
mati/hen_f1013_VID-20221020-WA0003_mp4-88_jpg.rf.233b9a37be74fd742ef5ee250db36412_11.jpg,1,mati,train,valid,hen_f1013,valid/VID-20221020-WA0003_mp4-88_jpg.rf.233b9a37be74fd742ef5ee250db36412.jpg,"[80, 134, 192, 190]",1.0,hen_gt,hen_kandang
mati/hen_f1019_-25-_mp4-5_jpg.rf.3285f717b9101cc6a265a3279b65314b_10.jpg,1,mati,train,valid,hen_f1019,valid/-25-_mp4-5_jpg.rf.3285f717b9101cc6a265a3279b65314b.jpg,"[63, 0, 544, 540]",1.0,hen_gt,hen_kandang
mati/hen_f1021_-22-_mp4-1_jpg.rf.e2c92a98ed85d79a5de5fec8ca0c1aa6_10.jpg,1,mati,train,valid,hen_f1021,valid/-22-_mp4-1_jpg.rf.e2c92a98ed85d79a5de5fec8ca0c1aa6.jpg,"[37, 44, 420, 640]",1.0,hen_gt,hen_kandang
mati/hen_f1022_image-26-_jpg.rf.d9c5b948d6672409c66430ecf2c15e19_10.jpg,1,mati,train,valid,hen_f1022,valid/image-26-_jpg.rf.d9c5b948d6672409c66430ecf2c15e19.jpg,"[86, 77, 347, 300]",1.0,hen_gt,hen_kandang
mati/hen_f1028_IMG_20220513_175509_HHT_jpg.rf.e2fef9468420f7bdb2b20b08c080160f_10.jpg,1,mati,train,test,hen_f1028,test/IMG_20220513_175509_HHT_jpg.rf.e2fef9468420f7bdb2b20b08c080160f.jpg,"[82, 223, 454, 392]",1.0,hen_gt,hen_kandang
mati/hen_f1030_1672722154789_jpg.rf.b3d7d7156af0d72c25c6dbd9e59c5293_10.jpg,1,mati,train,test,hen_f1030,test/1672722154789_jpg.rf.b3d7d7156af0d72c25c6dbd9e59c5293.jpg,"[73, 73, 304, 320]",1.0,hen_gt,hen_kandang
hidup/hen_f0001_Chicken-Breeds_jpg.rf.2677be3ee07ca657fbb3c8571256a363_00.jpg,0,hidup,val,valid,hen_f0001,valid/Chicken-Breeds_jpg.rf.2677be3ee07ca657fbb3c8571256a363.jpg,"[126, 337, 252, 593]",1.0,hen_gt,hen_kandang
hidup/hen_f0001_Chicken-Breeds_jpg.rf.2677be3ee07ca657fbb3c8571256a363_01.jpg,0,hidup,val,valid,hen_f0001,valid/Chicken-Breeds_jpg.rf.2677be3ee07ca657fbb3c8571256a363.jpg,"[457, 322, 585, 607]",1.0,hen_gt,hen_kandang
hidup/hen_f0001_Chicken-Breeds_jpg.rf.2677be3ee07ca657fbb3c8571256a363_02.jpg,0,hidup,val,valid,hen_f0001,valid/Chicken-Breeds_jpg.rf.2677be3ee07ca657fbb3c8571256a363.jpg,"[0, 424, 141, 608]",1.0,hen_gt,hen_kandang
hidup/hen_f0001_Chicken-Breeds_jpg.rf.2677be3ee07ca657fbb3c8571256a363_03.jpg,0,hidup,val,valid,hen_f0001,valid/Chicken-Breeds_jpg.rf.2677be3ee07ca657fbb3c8571256a363.jpg,"[299, 432, 474, 607]",1.0,hen_gt,hen_kandang
hidup/hen_f0004_IMG_20220513_170911_HHT_jpg.rf.04808d701847b33f72011db8edbd6f1e_00.jpg,0,hidup,val,train,hen_f0004,train/IMG_20220513_170911_HHT_jpg.rf.04808d701847b33f72011db8edbd6f1e.jpg,"[246, 260, 387, 339]",1.0,hen_gt,hen_kandang
hidup/hen_f0005_images-63-_jpg.rf.b33ae124ca5246e09077addf5de15c6f_00.jpg,0,hidup,val,train,hen_f0005,train/images-63-_jpg.rf.b33ae124ca5246e09077addf5de15c6f.jpg,"[106, 326, 316, 610]",1.0,hen_gt,hen_kandang
hidup/hen_f0005_images-63-_jpg.rf.b33ae124ca5246e09077addf5de15c6f_01.jpg,0,hidup,val,train,hen_f0005,train/images-63-_jpg.rf.b33ae124ca5246e09077addf5de15c6f.jpg,"[296, 308, 396, 562]",1.0,hen_gt,hen_kandang
hidup/hen_f0005_images-63-_jpg.rf.b33ae124ca5246e09077addf5de15c6f_02.jpg,0,hidup,val,train,hen_f0005,train/images-63-_jpg.rf.b33ae124ca5246e09077addf5de15c6f.jpg,"[327, 221, 444, 354]",1.0,hen_gt,hen_kandang
hidup/hen_f0005_images-63-_jpg.rf.b33ae124ca5246e09077addf5de15c6f_04.jpg,0,hidup,val,train,hen_f0005,train/images-63-_jpg.rf.b33ae124ca5246e09077addf5de15c6f.jpg,"[201, 188, 304, 298]",1.0,hen_gt,hen_kandang
hidup/hen_f0012_IMG_20220513_171119_HHT_jpg.rf.24926e90e078d448658bdd33e69d3e10_00.jpg,0,hidup,val,train,hen_f0012,train/IMG_20220513_171119_HHT_jpg.rf.24926e90e078d448658bdd33e69d3e10.jpg,"[220, 252, 381, 397]",1.0,hen_gt,hen_kandang
hidup/hen_f0014_IMG_20220513_172152_HHT_jpg.rf.018be6c30ba7d594e1a276360c9c1d0e_00.jpg,0,hidup,val,train,hen_f0014,train/IMG_20220513_172152_HHT_jpg.rf.018be6c30ba7d594e1a276360c9c1d0e.jpg,"[197, 220, 418, 370]",1.0,hen_gt,hen_kandang
hidup/hen_f0016_images-8-_jpg.rf.38f96201d448cb87e046d3947b7279f1_00.jpg,0,hidup,val,train,hen_f0016,train/images-8-_jpg.rf.38f96201d448cb87e046d3947b7279f1.jpg,"[107, 22, 560, 480]",1.0,hen_gt,hen_kandang
hidup/hen_f0020_Cornish-cross-2-1-_jpg.rf.1198a4618c0256e9ce06c0b64dc59232_00.jpg,0,hidup,val,train,hen_f0020,train/Cornish-cross-2-1-_jpg.rf.1198a4618c0256e9ce06c0b64dc59232.jpg,"[181, 87, 478, 607]",1.0,hen_gt,hen_kandang
hidup/hen_f0023_IMG20220702135026_jpg.rf.2a2e0be5a27992128790ccfffd5f155f_00.jpg,0,hidup,val,train,hen_f0023,train/IMG20220702135026_jpg.rf.2a2e0be5a27992128790ccfffd5f155f.jpg,"[177, 123, 536, 440]",1.0,hen_gt,hen_kandang
hidup/hen_f0026_ph-1127201361810am-e-7152-img_20131109_130048_jpg.rf.03b49dbc7ad872d48ac1ff69fcda6243_01.jpg,0,hidup,val,train,hen_f0026,train/ph-1127201361810am-e-7152-img_20131109_130048_jpg.rf.03b49dbc7ad872d48ac1ff69fcda6243.jpg,"[306, 235, 366, 326]",1.0,hen_gt,hen_kandang
hidup/hen_f0026_ph-1127201361810am-e-7152-img_20131109_130048_jpg.rf.03b49dbc7ad872d48ac1ff69fcda6243_010.jpg,0,hidup,val,train,hen_f0026,train/ph-1127201361810am-e-7152-img_20131109_130048_jpg.rf.03b49dbc7ad872d48ac1ff69fcda6243.jpg,"[9, 372, 101, 433]",1.0,hen_gt,hen_kandang
hidup/hen_f0026_ph-1127201361810am-e-7152-img_20131109_130048_jpg.rf.03b49dbc7ad872d48ac1ff69fcda6243_05.jpg,0,hidup,val,train,hen_f0026,train/ph-1127201361810am-e-7152-img_20131109_130048_jpg.rf.03b49dbc7ad872d48ac1ff69fcda6243.jpg,"[105, 397, 179, 489]",1.0,hen_gt,hen_kandang
hidup/hen_f0026_ph-1127201361810am-e-7152-img_20131109_130048_jpg.rf.03b49dbc7ad872d48ac1ff69fcda6243_09.jpg,0,hidup,val,train,hen_f0026,train/ph-1127201361810am-e-7152-img_20131109_130048_jpg.rf.03b49dbc7ad872d48ac1ff69fcda6243.jpg,"[3, 430, 101, 506]",1.0,hen_gt,hen_kandang
hidup/hen_f0038_IMG_20220513_172157_HHT_jpg.rf.6748ed403ee150e44959b1eff892c8a1_00.jpg,0,hidup,val,train,hen_f0038,train/IMG_20220513_172157_HHT_jpg.rf.6748ed403ee150e44959b1eff892c8a1.jpg,"[216, 205, 432, 352]",1.0,hen_gt,hen_kandang
hidup/hen_f0047_scene00761_png_jpg.rf.26bd857185daab0f6450df267926dcfd_00.jpg,0,hidup,val,train,hen_f0047,train/scene00761_png_jpg.rf.26bd857185daab0f6450df267926dcfd.jpg,"[35, 145, 107, 270]",1.0,hen_gt,hen_kandang
hidup/hen_f0047_scene00761_png_jpg.rf.26bd857185daab0f6450df267926dcfd_01.jpg,0,hidup,val,train,hen_f0047,train/scene00761_png_jpg.rf.26bd857185daab0f6450df267926dcfd.jpg,"[235, 136, 318, 320]",1.0,hen_gt,hen_kandang
hidup/hen_f0050_images-78-_jpg.rf.3f622775a479e44b6788ef92dcec298f_00.jpg,0,hidup,val,train,hen_f0050,train/images-78-_jpg.rf.3f622775a479e44b6788ef92dcec298f.jpg,"[60, 89, 346, 326]",1.0,hen_gt,hen_kandang
hidup/hen_f0050_images-78-_jpg.rf.3f622775a479e44b6788ef92dcec298f_01.jpg,0,hidup,val,train,hen_f0050,train/images-78-_jpg.rf.3f622775a479e44b6788ef92dcec298f.jpg,"[196, 275, 572, 570]",1.0,hen_gt,hen_kandang
hidup/hen_f0053_scene00881_png_jpg.rf.7ed12a868a69909dfa2162e7de3bbacc_00.jpg,0,hidup,val,train,hen_f0053,train/scene00881_png_jpg.rf.7ed12a868a69909dfa2162e7de3bbacc.jpg,"[164, 32, 286, 320]",1.0,hen_gt,hen_kandang
hidup/hen_f0064_IMG_20220513_172200_HHT_jpg.rf.1d0d6c4507592711c2c6c3a53905bfa1_00.jpg,0,hidup,val,train,hen_f0064,train/IMG_20220513_172200_HHT_jpg.rf.1d0d6c4507592711c2c6c3a53905bfa1.jpg,"[213, 213, 426, 365]",1.0,hen_gt,hen_kandang
hidup/hen_f0068_IMG_20220513_172305_HHT_jpg.rf.613c81bcf0d8b05c2c75678572dbc870_00.jpg,0,hidup,val,train,hen_f0068,train/IMG_20220513_172305_HHT_jpg.rf.613c81bcf0d8b05c2c75678572dbc870.jpg,"[184, 235, 387, 381]",1.0,hen_gt,hen_kandang
hidup/hen_f0078_scene00001_png_jpg.rf.05d66584603c8df4768a27dfd277783a_00.jpg,0,hidup,val,test,hen_f0078,test/scene00001_png_jpg.rf.05d66584603c8df4768a27dfd277783a.jpg,"[179, 25, 297, 220]",1.0,hen_gt,hen_kandang
hidup/hen_f0078_scene00001_png_jpg.rf.05d66584603c8df4768a27dfd277783a_01.jpg,0,hidup,val,test,hen_f0078,test/scene00001_png_jpg.rf.05d66584603c8df4768a27dfd277783a.jpg,"[33, 6, 72, 84]",1.0,hen_gt,hen_kandang
hidup/hen_f0078_scene00001_png_jpg.rf.05d66584603c8df4768a27dfd277783a_02.jpg,0,hidup,val,test,hen_f0078,test/scene00001_png_jpg.rf.05d66584603c8df4768a27dfd277783a.jpg,"[2, 6, 36, 88]",1.0,hen_gt,hen_kandang
hidup/hen_f0088_IMG_20220513_172211_HHT_jpg.rf.11d0688ab63d28ef96f11a9c10fb5e3e_00.jpg,0,hidup,val,train,hen_f0088,train/IMG_20220513_172211_HHT_jpg.rf.11d0688ab63d28ef96f11a9c10fb5e3e.jpg,"[197, 220, 422, 368]",1.0,hen_gt,hen_kandang
hidup/hen_f0101_IMG_20220513_172207_HHT_jpg.rf.98594f6e57d9fe7de71741ca0d287e48_00.jpg,0,hidup,val,train,hen_f0101,train/IMG_20220513_172207_HHT_jpg.rf.98594f6e57d9fe7de71741ca0d287e48.jpg,"[214, 202, 424, 358]",1.0,hen_gt,hen_kandang
hidup/hen_f0119_scene00321_png_jpg.rf.360f9ded11655d5b649f3b6efaab1401_00.jpg,0,hidup,val,train,hen_f0119,train/scene00321_png_jpg.rf.360f9ded11655d5b649f3b6efaab1401.jpg,"[204, 57, 298, 294]",1.0,hen_gt,hen_kandang
hidup/hen_f0119_scene00321_png_jpg.rf.360f9ded11655d5b649f3b6efaab1401_01.jpg,0,hidup,val,train,hen_f0119,train/scene00321_png_jpg.rf.360f9ded11655d5b649f3b6efaab1401.jpg,"[1, 39, 39, 137]",1.0,hen_gt,hen_kandang
hidup/hen_f0119_scene00321_png_jpg.rf.360f9ded11655d5b649f3b6efaab1401_02.jpg,0,hidup,val,train,hen_f0119,train/scene00321_png_jpg.rf.360f9ded11655d5b649f3b6efaab1401.jpg,"[0, 272, 47, 320]",1.0,hen_gt,hen_kandang
hidup/hen_f0121_images-68-_jpg.rf.5927885cb54875bd1f4ffdefc4a63da0_00.jpg,0,hidup,val,train,hen_f0121,train/images-68-_jpg.rf.5927885cb54875bd1f4ffdefc4a63da0.jpg,"[0, 156, 234, 590]",1.0,hen_gt,hen_kandang
hidup/hen_f0121_images-68-_jpg.rf.5927885cb54875bd1f4ffdefc4a63da0_01.jpg,0,hidup,val,train,hen_f0121,train/images-68-_jpg.rf.5927885cb54875bd1f4ffdefc4a63da0.jpg,"[248, 162, 452, 477]",1.0,hen_gt,hen_kandang
hidup/hen_f0121_images-68-_jpg.rf.5927885cb54875bd1f4ffdefc4a63da0_02.jpg,0,hidup,val,train,hen_f0121,train/images-68-_jpg.rf.5927885cb54875bd1f4ffdefc4a63da0.jpg,"[451, 356, 639, 640]",1.0,hen_gt,hen_kandang
hidup/hen_f0121_images-68-_jpg.rf.5927885cb54875bd1f4ffdefc4a63da0_03.jpg,0,hidup,val,train,hen_f0121,train/images-68-_jpg.rf.5927885cb54875bd1f4ffdefc4a63da0.jpg,"[516, 220, 636, 436]",1.0,hen_gt,hen_kandang
hidup/hen_f0126_IMG20220702135022_jpg.rf.4c9239efef8f251781ec7e95c56dd64d_00.jpg,0,hidup,val,train,hen_f0126,train/IMG20220702135022_jpg.rf.4c9239efef8f251781ec7e95c56dd64d.jpg,"[187, 187, 465, 527]",1.0,hen_gt,hen_kandang
hidup/hen_f0132_IMG_20220513_172135_HHT_jpg.rf.0c9a179d77f220d941f08ba4bd56829c_00.jpg,0,hidup,val,train,hen_f0132,train/IMG_20220513_172135_HHT_jpg.rf.0c9a179d77f220d941f08ba4bd56829c.jpg,"[163, 183, 454, 329]",1.0,hen_gt,hen_kandang
hidup/hen_f0144_IMG20220702135033_jpg.rf.fd7200f4329e49335618827d184f1220_00.jpg,0,hidup,val,train,hen_f0144,train/IMG20220702135033_jpg.rf.fd7200f4329e49335618827d184f1220.jpg,"[101, 164, 528, 588]",1.0,hen_gt,hen_kandang
hidup/hen_f0147_IMG_20220513_172144_HHT_jpg.rf.7963c0ef6e9c1e4329cde708e9701007_00.jpg,0,hidup,val,valid,hen_f0147,valid/IMG_20220513_172144_HHT_jpg.rf.7963c0ef6e9c1e4329cde708e9701007.jpg,"[171, 188, 395, 346]",1.0,hen_gt,hen_kandang
hidup/hen_f0148_images-27-_jpg.rf.718f82ac22ff20baaeb25155a3021113_00.jpg,0,hidup,val,valid,hen_f0148,valid/images-27-_jpg.rf.718f82ac22ff20baaeb25155a3021113.jpg,"[47, 27, 577, 620]",1.0,hen_gt,hen_kandang
hidup/hen_f0157_IMG_20220513_172146_HHT_jpg.rf.118a23b3c4eae0e407d4b7044288e3da_00.jpg,0,hidup,val,train,hen_f0157,train/IMG_20220513_172146_HHT_jpg.rf.118a23b3c4eae0e407d4b7044288e3da.jpg,"[220, 190, 450, 354]",1.0,hen_gt,hen_kandang
hidup/hen_f0162_IMG20220702135051_jpg.rf.b26096437c144f0c9e944f4aa2c4f62b_00.jpg,0,hidup,val,train,hen_f0162,train/IMG20220702135051_jpg.rf.b26096437c144f0c9e944f4aa2c4f62b.jpg,"[4, 155, 471, 608]",1.0,hen_gt,hen_kandang
hidup/hen_f0172_IMG_20220303_085354_jpg.rf.a5d153dc35c0e51e296356226739f213_02.jpg,0,hidup,val,train,hen_f0172,train/IMG_20220303_085354_jpg.rf.a5d153dc35c0e51e296356226739f213.jpg,"[63, 3, 102, 27]",1.0,hen_gt,hen_kandang
hidup/hen_f0172_IMG_20220303_085354_jpg.rf.a5d153dc35c0e51e296356226739f213_06.jpg,0,hidup,val,train,hen_f0172,train/IMG_20220303_085354_jpg.rf.a5d153dc35c0e51e296356226739f213.jpg,"[211, 1, 245, 40]",1.0,hen_gt,hen_kandang
hidup/hen_f0172_IMG_20220303_085354_jpg.rf.a5d153dc35c0e51e296356226739f213_07.jpg,0,hidup,val,train,hen_f0172,train/IMG_20220303_085354_jpg.rf.a5d153dc35c0e51e296356226739f213.jpg,"[0, 179, 122, 320]",1.0,hen_gt,hen_kandang
hidup/hen_f0172_IMG_20220303_085354_jpg.rf.a5d153dc35c0e51e296356226739f213_09.jpg,0,hidup,val,train,hen_f0172,train/IMG_20220303_085354_jpg.rf.a5d153dc35c0e51e296356226739f213.jpg,"[212, 37, 251, 78]",1.0,hen_gt,hen_kandang
hidup/hen_f0174_IMG_20220513_171136_HHT_jpg.rf.9c45fa9c429016f03bcb8461301c0092_00.jpg,0,hidup,val,train,hen_f0174,train/IMG_20220513_171136_HHT_jpg.rf.9c45fa9c429016f03bcb8461301c0092.jpg,"[193, 277, 365, 385]",1.0,hen_gt,hen_kandang
hidup/hen_f0176_3_JPG_jpg.rf.2dba9bf4a749758b8e67cf3229f2d302_00.jpg,0,hidup,val,train,hen_f0176,train/3_JPG_jpg.rf.2dba9bf4a749758b8e67cf3229f2d302.jpg,"[29, 0, 161, 155]",1.0,hen_gt,hen_kandang
hidup/hen_f0176_3_JPG_jpg.rf.2dba9bf4a749758b8e67cf3229f2d302_01.jpg,0,hidup,val,train,hen_f0176,train/3_JPG_jpg.rf.2dba9bf4a749758b8e67cf3229f2d302.jpg,"[0, 82, 23, 216]",1.0,hen_gt,hen_kandang
hidup/hen_f0176_3_JPG_jpg.rf.2dba9bf4a749758b8e67cf3229f2d302_02.jpg,0,hidup,val,train,hen_f0176,train/3_JPG_jpg.rf.2dba9bf4a749758b8e67cf3229f2d302.jpg,"[155, 104, 230, 316]",1.0,hen_gt,hen_kandang
hidup/hen_f0176_3_JPG_jpg.rf.2dba9bf4a749758b8e67cf3229f2d302_04.jpg,0,hidup,val,train,hen_f0176,train/3_JPG_jpg.rf.2dba9bf4a749758b8e67cf3229f2d302.jpg,"[231, 152, 320, 320]",1.0,hen_gt,hen_kandang
hidup/hen_f0177_20a_jpg.rf.efb7412e75db494685d5c7dd21d22fe8_00.jpg,0,hidup,val,train,hen_f0177,train/20a_jpg.rf.efb7412e75db494685d5c7dd21d22fe8.jpg,"[227, 27, 313, 293]",1.0,hen_gt,hen_kandang
hidup/hen_f0177_20a_jpg.rf.efb7412e75db494685d5c7dd21d22fe8_01.jpg,0,hidup,val,train,hen_f0177,train/20a_jpg.rf.efb7412e75db494685d5c7dd21d22fe8.jpg,"[0, 104, 55, 250]",1.0,hen_gt,hen_kandang
hidup/hen_f0177_20a_jpg.rf.efb7412e75db494685d5c7dd21d22fe8_02.jpg,0,hidup,val,train,hen_f0177,train/20a_jpg.rf.efb7412e75db494685d5c7dd21d22fe8.jpg,"[47, 129, 104, 276]",1.0,hen_gt,hen_kandang
hidup/hen_f0179_42_JPG_jpg.rf.c360195e03950efb3263ac9d8694eccf_00.jpg,0,hidup,val,train,hen_f0179,train/42_JPG_jpg.rf.c360195e03950efb3263ac9d8694eccf.jpg,"[116, 59, 146, 142]",1.0,hen_gt,hen_kandang
hidup/hen_f0179_42_JPG_jpg.rf.c360195e03950efb3263ac9d8694eccf_01.jpg,0,hidup,val,train,hen_f0179,train/42_JPG_jpg.rf.c360195e03950efb3263ac9d8694eccf.jpg,"[153, 79, 180, 146]",1.0,hen_gt,hen_kandang
hidup/hen_f0179_42_JPG_jpg.rf.c360195e03950efb3263ac9d8694eccf_06.jpg,0,hidup,val,train,hen_f0179,train/42_JPG_jpg.rf.c360195e03950efb3263ac9d8694eccf.jpg,"[0, 263, 43, 320]",1.0,hen_gt,hen_kandang
hidup/hen_f0179_42_JPG_jpg.rf.c360195e03950efb3263ac9d8694eccf_07.jpg,0,hidup,val,train,hen_f0179,train/42_JPG_jpg.rf.c360195e03950efb3263ac9d8694eccf.jpg,"[17, 275, 61, 320]",1.0,hen_gt,hen_kandang
hidup/hen_f0180_IMG_20220513_172308_HHT_jpg.rf.785d661eb225ffd4249bcb179ec8dc7b_00.jpg,0,hidup,val,test,hen_f0180,test/IMG_20220513_172308_HHT_jpg.rf.785d661eb225ffd4249bcb179ec8dc7b.jpg,"[163, 238, 415, 369]",1.0,hen_gt,hen_kandang
hidup/hen_f0184_IMG_20220513_170719_HHT_jpg.rf.cd55ba85367222707d9fe6f186a01f6b_00.jpg,0,hidup,val,test,hen_f0184,test/IMG_20220513_170719_HHT_jpg.rf.cd55ba85367222707d9fe6f186a01f6b.jpg,"[238, 274, 396, 376]",1.0,hen_gt,hen_kandang
hidup/hen_f0185_6a_jpg.rf.6ab78aaeefa98f3644990a1019f34723_00.jpg,0,hidup,val,train,hen_f0185,train/6a_jpg.rf.6ab78aaeefa98f3644990a1019f34723.jpg,"[70, 13, 254, 298]",1.0,hen_gt,hen_kandang
hidup/hen_f0188_IMG_20220513_171837_HHT_jpg.rf.596fe8822cdf8c336dac7adf6a2bca46_00.jpg,0,hidup,val,train,hen_f0188,train/IMG_20220513_171837_HHT_jpg.rf.596fe8822cdf8c336dac7adf6a2bca46.jpg,"[228, 235, 403, 336]",1.0,hen_gt,hen_kandang
hidup/hen_f0189_93292270_MTEyNS0xNTAwLTA1NzM1ZTk3YzQ_jpg.rf.28a7592f0cad2478101f4beda8ef2669_00.jpg,0,hidup,val,train,hen_f0189,train/93292270_MTEyNS0xNTAwLTA1NzM1ZTk3YzQ_jpg.rf.28a7592f0cad2478101f4beda8ef2669.jpg,"[423, 324, 587, 549]",1.0,hen_gt,hen_kandang
hidup/hen_f0189_93292270_MTEyNS0xNTAwLTA1NzM1ZTk3YzQ_jpg.rf.28a7592f0cad2478101f4beda8ef2669_01.jpg,0,hidup,val,train,hen_f0189,train/93292270_MTEyNS0xNTAwLTA1NzM1ZTk3YzQ_jpg.rf.28a7592f0cad2478101f4beda8ef2669.jpg,"[65, 395, 236, 606]",1.0,hen_gt,hen_kandang
hidup/hen_f0189_93292270_MTEyNS0xNTAwLTA1NzM1ZTk3YzQ_jpg.rf.28a7592f0cad2478101f4beda8ef2669_02.jpg,0,hidup,val,train,hen_f0189,train/93292270_MTEyNS0xNTAwLTA1NzM1ZTk3YzQ_jpg.rf.28a7592f0cad2478101f4beda8ef2669.jpg,"[225, 320, 401, 458]",1.0,hen_gt,hen_kandang
hidup/hen_f0192_IMG_20220513_172315_HHT_jpg.rf.21cb9db676cfbc17f157d1fa7ac3b178_00.jpg,0,hidup,val,train,hen_f0192,train/IMG_20220513_172315_HHT_jpg.rf.21cb9db676cfbc17f157d1fa7ac3b178.jpg,"[169, 252, 406, 372]",1.0,hen_gt,hen_kandang
hidup/hen_f0201_IMG_20220513_172316_HHT_jpg.rf.03107f734f8c96833ae1a6621cedc0fe_00.jpg,0,hidup,val,train,hen_f0201,train/IMG_20220513_172316_HHT_jpg.rf.03107f734f8c96833ae1a6621cedc0fe.jpg,"[175, 242, 392, 356]",1.0,hen_gt,hen_kandang
hidup/hen_f0202_IMG_20220513_171318_HHT_jpg.rf.4191933268966989810a753b301f1dee_00.jpg,0,hidup,val,train,hen_f0202,train/IMG_20220513_171318_HHT_jpg.rf.4191933268966989810a753b301f1dee.jpg,"[230, 224, 392, 361]",1.0,hen_gt,hen_kandang
hidup/hen_f0212_IMG_20220513_172233_HHT_jpg.rf.0608d06da521a357414dde88365a39c7_00.jpg,0,hidup,val,train,hen_f0212,train/IMG_20220513_172233_HHT_jpg.rf.0608d06da521a357414dde88365a39c7.jpg,"[194, 247, 426, 388]",1.0,hen_gt,hen_kandang
hidup/hen_f0231_46_JPG_jpg.rf.7d05f11c7269ccc657e3caf611e40c6e_00.jpg,0,hidup,val,train,hen_f0231,train/46_JPG_jpg.rf.7d05f11c7269ccc657e3caf611e40c6e.jpg,"[131, 10, 162, 74]",1.0,hen_gt,hen_kandang
hidup/hen_f0231_46_JPG_jpg.rf.7d05f11c7269ccc657e3caf611e40c6e_03.jpg,0,hidup,val,train,hen_f0231,train/46_JPG_jpg.rf.7d05f11c7269ccc657e3caf611e40c6e.jpg,"[134, 59, 168, 106]",1.0,hen_gt,hen_kandang
hidup/hen_f0231_46_JPG_jpg.rf.7d05f11c7269ccc657e3caf611e40c6e_05.jpg,0,hidup,val,train,hen_f0231,train/46_JPG_jpg.rf.7d05f11c7269ccc657e3caf611e40c6e.jpg,"[156, 74, 201, 195]",1.0,hen_gt,hen_kandang
hidup/hen_f0231_46_JPG_jpg.rf.7d05f11c7269ccc657e3caf611e40c6e_06.jpg,0,hidup,val,train,hen_f0231,train/46_JPG_jpg.rf.7d05f11c7269ccc657e3caf611e40c6e.jpg,"[198, 103, 240, 182]",1.0,hen_gt,hen_kandang
hidup/hen_f0232_IMG_20220513_172303_HHT_jpg.rf.f22e41852371c3467f15199d5d083ed3_00.jpg,0,hidup,val,train,hen_f0232,train/IMG_20220513_172303_HHT_jpg.rf.f22e41852371c3467f15199d5d083ed3.jpg,"[202, 237, 451, 389]",1.0,hen_gt,hen_kandang
hidup/hen_f0237_IMG_20220303_085412_jpg.rf.609d3cb2fce5cff129c8cc25ceecf53d_00.jpg,0,hidup,val,train,hen_f0237,train/IMG_20220303_085412_jpg.rf.609d3cb2fce5cff129c8cc25ceecf53d.jpg,"[169, 176, 194, 238]",1.0,hen_gt,hen_kandang
hidup/hen_f0237_IMG_20220303_085412_jpg.rf.609d3cb2fce5cff129c8cc25ceecf53d_01.jpg,0,hidup,val,train,hen_f0237,train/IMG_20220303_085412_jpg.rf.609d3cb2fce5cff129c8cc25ceecf53d.jpg,"[215, 185, 254, 254]",1.0,hen_gt,hen_kandang
hidup/hen_f0237_IMG_20220303_085412_jpg.rf.609d3cb2fce5cff129c8cc25ceecf53d_02.jpg,0,hidup,val,train,hen_f0237,train/IMG_20220303_085412_jpg.rf.609d3cb2fce5cff129c8cc25ceecf53d.jpg,"[262, 197, 296, 256]",1.0,hen_gt,hen_kandang
hidup/hen_f0237_IMG_20220303_085412_jpg.rf.609d3cb2fce5cff129c8cc25ceecf53d_04.jpg,0,hidup,val,train,hen_f0237,train/IMG_20220303_085412_jpg.rf.609d3cb2fce5cff129c8cc25ceecf53d.jpg,"[106, 203, 168, 282]",1.0,hen_gt,hen_kandang
hidup/hen_f0247_images-98-_jpg.rf.050273a65e27e480c1883bc40ec4be60_00.jpg,0,hidup,val,train,hen_f0247,train/images-98-_jpg.rf.050273a65e27e480c1883bc40ec4be60.jpg,"[228, 159, 604, 640]",1.0,hen_gt,hen_kandang
hidup/hen_f0247_images-98-_jpg.rf.050273a65e27e480c1883bc40ec4be60_01.jpg,0,hidup,val,train,hen_f0247,train/images-98-_jpg.rf.050273a65e27e480c1883bc40ec4be60.jpg,"[108, 38, 432, 231]",1.0,hen_gt,hen_kandang
hidup/hen_f0247_images-98-_jpg.rf.050273a65e27e480c1883bc40ec4be60_02.jpg,0,hidup,val,train,hen_f0247,train/images-98-_jpg.rf.050273a65e27e480c1883bc40ec4be60.jpg,"[40, 0, 487, 88]",1.0,hen_gt,hen_kandang
hidup/hen_f0258_001_457_rb-image-2868448_jpeg_jpg.rf.0e7dd531a612a8a7df16978c47fcb9fb_00.jpg,0,hidup,val,train,hen_f0258,train/001_457_rb-image-2868448_jpeg_jpg.rf.0e7dd531a612a8a7df16978c47fcb9fb.jpg,"[180, 122, 569, 607]",1.0,hen_gt,hen_kandang
hidup/hen_f0264_IMG_5831_PNG_jpg.rf.29c773ab61b54909b624d81b2f295c0c_00.jpg,0,hidup,val,valid,hen_f0264,valid/IMG_5831_PNG_jpg.rf.29c773ab61b54909b624d81b2f295c0c.jpg,"[222, 63, 376, 582]",1.0,hen_gt,hen_kandang
hidup/hen_f0265_IMG_20220513_171424_HHT_jpg.rf.0269cfaace2b7a4e94f58b09d2b7cca8_00.jpg,0,hidup,val,train,hen_f0265,train/IMG_20220513_171424_HHT_jpg.rf.0269cfaace2b7a4e94f58b09d2b7cca8.jpg,"[142, 233, 390, 383]",1.0,hen_gt,hen_kandang
hidup/hen_f0272_IMG_20220303_085434_jpg.rf.839c95a4cfbca3eca7fa69b6970ff34e_012.jpg,0,hidup,val,train,hen_f0272,train/IMG_20220303_085434_jpg.rf.839c95a4cfbca3eca7fa69b6970ff34e.jpg,"[83, 88, 102, 132]",1.0,hen_gt,hen_kandang
hidup/hen_f0272_IMG_20220303_085434_jpg.rf.839c95a4cfbca3eca7fa69b6970ff34e_016.jpg,0,hidup,val,train,hen_f0272,train/IMG_20220303_085434_jpg.rf.839c95a4cfbca3eca7fa69b6970ff34e.jpg,"[74, 127, 97, 159]",1.0,hen_gt,hen_kandang
hidup/hen_f0272_IMG_20220303_085434_jpg.rf.839c95a4cfbca3eca7fa69b6970ff34e_05.jpg,0,hidup,val,train,hen_f0272,train/IMG_20220303_085434_jpg.rf.839c95a4cfbca3eca7fa69b6970ff34e.jpg,"[128, 36, 140, 80]",1.0,hen_gt,hen_kandang
hidup/hen_f0272_IMG_20220303_085434_jpg.rf.839c95a4cfbca3eca7fa69b6970ff34e_08.jpg,0,hidup,val,train,hen_f0272,train/IMG_20220303_085434_jpg.rf.839c95a4cfbca3eca7fa69b6970ff34e.jpg,"[100, 68, 120, 97]",1.0,hen_gt,hen_kandang
hidup/hen_f0277_IMG_5808_PNG_jpg.rf.1673522bb18af6042762a799f49d1196_00.jpg,0,hidup,val,train,hen_f0277,train/IMG_5808_PNG_jpg.rf.1673522bb18af6042762a799f49d1196.jpg,"[222, 122, 452, 583]",1.0,hen_gt,hen_kandang
hidup/hen_f0277_IMG_5808_PNG_jpg.rf.1673522bb18af6042762a799f49d1196_01.jpg,0,hidup,val,train,hen_f0277,train/IMG_5808_PNG_jpg.rf.1673522bb18af6042762a799f49d1196.jpg,"[454, 194, 548, 424]",1.0,hen_gt,hen_kandang
hidup/hen_f0277_IMG_5808_PNG_jpg.rf.1673522bb18af6042762a799f49d1196_02.jpg,0,hidup,val,train,hen_f0277,train/IMG_5808_PNG_jpg.rf.1673522bb18af6042762a799f49d1196.jpg,"[374, 209, 440, 391]",1.0,hen_gt,hen_kandang
hidup/hen_f0277_IMG_5808_PNG_jpg.rf.1673522bb18af6042762a799f49d1196_03.jpg,0,hidup,val,train,hen_f0277,train/IMG_5808_PNG_jpg.rf.1673522bb18af6042762a799f49d1196.jpg,"[44, 64, 168, 308]",1.0,hen_gt,hen_kandang
hidup/hen_f0286_IMG_5810_PNG_jpg.rf.30446695f3f12f4a4bdfdc0c0614d251_00.jpg,0,hidup,val,train,hen_f0286,train/IMG_5810_PNG_jpg.rf.30446695f3f12f4a4bdfdc0c0614d251.jpg,"[104, 324, 217, 557]",1.0,hen_gt,hen_kandang
hidup/hen_f0286_IMG_5810_PNG_jpg.rf.30446695f3f12f4a4bdfdc0c0614d251_01.jpg,0,hidup,val,train,hen_f0286,train/IMG_5810_PNG_jpg.rf.30446695f3f12f4a4bdfdc0c0614d251.jpg,"[285, 299, 481, 607]",1.0,hen_gt,hen_kandang
hidup/hen_f0287_Shutterstock_3790084a_jpg.rf.b51798ab5f8b9c4cb8d4ec1c1742ae7c_00.jpg,0,hidup,val,train,hen_f0287,train/Shutterstock_3790084a_jpg.rf.b51798ab5f8b9c4cb8d4ec1c1742ae7c.jpg,"[218, 75, 328, 309]",1.0,hen_gt,hen_kandang
hidup/hen_f0287_Shutterstock_3790084a_jpg.rf.b51798ab5f8b9c4cb8d4ec1c1742ae7c_01.jpg,0,hidup,val,train,hen_f0287,train/Shutterstock_3790084a_jpg.rf.b51798ab5f8b9c4cb8d4ec1c1742ae7c.jpg,"[0, 235, 163, 382]",1.0,hen_gt,hen_kandang
hidup/hen_f0289_IMG_5815_PNG_jpg.rf.b78b8055c0046a88974a52f18788ac14_00.jpg,0,hidup,val,train,hen_f0289,train/IMG_5815_PNG_jpg.rf.b78b8055c0046a88974a52f18788ac14.jpg,"[414, 119, 542, 386]",1.0,hen_gt,hen_kandang
hidup/hen_f0293_IMG_5829_PNG_jpg.rf.27739c93f5aafdeb0350f086d5f98da6_00.jpg,0,hidup,val,train,hen_f0293,train/IMG_5829_PNG_jpg.rf.27739c93f5aafdeb0350f086d5f98da6.jpg,"[257, 83, 422, 566]",1.0,hen_gt,hen_kandang
hidup/hen_f0295_001_572_IMG_crossbredweb-848x565_jpg.rf.43e8b582999cb0d15ed83183c2c4e416_00.jpg,0,hidup,val,valid,hen_f0295,valid/001_572_IMG_crossbredweb-848x565_jpg.rf.43e8b582999cb0d15ed83183c2c4e416.jpg,"[31, 34, 131, 183]",1.0,hen_gt,hen_kandang
hidup/hen_f0295_001_572_IMG_crossbredweb-848x565_jpg.rf.43e8b582999cb0d15ed83183c2c4e416_01.jpg,0,hidup,val,valid,hen_f0295,valid/001_572_IMG_crossbredweb-848x565_jpg.rf.43e8b582999cb0d15ed83183c2c4e416.jpg,"[326, 54, 442, 230]",1.0,hen_gt,hen_kandang
hidup/hen_f0295_001_572_IMG_crossbredweb-848x565_jpg.rf.43e8b582999cb0d15ed83183c2c4e416_04.jpg,0,hidup,val,valid,hen_f0295,valid/001_572_IMG_crossbredweb-848x565_jpg.rf.43e8b582999cb0d15ed83183c2c4e416.jpg,"[262, 197, 432, 508]",1.0,hen_gt,hen_kandang
hidup/hen_f0295_001_572_IMG_crossbredweb-848x565_jpg.rf.43e8b582999cb0d15ed83183c2c4e416_05.jpg,0,hidup,val,valid,hen_f0295,valid/001_572_IMG_crossbredweb-848x565_jpg.rf.43e8b582999cb0d15ed83183c2c4e416.jpg,"[321, 294, 525, 551]",1.0,hen_gt,hen_kandang
hidup/hen_f0308_IMG_5830_PNG_jpg.rf.3608f489630a8e31e091ae691b468ff5_00.jpg,0,hidup,val,train,hen_f0308,train/IMG_5830_PNG_jpg.rf.3608f489630a8e31e091ae691b468ff5.jpg,"[70, 432, 258, 608]",1.0,hen_gt,hen_kandang
hidup/hen_f0308_IMG_5830_PNG_jpg.rf.3608f489630a8e31e091ae691b468ff5_01.jpg,0,hidup,val,train,hen_f0308,train/IMG_5830_PNG_jpg.rf.3608f489630a8e31e091ae691b468ff5.jpg,"[465, 439, 562, 607]",1.0,hen_gt,hen_kandang
hidup/hen_f0311_download-1-_jpg.rf.51c9c6b15fc5a5af76e74af197ea7238_00.jpg,0,hidup,val,train,hen_f0311,train/download-1-_jpg.rf.51c9c6b15fc5a5af76e74af197ea7238.jpg,"[78, 106, 239, 410]",1.0,hen_gt,hen_kandang
hidup/hen_f0311_download-1-_jpg.rf.51c9c6b15fc5a5af76e74af197ea7238_01.jpg,0,hidup,val,train,hen_f0311,train/download-1-_jpg.rf.51c9c6b15fc5a5af76e74af197ea7238.jpg,"[257, 139, 420, 450]",1.0,hen_gt,hen_kandang
hidup/hen_f0316_broiler-chickens-shed-focus-single-immobile-leg-animal-welfare-stretched-AS-opencages_jpg.rf.aab369a49feb3e1e159ba95e6143804a_00.jpg,0,hidup,val,valid,hen_f0316,valid/broiler-chickens-shed-focus-single-immobile-leg-animal-welfare-stretched-AS-opencages_jpg.rf.aab369a49feb3e1e159ba95e6143804a.jpg,"[30, 86, 278, 418]",1.0,hen_gt,hen_kandang
hidup/hen_f0316_broiler-chickens-shed-focus-single-immobile-leg-animal-welfare-stretched-AS-opencages_jpg.rf.aab369a49feb3e1e159ba95e6143804a_01.jpg,0,hidup,val,valid,hen_f0316,valid/broiler-chickens-shed-focus-single-immobile-leg-animal-welfare-stretched-AS-opencages_jpg.rf.aab369a49feb3e1e159ba95e6143804a.jpg,"[97, 238, 492, 496]",1.0,hen_gt,hen_kandang
hidup/hen_f0324_download-4-_jpg.rf.b0d002ed95f561b385854af5623e37af_00.jpg,0,hidup,val,train,hen_f0324,train/download-4-_jpg.rf.b0d002ed95f561b385854af5623e37af.jpg,"[134, 178, 387, 577]",1.0,hen_gt,hen_kandang
hidup/hen_f0324_download-4-_jpg.rf.b0d002ed95f561b385854af5623e37af_01.jpg,0,hidup,val,train,hen_f0324,train/download-4-_jpg.rf.b0d002ed95f561b385854af5623e37af.jpg,"[221, 119, 428, 356]",1.0,hen_gt,hen_kandang
hidup/hen_f0324_download-4-_jpg.rf.b0d002ed95f561b385854af5623e37af_02.jpg,0,hidup,val,train,hen_f0324,train/download-4-_jpg.rf.b0d002ed95f561b385854af5623e37af.jpg,"[427, 142, 562, 396]",1.0,hen_gt,hen_kandang
hidup/hen_f0325_-22-_mp4-7_jpg.rf.84cf9aa98f596ed7aca6463c7e385e8e_00.jpg,0,hidup,val,train,hen_f0325,train/-22-_mp4-7_jpg.rf.84cf9aa98f596ed7aca6463c7e385e8e.jpg,"[223, 62, 472, 362]",1.0,hen_gt,hen_kandang
hidup/hen_f0325_-22-_mp4-7_jpg.rf.84cf9aa98f596ed7aca6463c7e385e8e_01.jpg,0,hidup,val,train,hen_f0325,train/-22-_mp4-7_jpg.rf.84cf9aa98f596ed7aca6463c7e385e8e.jpg,"[0, 12, 132, 252]",1.0,hen_gt,hen_kandang
hidup/hen_f0328_IMG_20220513_171244_HHT_jpg.rf.152195e19aacbc71119aaff6f10931c5_00.jpg,0,hidup,val,train,hen_f0328,train/IMG_20220513_171244_HHT_jpg.rf.152195e19aacbc71119aaff6f10931c5.jpg,"[228, 225, 414, 415]",1.0,hen_gt,hen_kandang
hidup/hen_f0330_IMG_20220513_171246_HHT_jpg.rf.49eb5bc588d00a1dd8e17fd27e34c96d_00.jpg,0,hidup,val,train,hen_f0330,train/IMG_20220513_171246_HHT_jpg.rf.49eb5bc588d00a1dd8e17fd27e34c96d.jpg,"[230, 219, 402, 409]",1.0,hen_gt,hen_kandang
hidup/hen_f0333_IMG_5805_PNG_jpg.rf.4a7562bddfd37ec52eab8a376241fbf8_00.jpg,0,hidup,val,train,hen_f0333,train/IMG_5805_PNG_jpg.rf.4a7562bddfd37ec52eab8a376241fbf8.jpg,"[337, 88, 470, 416]",1.0,hen_gt,hen_kandang
hidup/hen_f0333_IMG_5805_PNG_jpg.rf.4a7562bddfd37ec52eab8a376241fbf8_01.jpg,0,hidup,val,train,hen_f0333,train/IMG_5805_PNG_jpg.rf.4a7562bddfd37ec52eab8a376241fbf8.jpg,"[185, 182, 371, 607]",1.0,hen_gt,hen_kandang
hidup/hen_f0334_IMG_20220513_171449_HHT_jpg.rf.33decedac3cc414681a60d334335a37b_00.jpg,0,hidup,val,train,hen_f0334,train/IMG_20220513_171449_HHT_jpg.rf.33decedac3cc414681a60d334335a37b.jpg,"[220, 234, 373, 403]",1.0,hen_gt,hen_kandang
hidup/hen_f0342_IMG_20220303_085132_jpg.rf.1c8bd7ae0794a9e6771019bf4c0e9777_016.jpg,0,hidup,val,train,hen_f0342,train/IMG_20220303_085132_jpg.rf.1c8bd7ae0794a9e6771019bf4c0e9777.jpg,"[207, 129, 240, 150]",1.0,hen_gt,hen_kandang
hidup/hen_f0342_IMG_20220303_085132_jpg.rf.1c8bd7ae0794a9e6771019bf4c0e9777_055.jpg,0,hidup,val,train,hen_f0342,train/IMG_20220303_085132_jpg.rf.1c8bd7ae0794a9e6771019bf4c0e9777.jpg,"[78, 265, 131, 300]",1.0,hen_gt,hen_kandang
hidup/hen_f0342_IMG_20220303_085132_jpg.rf.1c8bd7ae0794a9e6771019bf4c0e9777_06.jpg,0,hidup,val,train,hen_f0342,train/IMG_20220303_085132_jpg.rf.1c8bd7ae0794a9e6771019bf4c0e9777.jpg,"[107, 112, 126, 126]",1.0,hen_gt,hen_kandang
hidup/hen_f0342_IMG_20220303_085132_jpg.rf.1c8bd7ae0794a9e6771019bf4c0e9777_087.jpg,0,hidup,val,train,hen_f0342,train/IMG_20220303_085132_jpg.rf.1c8bd7ae0794a9e6771019bf4c0e9777.jpg,"[181, 46, 196, 60]",1.0,hen_gt,hen_kandang
hidup/hen_f0349_IMG_20220513_171251_HHT_jpg.rf.427c5eef88b34cab8a006fd35a99052e_00.jpg,0,hidup,val,train,hen_f0349,train/IMG_20220513_171251_HHT_jpg.rf.427c5eef88b34cab8a006fd35a99052e.jpg,"[202, 231, 458, 371]",1.0,hen_gt,hen_kandang
hidup/hen_f0350_IMG_5806_PNG_jpg.rf.bd0f5295180ea15644c422c099569663_00.jpg,0,hidup,val,train,hen_f0350,train/IMG_5806_PNG_jpg.rf.bd0f5295180ea15644c422c099569663.jpg,"[290, 123, 429, 444]",1.0,hen_gt,hen_kandang
hidup/hen_f0350_IMG_5806_PNG_jpg.rf.bd0f5295180ea15644c422c099569663_01.jpg,0,hidup,val,train,hen_f0350,train/IMG_5806_PNG_jpg.rf.bd0f5295180ea15644c422c099569663.jpg,"[55, 139, 166, 427]",1.0,hen_gt,hen_kandang
hidup/hen_f0360_chicks-white-broiler-chicken-chicks-white-broiler-chicken-poultry-farm-raised-to-generate-revenue-sale-223232732_jpg.rf.bacfe348da5e814a62bca05df9241421_00.jpg,0,hidup,val,train,hen_f0360,train/chicks-white-broiler-chicken-chicks-white-broiler-chicken-poultry-farm-raised-to-generate-revenue-sale-223232732_jpg.rf.bacfe348da5e814a62bca05df9241421.jpg,"[409, 0, 607, 301]",1.0,hen_gt,hen_kandang
hidup/hen_f0360_chicks-white-broiler-chicken-chicks-white-broiler-chicken-poultry-farm-raised-to-generate-revenue-sale-223232732_jpg.rf.bacfe348da5e814a62bca05df9241421_01.jpg,0,hidup,val,train,hen_f0360,train/chicks-white-broiler-chicken-chicks-white-broiler-chicken-poultry-farm-raised-to-generate-revenue-sale-223232732_jpg.rf.bacfe348da5e814a62bca05df9241421.jpg,"[160, 86, 400, 548]",1.0,hen_gt,hen_kandang
hidup/hen_f0360_chicks-white-broiler-chicken-chicks-white-broiler-chicken-poultry-farm-raised-to-generate-revenue-sale-223232732_jpg.rf.bacfe348da5e814a62bca05df9241421_02.jpg,0,hidup,val,train,hen_f0360,train/chicks-white-broiler-chicken-chicks-white-broiler-chicken-poultry-farm-raised-to-generate-revenue-sale-223232732_jpg.rf.bacfe348da5e814a62bca05df9241421.jpg,"[11, 345, 293, 608]",1.0,hen_gt,hen_kandang
hidup/hen_f0365_download-2-_jpg.rf.0b9c977c2823bc83a31be37832bdd005_01.jpg,0,hidup,val,test,hen_f0365,test/download-2-_jpg.rf.0b9c977c2823bc83a31be37832bdd005.jpg,"[336, 334, 416, 563]",1.0,hen_gt,hen_kandang
hidup/hen_f0365_download-2-_jpg.rf.0b9c977c2823bc83a31be37832bdd005_02.jpg,0,hidup,val,test,hen_f0365,test/download-2-_jpg.rf.0b9c977c2823bc83a31be37832bdd005.jpg,"[233, 338, 307, 588]",1.0,hen_gt,hen_kandang
hidup/hen_f0365_download-2-_jpg.rf.0b9c977c2823bc83a31be37832bdd005_04.jpg,0,hidup,val,test,hen_f0365,test/download-2-_jpg.rf.0b9c977c2823bc83a31be37832bdd005.jpg,"[430, 63, 504, 195]",1.0,hen_gt,hen_kandang
hidup/hen_f0365_download-2-_jpg.rf.0b9c977c2823bc83a31be37832bdd005_07.jpg,0,hidup,val,test,hen_f0365,test/download-2-_jpg.rf.0b9c977c2823bc83a31be37832bdd005.jpg,"[431, 214, 485, 438]",1.0,hen_gt,hen_kandang
hidup/hen_f0369_IMG_20220513_171324_HHT_jpg.rf.539d9611c92b3aca462f3d5931ad2b13_00.jpg,0,hidup,val,train,hen_f0369,train/IMG_20220513_171324_HHT_jpg.rf.539d9611c92b3aca462f3d5931ad2b13.jpg,"[220, 222, 394, 359]",1.0,hen_gt,hen_kandang
hidup/hen_f0372_broiler-1-_jpg.rf.26c7d5e40f5ca434fbbe4b4b73bf668b_00.jpg,0,hidup,val,train,hen_f0372,train/broiler-1-_jpg.rf.26c7d5e40f5ca434fbbe4b4b73bf668b.jpg,"[414, 90, 499, 162]",1.0,hen_gt,hen_kandang
hidup/hen_f0372_broiler-1-_jpg.rf.26c7d5e40f5ca434fbbe4b4b73bf668b_01.jpg,0,hidup,val,train,hen_f0372,train/broiler-1-_jpg.rf.26c7d5e40f5ca434fbbe4b4b73bf668b.jpg,"[432, 126, 544, 211]",1.0,hen_gt,hen_kandang
hidup/hen_f0372_broiler-1-_jpg.rf.26c7d5e40f5ca434fbbe4b4b73bf668b_02.jpg,0,hidup,val,train,hen_f0372,train/broiler-1-_jpg.rf.26c7d5e40f5ca434fbbe4b4b73bf668b.jpg,"[159, 202, 297, 298]",1.0,hen_gt,hen_kandang
hidup/hen_f0372_broiler-1-_jpg.rf.26c7d5e40f5ca434fbbe4b4b73bf668b_04.jpg,0,hidup,val,train,hen_f0372,train/broiler-1-_jpg.rf.26c7d5e40f5ca434fbbe4b4b73bf668b.jpg,"[0, 476, 170, 607]",1.0,hen_gt,hen_kandang
hidup/hen_f0375_IMG_20220513_171343_HHT_jpg.rf.710f77cce0c778f89b663f2e15508413_00.jpg,0,hidup,val,train,hen_f0375,train/IMG_20220513_171343_HHT_jpg.rf.710f77cce0c778f89b663f2e15508413.jpg,"[242, 263, 418, 371]",1.0,hen_gt,hen_kandang
hidup/hen_f0381_scene01141_png_jpg.rf.ecdf72e45d9190f79fea5863791acef4_03.jpg,0,hidup,val,train,hen_f0381,train/scene01141_png_jpg.rf.ecdf72e45d9190f79fea5863791acef4.jpg,"[116, 239, 170, 320]",1.0,hen_gt,hen_kandang
hidup/hen_f0381_scene01141_png_jpg.rf.ecdf72e45d9190f79fea5863791acef4_04.jpg,0,hidup,val,train,hen_f0381,train/scene01141_png_jpg.rf.ecdf72e45d9190f79fea5863791acef4.jpg,"[169, 168, 220, 320]",1.0,hen_gt,hen_kandang
hidup/hen_f0381_scene01141_png_jpg.rf.ecdf72e45d9190f79fea5863791acef4_05.jpg,0,hidup,val,train,hen_f0381,train/scene01141_png_jpg.rf.ecdf72e45d9190f79fea5863791acef4.jpg,"[211, 142, 275, 302]",1.0,hen_gt,hen_kandang
hidup/hen_f0381_scene01141_png_jpg.rf.ecdf72e45d9190f79fea5863791acef4_06.jpg,0,hidup,val,train,hen_f0381,train/scene01141_png_jpg.rf.ecdf72e45d9190f79fea5863791acef4.jpg,"[191, 21, 310, 153]",1.0,hen_gt,hen_kandang
hidup/hen_f0384_IMG_20220513_171420_HHT_jpg.rf.444ce9d1f8ebd3db45b6e192a4d04bd4_00.jpg,0,hidup,val,train,hen_f0384,train/IMG_20220513_171420_HHT_jpg.rf.444ce9d1f8ebd3db45b6e192a4d04bd4.jpg,"[224, 239, 377, 357]",1.0,hen_gt,hen_kandang
hidup/hen_f0385_IMG_20220513_171328_HHT_jpg.rf.63381a0f0684d5bf2260a9fd94e210cf_00.jpg,0,hidup,val,train,hen_f0385,train/IMG_20220513_171328_HHT_jpg.rf.63381a0f0684d5bf2260a9fd94e210cf.jpg,"[212, 240, 359, 383]",1.0,hen_gt,hen_kandang
hidup/hen_f0386_IMG_20220513_171359_HHT_jpg.rf.1d18ecb34cbc1687d4c81f96a9f0b6af_00.jpg,0,hidup,val,train,hen_f0386,train/IMG_20220513_171359_HHT_jpg.rf.1d18ecb34cbc1687d4c81f96a9f0b6af.jpg,"[280, 248, 410, 360]",1.0,hen_gt,hen_kandang
hidup/hen_f0392_telechargement-11-_jpg.rf.05cf6eb1ad93a3d12e3bde3a66706b55_01.jpg,0,hidup,val,train,hen_f0392,train/telechargement-11-_jpg.rf.05cf6eb1ad93a3d12e3bde3a66706b55.jpg,"[141, 212, 249, 383]",1.0,hen_gt,hen_kandang
hidup/hen_f0392_telechargement-11-_jpg.rf.05cf6eb1ad93a3d12e3bde3a66706b55_03.jpg,0,hidup,val,train,hen_f0392,train/telechargement-11-_jpg.rf.05cf6eb1ad93a3d12e3bde3a66706b55.jpg,"[387, 227, 502, 491]",1.0,hen_gt,hen_kandang
hidup/hen_f0392_telechargement-11-_jpg.rf.05cf6eb1ad93a3d12e3bde3a66706b55_04.jpg,0,hidup,val,train,hen_f0392,train/telechargement-11-_jpg.rf.05cf6eb1ad93a3d12e3bde3a66706b55.jpg,"[431, 160, 516, 232]",1.0,hen_gt,hen_kandang
hidup/hen_f0392_telechargement-11-_jpg.rf.05cf6eb1ad93a3d12e3bde3a66706b55_05.jpg,0,hidup,val,train,hen_f0392,train/telechargement-11-_jpg.rf.05cf6eb1ad93a3d12e3bde3a66706b55.jpg,"[521, 165, 578, 317]",1.0,hen_gt,hen_kandang
hidup/hen_f0393_IMG_20220513_171357_HHT_jpg.rf.722c5c661bac49ec10abeb40db91993e_00.jpg,0,hidup,val,train,hen_f0393,train/IMG_20220513_171357_HHT_jpg.rf.722c5c661bac49ec10abeb40db91993e.jpg,"[262, 257, 377, 359]",1.0,hen_gt,hen_kandang
hidup/hen_f0400_deceased-chickens-at-poultry-ranch-B973FY-1-_jpg.rf.3f41eb876daa820ad494b75c79f4eeb8_00.jpg,0,hidup,val,train,hen_f0400,train/deceased-chickens-at-poultry-ranch-B973FY-1-_jpg.rf.3f41eb876daa820ad494b75c79f4eeb8.jpg,"[365, 48, 448, 162]",1.0,hen_gt,hen_kandang
hidup/hen_f0400_deceased-chickens-at-poultry-ranch-B973FY-1-_jpg.rf.3f41eb876daa820ad494b75c79f4eeb8_02.jpg,0,hidup,val,train,hen_f0400,train/deceased-chickens-at-poultry-ranch-B973FY-1-_jpg.rf.3f41eb876daa820ad494b75c79f4eeb8.jpg,"[251, 116, 359, 243]",1.0,hen_gt,hen_kandang
hidup/hen_f0400_deceased-chickens-at-poultry-ranch-B973FY-1-_jpg.rf.3f41eb876daa820ad494b75c79f4eeb8_03.jpg,0,hidup,val,train,hen_f0400,train/deceased-chickens-at-poultry-ranch-B973FY-1-_jpg.rf.3f41eb876daa820ad494b75c79f4eeb8.jpg,"[497, 158, 607, 306]",1.0,hen_gt,hen_kandang
hidup/hen_f0400_deceased-chickens-at-poultry-ranch-B973FY-1-_jpg.rf.3f41eb876daa820ad494b75c79f4eeb8_06.jpg,0,hidup,val,train,hen_f0400,train/deceased-chickens-at-poultry-ranch-B973FY-1-_jpg.rf.3f41eb876daa820ad494b75c79f4eeb8.jpg,"[192, 0, 292, 99]",1.0,hen_gt,hen_kandang
hidup/hen_f0401_IMG_5793_JPG_jpg.rf.221665f75da3f083b26d593f8c1099fa_00.jpg,0,hidup,val,train,hen_f0401,train/IMG_5793_JPG_jpg.rf.221665f75da3f083b26d593f8c1099fa.jpg,"[106, 461, 246, 593]",1.0,hen_gt,hen_kandang
hidup/hen_f0403_images-92-_jpg.rf.0bc3d319b963fa5aab67a1be8c6d3e14_00.jpg,0,hidup,val,train,hen_f0403,train/images-92-_jpg.rf.0bc3d319b963fa5aab67a1be8c6d3e14.jpg,"[296, 289, 466, 640]",1.0,hen_gt,hen_kandang
hidup/hen_f0403_images-92-_jpg.rf.0bc3d319b963fa5aab67a1be8c6d3e14_01.jpg,0,hidup,val,train,hen_f0403,train/images-92-_jpg.rf.0bc3d319b963fa5aab67a1be8c6d3e14.jpg,"[489, 397, 606, 614]",1.0,hen_gt,hen_kandang
hidup/hen_f0404_download_jpg.rf.1dbb01b550bb2521e79c7c81bd7d481a_00.jpg,0,hidup,val,train,hen_f0404,train/download_jpg.rf.1dbb01b550bb2521e79c7c81bd7d481a.jpg,"[0, 25, 485, 607]",1.0,hen_gt,hen_kandang
hidup/hen_f0414_scene00801_png_jpg.rf.ee21c5bca33b6e939fb37efb916d5602_00.jpg,0,hidup,val,train,hen_f0414,train/scene00801_png_jpg.rf.ee21c5bca33b6e939fb37efb916d5602.jpg,"[44, 162, 78, 244]",1.0,hen_gt,hen_kandang
hidup/hen_f0414_scene00801_png_jpg.rf.ee21c5bca33b6e939fb37efb916d5602_01.jpg,0,hidup,val,train,hen_f0414,train/scene00801_png_jpg.rf.ee21c5bca33b6e939fb37efb916d5602.jpg,"[78, 173, 126, 250]",1.0,hen_gt,hen_kandang
hidup/hen_f0414_scene00801_png_jpg.rf.ee21c5bca33b6e939fb37efb916d5602_02.jpg,0,hidup,val,train,hen_f0414,train/scene00801_png_jpg.rf.ee21c5bca33b6e939fb37efb916d5602.jpg,"[232, 147, 300, 320]",1.0,hen_gt,hen_kandang
hidup/hen_f0414_scene00801_png_jpg.rf.ee21c5bca33b6e939fb37efb916d5602_03.jpg,0,hidup,val,train,hen_f0414,train/scene00801_png_jpg.rf.ee21c5bca33b6e939fb37efb916d5602.jpg,"[193, 9, 264, 144]",1.0,hen_gt,hen_kandang
hidup/hen_f0415_IMG_20220303_090340_jpg.rf.61ac85d433d777abfb1fadf35c43ac92_00.jpg,0,hidup,val,train,hen_f0415,train/IMG_20220303_090340_jpg.rf.61ac85d433d777abfb1fadf35c43ac92.jpg,"[247, 156, 284, 190]",1.0,hen_gt,hen_kandang
hidup/hen_f0415_IMG_20220303_090340_jpg.rf.61ac85d433d777abfb1fadf35c43ac92_01.jpg,0,hidup,val,train,hen_f0415,train/IMG_20220303_090340_jpg.rf.61ac85d433d777abfb1fadf35c43ac92.jpg,"[119, 95, 238, 254]",1.0,hen_gt,hen_kandang
hidup/hen_f0417_h23_jpg.rf.d0198d0dd185819f98448a4c38c0b41d_00.jpg,0,hidup,val,train,hen_f0417,train/h23_jpg.rf.d0198d0dd185819f98448a4c38c0b41d.jpg,"[114, 60, 216, 282]",1.0,hen_gt,hen_kandang
hidup/hen_f0417_h23_jpg.rf.d0198d0dd185819f98448a4c38c0b41d_01.jpg,0,hidup,val,train,hen_f0417,train/h23_jpg.rf.d0198d0dd185819f98448a4c38c0b41d.jpg,"[102, 6, 208, 102]",1.0,hen_gt,hen_kandang
hidup/hen_f0418_IMG_5817_PNG_jpg.rf.aa9db7a3e7abffa1b6e4f060498b856b_00.jpg,0,hidup,val,train,hen_f0418,train/IMG_5817_PNG_jpg.rf.aa9db7a3e7abffa1b6e4f060498b856b.jpg,"[0, 0, 520, 607]",1.0,hen_gt,hen_kandang
hidup/hen_f0424_telechargement-2-_jpg.rf.07d4a630157600aadee923433a3a7523_00.jpg,0,hidup,val,train,hen_f0424,train/telechargement-2-_jpg.rf.07d4a630157600aadee923433a3a7523.jpg,"[199, 24, 476, 358]",1.0,hen_gt,hen_kandang
hidup/hen_f0424_telechargement-2-_jpg.rf.07d4a630157600aadee923433a3a7523_01.jpg,0,hidup,val,train,hen_f0424,train/telechargement-2-_jpg.rf.07d4a630157600aadee923433a3a7523.jpg,"[507, 133, 640, 601]",1.0,hen_gt,hen_kandang
hidup/hen_f0425_telechargement-12-_jpg.rf.0071deb85c0b3ea74f63974b65dbc4b6_00.jpg,0,hidup,val,train,hen_f0425,train/telechargement-12-_jpg.rf.0071deb85c0b3ea74f63974b65dbc4b6.jpg,"[6, 232, 119, 491]",1.0,hen_gt,hen_kandang
hidup/hen_f0425_telechargement-12-_jpg.rf.0071deb85c0b3ea74f63974b65dbc4b6_01.jpg,0,hidup,val,train,hen_f0425,train/telechargement-12-_jpg.rf.0071deb85c0b3ea74f63974b65dbc4b6.jpg,"[102, 302, 224, 558]",1.0,hen_gt,hen_kandang
hidup/hen_f0425_telechargement-12-_jpg.rf.0071deb85c0b3ea74f63974b65dbc4b6_02.jpg,0,hidup,val,train,hen_f0425,train/telechargement-12-_jpg.rf.0071deb85c0b3ea74f63974b65dbc4b6.jpg,"[209, 250, 337, 550]",1.0,hen_gt,hen_kandang
hidup/hen_f0425_telechargement-12-_jpg.rf.0071deb85c0b3ea74f63974b65dbc4b6_04.jpg,0,hidup,val,train,hen_f0425,train/telechargement-12-_jpg.rf.0071deb85c0b3ea74f63974b65dbc4b6.jpg,"[337, 349, 568, 640]",1.0,hen_gt,hen_kandang
hidup/hen_f0427_IMG_20220513_171441_HHT_jpg.rf.37acb65eefb106d97f2938525e298bd4_00.jpg,0,hidup,val,test,hen_f0427,test/IMG_20220513_171441_HHT_jpg.rf.37acb65eefb106d97f2938525e298bd4.jpg,"[193, 253, 414, 405]",1.0,hen_gt,hen_kandang
hidup/hen_f0428_IMG_20220303_085343_jpg.rf.c743cc1dd390006d929f15e80013c87f_00.jpg,0,hidup,val,train,hen_f0428,train/IMG_20220303_085343_jpg.rf.c743cc1dd390006d929f15e80013c87f.jpg,"[115, 122, 298, 195]",1.0,hen_gt,hen_kandang
hidup/hen_f0428_IMG_20220303_085343_jpg.rf.c743cc1dd390006d929f15e80013c87f_04.jpg,0,hidup,val,train,hen_f0428,train/IMG_20220303_085343_jpg.rf.c743cc1dd390006d929f15e80013c87f.jpg,"[93, 217, 228, 286]",1.0,hen_gt,hen_kandang
hidup/hen_f0428_IMG_20220303_085343_jpg.rf.c743cc1dd390006d929f15e80013c87f_05.jpg,0,hidup,val,train,hen_f0428,train/IMG_20220303_085343_jpg.rf.c743cc1dd390006d929f15e80013c87f.jpg,"[0, 254, 67, 306]",1.0,hen_gt,hen_kandang
hidup/hen_f0428_IMG_20220303_085343_jpg.rf.c743cc1dd390006d929f15e80013c87f_06.jpg,0,hidup,val,train,hen_f0428,train/IMG_20220303_085343_jpg.rf.c743cc1dd390006d929f15e80013c87f.jpg,"[19, 17, 169, 65]",1.0,hen_gt,hen_kandang
hidup/hen_f0430_IMG_20220513_171141_HHT_jpg.rf.35967fd19f55efdcc771810757fe9412_00.jpg,0,hidup,val,train,hen_f0430,train/IMG_20220513_171141_HHT_jpg.rf.35967fd19f55efdcc771810757fe9412.jpg,"[218, 213, 430, 371]",1.0,hen_gt,hen_kandang
hidup/hen_f0431_IMG_20220513_171429_HHT_jpg.rf.7664d6f6c7b50358b7b5acc53000fcbb_00.jpg,0,hidup,val,valid,hen_f0431,valid/IMG_20220513_171429_HHT_jpg.rf.7664d6f6c7b50358b7b5acc53000fcbb.jpg,"[161, 269, 418, 400]",1.0,hen_gt,hen_kandang
hidup/hen_f0435_images-14-_jpg.rf.7512e08d20e88675130bf77b286a64b0_00.jpg,0,hidup,val,train,hen_f0435,train/images-14-_jpg.rf.7512e08d20e88675130bf77b286a64b0.jpg,"[46, 160, 214, 348]",1.0,hen_gt,hen_kandang
hidup/hen_f0436_IMG_20220513_171434_HHT_jpg.rf.1676917115d4c2db6179c17ca3be671b_00.jpg,0,hidup,val,train,hen_f0436,train/IMG_20220513_171434_HHT_jpg.rf.1676917115d4c2db6179c17ca3be671b.jpg,"[210, 228, 394, 360]",1.0,hen_gt,hen_kandang
hidup/hen_f0442_IMG_20220303_085632_jpg.rf.d11fea180bc9b9f43269424e0db13342_02.jpg,0,hidup,val,train,hen_f0442,train/IMG_20220303_085632_jpg.rf.d11fea180bc9b9f43269424e0db13342.jpg,"[41, 27, 76, 48]",1.0,hen_gt,hen_kandang
hidup/hen_f0442_IMG_20220303_085632_jpg.rf.d11fea180bc9b9f43269424e0db13342_05.jpg,0,hidup,val,train,hen_f0442,train/IMG_20220303_085632_jpg.rf.d11fea180bc9b9f43269424e0db13342.jpg,"[1, 51, 59, 86]",1.0,hen_gt,hen_kandang
hidup/hen_f0442_IMG_20220303_085632_jpg.rf.d11fea180bc9b9f43269424e0db13342_06.jpg,0,hidup,val,train,hen_f0442,train/IMG_20220303_085632_jpg.rf.d11fea180bc9b9f43269424e0db13342.jpg,"[133, 41, 265, 115]",1.0,hen_gt,hen_kandang
hidup/hen_f0442_IMG_20220303_085632_jpg.rf.d11fea180bc9b9f43269424e0db13342_08.jpg,0,hidup,val,train,hen_f0442,train/IMG_20220303_085632_jpg.rf.d11fea180bc9b9f43269424e0db13342.jpg,"[276, 44, 320, 141]",1.0,hen_gt,hen_kandang
hidup/hen_f0443_images-2023-03-16T145430-290_jpg.rf.11190d310274e75355517fc56db21bca_00.jpg,0,hidup,val,train,hen_f0443,train/images-2023-03-16T145430-290_jpg.rf.11190d310274e75355517fc56db21bca.jpg,"[107, 80, 634, 640]",1.0,hen_gt,hen_kandang
hidup/hen_f0450_scene01521_png_jpg.rf.7823fbe825c8e24f01267d515d918746_041.jpg,0,hidup,val,train,hen_f0450,train/scene01521_png_jpg.rf.7823fbe825c8e24f01267d515d918746.jpg,"[163, 78, 176, 92]",1.0,hen_gt,hen_kandang
hidup/hen_f0450_scene01521_png_jpg.rf.7823fbe825c8e24f01267d515d918746_042.jpg,0,hidup,val,train,hen_f0450,train/scene01521_png_jpg.rf.7823fbe825c8e24f01267d515d918746.jpg,"[163, 95, 180, 108]",1.0,hen_gt,hen_kandang
hidup/hen_f0450_scene01521_png_jpg.rf.7823fbe825c8e24f01267d515d918746_043.jpg,0,hidup,val,train,hen_f0450,train/scene01521_png_jpg.rf.7823fbe825c8e24f01267d515d918746.jpg,"[221, 7, 238, 32]",1.0,hen_gt,hen_kandang
hidup/hen_f0450_scene01521_png_jpg.rf.7823fbe825c8e24f01267d515d918746_045.jpg,0,hidup,val,train,hen_f0450,train/scene01521_png_jpg.rf.7823fbe825c8e24f01267d515d918746.jpg,"[114, 172, 128, 190]",1.0,hen_gt,hen_kandang
hidup/hen_f0451_IMG_20220513_170931_HHT_jpg.rf.0612e96a3159d664ec154f12951968ec_00.jpg,0,hidup,val,train,hen_f0451,train/IMG_20220513_170931_HHT_jpg.rf.0612e96a3159d664ec154f12951968ec.jpg,"[224, 237, 398, 334]",1.0,hen_gt,hen_kandang
hidup/hen_f0455_images-2023-03-16T144721-161_jpg.rf.0fa7ccbe38c37401fee56dabbc4b6fe6_00.jpg,0,hidup,val,train,hen_f0455,train/images-2023-03-16T144721-161_jpg.rf.0fa7ccbe38c37401fee56dabbc4b6fe6.jpg,"[157, 44, 504, 592]",1.0,hen_gt,hen_kandang
hidup/hen_f0456_IMG_5809_PNG_jpg.rf.cf067feaacb4a9786f7884693cd1d663_00.jpg,0,hidup,val,train,hen_f0456,train/IMG_5809_PNG_jpg.rf.cf067feaacb4a9786f7884693cd1d663.jpg,"[240, 189, 500, 580]",1.0,hen_gt,hen_kandang
hidup/hen_f0458_IMG20220702135309_jpg.rf.25450c58bb359d892c7e791730f4cde3_00.jpg,0,hidup,val,train,hen_f0458,train/IMG20220702135309_jpg.rf.25450c58bb359d892c7e791730f4cde3.jpg,"[166, 123, 521, 568]",1.0,hen_gt,hen_kandang
hidup/hen_f0461_0465utth-640_jpg.rf.66e20fe6e18f7cb637ee2492035a81cb_00.jpg,0,hidup,val,train,hen_f0461,train/0465utth-640_jpg.rf.66e20fe6e18f7cb637ee2492035a81cb.jpg,"[407, 122, 563, 420]",1.0,hen_gt,hen_kandang
hidup/hen_f0463_IMG20220702135304_jpg.rf.278d49ef0bdb00f35798d047ebf92df8_00.jpg,0,hidup,val,train,hen_f0463,train/IMG20220702135304_jpg.rf.278d49ef0bdb00f35798d047ebf92df8.jpg,"[198, 192, 456, 563]",1.0,hen_gt,hen_kandang
hidup/hen_f0466_IMG_20220513_171536_HHT_jpg.rf.4c2084ea5ab933820cf6e92b0ded8a1e_00.jpg,0,hidup,val,train,hen_f0466,train/IMG_20220513_171536_HHT_jpg.rf.4c2084ea5ab933820cf6e92b0ded8a1e.jpg,"[248, 278, 360, 372]",1.0,hen_gt,hen_kandang
hidup/hen_f0474_IMG_20220513_171746_HHT_jpg.rf.7019f1c7cb513a494b78c2c84708b2dc_00.jpg,0,hidup,val,train,hen_f0474,train/IMG_20220513_171746_HHT_jpg.rf.7019f1c7cb513a494b78c2c84708b2dc.jpg,"[228, 223, 411, 355]",1.0,hen_gt,hen_kandang
hidup/hen_f0475_IMG_20220513_171104_HHT_jpg.rf.a1ab2eb3068d5695db9086325171960a_00.jpg,0,hidup,val,train,hen_f0475,train/IMG_20220513_171104_HHT_jpg.rf.a1ab2eb3068d5695db9086325171960a.jpg,"[209, 120, 354, 266]",1.0,hen_gt,hen_kandang
hidup/hen_f0476_images-41-_jpg.rf.f3b3941c272db9687062943ccec66362_00.jpg,0,hidup,val,train,hen_f0476,train/images-41-_jpg.rf.f3b3941c272db9687062943ccec66362.jpg,"[41, 27, 605, 640]",1.0,hen_gt,hen_kandang
hidup/hen_f0477_7306607-broilers-on-litter_jpg.rf.02757e84c9e812a0d40c4d8feb4d8432_00.jpg,0,hidup,val,train,hen_f0477,train/7306607-broilers-on-litter_jpg.rf.02757e84c9e812a0d40c4d8feb4d8432.jpg,"[279, 424, 337, 492]",1.0,hen_gt,hen_kandang
hidup/hen_f0477_7306607-broilers-on-litter_jpg.rf.02757e84c9e812a0d40c4d8feb4d8432_04.jpg,0,hidup,val,train,hen_f0477,train/7306607-broilers-on-litter_jpg.rf.02757e84c9e812a0d40c4d8feb4d8432.jpg,"[6, 480, 66, 607]",1.0,hen_gt,hen_kandang
hidup/hen_f0477_7306607-broilers-on-litter_jpg.rf.02757e84c9e812a0d40c4d8feb4d8432_05.jpg,0,hidup,val,train,hen_f0477,train/7306607-broilers-on-litter_jpg.rf.02757e84c9e812a0d40c4d8feb4d8432.jpg,"[326, 504, 399, 606]",1.0,hen_gt,hen_kandang
hidup/hen_f0477_7306607-broilers-on-litter_jpg.rf.02757e84c9e812a0d40c4d8feb4d8432_06.jpg,0,hidup,val,train,hen_f0477,train/7306607-broilers-on-litter_jpg.rf.02757e84c9e812a0d40c4d8feb4d8432.jpg,"[285, 549, 359, 607]",1.0,hen_gt,hen_kandang
hidup/hen_f0482_IMG_20220513_171742_HHT_jpg.rf.350009019c4003f2c83694ff671b6afb_00.jpg,0,hidup,val,train,hen_f0482,train/IMG_20220513_171742_HHT_jpg.rf.350009019c4003f2c83694ff671b6afb.jpg,"[242, 208, 399, 347]",1.0,hen_gt,hen_kandang
hidup/hen_f0483_-30-_mp4-9_jpg.rf.ad4cf00d525b30830519dc8e7ac0bc59_01.jpg,0,hidup,val,train,hen_f0483,train/-30-_mp4-9_jpg.rf.ad4cf00d525b30830519dc8e7ac0bc59.jpg,"[58, 299, 216, 592]",1.0,hen_gt,hen_kandang
hidup/hen_f0483_-30-_mp4-9_jpg.rf.ad4cf00d525b30830519dc8e7ac0bc59_03.jpg,0,hidup,val,train,hen_f0483,train/-30-_mp4-9_jpg.rf.ad4cf00d525b30830519dc8e7ac0bc59.jpg,"[271, 55, 364, 156]",1.0,hen_gt,hen_kandang
hidup/hen_f0483_-30-_mp4-9_jpg.rf.ad4cf00d525b30830519dc8e7ac0bc59_04.jpg,0,hidup,val,train,hen_f0483,train/-30-_mp4-9_jpg.rf.ad4cf00d525b30830519dc8e7ac0bc59.jpg,"[306, 18, 400, 82]",1.0,hen_gt,hen_kandang
hidup/hen_f0483_-30-_mp4-9_jpg.rf.ad4cf00d525b30830519dc8e7ac0bc59_05.jpg,0,hidup,val,train,hen_f0483,train/-30-_mp4-9_jpg.rf.ad4cf00d525b30830519dc8e7ac0bc59.jpg,"[276, 145, 421, 298]",1.0,hen_gt,hen_kandang
hidup/hen_f0487_images-101-_jpg.rf.7699f035c0482bcaf076afca00a31b5c_00.jpg,0,hidup,val,train,hen_f0487,train/images-101-_jpg.rf.7699f035c0482bcaf076afca00a31b5c.jpg,"[150, 68, 352, 630]",1.0,hen_gt,hen_kandang
hidup/hen_f0487_images-101-_jpg.rf.7699f035c0482bcaf076afca00a31b5c_01.jpg,0,hidup,val,train,hen_f0487,train/images-101-_jpg.rf.7699f035c0482bcaf076afca00a31b5c.jpg,"[445, 22, 627, 456]",1.0,hen_gt,hen_kandang
hidup/hen_f0489_IMG_20220513_171735_HHT_jpg.rf.46faa39457236c4d05373a19235b1cc6_00.jpg,0,hidup,val,train,hen_f0489,train/IMG_20220513_171735_HHT_jpg.rf.46faa39457236c4d05373a19235b1cc6.jpg,"[203, 251, 410, 359]",1.0,hen_gt,hen_kandang
hidup/hen_f0490_-25-_mp4-9_jpg.rf.d32b04b9861159fe63f08eb3838c9e93_00.jpg,0,hidup,val,train,hen_f0490,train/-25-_mp4-9_jpg.rf.d32b04b9861159fe63f08eb3838c9e93.jpg,"[105, 136, 198, 311]",1.0,hen_gt,hen_kandang
hidup/hen_f0490_-25-_mp4-9_jpg.rf.d32b04b9861159fe63f08eb3838c9e93_01.jpg,0,hidup,val,train,hen_f0490,train/-25-_mp4-9_jpg.rf.d32b04b9861159fe63f08eb3838c9e93.jpg,"[249, 114, 323, 348]",1.0,hen_gt,hen_kandang
hidup/hen_f0490_-25-_mp4-9_jpg.rf.d32b04b9861159fe63f08eb3838c9e93_02.jpg,0,hidup,val,train,hen_f0490,train/-25-_mp4-9_jpg.rf.d32b04b9861159fe63f08eb3838c9e93.jpg,"[94, 36, 185, 136]",1.0,hen_gt,hen_kandang
hidup/hen_f0493_images-74-_jpg.rf.5d5f7f7db4b74abb098c22d1a0682e48_00.jpg,0,hidup,val,train,hen_f0493,train/images-74-_jpg.rf.5d5f7f7db4b74abb098c22d1a0682e48.jpg,"[46, 18, 636, 632]",1.0,hen_gt,hen_kandang
hidup/hen_f0495_images-25-_jpg.rf.7338253de56ee89e10551807e94f061a_010.jpg,0,hidup,val,train,hen_f0495,train/images-25-_jpg.rf.7338253de56ee89e10551807e94f061a.jpg,"[570, 29, 640, 293]",1.0,hen_gt,hen_kandang
hidup/hen_f0495_images-25-_jpg.rf.7338253de56ee89e10551807e94f061a_012.jpg,0,hidup,val,train,hen_f0495,train/images-25-_jpg.rf.7338253de56ee89e10551807e94f061a.jpg,"[107, 8, 164, 230]",1.0,hen_gt,hen_kandang
hidup/hen_f0495_images-25-_jpg.rf.7338253de56ee89e10551807e94f061a_02.jpg,0,hidup,val,train,hen_f0495,train/images-25-_jpg.rf.7338253de56ee89e10551807e94f061a.jpg,"[220, 201, 342, 630]",1.0,hen_gt,hen_kandang
hidup/hen_f0495_images-25-_jpg.rf.7338253de56ee89e10551807e94f061a_09.jpg,0,hidup,val,train,hen_f0495,train/images-25-_jpg.rf.7338253de56ee89e10551807e94f061a.jpg,"[423, 6, 500, 150]",1.0,hen_gt,hen_kandang
hidup/hen_f0496_images-36-_jpg.rf.6f57c2c1d859b90e3b4a8c519780e9cd_00.jpg,0,hidup,val,train,hen_f0496,train/images-36-_jpg.rf.6f57c2c1d859b90e3b4a8c519780e9cd.jpg,"[115, 229, 312, 560]",1.0,hen_gt,hen_kandang
hidup/hen_f0496_images-36-_jpg.rf.6f57c2c1d859b90e3b4a8c519780e9cd_01.jpg,0,hidup,val,train,hen_f0496,train/images-36-_jpg.rf.6f57c2c1d859b90e3b4a8c519780e9cd.jpg,"[348, 272, 525, 558]",1.0,hen_gt,hen_kandang
hidup/hen_f0499_5919778_fbimg1504606565992_jpeg7db88637d61f196ba2f5501f4a8efb26-1-_jpg.rf.8861b4d3b5f81c29fbb159400f1f5092_03.jpg,0,hidup,val,train,hen_f0499,train/5919778_fbimg1504606565992_jpeg7db88637d61f196ba2f5501f4a8efb26-1-_jpg.rf.8861b4d3b5f81c29fbb159400f1f5092.jpg,"[435, 202, 532, 286]",1.0,hen_gt,hen_kandang
hidup/hen_f0499_5919778_fbimg1504606565992_jpeg7db88637d61f196ba2f5501f4a8efb26-1-_jpg.rf.8861b4d3b5f81c29fbb159400f1f5092_04.jpg,0,hidup,val,train,hen_f0499,train/5919778_fbimg1504606565992_jpeg7db88637d61f196ba2f5501f4a8efb26-1-_jpg.rf.8861b4d3b5f81c29fbb159400f1f5092.jpg,"[142, 250, 222, 365]",1.0,hen_gt,hen_kandang
hidup/hen_f0499_5919778_fbimg1504606565992_jpeg7db88637d61f196ba2f5501f4a8efb26-1-_jpg.rf.8861b4d3b5f81c29fbb159400f1f5092_06.jpg,0,hidup,val,train,hen_f0499,train/5919778_fbimg1504606565992_jpeg7db88637d61f196ba2f5501f4a8efb26-1-_jpg.rf.8861b4d3b5f81c29fbb159400f1f5092.jpg,"[237, 267, 320, 365]",1.0,hen_gt,hen_kandang
hidup/hen_f0499_5919778_fbimg1504606565992_jpeg7db88637d61f196ba2f5501f4a8efb26-1-_jpg.rf.8861b4d3b5f81c29fbb159400f1f5092_08.jpg,0,hidup,val,train,hen_f0499,train/5919778_fbimg1504606565992_jpeg7db88637d61f196ba2f5501f4a8efb26-1-_jpg.rf.8861b4d3b5f81c29fbb159400f1f5092.jpg,"[77, 334, 186, 392]",1.0,hen_gt,hen_kandang
hidup/hen_f0503_IMG20220702135311_jpg.rf.0f4b4b93238777c6ceda3b69cfd20bba_00.jpg,0,hidup,val,train,hen_f0503,train/IMG20220702135311_jpg.rf.0f4b4b93238777c6ceda3b69cfd20bba.jpg,"[149, 111, 570, 607]",1.0,hen_gt,hen_kandang
hidup/hen_f0506_IMG_20220513_171830_HHT_jpg.rf.73775c648d8a0c6dd3c47d3cbfccb3f5_00.jpg,0,hidup,val,train,hen_f0506,train/IMG_20220513_171830_HHT_jpg.rf.73775c648d8a0c6dd3c47d3cbfccb3f5.jpg,"[216, 240, 424, 346]",1.0,hen_gt,hen_kandang
hidup/hen_f0508_images-95-_jpg.rf.3fc19b337e4aaa22595ae4f289269273_00.jpg,0,hidup,val,train,hen_f0508,train/images-95-_jpg.rf.3fc19b337e4aaa22595ae4f289269273.jpg,"[73, 154, 280, 476]",1.0,hen_gt,hen_kandang
hidup/hen_f0508_images-95-_jpg.rf.3fc19b337e4aaa22595ae4f289269273_01.jpg,0,hidup,val,train,hen_f0508,train/images-95-_jpg.rf.3fc19b337e4aaa22595ae4f289269273.jpg,"[285, 294, 431, 502]",1.0,hen_gt,hen_kandang
hidup/hen_f0508_images-95-_jpg.rf.3fc19b337e4aaa22595ae4f289269273_02.jpg,0,hidup,val,train,hen_f0508,train/images-95-_jpg.rf.3fc19b337e4aaa22595ae4f289269273.jpg,"[21, 514, 374, 640]",1.0,hen_gt,hen_kandang
hidup/hen_f0508_images-95-_jpg.rf.3fc19b337e4aaa22595ae4f289269273_03.jpg,0,hidup,val,train,hen_f0508,train/images-95-_jpg.rf.3fc19b337e4aaa22595ae4f289269273.jpg,"[288, 192, 398, 313]",1.0,hen_gt,hen_kandang
hidup/hen_f0509_88251904_OTYwLTEyODAtY2E5MjI5YWZkMQ_jpg.rf.063760b1bc7c1958ad87175269706e8e_02.jpg,0,hidup,val,train,hen_f0509,train/88251904_OTYwLTEyODAtY2E5MjI5YWZkMQ_jpg.rf.063760b1bc7c1958ad87175269706e8e.jpg,"[138, 76, 205, 174]",1.0,hen_gt,hen_kandang
hidup/hen_f0509_88251904_OTYwLTEyODAtY2E5MjI5YWZkMQ_jpg.rf.063760b1bc7c1958ad87175269706e8e_03.jpg,0,hidup,val,train,hen_f0509,train/88251904_OTYwLTEyODAtY2E5MjI5YWZkMQ_jpg.rf.063760b1bc7c1958ad87175269706e8e.jpg,"[510, 92, 558, 188]",1.0,hen_gt,hen_kandang
hidup/hen_f0509_88251904_OTYwLTEyODAtY2E5MjI5YWZkMQ_jpg.rf.063760b1bc7c1958ad87175269706e8e_05.jpg,0,hidup,val,train,hen_f0509,train/88251904_OTYwLTEyODAtY2E5MjI5YWZkMQ_jpg.rf.063760b1bc7c1958ad87175269706e8e.jpg,"[79, 172, 187, 244]",1.0,hen_gt,hen_kandang
hidup/hen_f0509_88251904_OTYwLTEyODAtY2E5MjI5YWZkMQ_jpg.rf.063760b1bc7c1958ad87175269706e8e_08.jpg,0,hidup,val,train,hen_f0509,train/88251904_OTYwLTEyODAtY2E5MjI5YWZkMQ_jpg.rf.063760b1bc7c1958ad87175269706e8e.jpg,"[380, 269, 537, 372]",1.0,hen_gt,hen_kandang
hidup/hen_f0510_h18_png_jpg.rf.c183aa9415d57fbde239d72f6bf979d0_00.jpg,0,hidup,val,train,hen_f0510,train/h18_png_jpg.rf.c183aa9415d57fbde239d72f6bf979d0.jpg,"[13, 48, 76, 174]",1.0,hen_gt,hen_kandang
hidup/hen_f0510_h18_png_jpg.rf.c183aa9415d57fbde239d72f6bf979d0_01.jpg,0,hidup,val,train,hen_f0510,train/h18_png_jpg.rf.c183aa9415d57fbde239d72f6bf979d0.jpg,"[63, 121, 130, 266]",1.0,hen_gt,hen_kandang
hidup/hen_f0510_h18_png_jpg.rf.c183aa9415d57fbde239d72f6bf979d0_02.jpg,0,hidup,val,train,hen_f0510,train/h18_png_jpg.rf.c183aa9415d57fbde239d72f6bf979d0.jpg,"[110, 32, 221, 294]",1.0,hen_gt,hen_kandang
hidup/hen_f0510_h18_png_jpg.rf.c183aa9415d57fbde239d72f6bf979d0_03.jpg,0,hidup,val,train,hen_f0510,train/h18_png_jpg.rf.c183aa9415d57fbde239d72f6bf979d0.jpg,"[200, 67, 311, 320]",1.0,hen_gt,hen_kandang
hidup/hen_f0513_images-94-_jpg.rf.eff273a7ae136db23eeec915c01b44fd_00.jpg,0,hidup,val,train,hen_f0513,train/images-94-_jpg.rf.eff273a7ae136db23eeec915c01b44fd.jpg,"[10, 7, 494, 640]",1.0,hen_gt,hen_kandang
hidup/hen_f0515_1jaazuuyt6gx_jpg.rf.17f0d0abbf26edef1f28349526ff95e9_01.jpg,0,hidup,val,train,hen_f0515,train/1jaazuuyt6gx_jpg.rf.17f0d0abbf26edef1f28349526ff95e9.jpg,"[199, 269, 279, 364]",1.0,hen_gt,hen_kandang
hidup/hen_f0515_1jaazuuyt6gx_jpg.rf.17f0d0abbf26edef1f28349526ff95e9_02.jpg,0,hidup,val,train,hen_f0515,train/1jaazuuyt6gx_jpg.rf.17f0d0abbf26edef1f28349526ff95e9.jpg,"[281, 298, 423, 376]",1.0,hen_gt,hen_kandang
hidup/hen_f0515_1jaazuuyt6gx_jpg.rf.17f0d0abbf26edef1f28349526ff95e9_03.jpg,0,hidup,val,train,hen_f0515,train/1jaazuuyt6gx_jpg.rf.17f0d0abbf26edef1f28349526ff95e9.jpg,"[81, 336, 203, 421]",1.0,hen_gt,hen_kandang
hidup/hen_f0515_1jaazuuyt6gx_jpg.rf.17f0d0abbf26edef1f28349526ff95e9_05.jpg,0,hidup,val,train,hen_f0515,train/1jaazuuyt6gx_jpg.rf.17f0d0abbf26edef1f28349526ff95e9.jpg,"[153, 440, 300, 556]",1.0,hen_gt,hen_kandang
hidup/hen_f0522_IMG20220702135258_jpg.rf.0051d3b82169f3637e03ac2428922c70_00.jpg,0,hidup,val,train,hen_f0522,train/IMG20220702135258_jpg.rf.0051d3b82169f3637e03ac2428922c70.jpg,"[177, 157, 486, 608]",1.0,hen_gt,hen_kandang
hidup/hen_f0523_images-53-_jpg.rf.effb064c54f867be8ceb333323124f3d_00.jpg,0,hidup,val,train,hen_f0523,train/images-53-_jpg.rf.effb064c54f867be8ceb333323124f3d.jpg,"[0, 110, 230, 364]",1.0,hen_gt,hen_kandang
hidup/hen_f0523_images-53-_jpg.rf.effb064c54f867be8ceb333323124f3d_02.jpg,0,hidup,val,train,hen_f0523,train/images-53-_jpg.rf.effb064c54f867be8ceb333323124f3d.jpg,"[425, 422, 640, 611]",1.0,hen_gt,hen_kandang
hidup/hen_f0523_images-53-_jpg.rf.effb064c54f867be8ceb333323124f3d_03.jpg,0,hidup,val,train,hen_f0523,train/images-53-_jpg.rf.effb064c54f867be8ceb333323124f3d.jpg,"[232, 48, 442, 302]",1.0,hen_gt,hen_kandang
hidup/hen_f0523_images-53-_jpg.rf.effb064c54f867be8ceb333323124f3d_04.jpg,0,hidup,val,train,hen_f0523,train/images-53-_jpg.rf.effb064c54f867be8ceb333323124f3d.jpg,"[452, 105, 590, 372]",1.0,hen_gt,hen_kandang
hidup/hen_f0525_images-85-_jpg.rf.e6b2af3e90ad8268ec16d9f99663a13e_00.jpg,0,hidup,val,train,hen_f0525,train/images-85-_jpg.rf.e6b2af3e90ad8268ec16d9f99663a13e.jpg,"[31, 127, 301, 606]",1.0,hen_gt,hen_kandang
hidup/hen_f0525_images-85-_jpg.rf.e6b2af3e90ad8268ec16d9f99663a13e_01.jpg,0,hidup,val,train,hen_f0525,train/images-85-_jpg.rf.e6b2af3e90ad8268ec16d9f99663a13e.jpg,"[312, 135, 534, 606]",1.0,hen_gt,hen_kandang
hidup/hen_f0525_images-85-_jpg.rf.e6b2af3e90ad8268ec16d9f99663a13e_02.jpg,0,hidup,val,train,hen_f0525,train/images-85-_jpg.rf.e6b2af3e90ad8268ec16d9f99663a13e.jpg,"[522, 32, 640, 592]",1.0,hen_gt,hen_kandang
hidup/hen_f0527_IMG20220702135312_jpg.rf.03f39eb0e29f3ff00839ab7b22f39845_00.jpg,0,hidup,val,train,hen_f0527,train/IMG20220702135312_jpg.rf.03f39eb0e29f3ff00839ab7b22f39845.jpg,"[215, 94, 574, 559]",1.0,hen_gt,hen_kandang
hidup/hen_f0528_images-84-_jpg.rf.b7b3d4489a68998e65214d87bfe6deb8_00.jpg,0,hidup,val,train,hen_f0528,train/images-84-_jpg.rf.b7b3d4489a68998e65214d87bfe6deb8.jpg,"[179, 117, 375, 637]",1.0,hen_gt,hen_kandang
hidup/hen_f0528_images-84-_jpg.rf.b7b3d4489a68998e65214d87bfe6deb8_01.jpg,0,hidup,val,train,hen_f0528,train/images-84-_jpg.rf.b7b3d4489a68998e65214d87bfe6deb8.jpg,"[358, 32, 637, 506]",1.0,hen_gt,hen_kandang
hidup/hen_f0528_images-84-_jpg.rf.b7b3d4489a68998e65214d87bfe6deb8_02.jpg,0,hidup,val,train,hen_f0528,train/images-84-_jpg.rf.b7b3d4489a68998e65214d87bfe6deb8.jpg,"[2, 19, 206, 360]",1.0,hen_gt,hen_kandang
hidup/hen_f0533_AS-open-cages-broiler-chicken-5weeks_jpg.rf.2213fe3293e286f594637b62e7789d6c_00.jpg,0,hidup,val,train,hen_f0533,train/AS-open-cages-broiler-chicken-5weeks_jpg.rf.2213fe3293e286f594637b62e7789d6c.jpg,"[216, 226, 413, 594]",1.0,hen_gt,hen_kandang
hidup/hen_f0533_AS-open-cages-broiler-chicken-5weeks_jpg.rf.2213fe3293e286f594637b62e7789d6c_01.jpg,0,hidup,val,train,hen_f0533,train/AS-open-cages-broiler-chicken-5weeks_jpg.rf.2213fe3293e286f594637b62e7789d6c.jpg,"[0, 413, 118, 607]",1.0,hen_gt,hen_kandang
hidup/hen_f0534_IMG_20220303_085145_jpg.rf.6d349f1508f974db78fb716e895cf928_011.jpg,0,hidup,val,train,hen_f0534,train/IMG_20220303_085145_jpg.rf.6d349f1508f974db78fb716e895cf928.jpg,"[170, 158, 214, 198]",1.0,hen_gt,hen_kandang
hidup/hen_f0534_IMG_20220303_085145_jpg.rf.6d349f1508f974db78fb716e895cf928_019.jpg,0,hidup,val,train,hen_f0534,train/IMG_20220303_085145_jpg.rf.6d349f1508f974db78fb716e895cf928.jpg,"[164, 278, 202, 320]",1.0,hen_gt,hen_kandang
hidup/hen_f0534_IMG_20220303_085145_jpg.rf.6d349f1508f974db78fb716e895cf928_023.jpg,0,hidup,val,train,hen_f0534,train/IMG_20220303_085145_jpg.rf.6d349f1508f974db78fb716e895cf928.jpg,"[253, 61, 274, 98]",1.0,hen_gt,hen_kandang
hidup/hen_f0534_IMG_20220303_085145_jpg.rf.6d349f1508f974db78fb716e895cf928_07.jpg,0,hidup,val,train,hen_f0534,train/IMG_20220303_085145_jpg.rf.6d349f1508f974db78fb716e895cf928.jpg,"[57, 150, 111, 188]",1.0,hen_gt,hen_kandang
hidup/hen_f0536_images-88-_jpg.rf.ebd1dac9459bdf4ee9fe72b2fa2bd8f4_00.jpg,0,hidup,val,train,hen_f0536,train/images-88-_jpg.rf.ebd1dac9459bdf4ee9fe72b2fa2bd8f4.jpg,"[419, 301, 609, 590]",1.0,hen_gt,hen_kandang
hidup/hen_f0536_images-88-_jpg.rf.ebd1dac9459bdf4ee9fe72b2fa2bd8f4_02.jpg,0,hidup,val,train,hen_f0536,train/images-88-_jpg.rf.ebd1dac9459bdf4ee9fe72b2fa2bd8f4.jpg,"[221, 247, 302, 551]",1.0,hen_gt,hen_kandang
hidup/hen_f0536_images-88-_jpg.rf.ebd1dac9459bdf4ee9fe72b2fa2bd8f4_03.jpg,0,hidup,val,train,hen_f0536,train/images-88-_jpg.rf.ebd1dac9459bdf4ee9fe72b2fa2bd8f4.jpg,"[147, 355, 259, 546]",1.0,hen_gt,hen_kandang
hidup/hen_f0536_images-88-_jpg.rf.ebd1dac9459bdf4ee9fe72b2fa2bd8f4_04.jpg,0,hidup,val,train,hen_f0536,train/images-88-_jpg.rf.ebd1dac9459bdf4ee9fe72b2fa2bd8f4.jpg,"[135, 293, 209, 396]",1.0,hen_gt,hen_kandang
hidup/hen_f0537_IMG20220702135107_jpg.rf.3cb2efcfd9679673171f6a48a6acf3e7_00.jpg,0,hidup,val,train,hen_f0537,train/IMG20220702135107_jpg.rf.3cb2efcfd9679673171f6a48a6acf3e7.jpg,"[151, 192, 498, 584]",1.0,hen_gt,hen_kandang
hidup/hen_f0538_GettyImages-1218674409-5905d89937074001a2b110e468d6ebb3_jpg.rf.4471b685807c72ec72fa4689cf154abe_00.jpg,0,hidup,val,train,hen_f0538,train/GettyImages-1218674409-5905d89937074001a2b110e468d6ebb3_jpg.rf.4471b685807c72ec72fa4689cf154abe.jpg,"[397, 361, 531, 565]",1.0,hen_gt,hen_kandang
hidup/hen_f0538_GettyImages-1218674409-5905d89937074001a2b110e468d6ebb3_jpg.rf.4471b685807c72ec72fa4689cf154abe_05.jpg,0,hidup,val,train,hen_f0538,train/GettyImages-1218674409-5905d89937074001a2b110e468d6ebb3_jpg.rf.4471b685807c72ec72fa4689cf154abe.jpg,"[475, 146, 540, 249]",1.0,hen_gt,hen_kandang
hidup/hen_f0538_GettyImages-1218674409-5905d89937074001a2b110e468d6ebb3_jpg.rf.4471b685807c72ec72fa4689cf154abe_07.jpg,0,hidup,val,train,hen_f0538,train/GettyImages-1218674409-5905d89937074001a2b110e468d6ebb3_jpg.rf.4471b685807c72ec72fa4689cf154abe.jpg,"[162, 302, 276, 428]",1.0,hen_gt,hen_kandang
hidup/hen_f0538_GettyImages-1218674409-5905d89937074001a2b110e468d6ebb3_jpg.rf.4471b685807c72ec72fa4689cf154abe_09.jpg,0,hidup,val,train,hen_f0538,train/GettyImages-1218674409-5905d89937074001a2b110e468d6ebb3_jpg.rf.4471b685807c72ec72fa4689cf154abe.jpg,"[523, 301, 604, 461]",1.0,hen_gt,hen_kandang
hidup/hen_f0542_IMG20180911120745_jpg.rf.3767e643a67372a8b689ac8b4c27a09c_00.jpg,0,hidup,val,train,hen_f0542,train/IMG20180911120745_jpg.rf.3767e643a67372a8b689ac8b4c27a09c.jpg,"[52, 48, 254, 250]",1.0,hen_gt,hen_kandang
hidup/hen_f0542_IMG20180911120745_jpg.rf.3767e643a67372a8b689ac8b4c27a09c_01.jpg,0,hidup,val,train,hen_f0542,train/IMG20180911120745_jpg.rf.3767e643a67372a8b689ac8b4c27a09c.jpg,"[115, 193, 499, 607]",1.0,hen_gt,hen_kandang
hidup/hen_f0547_3533816_img-20200713-162154-4_1125x1500_jpg.rf.a61a2f91b94b9574e915ee5e5f224eab_00.jpg,0,hidup,val,valid,hen_f0547,valid/3533816_img-20200713-162154-4_1125x1500_jpg.rf.a61a2f91b94b9574e915ee5e5f224eab.jpg,"[90, 404, 249, 568]",1.0,hen_gt,hen_kandang
hidup/hen_f0547_3533816_img-20200713-162154-4_1125x1500_jpg.rf.a61a2f91b94b9574e915ee5e5f224eab_03.jpg,0,hidup,val,valid,hen_f0547,valid/3533816_img-20200713-162154-4_1125x1500_jpg.rf.a61a2f91b94b9574e915ee5e5f224eab.jpg,"[242, 16, 330, 108]",1.0,hen_gt,hen_kandang
hidup/hen_f0547_3533816_img-20200713-162154-4_1125x1500_jpg.rf.a61a2f91b94b9574e915ee5e5f224eab_07.jpg,0,hidup,val,valid,hen_f0547,valid/3533816_img-20200713-162154-4_1125x1500_jpg.rf.a61a2f91b94b9574e915ee5e5f224eab.jpg,"[509, 204, 607, 317]",1.0,hen_gt,hen_kandang
hidup/hen_f0547_3533816_img-20200713-162154-4_1125x1500_jpg.rf.a61a2f91b94b9574e915ee5e5f224eab_08.jpg,0,hidup,val,valid,hen_f0547,valid/3533816_img-20200713-162154-4_1125x1500_jpg.rf.a61a2f91b94b9574e915ee5e5f224eab.jpg,"[36, 205, 187, 355]",1.0,hen_gt,hen_kandang
hidup/hen_f0548_IMG_20220303_085358_jpg.rf.3d7879c47aa6406d5a42aba0e8f9b2de_02.jpg,0,hidup,val,train,hen_f0548,train/IMG_20220303_085358_jpg.rf.3d7879c47aa6406d5a42aba0e8f9b2de.jpg,"[87, 76, 146, 224]",1.0,hen_gt,hen_kandang
hidup/hen_f0548_IMG_20220303_085358_jpg.rf.3d7879c47aa6406d5a42aba0e8f9b2de_04.jpg,0,hidup,val,train,hen_f0548,train/IMG_20220303_085358_jpg.rf.3d7879c47aa6406d5a42aba0e8f9b2de.jpg,"[0, 0, 24, 39]",1.0,hen_gt,hen_kandang
hidup/hen_f0548_IMG_20220303_085358_jpg.rf.3d7879c47aa6406d5a42aba0e8f9b2de_06.jpg,0,hidup,val,train,hen_f0548,train/IMG_20220303_085358_jpg.rf.3d7879c47aa6406d5a42aba0e8f9b2de.jpg,"[109, 0, 144, 55]",1.0,hen_gt,hen_kandang
hidup/hen_f0548_IMG_20220303_085358_jpg.rf.3d7879c47aa6406d5a42aba0e8f9b2de_07.jpg,0,hidup,val,train,hen_f0548,train/IMG_20220303_085358_jpg.rf.3d7879c47aa6406d5a42aba0e8f9b2de.jpg,"[46, 13, 98, 115]",1.0,hen_gt,hen_kandang
hidup/hen_f0554_IMG_20220513_171756_HHT_jpg.rf.81e3149b6457840616ccf215bbddadc8_00.jpg,0,hidup,val,train,hen_f0554,train/IMG_20220513_171756_HHT_jpg.rf.81e3149b6457840616ccf215bbddadc8.jpg,"[208, 217, 362, 345]",1.0,hen_gt,hen_kandang
hidup/hen_f0557_IMG20220702135250_jpg.rf.2c39f4311d0b457f8a5909655a097cae_00.jpg,0,hidup,val,train,hen_f0557,train/IMG20220702135250_jpg.rf.2c39f4311d0b457f8a5909655a097cae.jpg,"[156, 156, 486, 588]",1.0,hen_gt,hen_kandang
hidup/hen_f0560_IMG20220702135342_jpg.rf.95d3a70c00eea5cb86b33e441bb4e66a_00.jpg,0,hidup,val,train,hen_f0560,train/IMG20220702135342_jpg.rf.95d3a70c00eea5cb86b33e441bb4e66a.jpg,"[222, 156, 511, 550]",1.0,hen_gt,hen_kandang
hidup/hen_f0571_IMG_20220303_085230_jpg.rf.10226cc7fe9a59474b7637e30819c141_013.jpg,0,hidup,val,train,hen_f0571,train/IMG_20220303_085230_jpg.rf.10226cc7fe9a59474b7637e30819c141.jpg,"[25, 190, 80, 246]",1.0,hen_gt,hen_kandang
hidup/hen_f0571_IMG_20220303_085230_jpg.rf.10226cc7fe9a59474b7637e30819c141_020.jpg,0,hidup,val,train,hen_f0571,train/IMG_20220303_085230_jpg.rf.10226cc7fe9a59474b7637e30819c141.jpg,"[293, 29, 320, 70]",1.0,hen_gt,hen_kandang
hidup/hen_f0571_IMG_20220303_085230_jpg.rf.10226cc7fe9a59474b7637e30819c141_031.jpg,0,hidup,val,train,hen_f0571,train/IMG_20220303_085230_jpg.rf.10226cc7fe9a59474b7637e30819c141.jpg,"[195, 67, 239, 129]",1.0,hen_gt,hen_kandang
hidup/hen_f0571_IMG_20220303_085230_jpg.rf.10226cc7fe9a59474b7637e30819c141_09.jpg,0,hidup,val,train,hen_f0571,train/IMG_20220303_085230_jpg.rf.10226cc7fe9a59474b7637e30819c141.jpg,"[147, 171, 210, 213]",1.0,hen_gt,hen_kandang
hidup/hen_f0573_IMG_20220303_085202_jpg.rf.64b5dfd3cfa93eddead02d4049d5a6f1_010.jpg,0,hidup,val,train,hen_f0573,train/IMG_20220303_085202_jpg.rf.64b5dfd3cfa93eddead02d4049d5a6f1.jpg,"[22, 48, 64, 103]",1.0,hen_gt,hen_kandang
hidup/hen_f0573_IMG_20220303_085202_jpg.rf.64b5dfd3cfa93eddead02d4049d5a6f1_011.jpg,0,hidup,val,train,hen_f0573,train/IMG_20220303_085202_jpg.rf.64b5dfd3cfa93eddead02d4049d5a6f1.jpg,"[105, 62, 150, 114]",1.0,hen_gt,hen_kandang
hidup/hen_f0573_IMG_20220303_085202_jpg.rf.64b5dfd3cfa93eddead02d4049d5a6f1_04.jpg,0,hidup,val,train,hen_f0573,train/IMG_20220303_085202_jpg.rf.64b5dfd3cfa93eddead02d4049d5a6f1.jpg,"[140, 210, 192, 291]",1.0,hen_gt,hen_kandang
hidup/hen_f0573_IMG_20220303_085202_jpg.rf.64b5dfd3cfa93eddead02d4049d5a6f1_09.jpg,0,hidup,val,train,hen_f0573,train/IMG_20220303_085202_jpg.rf.64b5dfd3cfa93eddead02d4049d5a6f1.jpg,"[152, 60, 188, 86]",1.0,hen_gt,hen_kandang
hidup/hen_f0579_IMG_20220303_085324_jpg.rf.7d4c3ce5d6ad88147ad54ecfd52d6a64_013.jpg,0,hidup,val,train,hen_f0579,train/IMG_20220303_085324_jpg.rf.7d4c3ce5d6ad88147ad54ecfd52d6a64.jpg,"[52, 186, 91, 226]",1.0,hen_gt,hen_kandang
hidup/hen_f0579_IMG_20220303_085324_jpg.rf.7d4c3ce5d6ad88147ad54ecfd52d6a64_022.jpg,0,hidup,val,train,hen_f0579,train/IMG_20220303_085324_jpg.rf.7d4c3ce5d6ad88147ad54ecfd52d6a64.jpg,"[214, 205, 260, 268]",1.0,hen_gt,hen_kandang
hidup/hen_f0579_IMG_20220303_085324_jpg.rf.7d4c3ce5d6ad88147ad54ecfd52d6a64_06.jpg,0,hidup,val,train,hen_f0579,train/IMG_20220303_085324_jpg.rf.7d4c3ce5d6ad88147ad54ecfd52d6a64.jpg,"[234, 114, 264, 172]",1.0,hen_gt,hen_kandang
hidup/hen_f0579_IMG_20220303_085324_jpg.rf.7d4c3ce5d6ad88147ad54ecfd52d6a64_08.jpg,0,hidup,val,train,hen_f0579,train/IMG_20220303_085324_jpg.rf.7d4c3ce5d6ad88147ad54ecfd52d6a64.jpg,"[209, 119, 236, 186]",1.0,hen_gt,hen_kandang
hidup/hen_f0581_IMG_20220513_171553_HHT_jpg.rf.2ea8b0610710539dd7a7577b8add869f_00.jpg,0,hidup,val,train,hen_f0581,train/IMG_20220513_171553_HHT_jpg.rf.2ea8b0610710539dd7a7577b8add869f.jpg,"[238, 241, 349, 341]",1.0,hen_gt,hen_kandang
hidup/hen_f0582_IMG_20220513_171559_HHT_jpg.rf.1315d66d45f0d1c900f6324ff5ccb28b_00.jpg,0,hidup,val,train,hen_f0582,train/IMG_20220513_171559_HHT_jpg.rf.1315d66d45f0d1c900f6324ff5ccb28b.jpg,"[248, 217, 384, 331]",1.0,hen_gt,hen_kandang
hidup/hen_f0586_IMG20220702135121_jpg.rf.015fa8bedfa32bd6f2e1dc4c039e3e0e_00.jpg,0,hidup,val,valid,hen_f0586,valid/IMG20220702135121_jpg.rf.015fa8bedfa32bd6f2e1dc4c039e3e0e.jpg,"[134, 206, 494, 509]",1.0,hen_gt,hen_kandang
hidup/hen_f0587_IMG20220702135253_jpg.rf.2286752f5ab7f407efeb2dcda98b65b9_00.jpg,0,hidup,val,valid,hen_f0587,valid/IMG20220702135253_jpg.rf.2286752f5ab7f407efeb2dcda98b65b9.jpg,"[165, 163, 527, 608]",1.0,hen_gt,hen_kandang
hidup/hen_f0589_IMG20220702135347_jpg.rf.292a2d4bfc258de93e9b22e10b734f26_00.jpg,0,hidup,val,train,hen_f0589,train/IMG20220702135347_jpg.rf.292a2d4bfc258de93e9b22e10b734f26.jpg,"[207, 186, 540, 607]",1.0,hen_gt,hen_kandang
hidup/hen_f0594_IMG20220702135428_jpg.rf.16e91da0a87d0e8c33485c9680d37a5e_00.jpg,0,hidup,val,train,hen_f0594,train/IMG20220702135428_jpg.rf.16e91da0a87d0e8c33485c9680d37a5e.jpg,"[149, 202, 511, 587]",1.0,hen_gt,hen_kandang
hidup/hen_f0595_IMG20220702135344_jpg.rf.51ba0e296ed668587a4c7ab644212720_00.jpg,0,hidup,val,test,hen_f0595,test/IMG20220702135344_jpg.rf.51ba0e296ed668587a4c7ab644212720.jpg,"[228, 179, 535, 607]",1.0,hen_gt,hen_kandang
hidup/hen_f0596_IMG_20220303_085403_jpg.rf.5a2171121a7421a86abce58b7e79c05a_01.jpg,0,hidup,val,train,hen_f0596,train/IMG_20220303_085403_jpg.rf.5a2171121a7421a86abce58b7e79c05a.jpg,"[66, 97, 105, 178]",1.0,hen_gt,hen_kandang
hidup/hen_f0596_IMG_20220303_085403_jpg.rf.5a2171121a7421a86abce58b7e79c05a_04.jpg,0,hidup,val,train,hen_f0596,train/IMG_20220303_085403_jpg.rf.5a2171121a7421a86abce58b7e79c05a.jpg,"[6, 117, 97, 267]",1.0,hen_gt,hen_kandang
hidup/hen_f0596_IMG_20220303_085403_jpg.rf.5a2171121a7421a86abce58b7e79c05a_06.jpg,0,hidup,val,train,hen_f0596,train/IMG_20220303_085403_jpg.rf.5a2171121a7421a86abce58b7e79c05a.jpg,"[147, 68, 170, 120]",1.0,hen_gt,hen_kandang
hidup/hen_f0596_IMG_20220303_085403_jpg.rf.5a2171121a7421a86abce58b7e79c05a_08.jpg,0,hidup,val,train,hen_f0596,train/IMG_20220303_085403_jpg.rf.5a2171121a7421a86abce58b7e79c05a.jpg,"[88, 72, 136, 132]",1.0,hen_gt,hen_kandang
hidup/hen_f0599_IMG_20220303_085333_jpg.rf.14eae0612c34e95bc1f30424abfe7f58_013.jpg,0,hidup,val,train,hen_f0599,train/IMG_20220303_085333_jpg.rf.14eae0612c34e95bc1f30424abfe7f58.jpg,"[167, 2, 198, 55]",1.0,hen_gt,hen_kandang
hidup/hen_f0599_IMG_20220303_085333_jpg.rf.14eae0612c34e95bc1f30424abfe7f58_02.jpg,0,hidup,val,train,hen_f0599,train/IMG_20220303_085333_jpg.rf.14eae0612c34e95bc1f30424abfe7f58.jpg,"[74, 105, 134, 160]",1.0,hen_gt,hen_kandang
hidup/hen_f0599_IMG_20220303_085333_jpg.rf.14eae0612c34e95bc1f30424abfe7f58_021.jpg,0,hidup,val,train,hen_f0599,train/IMG_20220303_085333_jpg.rf.14eae0612c34e95bc1f30424abfe7f58.jpg,"[234, 47, 270, 134]",1.0,hen_gt,hen_kandang
hidup/hen_f0599_IMG_20220303_085333_jpg.rf.14eae0612c34e95bc1f30424abfe7f58_07.jpg,0,hidup,val,train,hen_f0599,train/IMG_20220303_085333_jpg.rf.14eae0612c34e95bc1f30424abfe7f58.jpg,"[235, 214, 283, 288]",1.0,hen_gt,hen_kandang
hidup/hen_f0604_IMG_20220513_175808_HHT_jpg.rf.5dc1617f41127322c79fd64f76d14e51_00.jpg,0,hidup,val,train,hen_f0604,train/IMG_20220513_175808_HHT_jpg.rf.5dc1617f41127322c79fd64f76d14e51.jpg,"[159, 218, 372, 356]",1.0,hen_gt,hen_kandang
hidup/hen_f0605_IMG_20220513_175804_HHT_jpg.rf.6980c538018c4c8e04ee3b7719664004_00.jpg,0,hidup,val,train,hen_f0605,train/IMG_20220513_175804_HHT_jpg.rf.6980c538018c4c8e04ee3b7719664004.jpg,"[220, 196, 386, 332]",1.0,hen_gt,hen_kandang
hidup/hen_f0611_IMG_20220303_085414_jpg.rf.79072eeeeffbe8d3f7cd4675f6e0435e_010.jpg,0,hidup,val,train,hen_f0611,train/IMG_20220303_085414_jpg.rf.79072eeeeffbe8d3f7cd4675f6e0435e.jpg,"[218, 205, 240, 252]",1.0,hen_gt,hen_kandang
hidup/hen_f0611_IMG_20220303_085414_jpg.rf.79072eeeeffbe8d3f7cd4675f6e0435e_013.jpg,0,hidup,val,train,hen_f0611,train/IMG_20220303_085414_jpg.rf.79072eeeeffbe8d3f7cd4675f6e0435e.jpg,"[107, 226, 148, 280]",1.0,hen_gt,hen_kandang
hidup/hen_f0611_IMG_20220303_085414_jpg.rf.79072eeeeffbe8d3f7cd4675f6e0435e_014.jpg,0,hidup,val,train,hen_f0611,train/IMG_20220303_085414_jpg.rf.79072eeeeffbe8d3f7cd4675f6e0435e.jpg,"[203, 251, 251, 320]",1.0,hen_gt,hen_kandang
hidup/hen_f0611_IMG_20220303_085414_jpg.rf.79072eeeeffbe8d3f7cd4675f6e0435e_018.jpg,0,hidup,val,train,hen_f0611,train/IMG_20220303_085414_jpg.rf.79072eeeeffbe8d3f7cd4675f6e0435e.jpg,"[127, 275, 166, 320]",1.0,hen_gt,hen_kandang
hidup/hen_f0612_IMG_20220303_085428_jpg.rf.15a4882406364e839bafdf1fbc79af86_00.jpg,0,hidup,val,train,hen_f0612,train/IMG_20220303_085428_jpg.rf.15a4882406364e839bafdf1fbc79af86.jpg,"[50, 0, 88, 36]",1.0,hen_gt,hen_kandang
hidup/hen_f0612_IMG_20220303_085428_jpg.rf.15a4882406364e839bafdf1fbc79af86_01.jpg,0,hidup,val,train,hen_f0612,train/IMG_20220303_085428_jpg.rf.15a4882406364e839bafdf1fbc79af86.jpg,"[0, 178, 80, 308]",1.0,hen_gt,hen_kandang
hidup/hen_f0612_IMG_20220303_085428_jpg.rf.15a4882406364e839bafdf1fbc79af86_02.jpg,0,hidup,val,train,hen_f0612,train/IMG_20220303_085428_jpg.rf.15a4882406364e839bafdf1fbc79af86.jpg,"[221, 0, 256, 108]",1.0,hen_gt,hen_kandang
hidup/hen_f0612_IMG_20220303_085428_jpg.rf.15a4882406364e839bafdf1fbc79af86_03.jpg,0,hidup,val,train,hen_f0612,train/IMG_20220303_085428_jpg.rf.15a4882406364e839bafdf1fbc79af86.jpg,"[201, 23, 246, 161]",1.0,hen_gt,hen_kandang
hidup/hen_f0615_-22-_mp4-8_jpg.rf.9904cabd3a0d583b19ec4e34fc9918f4_00.jpg,0,hidup,val,train,hen_f0615,train/-22-_mp4-8_jpg.rf.9904cabd3a0d583b19ec4e34fc9918f4.jpg,"[222, 178, 430, 462]",1.0,hen_gt,hen_kandang
hidup/hen_f0615_-22-_mp4-8_jpg.rf.9904cabd3a0d583b19ec4e34fc9918f4_01.jpg,0,hidup,val,train,hen_f0615,train/-22-_mp4-8_jpg.rf.9904cabd3a0d583b19ec4e34fc9918f4.jpg,"[0, 53, 112, 294]",1.0,hen_gt,hen_kandang
hidup/hen_f0615_-22-_mp4-8_jpg.rf.9904cabd3a0d583b19ec4e34fc9918f4_02.jpg,0,hidup,val,train,hen_f0615,train/-22-_mp4-8_jpg.rf.9904cabd3a0d583b19ec4e34fc9918f4.jpg,"[111, 0, 279, 164]",1.0,hen_gt,hen_kandang
hidup/hen_f0622_images-100-_jpg.rf.1a09b7da63a2a419e239c6538c246996_00.jpg,0,hidup,val,train,hen_f0622,train/images-100-_jpg.rf.1a09b7da63a2a419e239c6538c246996.jpg,"[96, 148, 231, 328]",1.0,hen_gt,hen_kandang
hidup/hen_f0622_images-100-_jpg.rf.1a09b7da63a2a419e239c6538c246996_01.jpg,0,hidup,val,train,hen_f0622,train/images-100-_jpg.rf.1a09b7da63a2a419e239c6538c246996.jpg,"[0, 50, 102, 274]",1.0,hen_gt,hen_kandang
hidup/hen_f0624_IMG20220702135432_jpg.rf.d604b74c6e450e560ccda48f5e2d2433_00.jpg,0,hidup,val,train,hen_f0624,train/IMG20220702135432_jpg.rf.d604b74c6e450e560ccda48f5e2d2433.jpg,"[166, 218, 502, 600]",1.0,hen_gt,hen_kandang
hidup/hen_f0626_IMG_20220303_085428-1-_jpg.rf.336625a47a60e7fa3ed8128225615a28_014.jpg,0,hidup,val,train,hen_f0626,train/IMG_20220303_085428-1-_jpg.rf.336625a47a60e7fa3ed8128225615a28.jpg,"[116, 22, 136, 43]",1.0,hen_gt,hen_kandang
hidup/hen_f0626_IMG_20220303_085428-1-_jpg.rf.336625a47a60e7fa3ed8128225615a28_016.jpg,0,hidup,val,train,hen_f0626,train/IMG_20220303_085428-1-_jpg.rf.336625a47a60e7fa3ed8128225615a28.jpg,"[279, 16, 318, 78]",1.0,hen_gt,hen_kandang
hidup/hen_f0626_IMG_20220303_085428-1-_jpg.rf.336625a47a60e7fa3ed8128225615a28_018.jpg,0,hidup,val,train,hen_f0626,train/IMG_20220303_085428-1-_jpg.rf.336625a47a60e7fa3ed8128225615a28.jpg,"[143, 37, 178, 59]",1.0,hen_gt,hen_kandang
hidup/hen_f0626_IMG_20220303_085428-1-_jpg.rf.336625a47a60e7fa3ed8128225615a28_029.jpg,0,hidup,val,train,hen_f0626,train/IMG_20220303_085428-1-_jpg.rf.336625a47a60e7fa3ed8128225615a28.jpg,"[91, 76, 124, 96]",1.0,hen_gt,hen_kandang
hidup/hen_f0627_IMG_5801_PNG_jpg.rf.45290bacaedcdbfb292cdc9ce8417b8d_00.jpg,0,hidup,val,valid,hen_f0627,valid/IMG_5801_PNG_jpg.rf.45290bacaedcdbfb292cdc9ce8417b8d.jpg,"[218, 326, 283, 463]",1.0,hen_gt,hen_kandang
hidup/hen_f0627_IMG_5801_PNG_jpg.rf.45290bacaedcdbfb292cdc9ce8417b8d_01.jpg,0,hidup,val,valid,hen_f0627,valid/IMG_5801_PNG_jpg.rf.45290bacaedcdbfb292cdc9ce8417b8d.jpg,"[287, 350, 348, 516]",1.0,hen_gt,hen_kandang
hidup/hen_f0627_IMG_5801_PNG_jpg.rf.45290bacaedcdbfb292cdc9ce8417b8d_02.jpg,0,hidup,val,valid,hen_f0627,valid/IMG_5801_PNG_jpg.rf.45290bacaedcdbfb292cdc9ce8417b8d.jpg,"[226, 442, 302, 559]",1.0,hen_gt,hen_kandang
hidup/hen_f0628_IMG_20220303_085533_jpg.rf.68657dec30a8219cb7aae592f9d7b3bb_00.jpg,0,hidup,val,train,hen_f0628,train/IMG_20220303_085533_jpg.rf.68657dec30a8219cb7aae592f9d7b3bb.jpg,"[212, 114, 282, 210]",1.0,hen_gt,hen_kandang
hidup/hen_f0628_IMG_20220303_085533_jpg.rf.68657dec30a8219cb7aae592f9d7b3bb_01.jpg,0,hidup,val,train,hen_f0628,train/IMG_20220303_085533_jpg.rf.68657dec30a8219cb7aae592f9d7b3bb.jpg,"[262, 115, 320, 246]",1.0,hen_gt,hen_kandang
hidup/hen_f0628_IMG_20220303_085533_jpg.rf.68657dec30a8219cb7aae592f9d7b3bb_02.jpg,0,hidup,val,train,hen_f0628,train/IMG_20220303_085533_jpg.rf.68657dec30a8219cb7aae592f9d7b3bb.jpg,"[133, 106, 248, 272]",1.0,hen_gt,hen_kandang
hidup/hen_f0628_IMG_20220303_085533_jpg.rf.68657dec30a8219cb7aae592f9d7b3bb_03.jpg,0,hidup,val,train,hen_f0628,train/IMG_20220303_085533_jpg.rf.68657dec30a8219cb7aae592f9d7b3bb.jpg,"[72, 120, 144, 258]",1.0,hen_gt,hen_kandang
hidup/hen_f0630_IMG_20220513_171740_HHT_jpg.rf.0ce0ab89fcd118ed5444921f4e29a767_00.jpg,0,hidup,val,valid,hen_f0630,valid/IMG_20220513_171740_HHT_jpg.rf.0ce0ab89fcd118ed5444921f4e29a767.jpg,"[240, 254, 424, 380]",1.0,hen_gt,hen_kandang
hidup/hen_f0632_IMG_20220303_085340_jpg.rf.63c2e20ea931a49221002ecce6c25a81_00.jpg,0,hidup,val,train,hen_f0632,train/IMG_20220303_085340_jpg.rf.63c2e20ea931a49221002ecce6c25a81.jpg,"[20, 73, 134, 98]",1.0,hen_gt,hen_kandang
hidup/hen_f0632_IMG_20220303_085340_jpg.rf.63c2e20ea931a49221002ecce6c25a81_01.jpg,0,hidup,val,train,hen_f0632,train/IMG_20220303_085340_jpg.rf.63c2e20ea931a49221002ecce6c25a81.jpg,"[43, 93, 160, 130]",1.0,hen_gt,hen_kandang
hidup/hen_f0632_IMG_20220303_085340_jpg.rf.63c2e20ea931a49221002ecce6c25a81_03.jpg,0,hidup,val,train,hen_f0632,train/IMG_20220303_085340_jpg.rf.63c2e20ea931a49221002ecce6c25a81.jpg,"[48, 187, 243, 234]",1.0,hen_gt,hen_kandang
hidup/hen_f0632_IMG_20220303_085340_jpg.rf.63c2e20ea931a49221002ecce6c25a81_05.jpg,0,hidup,val,train,hen_f0632,train/IMG_20220303_085340_jpg.rf.63c2e20ea931a49221002ecce6c25a81.jpg,"[167, 44, 299, 109]",1.0,hen_gt,hen_kandang
hidup/hen_f0636_IMG_20220303_085431_jpg.rf.9562ebcc51be939f54673bc50fc9959d_010.jpg,0,hidup,val,train,hen_f0636,train/IMG_20220303_085431_jpg.rf.9562ebcc51be939f54673bc50fc9959d.jpg,"[0, 29, 23, 89]",1.0,hen_gt,hen_kandang
hidup/hen_f0636_IMG_20220303_085431_jpg.rf.9562ebcc51be939f54673bc50fc9959d_011.jpg,0,hidup,val,train,hen_f0636,train/IMG_20220303_085431_jpg.rf.9562ebcc51be939f54673bc50fc9959d.jpg,"[109, 49, 142, 96]",1.0,hen_gt,hen_kandang
hidup/hen_f0636_IMG_20220303_085431_jpg.rf.9562ebcc51be939f54673bc50fc9959d_08.jpg,0,hidup,val,train,hen_f0636,train/IMG_20220303_085431_jpg.rf.9562ebcc51be939f54673bc50fc9959d.jpg,"[234, 273, 278, 320]",1.0,hen_gt,hen_kandang
hidup/hen_f0636_IMG_20220303_085431_jpg.rf.9562ebcc51be939f54673bc50fc9959d_09.jpg,0,hidup,val,train,hen_f0636,train/IMG_20220303_085431_jpg.rf.9562ebcc51be939f54673bc50fc9959d.jpg,"[165, 275, 204, 320]",1.0,hen_gt,hen_kandang
hidup/hen_f0637_images-33-_jpg.rf.4e06d0300ce8f4cd483aab8ff176cf2e_00.jpg,0,hidup,val,train,hen_f0637,train/images-33-_jpg.rf.4e06d0300ce8f4cd483aab8ff176cf2e.jpg,"[275, 155, 562, 633]",1.0,hen_gt,hen_kandang
hidup/hen_f0637_images-33-_jpg.rf.4e06d0300ce8f4cd483aab8ff176cf2e_01.jpg,0,hidup,val,train,hen_f0637,train/images-33-_jpg.rf.4e06d0300ce8f4cd483aab8ff176cf2e.jpg,"[3, 286, 179, 640]",1.0,hen_gt,hen_kandang
hidup/hen_f0637_images-33-_jpg.rf.4e06d0300ce8f4cd483aab8ff176cf2e_02.jpg,0,hidup,val,train,hen_f0637,train/images-33-_jpg.rf.4e06d0300ce8f4cd483aab8ff176cf2e.jpg,"[152, 13, 266, 440]",1.0,hen_gt,hen_kandang
hidup/hen_f0637_images-33-_jpg.rf.4e06d0300ce8f4cd483aab8ff176cf2e_04.jpg,0,hidup,val,train,hen_f0637,train/images-33-_jpg.rf.4e06d0300ce8f4cd483aab8ff176cf2e.jpg,"[469, 40, 634, 358]",1.0,hen_gt,hen_kandang
hidup/hen_f0638_IMG20220702135246_jpg.rf.b786a81fd90f43b5c2b87300745a2f8c_00.jpg,0,hidup,val,valid,hen_f0638,valid/IMG20220702135246_jpg.rf.b786a81fd90f43b5c2b87300745a2f8c.jpg,"[180, 143, 515, 534]",1.0,hen_gt,hen_kandang
hidup/hen_f0641_IMG_20220513_171842_HHT_jpg.rf.455b9990774074171adb18efbd3fd70c_00.jpg,0,hidup,val,train,hen_f0641,train/IMG_20220513_171842_HHT_jpg.rf.455b9990774074171adb18efbd3fd70c.jpg,"[238, 242, 397, 358]",1.0,hen_gt,hen_kandang
hidup/hen_f0647_IMG_5802_PNG_jpg.rf.433041ea865a474d75060342e23f7c1d_00.jpg,0,hidup,val,train,hen_f0647,train/IMG_5802_PNG_jpg.rf.433041ea865a474d75060342e23f7c1d.jpg,"[257, 314, 378, 574]",1.0,hen_gt,hen_kandang
hidup/hen_f0648_IMG_20220513_170716_HHT_jpg.rf.0ee9555e1db17c0bcfe0bc3a3462c7d7_00.jpg,0,hidup,val,train,hen_f0648,train/IMG_20220513_170716_HHT_jpg.rf.0ee9555e1db17c0bcfe0bc3a3462c7d7.jpg,"[210, 244, 386, 362]",1.0,hen_gt,hen_kandang
hidup/hen_f0649_IMG_20220513_170647_HHT_jpg.rf.70d15661ba56971837a8f7b7d13403aa_00.jpg,0,hidup,val,train,hen_f0649,train/IMG_20220513_170647_HHT_jpg.rf.70d15661ba56971837a8f7b7d13403aa.jpg,"[183, 170, 408, 324]",1.0,hen_gt,hen_kandang
hidup/hen_f0651_IMG_20220513_170947_HHT_jpg.rf.4f31766a751cbe7ba5544420329afa20_00.jpg,0,hidup,val,train,hen_f0651,train/IMG_20220513_170947_HHT_jpg.rf.4f31766a751cbe7ba5544420329afa20.jpg,"[236, 216, 373, 354]",1.0,hen_gt,hen_kandang
hidup/hen_f0657_images-89-_jpg.rf.17f859c08ab1e363f3acfd3a3752b6b2_00.jpg,0,hidup,val,valid,hen_f0657,valid/images-89-_jpg.rf.17f859c08ab1e363f3acfd3a3752b6b2.jpg,"[30, 0, 188, 136]",1.0,hen_gt,hen_kandang
hidup/hen_f0657_images-89-_jpg.rf.17f859c08ab1e363f3acfd3a3752b6b2_01.jpg,0,hidup,val,valid,hen_f0657,valid/images-89-_jpg.rf.17f859c08ab1e363f3acfd3a3752b6b2.jpg,"[139, 336, 324, 624]",1.0,hen_gt,hen_kandang
hidup/hen_f0657_images-89-_jpg.rf.17f859c08ab1e363f3acfd3a3752b6b2_02.jpg,0,hidup,val,valid,hen_f0657,valid/images-89-_jpg.rf.17f859c08ab1e363f3acfd3a3752b6b2.jpg,"[324, 321, 568, 505]",1.0,hen_gt,hen_kandang
hidup/hen_f0657_images-89-_jpg.rf.17f859c08ab1e363f3acfd3a3752b6b2_03.jpg,0,hidup,val,valid,hen_f0657,valid/images-89-_jpg.rf.17f859c08ab1e363f3acfd3a3752b6b2.jpg,"[520, 102, 640, 362]",1.0,hen_gt,hen_kandang
hidup/hen_f0659_images-54-_jpg.rf.8ea403c5303b5f528ceeeeba7e956556_00.jpg,0,hidup,val,train,hen_f0659,train/images-54-_jpg.rf.8ea403c5303b5f528ceeeeba7e956556.jpg,"[4, 202, 194, 634]",1.0,hen_gt,hen_kandang
hidup/hen_f0659_images-54-_jpg.rf.8ea403c5303b5f528ceeeeba7e956556_01.jpg,0,hidup,val,train,hen_f0659,train/images-54-_jpg.rf.8ea403c5303b5f528ceeeeba7e956556.jpg,"[450, 129, 631, 624]",1.0,hen_gt,hen_kandang
hidup/hen_f0659_images-54-_jpg.rf.8ea403c5303b5f528ceeeeba7e956556_02.jpg,0,hidup,val,train,hen_f0659,train/images-54-_jpg.rf.8ea403c5303b5f528ceeeeba7e956556.jpg,"[170, 121, 351, 346]",1.0,hen_gt,hen_kandang
hidup/hen_f0660_IMG_20220513_170854_HHT_jpg.rf.08386fa275e9e32234253e9c38e70f33_00.jpg,0,hidup,val,valid,hen_f0660,valid/IMG_20220513_170854_HHT_jpg.rf.08386fa275e9e32234253e9c38e70f33.jpg,"[262, 221, 357, 335]",1.0,hen_gt,hen_kandang
hidup/hen_f0664_IMG_20220513_170709_HHT_jpg.rf.11ba4a3fc6e994b1c8174ed03b54399d_00.jpg,0,hidup,val,train,hen_f0664,train/IMG_20220513_170709_HHT_jpg.rf.11ba4a3fc6e994b1c8174ed03b54399d.jpg,"[260, 208, 388, 350]",1.0,hen_gt,hen_kandang
hidup/hen_f0668_IMG_20220513_171913_HHT_jpg.rf.ad0dd242ed47254edda41b29a4b497f9_00.jpg,0,hidup,val,valid,hen_f0668,valid/IMG_20220513_171913_HHT_jpg.rf.ad0dd242ed47254edda41b29a4b497f9.jpg,"[248, 232, 380, 370]",1.0,hen_gt,hen_kandang
hidup/hen_f0670_IMG_5796_JPG_jpg.rf.66a6c5c935f863fefb9bf1cf22a77a58_00.jpg,0,hidup,val,train,hen_f0670,train/IMG_5796_JPG_jpg.rf.66a6c5c935f863fefb9bf1cf22a77a58.jpg,"[301, 224, 427, 607]",1.0,hen_gt,hen_kandang
hidup/hen_f0670_IMG_5796_JPG_jpg.rf.66a6c5c935f863fefb9bf1cf22a77a58_01.jpg,0,hidup,val,train,hen_f0670,train/IMG_5796_JPG_jpg.rf.66a6c5c935f863fefb9bf1cf22a77a58.jpg,"[447, 416, 607, 607]",1.0,hen_gt,hen_kandang
hidup/hen_f0672_IMG_5791_JPG_jpg.rf.29008a0837fafad86d84a368e141766e_00.jpg,0,hidup,val,train,hen_f0672,train/IMG_5791_JPG_jpg.rf.29008a0837fafad86d84a368e141766e.jpg,"[75, 266, 201, 464]",1.0,hen_gt,hen_kandang
hidup/hen_f0672_IMG_5791_JPG_jpg.rf.29008a0837fafad86d84a368e141766e_01.jpg,0,hidup,val,train,hen_f0672,train/IMG_5791_JPG_jpg.rf.29008a0837fafad86d84a368e141766e.jpg,"[223, 338, 429, 573]",1.0,hen_gt,hen_kandang
hidup/hen_f0672_IMG_5791_JPG_jpg.rf.29008a0837fafad86d84a368e141766e_02.jpg,0,hidup,val,train,hen_f0672,train/IMG_5791_JPG_jpg.rf.29008a0837fafad86d84a368e141766e.jpg,"[231, 117, 370, 426]",1.0,hen_gt,hen_kandang
hidup/hen_f0676_IMG_20220513_175758_HHT_jpg.rf.2d925c81977287dc6e0b445434e44455_00.jpg,0,hidup,val,valid,hen_f0676,valid/IMG_20220513_175758_HHT_jpg.rf.2d925c81977287dc6e0b445434e44455.jpg,"[212, 165, 379, 289]",1.0,hen_gt,hen_kandang
hidup/hen_f0678_IMG_5798_JPG_jpg.rf.07b15b160ff46db8be2ad264f1f9ec5a_00.jpg,0,hidup,val,train,hen_f0678,train/IMG_5798_JPG_jpg.rf.07b15b160ff46db8be2ad264f1f9ec5a.jpg,"[120, 0, 556, 607]",1.0,hen_gt,hen_kandang
hidup/hen_f0679_IMG_5812_PNG_jpg.rf.1631af153ba94d73d31cd8eadf210a54_00.jpg,0,hidup,val,valid,hen_f0679,valid/IMG_5812_PNG_jpg.rf.1631af153ba94d73d31cd8eadf210a54.jpg,"[191, 178, 349, 548]",1.0,hen_gt,hen_kandang
hidup/hen_f0679_IMG_5812_PNG_jpg.rf.1631af153ba94d73d31cd8eadf210a54_01.jpg,0,hidup,val,valid,hen_f0679,valid/IMG_5812_PNG_jpg.rf.1631af153ba94d73d31cd8eadf210a54.jpg,"[317, 158, 472, 607]",1.0,hen_gt,hen_kandang
hidup/hen_f0679_IMG_5812_PNG_jpg.rf.1631af153ba94d73d31cd8eadf210a54_02.jpg,0,hidup,val,valid,hen_f0679,valid/IMG_5812_PNG_jpg.rf.1631af153ba94d73d31cd8eadf210a54.jpg,"[41, 162, 247, 607]",1.0,hen_gt,hen_kandang
hidup/hen_f0683_2_JPG_jpg.rf.4e56de601ff917f969d25bca8cc6aa08_00.jpg,0,hidup,val,train,hen_f0683,train/2_JPG_jpg.rf.4e56de601ff917f969d25bca8cc6aa08.jpg,"[63, 126, 202, 320]",1.0,hen_gt,hen_kandang
hidup/hen_f0683_2_JPG_jpg.rf.4e56de601ff917f969d25bca8cc6aa08_01.jpg,0,hidup,val,train,hen_f0683,train/2_JPG_jpg.rf.4e56de601ff917f969d25bca8cc6aa08.jpg,"[239, 155, 320, 320]",1.0,hen_gt,hen_kandang
hidup/hen_f0684_IMG_5827_PNG_jpg.rf.3b99c9889be9126fd6428833a8d50674_00.jpg,0,hidup,val,train,hen_f0684,train/IMG_5827_PNG_jpg.rf.3b99c9889be9126fd6428833a8d50674.jpg,"[283, 474, 356, 607]",1.0,hen_gt,hen_kandang
hidup/hen_f0684_IMG_5827_PNG_jpg.rf.3b99c9889be9126fd6428833a8d50674_01.jpg,0,hidup,val,train,hen_f0684,train/IMG_5827_PNG_jpg.rf.3b99c9889be9126fd6428833a8d50674.jpg,"[244, 423, 314, 582]",1.0,hen_gt,hen_kandang
hidup/hen_f0684_IMG_5827_PNG_jpg.rf.3b99c9889be9126fd6428833a8d50674_02.jpg,0,hidup,val,train,hen_f0684,train/IMG_5827_PNG_jpg.rf.3b99c9889be9126fd6428833a8d50674.jpg,"[356, 447, 424, 598]",1.0,hen_gt,hen_kandang
hidup/hen_f0688_IMG_5794_JPG_jpg.rf.07871f542ee1f843be04dbbabbe5fbc1_00.jpg,0,hidup,val,train,hen_f0688,train/IMG_5794_JPG_jpg.rf.07871f542ee1f843be04dbbabbe5fbc1.jpg,"[205, 331, 264, 524]",1.0,hen_gt,hen_kandang
hidup/hen_f0688_IMG_5794_JPG_jpg.rf.07871f542ee1f843be04dbbabbe5fbc1_02.jpg,0,hidup,val,train,hen_f0688,train/IMG_5794_JPG_jpg.rf.07871f542ee1f843be04dbbabbe5fbc1.jpg,"[433, 341, 528, 569]",1.0,hen_gt,hen_kandang
hidup/hen_f0688_IMG_5794_JPG_jpg.rf.07871f542ee1f843be04dbbabbe5fbc1_03.jpg,0,hidup,val,train,hen_f0688,train/IMG_5794_JPG_jpg.rf.07871f542ee1f843be04dbbabbe5fbc1.jpg,"[84, 386, 172, 603]",1.0,hen_gt,hen_kandang
hidup/hen_f0688_IMG_5794_JPG_jpg.rf.07871f542ee1f843be04dbbabbe5fbc1_04.jpg,0,hidup,val,train,hen_f0688,train/IMG_5794_JPG_jpg.rf.07871f542ee1f843be04dbbabbe5fbc1.jpg,"[264, 457, 350, 608]",1.0,hen_gt,hen_kandang
hidup/hen_f0690_IMG_5828_PNG_jpg.rf.a666fc28f9c6a7b5aeae71dfd14aee9e_00.jpg,0,hidup,val,test,hen_f0690,test/IMG_5828_PNG_jpg.rf.a666fc28f9c6a7b5aeae71dfd14aee9e.jpg,"[225, 84, 415, 607]",1.0,hen_gt,hen_kandang
hidup/hen_f0691_IMG_5788-1-_JPG_jpg.rf.3c3a6767093fd4192a4aac8598cdb29a_00.jpg,0,hidup,val,train,hen_f0691,train/IMG_5788-1-_JPG_jpg.rf.3c3a6767093fd4192a4aac8598cdb29a.jpg,"[285, 411, 487, 607]",1.0,hen_gt,hen_kandang
hidup/hen_f0691_IMG_5788-1-_JPG_jpg.rf.3c3a6767093fd4192a4aac8598cdb29a_01.jpg,0,hidup,val,train,hen_f0691,train/IMG_5788-1-_JPG_jpg.rf.3c3a6767093fd4192a4aac8598cdb29a.jpg,"[448, 196, 598, 306]",1.0,hen_gt,hen_kandang
hidup/hen_f0692_IMG_5820_PNG_jpg.rf.a4016d3eb26480f02c608efd38000324_01.jpg,0,hidup,val,train,hen_f0692,train/IMG_5820_PNG_jpg.rf.a4016d3eb26480f02c608efd38000324.jpg,"[369, 164, 417, 346]",1.0,hen_gt,hen_kandang
hidup/hen_f0692_IMG_5820_PNG_jpg.rf.a4016d3eb26480f02c608efd38000324_03.jpg,0,hidup,val,train,hen_f0692,train/IMG_5820_PNG_jpg.rf.a4016d3eb26480f02c608efd38000324.jpg,"[110, 220, 202, 396]",1.0,hen_gt,hen_kandang
hidup/hen_f0692_IMG_5820_PNG_jpg.rf.a4016d3eb26480f02c608efd38000324_05.jpg,0,hidup,val,train,hen_f0692,train/IMG_5820_PNG_jpg.rf.a4016d3eb26480f02c608efd38000324.jpg,"[302, 339, 408, 470]",1.0,hen_gt,hen_kandang
hidup/hen_f0692_IMG_5820_PNG_jpg.rf.a4016d3eb26480f02c608efd38000324_06.jpg,0,hidup,val,train,hen_f0692,train/IMG_5820_PNG_jpg.rf.a4016d3eb26480f02c608efd38000324.jpg,"[184, 403, 303, 607]",1.0,hen_gt,hen_kandang
hidup/hen_f0693_33_JPG_jpg.rf.85acce1f70f2c4df488ce1a8a8968bdd_012.jpg,0,hidup,val,train,hen_f0693,train/33_JPG_jpg.rf.85acce1f70f2c4df488ce1a8a8968bdd.jpg,"[52, 146, 84, 208]",1.0,hen_gt,hen_kandang
hidup/hen_f0693_33_JPG_jpg.rf.85acce1f70f2c4df488ce1a8a8968bdd_013.jpg,0,hidup,val,train,hen_f0693,train/33_JPG_jpg.rf.85acce1f70f2c4df488ce1a8a8968bdd.jpg,"[0, 154, 31, 220]",1.0,hen_gt,hen_kandang
hidup/hen_f0693_33_JPG_jpg.rf.85acce1f70f2c4df488ce1a8a8968bdd_02.jpg,0,hidup,val,train,hen_f0693,train/33_JPG_jpg.rf.85acce1f70f2c4df488ce1a8a8968bdd.jpg,"[88, 36, 120, 79]",1.0,hen_gt,hen_kandang
hidup/hen_f0693_33_JPG_jpg.rf.85acce1f70f2c4df488ce1a8a8968bdd_08.jpg,0,hidup,val,train,hen_f0693,train/33_JPG_jpg.rf.85acce1f70f2c4df488ce1a8a8968bdd.jpg,"[67, 113, 114, 151]",1.0,hen_gt,hen_kandang
hidup/hen_f0694_IMG20220702135438_jpg.rf.17141751c5364356d59a11d7c2e9df54_00.jpg,0,hidup,val,train,hen_f0694,train/IMG20220702135438_jpg.rf.17141751c5364356d59a11d7c2e9df54.jpg,"[94, 188, 481, 607]",1.0,hen_gt,hen_kandang
hidup/hen_f0697_IMG_20220513_175806_HHT_jpg.rf.2c9fa70eb622e375c58f5fc2e1b130a2_00.jpg,0,hidup,val,train,hen_f0697,train/IMG_20220513_175806_HHT_jpg.rf.2c9fa70eb622e375c58f5fc2e1b130a2.jpg,"[208, 206, 356, 345]",1.0,hen_gt,hen_kandang
hidup/hen_f0708_IMG_20220303_085432_jpg.rf.6f4c694f4db8c59b57b635f100c21247_014.jpg,0,hidup,val,train,hen_f0708,train/IMG_20220303_085432_jpg.rf.6f4c694f4db8c59b57b635f100c21247.jpg,"[171, 52, 202, 92]",1.0,hen_gt,hen_kandang
hidup/hen_f0708_IMG_20220303_085432_jpg.rf.6f4c694f4db8c59b57b635f100c21247_017.jpg,0,hidup,val,train,hen_f0708,train/IMG_20220303_085432_jpg.rf.6f4c694f4db8c59b57b635f100c21247.jpg,"[51, 75, 106, 132]",1.0,hen_gt,hen_kandang
hidup/hen_f0708_IMG_20220303_085432_jpg.rf.6f4c694f4db8c59b57b635f100c21247_03.jpg,0,hidup,val,train,hen_f0708,train/IMG_20220303_085432_jpg.rf.6f4c694f4db8c59b57b635f100c21247.jpg,"[122, 96, 221, 221]",1.0,hen_gt,hen_kandang
hidup/hen_f0708_IMG_20220303_085432_jpg.rf.6f4c694f4db8c59b57b635f100c21247_09.jpg,0,hidup,val,train,hen_f0708,train/IMG_20220303_085432_jpg.rf.6f4c694f4db8c59b57b635f100c21247.jpg,"[148, 16, 182, 46]",1.0,hen_gt,hen_kandang
hidup/hen_f0709_IMG_20220513_171814_HHT_jpg.rf.5af38cd210e3a6cacd3e75693bd3354d_00.jpg,0,hidup,val,train,hen_f0709,train/IMG_20220513_171814_HHT_jpg.rf.5af38cd210e3a6cacd3e75693bd3354d.jpg,"[196, 259, 381, 369]",1.0,hen_gt,hen_kandang
hidup/hen_f0715_IMG_20220513_171818_HHT_jpg.rf.3a518fc607365c4b362f5232d05579bb_00.jpg,0,hidup,val,train,hen_f0715,train/IMG_20220513_171818_HHT_jpg.rf.3a518fc607365c4b362f5232d05579bb.jpg,"[230, 250, 428, 366]",1.0,hen_gt,hen_kandang
hidup/hen_f0716_IMG_20220513_171907_HHT_jpg.rf.bf4516fdbf5e82a5d88167a8c08e9afa_00.jpg,0,hidup,val,valid,hen_f0716,valid/IMG_20220513_171907_HHT_jpg.rf.bf4516fdbf5e82a5d88167a8c08e9afa.jpg,"[236, 248, 407, 362]",1.0,hen_gt,hen_kandang
hidup/hen_f0717_images-2023-03-16T144559-286_jpg.rf.66fd6268a07eca5ce4ec97aaabbba74e_00.jpg,0,hidup,val,train,hen_f0717,train/images-2023-03-16T144559-286_jpg.rf.66fd6268a07eca5ce4ec97aaabbba74e.jpg,"[338, 115, 628, 540]",1.0,hen_gt,hen_kandang
hidup/hen_f0717_images-2023-03-16T144559-286_jpg.rf.66fd6268a07eca5ce4ec97aaabbba74e_01.jpg,0,hidup,val,train,hen_f0717,train/images-2023-03-16T144559-286_jpg.rf.66fd6268a07eca5ce4ec97aaabbba74e.jpg,"[15, 242, 178, 472]",1.0,hen_gt,hen_kandang
hidup/hen_f0717_images-2023-03-16T144559-286_jpg.rf.66fd6268a07eca5ce4ec97aaabbba74e_02.jpg,0,hidup,val,train,hen_f0717,train/images-2023-03-16T144559-286_jpg.rf.66fd6268a07eca5ce4ec97aaabbba74e.jpg,"[164, 209, 248, 464]",1.0,hen_gt,hen_kandang
hidup/hen_f0717_images-2023-03-16T144559-286_jpg.rf.66fd6268a07eca5ce4ec97aaabbba74e_03.jpg,0,hidup,val,train,hen_f0717,train/images-2023-03-16T144559-286_jpg.rf.66fd6268a07eca5ce4ec97aaabbba74e.jpg,"[217, 241, 328, 489]",1.0,hen_gt,hen_kandang
hidup/hen_f0720_IMG_20220513_171129_HHT_jpg.rf.12665bbfd33f649be28797c9c00992ce_00.jpg,0,hidup,val,train,hen_f0720,train/IMG_20220513_171129_HHT_jpg.rf.12665bbfd33f649be28797c9c00992ce.jpg,"[203, 240, 406, 383]",1.0,hen_gt,hen_kandang
hidup/hen_f0723_images-2023-03-16T144705-840_jpg.rf.2eb7ab00d8d527247548747532f1be6f_00.jpg,0,hidup,val,train,hen_f0723,train/images-2023-03-16T144705-840_jpg.rf.2eb7ab00d8d527247548747532f1be6f.jpg,"[248, 266, 595, 624]",1.0,hen_gt,hen_kandang
hidup/hen_f0723_images-2023-03-16T144705-840_jpg.rf.2eb7ab00d8d527247548747532f1be6f_01.jpg,0,hidup,val,train,hen_f0723,train/images-2023-03-16T144705-840_jpg.rf.2eb7ab00d8d527247548747532f1be6f.jpg,"[0, 184, 106, 512]",1.0,hen_gt,hen_kandang
hidup/hen_f0723_images-2023-03-16T144705-840_jpg.rf.2eb7ab00d8d527247548747532f1be6f_02.jpg,0,hidup,val,train,hen_f0723,train/images-2023-03-16T144705-840_jpg.rf.2eb7ab00d8d527247548747532f1be6f.jpg,"[353, 197, 587, 407]",1.0,hen_gt,hen_kandang
hidup/hen_f0723_images-2023-03-16T144705-840_jpg.rf.2eb7ab00d8d527247548747532f1be6f_03.jpg,0,hidup,val,train,hen_f0723,train/images-2023-03-16T144705-840_jpg.rf.2eb7ab00d8d527247548747532f1be6f.jpg,"[534, 145, 640, 315]",1.0,hen_gt,hen_kandang
hidup/hen_f0727_images-56-_jpg.rf.86389a11ef023f7bb5a23fb9426eb792_00.jpg,0,hidup,val,train,hen_f0727,train/images-56-_jpg.rf.86389a11ef023f7bb5a23fb9426eb792.jpg,"[20, 405, 252, 626]",1.0,hen_gt,hen_kandang
hidup/hen_f0727_images-56-_jpg.rf.86389a11ef023f7bb5a23fb9426eb792_03.jpg,0,hidup,val,train,hen_f0727,train/images-56-_jpg.rf.86389a11ef023f7bb5a23fb9426eb792.jpg,"[312, 421, 485, 506]",1.0,hen_gt,hen_kandang
hidup/hen_f0727_images-56-_jpg.rf.86389a11ef023f7bb5a23fb9426eb792_05.jpg,0,hidup,val,train,hen_f0727,train/images-56-_jpg.rf.86389a11ef023f7bb5a23fb9426eb792.jpg,"[292, 327, 422, 442]",1.0,hen_gt,hen_kandang
hidup/hen_f0727_images-56-_jpg.rf.86389a11ef023f7bb5a23fb9426eb792_06.jpg,0,hidup,val,train,hen_f0727,train/images-56-_jpg.rf.86389a11ef023f7bb5a23fb9426eb792.jpg,"[74, 334, 184, 428]",1.0,hen_gt,hen_kandang
hidup/hen_f0728_images-55-_jpg.rf.80329e00e24a28de857b3becde0fdbd6_00.jpg,0,hidup,val,train,hen_f0728,train/images-55-_jpg.rf.80329e00e24a28de857b3becde0fdbd6.jpg,"[175, 324, 452, 627]",1.0,hen_gt,hen_kandang
hidup/hen_f0728_images-55-_jpg.rf.80329e00e24a28de857b3becde0fdbd6_01.jpg,0,hidup,val,train,hen_f0728,train/images-55-_jpg.rf.80329e00e24a28de857b3becde0fdbd6.jpg,"[398, 4, 625, 263]",1.0,hen_gt,hen_kandang
hidup/hen_f0728_images-55-_jpg.rf.80329e00e24a28de857b3becde0fdbd6_02.jpg,0,hidup,val,train,hen_f0728,train/images-55-_jpg.rf.80329e00e24a28de857b3becde0fdbd6.jpg,"[99, 215, 224, 512]",1.0,hen_gt,hen_kandang
hidup/hen_f0728_images-55-_jpg.rf.80329e00e24a28de857b3becde0fdbd6_06.jpg,0,hidup,val,train,hen_f0728,train/images-55-_jpg.rf.80329e00e24a28de857b3becde0fdbd6.jpg,"[268, 189, 314, 269]",1.0,hen_gt,hen_kandang
hidup/hen_f0731_images-58-_jpg.rf.250ef753c9e53d87791db75a088142ae_00.jpg,0,hidup,val,train,hen_f0731,train/images-58-_jpg.rf.250ef753c9e53d87791db75a088142ae.jpg,"[142, 244, 640, 518]",1.0,hen_gt,hen_kandang
hidup/hen_f0732_images-69-_jpg.rf.01704aa4a5a2af573cdf48c58ff2f3d7_00.jpg,0,hidup,val,train,hen_f0732,train/images-69-_jpg.rf.01704aa4a5a2af573cdf48c58ff2f3d7.jpg,"[185, 236, 403, 583]",1.0,hen_gt,hen_kandang
hidup/hen_f0732_images-69-_jpg.rf.01704aa4a5a2af573cdf48c58ff2f3d7_01.jpg,0,hidup,val,train,hen_f0732,train/images-69-_jpg.rf.01704aa4a5a2af573cdf48c58ff2f3d7.jpg,"[0, 198, 167, 509]",1.0,hen_gt,hen_kandang
hidup/hen_f0732_images-69-_jpg.rf.01704aa4a5a2af573cdf48c58ff2f3d7_02.jpg,0,hidup,val,train,hen_f0732,train/images-69-_jpg.rf.01704aa4a5a2af573cdf48c58ff2f3d7.jpg,"[2, 450, 311, 640]",1.0,hen_gt,hen_kandang
hidup/hen_f0732_images-69-_jpg.rf.01704aa4a5a2af573cdf48c58ff2f3d7_03.jpg,0,hidup,val,train,hen_f0732,train/images-69-_jpg.rf.01704aa4a5a2af573cdf48c58ff2f3d7.jpg,"[383, 501, 640, 640]",1.0,hen_gt,hen_kandang
hidup/hen_f0737_images-57-_jpg.rf.205c5d5bfab441228004856097b61a8e_00.jpg,0,hidup,val,train,hen_f0737,train/images-57-_jpg.rf.205c5d5bfab441228004856097b61a8e.jpg,"[131, 106, 640, 358]",1.0,hen_gt,hen_kandang
hidup/hen_f0737_images-57-_jpg.rf.205c5d5bfab441228004856097b61a8e_01.jpg,0,hidup,val,train,hen_f0737,train/images-57-_jpg.rf.205c5d5bfab441228004856097b61a8e.jpg,"[0, 85, 116, 387]",1.0,hen_gt,hen_kandang
hidup/hen_f0737_images-57-_jpg.rf.205c5d5bfab441228004856097b61a8e_02.jpg,0,hidup,val,train,hen_f0737,train/images-57-_jpg.rf.205c5d5bfab441228004856097b61a8e.jpg,"[130, 0, 582, 118]",1.0,hen_gt,hen_kandang
hidup/hen_f0741_IMG20220702135046_jpg.rf.09999fd4f82566e9ac277cc5f28aa3f1_00.jpg,0,hidup,val,train,hen_f0741,train/IMG20220702135046_jpg.rf.09999fd4f82566e9ac277cc5f28aa3f1.jpg,"[64, 157, 556, 578]",1.0,hen_gt,hen_kandang
hidup/hen_f0742_IMG20220702135116_jpg.rf.350bf312f7d79a34af89cc4763778936_00.jpg,0,hidup,val,valid,hen_f0742,valid/IMG20220702135116_jpg.rf.350bf312f7d79a34af89cc4763778936.jpg,"[168, 152, 480, 438]",1.0,hen_gt,hen_kandang
hidup/hen_f0744_IMG_20220513_171934_HHT_jpg.rf.07cc3ec8db4f01290fac30f6e1c66f15_00.jpg,0,hidup,val,train,hen_f0744,train/IMG_20220513_171934_HHT_jpg.rf.07cc3ec8db4f01290fac30f6e1c66f15.jpg,"[224, 211, 353, 341]",1.0,hen_gt,hen_kandang
hidup/hen_f0745_IMG_20220513_171909_HHT_jpg.rf.a21b21e45dc9b7dcbabf315461efbdf7_00.jpg,0,hidup,val,train,hen_f0745,train/IMG_20220513_171909_HHT_jpg.rf.a21b21e45dc9b7dcbabf315461efbdf7.jpg,"[224, 253, 370, 389]",1.0,hen_gt,hen_kandang
hidup/hen_f0751_IMG_20220513_172003_HHT_jpg.rf.8219a26f369f77c358adcf17613b5f6f_00.jpg,0,hidup,val,train,hen_f0751,train/IMG_20220513_172003_HHT_jpg.rf.8219a26f369f77c358adcf17613b5f6f.jpg,"[183, 228, 403, 351]",1.0,hen_gt,hen_kandang
hidup/hen_f0755_images-2023-03-16T145709-306_jpg.rf.22c9830be60aec08c568e5567e2e9f34_00.jpg,0,hidup,val,valid,hen_f0755,valid/images-2023-03-16T145709-306_jpg.rf.22c9830be60aec08c568e5567e2e9f34.jpg,"[146, 363, 428, 640]",1.0,hen_gt,hen_kandang
hidup/hen_f0755_images-2023-03-16T145709-306_jpg.rf.22c9830be60aec08c568e5567e2e9f34_012.jpg,0,hidup,val,valid,hen_f0755,valid/images-2023-03-16T145709-306_jpg.rf.22c9830be60aec08c568e5567e2e9f34.jpg,"[155, 137, 228, 253]",1.0,hen_gt,hen_kandang
hidup/hen_f0755_images-2023-03-16T145709-306_jpg.rf.22c9830be60aec08c568e5567e2e9f34_04.jpg,0,hidup,val,valid,hen_f0755,valid/images-2023-03-16T145709-306_jpg.rf.22c9830be60aec08c568e5567e2e9f34.jpg,"[267, 306, 358, 460]",1.0,hen_gt,hen_kandang
hidup/hen_f0755_images-2023-03-16T145709-306_jpg.rf.22c9830be60aec08c568e5567e2e9f34_07.jpg,0,hidup,val,valid,hen_f0755,valid/images-2023-03-16T145709-306_jpg.rf.22c9830be60aec08c568e5567e2e9f34.jpg,"[113, 229, 206, 374]",1.0,hen_gt,hen_kandang
hidup/hen_f0756_images-2023-03-16T145557-544_jpg.rf.0f91b6fa6ca23db4534df8505c7b07bd_00.jpg,0,hidup,val,test,hen_f0756,test/images-2023-03-16T145557-544_jpg.rf.0f91b6fa6ca23db4534df8505c7b07bd.jpg,"[194, 247, 390, 520]",1.0,hen_gt,hen_kandang
hidup/hen_f0756_images-2023-03-16T145557-544_jpg.rf.0f91b6fa6ca23db4534df8505c7b07bd_01.jpg,0,hidup,val,test,hen_f0756,test/images-2023-03-16T145557-544_jpg.rf.0f91b6fa6ca23db4534df8505c7b07bd.jpg,"[319, 159, 569, 438]",1.0,hen_gt,hen_kandang
hidup/hen_f0756_images-2023-03-16T145557-544_jpg.rf.0f91b6fa6ca23db4534df8505c7b07bd_02.jpg,0,hidup,val,test,hen_f0756,test/images-2023-03-16T145557-544_jpg.rf.0f91b6fa6ca23db4534df8505c7b07bd.jpg,"[112, 247, 234, 419]",1.0,hen_gt,hen_kandang
hidup/hen_f0756_images-2023-03-16T145557-544_jpg.rf.0f91b6fa6ca23db4534df8505c7b07bd_03.jpg,0,hidup,val,test,hen_f0756,test/images-2023-03-16T145557-544_jpg.rf.0f91b6fa6ca23db4534df8505c7b07bd.jpg,"[559, 141, 640, 430]",1.0,hen_gt,hen_kandang
hidup/hen_f0757_images-2023-03-16T145549-149_jpg.rf.19e7874007a11a1132b54e7a0a31d59b_00.jpg,0,hidup,val,train,hen_f0757,train/images-2023-03-16T145549-149_jpg.rf.19e7874007a11a1132b54e7a0a31d59b.jpg,"[12, 294, 141, 483]",1.0,hen_gt,hen_kandang
hidup/hen_f0757_images-2023-03-16T145549-149_jpg.rf.19e7874007a11a1132b54e7a0a31d59b_04.jpg,0,hidup,val,train,hen_f0757,train/images-2023-03-16T145549-149_jpg.rf.19e7874007a11a1132b54e7a0a31d59b.jpg,"[194, 313, 260, 507]",1.0,hen_gt,hen_kandang
hidup/hen_f0757_images-2023-03-16T145549-149_jpg.rf.19e7874007a11a1132b54e7a0a31d59b_05.jpg,0,hidup,val,train,hen_f0757,train/images-2023-03-16T145549-149_jpg.rf.19e7874007a11a1132b54e7a0a31d59b.jpg,"[345, 284, 392, 334]",1.0,hen_gt,hen_kandang
hidup/hen_f0757_images-2023-03-16T145549-149_jpg.rf.19e7874007a11a1132b54e7a0a31d59b_09.jpg,0,hidup,val,train,hen_f0757,train/images-2023-03-16T145549-149_jpg.rf.19e7874007a11a1132b54e7a0a31d59b.jpg,"[259, 270, 320, 360]",1.0,hen_gt,hen_kandang
hidup/hen_f0759_IMG_5816_PNG_jpg.rf.32f08e2d666dd3bb7a01f6cacf1b615d_00.jpg,0,hidup,val,train,hen_f0759,train/IMG_5816_PNG_jpg.rf.32f08e2d666dd3bb7a01f6cacf1b615d.jpg,"[186, 151, 607, 607]",1.0,hen_gt,hen_kandang
hidup/hen_f0761_32_JPG_jpg.rf.350ba1f2ab4693b2d3f6f068ff34071d_01.jpg,0,hidup,val,train,hen_f0761,train/32_JPG_jpg.rf.350ba1f2ab4693b2d3f6f068ff34071d.jpg,"[0, 27, 34, 88]",1.0,hen_gt,hen_kandang
hidup/hen_f0761_32_JPG_jpg.rf.350ba1f2ab4693b2d3f6f068ff34071d_015.jpg,0,hidup,val,train,hen_f0761,train/32_JPG_jpg.rf.350ba1f2ab4693b2d3f6f068ff34071d.jpg,"[249, 229, 298, 314]",1.0,hen_gt,hen_kandang
hidup/hen_f0761_32_JPG_jpg.rf.350ba1f2ab4693b2d3f6f068ff34071d_02.jpg,0,hidup,val,train,hen_f0761,train/32_JPG_jpg.rf.350ba1f2ab4693b2d3f6f068ff34071d.jpg,"[96, 36, 134, 102]",1.0,hen_gt,hen_kandang
hidup/hen_f0761_32_JPG_jpg.rf.350ba1f2ab4693b2d3f6f068ff34071d_03.jpg,0,hidup,val,train,hen_f0761,train/32_JPG_jpg.rf.350ba1f2ab4693b2d3f6f068ff34071d.jpg,"[241, 46, 288, 97]",1.0,hen_gt,hen_kandang
hidup/hen_f0765_36_JPG_jpg.rf.29e5aeb82fd95ee83d8d29a25f8fce1b_016.jpg,0,hidup,val,train,hen_f0765,train/36_JPG_jpg.rf.29e5aeb82fd95ee83d8d29a25f8fce1b.jpg,"[38, 198, 54, 213]",1.0,hen_gt,hen_kandang
hidup/hen_f0765_36_JPG_jpg.rf.29e5aeb82fd95ee83d8d29a25f8fce1b_021.jpg,0,hidup,val,train,hen_f0765,train/36_JPG_jpg.rf.29e5aeb82fd95ee83d8d29a25f8fce1b.jpg,"[20, 212, 33, 226]",1.0,hen_gt,hen_kandang
hidup/hen_f0765_36_JPG_jpg.rf.29e5aeb82fd95ee83d8d29a25f8fce1b_048.jpg,0,hidup,val,train,hen_f0765,train/36_JPG_jpg.rf.29e5aeb82fd95ee83d8d29a25f8fce1b.jpg,"[189, 302, 206, 319]",1.0,hen_gt,hen_kandang
hidup/hen_f0765_36_JPG_jpg.rf.29e5aeb82fd95ee83d8d29a25f8fce1b_05.jpg,0,hidup,val,train,hen_f0765,train/36_JPG_jpg.rf.29e5aeb82fd95ee83d8d29a25f8fce1b.jpg,"[56, 167, 69, 183]",1.0,hen_gt,hen_kandang
hidup/hen_f0766_35_JPG_jpg.rf.a01404062691f9f2bef63a0eb00ae1d0_01.jpg,0,hidup,val,train,hen_f0766,train/35_JPG_jpg.rf.a01404062691f9f2bef63a0eb00ae1d0.jpg,"[0, 40, 37, 96]",1.0,hen_gt,hen_kandang
hidup/hen_f0766_35_JPG_jpg.rf.a01404062691f9f2bef63a0eb00ae1d0_014.jpg,0,hidup,val,train,hen_f0766,train/35_JPG_jpg.rf.a01404062691f9f2bef63a0eb00ae1d0.jpg,"[56, 218, 132, 313]",1.0,hen_gt,hen_kandang
hidup/hen_f0766_35_JPG_jpg.rf.a01404062691f9f2bef63a0eb00ae1d0_017.jpg,0,hidup,val,train,hen_f0766,train/35_JPG_jpg.rf.a01404062691f9f2bef63a0eb00ae1d0.jpg,"[92, 289, 152, 320]",1.0,hen_gt,hen_kandang
hidup/hen_f0766_35_JPG_jpg.rf.a01404062691f9f2bef63a0eb00ae1d0_04.jpg,0,hidup,val,train,hen_f0766,train/35_JPG_jpg.rf.a01404062691f9f2bef63a0eb00ae1d0.jpg,"[301, 60, 320, 134]",1.0,hen_gt,hen_kandang
hidup/hen_f0767_37_JPG_jpg.rf.1b9e086e3104e346b5ccd249b0847200_018.jpg,0,hidup,val,train,hen_f0767,train/37_JPG_jpg.rf.1b9e086e3104e346b5ccd249b0847200.jpg,"[243, 285, 260, 309]",1.0,hen_gt,hen_kandang
hidup/hen_f0767_37_JPG_jpg.rf.1b9e086e3104e346b5ccd249b0847200_020.jpg,0,hidup,val,train,hen_f0767,train/37_JPG_jpg.rf.1b9e086e3104e346b5ccd249b0847200.jpg,"[42, 301, 60, 320]",1.0,hen_gt,hen_kandang
hidup/hen_f0767_37_JPG_jpg.rf.1b9e086e3104e346b5ccd249b0847200_05.jpg,0,hidup,val,train,hen_f0767,train/37_JPG_jpg.rf.1b9e086e3104e346b5ccd249b0847200.jpg,"[210, 227, 222, 242]",1.0,hen_gt,hen_kandang
hidup/hen_f0767_37_JPG_jpg.rf.1b9e086e3104e346b5ccd249b0847200_09.jpg,0,hidup,val,train,hen_f0767,train/37_JPG_jpg.rf.1b9e086e3104e346b5ccd249b0847200.jpg,"[240, 254, 254, 274]",1.0,hen_gt,hen_kandang
hidup/hen_f0770_43_JPG_jpg.rf.dd9603e2fba6675a3bc14eafdb1efa6c_012.jpg,0,hidup,val,train,hen_f0770,train/43_JPG_jpg.rf.dd9603e2fba6675a3bc14eafdb1efa6c.jpg,"[125, 250, 149, 288]",1.0,hen_gt,hen_kandang
hidup/hen_f0770_43_JPG_jpg.rf.dd9603e2fba6675a3bc14eafdb1efa6c_014.jpg,0,hidup,val,train,hen_f0770,train/43_JPG_jpg.rf.dd9603e2fba6675a3bc14eafdb1efa6c.jpg,"[212, 256, 236, 283]",1.0,hen_gt,hen_kandang
hidup/hen_f0770_43_JPG_jpg.rf.dd9603e2fba6675a3bc14eafdb1efa6c_06.jpg,0,hidup,val,train,hen_f0770,train/43_JPG_jpg.rf.dd9603e2fba6675a3bc14eafdb1efa6c.jpg,"[145, 226, 163, 243]",1.0,hen_gt,hen_kandang
hidup/hen_f0770_43_JPG_jpg.rf.dd9603e2fba6675a3bc14eafdb1efa6c_07.jpg,0,hidup,val,train,hen_f0770,train/43_JPG_jpg.rf.dd9603e2fba6675a3bc14eafdb1efa6c.jpg,"[285, 231, 306, 260]",1.0,hen_gt,hen_kandang
hidup/hen_f0774_4_JPG_jpg.rf.67ad9b61aec064761a582d551a736ae9_01.jpg,0,hidup,val,train,hen_f0774,train/4_JPG_jpg.rf.67ad9b61aec064761a582d551a736ae9.jpg,"[149, 179, 170, 204]",1.0,hen_gt,hen_kandang
hidup/hen_f0774_4_JPG_jpg.rf.67ad9b61aec064761a582d551a736ae9_016.jpg,0,hidup,val,train,hen_f0774,train/4_JPG_jpg.rf.67ad9b61aec064761a582d551a736ae9.jpg,"[217, 254, 253, 300]",1.0,hen_gt,hen_kandang
hidup/hen_f0774_4_JPG_jpg.rf.67ad9b61aec064761a582d551a736ae9_018.jpg,0,hidup,val,train,hen_f0774,train/4_JPG_jpg.rf.67ad9b61aec064761a582d551a736ae9.jpg,"[0, 261, 36, 304]",1.0,hen_gt,hen_kandang
hidup/hen_f0774_4_JPG_jpg.rf.67ad9b61aec064761a582d551a736ae9_09.jpg,0,hidup,val,train,hen_f0774,train/4_JPG_jpg.rf.67ad9b61aec064761a582d551a736ae9.jpg,"[234, 217, 256, 247]",1.0,hen_gt,hen_kandang
hidup/hen_f0775_9a_jpg.rf.8fd0ee163fdd6e2be3f981ea4f06753c_00.jpg,0,hidup,val,train,hen_f0775,train/9a_jpg.rf.8fd0ee163fdd6e2be3f981ea4f06753c.jpg,"[64, 65, 193, 196]",1.0,hen_gt,hen_kandang
hidup/hen_f0775_9a_jpg.rf.8fd0ee163fdd6e2be3f981ea4f06753c_01.jpg,0,hidup,val,train,hen_f0775,train/9a_jpg.rf.8fd0ee163fdd6e2be3f981ea4f06753c.jpg,"[100, 65, 241, 320]",1.0,hen_gt,hen_kandang
hidup/hen_f0775_9a_jpg.rf.8fd0ee163fdd6e2be3f981ea4f06753c_02.jpg,0,hidup,val,train,hen_f0775,train/9a_jpg.rf.8fd0ee163fdd6e2be3f981ea4f06753c.jpg,"[231, 102, 320, 314]",1.0,hen_gt,hen_kandang
hidup/hen_f0779_IMG_20220513_170713_HHT_jpg.rf.7ad8e9b4b1b8c9bb2edc5eedc6e475f2_00.jpg,0,hidup,val,train,hen_f0779,train/IMG_20220513_170713_HHT_jpg.rf.7ad8e9b4b1b8c9bb2edc5eedc6e475f2.jpg,"[210, 246, 408, 385]",1.0,hen_gt,hen_kandang
hidup/hen_f0788_-30-_mp4-8_jpg.rf.51fb3238a8a8cf0171266a62241670ce_00.jpg,0,hidup,val,train,hen_f0788,train/-30-_mp4-8_jpg.rf.51fb3238a8a8cf0171266a62241670ce.jpg,"[150, 205, 310, 491]",1.0,hen_gt,hen_kandang
hidup/hen_f0788_-30-_mp4-8_jpg.rf.51fb3238a8a8cf0171266a62241670ce_03.jpg,0,hidup,val,train,hen_f0788,train/-30-_mp4-8_jpg.rf.51fb3238a8a8cf0171266a62241670ce.jpg,"[344, 28, 458, 111]",1.0,hen_gt,hen_kandang
hidup/hen_f0788_-30-_mp4-8_jpg.rf.51fb3238a8a8cf0171266a62241670ce_04.jpg,0,hidup,val,train,hen_f0788,train/-30-_mp4-8_jpg.rf.51fb3238a8a8cf0171266a62241670ce.jpg,"[228, 76, 348, 196]",1.0,hen_gt,hen_kandang
hidup/hen_f0788_-30-_mp4-8_jpg.rf.51fb3238a8a8cf0171266a62241670ce_06.jpg,0,hidup,val,train,hen_f0788,train/-30-_mp4-8_jpg.rf.51fb3238a8a8cf0171266a62241670ce.jpg,"[0, 6, 36, 189]",1.0,hen_gt,hen_kandang
hidup/hen_f0790_IMG_20220513_171852_HHT_jpg.rf.95cf15e0f7ab16c49b37bca1833d9924_00.jpg,0,hidup,val,valid,hen_f0790,valid/IMG_20220513_171852_HHT_jpg.rf.95cf15e0f7ab16c49b37bca1833d9924.jpg,"[236, 232, 389, 315]",1.0,hen_gt,hen_kandang
hidup/hen_f0792_-30-_mp4-4_jpg.rf.13dd54b2b5bc002e8c4b7d61795ed8bb_00.jpg,0,hidup,val,train,hen_f0792,train/-30-_mp4-4_jpg.rf.13dd54b2b5bc002e8c4b7d61795ed8bb.jpg,"[197, 274, 376, 619]",1.0,hen_gt,hen_kandang
hidup/hen_f0792_-30-_mp4-4_jpg.rf.13dd54b2b5bc002e8c4b7d61795ed8bb_012.jpg,0,hidup,val,train,hen_f0792,train/-30-_mp4-4_jpg.rf.13dd54b2b5bc002e8c4b7d61795ed8bb.jpg,"[334, 0, 395, 94]",1.0,hen_gt,hen_kandang
hidup/hen_f0792_-30-_mp4-4_jpg.rf.13dd54b2b5bc002e8c4b7d61795ed8bb_04.jpg,0,hidup,val,train,hen_f0792,train/-30-_mp4-4_jpg.rf.13dd54b2b5bc002e8c4b7d61795ed8bb.jpg,"[104, 165, 205, 343]",1.0,hen_gt,hen_kandang
hidup/hen_f0792_-30-_mp4-4_jpg.rf.13dd54b2b5bc002e8c4b7d61795ed8bb_05.jpg,0,hidup,val,train,hen_f0792,train/-30-_mp4-4_jpg.rf.13dd54b2b5bc002e8c4b7d61795ed8bb.jpg,"[102, 99, 230, 182]",1.0,hen_gt,hen_kandang
hidup/hen_f0796_the-effect-of-salmon-oil-on-broilers-scaled-uai-2064x1375_jpg.rf.359ffbfa26e1c30093ae7e25cb211108_02.jpg,0,hidup,val,train,hen_f0796,train/the-effect-of-salmon-oil-on-broilers-scaled-uai-2064x1375_jpg.rf.359ffbfa26e1c30093ae7e25cb211108.jpg,"[110, 502, 290, 607]",1.0,hen_gt,hen_kandang
hidup/hen_f0796_the-effect-of-salmon-oil-on-broilers-scaled-uai-2064x1375_jpg.rf.359ffbfa26e1c30093ae7e25cb211108_04.jpg,0,hidup,val,train,hen_f0796,train/the-effect-of-salmon-oil-on-broilers-scaled-uai-2064x1375_jpg.rf.359ffbfa26e1c30093ae7e25cb211108.jpg,"[218, 318, 318, 528]",1.0,hen_gt,hen_kandang
hidup/hen_f0796_the-effect-of-salmon-oil-on-broilers-scaled-uai-2064x1375_jpg.rf.359ffbfa26e1c30093ae7e25cb211108_06.jpg,0,hidup,val,train,hen_f0796,train/the-effect-of-salmon-oil-on-broilers-scaled-uai-2064x1375_jpg.rf.359ffbfa26e1c30093ae7e25cb211108.jpg,"[95, 432, 179, 588]",1.0,hen_gt,hen_kandang
hidup/hen_f0796_the-effect-of-salmon-oil-on-broilers-scaled-uai-2064x1375_jpg.rf.359ffbfa26e1c30093ae7e25cb211108_07.jpg,0,hidup,val,train,hen_f0796,train/the-effect-of-salmon-oil-on-broilers-scaled-uai-2064x1375_jpg.rf.359ffbfa26e1c30093ae7e25cb211108.jpg,"[28, 330, 133, 454]",1.0,hen_gt,hen_kandang
hidup/hen_f0798_what-are-broiler-chickens-the-humane-league_jpg.rf.5dad8d49946ede33043d0d344786e16f_00.jpg,0,hidup,val,train,hen_f0798,train/what-are-broiler-chickens-the-humane-league_jpg.rf.5dad8d49946ede33043d0d344786e16f.jpg,"[173, 153, 503, 555]",1.0,hen_gt,hen_kandang
hidup/hen_f0798_what-are-broiler-chickens-the-humane-league_jpg.rf.5dad8d49946ede33043d0d344786e16f_01.jpg,0,hidup,val,train,hen_f0798,train/what-are-broiler-chickens-the-humane-league_jpg.rf.5dad8d49946ede33043d0d344786e16f.jpg,"[438, 110, 607, 370]",1.0,hen_gt,hen_kandang
hidup/hen_f0798_what-are-broiler-chickens-the-humane-league_jpg.rf.5dad8d49946ede33043d0d344786e16f_02.jpg,0,hidup,val,train,hen_f0798,train/what-are-broiler-chickens-the-humane-league_jpg.rf.5dad8d49946ede33043d0d344786e16f.jpg,"[2, 14, 183, 322]",1.0,hen_gt,hen_kandang
hidup/hen_f0799_IMG_20220513_172007_HHT_jpg.rf.0a5c12c823e13c1ca982fd7190a62b41_00.jpg,0,hidup,val,valid,hen_f0799,valid/IMG_20220513_172007_HHT_jpg.rf.0a5c12c823e13c1ca982fd7190a62b41.jpg,"[224, 191, 381, 354]",1.0,hen_gt,hen_kandang
hidup/hen_f0801_IMG20220702135056_jpg.rf.2868c2c5e60191fdb8313ca6c3ce66d2_00.jpg,0,hidup,val,valid,hen_f0801,valid/IMG20220702135056_jpg.rf.2868c2c5e60191fdb8313ca6c3ce66d2.jpg,"[56, 184, 542, 594]",1.0,hen_gt,hen_kandang
hidup/hen_f0806_2022-02-16-13_53_38-Greenshot_jpg.rf.212f1cf6f2c6998f3523ab070222cba4_02.jpg,0,hidup,val,train,hen_f0806,train/2022-02-16-13_53_38-Greenshot_jpg.rf.212f1cf6f2c6998f3523ab070222cba4.jpg,"[134, 22, 206, 174]",1.0,hen_gt,hen_kandang
hidup/hen_f0806_2022-02-16-13_53_38-Greenshot_jpg.rf.212f1cf6f2c6998f3523ab070222cba4_03.jpg,0,hidup,val,train,hen_f0806,train/2022-02-16-13_53_38-Greenshot_jpg.rf.212f1cf6f2c6998f3523ab070222cba4.jpg,"[19, 67, 60, 134]",1.0,hen_gt,hen_kandang
hidup/hen_f0806_2022-02-16-13_53_38-Greenshot_jpg.rf.212f1cf6f2c6998f3523ab070222cba4_04.jpg,0,hidup,val,train,hen_f0806,train/2022-02-16-13_53_38-Greenshot_jpg.rf.212f1cf6f2c6998f3523ab070222cba4.jpg,"[19, 112, 116, 198]",1.0,hen_gt,hen_kandang
hidup/hen_f0806_2022-02-16-13_53_38-Greenshot_jpg.rf.212f1cf6f2c6998f3523ab070222cba4_05.jpg,0,hidup,val,train,hen_f0806,train/2022-02-16-13_53_38-Greenshot_jpg.rf.212f1cf6f2c6998f3523ab070222cba4.jpg,"[79, 135, 163, 320]",1.0,hen_gt,hen_kandang
hidup/hen_f0807_IMG_20220513_172205_HHT_jpg.rf.b45add34d807b43e7c5d03b9194a2732_00.jpg,0,hidup,val,train,hen_f0807,train/IMG_20220513_172205_HHT_jpg.rf.b45add34d807b43e7c5d03b9194a2732.jpg,"[220, 174, 448, 333]",1.0,hen_gt,hen_kandang
hidup/hen_f0808_IMG_20220513_172311_HHT_jpg.rf.7489bf2aafb356b2559121d9b245c173_00.jpg,0,hidup,val,train,hen_f0808,train/IMG_20220513_172311_HHT_jpg.rf.7489bf2aafb356b2559121d9b245c173.jpg,"[175, 245, 420, 359]",1.0,hen_gt,hen_kandang
hidup/hen_f0809_images-2023-03-16T145724-894_jpg.rf.2ceb6cb0cc24feb68c7cf876ff492e75_00.jpg,0,hidup,val,train,hen_f0809,train/images-2023-03-16T145724-894_jpg.rf.2ceb6cb0cc24feb68c7cf876ff492e75.jpg,"[0, 143, 120, 426]",1.0,hen_gt,hen_kandang
hidup/hen_f0809_images-2023-03-16T145724-894_jpg.rf.2ceb6cb0cc24feb68c7cf876ff492e75_02.jpg,0,hidup,val,train,hen_f0809,train/images-2023-03-16T145724-894_jpg.rf.2ceb6cb0cc24feb68c7cf876ff492e75.jpg,"[135, 199, 288, 504]",1.0,hen_gt,hen_kandang
hidup/hen_f0809_images-2023-03-16T145724-894_jpg.rf.2ceb6cb0cc24feb68c7cf876ff492e75_03.jpg,0,hidup,val,train,hen_f0809,train/images-2023-03-16T145724-894_jpg.rf.2ceb6cb0cc24feb68c7cf876ff492e75.jpg,"[274, 174, 404, 476]",1.0,hen_gt,hen_kandang
hidup/hen_f0809_images-2023-03-16T145724-894_jpg.rf.2ceb6cb0cc24feb68c7cf876ff492e75_05.jpg,0,hidup,val,train,hen_f0809,train/images-2023-03-16T145724-894_jpg.rf.2ceb6cb0cc24feb68c7cf876ff492e75.jpg,"[382, 340, 606, 636]",1.0,hen_gt,hen_kandang
hidup/hen_f0810_IMG_20220513_171811_HHT_jpg.rf.71f017a06698e9ffc48f67d5b4e652f9_00.jpg,0,hidup,val,train,hen_f0810,train/IMG_20220513_171811_HHT_jpg.rf.71f017a06698e9ffc48f67d5b4e652f9.jpg,"[220, 252, 400, 360]",1.0,hen_gt,hen_kandang
hidup/hen_f0813_Copy-of-sick22_jpg.rf.26501b4dcda4940e2c205ac539d095ee_00.jpg,0,hidup,val,train,hen_f0813,train/Copy-of-sick22_jpg.rf.26501b4dcda4940e2c205ac539d095ee.jpg,"[252, 36, 306, 121]",1.0,hen_gt,hen_kandang
hidup/hen_f0813_Copy-of-sick22_jpg.rf.26501b4dcda4940e2c205ac539d095ee_01.jpg,0,hidup,val,train,hen_f0813,train/Copy-of-sick22_jpg.rf.26501b4dcda4940e2c205ac539d095ee.jpg,"[210, 5, 284, 60]",1.0,hen_gt,hen_kandang
hidup/hen_f0819_IMG_20220513_172010_HHT_jpg.rf.4218c73dba56bffcaff0b18ab05d5b97_00.jpg,0,hidup,val,train,hen_f0819,train/IMG_20220513_172010_HHT_jpg.rf.4218c73dba56bffcaff0b18ab05d5b97.jpg,"[232, 175, 418, 320]",1.0,hen_gt,hen_kandang
hidup/hen_f0822_2022-02-16-13_53_44-Greenshot_jpg.rf.8edaa76e4f8ed676997a920bc58b1337_010.jpg,0,hidup,val,train,hen_f0822,train/2022-02-16-13_53_44-Greenshot_jpg.rf.8edaa76e4f8ed676997a920bc58b1337.jpg,"[125, 193, 145, 215]",1.0,hen_gt,hen_kandang
hidup/hen_f0822_2022-02-16-13_53_44-Greenshot_jpg.rf.8edaa76e4f8ed676997a920bc58b1337_015.jpg,0,hidup,val,train,hen_f0822,train/2022-02-16-13_53_44-Greenshot_jpg.rf.8edaa76e4f8ed676997a920bc58b1337.jpg,"[184, 225, 214, 249]",1.0,hen_gt,hen_kandang
hidup/hen_f0822_2022-02-16-13_53_44-Greenshot_jpg.rf.8edaa76e4f8ed676997a920bc58b1337_016.jpg,0,hidup,val,train,hen_f0822,train/2022-02-16-13_53_44-Greenshot_jpg.rf.8edaa76e4f8ed676997a920bc58b1337.jpg,"[36, 218, 65, 264]",1.0,hen_gt,hen_kandang
hidup/hen_f0822_2022-02-16-13_53_44-Greenshot_jpg.rf.8edaa76e4f8ed676997a920bc58b1337_06.jpg,0,hidup,val,train,hen_f0822,train/2022-02-16-13_53_44-Greenshot_jpg.rf.8edaa76e4f8ed676997a920bc58b1337.jpg,"[287, 186, 308, 202]",1.0,hen_gt,hen_kandang
hidup/hen_f0839_IMG_20220513_172043_HHT_jpg.rf.420dfd8d37ca72e13035915b62b2ec55_00.jpg,0,hidup,val,train,hen_f0839,train/IMG_20220513_172043_HHT_jpg.rf.420dfd8d37ca72e13035915b62b2ec55.jpg,"[212, 276, 404, 368]",1.0,hen_gt,hen_kandang
hidup/hen_f0843_2022-02-16-13_49_53-Greenshot_jpg.rf.027ffc4629c9279bbca2e729b735c480_00.jpg,0,hidup,val,train,hen_f0843,train/2022-02-16-13_49_53-Greenshot_jpg.rf.027ffc4629c9279bbca2e729b735c480.jpg,"[64, 55, 320, 301]",1.0,hen_gt,hen_kandang
hidup/hen_f0874_images-2023-03-16T145026-425_jpg.rf.09d3e5ce8ec541cb1104c460233d3956_00.jpg,0,hidup,val,train,hen_f0874,train/images-2023-03-16T145026-425_jpg.rf.09d3e5ce8ec541cb1104c460233d3956.jpg,"[78, 83, 550, 640]",1.0,hen_gt,hen_kandang
hidup/hen_f0880_2022-02-16-13_53_36-Greenshot_jpg.rf.483803bd80b0c19257cf7b5f1a8d1a69_01.jpg,0,hidup,val,train,hen_f0880,train/2022-02-16-13_53_36-Greenshot_jpg.rf.483803bd80b0c19257cf7b5f1a8d1a69.jpg,"[92, 0, 155, 161]",1.0,hen_gt,hen_kandang
hidup/hen_f0880_2022-02-16-13_53_36-Greenshot_jpg.rf.483803bd80b0c19257cf7b5f1a8d1a69_02.jpg,0,hidup,val,train,hen_f0880,train/2022-02-16-13_53_36-Greenshot_jpg.rf.483803bd80b0c19257cf7b5f1a8d1a69.jpg,"[264, 101, 318, 212]",1.0,hen_gt,hen_kandang
hidup/hen_f0880_2022-02-16-13_53_36-Greenshot_jpg.rf.483803bd80b0c19257cf7b5f1a8d1a69_03.jpg,0,hidup,val,train,hen_f0880,train/2022-02-16-13_53_36-Greenshot_jpg.rf.483803bd80b0c19257cf7b5f1a8d1a69.jpg,"[199, 81, 311, 242]",1.0,hen_gt,hen_kandang
hidup/hen_f0880_2022-02-16-13_53_36-Greenshot_jpg.rf.483803bd80b0c19257cf7b5f1a8d1a69_04.jpg,0,hidup,val,train,hen_f0880,train/2022-02-16-13_53_36-Greenshot_jpg.rf.483803bd80b0c19257cf7b5f1a8d1a69.jpg,"[20, 68, 102, 266]",1.0,hen_gt,hen_kandang
hidup/hen_f0881_images-42-_jpg.rf.007be517e074ef6db99c0ef45fae255b_01.jpg,0,hidup,val,train,hen_f0881,train/images-42-_jpg.rf.007be517e074ef6db99c0ef45fae255b.jpg,"[164, 111, 296, 426]",1.0,hen_gt,hen_kandang
hidup/hen_f0881_images-42-_jpg.rf.007be517e074ef6db99c0ef45fae255b_02.jpg,0,hidup,val,train,hen_f0881,train/images-42-_jpg.rf.007be517e074ef6db99c0ef45fae255b.jpg,"[321, 133, 454, 620]",1.0,hen_gt,hen_kandang
hidup/hen_f0881_images-42-_jpg.rf.007be517e074ef6db99c0ef45fae255b_03.jpg,0,hidup,val,train,hen_f0881,train/images-42-_jpg.rf.007be517e074ef6db99c0ef45fae255b.jpg,"[442, 77, 640, 627]",1.0,hen_gt,hen_kandang
hidup/hen_f0881_images-42-_jpg.rf.007be517e074ef6db99c0ef45fae255b_04.jpg,0,hidup,val,train,hen_f0881,train/images-42-_jpg.rf.007be517e074ef6db99c0ef45fae255b.jpg,"[258, 43, 341, 404]",1.0,hen_gt,hen_kandang
hidup/hen_f0885_IMG_20220513_172103_HHT_jpg.rf.097200db1ccce68ac977aefce90d1121_00.jpg,0,hidup,val,train,hen_f0885,train/IMG_20220513_172103_HHT_jpg.rf.097200db1ccce68ac977aefce90d1121.jpg,"[209, 257, 387, 343]",1.0,hen_gt,hen_kandang
hidup/hen_f0893_24_JPG_jpg.rf.8480447ae5b6053385be76c63ffec135_00.jpg,0,hidup,val,train,hen_f0893,train/24_JPG_jpg.rf.8480447ae5b6053385be76c63ffec135.jpg,"[0, 40, 64, 123]",1.0,hen_gt,hen_kandang
hidup/hen_f0893_24_JPG_jpg.rf.8480447ae5b6053385be76c63ffec135_02.jpg,0,hidup,val,train,hen_f0893,train/24_JPG_jpg.rf.8480447ae5b6053385be76c63ffec135.jpg,"[34, 118, 107, 222]",1.0,hen_gt,hen_kandang
hidup/hen_f0893_24_JPG_jpg.rf.8480447ae5b6053385be76c63ffec135_03.jpg,0,hidup,val,train,hen_f0893,train/24_JPG_jpg.rf.8480447ae5b6053385be76c63ffec135.jpg,"[245, 215, 320, 320]",1.0,hen_gt,hen_kandang
hidup/hen_f0893_24_JPG_jpg.rf.8480447ae5b6053385be76c63ffec135_04.jpg,0,hidup,val,train,hen_f0893,train/24_JPG_jpg.rf.8480447ae5b6053385be76c63ffec135.jpg,"[0, 232, 143, 320]",1.0,hen_gt,hen_kandang
hidup/hen_f0899_28_JPG_jpg.rf.e3f115d557a5b3b707fea7d743bd9260_00.jpg,0,hidup,val,train,hen_f0899,train/28_JPG_jpg.rf.e3f115d557a5b3b707fea7d743bd9260.jpg,"[225, 207, 288, 288]",1.0,hen_gt,hen_kandang
hidup/hen_f0900_images-2023-03-17T150326-093_jpg.rf.0d7eb883c68517f3e30483e914ce019c_00.jpg,0,hidup,val,valid,hen_f0900,valid/images-2023-03-17T150326-093_jpg.rf.0d7eb883c68517f3e30483e914ce019c.jpg,"[35, 66, 258, 640]",1.0,hen_gt,hen_kandang
hidup/hen_f0900_images-2023-03-17T150326-093_jpg.rf.0d7eb883c68517f3e30483e914ce019c_01.jpg,0,hidup,val,valid,hen_f0900,valid/images-2023-03-17T150326-093_jpg.rf.0d7eb883c68517f3e30483e914ce019c.jpg,"[227, 191, 538, 640]",1.0,hen_gt,hen_kandang
hidup/hen_f0900_images-2023-03-17T150326-093_jpg.rf.0d7eb883c68517f3e30483e914ce019c_02.jpg,0,hidup,val,valid,hen_f0900,valid/images-2023-03-17T150326-093_jpg.rf.0d7eb883c68517f3e30483e914ce019c.jpg,"[512, 154, 640, 438]",1.0,hen_gt,hen_kandang
hidup/hen_f0900_images-2023-03-17T150326-093_jpg.rf.0d7eb883c68517f3e30483e914ce019c_03.jpg,0,hidup,val,valid,hen_f0900,valid/images-2023-03-17T150326-093_jpg.rf.0d7eb883c68517f3e30483e914ce019c.jpg,"[384, 13, 603, 191]",1.0,hen_gt,hen_kandang
hidup/hen_f0901_images-2023-03-16T145328-470_jpg.rf.15199e69d0684b70587be7bd308c32dc_00.jpg,0,hidup,val,valid,hen_f0901,valid/images-2023-03-16T145328-470_jpg.rf.15199e69d0684b70587be7bd308c32dc.jpg,"[113, 236, 371, 611]",1.0,hen_gt,hen_kandang
hidup/hen_f0901_images-2023-03-16T145328-470_jpg.rf.15199e69d0684b70587be7bd308c32dc_01.jpg,0,hidup,val,valid,hen_f0901,valid/images-2023-03-16T145328-470_jpg.rf.15199e69d0684b70587be7bd308c32dc.jpg,"[363, 143, 574, 561]",1.0,hen_gt,hen_kandang
hidup/hen_f0901_images-2023-03-16T145328-470_jpg.rf.15199e69d0684b70587be7bd308c32dc_02.jpg,0,hidup,val,valid,hen_f0901,valid/images-2023-03-16T145328-470_jpg.rf.15199e69d0684b70587be7bd308c32dc.jpg,"[135, 115, 248, 271]",1.0,hen_gt,hen_kandang
hidup/hen_f0901_images-2023-03-16T145328-470_jpg.rf.15199e69d0684b70587be7bd308c32dc_03.jpg,0,hidup,val,valid,hen_f0901,valid/images-2023-03-16T145328-470_jpg.rf.15199e69d0684b70587be7bd308c32dc.jpg,"[260, 194, 329, 282]",1.0,hen_gt,hen_kandang
hidup/hen_f0902_images-45-_jpg.rf.2f37060ba9b6fae8d835b749f1ea5607_00.jpg,0,hidup,val,train,hen_f0902,train/images-45-_jpg.rf.2f37060ba9b6fae8d835b749f1ea5607.jpg,"[166, 30, 440, 640]",1.0,hen_gt,hen_kandang
hidup/hen_f0902_images-45-_jpg.rf.2f37060ba9b6fae8d835b749f1ea5607_02.jpg,0,hidup,val,train,hen_f0902,train/images-45-_jpg.rf.2f37060ba9b6fae8d835b749f1ea5607.jpg,"[269, 84, 354, 250]",1.0,hen_gt,hen_kandang
hidup/hen_f0902_images-45-_jpg.rf.2f37060ba9b6fae8d835b749f1ea5607_04.jpg,0,hidup,val,train,hen_f0902,train/images-45-_jpg.rf.2f37060ba9b6fae8d835b749f1ea5607.jpg,"[431, 205, 490, 346]",1.0,hen_gt,hen_kandang
hidup/hen_f0902_images-45-_jpg.rf.2f37060ba9b6fae8d835b749f1ea5607_06.jpg,0,hidup,val,train,hen_f0902,train/images-45-_jpg.rf.2f37060ba9b6fae8d835b749f1ea5607.jpg,"[578, 296, 640, 578]",1.0,hen_gt,hen_kandang
hidup/hen_f0915_images-2023-03-17T150308-320_jpg.rf.121a95afefbcf215ab412e5771b06ef6_00.jpg,0,hidup,val,train,hen_f0915,train/images-2023-03-17T150308-320_jpg.rf.121a95afefbcf215ab412e5771b06ef6.jpg,"[131, 102, 534, 554]",1.0,hen_gt,hen_kandang
hidup/hen_f0919_images-43-_jpg.rf.8809f7040da30b4ae4f9794e025e8f2e_00.jpg,0,hidup,val,train,hen_f0919,train/images-43-_jpg.rf.8809f7040da30b4ae4f9794e025e8f2e.jpg,"[40, 116, 208, 635]",1.0,hen_gt,hen_kandang
hidup/hen_f0919_images-43-_jpg.rf.8809f7040da30b4ae4f9794e025e8f2e_01.jpg,0,hidup,val,train,hen_f0919,train/images-43-_jpg.rf.8809f7040da30b4ae4f9794e025e8f2e.jpg,"[227, 125, 342, 588]",1.0,hen_gt,hen_kandang
hidup/hen_f0919_images-43-_jpg.rf.8809f7040da30b4ae4f9794e025e8f2e_02.jpg,0,hidup,val,train,hen_f0919,train/images-43-_jpg.rf.8809f7040da30b4ae4f9794e025e8f2e.jpg,"[340, 196, 448, 580]",1.0,hen_gt,hen_kandang
hidup/hen_f0922_images-2023-03-17T150349-485_jpg.rf.4c8840aa386bff16208a38b61c27dcf1_00.jpg,0,hidup,val,train,hen_f0922,train/images-2023-03-17T150349-485_jpg.rf.4c8840aa386bff16208a38b61c27dcf1.jpg,"[151, 99, 366, 410]",1.0,hen_gt,hen_kandang
hidup/hen_f0922_images-2023-03-17T150349-485_jpg.rf.4c8840aa386bff16208a38b61c27dcf1_01.jpg,0,hidup,val,train,hen_f0922,train/images-2023-03-17T150349-485_jpg.rf.4c8840aa386bff16208a38b61c27dcf1.jpg,"[304, 315, 529, 508]",1.0,hen_gt,hen_kandang
hidup/hen_f0922_images-2023-03-17T150349-485_jpg.rf.4c8840aa386bff16208a38b61c27dcf1_02.jpg,0,hidup,val,train,hen_f0922,train/images-2023-03-17T150349-485_jpg.rf.4c8840aa386bff16208a38b61c27dcf1.jpg,"[82, 365, 286, 600]",1.0,hen_gt,hen_kandang
hidup/hen_f0922_images-2023-03-17T150349-485_jpg.rf.4c8840aa386bff16208a38b61c27dcf1_03.jpg,0,hidup,val,train,hen_f0922,train/images-2023-03-17T150349-485_jpg.rf.4c8840aa386bff16208a38b61c27dcf1.jpg,"[309, 109, 507, 296]",1.0,hen_gt,hen_kandang
hidup/hen_f0923_images-2023-03-17T150242-950_jpg.rf.1c1ac1e36d732c6fa208d9cdb87c9895_02.jpg,0,hidup,val,test,hen_f0923,test/images-2023-03-17T150242-950_jpg.rf.1c1ac1e36d732c6fa208d9cdb87c9895.jpg,"[376, 181, 522, 456]",1.0,hen_gt,hen_kandang
hidup/hen_f0923_images-2023-03-17T150242-950_jpg.rf.1c1ac1e36d732c6fa208d9cdb87c9895_04.jpg,0,hidup,val,test,hen_f0923,test/images-2023-03-17T150242-950_jpg.rf.1c1ac1e36d732c6fa208d9cdb87c9895.jpg,"[423, 155, 520, 282]",1.0,hen_gt,hen_kandang
hidup/hen_f0923_images-2023-03-17T150242-950_jpg.rf.1c1ac1e36d732c6fa208d9cdb87c9895_05.jpg,0,hidup,val,test,hen_f0923,test/images-2023-03-17T150242-950_jpg.rf.1c1ac1e36d732c6fa208d9cdb87c9895.jpg,"[6, 199, 108, 318]",1.0,hen_gt,hen_kandang
hidup/hen_f0923_images-2023-03-17T150242-950_jpg.rf.1c1ac1e36d732c6fa208d9cdb87c9895_06.jpg,0,hidup,val,test,hen_f0923,test/images-2023-03-17T150242-950_jpg.rf.1c1ac1e36d732c6fa208d9cdb87c9895.jpg,"[222, 180, 298, 264]",1.0,hen_gt,hen_kandang
hidup/hen_f0924_images-2023-03-17T150401-520_jpg.rf.726ae710ad916223a2a11f2abe73d6e7_00.jpg,0,hidup,val,train,hen_f0924,train/images-2023-03-17T150401-520_jpg.rf.726ae710ad916223a2a11f2abe73d6e7.jpg,"[106, 96, 640, 611]",1.0,hen_gt,hen_kandang
hidup/hen_f0924_images-2023-03-17T150401-520_jpg.rf.726ae710ad916223a2a11f2abe73d6e7_01.jpg,0,hidup,val,train,hen_f0924,train/images-2023-03-17T150401-520_jpg.rf.726ae710ad916223a2a11f2abe73d6e7.jpg,"[240, 347, 428, 606]",1.0,hen_gt,hen_kandang
hidup/hen_f0925_IMG_20220513_171709_HHT_jpg.rf.8b0bec39dbd484c9091e2829c77644a6_00.jpg,0,hidup,val,train,hen_f0925,train/IMG_20220513_171709_HHT_jpg.rf.8b0bec39dbd484c9091e2829c77644a6.jpg,"[220, 242, 404, 351]",1.0,hen_gt,hen_kandang
hidup/hen_f0931_17_JPG_jpg.rf.4be7bcd67bfe9667042e94adb2e56852_00.jpg,0,hidup,val,train,hen_f0931,train/17_JPG_jpg.rf.4be7bcd67bfe9667042e94adb2e56852.jpg,"[105, 3, 184, 103]",1.0,hen_gt,hen_kandang
hidup/hen_f0931_17_JPG_jpg.rf.4be7bcd67bfe9667042e94adb2e56852_04.jpg,0,hidup,val,train,hen_f0931,train/17_JPG_jpg.rf.4be7bcd67bfe9667042e94adb2e56852.jpg,"[19, 81, 88, 167]",1.0,hen_gt,hen_kandang
hidup/hen_f0931_17_JPG_jpg.rf.4be7bcd67bfe9667042e94adb2e56852_05.jpg,0,hidup,val,train,hen_f0931,train/17_JPG_jpg.rf.4be7bcd67bfe9667042e94adb2e56852.jpg,"[180, 156, 268, 262]",1.0,hen_gt,hen_kandang
hidup/hen_f0931_17_JPG_jpg.rf.4be7bcd67bfe9667042e94adb2e56852_06.jpg,0,hidup,val,train,hen_f0931,train/17_JPG_jpg.rf.4be7bcd67bfe9667042e94adb2e56852.jpg,"[127, 130, 188, 291]",1.0,hen_gt,hen_kandang
hidup/hen_f0932_2022-02-16-13_49_40-Greenshot_jpg.rf.34ada49f8b1f30409bf2ca029cbadecf_00.jpg,0,hidup,val,train,hen_f0932,train/2022-02-16-13_49_40-Greenshot_jpg.rf.34ada49f8b1f30409bf2ca029cbadecf.jpg,"[110, 134, 172, 226]",1.0,hen_gt,hen_kandang
hidup/hen_f0932_2022-02-16-13_49_40-Greenshot_jpg.rf.34ada49f8b1f30409bf2ca029cbadecf_01.jpg,0,hidup,val,train,hen_f0932,train/2022-02-16-13_49_40-Greenshot_jpg.rf.34ada49f8b1f30409bf2ca029cbadecf.jpg,"[218, 149, 290, 228]",1.0,hen_gt,hen_kandang
hidup/hen_f0932_2022-02-16-13_49_40-Greenshot_jpg.rf.34ada49f8b1f30409bf2ca029cbadecf_02.jpg,0,hidup,val,train,hen_f0932,train/2022-02-16-13_49_40-Greenshot_jpg.rf.34ada49f8b1f30409bf2ca029cbadecf.jpg,"[274, 161, 320, 233]",1.0,hen_gt,hen_kandang
hidup/hen_f0938_2022-02-16-13_53_49-Greenshot_jpg.rf.8d2b04077a73b6da34a681458e301160_012.jpg,0,hidup,val,train,hen_f0938,train/2022-02-16-13_53_49-Greenshot_jpg.rf.8d2b04077a73b6da34a681458e301160.jpg,"[168, 207, 185, 242]",1.0,hen_gt,hen_kandang
hidup/hen_f0938_2022-02-16-13_53_49-Greenshot_jpg.rf.8d2b04077a73b6da34a681458e301160_027.jpg,0,hidup,val,train,hen_f0938,train/2022-02-16-13_53_49-Greenshot_jpg.rf.8d2b04077a73b6da34a681458e301160.jpg,"[34, 271, 70, 308]",1.0,hen_gt,hen_kandang
hidup/hen_f0938_2022-02-16-13_53_49-Greenshot_jpg.rf.8d2b04077a73b6da34a681458e301160_029.jpg,0,hidup,val,train,hen_f0938,train/2022-02-16-13_53_49-Greenshot_jpg.rf.8d2b04077a73b6da34a681458e301160.jpg,"[159, 269, 181, 320]",1.0,hen_gt,hen_kandang
hidup/hen_f0938_2022-02-16-13_53_49-Greenshot_jpg.rf.8d2b04077a73b6da34a681458e301160_05.jpg,0,hidup,val,train,hen_f0938,train/2022-02-16-13_53_49-Greenshot_jpg.rf.8d2b04077a73b6da34a681458e301160.jpg,"[111, 156, 124, 168]",1.0,hen_gt,hen_kandang
hidup/hen_f0942_IMG_20220513_171548_HHT_jpg.rf.092f4fe0369e8d635c97bd23d98750e8_00.jpg,0,hidup,val,train,hen_f0942,train/IMG_20220513_171548_HHT_jpg.rf.092f4fe0369e8d635c97bd23d98750e8.jpg,"[264, 275, 376, 365]",1.0,hen_gt,hen_kandang
hidup/hen_f0946_2022-02-16-13_55_19-Greenshot_jpg.rf.1a30a85b15d5dee3d030bd2a79628385_00.jpg,0,hidup,val,train,hen_f0946,train/2022-02-16-13_55_19-Greenshot_jpg.rf.1a30a85b15d5dee3d030bd2a79628385.jpg,"[187, 46, 320, 307]",1.0,hen_gt,hen_kandang
hidup/hen_f0949_images-2023-03-17T150456-141_jpg.rf.3628564220f125e6b3714932f1825569_00.jpg,0,hidup,val,train,hen_f0949,train/images-2023-03-17T150456-141_jpg.rf.3628564220f125e6b3714932f1825569.jpg,"[177, 52, 558, 640]",1.0,hen_gt,hen_kandang
hidup/hen_f0949_images-2023-03-17T150456-141_jpg.rf.3628564220f125e6b3714932f1825569_01.jpg,0,hidup,val,train,hen_f0949,train/images-2023-03-17T150456-141_jpg.rf.3628564220f125e6b3714932f1825569.jpg,"[443, 75, 604, 324]",1.0,hen_gt,hen_kandang
hidup/hen_f0949_images-2023-03-17T150456-141_jpg.rf.3628564220f125e6b3714932f1825569_02.jpg,0,hidup,val,train,hen_f0949,train/images-2023-03-17T150456-141_jpg.rf.3628564220f125e6b3714932f1825569.jpg,"[302, 87, 422, 256]",1.0,hen_gt,hen_kandang
hidup/hen_f0950_2022-02-16-13_55_15-Greenshot_jpg.rf.54b1fecfd49b8d1f9a6e6147da8536d8_00.jpg,0,hidup,val,train,hen_f0950,train/2022-02-16-13_55_15-Greenshot_jpg.rf.54b1fecfd49b8d1f9a6e6147da8536d8.jpg,"[71, 149, 134, 251]",1.0,hen_gt,hen_kandang
hidup/hen_f0950_2022-02-16-13_55_15-Greenshot_jpg.rf.54b1fecfd49b8d1f9a6e6147da8536d8_01.jpg,0,hidup,val,train,hen_f0950,train/2022-02-16-13_55_15-Greenshot_jpg.rf.54b1fecfd49b8d1f9a6e6147da8536d8.jpg,"[60, 178, 131, 244]",1.0,hen_gt,hen_kandang
hidup/hen_f0950_2022-02-16-13_55_15-Greenshot_jpg.rf.54b1fecfd49b8d1f9a6e6147da8536d8_02.jpg,0,hidup,val,train,hen_f0950,train/2022-02-16-13_55_15-Greenshot_jpg.rf.54b1fecfd49b8d1f9a6e6147da8536d8.jpg,"[139, 176, 236, 288]",1.0,hen_gt,hen_kandang
hidup/hen_f0951_images-2023-03-17T150507-457_jpg.rf.174363e82a71e1c3d18ffefd5a8bcc24_01.jpg,0,hidup,val,valid,hen_f0951,valid/images-2023-03-17T150507-457_jpg.rf.174363e82a71e1c3d18ffefd5a8bcc24.jpg,"[339, 379, 488, 595]",1.0,hen_gt,hen_kandang
hidup/hen_f0951_images-2023-03-17T150507-457_jpg.rf.174363e82a71e1c3d18ffefd5a8bcc24_010.jpg,0,hidup,val,valid,hen_f0951,valid/images-2023-03-17T150507-457_jpg.rf.174363e82a71e1c3d18ffefd5a8bcc24.jpg,"[31, 238, 94, 360]",1.0,hen_gt,hen_kandang
hidup/hen_f0951_images-2023-03-17T150507-457_jpg.rf.174363e82a71e1c3d18ffefd5a8bcc24_02.jpg,0,hidup,val,valid,hen_f0951,valid/images-2023-03-17T150507-457_jpg.rf.174363e82a71e1c3d18ffefd5a8bcc24.jpg,"[219, 516, 376, 640]",1.0,hen_gt,hen_kandang
hidup/hen_f0951_images-2023-03-17T150507-457_jpg.rf.174363e82a71e1c3d18ffefd5a8bcc24_03.jpg,0,hidup,val,valid,hen_f0951,valid/images-2023-03-17T150507-457_jpg.rf.174363e82a71e1c3d18ffefd5a8bcc24.jpg,"[329, 313, 460, 390]",1.0,hen_gt,hen_kandang
hidup/hen_f0952_2022-02-16-13_49_41-Greenshot_jpg.rf.3ef99a4c30e343065cb015a80ca60434_00.jpg,0,hidup,val,train,hen_f0952,train/2022-02-16-13_49_41-Greenshot_jpg.rf.3ef99a4c30e343065cb015a80ca60434.jpg,"[32, 45, 245, 288]",1.0,hen_gt,hen_kandang
hidup/hen_f0952_2022-02-16-13_49_41-Greenshot_jpg.rf.3ef99a4c30e343065cb015a80ca60434_01.jpg,0,hidup,val,train,hen_f0952,train/2022-02-16-13_49_41-Greenshot_jpg.rf.3ef99a4c30e343065cb015a80ca60434.jpg,"[0, 43, 234, 320]",1.0,hen_gt,hen_kandang
hidup/hen_f0954_VID-20221020-WA0003_mp4-87_jpg.rf.7f07e7e90456b28ef65cf3a8118935f5_00.jpg,0,hidup,val,train,hen_f0954,train/VID-20221020-WA0003_mp4-87_jpg.rf.7f07e7e90456b28ef65cf3a8118935f5.jpg,"[80, 184, 254, 287]",1.0,hen_gt,hen_kandang
hidup/hen_f0954_VID-20221020-WA0003_mp4-87_jpg.rf.7f07e7e90456b28ef65cf3a8118935f5_01.jpg,0,hidup,val,train,hen_f0954,train/VID-20221020-WA0003_mp4-87_jpg.rf.7f07e7e90456b28ef65cf3a8118935f5.jpg,"[12, 32, 102, 70]",1.0,hen_gt,hen_kandang
hidup/hen_f0955_2022-02-16-13_54_54-Greenshot_jpg.rf.ebec3dd7d9899814dd5757180fc7df2d_018.jpg,0,hidup,val,train,hen_f0955,train/2022-02-16-13_54_54-Greenshot_jpg.rf.ebec3dd7d9899814dd5757180fc7df2d.jpg,"[183, 256, 232, 296]",1.0,hen_gt,hen_kandang
hidup/hen_f0955_2022-02-16-13_54_54-Greenshot_jpg.rf.ebec3dd7d9899814dd5757180fc7df2d_04.jpg,0,hidup,val,train,hen_f0955,train/2022-02-16-13_54_54-Greenshot_jpg.rf.ebec3dd7d9899814dd5757180fc7df2d.jpg,"[114, 68, 134, 99]",1.0,hen_gt,hen_kandang
hidup/hen_f0955_2022-02-16-13_54_54-Greenshot_jpg.rf.ebec3dd7d9899814dd5757180fc7df2d_06.jpg,0,hidup,val,train,hen_f0955,train/2022-02-16-13_54_54-Greenshot_jpg.rf.ebec3dd7d9899814dd5757180fc7df2d.jpg,"[281, 127, 302, 152]",1.0,hen_gt,hen_kandang
hidup/hen_f0955_2022-02-16-13_54_54-Greenshot_jpg.rf.ebec3dd7d9899814dd5757180fc7df2d_07.jpg,0,hidup,val,train,hen_f0955,train/2022-02-16-13_54_54-Greenshot_jpg.rf.ebec3dd7d9899814dd5757180fc7df2d.jpg,"[72, 102, 99, 178]",1.0,hen_gt,hen_kandang
hidup/hen_f0960_1_JPG_jpg.rf.5d8872e6146b0c4431f670a96a3a7644_00.jpg,0,hidup,val,train,hen_f0960,train/1_JPG_jpg.rf.5d8872e6146b0c4431f670a96a3a7644.jpg,"[31, 10, 176, 210]",1.0,hen_gt,hen_kandang
hidup/hen_f0960_1_JPG_jpg.rf.5d8872e6146b0c4431f670a96a3a7644_01.jpg,0,hidup,val,train,hen_f0960,train/1_JPG_jpg.rf.5d8872e6146b0c4431f670a96a3a7644.jpg,"[214, 82, 272, 183]",1.0,hen_gt,hen_kandang
hidup/hen_f0960_1_JPG_jpg.rf.5d8872e6146b0c4431f670a96a3a7644_03.jpg,0,hidup,val,train,hen_f0960,train/1_JPG_jpg.rf.5d8872e6146b0c4431f670a96a3a7644.jpg,"[225, 169, 320, 320]",1.0,hen_gt,hen_kandang
hidup/hen_f0960_1_JPG_jpg.rf.5d8872e6146b0c4431f670a96a3a7644_04.jpg,0,hidup,val,train,hen_f0960,train/1_JPG_jpg.rf.5d8872e6146b0c4431f670a96a3a7644.jpg,"[0, 175, 191, 320]",1.0,hen_gt,hen_kandang
hidup/hen_f0966_2022-02-16-13_52_07-Greenshot_jpg.rf.592362f89cb418ef3e54448962ccb72e_00.jpg,0,hidup,val,train,hen_f0966,train/2022-02-16-13_52_07-Greenshot_jpg.rf.592362f89cb418ef3e54448962ccb72e.jpg,"[0, 0, 170, 242]",1.0,hen_gt,hen_kandang
hidup/hen_f0974_scene01581_png_jpg.rf.2bcda45fe233e12ccc469b3973313165_01.jpg,0,hidup,val,train,hen_f0974,train/scene01581_png_jpg.rf.2bcda45fe233e12ccc469b3973313165.jpg,"[262, 62, 316, 121]",1.0,hen_gt,hen_kandang
hidup/hen_f0974_scene01581_png_jpg.rf.2bcda45fe233e12ccc469b3973313165_013.jpg,0,hidup,val,train,hen_f0974,train/scene01581_png_jpg.rf.2bcda45fe233e12ccc469b3973313165.jpg,"[110, 235, 134, 282]",1.0,hen_gt,hen_kandang
hidup/hen_f0974_scene01581_png_jpg.rf.2bcda45fe233e12ccc469b3973313165_016.jpg,0,hidup,val,train,hen_f0974,train/scene01581_png_jpg.rf.2bcda45fe233e12ccc469b3973313165.jpg,"[145, 168, 178, 198]",1.0,hen_gt,hen_kandang
hidup/hen_f0974_scene01581_png_jpg.rf.2bcda45fe233e12ccc469b3973313165_02.jpg,0,hidup,val,train,hen_f0974,train/scene01581_png_jpg.rf.2bcda45fe233e12ccc469b3973313165.jpg,"[225, 71, 274, 124]",1.0,hen_gt,hen_kandang
hidup/hen_f0976_scene01441_png_jpg.rf.6f656724e84bb89b05bd71b276853a3b_01.jpg,0,hidup,val,train,hen_f0976,train/scene01441_png_jpg.rf.6f656724e84bb89b05bd71b276853a3b.jpg,"[171, 158, 206, 198]",1.0,hen_gt,hen_kandang
hidup/hen_f0976_scene01441_png_jpg.rf.6f656724e84bb89b05bd71b276853a3b_020.jpg,0,hidup,val,train,hen_f0976,train/scene01441_png_jpg.rf.6f656724e84bb89b05bd71b276853a3b.jpg,"[23, 292, 52, 312]",1.0,hen_gt,hen_kandang
hidup/hen_f0976_scene01441_png_jpg.rf.6f656724e84bb89b05bd71b276853a3b_030.jpg,0,hidup,val,train,hen_f0976,train/scene01441_png_jpg.rf.6f656724e84bb89b05bd71b276853a3b.jpg,"[73, 159, 94, 174]",1.0,hen_gt,hen_kandang
hidup/hen_f0976_scene01441_png_jpg.rf.6f656724e84bb89b05bd71b276853a3b_032.jpg,0,hidup,val,train,hen_f0976,train/scene01441_png_jpg.rf.6f656724e84bb89b05bd71b276853a3b.jpg,"[152, 82, 174, 106]",1.0,hen_gt,hen_kandang
hidup/hen_f0978_scene01301_png_jpg.rf.3ce3b4c6522053538a8af5eee2fd7a5d_011.jpg,0,hidup,val,valid,hen_f0978,valid/scene01301_png_jpg.rf.3ce3b4c6522053538a8af5eee2fd7a5d.jpg,"[103, 183, 130, 250]",1.0,hen_gt,hen_kandang
hidup/hen_f0978_scene01301_png_jpg.rf.3ce3b4c6522053538a8af5eee2fd7a5d_015.jpg,0,hidup,val,valid,hen_f0978,valid/scene01301_png_jpg.rf.3ce3b4c6522053538a8af5eee2fd7a5d.jpg,"[70, 251, 96, 298]",1.0,hen_gt,hen_kandang
hidup/hen_f0978_scene01301_png_jpg.rf.3ce3b4c6522053538a8af5eee2fd7a5d_017.jpg,0,hidup,val,valid,hen_f0978,valid/scene01301_png_jpg.rf.3ce3b4c6522053538a8af5eee2fd7a5d.jpg,"[108, 116, 145, 140]",1.0,hen_gt,hen_kandang
hidup/hen_f0978_scene01301_png_jpg.rf.3ce3b4c6522053538a8af5eee2fd7a5d_02.jpg,0,hidup,val,valid,hen_f0978,valid/scene01301_png_jpg.rf.3ce3b4c6522053538a8af5eee2fd7a5d.jpg,"[170, 117, 208, 208]",1.0,hen_gt,hen_kandang
hidup/hen_f0983_2022-02-16-13_53_28-Greenshot_jpg.rf.783923510e2a22c7bdbf64a75c814325_011.jpg,0,hidup,val,train,hen_f0983,train/2022-02-16-13_53_28-Greenshot_jpg.rf.783923510e2a22c7bdbf64a75c814325.jpg,"[74, 164, 103, 214]",1.0,hen_gt,hen_kandang
hidup/hen_f0983_2022-02-16-13_53_28-Greenshot_jpg.rf.783923510e2a22c7bdbf64a75c814325_017.jpg,0,hidup,val,train,hen_f0983,train/2022-02-16-13_53_28-Greenshot_jpg.rf.783923510e2a22c7bdbf64a75c814325.jpg,"[141, 211, 178, 320]",1.0,hen_gt,hen_kandang
hidup/hen_f0983_2022-02-16-13_53_28-Greenshot_jpg.rf.783923510e2a22c7bdbf64a75c814325_018.jpg,0,hidup,val,train,hen_f0983,train/2022-02-16-13_53_28-Greenshot_jpg.rf.783923510e2a22c7bdbf64a75c814325.jpg,"[80, 250, 138, 320]",1.0,hen_gt,hen_kandang
hidup/hen_f0983_2022-02-16-13_53_28-Greenshot_jpg.rf.783923510e2a22c7bdbf64a75c814325_08.jpg,0,hidup,val,train,hen_f0983,train/2022-02-16-13_53_28-Greenshot_jpg.rf.783923510e2a22c7bdbf64a75c814325.jpg,"[46, 125, 78, 208]",1.0,hen_gt,hen_kandang
hidup/hen_f0984_2022-02-16-13_49_47-Greenshot_jpg.rf.7e24364afd2752ef88ef3c09f5c73fbe_00.jpg,0,hidup,val,train,hen_f0984,train/2022-02-16-13_49_47-Greenshot_jpg.rf.7e24364afd2752ef88ef3c09f5c73fbe.jpg,"[39, 0, 189, 314]",1.0,hen_gt,hen_kandang
hidup/hen_f0986_11_JPG_jpg.rf.b6955439501846ee9b678e6c1d272ec5_00.jpg,0,hidup,val,train,hen_f0986,train/11_JPG_jpg.rf.b6955439501846ee9b678e6c1d272ec5.jpg,"[112, 0, 160, 119]",1.0,hen_gt,hen_kandang
hidup/hen_f0986_11_JPG_jpg.rf.b6955439501846ee9b678e6c1d272ec5_03.jpg,0,hidup,val,train,hen_f0986,train/11_JPG_jpg.rf.b6955439501846ee9b678e6c1d272ec5.jpg,"[151, 19, 218, 178]",1.0,hen_gt,hen_kandang
hidup/hen_f0986_11_JPG_jpg.rf.b6955439501846ee9b678e6c1d272ec5_04.jpg,0,hidup,val,train,hen_f0986,train/11_JPG_jpg.rf.b6955439501846ee9b678e6c1d272ec5.jpg,"[72, 75, 122, 136]",1.0,hen_gt,hen_kandang
hidup/hen_f0986_11_JPG_jpg.rf.b6955439501846ee9b678e6c1d272ec5_07.jpg,0,hidup,val,train,hen_f0986,train/11_JPG_jpg.rf.b6955439501846ee9b678e6c1d272ec5.jpg,"[84, 156, 206, 294]",1.0,hen_gt,hen_kandang
hidup/hen_f0991_10a_jpg.rf.1f752189fafc0529770c5058457f6f5d_016.jpg,0,hidup,val,train,hen_f0991,train/10a_jpg.rf.1f752189fafc0529770c5058457f6f5d.jpg,"[239, 194, 270, 230]",1.0,hen_gt,hen_kandang
hidup/hen_f0991_10a_jpg.rf.1f752189fafc0529770c5058457f6f5d_019.jpg,0,hidup,val,train,hen_f0991,train/10a_jpg.rf.1f752189fafc0529770c5058457f6f5d.jpg,"[142, 199, 175, 258]",1.0,hen_gt,hen_kandang
hidup/hen_f0991_10a_jpg.rf.1f752189fafc0529770c5058457f6f5d_024.jpg,0,hidup,val,train,hen_f0991,train/10a_jpg.rf.1f752189fafc0529770c5058457f6f5d.jpg,"[231, 231, 268, 304]",1.0,hen_gt,hen_kandang
hidup/hen_f0991_10a_jpg.rf.1f752189fafc0529770c5058457f6f5d_025.jpg,0,hidup,val,train,hen_f0991,train/10a_jpg.rf.1f752189fafc0529770c5058457f6f5d.jpg,"[275, 255, 320, 306]",1.0,hen_gt,hen_kandang
hidup/hen_f1001_IMG_5804_PNG_jpg.rf.0f655f2da98bdc4afdabd8290694f2b4_00.jpg,0,hidup,val,train,hen_f1001,train/IMG_5804_PNG_jpg.rf.0f655f2da98bdc4afdabd8290694f2b4.jpg,"[440, 116, 500, 242]",1.0,hen_gt,hen_kandang
hidup/hen_f1001_IMG_5804_PNG_jpg.rf.0f655f2da98bdc4afdabd8290694f2b4_01.jpg,0,hidup,val,train,hen_f1001,train/IMG_5804_PNG_jpg.rf.0f655f2da98bdc4afdabd8290694f2b4.jpg,"[194, 188, 242, 316]",1.0,hen_gt,hen_kandang
hidup/hen_f1001_IMG_5804_PNG_jpg.rf.0f655f2da98bdc4afdabd8290694f2b4_03.jpg,0,hidup,val,train,hen_f1001,train/IMG_5804_PNG_jpg.rf.0f655f2da98bdc4afdabd8290694f2b4.jpg,"[198, 384, 286, 481]",1.0,hen_gt,hen_kandang
hidup/hen_f1002_2022-02-16-13_49_37-Greenshot_jpg.rf.24c45d4da906f42c4a65c4ee407087a9_00.jpg,0,hidup,val,valid,hen_f1002,valid/2022-02-16-13_49_37-Greenshot_jpg.rf.24c45d4da906f42c4a65c4ee407087a9.jpg,"[73, 90, 268, 308]",1.0,hen_gt,hen_kandang
hidup/hen_f1002_2022-02-16-13_49_37-Greenshot_jpg.rf.24c45d4da906f42c4a65c4ee407087a9_01.jpg,0,hidup,val,valid,hen_f1002,valid/2022-02-16-13_49_37-Greenshot_jpg.rf.24c45d4da906f42c4a65c4ee407087a9.jpg,"[51, 165, 176, 320]",1.0,hen_gt,hen_kandang
hidup/hen_f1003_2022-02-16-13_54_48-Greenshot_jpg.rf.0154d1a0bb36011d29d41c5185e33c82_01.jpg,0,hidup,val,valid,hen_f1003,valid/2022-02-16-13_54_48-Greenshot_jpg.rf.0154d1a0bb36011d29d41c5185e33c82.jpg,"[167, 186, 198, 230]",1.0,hen_gt,hen_kandang
hidup/hen_f1003_2022-02-16-13_54_48-Greenshot_jpg.rf.0154d1a0bb36011d29d41c5185e33c82_02.jpg,0,hidup,val,valid,hen_f1003,valid/2022-02-16-13_54_48-Greenshot_jpg.rf.0154d1a0bb36011d29d41c5185e33c82.jpg,"[198, 179, 264, 296]",1.0,hen_gt,hen_kandang
hidup/hen_f1003_2022-02-16-13_54_48-Greenshot_jpg.rf.0154d1a0bb36011d29d41c5185e33c82_03.jpg,0,hidup,val,valid,hen_f1003,valid/2022-02-16-13_54_48-Greenshot_jpg.rf.0154d1a0bb36011d29d41c5185e33c82.jpg,"[115, 191, 169, 318]",1.0,hen_gt,hen_kandang
hidup/hen_f1005_38_JPG_jpg.rf.f9bebc60672281f669fd074b69da4a1e_04.jpg,0,hidup,val,valid,hen_f1005,valid/38_JPG_jpg.rf.f9bebc60672281f669fd074b69da4a1e.jpg,"[194, 213, 210, 232]",1.0,hen_gt,hen_kandang
hidup/hen_f1005_38_JPG_jpg.rf.f9bebc60672281f669fd074b69da4a1e_07.jpg,0,hidup,val,valid,hen_f1005,valid/38_JPG_jpg.rf.f9bebc60672281f669fd074b69da4a1e.jpg,"[51, 237, 70, 261]",1.0,hen_gt,hen_kandang
hidup/hen_f1005_38_JPG_jpg.rf.f9bebc60672281f669fd074b69da4a1e_08.jpg,0,hidup,val,valid,hen_f1005,valid/38_JPG_jpg.rf.f9bebc60672281f669fd074b69da4a1e.jpg,"[118, 265, 138, 293]",1.0,hen_gt,hen_kandang
hidup/hen_f1007_IMG_20220513_172229_HHT_jpg.rf.260771f04d8354c10201c8d06441aa64_00.jpg,0,hidup,val,valid,hen_f1007,valid/IMG_20220513_172229_HHT_jpg.rf.260771f04d8354c10201c8d06441aa64.jpg,"[195, 238, 442, 398]",1.0,hen_gt,hen_kandang
hidup/hen_f1017_IMG_20220513_172000_HHT_jpg.rf.1cc52a6079ad88db652c82e658531887_00.jpg,0,hidup,val,test,hen_f1017,test/IMG_20220513_172000_HHT_jpg.rf.1cc52a6079ad88db652c82e658531887.jpg,"[171, 235, 395, 366]",1.0,hen_gt,hen_kandang
hidup/hen_f1018_images-59-_jpg.rf.0de8d40405f3fd22946ab069ef789112_00.jpg,0,hidup,val,valid,hen_f1018,valid/images-59-_jpg.rf.0de8d40405f3fd22946ab069ef789112.jpg,"[107, 151, 300, 453]",1.0,hen_gt,hen_kandang
hidup/hen_f1018_images-59-_jpg.rf.0de8d40405f3fd22946ab069ef789112_01.jpg,0,hidup,val,valid,hen_f1018,valid/images-59-_jpg.rf.0de8d40405f3fd22946ab069ef789112.jpg,"[321, 250, 504, 571]",1.0,hen_gt,hen_kandang
hidup/hen_f1018_images-59-_jpg.rf.0de8d40405f3fd22946ab069ef789112_02.jpg,0,hidup,val,valid,hen_f1018,valid/images-59-_jpg.rf.0de8d40405f3fd22946ab069ef789112.jpg,"[97, 35, 218, 170]",1.0,hen_gt,hen_kandang
hidup/hen_f1023_2022-02-16-13_52_37-Greenshot_jpg.rf.0627aa54037bd354dff019a74e872530_00.jpg,0,hidup,val,valid,hen_f1023,valid/2022-02-16-13_52_37-Greenshot_jpg.rf.0627aa54037bd354dff019a74e872530.jpg,"[32, 60, 116, 320]",1.0,hen_gt,hen_kandang
hidup/hen_f1023_2022-02-16-13_52_37-Greenshot_jpg.rf.0627aa54037bd354dff019a74e872530_01.jpg,0,hidup,val,valid,hen_f1023,valid/2022-02-16-13_52_37-Greenshot_jpg.rf.0627aa54037bd354dff019a74e872530.jpg,"[49, 114, 268, 320]",1.0,hen_gt,hen_kandang
hidup/hen_f1023_2022-02-16-13_52_37-Greenshot_jpg.rf.0627aa54037bd354dff019a74e872530_02.jpg,0,hidup,val,valid,hen_f1023,valid/2022-02-16-13_52_37-Greenshot_jpg.rf.0627aa54037bd354dff019a74e872530.jpg,"[237, 135, 320, 315]",1.0,hen_gt,hen_kandang
hidup/hen_f1025_51_JPG_jpg.rf.66ecfb1b9e652e39bc736bd0c355acf0_03.jpg,0,hidup,val,valid,hen_f1025,valid/51_JPG_jpg.rf.66ecfb1b9e652e39bc736bd0c355acf0.jpg,"[166, 176, 184, 218]",1.0,hen_gt,hen_kandang
hidup/hen_f1025_51_JPG_jpg.rf.66ecfb1b9e652e39bc736bd0c355acf0_04.jpg,0,hidup,val,valid,hen_f1025,valid/51_JPG_jpg.rf.66ecfb1b9e652e39bc736bd0c355acf0.jpg,"[0, 169, 21, 232]",1.0,hen_gt,hen_kandang
hidup/hen_f1025_51_JPG_jpg.rf.66ecfb1b9e652e39bc736bd0c355acf0_05.jpg,0,hidup,val,valid,hen_f1025,valid/51_JPG_jpg.rf.66ecfb1b9e652e39bc736bd0c355acf0.jpg,"[202, 208, 226, 248]",1.0,hen_gt,hen_kandang
hidup/hen_f1026_IMG_20220303_085327_jpg.rf.60a34f3e7a24620e7fc638c826c74b87_019.jpg,0,hidup,val,valid,hen_f1026,valid/IMG_20220303_085327_jpg.rf.60a34f3e7a24620e7fc638c826c74b87.jpg,"[18, 278, 60, 320]",1.0,hen_gt,hen_kandang
hidup/hen_f1026_IMG_20220303_085327_jpg.rf.60a34f3e7a24620e7fc638c826c74b87_020.jpg,0,hidup,val,valid,hen_f1026,valid/IMG_20220303_085327_jpg.rf.60a34f3e7a24620e7fc638c826c74b87.jpg,"[196, 284, 250, 320]",1.0,hen_gt,hen_kandang
hidup/hen_f1026_IMG_20220303_085327_jpg.rf.60a34f3e7a24620e7fc638c826c74b87_032.jpg,0,hidup,val,valid,hen_f1026,valid/IMG_20220303_085327_jpg.rf.60a34f3e7a24620e7fc638c826c74b87.jpg,"[15, 69, 60, 107]",1.0,hen_gt,hen_kandang
mati/hen_f0010_IMG_20220513_173831_HHT_jpg.rf.35175c2da4e62ea200c2b385d28d556c_10.jpg,1,mati,val,train,hen_f0010,train/IMG_20220513_173831_HHT_jpg.rf.35175c2da4e62ea200c2b385d28d556c.jpg,"[7, 244, 415, 391]",1.0,hen_gt,hen_kandang
mati/hen_f0013_800px_COLOURBOX6555791_jpg.rf.409d8b1e378bc9dd426e6ca474963e9f_10.jpg,1,mati,val,train,hen_f0013,train/800px_COLOURBOX6555791_jpg.rf.409d8b1e378bc9dd426e6ca474963e9f.jpg,"[319, 201, 538, 506]",1.0,hen_gt,hen_kandang
mati/hen_f0013_800px_COLOURBOX6555791_jpg.rf.409d8b1e378bc9dd426e6ca474963e9f_11.jpg,1,mati,val,train,hen_f0013,train/800px_COLOURBOX6555791_jpg.rf.409d8b1e378bc9dd426e6ca474963e9f.jpg,"[82, 281, 326, 576]",1.0,hen_gt,hen_kandang
mati/hen_f0017_IMG_20220513_173233_HHT_jpg.rf.049d2aeb2627e9aef4363baf3cc6563e_10.jpg,1,mati,val,train,hen_f0017,train/IMG_20220513_173233_HHT_jpg.rf.049d2aeb2627e9aef4363baf3cc6563e.jpg,"[185, 203, 393, 392]",1.0,hen_gt,hen_kandang
mati/hen_f0018_images-5-_jpg.rf.3b0c7d5affc1fe53c23c0ef0de12af51_10.jpg,1,mati,val,train,hen_f0018,train/images-5-_jpg.rf.3b0c7d5affc1fe53c23c0ef0de12af51.jpg,"[9, 11, 582, 530]",1.0,hen_gt,hen_kandang
mati/hen_f0029_IMG_20220513_174042_HHT_jpg.rf.9a17ccb100282d5c63ed6ba1aa4dc0a2_10.jpg,1,mati,val,train,hen_f0029,train/IMG_20220513_174042_HHT_jpg.rf.9a17ccb100282d5c63ed6ba1aa4dc0a2.jpg,"[199, 199, 426, 417]",1.0,hen_gt,hen_kandang
mati/hen_f0030_download-5-_jpg.rf.3e6e3cb0232837e83b7ad75576049a61_10.jpg,1,mati,val,train,hen_f0030,train/download-5-_jpg.rf.3e6e3cb0232837e83b7ad75576049a61.jpg,"[102, 222, 600, 500]",1.0,hen_gt,hen_kandang
mati/hen_f0031_IMG_20220513_173909_HHT_jpg.rf.774a70d758dcdef845106f73f14fa733_10.jpg,1,mati,val,train,hen_f0031,train/IMG_20220513_173909_HHT_jpg.rf.774a70d758dcdef845106f73f14fa733.jpg,"[210, 192, 366, 395]",1.0,hen_gt,hen_kandang
mati/hen_f0033_IMG_20220513_174116_HHT_jpg.rf.4334136cdccb36908a030fa5bed95d4e_10.jpg,1,mati,val,train,hen_f0033,train/IMG_20220513_174116_HHT_jpg.rf.4334136cdccb36908a030fa5bed95d4e.jpg,"[250, 215, 471, 373]",1.0,hen_gt,hen_kandang
mati/hen_f0034_IMG_20220513_173859_HHT_jpg.rf.69ef33de066582b7ac872fa45f06d6f7_10.jpg,1,mati,val,train,hen_f0034,train/IMG_20220513_173859_HHT_jpg.rf.69ef33de066582b7ac872fa45f06d6f7.jpg,"[140, 222, 418, 342]",1.0,hen_gt,hen_kandang
mati/hen_f0037_IMG_20220513_173819_HHT_jpg.rf.c02012c4ee174f50d08d20be2e3c92c3_10.jpg,1,mati,val,train,hen_f0037,train/IMG_20220513_173819_HHT_jpg.rf.c02012c4ee174f50d08d20be2e3c92c3.jpg,"[205, 220, 376, 422]",1.0,hen_gt,hen_kandang
mati/hen_f0041_image-1-_jpeg_jpg.rf.357b9bc2c637f0d7316915bc0f118018_10.jpg,1,mati,val,train,hen_f0041,train/image-1-_jpeg_jpg.rf.357b9bc2c637f0d7316915bc0f118018.jpg,"[39, 73, 362, 386]",1.0,hen_gt,hen_kandang
mati/hen_f0047_scene00761_png_jpg.rf.26bd857185daab0f6450df267926dcfd_10.jpg,1,mati,val,train,hen_f0047,train/scene00761_png_jpg.rf.26bd857185daab0f6450df267926dcfd.jpg,"[0, 143, 36, 285]",1.0,hen_gt,hen_kandang
mati/hen_f0047_scene00761_png_jpg.rf.26bd857185daab0f6450df267926dcfd_11.jpg,1,mati,val,train,hen_f0047,train/scene00761_png_jpg.rf.26bd857185daab0f6450df267926dcfd.jpg,"[70, 0, 117, 154]",1.0,hen_gt,hen_kandang
mati/hen_f0047_scene00761_png_jpg.rf.26bd857185daab0f6450df267926dcfd_12.jpg,1,mati,val,train,hen_f0047,train/scene00761_png_jpg.rf.26bd857185daab0f6450df267926dcfd.jpg,"[182, 110, 273, 306]",1.0,hen_gt,hen_kandang
mati/hen_f0047_scene00761_png_jpg.rf.26bd857185daab0f6450df267926dcfd_13.jpg,1,mati,val,train,hen_f0047,train/scene00761_png_jpg.rf.26bd857185daab0f6450df267926dcfd.jpg,"[221, 1, 300, 142]",1.0,hen_gt,hen_kandang
mati/hen_f0049_IMG_20220513_173330_HHT_jpg.rf.14d43349311d9e883d6bca7d76e2bce9_10.jpg,1,mati,val,train,hen_f0049,train/IMG_20220513_173330_HHT_jpg.rf.14d43349311d9e883d6bca7d76e2bce9.jpg,"[208, 187, 388, 379]",1.0,hen_gt,hen_kandang
mati/hen_f0054_IMG_20220513_173539_HHT_jpg.rf.30044eb64f311a858e0ba04a2bff4866_10.jpg,1,mati,val,train,hen_f0054,train/IMG_20220513_173539_HHT_jpg.rf.30044eb64f311a858e0ba04a2bff4866.jpg,"[191, 217, 479, 369]",1.0,hen_gt,hen_kandang
mati/hen_f0056_IMG_20220513_173905_HHT_jpg.rf.1e40d791250fbf9f071f2bc63dd45d18_10.jpg,1,mati,val,train,hen_f0056,train/IMG_20220513_173905_HHT_jpg.rf.1e40d791250fbf9f071f2bc63dd45d18.jpg,"[204, 255, 412, 392]",1.0,hen_gt,hen_kandang
mati/hen_f0066_IMG_20220513_173523_HHT_jpg.rf.07573dd0a2bccc670eef920dc49d6e4e_10.jpg,1,mati,val,train,hen_f0066,train/IMG_20220513_173523_HHT_jpg.rf.07573dd0a2bccc670eef920dc49d6e4e.jpg,"[94, 185, 418, 411]",1.0,hen_gt,hen_kandang
mati/hen_f0076_IMG_20220513_173814_HHT_jpg.rf.43642e01c37770603ec5a9ea272f0e4e_10.jpg,1,mati,val,train,hen_f0076,train/IMG_20220513_173814_HHT_jpg.rf.43642e01c37770603ec5a9ea272f0e4e.jpg,"[157, 246, 438, 354]",1.0,hen_gt,hen_kandang
mati/hen_f0078_scene00001_png_jpg.rf.05d66584603c8df4768a27dfd277783a_10.jpg,1,mati,val,test,hen_f0078,test/scene00001_png_jpg.rf.05d66584603c8df4768a27dfd277783a.jpg,"[134, 67, 186, 244]",1.0,hen_gt,hen_kandang
mati/hen_f0078_scene00001_png_jpg.rf.05d66584603c8df4768a27dfd277783a_11.jpg,1,mati,val,test,hen_f0078,test/scene00001_png_jpg.rf.05d66584603c8df4768a27dfd277783a.jpg,"[27, 101, 100, 238]",1.0,hen_gt,hen_kandang
mati/hen_f0079_IMG_20220513_174114_HHT_jpg.rf.05939f731574289c6631558a3fca39ca_10.jpg,1,mati,val,valid,hen_f0079,valid/IMG_20220513_174114_HHT_jpg.rf.05939f731574289c6631558a3fca39ca.jpg,"[248, 234, 389, 380]",1.0,hen_gt,hen_kandang
mati/hen_f0084_IMG_20220513_174046_HHT_jpg.rf.08abc714a7d189724bbbfa7acc10df37_10.jpg,1,mati,val,train,hen_f0084,train/IMG_20220513_174046_HHT_jpg.rf.08abc714a7d189724bbbfa7acc10df37.jpg,"[211, 246, 453, 397]",1.0,hen_gt,hen_kandang
mati/hen_f0085_IMG_20220513_173800_HHT_jpg.rf.98b00ba1a54d4487a491e3b61a9d16ef_10.jpg,1,mati,val,train,hen_f0085,train/IMG_20220513_173800_HHT_jpg.rf.98b00ba1a54d4487a491e3b61a9d16ef.jpg,"[150, 192, 404, 433]",1.0,hen_gt,hen_kandang
mati/hen_f0090_IMG_20220513_173642_HHT_jpg.rf.20d41e2d568f681d8a301dbd2953abac_10.jpg,1,mati,val,train,hen_f0090,train/IMG_20220513_173642_HHT_jpg.rf.20d41e2d568f681d8a301dbd2953abac.jpg,"[183, 196, 391, 386]",1.0,hen_gt,hen_kandang
mati/hen_f0091_IMG20220703113834_jpg.rf.743b63339385d45f4bfed49b3918364e_10.jpg,1,mati,val,valid,hen_f0091,valid/IMG20220703113834_jpg.rf.743b63339385d45f4bfed49b3918364e.jpg,"[168, 146, 496, 576]",1.0,hen_gt,hen_kandang
mati/hen_f0092_IMG_20220513_173817_HHT_jpg.rf.479dca31ee02812cd5ad90c7d36fde0b_10.jpg,1,mati,val,train,hen_f0092,train/IMG_20220513_173817_HHT_jpg.rf.479dca31ee02812cd5ad90c7d36fde0b.jpg,"[204, 235, 398, 417]",1.0,hen_gt,hen_kandang
mati/hen_f0097_IMG_20220513_174337_HHT_jpg.rf.327b4d513defd5a82f7b1022a6e58be4_10.jpg,1,mati,val,train,hen_f0097,train/IMG_20220513_174337_HHT_jpg.rf.327b4d513defd5a82f7b1022a6e58be4.jpg,"[118, 174, 433, 385]",1.0,hen_gt,hen_kandang
mati/hen_f0113_IMG20220703113857_jpg.rf.094976a2ac373e7e4bd1858592651baa_10.jpg,1,mati,val,train,hen_f0113,train/IMG20220703113857_jpg.rf.094976a2ac373e7e4bd1858592651baa.jpg,"[116, 158, 489, 462]",1.0,hen_gt,hen_kandang
mati/hen_f0115_IMG_20220513_174355_HHT_jpg.rf.c644300826093d2975c7e0f21b538bda_10.jpg,1,mati,val,train,hen_f0115,train/IMG_20220513_174355_HHT_jpg.rf.c644300826093d2975c7e0f21b538bda.jpg,"[187, 199, 537, 421]",1.0,hen_gt,hen_kandang
mati/hen_f0116_image-45-_jpg.rf.142ba8ad1dccc4b013820c84d400790a_10.jpg,1,mati,val,train,hen_f0116,train/image-45-_jpg.rf.142ba8ad1dccc4b013820c84d400790a.jpg,"[133, 29, 362, 286]",1.0,hen_gt,hen_kandang
mati/hen_f0119_scene00321_png_jpg.rf.360f9ded11655d5b649f3b6efaab1401_10.jpg,1,mati,val,train,hen_f0119,train/scene00321_png_jpg.rf.360f9ded11655d5b649f3b6efaab1401.jpg,"[28, 9, 108, 179]",1.0,hen_gt,hen_kandang
mati/hen_f0119_scene00321_png_jpg.rf.360f9ded11655d5b649f3b6efaab1401_11.jpg,1,mati,val,train,hen_f0119,train/scene00321_png_jpg.rf.360f9ded11655d5b649f3b6efaab1401.jpg,"[123, 120, 211, 276]",1.0,hen_gt,hen_kandang
mati/hen_f0119_scene00321_png_jpg.rf.360f9ded11655d5b649f3b6efaab1401_12.jpg,1,mati,val,train,hen_f0119,train/scene00321_png_jpg.rf.360f9ded11655d5b649f3b6efaab1401.jpg,"[131, 0, 202, 54]",1.0,hen_gt,hen_kandang
mati/hen_f0120_IMG_20220513_174317_HHT_jpg.rf.4814db31234e10476362aa0a24b0b64b_10.jpg,1,mati,val,train,hen_f0120,train/IMG_20220513_174317_HHT_jpg.rf.4814db31234e10476362aa0a24b0b64b.jpg,"[140, 54, 358, 464]",1.0,hen_gt,hen_kandang
mati/hen_f0124_IMG20220703113859_jpg.rf.3c311ae4e165a4bf2c0566cfd1a6028b_10.jpg,1,mati,val,train,hen_f0124,train/IMG20220703113859_jpg.rf.3c311ae4e165a4bf2c0566cfd1a6028b.jpg,"[108, 155, 490, 470]",1.0,hen_gt,hen_kandang
mati/hen_f0125_IMG20220703113902_jpg.rf.59b0a72560e2c16cb0b765d307b16c27_10.jpg,1,mati,val,train,hen_f0125,train/IMG20220703113902_jpg.rf.59b0a72560e2c16cb0b765d307b16c27.jpg,"[149, 186, 503, 467]",1.0,hen_gt,hen_kandang
mati/hen_f0129_IMG_20220513_174059_HHT_jpg.rf.2a049c0c3ec1bba8effe1233dd03d34e_10.jpg,1,mati,val,valid,hen_f0129,valid/IMG_20220513_174059_HHT_jpg.rf.2a049c0c3ec1bba8effe1233dd03d34e.jpg,"[234, 215, 399, 395]",1.0,hen_gt,hen_kandang
mati/hen_f0136_IMG_20220513_174359_HHT_jpg.rf.0632a03126440f4a3bd6bc779193302a_10.jpg,1,mati,val,train,hen_f0136,train/IMG_20220513_174359_HHT_jpg.rf.0632a03126440f4a3bd6bc779193302a.jpg,"[179, 165, 446, 405]",1.0,hen_gt,hen_kandang
mati/hen_f0138_IMG_20220513_174532_HHT_jpg.rf.9b499adfee6ebb4572c89de33a7eed36_10.jpg,1,mati,val,train,hen_f0138,train/IMG_20220513_174532_HHT_jpg.rf.9b499adfee6ebb4572c89de33a7eed36.jpg,"[107, 131, 444, 518]",1.0,hen_gt,hen_kandang
mati/hen_f0139_IMG_20220513_174450_HHT_jpg.rf.26e5daf477076edeb5007468daada18e_10.jpg,1,mati,val,train,hen_f0139,train/IMG_20220513_174450_HHT_jpg.rf.26e5daf477076edeb5007468daada18e.jpg,"[127, 214, 521, 398]",1.0,hen_gt,hen_kandang
mati/hen_f0140_IMG_20220513_174323_HHT_jpg.rf.4d1d69a3112f5b06cf99919a0d5e7f13_10.jpg,1,mati,val,train,hen_f0140,train/IMG_20220513_174323_HHT_jpg.rf.4d1d69a3112f5b06cf99919a0d5e7f13.jpg,"[179, 199, 491, 541]",1.0,hen_gt,hen_kandang
mati/hen_f0149_IMG_20220513_174331_HHT_jpg.rf.3e1d348749341a1f31514cce8fb5b543_10.jpg,1,mati,val,valid,hen_f0149,valid/IMG_20220513_174331_HHT_jpg.rf.3e1d348749341a1f31514cce8fb5b543.jpg,"[96, 111, 399, 373]",1.0,hen_gt,hen_kandang
mati/hen_f0150_image-8-_jpg.rf.9fd71bfda74db33ae342d9d3a2490b6e_10.jpg,1,mati,val,test,hen_f0150,test/image-8-_jpg.rf.9fd71bfda74db33ae342d9d3a2490b6e.jpg,"[105, 72, 340, 321]",1.0,hen_gt,hen_kandang
mati/hen_f0171_IMG20220703114030_jpg.rf.783b1a357533ec43ff30f258fb5d96a2_10.jpg,1,mati,val,valid,hen_f0171,valid/IMG20220703114030_jpg.rf.783b1a357533ec43ff30f258fb5d96a2.jpg,"[186, 198, 527, 524]",1.0,hen_gt,hen_kandang
mati/hen_f0173_image-3-_jpg.rf.3ba7b974066719f139b266a2c9beae22_10.jpg,1,mati,val,train,hen_f0173,train/image-3-_jpg.rf.3ba7b974066719f139b266a2c9beae22.jpg,"[10, 106, 332, 347]",1.0,hen_gt,hen_kandang
mati/hen_f0191_IMG_20220513_174056_HHT_jpg.rf.6d99d0783b095ef8d1331d8764fbd9c8_10.jpg,1,mati,val,train,hen_f0191,train/IMG_20220513_174056_HHT_jpg.rf.6d99d0783b095ef8d1331d8764fbd9c8.jpg,"[175, 212, 368, 339]",1.0,hen_gt,hen_kandang
mati/hen_f0193_IMG_20220513_172955_HHT_jpg.rf.b35846b181bed68bd89a40ed33c75230_10.jpg,1,mati,val,train,hen_f0193,train/IMG_20220513_172955_HHT_jpg.rf.b35846b181bed68bd89a40ed33c75230.jpg,"[191, 205, 514, 374]",1.0,hen_gt,hen_kandang
mati/hen_f0195_IMG_20220513_172846_HHT_jpg.rf.6b2022c577447f537b8430b7e7cc6f22_10.jpg,1,mati,val,train,hen_f0195,train/IMG_20220513_172846_HHT_jpg.rf.6b2022c577447f537b8430b7e7cc6f22.jpg,"[145, 170, 446, 353]",1.0,hen_gt,hen_kandang
mati/hen_f0198_IMG20220703114020_jpg.rf.4b56faa5daa13df624bfed04a4a59542_10.jpg,1,mati,val,train,hen_f0198,train/IMG20220703114020_jpg.rf.4b56faa5daa13df624bfed04a4a59542.jpg,"[150, 206, 488, 505]",1.0,hen_gt,hen_kandang
mati/hen_f0199_IMG_20220513_173154_HHT_jpg.rf.056dd91f9d3cf07d022e30cdb41ae7d6_10.jpg,1,mati,val,train,hen_f0199,train/IMG_20220513_173154_HHT_jpg.rf.056dd91f9d3cf07d022e30cdb41ae7d6.jpg,"[230, 210, 423, 378]",1.0,hen_gt,hen_kandang
mati/hen_f0200_IMG20220703114023_jpg.rf.5f9e0ad00177d346ac4f1b08e5d039f4_10.jpg,1,mati,val,train,hen_f0200,train/IMG20220703114023_jpg.rf.5f9e0ad00177d346ac4f1b08e5d039f4.jpg,"[110, 160, 489, 456]",1.0,hen_gt,hen_kandang
mati/hen_f0210_IMG_20220513_173207_HHT_jpg.rf.fd5dcf3c1da3caf7ff74f4324348da08_10.jpg,1,mati,val,train,hen_f0210,train/IMG_20220513_173207_HHT_jpg.rf.fd5dcf3c1da3caf7ff74f4324348da08.jpg,"[167, 241, 390, 417]",1.0,hen_gt,hen_kandang
mati/hen_f0211_IMG20220703114106_jpg.rf.311a8a4d15f084de63035943ea6deead_10.jpg,1,mati,val,train,hen_f0211,train/IMG20220703114106_jpg.rf.311a8a4d15f084de63035943ea6deead.jpg,"[134, 103, 550, 468]",1.0,hen_gt,hen_kandang
mati/hen_f0213_image-43-_jpg.rf.5036bfc2834ba812b5effb8795ff2f83_10.jpg,1,mati,val,train,hen_f0213,train/image-43-_jpg.rf.5036bfc2834ba812b5effb8795ff2f83.jpg,"[164, 191, 416, 414]",1.0,hen_gt,hen_kandang
mati/hen_f0221_IMG_20220513_173250_HHT_jpg.rf.e4233bad778c9e8c6b717a6b86480bad_10.jpg,1,mati,val,valid,hen_f0221,valid/IMG_20220513_173250_HHT_jpg.rf.e4233bad778c9e8c6b717a6b86480bad.jpg,"[192, 217, 417, 448]",1.0,hen_gt,hen_kandang
mati/hen_f0229_IMG20220703114110_jpg.rf.437bbbd92fc7753e4f18065861aae990_10.jpg,1,mati,val,train,hen_f0229,train/IMG20220703114110_jpg.rf.437bbbd92fc7753e4f18065861aae990.jpg,"[19, 184, 463, 546]",1.0,hen_gt,hen_kandang
mati/hen_f0236_IMG_20220513_174733_HHT_jpg.rf.92528d082ed60d1e21674fb2beff6ab9_10.jpg,1,mati,val,train,hen_f0236,train/IMG_20220513_174733_HHT_jpg.rf.92528d082ed60d1e21674fb2beff6ab9.jpg,"[142, 72, 496, 492]",1.0,hen_gt,hen_kandang
mati/hen_f0239_IMG_20220513_175239_HHT_jpg.rf.bad2e882b61d91dae38cd94c9c91999a_10.jpg,1,mati,val,train,hen_f0239,train/IMG_20220513_175239_HHT_jpg.rf.bad2e882b61d91dae38cd94c9c91999a.jpg,"[179, 175, 414, 348]",1.0,hen_gt,hen_kandang
mati/hen_f0241_IMG_20220513_172812_HHT_jpg.rf.28aea0fdecfd9f5df2489073f9104a2a_10.jpg,1,mati,val,valid,hen_f0241,valid/IMG_20220513_172812_HHT_jpg.rf.28aea0fdecfd9f5df2489073f9104a2a.jpg,"[99, 57, 435, 505]",1.0,hen_gt,hen_kandang
mati/hen_f0249_IMG_20220513_173356_HHT_jpg.rf.f8121e0dc60d35dfb7c32a1d4f7481d5_10.jpg,1,mati,val,train,hen_f0249,train/IMG_20220513_173356_HHT_jpg.rf.f8121e0dc60d35dfb7c32a1d4f7481d5.jpg,"[163, 225, 406, 414]",1.0,hen_gt,hen_kandang
mati/hen_f0251_IMG_20220513_175216_HHT_jpg.rf.cd981c54a80fae1b96084b4a0063b2ce_10.jpg,1,mati,val,train,hen_f0251,train/IMG_20220513_175216_HHT_jpg.rf.cd981c54a80fae1b96084b4a0063b2ce.jpg,"[183, 220, 412, 424]",1.0,hen_gt,hen_kandang
mati/hen_f0256_image-5-_jpg.rf.5ecd0485f2849af4f2c89d505be9adaa_10.jpg,1,mati,val,train,hen_f0256,train/image-5-_jpg.rf.5ecd0485f2849af4f2c89d505be9adaa.jpg,"[164, 94, 338, 318]",1.0,hen_gt,hen_kandang
mati/hen_f0262_IMG_20220513_173845_HHT_jpg.rf.b601a2ac6c225e6eda5d30cfabc55a28_10.jpg,1,mati,val,train,hen_f0262,train/IMG_20220513_173845_HHT_jpg.rf.b601a2ac6c225e6eda5d30cfabc55a28.jpg,"[86, 225, 454, 370]",1.0,hen_gt,hen_kandang
mati/hen_f0279_IMG_20220513_174110_HHT_jpg.rf.a8741b12f3d0a42033f0a24dd777cf77_10.jpg,1,mati,val,train,hen_f0279,train/IMG_20220513_174110_HHT_jpg.rf.a8741b12f3d0a42033f0a24dd777cf77.jpg,"[240, 232, 404, 382]",1.0,hen_gt,hen_kandang
mati/hen_f0281_IMG_20220513_173034_HHT_jpg.rf.10070cb2b4c98cdf92296b5389db7184_10.jpg,1,mati,val,train,hen_f0281,train/IMG_20220513_173034_HHT_jpg.rf.10070cb2b4c98cdf92296b5389db7184.jpg,"[139, 209, 417, 401]",1.0,hen_gt,hen_kandang
mati/hen_f0282_image-9-_jpg.rf.5b58816bfd23662b6528ed26b3a9ccde_10.jpg,1,mati,val,train,hen_f0282,train/image-9-_jpg.rf.5b58816bfd23662b6528ed26b3a9ccde.jpg,"[80, 91, 268, 409]",1.0,hen_gt,hen_kandang
mati/hen_f0287_Shutterstock_3790084a_jpg.rf.b51798ab5f8b9c4cb8d4ec1c1742ae7c_10.jpg,1,mati,val,train,hen_f0287,train/Shutterstock_3790084a_jpg.rf.b51798ab5f8b9c4cb8d4ec1c1742ae7c.jpg,"[247, 181, 399, 598]",1.0,hen_gt,hen_kandang
mati/hen_f0290_IMG_20220513_175505_HHT_jpg.rf.09d848c871a21853b1dd1a318ee719e0_10.jpg,1,mati,val,valid,hen_f0290,valid/IMG_20220513_175505_HHT_jpg.rf.09d848c871a21853b1dd1a318ee719e0.jpg,"[90, 171, 492, 380]",1.0,hen_gt,hen_kandang
mati/hen_f0294_image-48-_png_jpg.rf.bcf640b8d7be87ff9a417de313878589_10.jpg,1,mati,val,train,hen_f0294,train/image-48-_png_jpg.rf.bcf640b8d7be87ff9a417de313878589.jpg,"[89, 47, 348, 398]",1.0,hen_gt,hen_kandang
mati/hen_f0297_IMG_20220513_175314_HHT_jpg.rf.d53778bb89a1216873b7097dc81d72a3_10.jpg,1,mati,val,train,hen_f0297,train/IMG_20220513_175314_HHT_jpg.rf.d53778bb89a1216873b7097dc81d72a3.jpg,"[206, 187, 429, 528]",1.0,hen_gt,hen_kandang
mati/hen_f0298_IMG_20220513_174326_HHT_jpg.rf.f947c187fff539a7b492bcf4af4bacfd_10.jpg,1,mati,val,train,hen_f0298,train/IMG_20220513_174326_HHT_jpg.rf.f947c187fff539a7b492bcf4af4bacfd.jpg,"[175, 197, 565, 475]",1.0,hen_gt,hen_kandang
mati/hen_f0299_VID-20221020-WA0003_mp4-183_jpg.rf.92e0967deccdaa8fcc7db8fae02a3a93_10.jpg,1,mati,val,train,hen_f0299,train/VID-20221020-WA0003_mp4-183_jpg.rf.92e0967deccdaa8fcc7db8fae02a3a93.jpg,"[206, 191, 320, 251]",1.0,hen_gt,hen_kandang
mati/hen_f0299_VID-20221020-WA0003_mp4-183_jpg.rf.92e0967deccdaa8fcc7db8fae02a3a93_11.jpg,1,mati,val,train,hen_f0299,train/VID-20221020-WA0003_mp4-183_jpg.rf.92e0967deccdaa8fcc7db8fae02a3a93.jpg,"[1, 217, 296, 290]",1.0,hen_gt,hen_kandang
mati/hen_f0299_VID-20221020-WA0003_mp4-183_jpg.rf.92e0967deccdaa8fcc7db8fae02a3a93_12.jpg,1,mati,val,train,hen_f0299,train/VID-20221020-WA0003_mp4-183_jpg.rf.92e0967deccdaa8fcc7db8fae02a3a93.jpg,"[169, 70, 292, 134]",1.0,hen_gt,hen_kandang
mati/hen_f0299_VID-20221020-WA0003_mp4-183_jpg.rf.92e0967deccdaa8fcc7db8fae02a3a93_13.jpg,1,mati,val,train,hen_f0299,train/VID-20221020-WA0003_mp4-183_jpg.rf.92e0967deccdaa8fcc7db8fae02a3a93.jpg,"[98, 44, 191, 112]",1.0,hen_gt,hen_kandang
mati/hen_f0299_VID-20221020-WA0003_mp4-183_jpg.rf.92e0967deccdaa8fcc7db8fae02a3a93_14.jpg,1,mati,val,train,hen_f0299,train/VID-20221020-WA0003_mp4-183_jpg.rf.92e0967deccdaa8fcc7db8fae02a3a93.jpg,"[10, 133, 234, 225]",1.0,hen_gt,hen_kandang
mati/hen_f0301_IMG_20220513_175326_HHT_jpg.rf.c0294601d3445dd4a477be6b8672bceb_10.jpg,1,mati,val,train,hen_f0301,train/IMG_20220513_175326_HHT_jpg.rf.c0294601d3445dd4a477be6b8672bceb.jpg,"[197, 176, 540, 396]",1.0,hen_gt,hen_kandang
mati/hen_f0302_image-22-_jpg.rf.72ab26581fd194d0862aad112e83dc77_10.jpg,1,mati,val,train,hen_f0302,train/image-22-_jpg.rf.72ab26581fd194d0862aad112e83dc77.jpg,"[27, 86, 244, 350]",1.0,hen_gt,hen_kandang
mati/hen_f0304_image-16-_jpg.rf.0bae0139bf58b39267f47bea9dcb849b_10.jpg,1,mati,val,train,hen_f0304,train/image-16-_jpg.rf.0bae0139bf58b39267f47bea9dcb849b.jpg,"[80, 4, 394, 410]",1.0,hen_gt,hen_kandang
mati/hen_f0313_IMG_20220513_173119_HHT_jpg.rf.6961042f8d851cf013776de1610c970e_10.jpg,1,mati,val,train,hen_f0313,train/IMG_20220513_173119_HHT_jpg.rf.6961042f8d851cf013776de1610c970e.jpg,"[165, 244, 507, 380]",1.0,hen_gt,hen_kandang
mati/hen_f0317_IMG_20220513_172902_HHT_jpg.rf.654f8162b78bb6f5f7ed659637bd8dee_10.jpg,1,mati,val,valid,hen_f0317,valid/IMG_20220513_172902_HHT_jpg.rf.654f8162b78bb6f5f7ed659637bd8dee.jpg,"[204, 216, 486, 370]",1.0,hen_gt,hen_kandang
mati/hen_f0318_IMG_20220513_173322_HHT_jpg.rf.0be9026a4ba57e7ab18e81529be91e8d_10.jpg,1,mati,val,train,hen_f0318,train/IMG_20220513_173322_HHT_jpg.rf.0be9026a4ba57e7ab18e81529be91e8d.jpg,"[177, 262, 396, 426]",1.0,hen_gt,hen_kandang
mati/hen_f0320_VID-20221020-WA0003_mp4-41_jpg.rf.eac1e21b6e89858904fc084fb2a39d4e_10.jpg,1,mati,val,train,hen_f0320,train/VID-20221020-WA0003_mp4-41_jpg.rf.eac1e21b6e89858904fc084fb2a39d4e.jpg,"[68, 135, 303, 284]",1.0,hen_gt,hen_kandang
mati/hen_f0326_IMG_20220513_173227_HHT_jpg.rf.253fe02510344e0c034092ba618f433f_10.jpg,1,mati,val,valid,hen_f0326,valid/IMG_20220513_173227_HHT_jpg.rf.253fe02510344e0c034092ba618f433f.jpg,"[216, 200, 378, 393]",1.0,hen_gt,hen_kandang
mati/hen_f0327_IMG_20220513_174852_HHT_jpg.rf.ef15dc8ec96b4bd65a23c216be9d549f_10.jpg,1,mati,val,train,hen_f0327,train/IMG_20220513_174852_HHT_jpg.rf.ef15dc8ec96b4bd65a23c216be9d549f.jpg,"[169, 190, 469, 434]",1.0,hen_gt,hen_kandang
mati/hen_f0329_IMG_20220513_172906_HHT_jpg.rf.46a1f72632bd82918a8b6357e95a9a03_10.jpg,1,mati,val,train,hen_f0329,train/IMG_20220513_172906_HHT_jpg.rf.46a1f72632bd82918a8b6357e95a9a03.jpg,"[183, 178, 407, 360]",1.0,hen_gt,hen_kandang
mati/hen_f0354_IMG_20220513_173305_HHT_jpg.rf.3032a0768393afd56ed3ffa75db2f218_10.jpg,1,mati,val,train,hen_f0354,train/IMG_20220513_173305_HHT_jpg.rf.3032a0768393afd56ed3ffa75db2f218.jpg,"[165, 224, 402, 378]",1.0,hen_gt,hen_kandang
mati/hen_f0355_IMG_20220513_173315_HHT_jpg.rf.3b21cf5cac1eb8a815fac9e978c41dfc_10.jpg,1,mati,val,train,hen_f0355,train/IMG_20220513_173315_HHT_jpg.rf.3b21cf5cac1eb8a815fac9e978c41dfc.jpg,"[192, 202, 436, 395]",1.0,hen_gt,hen_kandang
mati/hen_f0361_IMG_20220513_173526_HHT_jpg.rf.40ed7bf8dc2b58c59e9d9b2b6273c9ac_10.jpg,1,mati,val,train,hen_f0361,train/IMG_20220513_173526_HHT_jpg.rf.40ed7bf8dc2b58c59e9d9b2b6273c9ac.jpg,"[102, 225, 451, 414]",1.0,hen_gt,hen_kandang
mati/hen_f0364_dead-chicken_jpg.rf.0d22516843f6b44ad7588c53455d355a_10.jpg,1,mati,val,train,hen_f0364,train/dead-chicken_jpg.rf.0d22516843f6b44ad7588c53455d355a.jpg,"[127, 0, 449, 486]",1.0,hen_gt,hen_kandang
mati/hen_f0374_IMG20220703114143_jpg.rf.88b34cfdc3650e5e396e9ae69921751f_10.jpg,1,mati,val,train,hen_f0374,train/IMG20220703114143_jpg.rf.88b34cfdc3650e5e396e9ae69921751f.jpg,"[8, 34, 562, 513]",1.0,hen_gt,hen_kandang
mati/hen_f0380_IMG_20220513_173514_HHT_jpg.rf.2e79cce267682a02c75ff58ccbd13a8f_10.jpg,1,mati,val,train,hen_f0380,train/IMG_20220513_173514_HHT_jpg.rf.2e79cce267682a02c75ff58ccbd13a8f.jpg,"[177, 159, 450, 393]",1.0,hen_gt,hen_kandang
mati/hen_f0395_IMG_20220513_173517_HHT_jpg.rf.1c8c46f7c86f9b460928d8d894594ead_10.jpg,1,mati,val,train,hen_f0395,train/IMG_20220513_173517_HHT_jpg.rf.1c8c46f7c86f9b460928d8d894594ead.jpg,"[147, 138, 434, 388]",1.0,hen_gt,hen_kandang
mati/hen_f0396_IMG_20220513_173536_HHT_jpg.rf.77ed32bea92db9235f51dae5209abf1c_10.jpg,1,mati,val,train,hen_f0396,train/IMG_20220513_173536_HHT_jpg.rf.77ed32bea92db9235f51dae5209abf1c.jpg,"[201, 197, 511, 387]",1.0,hen_gt,hen_kandang
mati/hen_f0397_IMG_20220513_173542_HHT_jpg.rf.08df0072fd83a35232433eb9e51f1b2d_10.jpg,1,mati,val,valid,hen_f0397,valid/IMG_20220513_173542_HHT_jpg.rf.08df0072fd83a35232433eb9e51f1b2d.jpg,"[214, 237, 466, 409]",1.0,hen_gt,hen_kandang
mati/hen_f0398_IMG20220703113907_jpg.rf.6fd250cc3407b5f2c19fcee2095a42e3_10.jpg,1,mati,val,train,hen_f0398,train/IMG20220703113907_jpg.rf.6fd250cc3407b5f2c19fcee2095a42e3.jpg,"[133, 188, 480, 436]",1.0,hen_gt,hen_kandang
mati/hen_f0400_deceased-chickens-at-poultry-ranch-B973FY-1-_jpg.rf.3f41eb876daa820ad494b75c79f4eeb8_10.jpg,1,mati,val,train,hen_f0400,train/deceased-chickens-at-poultry-ranch-B973FY-1-_jpg.rf.3f41eb876daa820ad494b75c79f4eeb8.jpg,"[123, 278, 313, 410]",1.0,hen_gt,hen_kandang
mati/hen_f0400_deceased-chickens-at-poultry-ranch-B973FY-1-_jpg.rf.3f41eb876daa820ad494b75c79f4eeb8_11.jpg,1,mati,val,train,hen_f0400,train/deceased-chickens-at-poultry-ranch-B973FY-1-_jpg.rf.3f41eb876daa820ad494b75c79f4eeb8.jpg,"[283, 353, 425, 549]",1.0,hen_gt,hen_kandang
mati/hen_f0400_deceased-chickens-at-poultry-ranch-B973FY-1-_jpg.rf.3f41eb876daa820ad494b75c79f4eeb8_12.jpg,1,mati,val,train,hen_f0400,train/deceased-chickens-at-poultry-ranch-B973FY-1-_jpg.rf.3f41eb876daa820ad494b75c79f4eeb8.jpg,"[0, 369, 125, 545]",1.0,hen_gt,hen_kandang
mati/hen_f0411_-22-_mp4-2_jpg.rf.3a88e3af6cf448d201253960b8cc3e3e_10.jpg,1,mati,val,valid,hen_f0411,valid/-22-_mp4-2_jpg.rf.3a88e3af6cf448d201253960b8cc3e3e.jpg,"[124, 73, 554, 632]",1.0,hen_gt,hen_kandang
mati/hen_f0414_scene00801_png_jpg.rf.ee21c5bca33b6e939fb37efb916d5602_10.jpg,1,mati,val,train,hen_f0414,train/scene00801_png_jpg.rf.ee21c5bca33b6e939fb37efb916d5602.jpg,"[197, 119, 246, 288]",1.0,hen_gt,hen_kandang
mati/hen_f0414_scene00801_png_jpg.rf.ee21c5bca33b6e939fb37efb916d5602_11.jpg,1,mati,val,train,hen_f0414,train/scene00801_png_jpg.rf.ee21c5bca33b6e939fb37efb916d5602.jpg,"[85, 43, 142, 176]",1.0,hen_gt,hen_kandang
mati/hen_f0417_h23_jpg.rf.d0198d0dd185819f98448a4c38c0b41d_10.jpg,1,mati,val,train,hen_f0417,train/h23_jpg.rf.d0198d0dd185819f98448a4c38c0b41d.jpg,"[53, 56, 112, 173]",1.0,hen_gt,hen_kandang
mati/hen_f0417_h23_jpg.rf.d0198d0dd185819f98448a4c38c0b41d_11.jpg,1,mati,val,train,hen_f0417,train/h23_jpg.rf.d0198d0dd185819f98448a4c38c0b41d.jpg,"[216, 28, 318, 162]",1.0,hen_gt,hen_kandang
mati/hen_f0419_images-12-_jpg.rf.186a681946606e695742c8cf917e1f88_10.jpg,1,mati,val,train,hen_f0419,train/images-12-_jpg.rf.186a681946606e695742c8cf917e1f88.jpg,"[231, 275, 443, 496]",1.0,hen_gt,hen_kandang
mati/hen_f0423_-22-_mp4-0_jpg.rf.6f039ff6fa0270fe9f04a02b4f2cfdc7_10.jpg,1,mati,val,train,hen_f0423,train/-22-_mp4-0_jpg.rf.6f039ff6fa0270fe9f04a02b4f2cfdc7.jpg,"[154, 63, 496, 640]",1.0,hen_gt,hen_kandang
mati/hen_f0424_telechargement-2-_jpg.rf.07d4a630157600aadee923433a3a7523_10.jpg,1,mati,val,train,hen_f0424,train/telechargement-2-_jpg.rf.07d4a630157600aadee923433a3a7523.jpg,"[82, 149, 280, 394]",1.0,hen_gt,hen_kandang
mati/hen_f0435_images-14-_jpg.rf.7512e08d20e88675130bf77b286a64b0_10.jpg,1,mati,val,train,hen_f0435,train/images-14-_jpg.rf.7512e08d20e88675130bf77b286a64b0.jpg,"[100, 245, 622, 526]",1.0,hen_gt,hen_kandang
mati/hen_f0439_IMG20220703114100_jpg.rf.98bc66345e010c522e1312abe2aac770_10.jpg,1,mati,val,train,hen_f0439,train/IMG20220703114100_jpg.rf.98bc66345e010c522e1312abe2aac770.jpg,"[183, 155, 550, 496]",1.0,hen_gt,hen_kandang
mati/hen_f0447_telechargement-7-_jpg.rf.166a78a7c7b8e546842eaa1959ada6b3_10.jpg,1,mati,val,train,hen_f0447,train/telechargement-7-_jpg.rf.166a78a7c7b8e546842eaa1959ada6b3.jpg,"[175, 264, 445, 540]",1.0,hen_gt,hen_kandang
mati/hen_f0449_IMG20220703114222_jpg.rf.7b192c3069bd057a75ec7ea4edd9deb6_10.jpg,1,mati,val,train,hen_f0449,train/IMG20220703114222_jpg.rf.7b192c3069bd057a75ec7ea4edd9deb6.jpg,"[98, 95, 603, 597]",1.0,hen_gt,hen_kandang
mati/hen_f0454_IMG20220703114316_jpg.rf.4b7940b7478100c85dfab15e352efa01_10.jpg,1,mati,val,train,hen_f0454,train/IMG20220703114316_jpg.rf.4b7940b7478100c85dfab15e352efa01.jpg,"[107, 109, 607, 607]",1.0,hen_gt,hen_kandang
mati/hen_f0461_0465utth-640_jpg.rf.66e20fe6e18f7cb637ee2492035a81cb_10.jpg,1,mati,val,train,hen_f0461,train/0465utth-640_jpg.rf.66e20fe6e18f7cb637ee2492035a81cb.jpg,"[202, 195, 420, 454]",1.0,hen_gt,hen_kandang
mati/hen_f0467_120848028_3296586910458363_8829247314872145197_n_jpg.rf.3ca12716803d8858e269ea2b18e81a9a_10.jpg,1,mati,val,train,hen_f0467,train/120848028_3296586910458363_8829247314872145197_n_jpg.rf.3ca12716803d8858e269ea2b18e81a9a.jpg,"[222, 380, 311, 458]",1.0,hen_gt,hen_kandang
mati/hen_f0467_120848028_3296586910458363_8829247314872145197_n_jpg.rf.3ca12716803d8858e269ea2b18e81a9a_11.jpg,1,mati,val,train,hen_f0467,train/120848028_3296586910458363_8829247314872145197_n_jpg.rf.3ca12716803d8858e269ea2b18e81a9a.jpg,"[23, 499, 164, 563]",1.0,hen_gt,hen_kandang
mati/hen_f0472_IMG_20220513_174841_HHT_jpg.rf.04e77b2d99eace9a9cee1de9087e19d9_10.jpg,1,mati,val,test,hen_f0472,test/IMG_20220513_174841_HHT_jpg.rf.04e77b2d99eace9a9cee1de9087e19d9.jpg,"[244, 200, 408, 436]",1.0,hen_gt,hen_kandang
mati/hen_f0480_1556669796267_jpg.rf.5c4564c01466ff55eb2abe8494f3f2a2_10.jpg,1,mati,val,train,hen_f0480,train/1556669796267_jpg.rf.5c4564c01466ff55eb2abe8494f3f2a2.jpg,"[178, 265, 553, 561]",1.0,hen_gt,hen_kandang
mati/hen_f0502_-22-_mp4-6_jpg.rf.25dc59510b4f6e09f03dc05b04a9cbdb_10.jpg,1,mati,val,train,hen_f0502,train/-22-_mp4-6_jpg.rf.25dc59510b4f6e09f03dc05b04a9cbdb.jpg,"[82, 25, 390, 612]",1.0,hen_gt,hen_kandang
mati/hen_f0504_IMG20220703113909_jpg.rf.b62a6dc46c0a876e7e6576df4415c9d9_10.jpg,1,mati,val,train,hen_f0504,train/IMG20220703113909_jpg.rf.b62a6dc46c0a876e7e6576df4415c9d9.jpg,"[153, 192, 493, 430]",1.0,hen_gt,hen_kandang
mati/hen_f0516_telechargement-5-_jpg.rf.53cb0f49cf3018127ee149dd4d3856fb_10.jpg,1,mati,val,valid,hen_f0516,valid/telechargement-5-_jpg.rf.53cb0f49cf3018127ee149dd4d3856fb.jpg,"[145, 346, 617, 555]",1.0,hen_gt,hen_kandang
mati/hen_f0530_VID-20221020-WA0003_mp4-200_jpg.rf.6978f3e1786d0bfd9efd5b9666e59985_10.jpg,1,mati,val,train,hen_f0530,train/VID-20221020-WA0003_mp4-200_jpg.rf.6978f3e1786d0bfd9efd5b9666e59985.jpg,"[200, 185, 318, 276]",1.0,hen_gt,hen_kandang
mati/hen_f0530_VID-20221020-WA0003_mp4-200_jpg.rf.6978f3e1786d0bfd9efd5b9666e59985_11.jpg,1,mati,val,train,hen_f0530,train/VID-20221020-WA0003_mp4-200_jpg.rf.6978f3e1786d0bfd9efd5b9666e59985.jpg,"[1, 172, 228, 286]",1.0,hen_gt,hen_kandang
mati/hen_f0530_VID-20221020-WA0003_mp4-200_jpg.rf.6978f3e1786d0bfd9efd5b9666e59985_12.jpg,1,mati,val,train,hen_f0530,train/VID-20221020-WA0003_mp4-200_jpg.rf.6978f3e1786d0bfd9efd5b9666e59985.jpg,"[10, 235, 270, 320]",1.0,hen_gt,hen_kandang
mati/hen_f0530_VID-20221020-WA0003_mp4-200_jpg.rf.6978f3e1786d0bfd9efd5b9666e59985_13.jpg,1,mati,val,train,hen_f0530,train/VID-20221020-WA0003_mp4-200_jpg.rf.6978f3e1786d0bfd9efd5b9666e59985.jpg,"[44, 30, 160, 122]",1.0,hen_gt,hen_kandang
mati/hen_f0530_VID-20221020-WA0003_mp4-200_jpg.rf.6978f3e1786d0bfd9efd5b9666e59985_14.jpg,1,mati,val,train,hen_f0530,train/VID-20221020-WA0003_mp4-200_jpg.rf.6978f3e1786d0bfd9efd5b9666e59985.jpg,"[174, 29, 312, 123]",1.0,hen_gt,hen_kandang
mati/hen_f0531_IMG20220703114317_jpg.rf.415de107351e328b1031d9785d740df5_10.jpg,1,mati,val,train,hen_f0531,train/IMG20220703114317_jpg.rf.415de107351e328b1031d9785d740df5.jpg,"[98, 98, 607, 607]",1.0,hen_gt,hen_kandang
mati/hen_f0539_5aa53e8a-ac4d-4c7c-865e-74c4cc6ca9b4-f_jpg.rf.154ca5c262004f1b306715418b66cfec_10.jpg,1,mati,val,train,hen_f0539,train/5aa53e8a-ac4d-4c7c-865e-74c4cc6ca9b4-f_jpg.rf.154ca5c262004f1b306715418b66cfec.jpg,"[228, 172, 404, 556]",1.0,hen_gt,hen_kandang
mati/hen_f0539_5aa53e8a-ac4d-4c7c-865e-74c4cc6ca9b4-f_jpg.rf.154ca5c262004f1b306715418b66cfec_11.jpg,1,mati,val,train,hen_f0539,train/5aa53e8a-ac4d-4c7c-865e-74c4cc6ca9b4-f_jpg.rf.154ca5c262004f1b306715418b66cfec.jpg,"[30, 283, 249, 602]",1.0,hen_gt,hen_kandang
mati/hen_f0575_VID-20221020-WA0003_mp4-230_jpg.rf.44beb4d5d934a6f658b2934e36fc75d2_10.jpg,1,mati,val,train,hen_f0575,train/VID-20221020-WA0003_mp4-230_jpg.rf.44beb4d5d934a6f658b2934e36fc75d2.jpg,"[162, 17, 320, 113]",1.0,hen_gt,hen_kandang
mati/hen_f0575_VID-20221020-WA0003_mp4-230_jpg.rf.44beb4d5d934a6f658b2934e36fc75d2_11.jpg,1,mati,val,train,hen_f0575,train/VID-20221020-WA0003_mp4-230_jpg.rf.44beb4d5d934a6f658b2934e36fc75d2.jpg,"[4, 222, 212, 320]",1.0,hen_gt,hen_kandang
mati/hen_f0577_IMG_20220513_173827_HHT_jpg.rf.34cf6364274266e9b5cb0f0f33a8a48f_10.jpg,1,mati,val,train,hen_f0577,train/IMG_20220513_173827_HHT_jpg.rf.34cf6364274266e9b5cb0f0f33a8a48f.jpg,"[240, 185, 437, 405]",1.0,hen_gt,hen_kandang
mati/hen_f0585_-25-_mp4-2_jpg.rf.0e03147b99225e094e8d011af674ac94_10.jpg,1,mati,val,train,hen_f0585,train/-25-_mp4-2_jpg.rf.0e03147b99225e094e8d011af674ac94.jpg,"[219, 0, 436, 640]",1.0,hen_gt,hen_kandang
mati/hen_f0585_-25-_mp4-2_jpg.rf.0e03147b99225e094e8d011af674ac94_11.jpg,1,mati,val,train,hen_f0585,train/-25-_mp4-2_jpg.rf.0e03147b99225e094e8d011af674ac94.jpg,"[366, 0, 640, 640]",1.0,hen_gt,hen_kandang
mati/hen_f0617_IMG20220703113656_jpg.rf.2513b31cba305946f076d9e451ebf72f_10.jpg,1,mati,val,train,hen_f0617,train/IMG20220703113656_jpg.rf.2513b31cba305946f076d9e451ebf72f.jpg,"[197, 184, 542, 432]",1.0,hen_gt,hen_kandang
mati/hen_f0629_IMG_20220513_175535_HHT_jpg.rf.862c1956b7000b1d8e3c76db72125291_10.jpg,1,mati,val,train,hen_f0629,train/IMG_20220513_175535_HHT_jpg.rf.862c1956b7000b1d8e3c76db72125291.jpg,"[188, 42, 388, 443]",1.0,hen_gt,hen_kandang
mati/hen_f0635_IMG_20220513_175437_HHT_jpg.rf.6b98206ae3fccd243d0c3809ad53c09d_10.jpg,1,mati,val,train,hen_f0635,train/IMG_20220513_175437_HHT_jpg.rf.6b98206ae3fccd243d0c3809ad53c09d.jpg,"[209, 180, 420, 534]",1.0,hen_gt,hen_kandang
mati/hen_f0639_IMG20220703113705_jpg.rf.99b3c80abb1a573a4137f54bc88ae86a_10.jpg,1,mati,val,train,hen_f0639,train/IMG20220703113705_jpg.rf.99b3c80abb1a573a4137f54bc88ae86a.jpg,"[165, 145, 515, 442]",1.0,hen_gt,hen_kandang
mati/hen_f0666_images-6-_jpg.rf.62003d4b223d6e14c5385629c6c4e570_10.jpg,1,mati,val,train,hen_f0666,train/images-6-_jpg.rf.62003d4b223d6e14c5385629c6c4e570.jpg,"[264, 166, 598, 582]",1.0,hen_gt,hen_kandang
mati/hen_f0680_IMG_5818_PNG_jpg.rf.54294b381a83ddb56cd8ff69885d0c46_10.jpg,1,mati,val,train,hen_f0680,train/IMG_5818_PNG_jpg.rf.54294b381a83ddb56cd8ff69885d0c46.jpg,"[171, 0, 479, 607]",1.0,hen_gt,hen_kandang
mati/hen_f0695_IMG_20220513_175514_HHT_jpg.rf.01bbfa808073d7be020e567def7b7129_10.jpg,1,mati,val,train,hen_f0695,train/IMG_20220513_175514_HHT_jpg.rf.01bbfa808073d7be020e567def7b7129.jpg,"[175, 144, 345, 416]",1.0,hen_gt,hen_kandang
mati/hen_f0700_IMG_20220513_175445_HHT_jpg.rf.72f763d34b2ccd6adbc324cee1215240_10.jpg,1,mati,val,train,hen_f0700,train/IMG_20220513_175445_HHT_jpg.rf.72f763d34b2ccd6adbc324cee1215240.jpg,"[203, 63, 421, 520]",1.0,hen_gt,hen_kandang
mati/hen_f0702_IMG_5776_JPG_jpg.rf.61f1447a4d4e664c7a99aeb980c70863_10.jpg,1,mati,val,train,hen_f0702,train/IMG_5776_JPG_jpg.rf.61f1447a4d4e664c7a99aeb980c70863.jpg,"[247, 104, 303, 165]",1.0,hen_gt,hen_kandang
mati/hen_f0702_IMG_5776_JPG_jpg.rf.61f1447a4d4e664c7a99aeb980c70863_11.jpg,1,mati,val,train,hen_f0702,train/IMG_5776_JPG_jpg.rf.61f1447a4d4e664c7a99aeb980c70863.jpg,"[308, 108, 368, 181]",1.0,hen_gt,hen_kandang
mati/hen_f0702_IMG_5776_JPG_jpg.rf.61f1447a4d4e664c7a99aeb980c70863_12.jpg,1,mati,val,train,hen_f0702,train/IMG_5776_JPG_jpg.rf.61f1447a4d4e664c7a99aeb980c70863.jpg,"[173, 332, 265, 475]",1.0,hen_gt,hen_kandang
mati/hen_f0702_IMG_5776_JPG_jpg.rf.61f1447a4d4e664c7a99aeb980c70863_13.jpg,1,mati,val,train,hen_f0702,train/IMG_5776_JPG_jpg.rf.61f1447a4d4e664c7a99aeb980c70863.jpg,"[450, 361, 566, 498]",1.0,hen_gt,hen_kandang
mati/hen_f0703_IMG_20220513_175340_HHT_jpg.rf.2a2ac9251c2a3dc339cc1288efdce786_10.jpg,1,mati,val,train,hen_f0703,train/IMG_20220513_175340_HHT_jpg.rf.2a2ac9251c2a3dc339cc1288efdce786.jpg,"[181, 180, 416, 425]",1.0,hen_gt,hen_kandang
mati/hen_f0753_images-2023-03-16T145811-998_jpg.rf.884ff3026e02cbe872f69b75387192c4_10.jpg,1,mati,val,train,hen_f0753,train/images-2023-03-16T145811-998_jpg.rf.884ff3026e02cbe872f69b75387192c4.jpg,"[19, 27, 375, 403]",1.0,hen_gt,hen_kandang
mati/hen_f0785_-30-_mp4-3_jpg.rf.7e6b2d59eb28171b4551ee1025657f97_10.jpg,1,mati,val,train,hen_f0785,train/-30-_mp4-3_jpg.rf.7e6b2d59eb28171b4551ee1025657f97.jpg,"[55, 0, 500, 314]",1.0,hen_gt,hen_kandang
mati/hen_f0788_-30-_mp4-8_jpg.rf.51fb3238a8a8cf0171266a62241670ce_10.jpg,1,mati,val,train,hen_f0788,train/-30-_mp4-8_jpg.rf.51fb3238a8a8cf0171266a62241670ce.jpg,"[343, 86, 532, 238]",1.0,hen_gt,hen_kandang
mati/hen_f0793_-30-_mp4-2_jpg.rf.82da1918a7d54857758101be3fa45f56_10.jpg,1,mati,val,train,hen_f0793,train/-30-_mp4-2_jpg.rf.82da1918a7d54857758101be3fa45f56.jpg,"[14, 83, 633, 624]",1.0,hen_gt,hen_kandang
mati/hen_f0800_IMG20220703114108_jpg.rf.61abfa10e4a369cba77e2df346a43875_10.jpg,1,mati,val,train,hen_f0800,train/IMG20220703114108_jpg.rf.61abfa10e4a369cba77e2df346a43875.jpg,"[141, 78, 566, 442]",1.0,hen_gt,hen_kandang
mati/hen_f0812_IMG_20220513_174831_HHT_jpg.rf.2bb686a38ab8ed46a31c5d1008803134_10.jpg,1,mati,val,valid,hen_f0812,valid/IMG_20220513_174831_HHT_jpg.rf.2bb686a38ab8ed46a31c5d1008803134.jpg,"[162, 141, 480, 482]",1.0,hen_gt,hen_kandang
mati/hen_f0813_Copy-of-sick22_jpg.rf.26501b4dcda4940e2c205ac539d095ee_10.jpg,1,mati,val,train,hen_f0813,train/Copy-of-sick22_jpg.rf.26501b4dcda4940e2c205ac539d095ee.jpg,"[36, 55, 275, 182]",1.0,hen_gt,hen_kandang
mati/hen_f0814_IMG_20220513_174838_HHT_jpg.rf.027f15a2b787088fb36d84622c5430cc_10.jpg,1,mati,val,train,hen_f0814,train/IMG_20220513_174838_HHT_jpg.rf.027f15a2b787088fb36d84622c5430cc.jpg,"[226, 192, 395, 472]",1.0,hen_gt,hen_kandang
mati/hen_f0816_IMG_20220513_174846_HHT_jpg.rf.71cd38677903a38183fdd52c91292e79_10.jpg,1,mati,val,train,hen_f0816,train/IMG_20220513_174846_HHT_jpg.rf.71cd38677903a38183fdd52c91292e79.jpg,"[145, 259, 515, 396]",1.0,hen_gt,hen_kandang
mati/hen_f0818_IMG_20220513_174858_HHT_jpg.rf.485eef3f3aba4e46b88edee8ac413ea2_10.jpg,1,mati,val,test,hen_f0818,test/IMG_20220513_174858_HHT_jpg.rf.485eef3f3aba4e46b88edee8ac413ea2.jpg,"[208, 90, 382, 424]",1.0,hen_gt,hen_kandang
mati/hen_f0827_IMG_20220513_175014_HHT_jpg.rf.4029e9f2a2b1b37cb26dba74881131e0_10.jpg,1,mati,val,train,hen_f0827,train/IMG_20220513_175014_HHT_jpg.rf.4029e9f2a2b1b37cb26dba74881131e0.jpg,"[212, 138, 420, 406]",1.0,hen_gt,hen_kandang
mati/hen_f0829_IMG_20220513_175235_HHT_jpg.rf.3e3f245b2e2c1af68621dfe443c4bcd1_10.jpg,1,mati,val,train,hen_f0829,train/IMG_20220513_175235_HHT_jpg.rf.3e3f245b2e2c1af68621dfe443c4bcd1.jpg,"[191, 174, 352, 404]",1.0,hen_gt,hen_kandang
mati/hen_f0830_IMG_20220513_174935_HHT_jpg.rf.7b6c3b4a6c94a1df89b7dc5a11c41035_10.jpg,1,mati,val,train,hen_f0830,train/IMG_20220513_174935_HHT_jpg.rf.7b6c3b4a6c94a1df89b7dc5a11c41035.jpg,"[155, 242, 450, 362]",1.0,hen_gt,hen_kandang
mati/hen_f0831_IMG_20220513_174917_HHT_jpg.rf.0bfa3491f59525349217ac0ad16009f1_10.jpg,1,mati,val,train,hen_f0831,train/IMG_20220513_174917_HHT_jpg.rf.0bfa3491f59525349217ac0ad16009f1.jpg,"[148, 244, 518, 399]",1.0,hen_gt,hen_kandang
mati/hen_f0832_IMG_20220513_175142_HHT_jpg.rf.0ff5f2d52fd84c335662b189910ad344_10.jpg,1,mati,val,train,hen_f0832,train/IMG_20220513_175142_HHT_jpg.rf.0ff5f2d52fd84c335662b189910ad344.jpg,"[222, 117, 433, 416]",1.0,hen_gt,hen_kandang
mati/hen_f0834_IMG_20220513_174958_HHT_jpg.rf.45e0175fe9641fac20375b6e2b6774b8_10.jpg,1,mati,val,test,hen_f0834,test/IMG_20220513_174958_HHT_jpg.rf.45e0175fe9641fac20375b6e2b6774b8.jpg,"[220, 170, 380, 436]",1.0,hen_gt,hen_kandang
mati/hen_f0846_IMG_20220513_174930_HHT_jpg.rf.602d344860ad2dd7b7c8c7bc2c77a777_10.jpg,1,mati,val,train,hen_f0846,train/IMG_20220513_174930_HHT_jpg.rf.602d344860ad2dd7b7c8c7bc2c77a777.jpg,"[74, 214, 473, 370]",1.0,hen_gt,hen_kandang
mati/hen_f0848_IMG_20220513_175136_HHT_jpg.rf.a76a0b4c8fcdc6b276bf2556dee941ef_10.jpg,1,mati,val,valid,hen_f0848,valid/IMG_20220513_175136_HHT_jpg.rf.a76a0b4c8fcdc6b276bf2556dee941ef.jpg,"[206, 135, 453, 439]",1.0,hen_gt,hen_kandang
mati/hen_f0855_IMG_20220513_175152_HHT_jpg.rf.3f172c65c091dc841c6ccaa6b7b9bef6_10.jpg,1,mati,val,train,hen_f0855,train/IMG_20220513_175152_HHT_jpg.rf.3f172c65c091dc841c6ccaa6b7b9bef6.jpg,"[240, 216, 408, 432]",1.0,hen_gt,hen_kandang
mati/hen_f0856_IMG_20220513_175233_HHT_jpg.rf.460d4f912dd8c15eca6d3adc1eb418d6_10.jpg,1,mati,val,train,hen_f0856,train/IMG_20220513_175233_HHT_jpg.rf.460d4f912dd8c15eca6d3adc1eb418d6.jpg,"[224, 174, 378, 416]",1.0,hen_gt,hen_kandang
mati/hen_f0858_IMG_20220513_175148_HHT_jpg.rf.7208505942d7d34aea74e8bc55d284b5_10.jpg,1,mati,val,train,hen_f0858,train/IMG_20220513_175148_HHT_jpg.rf.7208505942d7d34aea74e8bc55d284b5.jpg,"[208, 205, 460, 356]",1.0,hen_gt,hen_kandang
mati/hen_f0862_IMG_20220513_174627_HHT_jpg.rf.29751de68d9c7ca4d8159962d2c02d81_10.jpg,1,mati,val,train,hen_f0862,train/IMG_20220513_174627_HHT_jpg.rf.29751de68d9c7ca4d8159962d2c02d81.jpg,"[121, 197, 417, 463]",1.0,hen_gt,hen_kandang
mati/hen_f0877_IMG_20220513_174649_HHT_jpg.rf.241d65f9a6dafc36e48741a102d29662_10.jpg,1,mati,val,train,hen_f0877,train/IMG_20220513_174649_HHT_jpg.rf.241d65f9a6dafc36e48741a102d29662.jpg,"[171, 177, 491, 482]",1.0,hen_gt,hen_kandang
mati/hen_f0878_IMG_20220513_174544_HHT_jpg.rf.08cb7143f2ced515df01f8fe6427ad70_10.jpg,1,mati,val,valid,hen_f0878,valid/IMG_20220513_174544_HHT_jpg.rf.08cb7143f2ced515df01f8fe6427ad70.jpg,"[86, 217, 474, 447]",1.0,hen_gt,hen_kandang
mati/hen_f0889_IMG_20220513_175308_HHT_jpg.rf.22d346bf005a6195f39a3a80c0ceca34_10.jpg,1,mati,val,train,hen_f0889,train/IMG_20220513_175308_HHT_jpg.rf.22d346bf005a6195f39a3a80c0ceca34.jpg,"[189, 170, 434, 406]",1.0,hen_gt,hen_kandang
mati/hen_f0903_images-2023-03-16T152112-559_jpg.rf.021973bc13760ac73b860929af3110f4_10.jpg,1,mati,val,test,hen_f0903,test/images-2023-03-16T152112-559_jpg.rf.021973bc13760ac73b860929af3110f4.jpg,"[33, 82, 544, 622]",1.0,hen_gt,hen_kandang
mati/hen_f0904_IMG20220703114131_jpg.rf.6f09ca94602fc40dce93bdab9ba6587d_10.jpg,1,mati,val,test,hen_f0904,test/IMG20220703114131_jpg.rf.6f09ca94602fc40dce93bdab9ba6587d.jpg,"[60, 82, 513, 482]",1.0,hen_gt,hen_kandang
mati/hen_f0907_IMG_20220513_175334_HHT_jpg.rf.13e766db291a2b45dbf6594a1402fcf0_10.jpg,1,mati,val,train,hen_f0907,train/IMG_20220513_175334_HHT_jpg.rf.13e766db291a2b45dbf6594a1402fcf0.jpg,"[191, 159, 434, 419]",1.0,hen_gt,hen_kandang
mati/hen_f0908_VID-20221020-WA0003_mp4-27_jpg.rf.80d9b8aec05fc26d63c7b89988d2e6f1_10.jpg,1,mati,val,train,hen_f0908,train/VID-20221020-WA0003_mp4-27_jpg.rf.80d9b8aec05fc26d63c7b89988d2e6f1.jpg,"[39, 130, 281, 242]",1.0,hen_gt,hen_kandang
mati/hen_f0918_VID-20221020-WA0003_mp4-42_jpg.rf.614e50917352ee9bafebdfe89533d2a3_10.jpg,1,mati,val,train,hen_f0918,train/VID-20221020-WA0003_mp4-42_jpg.rf.614e50917352ee9bafebdfe89533d2a3.jpg,"[68, 135, 303, 284]",1.0,hen_gt,hen_kandang
mati/hen_f0933_VID-20221020-WA0003_mp4-182_jpg.rf.17cc1a9a280f0d46fda4eeceb3016b34_10.jpg,1,mati,val,train,hen_f0933,train/VID-20221020-WA0003_mp4-182_jpg.rf.17cc1a9a280f0d46fda4eeceb3016b34.jpg,"[110, 61, 181, 113]",1.0,hen_gt,hen_kandang
mati/hen_f0933_VID-20221020-WA0003_mp4-182_jpg.rf.17cc1a9a280f0d46fda4eeceb3016b34_11.jpg,1,mati,val,train,hen_f0933,train/VID-20221020-WA0003_mp4-182_jpg.rf.17cc1a9a280f0d46fda4eeceb3016b34.jpg,"[164, 78, 292, 133]",1.0,hen_gt,hen_kandang
mati/hen_f0933_VID-20221020-WA0003_mp4-182_jpg.rf.17cc1a9a280f0d46fda4eeceb3016b34_12.jpg,1,mati,val,train,hen_f0933,train/VID-20221020-WA0003_mp4-182_jpg.rf.17cc1a9a280f0d46fda4eeceb3016b34.jpg,"[168, 186, 320, 246]",1.0,hen_gt,hen_kandang
mati/hen_f0933_VID-20221020-WA0003_mp4-182_jpg.rf.17cc1a9a280f0d46fda4eeceb3016b34_13.jpg,1,mati,val,train,hen_f0933,train/VID-20221020-WA0003_mp4-182_jpg.rf.17cc1a9a280f0d46fda4eeceb3016b34.jpg,"[17, 213, 270, 281]",1.0,hen_gt,hen_kandang
mati/hen_f0933_VID-20221020-WA0003_mp4-182_jpg.rf.17cc1a9a280f0d46fda4eeceb3016b34_14.jpg,1,mati,val,train,hen_f0933,train/VID-20221020-WA0003_mp4-182_jpg.rf.17cc1a9a280f0d46fda4eeceb3016b34.jpg,"[62, 259, 192, 318]",1.0,hen_gt,hen_kandang
mati/hen_f0933_VID-20221020-WA0003_mp4-182_jpg.rf.17cc1a9a280f0d46fda4eeceb3016b34_15.jpg,1,mati,val,train,hen_f0933,train/VID-20221020-WA0003_mp4-182_jpg.rf.17cc1a9a280f0d46fda4eeceb3016b34.jpg,"[1, 148, 98, 247]",1.0,hen_gt,hen_kandang
mati/hen_f0935_VID-20221020-WA0003_mp4-258_jpg.rf.1add28c4658fb996796f6e90f1835b84_10.jpg,1,mati,val,train,hen_f0935,train/VID-20221020-WA0003_mp4-258_jpg.rf.1add28c4658fb996796f6e90f1835b84.jpg,"[0, 200, 216, 273]",1.0,hen_gt,hen_kandang
mati/hen_f0935_VID-20221020-WA0003_mp4-258_jpg.rf.1add28c4658fb996796f6e90f1835b84_11.jpg,1,mati,val,train,hen_f0935,train/VID-20221020-WA0003_mp4-258_jpg.rf.1add28c4658fb996796f6e90f1835b84.jpg,"[161, 52, 315, 126]",1.0,hen_gt,hen_kandang
mati/hen_f0935_VID-20221020-WA0003_mp4-258_jpg.rf.1add28c4658fb996796f6e90f1835b84_12.jpg,1,mati,val,train,hen_f0935,train/VID-20221020-WA0003_mp4-258_jpg.rf.1add28c4658fb996796f6e90f1835b84.jpg,"[62, 28, 169, 104]",1.0,hen_gt,hen_kandang
mati/hen_f0935_VID-20221020-WA0003_mp4-258_jpg.rf.1add28c4658fb996796f6e90f1835b84_13.jpg,1,mati,val,train,hen_f0935,train/VID-20221020-WA0003_mp4-258_jpg.rf.1add28c4658fb996796f6e90f1835b84.jpg,"[173, 215, 320, 292]",1.0,hen_gt,hen_kandang
mati/hen_f0935_VID-20221020-WA0003_mp4-258_jpg.rf.1add28c4658fb996796f6e90f1835b84_14.jpg,1,mati,val,train,hen_f0935,train/VID-20221020-WA0003_mp4-258_jpg.rf.1add28c4658fb996796f6e90f1835b84.jpg,"[1, 244, 201, 320]",1.0,hen_gt,hen_kandang
mati/hen_f0936_IMG_20220513_175141_HHT_jpg.rf.cd293773e6146dc08be6a4185821dcd4_10.jpg,1,mati,val,train,hen_f0936,train/IMG_20220513_175141_HHT_jpg.rf.cd293773e6146dc08be6a4185821dcd4.jpg,"[232, 97, 372, 444]",1.0,hen_gt,hen_kandang
mati/hen_f0941_VID-20221020-WA0003_mp4-160_jpg.rf.267d6f8d80cd97508e022e81559b968d_10.jpg,1,mati,val,train,hen_f0941,train/VID-20221020-WA0003_mp4-160_jpg.rf.267d6f8d80cd97508e022e81559b968d.jpg,"[0, 216, 186, 310]",1.0,hen_gt,hen_kandang
mati/hen_f0941_VID-20221020-WA0003_mp4-160_jpg.rf.267d6f8d80cd97508e022e81559b968d_11.jpg,1,mati,val,train,hen_f0941,train/VID-20221020-WA0003_mp4-160_jpg.rf.267d6f8d80cd97508e022e81559b968d.jpg,"[29, 176, 131, 230]",1.0,hen_gt,hen_kandang
mati/hen_f0941_VID-20221020-WA0003_mp4-160_jpg.rf.267d6f8d80cd97508e022e81559b968d_12.jpg,1,mati,val,train,hen_f0941,train/VID-20221020-WA0003_mp4-160_jpg.rf.267d6f8d80cd97508e022e81559b968d.jpg,"[165, 182, 320, 240]",1.0,hen_gt,hen_kandang
mati/hen_f0941_VID-20221020-WA0003_mp4-160_jpg.rf.267d6f8d80cd97508e022e81559b968d_13.jpg,1,mati,val,train,hen_f0941,train/VID-20221020-WA0003_mp4-160_jpg.rf.267d6f8d80cd97508e022e81559b968d.jpg,"[161, 64, 278, 125]",1.0,hen_gt,hen_kandang
mati/hen_f0954_VID-20221020-WA0003_mp4-87_jpg.rf.7f07e7e90456b28ef65cf3a8118935f5_10.jpg,1,mati,val,train,hen_f0954,train/VID-20221020-WA0003_mp4-87_jpg.rf.7f07e7e90456b28ef65cf3a8118935f5.jpg,"[136, 46, 262, 112]",1.0,hen_gt,hen_kandang
mati/hen_f0954_VID-20221020-WA0003_mp4-87_jpg.rf.7f07e7e90456b28ef65cf3a8118935f5_11.jpg,1,mati,val,train,hen_f0954,train/VID-20221020-WA0003_mp4-87_jpg.rf.7f07e7e90456b28ef65cf3a8118935f5.jpg,"[75, 132, 212, 195]",1.0,hen_gt,hen_kandang
mati/hen_f0976_scene01441_png_jpg.rf.6f656724e84bb89b05bd71b276853a3b_10.jpg,1,mati,val,train,hen_f0976,train/scene01441_png_jpg.rf.6f656724e84bb89b05bd71b276853a3b.jpg,"[187, 36, 219, 58]",1.0,hen_gt,hen_kandang
mati/hen_f0990_IMG20220703113750_jpg.rf.5bf136058735b471feb8c7f1dff9b89f_10.jpg,1,mati,val,train,hen_f0990,train/IMG20220703113750_jpg.rf.5bf136058735b471feb8c7f1dff9b89f.jpg,"[136, 151, 454, 451]",1.0,hen_gt,hen_kandang
mati/hen_f0992_IMG20220703113749_jpg.rf.6c70eed137e1b881985311b2fdfea75a_10.jpg,1,mati,val,train,hen_f0992,train/IMG20220703113749_jpg.rf.6c70eed137e1b881985311b2fdfea75a.jpg,"[175, 125, 491, 424]",1.0,hen_gt,hen_kandang
mati/hen_f0993_IMG_20220513_174405_HHT_jpg.rf.2abb80fe68644374d3cfc4d1fdd0e05d_10.jpg,1,mati,val,train,hen_f0993,train/IMG_20220513_174405_HHT_jpg.rf.2abb80fe68644374d3cfc4d1fdd0e05d.jpg,"[98, 284, 394, 460]",1.0,hen_gt,hen_kandang
mati/hen_f0999_IMG20220703113818_jpg.rf.4e92a155a96fffa90ce1a1e8bf149592_10.jpg,1,mati,val,train,hen_f0999,train/IMG20220703113818_jpg.rf.4e92a155a96fffa90ce1a1e8bf149592.jpg,"[166, 161, 515, 474]",1.0,hen_gt,hen_kandang
mati/hen_f1029_perdue_chicken_jpg.rf.e5cc168ff15cbd5c16716df445ad81ba_10.jpg,1,mati,val,test,hen_f1029,test/perdue_chicken_jpg.rf.e5cc168ff15cbd5c16716df445ad81ba.jpg,"[151, 32, 607, 541]",1.0,hen_gt,hen_kandang
