run_id,method,aug,seed,stage,epoch,lr_used,lr_next,train_loss,val_loss,train_base_loss,val_base_loss,train_aux_ce,val_aux_ce,n_train_units,n_val_units,train_batches,val_batches,skipped_batches,val_bacc,val_auc,val_recall_dead,val_recall_alive,val_precision_dead,val_f1_dead
selfcon__simclr__s42,selfcon,simclr,42,contrastive,1,0.0005,0.0004996573836886434,3.3000871817270916,3.456822567675487,3.3000871817270916,3.456822567675487,,,240,166,4,3,0,,,,,,
selfcon__simclr__s42,selfcon,simclr,42,contrastive,2,0.0004996573836886434,0.0004986304738420682,2.9246328512827557,3.4144017006977494,2.9246328512827557,3.4144017006977494,,,240,166,4,3,0,,,,,,
selfcon__simclr__s42,selfcon,simclr,42,contrastive,3,0.0004986304738420682,0.0004969220851487844,2.8075005690256756,3.055121036897223,2.8075005690256756,3.055121036897223,,,240,166,4,3,0,,,,,,
selfcon__simclr__s42,selfcon,simclr,42,contrastive,4,0.0004969220851487844,0.0004945369001834514,2.578950866063436,2.933055530111474,2.578950866063436,2.933055530111474,,,240,166,4,3,0,,,,,,
selfcon__simclr__s42,selfcon,simclr,42,contrastive,5,0.0004945369001834514,0.0004914814565722671,2.4042946656545,3.0639443885849182,2.4042946656545,3.0639443885849182,,,240,166,4,3,0,,,,,,
selfcon__simclr__s42,selfcon,simclr,42,contrastive,6,0.0004914814565722671,0.00048776412907378846,2.380361318588257,2.79980140421764,2.380361318588257,2.79980140421764,,,240,166,4,3,0,,,,,,
selfcon__simclr__s42,selfcon,simclr,42,contrastive,7,0.00048776412907378846,0.00048339510662430044,2.239509121576945,2.722642120108547,2.239509121576945,2.722642120108547,,,240,166,4,3,0,,,,,,
selfcon__simclr__s42,selfcon,simclr,42,contrastive,8,0.00048339510662430044,0.0004783863644106502,2.0121150652567548,2.6428849812013557,2.0121150652567548,2.6428849812013557,,,240,166,4,3,0,,,,,,
selfcon__simclr__s42,selfcon,simclr,42,contrastive,9,0.0004783863644106502,0.00047275163104709196,1.9833152214686076,2.5249033807271934,1.9833152214686076,2.5249033807271934,,,240,166,4,3,0,,,,,,
selfcon__simclr__s42,selfcon,simclr,42,contrastive,10,0.00047275163104709196,0.00046650635094610973,1.5792347192764282,2.442750893443464,1.5792347192764282,2.442750893443464,,,240,166,4,3,0,,,,,,
selfcon__simclr__s42,selfcon,simclr,42,contrastive,11,0.00046650635094610973,0.00045966764198635603,1.6522445360819498,2.4953699456640037,1.6522445360819498,2.4953699456640037,,,240,166,4,3,0,,,,,,
selfcon__simclr__s42,selfcon,simclr,42,contrastive,12,0.00045966764198635603,0.0004522542485937369,1.759955366452535,2.093569502773055,1.759955366452535,2.093569502773055,,,240,166,4,3,0,,,,,,
selfcon__simclr__s42,selfcon,simclr,42,contrastive,13,0.0004522542485937369,0.00044428649036424276,1.6292318105697632,2.3044719365705926,1.6292318105697632,2.3044719365705926,,,240,166,4,3,0,,,,,,
selfcon__simclr__s42,selfcon,simclr,42,contrastive,14,0.00044428649036424276,0.0004357862063693486,1.451896893978119,2.154459400349353,1.451896893978119,2.154459400349353,,,240,166,4,3,0,,,,,,
selfcon__simclr__s42,selfcon,simclr,42,contrastive,15,0.0004357862063693486,0.00042677669529663696,1.3106781681378683,1.991568790860923,1.3106781681378683,1.991568790860923,,,240,166,4,3,0,,,,,,
selfcon__simclr__s42,selfcon,simclr,42,contrastive,16,0.00042677669529663696,0.0004172826515897146,1.471982216835022,1.8975390985787632,1.471982216835022,1.8975390985787632,,,240,166,4,3,0,,,,,,
selfcon__simclr__s42,selfcon,simclr,42,contrastive,17,0.0004172826515897146,0.0004073300977624594,1.3281785686810812,1.9282599515225514,1.3281785686810812,1.9282599515225514,,,240,166,4,3,0,,,,,,
selfcon__simclr__s42,selfcon,simclr,42,contrastive,18,0.0004073300977624594,0.0003969463130731183,1.2606266180674235,1.8597610025520783,1.2606266180674235,1.8597610025520783,,,240,166,4,3,0,,,,,,
selfcon__simclr__s42,selfcon,simclr,42,contrastive,19,0.0003969463130731183,0.0003861597587537568,1.3068828980127971,1.9008157554879246,1.3068828980127971,1.9008157554879246,,,240,166,4,3,0,,,,,,
selfcon__simclr__s42,selfcon,simclr,42,contrastive,20,0.0003861597587537568,0.000375,1.0837766806284586,2.1216305709746948,1.0837766806284586,2.1216305709746948,,,240,166,4,3,0,,,,,,
selfcon__simclr__s42,selfcon,simclr,42,contrastive,21,0.000375,0.00036349762493488667,1.0913246790568034,2.170624678393444,1.0913246790568034,2.170624678393444,,,240,166,4,3,0,,,,,,
selfcon__simclr__s42,selfcon,simclr,42,contrastive,22,0.00036349762493488667,0.0003516841607689501,0.9627419551213582,2.0028016825756394,0.9627419551213582,2.0028016825756394,,,240,166,4,3,0,,,,,,
selfcon__simclr__s42,selfcon,simclr,42,contrastive,23,0.0003516841607689501,0.00033959198738632514,1.1360119620958964,2.062097119997783,1.1360119620958964,2.062097119997783,,,240,166,4,3,0,,,,,,
selfcon__simclr__s42,selfcon,simclr,42,contrastive,24,0.00033959198738632514,0.00032725424859373687,1.417969544728597,1.867527662989605,1.417969544728597,1.867527662989605,,,240,166,4,3,0,,,,,,
selfcon__simclr__s42,selfcon,simclr,42,contrastive,25,0.00032725424859373687,0.00031470476127563017,1.1142504572868348,1.8742321083344609,1.1142504572868348,1.8742321083344609,,,240,166,4,3,0,,,,,,
selfcon__simclr__s42,selfcon,simclr,42,contrastive,26,0.00031470476127563017,0.00030197792270443975,1.0051979064941405,1.7784550146884228,1.0051979064941405,1.7784550146884228,,,240,166,4,3,0,,,,,,
selfcon__simclr__s42,selfcon,simclr,42,contrastive,27,0.00030197792270443975,0.0002891086162600577,0.7689091920852661,1.7193833848080002,0.7689091920852661,1.7193833848080002,,,240,166,4,3,0,,,,,,
selfcon__simclr__s42,selfcon,simclr,42,contrastive,28,0.0002891086162600577,0.00027613211581691336,0.7909739335378011,1.6952671573822757,0.7909739335378011,1.6952671573822757,,,240,166,4,3,0,,,,,,
selfcon__simclr__s42,selfcon,simclr,42,contrastive,29,0.00027613211581691336,0.00026308398906073593,0.8281468272209167,1.7231183368039418,0.8281468272209167,1.7231183368039418,,,240,166,4,3,0,,,,,,
selfcon__simclr__s42,selfcon,simclr,42,contrastive,30,0.00026308398906073593,0.00025000000000000006,0.7373284459114074,1.7813297998474305,0.7373284459114074,1.7813297998474305,,,240,166,4,3,0,,,,,,
selfcon__simclr__s42,selfcon,simclr,42,contrastive,31,0.00025000000000000006,0.00023691601093926408,0.6318690299987793,1.7233438204569989,0.6318690299987793,1.7233438204569989,,,240,166,4,3,0,,,,,,
selfcon__simclr__s42,selfcon,simclr,42,contrastive,32,0.00023691601093926408,0.00022386788418308668,0.72105925877889,1.6930329340050019,0.72105925877889,1.6930329340050019,,,240,166,4,3,0,,,,,,
selfcon__simclr__s42,selfcon,simclr,42,contrastive,33,0.00022386788418308668,0.0002108913837399423,0.6737826228141784,1.6263093129698052,0.6737826228141784,1.6263093129698052,,,240,166,4,3,0,,,,,,
selfcon__simclr__s42,selfcon,simclr,42,contrastive,34,0.0002108913837399423,0.00019802207729556018,0.8686886012554169,1.6585186073578984,0.8686886012554169,1.6585186073578984,,,240,166,4,3,0,,,,,,
selfcon__simclr__s42,selfcon,simclr,42,contrastive,35,0.00019802207729556018,0.00018529523872436987,0.7778564135233561,1.6077684839087796,0.7778564135233561,1.6077684839087796,,,240,166,4,3,0,,,,,,
selfcon__simclr__s42,selfcon,simclr,42,contrastive,36,0.00018529523872436987,0.0001727457514062632,0.6856544097264607,1.5439423049788876,0.6856544097264607,1.5439423049788876,,,240,166,4,3,0,,,,,,
selfcon__simclr__s42,selfcon,simclr,42,contrastive,37,0.0001727457514062632,0.00016040801261367496,0.6355011155207951,1.5402459222150136,0.6355011155207951,1.5402459222150136,,,240,166,4,3,0,,,,,,
selfcon__simclr__s42,selfcon,simclr,42,contrastive,38,0.00016040801261367496,0.00014831583923105,0.6763660967350006,1.5210974202098617,0.6763660967350006,1.5210974202098617,,,240,166,4,3,0,,,,,,
selfcon__simclr__s42,selfcon,simclr,42,contrastive,39,0.00014831583923105,0.00013650237506511334,0.5688856879870097,1.4516819974026047,0.5688856879870097,1.4516819974026047,,,240,166,4,3,0,,,,,,
selfcon__simclr__s42,selfcon,simclr,42,contrastive,40,0.00013650237506511334,0.00012500000000000008,0.5103180011113485,1.4335353546831981,0.5103180011113485,1.4335353546831981,,,240,166,4,3,0,,,,,,
selfcon__simclr__s42,selfcon,simclr,42,contrastive,41,0.00012500000000000008,0.00011384024124624333,0.5708032310009002,1.4293780053954526,0.5708032310009002,1.4293780053954526,,,240,166,4,3,0,,,,,,
selfcon__simclr__s42,selfcon,simclr,42,contrastive,42,0.00011384024124624333,0.00010305368692688177,0.6105982561906179,1.4139816301414765,0.6105982561906179,1.4139816301414765,,,240,166,4,3,0,,,,,,
selfcon__simclr__s42,selfcon,simclr,42,contrastive,43,0.00010305368692688177,9.26699022375407e-05,0.5245897829532623,1.3562080249728927,0.5245897829532623,1.3562080249728927,,,240,166,4,3,0,,,,,,
selfcon__simclr__s42,selfcon,simclr,42,contrastive,44,9.26699022375407e-05,8.271734841028555e-05,0.35832132895787555,1.352082145501332,0.35832132895787555,1.352082145501332,,,240,166,4,3,0,,,,,,
selfcon__simclr__s42,selfcon,simclr,42,contrastive,45,8.271734841028555e-05,7.322330470336315e-05,0.6172316253185273,1.3433079288666507,0.6172316253185273,1.3433079288666507,,,240,166,4,3,0,,,,,,
selfcon__simclr__s42,selfcon,simclr,42,contrastive,46,7.322330470336315e-05,6.421379363065149e-05,0.4520556131998698,1.3111498894461666,0.4520556131998698,1.3111498894461666,,,240,166,4,3,0,,,,,,
selfcon__simclr__s42,selfcon,simclr,42,contrastive,47,6.421379363065149e-05,5.5713509635757295e-05,0.4613071992993355,1.2802779696073876,0.4613071992993355,1.2802779696073876,,,240,166,4,3,0,,,,,,
selfcon__simclr__s42,selfcon,simclr,42,contrastive,48,5.5713509635757295e-05,4.774575140626318e-05,0.3198851962884267,1.266880839704031,0.3198851962884267,1.266880839704031,,,240,166,4,3,0,,,,,,
selfcon__simclr__s42,selfcon,simclr,42,contrastive,49,4.774575140626318e-05,4.0332358013644026e-05,0.3390519748131434,1.2926706255200398,0.3390519748131434,1.2926706255200398,,,240,166,4,3,0,,,,,,
selfcon__simclr__s42,selfcon,simclr,42,contrastive,50,4.0332358013644026e-05,3.349364905389033e-05,0.3548222859700521,1.3158965110778809,0.3548222859700521,1.3158965110778809,,,240,166,4,3,0,,,,,,
selfcon__simclr__s42,selfcon,simclr,42,contrastive,51,3.349364905389033e-05,2.724836895290806e-05,0.5268407384554545,1.3146885310310916,0.5268407384554545,1.3146885310310916,,,240,166,4,3,0,,,,,,
selfcon__simclr__s42,selfcon,simclr,42,contrastive,52,2.724836895290806e-05,2.161363558934976e-05,0.48430562516053516,1.31659425597593,0.48430562516053516,1.31659425597593,,,240,166,4,3,0,,,,,,
selfcon__simclr__s42,selfcon,simclr,42,contrastive,53,2.161363558934976e-05,1.6604893375699568e-05,0.2784845938285192,1.312637313302741,0.2784845938285192,1.312637313302741,,,240,166,4,3,0,,,,,,
selfcon__simclr__s42,selfcon,simclr,42,contrastive,54,1.6604893375699568e-05,1.2235870926211619e-05,0.4218766669432322,1.3269659094063633,0.4218766669432322,1.3269659094063633,,,240,166,4,3,0,,,,,,
selfcon__simclr__s42,selfcon,simclr,42,contrastive,55,1.2235870926211619e-05,8.518543427732923e-06,0.3541174908479055,1.3258282937199237,0.3541174908479055,1.3258282937199237,,,240,166,4,3,0,,,,,,
selfcon__simclr__s42,selfcon,simclr,42,contrastive,56,8.518543427732923e-06,5.463099816548579e-06,0.33249958157539367,1.31950719385262,0.33249958157539367,1.31950719385262,,,240,166,4,3,0,,,,,,
selfcon__simclr__s42,selfcon,simclr,42,contrastive,57,5.463099816548579e-06,3.077914851215586e-06,0.49412346482276914,1.3191938263824188,0.49412346482276914,1.3191938263824188,,,240,166,4,3,0,,,,,,
selfcon__simclr__s42,selfcon,simclr,42,contrastive,58,3.077914851215586e-06,1.3695261579316502e-06,0.2859006762504578,1.2977993222604316,0.2859006762504578,1.2977993222604316,,,240,166,4,3,0,,,,,,
selfcon__simclr__s42,selfcon,simclr,42,contrastive,59,1.3695261579316502e-06,3.4261631135654184e-07,0.3372917890548706,1.2904221932572055,0.3372917890548706,1.2904221932572055,,,240,166,4,3,0,,,,,,
selfcon__simclr__s42,selfcon,simclr,42,contrastive,60,3.4261631135654184e-07,0.0,0.3780728022257487,1.277841496180339,0.3780728022257487,1.277841496180339,,,240,166,4,3,0,,,,,,
selfcon__simclr__s42,selfcon,simclr,42,selfcon_probe,1,0.001,0.000998458666866564,0.8283081472161279,0.7836043324913876,0.8283081472161279,0.7836043324913876,,,120,83,4,3,0,0.5048,0.5685,0.9697,0.04,0.4,0.5664
selfcon__simclr__s42,selfcon,simclr,42,selfcon_probe,2,0.000998458666866564,0.0009938441702975688,0.6419161957347932,0.6841336453311454,0.6419161957347932,0.6841336453311454,,,120,83,4,3,0,0.6694,0.6315,0.8788,0.46,0.5179,0.6517
selfcon__simclr__s42,selfcon,simclr,42,selfcon_probe,3,0.0009938441702975688,0.0009861849601988382,0.5199284241718081,0.6572425202727368,0.5199284241718081,0.6572425202727368,,,120,83,4,3,0,0.6588,0.6636,0.7576,0.56,0.5319,0.625
selfcon__simclr__s42,selfcon,simclr,42,selfcon_probe,4,0.0009861849601988382,0.0009755282581475767,0.45459123061886736,0.6675875424481517,0.45459123061886736,0.6675875424481517,,,120,83,4,3,0,0.6742,0.6952,0.8485,0.5,0.5283,0.6512
selfcon__simclr__s42,selfcon,simclr,42,selfcon_probe,5,0.0009755282581475767,0.0009619397662556432,0.4057091156759697,0.6906891931675347,0.4057091156759697,0.6906891931675347,,,120,83,4,3,0,0.6542,0.7242,0.8485,0.46,0.5091,0.6364
selfcon__simclr__s42,selfcon,simclr,42,selfcon_probe,6,0.0009619397662556432,0.0009455032620941838,0.36193978217626255,0.6651698875246473,0.36193978217626255,0.6651698875246473,,,120,83,4,3,0,0.6842,0.737,0.8485,0.52,0.5385,0.6588
selfcon__simclr__s42,selfcon,simclr,42,selfcon_probe,7,0.0009455032620941838,0.000926320082177046,0.34762572961439514,0.6457650204298121,0.34762572961439514,0.6457650204298121,,,120,83,4,3,0,0.7042,0.743,0.8485,0.56,0.56,0.6747
selfcon__simclr__s42,selfcon,simclr,42,selfcon_probe,8,0.000926320082177046,0.0009045084971874736,0.32237787829511,0.6462787330563303,0.32237787829511,0.6462787330563303,,,120,83,4,3,0,0.7142,0.7539,0.8485,0.58,0.5714,0.6829
selfcon__simclr__s42,selfcon,simclr,42,selfcon_probe,9,0.0009045084971874736,0.0008802029828000154,0.3167580579720202,0.6648641915107899,0.3167580579720202,0.6648641915107899,,,120,83,4,3,0,0.7042,0.7582,0.8485,0.56,0.56,0.6747
selfcon__simclr__s42,selfcon,simclr,42,selfcon_probe,10,0.0008802029828000154,0.0008535533905932736,0.28905077068737395,0.6426631920961983,0.28905077068737395,0.6426631920961983,,,120,83,4,3,0,0.7242,0.7661,0.8485,0.6,0.5833,0.6914
selfcon__simclr__s42,selfcon,simclr,42,selfcon_probe,11,0.0008535533905932736,0.0008247240241650918,0.2787796709075733,0.6289920840136674,0.2787796709075733,0.6289920840136674,,,120,83,4,3,0,0.7342,0.7691,0.8485,0.62,0.5957,0.7
selfcon__simclr__s42,selfcon,simclr,42,selfcon_probe,12,0.0008247240241650918,0.0007938926261462365,0.2709058329619774,0.6284643246544976,0.2709058329619774,0.6284643246544976,,,120,83,4,3,0,0.7342,0.7727,0.8485,0.62,0.5957,0.7
selfcon__simclr__s42,selfcon,simclr,42,selfcon_probe,13,0.0007938926261462365,0.0007612492823579742,0.27016559503986354,0.6320066708242432,0.27016559503986354,0.6320066708242432,,,120,83,4,3,0,0.7342,0.7782,0.8485,0.62,0.5957,0.7
selfcon__simclr__s42,selfcon,simclr,42,selfcon_probe,14,0.0007612492823579742,0.0007269952498697732,0.25579123391885766,0.6361688654216994,0.25579123391885766,0.6361688654216994,,,120,83,4,3,0,0.7342,0.7806,0.8485,0.62,0.5957,0.7
selfcon__simclr__s42,selfcon,simclr,42,selfcon_probe,15,0.0007269952498697732,0.0006913417161825447,0.25599606308536854,0.6367247584354897,0.25599606308536854,0.6367247584354897,,,120,83,4,3,0,0.7342,0.783,0.8485,0.62,0.5957,0.7
selfcon__simclr__s42,selfcon,simclr,42,selfcon_probe,16,0.0006913417161825447,0.0006545084971874736,0.25594777344663067,0.6235318257990835,0.25594777344663067,0.6235318257990835,,,120,83,4,3,0,0.7342,0.7818,0.8485,0.62,0.5957,0.7
selfcon__simclr__s42,selfcon,simclr,42,selfcon_probe,17,0.0006545084971874736,0.0006167226819279527,0.25914291811695,0.6213011666149206,0.25914291811695,0.6213011666149206,,,120,83,4,3,0,0.7442,0.783,0.8485,0.64,0.6087,0.7089
selfcon__simclr__s42,selfcon,simclr,42,selfcon_probe,18,0.0006167226819279527,0.0005782172325201154,0.24846023395022598,0.6250741788138893,0.24846023395022598,0.6250741788138893,,,120,83,4,3,0,0.7342,0.7848,0.8485,0.62,0.5957,0.7
selfcon__simclr__s42,selfcon,simclr,42,selfcon_probe,19,0.0005782172325201154,0.0005392295478639224,0.24095996346879137,0.6281534271116541,0.24095996346879137,0.6281534271116541,,,120,83,4,3,0,0.7342,0.7873,0.8485,0.62,0.5957,0.7
selfcon__simclr__s42,selfcon,simclr,42,selfcon_probe,20,0.0005392295478639224,0.0004999999999999999,0.22653000232210513,0.6208649734843771,0.22653000232210513,0.6208649734843771,,,120,83,4,3,0,0.7442,0.7885,0.8485,0.64,0.6087,0.7089
selfcon__simclr__s42,selfcon,simclr,42,selfcon_probe,21,0.0004999999999999999,0.0004607704521360775,0.23804146033174714,0.6176283661263291,0.23804146033174714,0.6176283661263291,,,120,83,4,3,0,0.7442,0.7879,0.8485,0.64,0.6087,0.7089
selfcon__simclr__s42,selfcon,simclr,42,selfcon_probe,22,0.0004607704521360775,0.0004217827674798846,0.23868216217275576,0.6173906813858149,0.23868216217275576,0.6173906813858149,,,120,83,4,3,0,0.7442,0.7867,0.8485,0.64,0.6087,0.7089
selfcon__simclr__s42,selfcon,simclr,42,selfcon_probe,23,0.0004217827674798846,0.0003832773180720472,0.2392636972797289,0.6215185071856452,0.2392636972797289,0.6215185071856452,,,120,83,4,3,0,0.7442,0.7873,0.8485,0.64,0.6087,0.7089
selfcon__simclr__s42,selfcon,simclr,42,selfcon_probe,24,0.0003832773180720472,0.0003454915028125262,0.23508236489733653,0.6264081565148895,0.23508236489733653,0.6264081565148895,,,120,83,4,3,0,0.7342,0.7903,0.8485,0.62,0.5957,0.7
selfcon__simclr__s42,selfcon,simclr,42,selfcon_probe,25,0.0003454915028125262,0.00030865828381745506,0.23890387356255885,0.6258749701883543,0.23890387356255885,0.6258749701883543,,,120,83,4,3,0,0.7342,0.7903,0.8485,0.62,0.5957,0.7
selfcon__simclr__s42,selfcon,simclr,42,selfcon_probe,26,0.00030865828381745506,0.0002730047501302265,0.21431567522232556,0.6269714948582157,0.21431567522232556,0.6269714948582157,,,120,83,4,3,0,0.7342,0.7909,0.8485,0.62,0.5957,0.7
selfcon__simclr__s42,selfcon,simclr,42,selfcon_probe,27,0.0002730047501302265,0.0002387507176420255,0.22499883938117346,0.6228773902914329,0.22499883938117346,0.6228773902914329,,,120,83,4,3,0,0.7442,0.7909,0.8485,0.64,0.6087,0.7089
selfcon__simclr__s42,selfcon,simclr,42,selfcon_probe,28,0.0002387507176420255,0.0002061073738537634,0.2302615726620085,0.6197931534011332,0.2302615726620085,0.6197931534011332,,,120,83,4,3,0,0.7442,0.7909,0.8485,0.64,0.6087,0.7089
selfcon__simclr__s42,selfcon,simclr,42,selfcon_probe,29,0.0002061073738537634,0.00017527597583490815,0.2186488266892921,0.6191225917247963,0.2186488266892921,0.6191225917247963,,,120,83,4,3,0,0.7442,0.7903,0.8485,0.64,0.6087,0.7089
selfcon__simclr__s42,selfcon,simclr,42,selfcon_probe,30,0.00017527597583490815,0.0001464466094067262,0.23379595496951971,0.6214076091929327,0.23379595496951971,0.6214076091929327,,,120,83,4,3,0,0.7342,0.7909,0.8485,0.62,0.5957,0.7
selfcon__simclr__s42,selfcon,simclr,42,selfcon_probe,31,0.0001464466094067262,0.00011979701719998447,0.2247120625579355,0.622042097419217,0.2247120625579355,0.622042097419217,,,120,83,4,3,0,0.7342,0.7909,0.8485,0.62,0.5957,0.7
selfcon__simclr__s42,selfcon,simclr,42,selfcon_probe,32,0.00011979701719998447,9.549150281252627e-05,0.21591830966313286,0.6230579546228405,0.21591830966313286,0.6230579546228405,,,120,83,4,3,0,0.7342,0.7915,0.8485,0.62,0.5957,0.7
selfcon__simclr__s42,selfcon,simclr,42,selfcon_probe,33,9.549150281252627e-05,7.367991782295387e-05,0.2205225616911749,0.6223057675448452,0.2205225616911749,0.6223057675448452,,,120,83,4,3,0,0.7342,0.7915,0.8485,0.62,0.5957,0.7
selfcon__simclr__s42,selfcon,simclr,42,selfcon_probe,34,7.367991782295387e-05,5.4496737905816076e-05,0.21902840372307064,0.6226569984179554,0.21902840372307064,0.6226569984179554,,,120,83,4,3,0,0.7342,0.7915,0.8485,0.62,0.5957,0.7
selfcon__simclr__s42,selfcon,simclr,42,selfcon_probe,35,5.4496737905816076e-05,3.806023374435661e-05,0.22079887181886057,0.6217368399841655,0.22079887181886057,0.6217368399841655,,,120,83,4,3,0,0.7342,0.7921,0.8485,0.62,0.5957,0.7
selfcon__simclr__s42,selfcon,simclr,42,selfcon_probe,36,3.806023374435661e-05,2.447174185242322e-05,0.21856755593288124,0.620678680568376,0.21856755593288124,0.620678680568376,,,120,83,4,3,0,0.7342,0.7921,0.8485,0.62,0.5957,0.7
selfcon__simclr__s42,selfcon,simclr,42,selfcon_probe,37,2.447174185242322e-05,1.3815039801161714e-05,0.21642243257668262,0.6206002934694004,0.21642243257668262,0.6206002934694004,,,120,83,4,3,0,0.7342,0.7921,0.8485,0.62,0.5957,0.7
selfcon__simclr__s42,selfcon,simclr,42,selfcon_probe,38,1.3815039801161714e-05,6.155829702431168e-06,0.21862537576678145,0.620458750794576,0.21862537576678145,0.620458750794576,,,120,83,4,3,0,0.7342,0.7921,0.8485,0.62,0.5957,0.7
selfcon__simclr__s42,selfcon,simclr,42,selfcon_probe,39,6.155829702431168e-06,1.5413331334360176e-06,0.21471277723308665,0.6203862932205315,0.21471277723308665,0.6203862932205315,,,120,83,4,3,0,0.7342,0.7921,0.8485,0.62,0.5957,0.7
selfcon__simclr__s42,selfcon,simclr,42,selfcon_probe,40,1.5413331334360176e-06,0.0,0.20565180468019217,0.6203773126185987,0.20565180468019217,0.6203773126185987,,,120,83,4,3,0,0.7342,0.7921,0.8485,0.62,0.5957,0.7
selfcon__simclr__s43,selfcon,simclr,43,contrastive,1,0.0005,0.0004996573836886434,3.2980718771616617,3.1095901770764085,3.2980718771616617,3.1095901770764085,,,240,166,4,3,0,,,,,,
selfcon__simclr__s43,selfcon,simclr,43,contrastive,2,0.0004996573836886434,0.0004986304738420682,2.9320995648701986,2.990386879587748,2.9320995648701986,2.990386879587748,,,240,166,4,3,0,,,,,,
selfcon__simclr__s43,selfcon,simclr,43,contrastive,3,0.0004986304738420682,0.0004969220851487844,2.7076085885365804,3.0153469608490724,2.7076085885365804,3.0153469608490724,,,240,166,4,3,0,,,,,,
selfcon__simclr__s43,selfcon,simclr,43,contrastive,4,0.0004969220851487844,0.0004945369001834514,2.685181506474813,2.7633374225662415,2.685181506474813,2.7633374225662415,,,240,166,4,3,0,,,,,,
selfcon__simclr__s43,selfcon,simclr,43,contrastive,5,0.0004945369001834514,0.0004914814565722671,2.4566858927408854,2.7173148609069457,2.4566858927408854,2.7173148609069457,,,240,166,4,3,0,,,,,,
selfcon__simclr__s43,selfcon,simclr,43,contrastive,6,0.0004914814565722671,0.00048776412907378846,2.1822089195251464,2.6233442088207566,2.1822089195251464,2.6233442088207566,,,240,166,4,3,0,,,,,,
selfcon__simclr__s43,selfcon,simclr,43,contrastive,7,0.00048776412907378846,0.00048339510662430044,2.2081549406051635,2.5429023920771585,2.2081549406051635,2.5429023920771585,,,240,166,4,3,0,,,,,,
selfcon__simclr__s43,selfcon,simclr,43,contrastive,8,0.00048339510662430044,0.0004783863644106502,2.0184451500574747,2.532256660691227,2.0184451500574747,2.532256660691227,,,240,166,4,3,0,,,,,,
selfcon__simclr__s43,selfcon,simclr,43,contrastive,9,0.0004783863644106502,0.00047275163104709196,1.865635339419047,2.9230917878897795,1.865635339419047,2.9230917878897795,,,240,166,4,3,0,,,,,,
selfcon__simclr__s43,selfcon,simclr,43,contrastive,10,0.00047275163104709196,0.00046650635094610973,1.6610711097717286,2.5737787643110894,1.6610711097717286,2.5737787643110894,,,240,166,4,3,0,,,,,,
selfcon__simclr__s43,selfcon,simclr,43,contrastive,11,0.00046650635094610973,0.00045966764198635603,1.6551438887914023,2.655152024992977,1.6551438887914023,2.655152024992977,,,240,166,4,3,0,,,,,,
selfcon__simclr__s43,selfcon,simclr,43,contrastive,12,0.00045966764198635603,0.0004522542485937369,1.66758504708608,2.5062920645058875,1.66758504708608,2.5062920645058875,,,240,166,4,3,0,,,,,,
selfcon__simclr__s43,selfcon,simclr,43,contrastive,13,0.0004522542485937369,0.00044428649036424276,1.3213511069615682,2.28272245303694,1.3213511069615682,2.28272245303694,,,240,166,4,3,0,,,,,,
selfcon__simclr__s43,selfcon,simclr,43,contrastive,14,0.00044428649036424276,0.0004357862063693486,1.7768845438957215,2.478034398641931,1.7768845438957215,2.478034398641931,,,240,166,4,3,0,,,,,,
selfcon__simclr__s43,selfcon,simclr,43,contrastive,15,0.0004357862063693486,0.00042677669529663696,1.2786705493927002,2.2960811034742608,1.2786705493927002,2.2960811034742608,,,240,166,4,3,0,,,,,,
selfcon__simclr__s43,selfcon,simclr,43,contrastive,16,0.00042677669529663696,0.0004172826515897146,1.3833970467249552,2.3645758887371384,1.3833970467249552,2.3645758887371384,,,240,166,4,3,0,,,,,,
selfcon__simclr__s43,selfcon,simclr,43,contrastive,17,0.0004172826515897146,0.0004073300977624594,1.3959880828857423,2.529056447098054,1.3959880828857423,2.529056447098054,,,240,166,4,3,0,,,,,,
selfcon__simclr__s43,selfcon,simclr,43,contrastive,18,0.0004073300977624594,0.0003969463130731183,1.1054993232091268,2.4699812351939188,1.1054993232091268,2.4699812351939188,,,240,166,4,3,0,,,,,,
selfcon__simclr__s43,selfcon,simclr,43,contrastive,19,0.0003969463130731183,0.0003861597587537568,1.2395204146703085,2.724608547716256,1.2395204146703085,2.724608547716256,,,240,166,4,3,0,,,,,,
selfcon__simclr__s43,selfcon,simclr,43,contrastive,20,0.0003861597587537568,0.000375,1.2967666983604431,2.5057480536311507,1.2967666983604431,2.5057480536311507,,,240,166,4,3,0,,,,,,
selfcon__simclr__s43,selfcon,simclr,43,contrastive,21,0.000375,0.00036349762493488667,1.0407758871714274,2.387260528932135,1.0407758871714274,2.387260528932135,,,240,166,4,3,0,,,,,,
selfcon__simclr__s43,selfcon,simclr,43,contrastive,22,0.00036349762493488667,0.0003516841607689501,1.0106186469395955,2.504101925585643,1.0106186469395955,2.504101925585643,,,240,166,4,3,0,,,,,,
selfcon__simclr__s43,selfcon,simclr,43,contrastive,23,0.0003516841607689501,0.00033959198738632514,0.8738293051719666,2.481863113771002,0.8738293051719666,2.481863113771002,,,240,166,4,3,0,,,,,,
selfcon__simclr__s43,selfcon,simclr,43,contrastive,24,0.00033959198738632514,0.00032725424859373687,1.1361074844996135,1.9799385243151562,1.1361074844996135,1.9799385243151562,,,240,166,4,3,0,,,,,,
selfcon__simclr__s43,selfcon,simclr,43,contrastive,25,0.00032725424859373687,0.00031470476127563017,0.8840095241864522,1.9052195850625095,0.8840095241864522,1.9052195850625095,,,240,166,4,3,0,,,,,,
selfcon__simclr__s43,selfcon,simclr,43,contrastive,26,0.00031470476127563017,0.00030197792270443975,0.973360534509023,1.9085710307201706,0.973360534509023,1.9085710307201706,,,240,166,4,3,0,,,,,,
selfcon__simclr__s43,selfcon,simclr,43,contrastive,27,0.00030197792270443975,0.0002891086162600577,0.7963085651397706,2.0118161454258194,0.7963085651397706,2.0118161454258194,,,240,166,4,3,0,,,,,,
selfcon__simclr__s43,selfcon,simclr,43,contrastive,28,0.0002891086162600577,0.00027613211581691336,0.7782786885897318,1.9041572134178806,0.7782786885897318,1.9041572134178806,,,240,166,4,3,0,,,,,,
selfcon__simclr__s43,selfcon,simclr,43,contrastive,29,0.00027613211581691336,0.00026308398906073593,0.7222373207410177,1.8220237550965275,0.7222373207410177,1.8220237550965275,,,240,166,4,3,0,,,,,,
selfcon__simclr__s43,selfcon,simclr,43,contrastive,30,0.00026308398906073593,0.00025000000000000006,0.9056782285372417,1.7609167443700584,0.9056782285372417,1.7609167443700584,,,240,166,4,3,0,,,,,,
selfcon__simclr__s43,selfcon,simclr,43,contrastive,31,0.00025000000000000006,0.00023691601093926408,0.5881084362665813,1.759994562849941,0.5881084362665813,1.759994562849941,,,240,166,4,3,0,,,,,,
selfcon__simclr__s43,selfcon,simclr,43,contrastive,32,0.00023691601093926408,0.00022386788418308668,0.755327453215917,1.8152366187199052,0.755327453215917,1.8152366187199052,,,240,166,4,3,0,,,,,,
selfcon__simclr__s43,selfcon,simclr,43,contrastive,33,0.00022386788418308668,0.0002108913837399423,0.7174976865450541,1.8653181762580413,0.7174976865450541,1.8653181762580413,,,240,166,4,3,0,,,,,,
selfcon__simclr__s43,selfcon,simclr,43,contrastive,34,0.0002108913837399423,0.00019802207729556018,0.6713753124078115,1.9162020396037274,0.6713753124078115,1.9162020396037274,,,240,166,4,3,0,,,,,,
selfcon__simclr__s43,selfcon,simclr,43,contrastive,35,0.00019802207729556018,0.00018529523872436987,1.0001930952072144,1.9572449376784176,1.0001930952072144,1.9572449376784176,,,240,166,4,3,0,,,,,,
selfcon__simclr__s43,selfcon,simclr,43,contrastive,36,0.00018529523872436987,0.0001727457514062632,0.7559219400087992,1.9622009375009193,0.7559219400087992,1.9622009375009193,,,240,166,4,3,0,,,,,,
selfcon__simclr__s43,selfcon,simclr,43,contrastive,37,0.0001727457514062632,0.00016040801261367496,0.7359555999437968,1.8321421002767173,0.7359555999437968,1.8321421002767173,,,240,166,4,3,0,,,,,,
selfcon__simclr__s43,selfcon,simclr,43,contrastive,38,0.00016040801261367496,0.00014831583923105,0.5454365054766337,1.7601008788648858,0.5454365054766337,1.7601008788648858,,,240,166,4,3,0,,,,,,
selfcon__simclr__s43,selfcon,simclr,43,contrastive,39,0.00014831583923105,0.00013650237506511334,0.50316275258859,1.6761879490082523,0.50316275258859,1.6761879490082523,,,240,166,4,3,0,,,,,,
selfcon__simclr__s43,selfcon,simclr,43,contrastive,40,0.00013650237506511334,0.00012500000000000008,0.4436342338720957,1.6580157050167221,0.4436342338720957,1.6580157050167221,,,240,166,4,3,0,,,,,,
selfcon__simclr__s43,selfcon,simclr,43,contrastive,41,0.00012500000000000008,0.00011384024124624333,0.4970732033252716,1.6356774626008,0.4970732033252716,1.6356774626008,,,240,166,4,3,0,,,,,,
selfcon__simclr__s43,selfcon,simclr,43,contrastive,42,0.00011384024124624333,0.00010305368692688177,0.5619961390892665,1.6001091922622128,0.5619961390892665,1.6001091922622128,,,240,166,4,3,0,,,,,,
selfcon__simclr__s43,selfcon,simclr,43,contrastive,43,0.00010305368692688177,9.26699022375407e-05,0.4320138017336527,1.587952790490116,0.4320138017336527,1.587952790490116,,,240,166,4,3,0,,,,,,
selfcon__simclr__s43,selfcon,simclr,43,contrastive,44,9.26699022375407e-05,8.271734841028555e-05,0.4988726039727529,1.573122225612043,0.4988726039727529,1.573122225612043,,,240,166,4,3,0,,,,,,
selfcon__simclr__s43,selfcon,simclr,43,contrastive,45,8.271734841028555e-05,7.322330470336315e-05,0.4939309140046438,1.53597582679197,0.4939309140046438,1.53597582679197,,,240,166,4,3,0,,,,,,
selfcon__simclr__s43,selfcon,simclr,43,contrastive,46,7.322330470336315e-05,6.421379363065149e-05,0.4301245093345642,1.5137336771172214,0.4301245093345642,1.5137336771172214,,,240,166,4,3,0,,,,,,
selfcon__simclr__s43,selfcon,simclr,43,contrastive,47,6.421379363065149e-05,5.5713509635757295e-05,0.26999725997447965,1.4885871841246823,0.26999725997447965,1.4885871841246823,,,240,166,4,3,0,,,,,,
selfcon__simclr__s43,selfcon,simclr,43,contrastive,48,5.5713509635757295e-05,4.774575140626318e-05,0.46155712405840554,1.5106167836361621,0.46155712405840554,1.5106167836361621,,,240,166,4,3,0,,,,,,
selfcon__simclr__s43,selfcon,simclr,43,contrastive,49,4.774575140626318e-05,4.0332358013644026e-05,0.32566361625989276,1.495902393237654,0.32566361625989276,1.495902393237654,,,240,166,4,3,0,,,,,,
selfcon__simclr__s43,selfcon,simclr,43,contrastive,50,4.0332358013644026e-05,3.349364905389033e-05,0.5092680166165034,1.480306955705206,0.5092680166165034,1.480306955705206,,,240,166,4,3,0,,,,,,
selfcon__simclr__s43,selfcon,simclr,43,contrastive,51,3.349364905389033e-05,2.724836895290806e-05,0.47373125354448953,1.5061452618564468,0.47373125354448953,1.5061452618564468,,,240,166,4,3,0,,,,,,
selfcon__simclr__s43,selfcon,simclr,43,contrastive,52,2.724836895290806e-05,2.161363558934976e-05,0.44410955210526787,1.4709973751780498,0.44410955210526787,1.4709973751780498,,,240,166,4,3,0,,,,,,
selfcon__simclr__s43,selfcon,simclr,43,contrastive,53,2.161363558934976e-05,1.6604893375699568e-05,0.2736078053712845,1.4859502358608936,0.2736078053712845,1.4859502358608936,,,240,166,4,3,0,,,,,,
selfcon__simclr__s43,selfcon,simclr,43,contrastive,54,1.6604893375699568e-05,1.2235870926211619e-05,0.31249286929766334,1.4929660429437477,0.31249286929766334,1.4929660429437477,,,240,166,4,3,0,,,,,,
selfcon__simclr__s43,selfcon,simclr,43,contrastive,55,1.2235870926211619e-05,8.518543427732923e-06,0.37766315042972565,1.4819839259228074,0.37766315042972565,1.4819839259228074,,,240,166,4,3,0,,,,,,
selfcon__simclr__s43,selfcon,simclr,43,contrastive,56,8.518543427732923e-06,5.463099816548579e-06,0.6129886428515117,1.493456184145916,0.6129886428515117,1.493456184145916,,,240,166,4,3,0,,,,,,
selfcon__simclr__s43,selfcon,simclr,43,contrastive,57,5.463099816548579e-06,3.077914851215586e-06,0.4298730373382568,1.4919661599469471,0.4298730373382568,1.4919661599469471,,,240,166,4,3,0,,,,,,
selfcon__simclr__s43,selfcon,simclr,43,contrastive,58,3.077914851215586e-06,1.3695261579316502e-06,0.33177627126375836,1.4757621259574432,0.33177627126375836,1.4757621259574432,,,240,166,4,3,0,,,,,,
selfcon__simclr__s43,selfcon,simclr,43,contrastive,59,1.3695261579316502e-06,3.4261631135654184e-07,0.38112652897834776,1.486057403575943,0.38112652897834776,1.486057403575943,,,240,166,4,3,0,,,,,,
selfcon__simclr__s43,selfcon,simclr,43,contrastive,60,3.4261631135654184e-07,0.0,0.3652367154757182,1.5007828057530415,0.3652367154757182,1.5007828057530415,,,240,166,4,3,0,,,,,,
selfcon__simclr__s43,selfcon,simclr,43,selfcon_probe,1,0.001,0.000998458666866564,0.891791354174228,0.7922350343877385,0.891791354174228,0.7922350343877385,,,120,83,4,3,0,0.4264,0.4121,0.2727,0.58,0.3,0.2857
selfcon__simclr__s43,selfcon,simclr,43,selfcon_probe,2,0.000998458666866564,0.0009938441702975688,0.6726139335354256,0.688406806421912,0.6726139335354256,0.688406806421912,,,120,83,4,3,0,0.5615,0.6327,0.303,0.82,0.5263,0.3846
selfcon__simclr__s43,selfcon,simclr,43,selfcon_probe,3,0.0009938441702975688,0.0009861849601988382,0.5346523823999486,0.5958352043463575,0.5346523823999486,0.5958352043463575,,,120,83,4,3,0,0.7342,0.7661,0.8485,0.62,0.5957,0.7
selfcon__simclr__s43,selfcon,simclr,43,selfcon_probe,4,0.0009861849601988382,0.0009755282581475767,0.46789340378373045,0.5779342585609376,0.46789340378373045,0.5779342585609376,,,120,83,4,3,0,0.7345,0.7903,0.9091,0.56,0.5769,0.7059
selfcon__simclr__s43,selfcon,simclr,43,selfcon_probe,5,0.0009755282581475767,0.0009619397662556432,0.42472153094503473,0.5494644964751585,0.42472153094503473,0.5494644964751585,,,120,83,4,3,0,0.7288,0.8079,0.7576,0.7,0.625,0.6849
selfcon__simclr__s43,selfcon,simclr,43,selfcon_probe,6,0.0009619397662556432,0.0009455032620941838,0.38629948720760215,0.5426649373992876,0.38629948720760215,0.5426649373992876,,,120,83,4,3,0,0.7236,0.817,0.7273,0.72,0.6316,0.6761
selfcon__simclr__s43,selfcon,simclr,43,selfcon_probe,7,0.0009455032620941838,0.000926320082177046,0.3715643918421866,0.541312125346399,0.3715643918421866,0.541312125346399,,,120,83,4,3,0,0.7391,0.823,0.8182,0.66,0.6136,0.7013
selfcon__simclr__s43,selfcon,simclr,43,selfcon_probe,8,0.000926320082177046,0.0009045084971874736,0.34369321954518656,0.5454124182187189,0.34369321954518656,0.5454124182187189,,,120,83,4,3,0,0.7191,0.8255,0.8182,0.62,0.587,0.6835
selfcon__simclr__s43,selfcon,simclr,43,selfcon_probe,9,0.0009045084971874736,0.0008802029828000154,0.32631377575006404,0.5315916506897373,0.32631377575006404,0.5315916506897373,,,120,83,4,3,0,0.7691,0.8345,0.8182,0.72,0.6585,0.7297
selfcon__simclr__s43,selfcon,simclr,43,selfcon_probe,10,0.0008802029828000154,0.0008535533905932736,0.30666045670970926,0.5287973852956798,0.30666045670970926,0.5287973852956798,,,120,83,4,3,0,0.7539,0.8388,0.7879,0.72,0.65,0.7123
selfcon__simclr__s43,selfcon,simclr,43,selfcon_probe,11,0.0008535533905932736,0.0008247240241650918,0.29763642885603303,0.524416656968296,0.29763642885603303,0.524416656968296,,,120,83,4,3,0,0.7691,0.843,0.8182,0.72,0.6585,0.7297
selfcon__simclr__s43,selfcon,simclr,43,selfcon_probe,12,0.0008247240241650918,0.0007938926261462365,0.28794451220507583,0.5216312369966645,0.28794451220507583,0.5216312369966645,,,120,83,4,3,0,0.7591,0.8455,0.8182,0.7,0.6429,0.72
selfcon__simclr__s43,selfcon,simclr,43,selfcon_probe,13,0.0007938926261462365,0.0007612492823579742,0.2683992952025245,0.5219406467332509,0.2683992952025245,0.5219406467332509,,,120,83,4,3,0,0.7591,0.8461,0.8182,0.7,0.6429,0.72
selfcon__simclr__s43,selfcon,simclr,43,selfcon_probe,14,0.0007612492823579742,0.0007269952498697732,0.2680937614421487,0.5206518654863279,0.2680937614421487,0.5206518654863279,,,120,83,4,3,0,0.7491,0.8479,0.8182,0.68,0.6279,0.7105
selfcon__simclr__s43,selfcon,simclr,43,selfcon_probe,15,0.0007269952498697732,0.0006913417161825447,0.25765229610665163,0.5196780510456828,0.25765229610665163,0.5196780510456828,,,120,83,4,3,0,0.7591,0.8479,0.8182,0.7,0.6429,0.72
selfcon__simclr__s43,selfcon,simclr,43,selfcon_probe,16,0.0006913417161825447,0.0006545084971874736,0.25635219189876085,0.5188542992127974,0.25635219189876085,0.5188542992127974,,,120,83,4,3,0,0.7791,0.8509,0.8182,0.74,0.675,0.7397
selfcon__simclr__s43,selfcon,simclr,43,selfcon_probe,17,0.0006545084971874736,0.0006167226819279527,0.2502247917844587,0.5183326693702475,0.2502247917844587,0.5183326693702475,,,120,83,4,3,0,0.7791,0.8527,0.8182,0.74,0.675,0.7397
selfcon__simclr__s43,selfcon,simclr,43,selfcon_probe,18,0.0006167226819279527,0.0005782172325201154,0.2603375769324586,0.5188634377152237,0.2603375769324586,0.5188634377152237,,,120,83,4,3,0,0.7791,0.8533,0.8182,0.74,0.675,0.7397
selfcon__simclr__s43,selfcon,simclr,43,selfcon_probe,19,0.0005782172325201154,0.0005392295478639224,0.2394612339880969,0.5194922065792735,0.2394612339880969,0.5194922065792735,,,120,83,4,3,0,0.7791,0.8527,0.8182,0.74,0.675,0.7397
selfcon__simclr__s43,selfcon,simclr,43,selfcon_probe,20,0.0005392295478639224,0.0004999999999999999,0.23966673277999226,0.5180417606364549,0.23966673277999226,0.5180417606364549,,,120,83,4,3,0,0.7791,0.8527,0.8182,0.74,0.675,0.7397
selfcon__simclr__s43,selfcon,simclr,43,selfcon_probe,21,0.0004999999999999999,0.0004607704521360775,0.23297734532487838,0.5174013249717322,0.23297734532487838,0.5174013249717322,,,120,83,4,3,0,0.7791,0.8533,0.8182,0.74,0.675,0.7397
selfcon__simclr__s43,selfcon,simclr,43,selfcon_probe,22,0.0004607704521360775,0.0004217827674798846,0.22765134123603215,0.5156222187096494,0.22765134123603215,0.5156222187096494,,,120,83,4,3,0,0.7791,0.8539,0.8182,0.74,0.675,0.7397
selfcon__simclr__s43,selfcon,simclr,43,selfcon_probe,23,0.0004217827674798846,0.0003832773180720472,0.23494028158195712,0.5161228413965427,0.23494028158195712,0.5161228413965427,,,120,83,4,3,0,0.7791,0.8558,0.8182,0.74,0.675,0.7397
selfcon__simclr__s43,selfcon,simclr,43,selfcon_probe,24,0.0003832773180720472,0.0003454915028125262,0.22729072597153227,0.5169625058181198,0.22729072597153227,0.5169625058181198,,,120,83,4,3,0,0.7891,0.8539,0.8182,0.76,0.6923,0.75
selfcon__simclr__s43,selfcon,simclr,43,selfcon_probe,25,0.0003454915028125262,0.00030865828381745506,0.22105690796249935,0.5175112173924019,0.22105690796249935,0.5175112173924019,,,120,83,4,3,0,0.7891,0.8552,0.8182,0.76,0.6923,0.75
selfcon__simclr__s43,selfcon,simclr,43,selfcon_probe,26,0.00030865828381745506,0.0002730047501302265,0.22941576697620564,0.5169769659836178,0.22941576697620564,0.5169769659836178,,,120,83,4,3,0,0.7891,0.8558,0.8182,0.76,0.6923,0.75
selfcon__simclr__s43,selfcon,simclr,43,selfcon_probe,27,0.0002730047501302265,0.0002387507176420255,0.22776884103676784,0.5170769114729603,0.22776884103676784,0.5170769114729603,,,120,83,4,3,0,0.7891,0.8558,0.8182,0.76,0.6923,0.75
selfcon__simclr__s43,selfcon,simclr,43,selfcon_probe,28,0.0002387507176420255,0.0002061073738537634,0.22745296888482486,0.5164225942645259,0.22745296888482486,0.5164225942645259,,,120,83,4,3,0,0.7791,0.8564,0.8182,0.74,0.675,0.7397
selfcon__simclr__s43,selfcon,simclr,43,selfcon_probe,29,0.0002061073738537634,0.00017527597583490815,0.22281039247877626,0.5165298387097543,0.22281039247877626,0.5165298387097543,,,120,83,4,3,0,0.7791,0.8558,0.8182,0.74,0.675,0.7397
selfcon__simclr__s43,selfcon,simclr,43,selfcon_probe,30,0.00017527597583490815,0.0001464466094067262,0.21294117477475624,0.5163837524331577,0.21294117477475624,0.5163837524331577,,,120,83,4,3,0,0.7791,0.857,0.8182,0.74,0.675,0.7397
selfcon__simclr__s43,selfcon,simclr,43,selfcon_probe,31,0.0001464466094067262,0.00011979701719998447,0.21944137997536137,0.5156294923357535,0.21944137997536137,0.5156294923357535,,,120,83,4,3,0,0.7791,0.8576,0.8182,0.74,0.675,0.7397
selfcon__simclr__s43,selfcon,simclr,43,selfcon_probe,32,0.00011979701719998447,9.549150281252627e-05,0.2111845987432031,0.515282725384591,0.2111845987432031,0.515282725384591,,,120,83,4,3,0,0.7791,0.8582,0.8182,0.74,0.675,0.7397
selfcon__simclr__s43,selfcon,simclr,43,selfcon_probe,33,9.549150281252627e-05,7.367991782295387e-05,0.20902799542973607,0.5153549974632572,0.20902799542973607,0.5153549974632572,,,120,83,4,3,0,0.7791,0.8576,0.8182,0.74,0.675,0.7397
selfcon__simclr__s43,selfcon,simclr,43,selfcon_probe,34,7.367991782295387e-05,5.4496737905816076e-05,0.22887389391102744,0.5152952783745952,0.22887389391102744,0.5152952783745952,,,120,83,4,3,0,0.7791,0.8582,0.8182,0.74,0.675,0.7397
selfcon__simclr__s43,selfcon,simclr,43,selfcon_probe,35,5.4496737905816076e-05,3.806023374435661e-05,0.20660042333130424,0.5152119832940564,0.20660042333130424,0.5152119832940564,,,120,83,4,3,0,0.7791,0.8582,0.8182,0.74,0.675,0.7397
selfcon__simclr__s43,selfcon,simclr,43,selfcon_probe,36,3.806023374435661e-05,2.447174185242322e-05,0.21532210075904848,0.5151341306154888,0.21532210075904848,0.5151341306154888,,,120,83,4,3,0,0.7791,0.8576,0.8182,0.74,0.675,0.7397
selfcon__simclr__s43,selfcon,simclr,43,selfcon_probe,37,2.447174185242322e-05,1.3815039801161714e-05,0.23478241094541968,0.5151420160025667,0.23478241094541968,0.5151420160025667,,,120,83,4,3,0,0.7791,0.8576,0.8182,0.74,0.675,0.7397
selfcon__simclr__s43,selfcon,simclr,43,selfcon_probe,38,1.3815039801161714e-05,6.155829702431168e-06,0.2211096472125515,0.5150947120446201,0.2211096472125515,0.5150947120446201,,,120,83,4,3,0,0.7791,0.8576,0.8182,0.74,0.675,0.7397
selfcon__simclr__s43,selfcon,simclr,43,selfcon_probe,39,6.155829702431168e-06,1.5413331334360176e-06,0.21937574874297733,0.5150770182764718,0.21937574874297733,0.5150770182764718,,,120,83,4,3,0,0.7791,0.8576,0.8182,0.74,0.675,0.7397
selfcon__simclr__s43,selfcon,simclr,43,selfcon_probe,40,1.5413331334360176e-06,0.0,0.21342223305620298,0.515072660705988,0.21342223305620298,0.515072660705988,,,120,83,4,3,0,0.7791,0.8576,0.8182,0.74,0.675,0.7397
selfcon__simclr__s44,selfcon,simclr,44,contrastive,1,0.0005,0.0004996573836886434,3.3642836729685466,3.4050346684743125,3.3642836729685466,3.4050346684743125,,,240,166,4,3,0,,,,,,
selfcon__simclr__s44,selfcon,simclr,44,contrastive,2,0.0004996573836886434,0.0004986304738420682,3.112919060389201,3.0104784620813576,3.112919060389201,3.0104784620813576,,,240,166,4,3,0,,,,,,
selfcon__simclr__s44,selfcon,simclr,44,contrastive,3,0.0004986304738420682,0.0004969220851487844,2.6488261381785074,2.7580880429371293,2.6488261381785074,2.7580880429371293,,,240,166,4,3,0,,,,,,
selfcon__simclr__s44,selfcon,simclr,44,contrastive,4,0.0004969220851487844,0.0004945369001834514,2.524575440088908,2.781665178666632,2.524575440088908,2.781665178666632,,,240,166,4,3,0,,,,,,
selfcon__simclr__s44,selfcon,simclr,44,contrastive,5,0.0004945369001834514,0.0004914814565722671,2.3114405393600466,2.781100491443312,2.3114405393600466,2.781100491443312,,,240,166,4,3,0,,,,,,
selfcon__simclr__s44,selfcon,simclr,44,contrastive,6,0.0004914814565722671,0.00048776412907378846,2.4475064436594645,2.547408164265644,2.4475064436594645,2.547408164265644,,,240,166,4,3,0,,,,,,
selfcon__simclr__s44,selfcon,simclr,44,contrastive,7,0.00048776412907378846,0.00048339510662430044,2.378058393796285,2.525324801364577,2.378058393796285,2.525324801364577,,,240,166,4,3,0,,,,,,
selfcon__simclr__s44,selfcon,simclr,44,contrastive,8,0.00048339510662430044,0.0004783863644106502,2.167063498497009,2.56694656969553,2.167063498497009,2.56694656969553,,,240,166,4,3,0,,,,,,
selfcon__simclr__s44,selfcon,simclr,44,contrastive,9,0.0004783863644106502,0.00047275163104709196,2.1393718242645265,2.4628348580325943,2.1393718242645265,2.4628348580325943,,,240,166,4,3,0,,,,,,
selfcon__simclr__s44,selfcon,simclr,44,contrastive,10,0.00047275163104709196,0.00046650635094610973,1.9871221621831259,2.4510944449757956,1.9871221621831259,2.4510944449757956,,,240,166,4,3,0,,,,,,
selfcon__simclr__s44,selfcon,simclr,44,contrastive,11,0.00046650635094610973,0.00045966764198635603,1.8326200564702353,2.4860187309334076,1.8326200564702353,2.4860187309334076,,,240,166,4,3,0,,,,,,
selfcon__simclr__s44,selfcon,simclr,44,contrastive,12,0.00045966764198635603,0.0004522542485937369,1.7663272380828858,2.405937519418188,1.7663272380828858,2.405937519418188,,,240,166,4,3,0,,,,,,
selfcon__simclr__s44,selfcon,simclr,44,contrastive,13,0.0004522542485937369,0.00044428649036424276,1.7009713967641196,2.3751255431807183,1.7009713967641196,2.3751255431807183,,,240,166,4,3,0,,,,,,
selfcon__simclr__s44,selfcon,simclr,44,contrastive,14,0.00044428649036424276,0.0004357862063693486,1.3731569528579712,2.3265531838658347,1.3731569528579712,2.3265531838658347,,,240,166,4,3,0,,,,,,
selfcon__simclr__s44,selfcon,simclr,44,contrastive,15,0.0004357862063693486,0.00042677669529663696,1.3101656595865885,2.48003769495401,1.3101656595865885,2.48003769495401,,,240,166,4,3,0,,,,,,
selfcon__simclr__s44,selfcon,simclr,44,contrastive,16,0.00042677669529663696,0.0004172826515897146,1.7192489465077718,2.292081502546747,1.7192489465077718,2.292081502546747,,,240,166,4,3,0,,,,,,
selfcon__simclr__s44,selfcon,simclr,44,contrastive,17,0.0004172826515897146,0.0004073300977624594,1.6013822436332703,2.1518074819840582,1.6013822436332703,2.1518074819840582,,,240,166,4,3,0,,,,,,
selfcon__simclr__s44,selfcon,simclr,44,contrastive,18,0.0004073300977624594,0.0003969463130731183,1.6273805538813273,2.2708708406930946,1.6273805538813273,2.2708708406930946,,,240,166,4,3,0,,,,,,
selfcon__simclr__s44,selfcon,simclr,44,contrastive,19,0.0003969463130731183,0.0003861597587537568,1.285428245862325,2.289938007492617,1.285428245862325,2.289938007492617,,,240,166,4,3,0,,,,,,
selfcon__simclr__s44,selfcon,simclr,44,contrastive,20,0.0003861597587537568,0.000375,1.302683961391449,2.102886507310063,1.302683961391449,2.102886507310063,,,240,166,4,3,0,,,,,,
selfcon__simclr__s44,selfcon,simclr,44,contrastive,21,0.000375,0.00036349762493488667,1.1688552061716715,2.0546461013426263,1.1688552061716715,2.0546461013426263,,,240,166,4,3,0,,,,,,
selfcon__simclr__s44,selfcon,simclr,44,contrastive,22,0.00036349762493488667,0.0003516841607689501,1.2127472758293152,2.016842254673142,1.2127472758293152,2.016842254673142,,,240,166,4,3,0,,,,,,
selfcon__simclr__s44,selfcon,simclr,44,contrastive,23,0.0003516841607689501,0.00033959198738632514,1.1709418535232543,2.133155651839383,1.1709418535232543,2.133155651839383,,,240,166,4,3,0,,,,,,
selfcon__simclr__s44,selfcon,simclr,44,contrastive,24,0.00033959198738632514,0.00032725424859373687,1.44189457098643,2.0770566262394548,1.44189457098643,2.0770566262394548,,,240,166,4,3,0,,,,,,
selfcon__simclr__s44,selfcon,simclr,44,contrastive,25,0.00032725424859373687,0.00031470476127563017,0.8113053381443024,2.0913783254393614,0.8113053381443024,2.0913783254393614,,,240,166,4,3,0,,,,,,
selfcon__simclr__s44,selfcon,simclr,44,contrastive,26,0.00031470476127563017,0.00030197792270443975,1.0645912329355876,2.0347848240151465,1.0645912329355876,2.0347848240151465,,,240,166,4,3,0,,,,,,
selfcon__simclr__s44,selfcon,simclr,44,contrastive,27,0.00030197792270443975,0.0002891086162600577,0.9304776549339294,1.8448042007813972,0.9304776549339294,1.8448042007813972,,,240,166,4,3,0,,,,,,
selfcon__simclr__s44,selfcon,simclr,44,contrastive,28,0.0002891086162600577,0.00027613211581691336,1.0142916639645894,1.7059517509966011,1.0142916639645894,1.7059517509966011,,,240,166,4,3,0,,,,,,
selfcon__simclr__s44,selfcon,simclr,44,contrastive,29,0.00027613211581691336,0.00026308398906073593,0.707880167166392,1.7304460901811898,0.707880167166392,1.7304460901811898,,,240,166,4,3,0,,,,,,
selfcon__simclr__s44,selfcon,simclr,44,contrastive,30,0.00026308398906073593,0.00025000000000000006,0.8135679264863332,1.8627291630549603,0.8135679264863332,1.8627291630549603,,,240,166,4,3,0,,,,,,
selfcon__simclr__s44,selfcon,simclr,44,contrastive,31,0.00025000000000000006,0.00023691601093926408,0.8854778826236724,1.8935740439288586,0.8854778826236724,1.8935740439288586,,,240,166,4,3,0,,,,,,
selfcon__simclr__s44,selfcon,simclr,44,contrastive,32,0.00023691601093926408,0.00022386788418308668,0.7230710506439209,1.6220416232764003,0.7230710506439209,1.6220416232764003,,,240,166,4,3,0,,,,,,
selfcon__simclr__s44,selfcon,simclr,44,contrastive,33,0.00022386788418308668,0.0002108913837399423,0.8126864771048228,1.5268900968942298,0.8126864771048228,1.5268900968942298,,,240,166,4,3,0,,,,,,
selfcon__simclr__s44,selfcon,simclr,44,contrastive,34,0.0002108913837399423,0.00019802207729556018,0.7407599906126658,1.525122057960694,0.7407599906126658,1.525122057960694,,,240,166,4,3,0,,,,,,
selfcon__simclr__s44,selfcon,simclr,44,contrastive,35,0.00019802207729556018,0.00018529523872436987,0.8703130125999451,1.555468132696956,0.8703130125999451,1.555468132696956,,,240,166,4,3,0,,,,,,
selfcon__simclr__s44,selfcon,simclr,44,contrastive,36,0.00018529523872436987,0.0001727457514062632,0.5824581861495972,1.5758944706744458,0.5824581861495972,1.5758944706744458,,,240,166,4,3,0,,,,,,
selfcon__simclr__s44,selfcon,simclr,44,contrastive,37,0.0001727457514062632,0.00016040801261367496,0.4891278068224589,1.572204170456852,0.4891278068224589,1.572204170456852,,,240,166,4,3,0,,,,,,
selfcon__simclr__s44,selfcon,simclr,44,contrastive,38,0.00016040801261367496,0.00014831583923105,0.8536266605059306,1.5441827386258595,0.8536266605059306,1.5441827386258595,,,240,166,4,3,0,,,,,,
selfcon__simclr__s44,selfcon,simclr,44,contrastive,39,0.00014831583923105,0.00013650237506511334,0.6331215858459472,1.5199276510491428,0.6331215858459472,1.5199276510491428,,,240,166,4,3,0,,,,,,
selfcon__simclr__s44,selfcon,simclr,44,contrastive,40,0.00013650237506511334,0.00012500000000000008,0.44713434179623923,1.5006006783749684,0.44713434179623923,1.5006006783749684,,,240,166,4,3,0,,,,,,
selfcon__simclr__s44,selfcon,simclr,44,contrastive,41,0.00012500000000000008,0.00011384024124624333,0.4812330623467763,1.5012341938823102,0.4812330623467763,1.5012341938823102,,,240,166,4,3,0,,,,,,
selfcon__simclr__s44,selfcon,simclr,44,contrastive,42,0.00011384024124624333,0.00010305368692688177,0.4452341059843699,1.4854967163269779,0.4452341059843699,1.4854967163269779,,,240,166,4,3,0,,,,,,
selfcon__simclr__s44,selfcon,simclr,44,contrastive,43,0.00010305368692688177,9.26699022375407e-05,0.33366049925486246,1.4995627431984406,0.33366049925486246,1.4995627431984406,,,240,166,4,3,0,,,,,,
selfcon__simclr__s44,selfcon,simclr,44,contrastive,44,9.26699022375407e-05,8.271734841028555e-05,0.48790059983730316,1.4477835541748139,0.48790059983730316,1.4477835541748139,,,240,166,4,3,0,,,,,,
selfcon__simclr__s44,selfcon,simclr,44,contrastive,45,8.271734841028555e-05,7.322330470336315e-05,0.5104142089684804,1.404678252088018,0.5104142089684804,1.404678252088018,,,240,166,4,3,0,,,,,,
selfcon__simclr__s44,selfcon,simclr,44,contrastive,46,7.322330470336315e-05,6.421379363065149e-05,0.468411523103714,1.379661580884313,0.468411523103714,1.379661580884313,,,240,166,4,3,0,,,,,,
selfcon__simclr__s44,selfcon,simclr,44,contrastive,47,6.421379363065149e-05,5.5713509635757295e-05,0.44094815055529274,1.3668467093663044,0.44094815055529274,1.3668467093663044,,,240,166,4,3,0,,,,,,
selfcon__simclr__s44,selfcon,simclr,44,contrastive,48,5.5713509635757295e-05,4.774575140626318e-05,0.4212562640508016,1.3825793029314064,0.4212562640508016,1.3825793029314064,,,240,166,4,3,0,,,,,,
selfcon__simclr__s44,selfcon,simclr,44,contrastive,49,4.774575140626318e-05,4.0332358013644026e-05,0.5495952725410461,1.3854095684476646,0.5495952725410461,1.3854095684476646,,,240,166,4,3,0,,,,,,
selfcon__simclr__s44,selfcon,simclr,44,contrastive,50,4.0332358013644026e-05,3.349364905389033e-05,0.5139118591944377,1.3629978859280965,0.5139118591944377,1.3629978859280965,,,240,166,4,3,0,,,,,,
selfcon__simclr__s44,selfcon,simclr,44,contrastive,51,3.349364905389033e-05,2.724836895290806e-05,0.42291915317376455,1.3526402503611095,0.42291915317376455,1.3526402503611095,,,240,166,4,3,0,,,,,,
selfcon__simclr__s44,selfcon,simclr,44,contrastive,52,2.724836895290806e-05,2.161363558934976e-05,0.4442194143931071,1.3598914053066666,0.4442194143931071,1.3598914053066666,,,240,166,4,3,0,,,,,,
selfcon__simclr__s44,selfcon,simclr,44,contrastive,53,2.161363558934976e-05,1.6604893375699568e-05,0.4850607752799988,1.3439882153488067,0.4850607752799988,1.3439882153488067,,,240,166,4,3,0,,,,,,
selfcon__simclr__s44,selfcon,simclr,44,contrastive,54,1.6604893375699568e-05,1.2235870926211619e-05,0.45458145439624786,1.3516614990062024,0.45458145439624786,1.3516614990062024,,,240,166,4,3,0,,,,,,
selfcon__simclr__s44,selfcon,simclr,44,contrastive,55,1.2235870926211619e-05,8.518543427732923e-06,0.26704380561908087,1.359374397490398,0.26704380561908087,1.359374397490398,,,240,166,4,3,0,,,,,,
selfcon__simclr__s44,selfcon,simclr,44,contrastive,56,8.518543427732923e-06,5.463099816548579e-06,0.39575930734475456,1.3544592383396195,0.39575930734475456,1.3544592383396195,,,240,166,4,3,0,,,,,,
selfcon__simclr__s44,selfcon,simclr,44,contrastive,57,5.463099816548579e-06,3.077914851215586e-06,0.3030106822649638,1.3414068595472588,0.3030106822649638,1.3414068595472588,,,240,166,4,3,0,,,,,,
selfcon__simclr__s44,selfcon,simclr,44,contrastive,58,3.077914851215586e-06,1.3695261579316502e-06,0.2883072147766749,1.3369816218514041,0.2883072147766749,1.3369816218514041,,,240,166,4,3,0,,,,,,
selfcon__simclr__s44,selfcon,simclr,44,contrastive,59,1.3695261579316502e-06,3.4261631135654184e-07,0.3617773095766703,1.357801295188536,0.3617773095766703,1.357801295188536,,,240,166,4,3,0,,,,,,
selfcon__simclr__s44,selfcon,simclr,44,contrastive,60,3.4261631135654184e-07,0.0,0.35786614616711937,1.3614138185259808,0.35786614616711937,1.3614138185259808,,,240,166,4,3,0,,,,,,
selfcon__simclr__s44,selfcon,simclr,44,selfcon_probe,1,0.001,0.000998458666866564,0.7906426361804484,0.7022115388624802,0.7906426361804484,0.7022115388624802,,,120,83,4,3,0,0.5724,0.5897,0.4848,0.66,0.4848,0.4848
selfcon__simclr__s44,selfcon,simclr,44,selfcon_probe,2,0.000998458666866564,0.0009938441702975688,0.5622643320504966,0.6799654236622668,0.5622643320504966,0.6799654236622668,,,120,83,4,3,0,0.5994,0.6739,0.8788,0.32,0.4603,0.6042
selfcon__simclr__s44,selfcon,simclr,44,selfcon_probe,3,0.0009938441702975688,0.0009861849601988382,0.49513508563030695,0.6527888449601189,0.49513508563030695,0.6527888449601189,,,120,83,4,3,0,0.6642,0.7236,0.8485,0.48,0.5185,0.6437
selfcon__simclr__s44,selfcon,simclr,44,selfcon_probe,4,0.0009861849601988382,0.0009755282581475767,0.42842835445542027,0.6490102665363885,0.42842835445542027,0.6490102665363885,,,120,83,4,3,0,0.7291,0.7388,0.8182,0.64,0.6,0.6923
selfcon__simclr__s44,selfcon,simclr,44,selfcon_probe,5,0.0009755282581475767,0.0009619397662556432,0.3909572840759499,0.6477535103131778,0.3909572840759499,0.6477535103131778,,,120,83,4,3,0,0.6942,0.7539,0.8485,0.54,0.549,0.6667
selfcon__simclr__s44,selfcon,simclr,44,selfcon_probe,6,0.0009619397662556432,0.0009455032620941838,0.3657621765125199,0.6618079090310782,0.3657621765125199,0.6618079090310782,,,120,83,4,3,0,0.6842,0.763,0.8485,0.52,0.5385,0.6588
selfcon__simclr__s44,selfcon,simclr,44,selfcon_probe,7,0.0009455032620941838,0.000926320082177046,0.34808592602604543,0.6650032387080389,0.34808592602604543,0.6650032387080389,,,120,83,4,3,0,0.6842,0.777,0.8485,0.52,0.5385,0.6588
selfcon__simclr__s44,selfcon,simclr,44,selfcon_probe,8,0.000926320082177046,0.0009045084971874736,0.3284396935669573,0.6595158902243298,0.3284396935669573,0.6595158902243298,,,120,83,4,3,0,0.6942,0.78,0.8485,0.54,0.549,0.6667
selfcon__simclr__s44,selfcon,simclr,44,selfcon_probe,9,0.0009045084971874736,0.0008802029828000154,0.3224803773534112,0.6556611584578067,0.3224803773534112,0.6556611584578067,,,120,83,4,3,0,0.6942,0.783,0.8485,0.54,0.549,0.6667
selfcon__simclr__s44,selfcon,simclr,44,selfcon_probe,10,0.0008802029828000154,0.0008535533905932736,0.310648849725414,0.6614154091532861,0.310648849725414,0.6614154091532861,,,120,83,4,3,0,0.6942,0.7879,0.8485,0.54,0.549,0.6667
selfcon__simclr__s44,selfcon,simclr,44,selfcon_probe,11,0.0008535533905932736,0.0008247240241650918,0.3000932938190658,0.6576955440558645,0.3000932938190658,0.6576955440558645,,,120,83,4,3,0,0.6942,0.7982,0.8485,0.54,0.549,0.6667
selfcon__simclr__s44,selfcon,simclr,44,selfcon_probe,12,0.0008247240241650918,0.0007938926261462365,0.2789648427786607,0.652604509369462,0.2789648427786607,0.652604509369462,,,120,83,4,3,0,0.6942,0.8006,0.8485,0.54,0.549,0.6667
selfcon__simclr__s44,selfcon,simclr,44,selfcon_probe,13,0.0007938926261462365,0.0007612492823579742,0.28005731744761225,0.6467153154717362,0.28005731744761225,0.6467153154717362,,,120,83,4,3,0,0.7142,0.8042,0.8485,0.58,0.5714,0.6829
selfcon__simclr__s44,selfcon,simclr,44,selfcon_probe,14,0.0007612492823579742,0.0007269952498697732,0.272186698362628,0.6455560684002927,0.272186698362628,0.6455560684002927,,,120,83,4,3,0,0.7142,0.8061,0.8485,0.58,0.5714,0.6829
selfcon__simclr__s44,selfcon,simclr,44,selfcon_probe,15,0.0007269952498697732,0.0006913417161825447,0.27344220574379685,0.6500233290500024,0.27344220574379685,0.6500233290500024,,,120,83,4,3,0,0.6942,0.8073,0.8485,0.54,0.549,0.6667
selfcon__simclr__s44,selfcon,simclr,44,selfcon_probe,16,0.0006913417161825447,0.0006545084971874736,0.2650183269256021,0.649918101820832,0.2650183269256021,0.649918101820832,,,120,83,4,3,0,0.6942,0.8079,0.8485,0.54,0.549,0.6667
selfcon__simclr__s44,selfcon,simclr,44,selfcon_probe,17,0.0006545084971874736,0.0006167226819279527,0.2662262471486964,0.6481041484104928,0.2662262471486964,0.6481041484104928,,,120,83,4,3,0,0.6942,0.8073,0.8485,0.54,0.549,0.6667
selfcon__simclr__s44,selfcon,simclr,44,selfcon_probe,18,0.0006167226819279527,0.0005782172325201154,0.25303379410488835,0.648201467143678,0.25303379410488835,0.648201467143678,,,120,83,4,3,0,0.7142,0.8073,0.8485,0.58,0.5714,0.6829
selfcon__simclr__s44,selfcon,simclr,44,selfcon_probe,19,0.0005782172325201154,0.0005392295478639224,0.2486102561412172,0.6464596861501549,0.2486102561412172,0.6464596861501549,,,120,83,4,3,0,0.7242,0.8079,0.8485,0.6,0.5833,0.6914
supcon__stacked_randaug__s42,supcon,stacked_randaug,42,contrastive,1,0.0005,0.0004996573836886434,4.654196039835612,4.2161940494215635,4.654196039835612,4.2161940494215635,,,240,166,4,3,0,,,,,,
supcon__stacked_randaug__s42,supcon,stacked_randaug,42,contrastive,2,0.0004996573836886434,0.0004986304738420682,4.188543017705282,4.079593704407474,4.188543017705282,4.079593704407474,,,240,166,4,3,0,,,,,,
supcon__stacked_randaug__s42,supcon,stacked_randaug,42,contrastive,3,0.0004986304738420682,0.0004969220851487844,4.040963077545166,4.106193097240953,4.040963077545166,4.106193097240953,,,240,166,4,3,0,,,,,,
supcon__stacked_randaug__s42,supcon,stacked_randaug,42,contrastive,4,0.0004969220851487844,0.0004945369001834514,3.9191429138183596,4.050144517278096,3.9191429138183596,4.050144517278096,,,240,166,4,3,0,,,,,,
supcon__stacked_randaug__s42,supcon,stacked_randaug,42,contrastive,5,0.0004945369001834514,0.0004914814565722671,3.8624915440877277,4.164768980210086,3.8624915440877277,4.164768980210086,,,240,166,4,3,0,,,,,,
supcon__stacked_randaug__s42,supcon,stacked_randaug,42,contrastive,6,0.0004914814565722671,0.00048776412907378846,3.9093545277913413,4.212438000253885,3.9093545277913413,4.212438000253885,,,240,166,4,3,0,,,,,,
supcon__stacked_randaug__s42,supcon,stacked_randaug,42,contrastive,7,0.00048776412907378846,0.00048339510662430044,3.8906238079071045,4.076935371720647,3.8906238079071045,4.076935371720647,,,240,166,4,3,0,,,,,,
supcon__stacked_randaug__s42,supcon,stacked_randaug,42,contrastive,8,0.00048339510662430044,0.0004783863644106502,3.81387144724528,4.025868051023369,3.81387144724528,4.025868051023369,,,240,166,4,3,0,,,,,,
supcon__stacked_randaug__s42,supcon,stacked_randaug,42,contrastive,9,0.0004783863644106502,0.00047275163104709196,3.9191478888193765,4.035524486059166,3.9191478888193765,4.035524486059166,,,240,166,4,3,0,,,,,,
supcon__stacked_randaug__s42,supcon,stacked_randaug,42,contrastive,10,0.00047275163104709196,0.00046650635094610973,3.8960142135620117,4.184107860886907,3.8960142135620117,4.184107860886907,,,240,166,4,3,0,,,,,,
supcon__stacked_randaug__s42,supcon,stacked_randaug,42,contrastive,11,0.00046650635094610973,0.00045966764198635603,3.861183993021647,3.976327657699585,3.861183993021647,3.976327657699585,,,240,166,4,3,0,,,,,,
supcon__stacked_randaug__s42,supcon,stacked_randaug,42,contrastive,12,0.00045966764198635603,0.0004522542485937369,3.798281987508138,4.050562643143068,3.798281987508138,4.050562643143068,,,240,166,4,3,0,,,,,,
supcon__stacked_randaug__s42,supcon,stacked_randaug,42,contrastive,13,0.0004522542485937369,0.00044428649036424276,3.7537358601888022,4.1092897208340196,3.7537358601888022,4.1092897208340196,,,240,166,4,3,0,,,,,,
supcon__stacked_randaug__s42,supcon,stacked_randaug,42,contrastive,14,0.00044428649036424276,0.0004357862063693486,3.8216011047363283,4.219559784395149,3.8216011047363283,4.219559784395149,,,240,166,4,3,0,,,,,,
supcon__stacked_randaug__s42,supcon,stacked_randaug,42,contrastive,15,0.0004357862063693486,0.00042677669529663696,3.7700775146484373,4.171111187302922,3.7700775146484373,4.171111187302922,,,240,166,4,3,0,,,,,,
supcon__stacked_randaug__s42,supcon,stacked_randaug,42,contrastive,16,0.00042677669529663696,0.0004172826515897146,3.738351329167684,4.150046371551881,3.738351329167684,4.150046371551881,,,240,166,4,3,0,,,,,,
supcon__stacked_randaug__s42,supcon,stacked_randaug,42,contrastive,17,0.0004172826515897146,0.0004073300977624594,3.717215315500895,4.10786475043699,3.717215315500895,4.10786475043699,,,240,166,4,3,0,,,,,,
supcon__stacked_randaug__s42,supcon,stacked_randaug,42,contrastive,18,0.0004073300977624594,0.0003969463130731183,3.669972578684489,4.130802875541779,3.669972578684489,4.130802875541779,,,240,166,4,3,0,,,,,,
supcon__stacked_randaug__s42,supcon,stacked_randaug,42,contrastive,19,0.0003969463130731183,0.0003861597587537568,3.7320205211639403,4.2743876296353625,3.7320205211639403,4.2743876296353625,,,240,166,4,3,0,,,,,,
supcon__stacked_randaug__s42,supcon,stacked_randaug,42,contrastive,20,0.0003861597587537568,0.000375,3.6931758562723798,4.21339237259095,3.6931758562723798,4.21339237259095,,,240,166,4,3,0,,,,,,
supcon__stacked_randaug__s42,supcon,stacked_randaug,42,contrastive,21,0.000375,0.00036349762493488667,3.7138593037923178,4.165201583540584,3.7138593037923178,4.165201583540584,,,240,166,4,3,0,,,,,,
supcon__stacked_randaug__s42,supcon,stacked_randaug,42,contrastive,22,0.00036349762493488667,0.0003516841607689501,3.7278620560963946,4.076161743646645,3.7278620560963946,4.076161743646645,,,240,166,4,3,0,,,,,,
supcon__stacked_randaug__s42,supcon,stacked_randaug,42,contrastive,23,0.0003516841607689501,0.00033959198738632514,3.7462007204691568,4.146593556346663,3.7462007204691568,4.146593556346663,,,240,166,4,3,0,,,,,,
supcon__stacked_randaug__s42,supcon,stacked_randaug,42,contrastive,24,0.00033959198738632514,0.00032725424859373687,3.71481777826945,4.055414156741406,3.71481777826945,4.055414156741406,,,240,166,4,3,0,,,,,,
supcon__stacked_randaug__s42,supcon,stacked_randaug,42,contrastive,25,0.00032725424859373687,0.00031470476127563017,3.675210777918498,4.025155225432063,3.675210777918498,4.025155225432063,,,240,166,4,3,0,,,,,,
supcon__stacked_randaug__s42,supcon,stacked_randaug,42,contrastive,26,0.00031470476127563017,0.00030197792270443975,3.727519639333089,4.082981784659696,3.727519639333089,4.082981784659696,,,240,166,4,3,0,,,,,,
supcon__stacked_randaug__s42,supcon,stacked_randaug,42,contrastive,27,0.00030197792270443975,0.0002891086162600577,3.745666440327962,4.02981704688934,3.745666440327962,4.02981704688934,,,240,166,4,3,0,,,,,,
supcon__stacked_randaug__s42,supcon,stacked_randaug,42,contrastive,28,0.0002891086162600577,0.00027613211581691336,3.711342175801595,4.016308333500322,3.711342175801595,4.016308333500322,,,240,166,4,3,0,,,,,,
supcon__stacked_randaug__s42,supcon,stacked_randaug,42,contrastive,29,0.00027613211581691336,0.00026308398906073593,3.600339396794637,4.092078878218869,3.600339396794637,4.092078878218869,,,240,166,4,3,0,,,,,,
supcon__stacked_randaug__s42,supcon,stacked_randaug,42,contrastive,30,0.00026308398906073593,0.00025000000000000006,3.6800225575764975,4.116138489849596,3.6800225575764975,4.116138489849596,,,240,166,4,3,0,,,,,,
supcon__stacked_randaug__s42,supcon,stacked_randaug,42,contrastive,31,0.00025000000000000006,0.00023691601093926408,3.6141273816426596,4.160991562418191,3.6141273816426596,4.160991562418191,,,240,166,4,3,0,,,,,,
supcon__stacked_randaug__s42,supcon,stacked_randaug,42,contrastive,32,0.00023691601093926408,0.00022386788418308668,3.6040271759033202,4.238322114369955,3.6040271759033202,4.238322114369955,,,240,166,4,3,0,,,,,,
supcon__stacked_randaug__s42,supcon,stacked_randaug,42,contrastive,33,0.00022386788418308668,0.0002108913837399423,3.628688907623291,4.11617930538683,3.628688907623291,4.11617930538683,,,240,166,4,3,0,,,,,,
supcon__stacked_randaug__s42,supcon,stacked_randaug,42,contrastive,34,0.0002108913837399423,0.00019802207729556018,3.5913718541463218,4.146153243191271,3.5913718541463218,4.146153243191271,,,240,166,4,3,0,,,,,,
supcon__stacked_randaug__s42,supcon,stacked_randaug,42,contrastive,35,0.00019802207729556018,0.00018529523872436987,3.695090389251709,4.168820835021605,3.695090389251709,4.168820835021605,,,240,166,4,3,0,,,,,,
supcon__stacked_randaug__s42,supcon,stacked_randaug,42,contrastive,36,0.00018529523872436987,0.0001727457514062632,3.5963658650716144,4.179162134607155,3.5963658650716144,4.179162134607155,,,240,166,4,3,0,,,,,,
supcon__stacked_randaug__s42,supcon,stacked_randaug,42,contrastive,37,0.0001727457514062632,0.00016040801261367496,3.6440897782643638,4.255129113254777,3.6440897782643638,4.255129113254777,,,240,166,4,3,0,,,,,,
supcon__stacked_randaug__s42,supcon,stacked_randaug,42,contrastive,38,0.00016040801261367496,0.00014831583923105,3.5920700232187905,4.235951877502074,3.5920700232187905,4.235951877502074,,,240,166,4,3,0,,,,,,
supcon__stacked_randaug__s42,supcon,stacked_randaug,42,contrastive,39,0.00014831583923105,0.00013650237506511334,3.5366386572519937,4.2161929664841615,3.5366386572519937,4.2161929664841615,,,240,166,4,3,0,,,,,,
supcon__stacked_randaug__s42,supcon,stacked_randaug,42,contrastive,40,0.00013650237506511334,0.00012500000000000008,3.510331932703654,4.252457693398717,3.510331932703654,4.252457693398717,,,240,166,4,3,0,,,,,,
supcon__stacked_randaug__s42,supcon,stacked_randaug,42,contrastive,41,0.00012500000000000008,0.00011384024124624333,3.6218640327453615,4.303993615759424,3.6218640327453615,4.303993615759424,,,240,166,4,3,0,,,,,,
supcon__stacked_randaug__s42,supcon,stacked_randaug,42,contrastive,42,0.00011384024124624333,0.00010305368692688177,3.7157676378885904,4.275547877851739,3.7157676378885904,4.275547877851739,,,240,166,4,3,0,,,,,,
supcon__stacked_randaug__s42,supcon,stacked_randaug,42,contrastive,43,0.00010305368692688177,9.26699022375407e-05,3.5097917238871257,4.237453477928438,3.5097917238871257,4.237453477928438,,,240,166,4,3,0,,,,,,
supcon__stacked_randaug__s42,supcon,stacked_randaug,42,contrastive,44,9.26699022375407e-05,8.271734841028555e-05,3.542583179473877,4.228403085685638,3.542583179473877,4.228403085685638,,,240,166,4,3,0,,,,,,
supcon__stacked_randaug__s42,supcon,stacked_randaug,42,contrastive,45,8.271734841028555e-05,7.322330470336315e-05,3.532192262013753,4.191058500703559,3.532192262013753,4.191058500703559,,,240,166,4,3,0,,,,,,
supcon__stacked_randaug__s42,supcon,stacked_randaug,42,contrastive,46,7.322330470336315e-05,6.421379363065149e-05,3.5696916739145914,4.206763405397714,3.5696916739145914,4.206763405397714,,,240,166,4,3,0,,,,,,
supcon__stacked_randaug__s42,supcon,stacked_randaug,42,contrastive,47,6.421379363065149e-05,5.5713509635757295e-05,3.550035301844279,4.225382695715111,3.550035301844279,4.225382695715111,,,240,166,4,3,0,,,,,,
supcon__stacked_randaug__s42,supcon,stacked_randaug,42,contrastive,48,5.5713509635757295e-05,4.774575140626318e-05,3.603853940963745,4.221923615559038,3.603853940963745,4.221923615559038,,,240,166,4,3,0,,,,,,
supcon__stacked_randaug__s42,supcon,stacked_randaug,42,contrastive,49,4.774575140626318e-05,4.0332358013644026e-05,3.5177047729492186,4.203006543308856,3.5177047729492186,4.203006543308856,,,240,166,4,3,0,,,,,,
supcon__stacked_randaug__s42,supcon,stacked_randaug,42,contrastive,50,4.0332358013644026e-05,3.349364905389033e-05,3.5619030634562177,4.212461712848709,3.5619030634562177,4.212461712848709,,,240,166,4,3,0,,,,,,
supcon__stacked_randaug__s42,supcon,stacked_randaug,42,contrastive,51,3.349364905389033e-05,2.724836895290806e-05,3.527284256617228,4.207653964858458,3.527284256617228,4.207653964858458,,,240,166,4,3,0,,,,,,
supcon__stacked_randaug__s42,supcon,stacked_randaug,42,contrastive,52,2.724836895290806e-05,2.161363558934976e-05,3.5570998509724934,4.200398812811058,3.5570998509724934,4.200398812811058,,,240,166,4,3,0,,,,,,
supcon__stacked_randaug__s42,supcon,stacked_randaug,42,contrastive,53,2.161363558934976e-05,1.6604893375699568e-05,3.511488850911458,4.2013968559632815,3.511488850911458,4.2013968559632815,,,240,166,4,3,0,,,,,,
supcon__stacked_randaug__s42,supcon,stacked_randaug,42,contrastive,54,1.6604893375699568e-05,1.2235870926211619e-05,3.645397758483887,4.210210156727986,3.645397758483887,4.210210156727986,,,240,166,4,3,0,,,,,,
supcon__stacked_randaug__s42,supcon,stacked_randaug,42,contrastive,55,1.2235870926211619e-05,8.518543427732923e-06,3.601066557566325,4.203187224376633,3.601066557566325,4.203187224376633,,,240,166,4,3,0,,,,,,
supcon__stacked_randaug__s42,supcon,stacked_randaug,42,contrastive,56,8.518543427732923e-06,5.463099816548579e-06,3.549042844772339,4.1902733710875,3.549042844772339,4.1902733710875,,,240,166,4,3,0,,,,,,
supcon__stacked_randaug__s42,supcon,stacked_randaug,42,contrastive,57,5.463099816548579e-06,3.077914851215586e-06,3.537988615036011,4.184105890342988,3.537988615036011,4.184105890342988,,,240,166,4,3,0,,,,,,
supcon__stacked_randaug__s42,supcon,stacked_randaug,42,contrastive,58,3.077914851215586e-06,1.3695261579316502e-06,3.4677708943684897,4.179830907339073,3.4677708943684897,4.179830907339073,,,240,166,4,3,0,,,,,,
supcon__stacked_randaug__s42,supcon,stacked_randaug,42,contrastive,59,1.3695261579316502e-06,3.4261631135654184e-07,3.499039347966512,4.19239218263741,3.499039347966512,4.19239218263741,,,240,166,4,3,0,,,,,,
supcon__stacked_randaug__s42,supcon,stacked_randaug,42,contrastive,60,3.4261631135654184e-07,0.0,3.518140681584676,4.186542746532394,3.518140681584676,4.186542746532394,,,240,166,4,3,0,,,,,,
supcon__stacked_randaug__s42,supcon,stacked_randaug,42,supcon_probe,1,0.001,0.000998458666866564,0.5034147782592091,0.5329546741164165,0.5034147782592091,0.5329546741164165,,,120,83,4,3,0,0.7191,0.8212,0.8182,0.62,0.587,0.6835
supcon__stacked_randaug__s42,supcon,stacked_randaug,42,supcon_probe,2,0.000998458666866564,0.0009938441702975688,0.140281874436739,0.5974915278183298,0.140281874436739,0.5974915278183298,,,120,83,4,3,0,0.7591,0.8358,0.8182,0.7,0.6429,0.72
supcon__stacked_randaug__s42,supcon,stacked_randaug,42,supcon_probe,3,0.0009938441702975688,0.0009861849601988382,0.05365879309686451,0.6736912998164228,0.05365879309686451,0.6736912998164228,,,120,83,4,3,0,0.7539,0.8376,0.7879,0.72,0.65,0.7123
supcon__stacked_randaug__s42,supcon,stacked_randaug,42,supcon_probe,4,0.0009861849601988382,0.0009755282581475767,0.019491350794497937,0.7493525508859906,0.019491350794497937,0.7493525508859906,,,120,83,4,3,0,0.7588,0.8382,0.7576,0.76,0.6757,0.7143
supcon__stacked_randaug__s42,supcon,stacked_randaug,42,supcon_probe,5,0.0009755282581475767,0.0009619397662556432,0.01191851321423507,0.8126794039824448,0.01191851321423507,0.8126794039824448,,,120,83,4,3,0,0.7688,0.8382,0.7576,0.78,0.6944,0.7246
supcon__stacked_randaug__s42,supcon,stacked_randaug,42,supcon_probe,6,0.0009619397662556432,0.0009455032620941838,0.006998232808449345,0.8616942786690884,0.006998232808449345,0.8616942786690884,,,120,83,4,3,0,0.7688,0.8394,0.7576,0.78,0.6944,0.7246
supcon__stacked_randaug__s42,supcon,stacked_randaug,42,supcon_probe,7,0.0009455032620941838,0.000926320082177046,0.007631089330436713,0.8985609944912274,0.007631089330436713,0.8985609944912274,,,120,83,4,3,0,0.7788,0.8388,0.7576,0.8,0.7143,0.7353
supcon__stacked_randaug__s42,supcon,stacked_randaug,42,supcon_probe,8,0.000926320082177046,0.0009045084971874736,0.004958664388526032,0.92600437708809,0.004958664388526032,0.92600437708809,,,120,83,4,3,0,0.7788,0.8388,0.7576,0.8,0.7143,0.7353
supcon__stacked_randaug__s42,supcon,stacked_randaug,42,supcon_probe,9,0.0009045084971874736,0.0008802029828000154,0.004922454325611178,0.9467273185484503,0.004922454325611178,0.9467273185484503,,,120,83,4,3,0,0.7788,0.8394,0.7576,0.8,0.7143,0.7353
supcon__stacked_randaug__s42,supcon,stacked_randaug,42,supcon_probe,10,0.0008802029828000154,0.0008535533905932736,0.0033408163490397844,0.96169571979322,0.0033408163490397844,0.96169571979322,,,120,83,4,3,0,0.7788,0.8406,0.7576,0.8,0.7143,0.7353
supcon__stacked_randaug__s42,supcon,stacked_randaug,42,supcon_probe,11,0.0008535533905932736,0.0008247240241650918,0.003547905282507727,0.972631301960137,0.003547905282507727,0.972631301960137,,,120,83,4,3,0,0.7788,0.8406,0.7576,0.8,0.7143,0.7353
supcon__stacked_randaug__s42,supcon,stacked_randaug,42,supcon_probe,12,0.0008247240241650918,0.0007938926261462365,0.0033731562337189764,0.980548221725103,0.0033731562337189764,0.980548221725103,,,120,83,4,3,0,0.7788,0.8406,0.7576,0.8,0.7143,0.7353
supcon__stacked_randaug__s42,supcon,stacked_randaug,42,supcon_probe,13,0.0007938926261462365,0.0007612492823579742,0.003623203769092689,0.9858647123751368,0.003623203769092689,0.9858647123751368,,,120,83,4,3,0,0.7788,0.8412,0.7576,0.8,0.7143,0.7353
supcon__stacked_randaug__s42,supcon,stacked_randaug,42,supcon_probe,14,0.0007612492823579742,0.0007269952498697732,0.004105349483947454,0.9905666627268144,0.004105349483947454,0.9905666627268144,,,120,83,4,3,0,0.7788,0.8412,0.7576,0.8,0.7143,0.7353
supcon__stacked_randaug__s42,supcon,stacked_randaug,42,supcon_probe,15,0.0007269952498697732,0.0006913417161825447,0.004213880339551336,0.9948990596196079,0.004213880339551336,0.9948990596196079,,,120,83,4,3,0,0.7788,0.8412,0.7576,0.8,0.7143,0.7353
supcon__stacked_randaug__s42,supcon,stacked_randaug,42,supcon_probe,16,0.0006913417161825447,0.0006545084971874736,0.0033780015598650665,0.9979242158490154,0.0033780015598650665,0.9979242158490154,,,120,83,4,3,0,0.7788,0.8412,0.7576,0.8,0.7143,0.7353
supcon__stacked_randaug__s42,supcon,stacked_randaug,42,supcon_probe,17,0.0006545084971874736,0.0006167226819279527,0.0047805696706791564,1.0012550569018677,0.0047805696706791564,1.0012550569018677,,,120,83,4,3,0,0.7788,0.8412,0.7576,0.8,0.7143,0.7353
supcon__stacked_randaug__s42,supcon,stacked_randaug,42,supcon_probe,18,0.0006167226819279527,0.0005782172325201154,0.0036256635642893647,1.0046233840592083,0.0036256635642893647,1.0046233840592083,,,120,83,4,3,0,0.7788,0.8412,0.7576,0.8,0.7143,0.7353
supcon__stacked_randaug__s42,supcon,stacked_randaug,42,supcon_probe,19,0.0005782172325201154,0.0005392295478639224,0.003291292741772505,1.0075909675644437,0.003291292741772505,1.0075909675644437,,,120,83,4,3,0,0.7788,0.8406,0.7576,0.8,0.7143,0.7353
supcon__stacked_randaug__s42,supcon,stacked_randaug,42,supcon_probe,20,0.0005392295478639224,0.0004999999999999999,0.001989071617671125,1.010576120005456,0.001989071617671125,1.010576120005456,,,120,83,4,3,0,0.7788,0.8406,0.7576,0.8,0.7143,0.7353
supcon__stacked_randaug__s42,supcon,stacked_randaug,42,supcon_probe,21,0.0004999999999999999,0.0004607704521360775,0.00360097306204723,1.0137098175499526,0.00360097306204723,1.0137098175499526,,,120,83,4,3,0,0.7788,0.84,0.7576,0.8,0.7143,0.7353
supcon__stacked_randaug__s42,supcon,stacked_randaug,42,supcon_probe,22,0.0004607704521360775,0.0004217827674798846,0.0028997087305415964,1.0165234489889854,0.0028997087305415964,1.0165234489889854,,,120,83,4,3,0,0.7788,0.84,0.7576,0.8,0.7143,0.7353
supcon__stacked_randaug__s42,supcon,stacked_randaug,42,supcon_probe,23,0.0004217827674798846,0.0003832773180720472,0.0026985700650149023,1.018549332681599,0.0026985700650149023,1.018549332681599,,,120,83,4,3,0,0.7788,0.84,0.7576,0.8,0.7143,0.7353
supcon__stacked_randaug__s42,supcon,stacked_randaug,42,supcon_probe,24,0.0003832773180720472,0.0003454915028125262,0.002944609838491315,1.0203926030352952,0.002944609838491315,1.0203926030352952,,,120,83,4,3,0,0.7788,0.84,0.7576,0.8,0.7143,0.7353
supcon__stacked_randaug__s42,supcon,stacked_randaug,42,supcon_probe,25,0.0003454915028125262,0.00030865828381745506,0.002808667768237142,1.0214593634224836,0.002808667768237142,1.0214593634224836,,,120,83,4,3,0,0.7788,0.84,0.7576,0.8,0.7143,0.7353
supcon__stacked_randaug__s42,supcon,stacked_randaug,42,supcon_probe,26,0.00030865828381745506,0.0002730047501302265,0.003104029475973975,1.0228106489351987,0.003104029475973975,1.0228106489351987,,,120,83,4,3,0,0.7788,0.84,0.7576,0.8,0.7143,0.7353
supcon__stacked_randaug__s42,supcon,stacked_randaug,42,supcon_probe,27,0.0002730047501302265,0.0002387507176420255,0.0026393975576692904,1.0238047362183056,0.0026393975576692904,1.0238047362183056,,,120,83,4,3,0,0.7788,0.84,0.7576,0.8,0.7143,0.7353
supcon__stacked_randaug__s42,supcon,stacked_randaug,42,supcon_probe,28,0.0002387507176420255,0.0002061073738537634,0.002841908288862416,1.024435596746517,0.002841908288862416,1.024435596746517,,,120,83,4,3,0,0.7788,0.84,0.7576,0.8,0.7143,0.7353
supcon__stacked_randaug__s43,supcon,stacked_randaug,43,contrastive,1,0.0005,0.0004996573836886434,4.754015922546387,4.194075641861881,4.754015922546387,4.194075641861881,,,240,166,4,3,0,,,,,,
supcon__stacked_randaug__s43,supcon,stacked_randaug,43,contrastive,2,0.0004996573836886434,0.0004986304738420682,4.133496236801148,4.131190679159509,4.133496236801148,4.131190679159509,,,240,166,4,3,0,,,,,,
supcon__stacked_randaug__s43,supcon,stacked_randaug,43,contrastive,3,0.0004986304738420682,0.0004969220851487844,4.0065047899882,4.083579948149532,4.0065047899882,4.083579948149532,,,240,166,4,3,0,,,,,,
supcon__stacked_randaug__s43,supcon,stacked_randaug,43,contrastive,4,0.0004969220851487844,0.0004945369001834514,3.9656956513722736,4.149448908955218,3.9656956513722736,4.149448908955218,,,240,166,4,3,0,,,,,,
supcon__stacked_randaug__s43,supcon,stacked_randaug,43,contrastive,5,0.0004945369001834514,0.0004914814565722671,3.9251168886820476,4.105947839208396,3.9251168886820476,4.105947839208396,,,240,166,4,3,0,,,,,,
supcon__stacked_randaug__s43,supcon,stacked_randaug,43,contrastive,6,0.0004914814565722671,0.00048776412907378846,3.907049560546875,4.150310125695654,3.907049560546875,4.150310125695654,,,240,166,4,3,0,,,,,,
supcon__stacked_randaug__s43,supcon,stacked_randaug,43,contrastive,7,0.00048776412907378846,0.00048339510662430044,3.918428389231364,4.126797136053981,3.918428389231364,4.126797136053981,,,240,166,4,3,0,,,,,,
supcon__stacked_randaug__s43,supcon,stacked_randaug,43,contrastive,8,0.00048339510662430044,0.0004783863644106502,3.8348468780517577,4.064934411680842,3.8348468780517577,4.064934411680842,,,240,166,4,3,0,,,,,,
supcon__stacked_randaug__s43,supcon,stacked_randaug,43,contrastive,9,0.0004783863644106502,0.00047275163104709196,3.8921729723612466,4.175581978028079,3.8921729723612466,4.175581978028079,,,240,166,4,3,0,,,,,,
supcon__stacked_randaug__s43,supcon,stacked_randaug,43,contrastive,10,0.00047275163104709196,0.00046650635094610973,3.872450844446818,4.103137205882245,3.872450844446818,4.103137205882245,,,240,166,4,3,0,,,,,,
supcon__stacked_randaug__s43,supcon,stacked_randaug,43,contrastive,11,0.00046650635094610973,0.00045966764198635603,3.816988404591878,4.100911419075656,3.816988404591878,4.100911419075656,,,240,166,4,3,0,,,,,,
supcon__stacked_randaug__s43,supcon,stacked_randaug,43,contrastive,12,0.00045966764198635603,0.0004522542485937369,3.7583136558532715,4.153292535299278,3.7583136558532715,4.153292535299278,,,240,166,4,3,0,,,,,,
supcon__stacked_randaug__s43,supcon,stacked_randaug,43,contrastive,13,0.0004522542485937369,0.00044428649036424276,3.869891818364461,4.1658669092569,3.869891818364461,4.1658669092569,,,240,166,4,3,0,,,,,,
supcon__stacked_randaug__s43,supcon,stacked_randaug,43,contrastive,14,0.00044428649036424276,0.0004357862063693486,3.7501497427622477,4.137075564947473,3.7501497427622477,4.137075564947473,,,240,166,4,3,0,,,,,,
supcon__stacked_randaug__s43,supcon,stacked_randaug,43,contrastive,15,0.0004357862063693486,0.00042677669529663696,3.801900625228882,4.103447319513344,3.801900625228882,4.103447319513344,,,240,166,4,3,0,,,,,,
supcon__stacked_randaug__s43,supcon,stacked_randaug,43,contrastive,16,0.00042677669529663696,0.0004172826515897146,3.7816089312235515,4.12378370905497,3.7816089312235515,4.12378370905497,,,240,166,4,3,0,,,,,,
supcon__stacked_randaug__s43,supcon,stacked_randaug,43,contrastive,17,0.0004172826515897146,0.0004073300977624594,3.741891558965047,4.198449933385274,3.741891558965047,4.198449933385274,,,240,166,4,3,0,,,,,,
supcon__stacked_randaug__s43,supcon,stacked_randaug,43,contrastive,18,0.0004073300977624594,0.0003969463130731183,3.7951348304748533,4.196952934724739,3.7951348304748533,4.196952934724739,,,240,166,4,3,0,,,,,,
supcon__stacked_randaug__s43,supcon,stacked_randaug,43,contrastive,19,0.0003969463130731183,0.0003861597587537568,3.833794053395589,4.204194321689836,3.833794053395589,4.204194321689836,,,240,166,4,3,0,,,,,,
supcon__stacked_randaug__s43,supcon,stacked_randaug,43,contrastive,20,0.0003861597587537568,0.000375,3.718642552693685,4.240070966352899,3.718642552693685,4.240070966352899,,,240,166,4,3,0,,,,,,
supcon__stacked_randaug__s43,supcon,stacked_randaug,43,contrastive,21,0.000375,0.00036349762493488667,3.873316017786662,4.198439652661243,3.873316017786662,4.198439652661243,,,240,166,4,3,0,,,,,,
supcon__stacked_randaug__s43,supcon,stacked_randaug,43,contrastive,22,0.00036349762493488667,0.0003516841607689501,3.7832557201385497,4.093912340072264,3.7832557201385497,4.093912340072264,,,240,166,4,3,0,,,,,,
supcon__stacked_randaug__s43,supcon,stacked_randaug,43,contrastive,23,0.0003516841607689501,0.00033959198738632514,3.803529898325602,4.08154005889433,3.803529898325602,4.08154005889433,,,240,166,4,3,0,,,,,,
supcon__stacked_randaug__s43,supcon,stacked_randaug,43,contrastive,24,0.00033959198738632514,0.00032725424859373687,3.7614622910817466,4.042906818619693,3.7614622910817466,4.042906818619693,,,240,166,4,3,0,,,,,,
supcon__stacked_randaug__s43,supcon,stacked_randaug,43,contrastive,25,0.00032725424859373687,0.00031470476127563017,3.6546545028686523,4.124943931418729,3.6546545028686523,4.124943931418729,,,240,166,4,3,0,,,,,,
supcon__stacked_randaug__s43,supcon,stacked_randaug,43,contrastive,26,0.00031470476127563017,0.00030197792270443975,3.6849036534627277,4.187600911381733,3.6849036534627277,4.187600911381733,,,240,166,4,3,0,,,,,,
supcon__stacked_randaug__s43,supcon,stacked_randaug,43,contrastive,27,0.00030197792270443975,0.0002891086162600577,3.6626899878184003,4.137166428278728,3.6626899878184003,4.137166428278728,,,240,166,4,3,0,,,,,,
supcon__stacked_randaug__s43,supcon,stacked_randaug,43,contrastive,28,0.0002891086162600577,0.00027613211581691336,3.7243702888488768,4.255996629416225,3.7243702888488768,4.255996629416225,,,240,166,4,3,0,,,,,,
supcon__stacked_randaug__s43,supcon,stacked_randaug,43,contrastive,29,0.00027613211581691336,0.00026308398906073593,3.6900399684906007,4.300775619874518,3.6900399684906007,4.300775619874518,,,240,166,4,3,0,,,,,,
supcon__stacked_randaug__s43,supcon,stacked_randaug,43,contrastive,30,0.00026308398906073593,0.00025000000000000006,3.6406030654907227,4.279821792280818,3.6406030654907227,4.279821792280818,,,240,166,4,3,0,,,,,,
supcon__stacked_randaug__s43,supcon,stacked_randaug,43,contrastive,31,0.00025000000000000006,0.00023691601093926408,3.819729518890381,4.101701228015394,3.819729518890381,4.101701228015394,,,240,166,4,3,0,,,,,,
supcon__stacked_randaug__s43,supcon,stacked_randaug,43,contrastive,32,0.00023691601093926408,0.00022386788418308668,3.695979913075765,4.0484049377671205,3.695979913075765,4.0484049377671205,,,240,166,4,3,0,,,,,,
supcon__stacked_randaug__s43,supcon,stacked_randaug,43,contrastive,33,0.00022386788418308668,0.0002108913837399423,3.5817996660868325,4.151353876274753,3.5817996660868325,4.151353876274753,,,240,166,4,3,0,,,,,,
supcon__stacked_randaug__s43,supcon,stacked_randaug,43,contrastive,34,0.0002108913837399423,0.00019802207729556018,3.6473440329233804,4.279712533376303,3.6473440329233804,4.279712533376303,,,240,166,4,3,0,,,,,,
supcon__stacked_randaug__s43,supcon,stacked_randaug,43,contrastive,35,0.00019802207729556018,0.00018529523872436987,3.6887091318766276,4.317599468920604,3.6887091318766276,4.317599468920604,,,240,166,4,3,0,,,,,,
supcon__stacked_randaug__s43,supcon,stacked_randaug,43,contrastive,36,0.00018529523872436987,0.0001727457514062632,3.60104554494222,4.291369673717453,3.60104554494222,4.291369673717453,,,240,166,4,3,0,,,,,,
supcon__stacked_randaug__s43,supcon,stacked_randaug,43,contrastive,37,0.0001727457514062632,0.00016040801261367496,3.5533882300059,4.308224942310747,3.5533882300059,4.308224942310747,,,240,166,4,3,0,,,,,,
supcon__stacked_randaug__s43,supcon,stacked_randaug,43,contrastive,38,0.00016040801261367496,0.00014831583923105,3.6625574111938475,4.332614818251277,3.6625574111938475,4.332614818251277,,,240,166,4,3,0,,,,,,
supcon__stacked_randaug__s43,supcon,stacked_randaug,43,contrastive,39,0.00014831583923105,0.00013650237506511334,3.6372215588887533,4.2804920816996015,3.6372215588887533,4.2804920816996015,,,240,166,4,3,0,,,,,,
supcon__stacked_randaug__s43,supcon,stacked_randaug,43,contrastive,40,0.00013650237506511334,0.00012500000000000008,3.586645984649658,4.237863414258842,3.586645984649658,4.237863414258842,,,240,166,4,3,0,,,,,,
supcon__stacked_randaug__s43,supcon,stacked_randaug,43,contrastive,41,0.00012500000000000008,0.00011384024124624333,3.5680085023244223,4.242456645850676,3.5680085023244223,4.242456645850676,,,240,166,4,3,0,,,,,,
supcon__stacked_randaug__s43,supcon,stacked_randaug,43,contrastive,42,0.00011384024124624333,0.00010305368692688177,3.5635277112325032,4.304919811616461,3.5635277112325032,4.304919811616461,,,240,166,4,3,0,,,,,,
supcon__stacked_randaug__s43,supcon,stacked_randaug,43,contrastive,43,0.00010305368692688177,9.26699022375407e-05,3.663918940226237,4.29863094996257,3.663918940226237,4.29863094996257,,,240,166,4,3,0,,,,,,
supcon__stacked_randaug__s43,supcon,stacked_randaug,43,contrastive,44,9.26699022375407e-05,8.271734841028555e-05,3.5066203753153484,4.308581300528653,3.5066203753153484,4.308581300528653,,,240,166,4,3,0,,,,,,
supcon__stacked_randaug__s43,supcon,stacked_randaug,43,contrastive,45,8.271734841028555e-05,7.322330470336315e-05,3.616174650192261,4.292773355920631,3.616174650192261,4.292773355920631,,,240,166,4,3,0,,,,,,
supcon__stacked_randaug__s43,supcon,stacked_randaug,43,contrastive,46,7.322330470336315e-05,6.421379363065149e-05,3.530994002024333,4.271038968879056,3.530994002024333,4.271038968879056,,,240,166,4,3,0,,,,,,
supcon__stacked_randaug__s43,supcon,stacked_randaug,43,contrastive,47,6.421379363065149e-05,5.5713509635757295e-05,3.5762396017710367,4.278022915483957,3.5762396017710367,4.278022915483957,,,240,166,4,3,0,,,,,,
supcon__stacked_randaug__s43,supcon,stacked_randaug,43,contrastive,48,5.5713509635757295e-05,4.774575140626318e-05,3.593633937835693,4.2847447682576005,3.593633937835693,4.2847447682576005,,,240,166,4,3,0,,,,,,
supcon__stacked_randaug__s43,supcon,stacked_randaug,43,contrastive,49,4.774575140626318e-05,4.0332358013644026e-05,3.563697258631388,4.265218401529703,3.563697258631388,4.265218401529703,,,240,166,4,3,0,,,,,,
supcon__stacked_randaug__s43,supcon,stacked_randaug,43,contrastive,50,4.0332358013644026e-05,3.349364905389033e-05,3.5843902111053465,4.281905231705631,3.5843902111053465,4.281905231705631,,,240,166,4,3,0,,,,,,
supcon__stacked_randaug__s43,supcon,stacked_randaug,43,contrastive,51,3.349364905389033e-05,2.724836895290806e-05,3.655916611353556,4.2618323521441726,3.655916611353556,4.2618323521441726,,,240,166,4,3,0,,,,,,
supcon__stacked_randaug__s43,supcon,stacked_randaug,43,contrastive,52,2.724836895290806e-05,2.161363558934976e-05,3.533782227834066,4.243625480008412,3.533782227834066,4.243625480008412,,,240,166,4,3,0,,,,,,
supcon__stacked_randaug__s43,supcon,stacked_randaug,43,contrastive,53,2.161363558934976e-05,1.6604893375699568e-05,3.546692434946696,4.2332323717783735,3.546692434946696,4.2332323717783735,,,240,166,4,3,0,,,,,,
supcon__stacked_randaug__s43,supcon,stacked_randaug,43,contrastive,54,1.6604893375699568e-05,1.2235870926211619e-05,3.520765844980876,4.23788779040417,3.520765844980876,4.23788779040417,,,240,166,4,3,0,,,,,,
supcon__stacked_randaug__s43,supcon,stacked_randaug,43,contrastive,55,1.2235870926211619e-05,8.518543427732923e-06,3.5091248989105224,4.237407919872238,3.5091248989105224,4.237407919872238,,,240,166,4,3,0,,,,,,
supcon__stacked_randaug__s43,supcon,stacked_randaug,43,contrastive,56,8.518543427732923e-06,5.463099816548579e-06,3.5457982540130617,4.245250874255077,3.5457982540130617,4.245250874255077,,,240,166,4,3,0,,,,,,
supcon__stacked_randaug__s43,supcon,stacked_randaug,43,contrastive,57,5.463099816548579e-06,3.077914851215586e-06,3.536883513132731,4.2528416162513825,3.536883513132731,4.2528416162513825,,,240,166,4,3,0,,,,,,
supcon__stacked_randaug__s43,supcon,stacked_randaug,43,contrastive,58,3.077914851215586e-06,1.3695261579316502e-06,3.499081516265869,4.271128464894122,3.499081516265869,4.271128464894122,,,240,166,4,3,0,,,,,,
supcon__stacked_randaug__s43,supcon,stacked_randaug,43,contrastive,59,1.3695261579316502e-06,3.4261631135654184e-07,3.589851442972819,4.261978666466403,3.589851442972819,4.261978666466403,,,240,166,4,3,0,,,,,,
supcon__stacked_randaug__s43,supcon,stacked_randaug,43,contrastive,60,3.4261631135654184e-07,0.0,3.580491081873576,4.258840675813606,3.580491081873576,4.258840675813606,,,240,166,4,3,0,,,,,,
supcon__stacked_randaug__s43,supcon,stacked_randaug,43,supcon_probe,1,0.001,0.000998458666866564,0.789726089231641,0.49016810061020416,0.789726089231641,0.49016810061020416,,,120,83,4,3,0,0.7839,0.8442,0.7879,0.78,0.7027,0.7429
supcon__stacked_randaug__s43,supcon,stacked_randaug,43,supcon_probe,2,0.000998458666866564,0.0009938441702975688,0.21283441635076653,0.45850997415321765,0.21283441635076653,0.45850997415321765,,,120,83,4,3,0,0.8239,0.8709,0.7879,0.86,0.7879,0.7879
supcon__stacked_randaug__s43,supcon,stacked_randaug,43,supcon_probe,3,0.0009938441702975688,0.0009861849601988382,0.07622526583089483,0.5159263466161019,0.07622526583089483,0.5159263466161019,,,120,83,4,3,0,0.8391,0.8703,0.8182,0.86,0.7941,0.806
supcon__stacked_randaug__s43,supcon,stacked_randaug,43,supcon_probe,4,0.0009861849601988382,0.0009755282581475767,0.05008179041852658,0.5756995219695751,0.05008179041852658,0.5756995219695751,,,120,83,4,3,0,0.8391,0.8679,0.8182,0.86,0.7941,0.806
supcon__stacked_randaug__s43,supcon,stacked_randaug,43,supcon_probe,5,0.0009755282581475767,0.0009619397662556432,0.02075643444246355,0.625621810643472,0.02075643444246355,0.625621810643472,,,120,83,4,3,0,0.8391,0.8673,0.8182,0.86,0.7941,0.806
supcon__stacked_randaug__s43,supcon,stacked_randaug,43,supcon_probe,6,0.0009619397662556432,0.0009455032620941838,0.017284438054577397,0.6646011042601807,0.017284438054577397,0.6646011042601807,,,120,83,4,3,0,0.8391,0.8661,0.8182,0.86,0.7941,0.806
supcon__stacked_randaug__s43,supcon,stacked_randaug,43,supcon_probe,7,0.0009455032620941838,0.000926320082177046,0.012509976681404774,0.6949803807525393,0.012509976681404774,0.6949803807525393,,,120,83,4,3,0,0.8191,0.8655,0.8182,0.82,0.75,0.7826
supcon__stacked_randaug__s43,supcon,stacked_randaug,43,supcon_probe,8,0.000926320082177046,0.0009045084971874736,0.017317249422281654,0.7178910503848432,0.017317249422281654,0.7178910503848432,,,120,83,4,3,0,0.8191,0.8648,0.8182,0.82,0.75,0.7826
supcon__stacked_randaug__s43,supcon,stacked_randaug,43,supcon_probe,9,0.0009045084971874736,0.0008802029828000154,0.009857728116295721,0.7354600541198304,0.009857728116295721,0.7354600541198304,,,120,83,4,3,0,0.8191,0.8661,0.8182,0.82,0.75,0.7826
supcon__stacked_randaug__s43,supcon,stacked_randaug,43,supcon_probe,10,0.0008802029828000154,0.0008535533905932736,0.008771828823289538,0.7481728227832277,0.008771828823289538,0.7481728227832277,,,120,83,4,3,0,0.8191,0.8661,0.8182,0.82,0.75,0.7826
supcon__stacked_randaug__s43,supcon,stacked_randaug,43,supcon_probe,11,0.0008535533905932736,0.0008247240241650918,0.008732648064421705,0.7579009726586421,0.008732648064421705,0.7579009726586421,,,120,83,4,3,0,0.8191,0.8661,0.8182,0.82,0.75,0.7826
supcon__stacked_randaug__s43,supcon,stacked_randaug,43,supcon_probe,12,0.0008247240241650918,0.0007938926261462365,0.007217884518066213,0.7655888374575924,0.007217884518066213,0.7655888374575924,,,120,83,4,3,0,0.8191,0.8661,0.8182,0.82,0.75,0.7826
supcon__stacked_randaug__s43,supcon,stacked_randaug,43,supcon_probe,13,0.0007938926261462365,0.0007612492823579742,0.008809128178287695,0.7716927429481347,0.008809128178287695,0.7716927429481347,,,120,83,4,3,0,0.8191,0.8661,0.8182,0.82,0.75,0.7826
supcon__stacked_randaug__s43,supcon,stacked_randaug,43,supcon_probe,14,0.0007612492823579742,0.0007269952498697732,0.01162721937527833,0.7770579332284975,0.01162721937527833,0.7770579332284975,,,120,83,4,3,0,0.8191,0.8661,0.8182,0.82,0.75,0.7826
supcon__stacked_randaug__s43,supcon,stacked_randaug,43,supcon_probe,15,0.0007269952498697732,0.0006913417161825447,0.010282990701528459,0.7826269723439738,0.010282990701528459,0.7826269723439738,,,120,83,4,3,0,0.8191,0.8661,0.8182,0.82,0.75,0.7826
supcon__stacked_randaug__s43,supcon,stacked_randaug,43,supcon_probe,16,0.0006913417161825447,0.0006545084971874736,0.009377433064388022,0.7877598756626568,0.009377433064388022,0.7877598756626568,,,120,83,4,3,0,0.8191,0.8661,0.8182,0.82,0.75,0.7826
supcon__stacked_randaug__s43,supcon,stacked_randaug,43,supcon_probe,17,0.0006545084971874736,0.0006167226819279527,0.006762399993763151,0.7921218380227938,0.006762399993763151,0.7921218380227938,,,120,83,4,3,0,0.8091,0.8661,0.8182,0.8,0.7297,0.7714
supcon__stacked_randaug__s43,supcon,stacked_randaug,43,supcon_probe,18,0.0006167226819279527,0.0005782172325201154,0.010686647966662936,0.7959298717816222,0.010686647966662936,0.7959298717816222,,,120,83,4,3,0,0.8091,0.8661,0.8182,0.8,0.7297,0.7714
supcon__stacked_randaug__s44,supcon,stacked_randaug,44,contrastive,1,0.0005,0.0004996573836886434,4.598613484700521,4.149764491851071,4.598613484700521,4.149764491851071,,,240,166,4,3,0,,,,,,
supcon__stacked_randaug__s44,supcon,stacked_randaug,44,contrastive,2,0.0004996573836886434,0.0004986304738420682,4.114327637354533,4.073042272085167,4.114327637354533,4.073042272085167,,,240,166,4,3,0,,,,,,
supcon__stacked_randaug__s44,supcon,stacked_randaug,44,contrastive,3,0.0004986304738420682,0.0004969220851487844,4.049098666508993,4.061329292963786,4.049098666508993,4.061329292963786,,,240,166,4,3,0,,,,,,
supcon__stacked_randaug__s44,supcon,stacked_randaug,44,contrastive,4,0.0004969220851487844,0.0004945369001834514,3.930476013819377,4.039591249213161,3.930476013819377,4.039591249213161,,,240,166,4,3,0,,,,,,
supcon__stacked_randaug__s44,supcon,stacked_randaug,44,contrastive,5,0.0004945369001834514,0.0004914814565722671,3.980945348739624,4.057142590901938,3.980945348739624,4.057142590901938,,,240,166,4,3,0,,,,,,
supcon__stacked_randaug__s44,supcon,stacked_randaug,44,contrastive,6,0.0004914814565722671,0.00048776412907378846,3.941072177886963,4.0523627321404145,3.941072177886963,4.0523627321404145,,,240,166,4,3,0,,,,,,
supcon__stacked_randaug__s44,supcon,stacked_randaug,44,contrastive,7,0.00048776412907378846,0.00048339510662430044,3.9051267941792807,4.054579961730774,3.9051267941792807,4.054579961730774,,,240,166,4,3,0,,,,,,
supcon__stacked_randaug__s44,supcon,stacked_randaug,44,contrastive,8,0.00048339510662430044,0.0004783863644106502,3.854119396209717,4.014856011034494,3.854119396209717,4.014856011034494,,,240,166,4,3,0,,,,,,
supcon__stacked_randaug__s44,supcon,stacked_randaug,44,contrastive,9,0.0004783863644106502,0.00047275163104709196,3.7790552298227946,4.13891342174576,3.7790552298227946,4.13891342174576,,,240,166,4,3,0,,,,,,
supcon__stacked_randaug__s44,supcon,stacked_randaug,44,contrastive,10,0.00047275163104709196,0.00046650635094610973,3.772064145406087,4.15972199784704,3.772064145406087,4.15972199784704,,,240,166,4,3,0,,,,,,
supcon__stacked_randaug__s44,supcon,stacked_randaug,44,contrastive,11,0.00046650635094610973,0.00045966764198635603,3.8443562825520834,4.030875694320862,3.8443562825520834,4.030875694320862,,,240,166,4,3,0,,,,,,
supcon__stacked_randaug__s44,supcon,stacked_randaug,44,contrastive,12,0.00045966764198635603,0.0004522542485937369,3.819805081685384,4.093720786542778,3.819805081685384,4.093720786542778,,,240,166,4,3,0,,,,,,
supcon__stacked_randaug__s44,supcon,stacked_randaug,44,contrastive,13,0.0004522542485937369,0.00044428649036424276,3.7924460728963214,4.037360426891281,3.7924460728963214,4.037360426891281,,,240,166,4,3,0,,,,,,
supcon__stacked_randaug__s44,supcon,stacked_randaug,44,contrastive,14,0.00044428649036424276,0.0004357862063693486,3.758331298828125,4.0346695457596375,3.758331298828125,4.0346695457596375,,,240,166,4,3,0,,,,,,
supcon__stacked_randaug__s44,supcon,stacked_randaug,44,contrastive,15,0.0004357862063693486,0.00042677669529663696,3.7442069053649902,4.164159958621106,3.7442069053649902,4.164159958621106,,,240,166,4,3,0,,,,,,
supcon__stacked_randaug__s44,supcon,stacked_randaug,44,contrastive,16,0.00042677669529663696,0.0004172826515897146,3.721594746907552,4.213213986661061,3.721594746907552,4.213213986661061,,,240,166,4,3,0,,,,,,
supcon__stacked_randaug__s44,supcon,stacked_randaug,44,contrastive,17,0.0004172826515897146,0.0004073300977624594,3.6760034561157227,4.234202919236148,3.6760034561157227,4.234202919236148,,,240,166,4,3,0,,,,,,
supcon__stacked_randaug__s44,supcon,stacked_randaug,44,contrastive,18,0.0004073300977624594,0.0003969463130731183,3.788626766204834,4.103373151227652,3.788626766204834,4.103373151227652,,,240,166,4,3,0,,,,,,
supcon__stacked_randaug__s44,supcon,stacked_randaug,44,contrastive,19,0.0003969463130731183,0.0003861597587537568,3.7332462469736734,4.1826163803238465,3.7332462469736734,4.1826163803238465,,,240,166,4,3,0,,,,,,
supcon__stacked_randaug__s44,supcon,stacked_randaug,44,contrastive,20,0.0003861597587537568,0.000375,3.7246236324310305,4.260758118457105,3.7246236324310305,4.260758118457105,,,240,166,4,3,0,,,,,,
supcon__stacked_randaug__s44,supcon,stacked_randaug,44,contrastive,21,0.000375,0.00036349762493488667,3.7556487560272216,4.167178041963692,3.7556487560272216,4.167178041963692,,,240,166,4,3,0,,,,,,
supcon__stacked_randaug__s44,supcon,stacked_randaug,44,contrastive,22,0.00036349762493488667,0.0003516841607689501,3.669590886433919,4.255309406533299,3.669590886433919,4.255309406533299,,,240,166,4,3,0,,,,,,
supcon__stacked_randaug__s44,supcon,stacked_randaug,44,contrastive,23,0.0003516841607689501,0.00033959198738632514,3.7311846097310384,4.0989464535770646,3.7311846097310384,4.0989464535770646,,,240,166,4,3,0,,,,,,
supcon__stacked_randaug__s44,supcon,stacked_randaug,44,contrastive,24,0.00033959198738632514,0.00032725424859373687,3.7325947602589924,4.06323325490377,3.7325947602589924,4.06323325490377,,,240,166,4,3,0,,,,,,
supcon__stacked_randaug__s44,supcon,stacked_randaug,44,contrastive,25,0.00032725424859373687,0.00031470476127563017,3.688967736562093,4.118526990155139,3.688967736562093,4.118526990155139,,,240,166,4,3,0,,,,,,
supcon__stacked_randaug__s44,supcon,stacked_randaug,44,contrastive,26,0.00031470476127563017,0.00030197792270443975,3.662953503926595,4.209465474967497,3.662953503926595,4.209465474967497,,,240,166,4,3,0,,,,,,
supcon__stacked_randaug__s44,supcon,stacked_randaug,44,contrastive,27,0.00030197792270443975,0.0002891086162600577,3.650449848175049,4.311767716005624,3.650449848175049,4.311767716005624,,,240,166,4,3,0,,,,,,
supcon__stacked_randaug__s44,supcon,stacked_randaug,44,contrastive,28,0.0002891086162600577,0.00027613211581691336,3.7064823150634765,4.215235902602414,3.7064823150634765,4.215235902602414,,,240,166,4,3,0,,,,,,
supcon__stacked_randaug__s44,supcon,stacked_randaug,44,contrastive,29,0.00027613211581691336,0.00026308398906073593,3.574337593714396,4.19184142997466,3.574337593714396,4.19184142997466,,,240,166,4,3,0,,,,,,
supcon__stacked_randaug__s44,supcon,stacked_randaug,44,contrastive,30,0.00026308398906073593,0.00025000000000000006,3.674406560262044,4.211419094039734,3.674406560262044,4.211419094039734,,,240,166,4,3,0,,,,,,
supcon__stacked_randaug__s44,supcon,stacked_randaug,44,contrastive,31,0.00025000000000000006,0.00023691601093926408,3.7053065935770673,4.08099575789578,3.7053065935770673,4.08099575789578,,,240,166,4,3,0,,,,,,
supcon__stacked_randaug__s44,supcon,stacked_randaug,44,contrastive,32,0.00023691601093926408,0.00022386788418308668,3.731581385930379,4.1294894678046905,3.731581385930379,4.1294894678046905,,,240,166,4,3,0,,,,,,
supcon__stacked_randaug__s44,supcon,stacked_randaug,44,contrastive,33,0.00022386788418308668,0.0002108913837399423,3.6442121028900147,4.189735763044243,3.6442121028900147,4.189735763044243,,,240,166,4,3,0,,,,,,
supcon__stacked_randaug__s44,supcon,stacked_randaug,44,contrastive,34,0.0002108913837399423,0.00019802207729556018,3.6485822041829428,4.216345551502274,3.6485822041829428,4.216345551502274,,,240,166,4,3,0,,,,,,
supcon__stacked_randaug__s44,supcon,stacked_randaug,44,contrastive,35,0.00019802207729556018,0.00018529523872436987,3.6831085205078127,4.196902384240944,3.6831085205078127,4.196902384240944,,,240,166,4,3,0,,,,,,
supcon__stacked_randaug__s44,supcon,stacked_randaug,44,contrastive,36,0.00018529523872436987,0.0001727457514062632,3.5948476950327555,4.236142796206187,3.5948476950327555,4.236142796206187,,,240,166,4,3,0,,,,,,
supcon__stacked_randaug__s44,supcon,stacked_randaug,44,contrastive,37,0.0001727457514062632,0.00016040801261367496,3.544523016611735,4.280925009624068,3.544523016611735,4.280925009624068,,,240,166,4,3,0,,,,,,
supcon__stacked_randaug__s44,supcon,stacked_randaug,44,contrastive,38,0.00016040801261367496,0.00014831583923105,3.7489212195078534,4.220596514552472,3.7489212195078534,4.220596514552472,,,240,166,4,3,0,,,,,,
supcon__stacked_randaug__s44,supcon,stacked_randaug,44,contrastive,39,0.00014831583923105,0.00013650237506511334,3.651842959721883,4.148907675800554,3.651842959721883,4.148907675800554,,,240,166,4,3,0,,,,,,
supcon__stacked_randaug__s44,supcon,stacked_randaug,44,contrastive,40,0.00013650237506511334,0.00012500000000000008,3.611863549550374,4.142917047063988,3.611863549550374,4.142917047063988,,,240,166,4,3,0,,,,,,
supcon__stacked_randaug__s44,supcon,stacked_randaug,44,contrastive,41,0.00012500000000000008,0.00011384024124624333,3.6578621864318848,4.175971726337111,3.6578621864318848,4.175971726337111,,,240,166,4,3,0,,,,,,
supcon__stacked_randaug__s44,supcon,stacked_randaug,44,contrastive,42,0.00011384024124624333,0.00010305368692688177,3.5219466209411623,4.1378684819462785,3.5219466209411623,4.1378684819462785,,,240,166,4,3,0,,,,,,
supcon__stacked_randaug__s44,supcon,stacked_randaug,44,contrastive,43,0.00010305368692688177,9.26699022375407e-05,3.5755990982055663,4.145329481147858,3.5755990982055663,4.145329481147858,,,240,166,4,3,0,,,,,,
supcon__stacked_randaug__s44,supcon,stacked_randaug,44,contrastive,44,9.26699022375407e-05,8.271734841028555e-05,3.530565547943115,4.161088219608169,3.530565547943115,4.161088219608169,,,240,166,4,3,0,,,,,,
supcon__stacked_randaug__s44,supcon,stacked_randaug,44,contrastive,45,8.271734841028555e-05,7.322330470336315e-05,3.551398213704427,4.200770277574838,3.551398213704427,4.200770277574838,,,240,166,4,3,0,,,,,,
supcon__stacked_randaug__s44,supcon,stacked_randaug,44,contrastive,46,7.322330470336315e-05,6.421379363065149e-05,3.474980179468791,4.225591188453766,3.474980179468791,4.225591188453766,,,240,166,4,3,0,,,,,,
supcon__stacked_randaug__s44,supcon,stacked_randaug,44,contrastive,47,6.421379363065149e-05,5.5713509635757295e-05,3.5392316341400147,4.2594848856868515,3.5392316341400147,4.2594848856868515,,,240,166,4,3,0,,,,,,
supcon__stacked_randaug__s44,supcon,stacked_randaug,44,contrastive,48,5.5713509635757295e-05,4.774575140626318e-05,3.660530376434326,4.286227300942662,3.660530376434326,4.286227300942662,,,240,166,4,3,0,,,,,,
supcon__stacked_randaug__s44,supcon,stacked_randaug,44,contrastive,49,4.774575140626318e-05,4.0332358013644026e-05,3.581346289316813,4.282460367823222,3.581346289316813,4.282460367823222,,,240,166,4,3,0,,,,,,
supcon__stacked_randaug__s44,supcon,stacked_randaug,44,contrastive,50,4.0332358013644026e-05,3.349364905389033e-05,3.6442234992980955,4.245306902621166,3.6442234992980955,4.245306902621166,,,240,166,4,3,0,,,,,,
supcon__stacked_randaug__s44,supcon,stacked_randaug,44,contrastive,51,3.349364905389033e-05,2.724836895290806e-05,3.5424840609232584,4.231265501803662,3.5424840609232584,4.231265501803662,,,240,166,4,3,0,,,,,,
supcon__stacked_randaug__s44,supcon,stacked_randaug,44,contrastive,52,2.724836895290806e-05,2.161363558934976e-05,3.5129093170166015,4.226570488458656,3.5129093170166015,4.226570488458656,,,240,166,4,3,0,,,,,,
supcon__stacked_randaug__s44,supcon,stacked_randaug,44,contrastive,53,2.161363558934976e-05,1.6604893375699568e-05,3.552173900604248,4.23240478067513,3.552173900604248,4.23240478067513,,,240,166,4,3,0,,,,,,
supcon__stacked_randaug__s44,supcon,stacked_randaug,44,contrastive,54,1.6604893375699568e-05,1.2235870926211619e-05,3.5109787305196125,4.2243202048611925,3.5109787305196125,4.2243202048611925,,,240,166,4,3,0,,,,,,
supcon__stacked_randaug__s44,supcon,stacked_randaug,44,contrastive,55,1.2235870926211619e-05,8.518543427732923e-06,3.5448418935139974,4.2170709931706805,3.5448418935139974,4.2170709931706805,,,240,166,4,3,0,,,,,,
supcon__stacked_randaug__s44,supcon,stacked_randaug,44,contrastive,56,8.518543427732923e-06,5.463099816548579e-06,3.5318189303080243,4.220719886113362,3.5318189303080243,4.220719886113362,,,240,166,4,3,0,,,,,,
supcon__stacked_randaug__s44,supcon,stacked_randaug,44,contrastive,57,5.463099816548579e-06,3.077914851215586e-06,3.5233455022176106,4.209728008293244,3.5233455022176106,4.209728008293244,,,240,166,4,3,0,,,,,,
supcon__stacked_randaug__s44,supcon,stacked_randaug,44,contrastive,58,3.077914851215586e-06,1.3695261579316502e-06,3.5376384099324545,4.214682895016957,3.5376384099324545,4.214682895016957,,,240,166,4,3,0,,,,,,
supcon__stacked_randaug__s44,supcon,stacked_randaug,44,contrastive,59,1.3695261579316502e-06,3.4261631135654184e-07,3.5465602397918703,4.233906386846519,3.5465602397918703,4.233906386846519,,,240,166,4,3,0,,,,,,
supcon__stacked_randaug__s44,supcon,stacked_randaug,44,contrastive,60,3.4261631135654184e-07,0.0,3.5578814347585044,4.21630645947284,3.5578814347585044,4.21630645947284,,,240,166,4,3,0,,,,,,
supcon__stacked_randaug__s44,supcon,stacked_randaug,44,supcon_probe,1,0.001,0.000998458666866564,0.33315674989124133,0.428130218615386,0.33315674989124133,0.428130218615386,,,120,83,4,3,0,0.8139,0.8794,0.7879,0.84,0.7647,0.7761
supcon__stacked_randaug__s44,supcon,stacked_randaug,44,supcon_probe,2,0.000998458666866564,0.0009938441702975688,0.09783351747181583,0.45669374119809863,0.09783351747181583,0.45669374119809863,,,120,83,4,3,0,0.8191,0.8788,0.8182,0.82,0.75,0.7826
supcon__stacked_randaug__s44,supcon,stacked_randaug,44,supcon_probe,3,0.0009938441702975688,0.0009861849601988382,0.04548087359075599,0.5154813291800457,0.04548087359075599,0.5154813291800457,,,120,83,4,3,0,0.8091,0.877,0.8182,0.8,0.7297,0.7714
supcon__stacked_randaug__s44,supcon,stacked_randaug,44,supcon_probe,4,0.0009861849601988382,0.0009755282581475767,0.02879122236739876,0.572223125173676,0.02879122236739876,0.572223125173676,,,120,83,4,3,0,0.8091,0.877,0.8182,0.8,0.7297,0.7714
supcon__stacked_randaug__s44,supcon,stacked_randaug,44,supcon_probe,5,0.0009755282581475767,0.0009619397662556432,0.014089837709919537,0.619135774249835,0.014089837709919537,0.619135774249835,,,120,83,4,3,0,0.8091,0.877,0.8182,0.8,0.7297,0.7714
supcon__stacked_randaug__s44,supcon,stacked_randaug,44,supcon_probe,6,0.0009619397662556432,0.0009455032620941838,0.012582155959756623,0.657174437086689,0.012582155959756623,0.657174437086689,,,120,83,4,3,0,0.8191,0.8758,0.8182,0.82,0.75,0.7826
supcon__stacked_randaug__s44,supcon,stacked_randaug,44,supcon_probe,7,0.0009455032620941838,0.000926320082177046,0.01395539764747684,0.6872169664881301,0.01395539764747684,0.6872169664881301,,,120,83,4,3,0,0.8291,0.877,0.8182,0.84,0.7714,0.7941
supcon__stacked_randaug__s44,supcon,stacked_randaug,44,supcon_probe,8,0.000926320082177046,0.0009045084971874736,0.010016913313559864,0.7140706610118374,0.010016913313559864,0.7140706610118374,,,120,83,4,3,0,0.8291,0.8758,0.8182,0.84,0.7714,0.7941
supcon__stacked_randaug__s44,supcon,stacked_randaug,44,supcon_probe,9,0.0009045084971874736,0.0008802029828000154,0.01110453523156426,0.7366267554947016,0.01110453523156426,0.7366267554947016,,,120,83,4,3,0,0.8391,0.8745,0.8182,0.86,0.7941,0.806
supcon__stacked_randaug__s44,supcon,stacked_randaug,44,supcon_probe,10,0.0008802029828000154,0.0008535533905932736,0.007079093693604452,0.7525808801715935,0.007079093693604452,0.7525808801715935,,,120,83,4,3,0,0.8391,0.8745,0.8182,0.86,0.7941,0.806
supcon__stacked_randaug__s44,supcon,stacked_randaug,44,supcon_probe,11,0.0008535533905932736,0.0008247240241650918,0.007308496405084493,0.7641375659194253,0.007308496405084493,0.7641375659194253,,,120,83,4,3,0,0.8391,0.8745,0.8182,0.86,0.7941,0.806
supcon__stacked_randaug__s44,supcon,stacked_randaug,44,supcon_probe,12,0.0008247240241650918,0.0007938926261462365,0.006955796715499974,0.7717928606718726,0.006955796715499974,0.7717928606718726,,,120,83,4,3,0,0.8391,0.8758,0.8182,0.86,0.7941,0.806
supcon__stacked_randaug__s44,supcon,stacked_randaug,44,supcon_probe,13,0.0007938926261462365,0.0007612492823579742,0.007768987187816776,0.7770105066317099,0.007768987187816776,0.7770105066317099,,,120,83,4,3,0,0.8391,0.8764,0.8182,0.86,0.7941,0.806
supcon__stacked_randaug__s44,supcon,stacked_randaug,44,supcon_probe,14,0.0007612492823579742,0.0007269952498697732,0.005996889706467452,0.7820461883804272,0.005996889706467452,0.7820461883804272,,,120,83,4,3,0,0.8391,0.8758,0.8182,0.86,0.7941,0.806
supcon__stacked_randaug__s44,supcon,stacked_randaug,44,supcon_probe,15,0.0007269952498697732,0.0006913417161825447,0.006763851282363009,0.7863871896876635,0.006763851282363009,0.7863871896876635,,,120,83,4,3,0,0.8291,0.8758,0.8182,0.84,0.7714,0.7941
supcon__stacked_randaug__s44,supcon,stacked_randaug,44,supcon_probe,16,0.0006913417161825447,0.0006545084971874736,0.006430523290860201,0.7907077623549802,0.006430523290860201,0.7907077623549802,,,120,83,4,3,0,0.8291,0.8758,0.8182,0.84,0.7714,0.7941
supcon__stacked_randaug__s44,supcon,stacked_randaug,44,supcon_probe,17,0.0006545084971874736,0.0006167226819279527,0.0044087175138339115,0.7935147343646668,0.0044087175138339115,0.7935147343646668,,,120,83,4,3,0,0.8291,0.8758,0.8182,0.84,0.7714,0.7941
supcon__stacked_randaug__s44,supcon,stacked_randaug,44,supcon_probe,18,0.0006167226819279527,0.0005782172325201154,0.003139238086394625,0.7967401096192152,0.003139238086394625,0.7967401096192152,,,120,83,4,3,0,0.8291,0.8758,0.8182,0.84,0.7714,0.7941
supcon__stacked_randaug__s44,supcon,stacked_randaug,44,supcon_probe,19,0.0005782172325201154,0.0005392295478639224,0.005399118841776433,0.7994818318218773,0.005399118841776433,0.7994818318218773,,,120,83,4,3,0,0.8291,0.8758,0.8182,0.84,0.7714,0.7941
supcon__stacked_randaug__s44,supcon,stacked_randaug,44,supcon_probe,20,0.0005392295478639224,0.0004999999999999999,0.005298964958448759,0.8014445457155086,0.005298964958448759,0.8014445457155086,,,120,83,4,3,0,0.8291,0.8758,0.8182,0.84,0.7714,0.7941
supcon__stacked_randaug__s44,supcon,stacked_randaug,44,supcon_probe,21,0.0004999999999999999,0.0004607704521360775,0.005344705480362295,0.8039228043456105,0.005344705480362295,0.8039228043456105,,,120,83,4,3,0,0.8291,0.8758,0.8182,0.84,0.7714,0.7941
supcon__stacked_randaug__s44,supcon,stacked_randaug,44,supcon_probe,22,0.0004607704521360775,0.0004217827674798846,0.004445456922159737,0.8076543367825868,0.004445456922159737,0.8076543367825868,,,120,83,4,3,0,0.8291,0.8752,0.8182,0.84,0.7714,0.7941
supcon__stacked_randaug__s44,supcon,stacked_randaug,44,supcon_probe,23,0.0004217827674798846,0.0003832773180720472,0.004424997629605457,0.8117465746560418,0.004424997629605457,0.8117465746560418,,,120,83,4,3,0,0.8291,0.8745,0.8182,0.84,0.7714,0.7941
supcon__stacked_randaug__s44,supcon,stacked_randaug,44,supcon_probe,24,0.0003832773180720472,0.0003454915028125262,0.003155177529933055,0.8150402178502834,0.003155177529933055,0.8150402178502834,,,120,83,4,3,0,0.8291,0.8745,0.8182,0.84,0.7714,0.7941
supcon__stacked_randaug__s44,supcon,stacked_randaug,44,supcon_probe,25,0.0003454915028125262,0.00030865828381745506,0.0048664678351266885,0.8175768072050207,0.0048664678351266885,0.8175768072050207,,,120,83,4,3,0,0.8291,0.8745,0.8182,0.84,0.7714,0.7941
supcon__stacked_randaug__s44,supcon,stacked_randaug,44,supcon_probe,26,0.00030865828381745506,0.0002730047501302265,0.004876586091279801,0.8193751832552979,0.004876586091279801,0.8193751832552979,,,120,83,4,3,0,0.8291,0.8745,0.8182,0.84,0.7714,0.7941
supcon__stacked_randaug__s44,supcon,stacked_randaug,44,supcon_probe,27,0.0002730047501302265,0.0002387507176420255,0.003556534406158215,0.8213428210028865,0.003556534406158215,0.8213428210028865,,,120,83,4,3,0,0.8291,0.8745,0.8182,0.84,0.7714,0.7941
supcon__stacked_randaug__s44,supcon,stacked_randaug,44,supcon_probe,28,0.0002387507176420255,0.0002061073738537634,0.005342144253756598,0.8228893755810499,0.005342144253756598,0.8228893755810499,,,120,83,4,3,0,0.8291,0.8745,0.8182,0.84,0.7714,0.7941
ce__hier_addone__s42,ce,hier_addone,42,ce,1,0.0001,9.99314767377287e-05,0.7277072798814338,0.6354439882101274,0.7277072798814338,0.6354439882101274,,,120,83,4,3,0,0.6382,0.7067,0.6364,0.64,0.5385,0.5833
ce__hier_addone__s42,ce,hier_addone,42,ce,2,9.99314767377287e-05,9.972609476841367e-05,0.5750633221858563,0.5993336688248491,0.5750633221858563,0.5993336688248491,,,120,83,4,3,0,0.6939,0.7715,0.7879,0.6,0.5652,0.6582
ce__hier_addone__s42,ce,hier_addone,42,ce,3,9.972609476841367e-05,9.93844170297569e-05,0.4367636479060421,0.569472908091905,0.4367636479060421,0.569472908091905,,,120,83,4,3,0,0.7291,0.8048,0.8182,0.64,0.6,0.6923
ce__hier_addone__s42,ce,hier_addone,42,ce,4,9.93844170297569e-05,9.89073800366903e-05,0.4874463814113369,0.5367370046366252,0.4874463814113369,0.5367370046366252,,,120,83,4,3,0,0.7691,0.8267,0.8182,0.72,0.6585,0.7297
ce__hier_addone__s42,ce,hier_addone,42,ce,5,9.89073800366903e-05,9.829629131445343e-05,0.44108128564559856,0.7018775747357738,0.44108128564559856,0.7018775747357738,,,120,83,4,3,0,0.647,0.8261,0.3939,0.9,0.7222,0.5098
ce__hier_addone__s42,ce,hier_addone,42,ce,6,9.829629131445343e-05,9.75528258147577e-05,0.3471149424853928,0.9611412888320079,0.3471149424853928,0.9611412888320079,,,120,83,4,3,0,0.6364,0.8182,0.2727,1.0,1.0,0.4286
ce__hier_addone__s42,ce,hier_addone,42,ce,7,9.75528258147577e-05,9.66790213248601e-05,0.34893068658792714,0.7480154442552958,0.34893068658792714,0.7480154442552958,,,120,83,4,3,0,0.7482,0.8139,0.6364,0.86,0.75,0.6885
ce__hier_addone__s42,ce,hier_addone,42,ce,8,9.66790213248601e-05,9.567727288213006e-05,0.2739829289600706,0.6071927255544652,0.2739829289600706,0.6071927255544652,,,120,83,4,3,0,0.7542,0.8303,0.8485,0.66,0.6222,0.7179
ce__hier_addone__s42,ce,hier_addone,42,ce,9,9.567727288213006e-05,9.455032620941841e-05,0.2979596024683306,0.6110006471377399,0.2979596024683306,0.6110006471377399,,,120,83,4,3,0,0.7642,0.84,0.8485,0.68,0.6364,0.7273
ce__hier_addone__s42,ce,hier_addone,42,ce,10,9.455032620941841e-05,9.330127018922197e-05,0.24398624635086472,0.5909194770938418,0.24398624635086472,0.5909194770938418,,,120,83,4,3,0,0.7639,0.857,0.7879,0.74,0.6667,0.7222
ce__hier_addone__s42,ce,hier_addone,42,ce,11,9.330127018922197e-05,9.193352839727123e-05,0.274517519497217,0.6539986421523424,0.274517519497217,0.6539986421523424,,,120,83,4,3,0,0.7636,0.8436,0.7273,0.8,0.7059,0.7164
ce__hier_addone__s42,ce,hier_addone,42,ce,12,9.193352839727123e-05,9.04508497187474e-05,0.22869962316666448,0.6462445092378182,0.22869962316666448,0.6462445092378182,,,120,83,4,3,0,0.7788,0.8467,0.7576,0.8,0.7143,0.7353
ce__hier_addone__s42,ce,hier_addone,42,ce,13,9.04508497187474e-05,8.885729807284857e-05,0.21091326735589,0.6271770946908745,0.21091326735589,0.6271770946908745,,,120,83,4,3,0,0.7742,0.8552,0.8485,0.7,0.6512,0.7368
ce__hier_addone__s42,ce,hier_addone,42,ce,14,8.885729807284857e-05,8.715724127386973e-05,0.25033276491342654,0.6045718549107767,0.25033276491342654,0.6045718549107767,,,120,83,4,3,0,0.7842,0.8655,0.8485,0.72,0.6667,0.7467
ce__hier_addone__s42,ce,hier_addone,42,ce,15,8.715724127386973e-05,8.53553390593274e-05,0.1885352979863542,0.636034998733487,0.1885352979863542,0.636034998733487,,,120,83,4,3,0,0.7788,0.8624,0.7576,0.8,0.7143,0.7353
ce__hier_addone__s42,ce,hier_addone,42,ce,16,8.53553390593274e-05,8.345653031794293e-05,0.2530601968659374,0.6962872880209521,0.2530601968659374,0.6962872880209521,,,120,83,4,3,0,0.7836,0.8545,0.7273,0.84,0.75,0.7385
ce__hier_addone__s42,ce,hier_addone,42,ce,17,8.345653031794293e-05,8.146601955249189e-05,0.21167728139726263,0.6539483049355483,0.21167728139726263,0.6539483049355483,,,120,83,4,3,0,0.7536,0.8503,0.7273,0.78,0.6857,0.7059
ce__hier_addone__s42,ce,hier_addone,42,ce,18,8.146601955249189e-05,7.938926261462367e-05,0.23000221767212423,0.5931405541237157,0.23000221767212423,0.5931405541237157,,,120,83,4,3,0,0.7742,0.8691,0.8485,0.7,0.6512,0.7368
ce__hier_addone__s42,ce,hier_addone,42,ce,19,7.938926261462367e-05,7.723195175075138e-05,0.16782757528383505,0.5988038128972841,0.16782757528383505,0.5988038128972841,,,120,83,4,3,0,0.7742,0.8691,0.8485,0.7,0.6512,0.7368
ce__hier_addone__s42,ce,hier_addone,42,ce,20,7.723195175075138e-05,7.500000000000002e-05,0.1763249570219314,0.5699499890157553,0.1763249570219314,0.5699499890157553,,,120,83,4,3,0,0.7842,0.883,0.8485,0.72,0.6667,0.7467
ce__hier_addone__s42,ce,hier_addone,42,ce,21,7.500000000000002e-05,7.269952498697736e-05,0.17915325104896265,0.5579906016492262,0.17915325104896265,0.5579906016492262,,,120,83,4,3,0,0.7691,0.88,0.8182,0.72,0.6585,0.7297
ce__hier_addone__s42,ce,hier_addone,42,ce,22,7.269952498697736e-05,7.033683215379003e-05,0.14707088685543931,0.5709425971244934,0.14707088685543931,0.5709425971244934,,,120,83,4,3,0,0.7839,0.8733,0.7879,0.78,0.7027,0.7429
ce__hier_addone__s42,ce,hier_addone,42,ce,23,7.033683215379003e-05,6.791839747726505e-05,0.18506980178516363,0.6333595235388391,0.18506980178516363,0.6333595235388391,,,120,83,4,3,0,0.7736,0.8667,0.7273,0.82,0.7273,0.7273
ce__hier_addone__s42,ce,hier_addone,42,ce,24,6.791839747726505e-05,6.54508497187474e-05,0.24653809090557816,0.844944334327927,0.24653809090557816,0.844944334327927,,,120,83,4,3,0,0.763,0.8594,0.6061,0.92,0.8333,0.7018
ce__hier_addone__s42,ce,hier_addone,42,ce,25,6.54508497187474e-05,6.294095225512606e-05,0.12419469598932435,0.9591184386910465,0.12419469598932435,0.9591184386910465,,,120,83,4,3,0,0.7327,0.8552,0.5455,0.92,0.8182,0.6545
ce__hier_addone__s42,ce,hier_addone,42,ce,26,6.294095225512606e-05,6.0395584540887984e-05,0.2038595966836056,0.7789135572058983,0.2038595966836056,0.7789135572058983,,,120,83,4,3,0,0.7733,0.8606,0.6667,0.88,0.7857,0.7213
ce__hier_addone__s42,ce,hier_addone,42,ce,27,6.0395584540887984e-05,5.782172325201157e-05,0.16013370106356348,0.6501838753253674,0.16013370106356348,0.6501838753253674,,,120,83,4,3,0,0.7491,0.8739,0.8182,0.68,0.6279,0.7105
ce__hier_addone__s42,ce,hier_addone,42,ce,28,5.782172325201157e-05,5.52264231633827e-05,0.12673737567417334,0.7556443998920072,0.12673737567417334,0.7556443998920072,,,120,83,4,3,0,0.7494,0.8836,0.8788,0.62,0.6042,0.716
ce__hier_addone__s42,ce,hier_addone,42,ce,29,5.52264231633827e-05,5.261679781214721e-05,0.20404550885328362,0.8545095222606559,0.20404550885328362,0.8545095222606559,,,120,83,4,3,0,0.7194,0.8842,0.8788,0.56,0.5686,0.6905
ce__hier_addone__s42,ce,hier_addone,42,ce,30,5.261679781214721e-05,5.0000000000000036e-05,0.17738506529756612,0.7283801955702492,0.17738506529756612,0.7283801955702492,,,120,83,4,3,0,0.7342,0.88,0.8485,0.62,0.5957,0.7
ce__hier_addone__s42,ce,hier_addone,42,ce,31,5.0000000000000036e-05,4.738320218785284e-05,0.13443240099257922,0.644469667668284,0.13443240099257922,0.644469667668284,,,120,83,4,3,0,0.7842,0.8812,0.8485,0.72,0.6667,0.7467
ce__hier_addone__s42,ce,hier_addone,42,ce,32,4.738320218785284e-05,4.477357683661736e-05,0.13992721569877348,0.6924213756296971,0.13992721569877348,0.6924213756296971,,,120,83,4,3,0,0.8088,0.8691,0.7576,0.86,0.7812,0.7692
ce__hier_addone__s42,ce,hier_addone,42,ce,33,4.477357683661736e-05,4.217827674798848e-05,0.12730141551993251,0.8587220828033381,0.12730141551993251,0.8587220828033381,,,120,83,4,3,0,0.8136,0.8648,0.7273,0.9,0.8276,0.7742
ce__hier_addone__s42,ce,hier_addone,42,ce,34,4.217827674798848e-05,3.9604415459112055e-05,0.1394877578478301,0.8476324230592223,0.1394877578478301,0.8476324230592223,,,120,83,4,3,0,0.8136,0.8679,0.7273,0.9,0.8276,0.7742
ce__hier_addone__s42,ce,hier_addone,42,ce,35,3.9604415459112055e-05,3.705904774487399e-05,0.21564985427230396,0.6925680373350195,0.21564985427230396,0.6925680373350195,,,120,83,4,3,0,0.8036,0.8776,0.7273,0.88,0.8,0.7619
ce__hier_addone__s42,ce,hier_addone,42,ce,36,3.705904774487399e-05,3.4549150281252656e-05,0.15363457571910152,0.6160844108695032,0.15363457571910152,0.6160844108695032,,,120,83,4,3,0,0.8088,0.8836,0.7576,0.86,0.7812,0.7692
ce__hier_addone__s42,ce,hier_addone,42,ce,37,3.4549150281252656e-05,3.2081602522735006e-05,0.11379540973042657,0.6033748068004577,0.11379540973042657,0.6033748068004577,,,120,83,4,3,0,0.8088,0.8873,0.7576,0.86,0.7812,0.7692
ce__hier_addone__s42,ce,hier_addone,42,ce,38,3.2081602522735006e-05,2.9663167846210008e-05,0.06632641418460226,0.5914768184564206,0.06632641418460226,0.5914768184564206,,,120,83,4,3,0,0.8139,0.8897,0.7879,0.84,0.7647,0.7761
ce__hier_addone__s42,ce,hier_addone,42,ce,39,2.9663167846210008e-05,2.7300475013022676e-05,0.10831370970054977,0.5865175231498272,0.10831370970054977,0.5865175231498272,,,120,83,4,3,0,0.7991,0.8885,0.8182,0.78,0.7105,0.7606
ce__hier_addone__s42,ce,hier_addone,42,ce,40,2.7300475013022676e-05,2.5000000000000025e-05,0.09046513448496825,0.5886235937416495,0.09046513448496825,0.5886235937416495,,,120,83,4,3,0,0.7991,0.8885,0.8182,0.78,0.7105,0.7606
ce__hier_addone__s42,ce,hier_addone,42,ce,41,2.5000000000000025e-05,2.2768048249248675e-05,0.17562247871626854,0.5995604737547394,0.17562247871626854,0.5995604737547394,,,120,83,4,3,0,0.7891,0.8879,0.8182,0.76,0.6923,0.75
ce__hier_addone__s42,ce,hier_addone,42,ce,42,2.2768048249248675e-05,2.0610737385376362e-05,0.16263727593017757,0.6055594866163652,0.16263727593017757,0.6055594866163652,,,120,83,4,3,0,0.7891,0.8885,0.8182,0.76,0.6923,0.75
ce__hier_addone__s42,ce,hier_addone,42,ce,43,2.0610737385376362e-05,1.8533980447508148e-05,0.1157799321663036,0.6202830986425075,0.1157799321663036,0.6202830986425075,,,120,83,4,3,0,0.7888,0.8921,0.7576,0.82,0.7353,0.7463
ce__hier_addone__s42,ce,hier_addone,42,ce,44,1.8533980447508148e-05,1.6543469682057116e-05,0.1324434081028873,0.6453416638699125,0.1324434081028873,0.6453416638699125,,,120,83,4,3,0,0.8136,0.8903,0.7273,0.9,0.8276,0.7742
ce__hier_addone__s42,ce,hier_addone,42,ce,45,1.6543469682057116e-05,1.4644660940672637e-05,0.13436126850953084,0.6184918795045475,0.13436126850953084,0.6184918795045475,,,120,83,4,3,0,0.7936,0.8903,0.7273,0.86,0.7742,0.75
ce__hier_addone__s42,ce,hier_addone,42,ce,46,1.4644660940672637e-05,1.2842758726130304e-05,0.17091886601478284,0.5997006028400981,0.17091886601478284,0.5997006028400981,,,120,83,4,3,0,0.8239,0.8958,0.7879,0.86,0.7879,0.7879
ce__hier_addone__s42,ce,hier_addone,42,ce,47,1.2842758726130304e-05,1.1142701927151465e-05,0.14162122969487376,0.6126533114887801,0.14162122969487376,0.6126533114887801,,,120,83,4,3,0,0.8139,0.8933,0.7879,0.84,0.7647,0.7761
ce__hier_addone__s42,ce,hier_addone,42,ce,48,1.1142701927151465e-05,9.549150281252641e-06,0.14745608436067853,0.6024261643683391,0.14745608436067853,0.6024261643683391,,,120,83,4,3,0,0.8139,0.8952,0.7879,0.84,0.7647,0.7761
ce__hier_addone__s42,ce,hier_addone,42,ce,49,9.549150281252641e-06,8.06647160272881e-06,0.10586600929926301,0.5996659820246736,0.10586600929926301,0.5996659820246736,,,120,83,4,3,0,0.8039,0.8952,0.7879,0.82,0.7429,0.7647
ce__hier_addone__s42,ce,hier_addone,42,ce,50,8.06647160272881e-06,6.69872981077807e-06,0.21043536182846193,0.5980791678603089,0.21043536182846193,0.5980791678603089,,,120,83,4,3,0,0.7991,0.8964,0.8182,0.78,0.7105,0.7606
ce__hier_addone__s42,ce,hier_addone,42,ce,51,6.69872981077807e-06,5.449673790581616e-06,0.135933856899037,0.5905155206926493,0.135933856899037,0.5905155206926493,,,120,83,4,3,0,0.8191,0.8964,0.8182,0.82,0.75,0.7826
ce__hier_addone__s42,ce,hier_addone,42,ce,52,5.449673790581616e-06,4.322727117869955e-06,0.12213642477197685,0.588223777684779,0.12213642477197685,0.588223777684779,,,120,83,4,3,0,0.8091,0.8976,0.8182,0.8,0.7297,0.7714
ce__hier_addone__s42,ce,hier_addone,42,ce,53,4.322727117869955e-06,3.3209786751399153e-06,0.05432466743749228,0.5800811509808927,0.05432466743749228,0.5800811509808927,,,120,83,4,3,0,0.8091,0.8982,0.8182,0.8,0.7297,0.7714
ce__hier_addone__s42,ce,hier_addone,42,ce,54,3.3209786751399153e-06,2.447174185242325e-06,0.11981443525941954,0.5786317755751836,0.11981443525941954,0.5786317755751836,,,120,83,4,3,0,0.8191,0.8994,0.8182,0.82,0.75,0.7826
ce__hier_addone__s42,ce,hier_addone,42,ce,55,2.447174185242325e-06,1.7037086855465854e-06,0.07740316919250272,0.5823775974892103,0.07740316919250272,0.5823775974892103,,,120,83,4,3,0,0.8191,0.897,0.8182,0.82,0.75,0.7826
ce__hier_addone__s42,ce,hier_addone,42,ce,56,1.7037086855465854e-06,1.0926199633097164e-06,0.08355331036873123,0.5751793082509753,0.08355331036873123,0.5751793082509753,,,120,83,4,3,0,0.8091,0.8982,0.8182,0.8,0.7297,0.7714
ce__hier_addone__s42,ce,hier_addone,42,ce,57,1.0926199633097164e-06,6.155829702431174e-07,0.12208646928115532,0.5831775777330014,0.12208646928115532,0.5831775777330014,,,120,83,4,3,0,0.7991,0.8982,0.8182,0.78,0.7105,0.7606
ce__hier_addone__s42,ce,hier_addone,42,ce,58,6.155829702431174e-07,2.7390523158633014e-07,0.10138329311830245,0.5907553429665785,0.10138329311830245,0.5907553429665785,,,120,83,4,3,0,0.8091,0.8976,0.8182,0.8,0.7297,0.7714
ce__hier_addone__s42,ce,hier_addone,42,ce,59,2.7390523158633014e-07,6.85232622713084e-08,0.16448793324123462,0.5879620530581079,0.16448793324123462,0.5879620530581079,,,120,83,4,3,0,0.8091,0.897,0.8182,0.8,0.7297,0.7714
ce__hier_addone__s42,ce,hier_addone,42,ce,60,6.85232622713084e-08,0.0,0.09026412721697868,0.5860390994266803,0.09026412721697868,0.5860390994266803,,,120,83,4,3,0,0.7991,0.8982,0.8182,0.78,0.7105,0.7606
ce__hier_addone__s43,ce,hier_addone,43,ce,1,0.0001,9.99314767377287e-05,0.6705427992118018,0.6380216000758444,0.6705427992118018,0.6380216000758444,,,120,83,4,3,0,0.6542,0.723,0.8485,0.46,0.5091,0.6364
ce__hier_addone__s43,ce,hier_addone,43,ce,2,9.99314767377287e-05,9.972609476841367e-05,0.5711317297299805,0.6575053541567941,0.5711317297299805,0.6575053541567941,,,120,83,4,3,0,0.6982,0.7321,0.6364,0.76,0.6364,0.6364
ce__hier_addone__s43,ce,hier_addone,43,ce,3,9.972609476841367e-05,9.93844170297569e-05,0.4741079260825193,0.7869189919314344,0.4741079260825193,0.7869189919314344,,,120,83,4,3,0,0.6924,0.763,0.4848,0.9,0.7619,0.5926
ce__hier_addone__s43,ce,hier_addone,43,ce,4,9.93844170297569e-05,9.89073800366903e-05,0.3986074378697119,0.8724050967875517,0.3986074378697119,0.8724050967875517,,,120,83,4,3,0,0.7024,0.76,0.4848,0.92,0.8,0.6038
ce__hier_addone__s43,ce,hier_addone,43,ce,5,9.89073800366903e-05,9.829629131445343e-05,0.325162579317613,0.6686293566928164,0.325162579317613,0.6686293566928164,,,120,83,4,3,0,0.7785,0.8079,0.697,0.86,0.7667,0.7302
ce__hier_addone__s43,ce,hier_addone,43,ce,6,9.829629131445343e-05,9.75528258147577e-05,0.29348397227516143,0.5663004879133364,0.29348397227516143,0.5663004879133364,,,120,83,4,3,0,0.7991,0.8315,0.8182,0.78,0.7105,0.7606
ce__hier_addone__s43,ce,hier_addone,43,ce,7,9.75528258147577e-05,9.66790213248601e-05,0.34668520825837656,0.5791737150268261,0.34668520825837656,0.5791737150268261,,,120,83,4,3,0,0.8139,0.8339,0.7879,0.84,0.7647,0.7761
ce__hier_addone__s43,ce,hier_addone,43,ce,8,9.66790213248601e-05,9.567727288213006e-05,0.3002712753712188,0.612461099450686,0.3002712753712188,0.612461099450686,,,120,83,4,3,0,0.8139,0.8333,0.7879,0.84,0.7647,0.7761
ce__hier_addone__s43,ce,hier_addone,43,ce,9,9.567727288213006e-05,9.455032620941841e-05,0.30567471027795035,0.6121921803584032,0.30567471027795035,0.6121921803584032,,,120,83,4,3,0,0.8391,0.8418,0.8182,0.86,0.7941,0.806
ce__hier_addone__s43,ce,hier_addone,43,ce,10,9.455032620941841e-05,9.330127018922197e-05,0.27281983391484105,0.5548340212264604,0.27281983391484105,0.5548340212264604,,,120,83,4,3,0,0.8491,0.8558,0.8182,0.88,0.8182,0.8182
ce__hier_addone__s43,ce,hier_addone,43,ce,11,9.330127018922197e-05,9.193352839727123e-05,0.3164451011467372,0.5949270964392801,0.3164451011467372,0.5949270964392801,,,120,83,4,3,0,0.8388,0.857,0.7576,0.92,0.8621,0.8065
ce__hier_addone__s43,ce,hier_addone,43,ce,12,9.193352839727123e-05,9.04508497187474e-05,0.22342008250032566,0.6249895925545251,0.22342008250032566,0.6249895925545251,,,120,83,4,3,0,0.8236,0.8582,0.7273,0.92,0.8571,0.7869
ce__hier_addone__s43,ce,hier_addone,43,ce,13,9.04508497187474e-05,8.885729807284857e-05,0.22994635226264226,0.6503506632444083,0.22994635226264226,0.6503506632444083,,,120,83,4,3,0,0.7882,0.8612,0.6364,0.94,0.875,0.7368
ce__hier_addone__s43,ce,hier_addone,43,ce,14,8.885729807284857e-05,8.715724127386973e-05,0.27070378461444333,0.580403934465124,0.27070378461444333,0.580403934465124,,,120,83,4,3,0,0.8339,0.8624,0.7879,0.88,0.8125,0.8
ce__hier_addone__s43,ce,hier_addone,43,ce,15,8.715724127386973e-05,8.53553390593274e-05,0.21452540942160683,0.634844607311396,0.21452540942160683,0.634844607311396,,,120,83,4,3,0,0.7939,0.8533,0.7879,0.8,0.7222,0.7536
ce__hier_addone__s43,ce,hier_addone,43,ce,16,8.53553390593274e-05,8.345653031794293e-05,0.30186595848761044,0.672411656326697,0.30186595848761044,0.672411656326697,,,120,83,4,3,0,0.7688,0.8473,0.7576,0.78,0.6944,0.7246
ce__hier_addone__s43,ce,hier_addone,43,ce,17,8.345653031794293e-05,8.146601955249189e-05,0.1843673028698659,0.6013023505166915,0.1843673028698659,0.6013023505166915,,,120,83,4,3,0,0.8039,0.8509,0.7879,0.82,0.7429,0.7647
ce__hier_addone__s43,ce,hier_addone,43,ce,18,8.146601955249189e-05,7.938926261462367e-05,0.19077020823912083,0.5674929977569356,0.19077020823912083,0.5674929977569356,,,120,83,4,3,0,0.8239,0.8606,0.7879,0.86,0.7879,0.7879
ce__hier_addone__s43,ce,hier_addone,43,ce,19,7.938926261462367e-05,7.723195175075138e-05,0.20607252475627194,0.5692634886135104,0.20607252475627194,0.5692634886135104,,,120,83,4,3,0,0.8039,0.8655,0.7879,0.82,0.7429,0.7647
ce__hier_addone__s43,ce,hier_addone,43,ce,20,7.723195175075138e-05,7.500000000000002e-05,0.13874773428636664,0.5852355463281471,0.13874773428636664,0.5852355463281471,,,120,83,4,3,0,0.8339,0.8594,0.7879,0.88,0.8125,0.8
ce__hier_addone__s43,ce,hier_addone,43,ce,21,7.500000000000002e-05,7.269952498697736e-05,0.13375284469585286,0.6116139430978155,0.13375284469585286,0.6116139430978155,,,120,83,4,3,0,0.8339,0.8582,0.7879,0.88,0.8125,0.8
ce__hier_addone__s43,ce,hier_addone,43,ce,22,7.269952498697736e-05,7.033683215379003e-05,0.12268105239768513,0.6204910396918393,0.12268105239768513,0.6204910396918393,,,120,83,4,3,0,0.8439,0.8582,0.7879,0.9,0.8387,0.8125
ce__hier_addone__s43,ce,hier_addone,43,ce,23,7.033683215379003e-05,6.791839747726505e-05,0.2246150998185261,0.615874581482129,0.2246150998185261,0.615874581482129,,,120,83,4,3,0,0.8039,0.8655,0.7879,0.82,0.7429,0.7647
ce__hier_addone__s43,ce,hier_addone,43,ce,24,6.791839747726505e-05,6.54508497187474e-05,0.1691046118985192,0.5974528872131268,0.1691046118985192,0.5974528872131268,,,120,83,4,3,0,0.8039,0.8661,0.7879,0.82,0.7429,0.7647
ce__hier_addone__s43,ce,hier_addone,43,ce,25,6.54508497187474e-05,6.294095225512606e-05,0.23661507759842665,0.5753550219114494,0.23661507759842665,0.5753550219114494,,,120,83,4,3,0,0.8139,0.8715,0.7879,0.84,0.7647,0.7761
ce__hier_addone__s44,ce,hier_addone,44,ce,1,0.0001,9.99314767377287e-05,0.6845079421827036,0.8563322727480824,0.6845079421827036,0.8563322727480824,,,120,83,4,3,0,0.5152,0.7582,0.0303,1.0,1.0,0.0588
ce__hier_addone__s44,ce,hier_addone,44,ce,2,9.99314767377287e-05,9.972609476841367e-05,0.5109512369866676,0.695332696616484,0.5109512369866676,0.695332696616484,,,120,83,4,3,0,0.6821,0.8079,0.4242,0.94,0.8235,0.56
ce__hier_addone__s44,ce,hier_addone,44,ce,3,9.972609476841367e-05,9.93844170297569e-05,0.4358535906331784,0.6728165544649953,0.4358535906331784,0.6728165544649953,,,120,83,4,3,0,0.7279,0.7885,0.5758,0.88,0.76,0.6552
ce__hier_addone__s44,ce,hier_addone,44,ce,4,9.93844170297569e-05,9.89073800366903e-05,0.4085626303156057,0.8701052000406673,0.4085626303156057,0.8701052000406673,,,120,83,4,3,0,0.6721,0.7715,0.4242,0.92,0.7778,0.549
ce__hier_addone__s44,ce,hier_addone,44,ce,5,9.89073800366903e-05,9.829629131445343e-05,0.39771286362940994,0.7298252472097637,0.39771286362940994,0.7298252472097637,,,120,83,4,3,0,0.7333,0.7909,0.6667,0.8,0.6875,0.6769
ce__hier_addone__s44,ce,hier_addone,44,ce,6,9.829629131445343e-05,9.75528258147577e-05,0.36021445037920125,0.6378076102055023,0.36021445037920125,0.6378076102055023,,,120,83,4,3,0,0.7391,0.8224,0.8182,0.66,0.6136,0.7013
ce__hier_addone__s44,ce,hier_addone,44,ce,7,9.75528258147577e-05,9.66790213248601e-05,0.39489873352866833,0.5790598199021972,0.39489873352866833,0.5790598199021972,,,120,83,4,3,0,0.7739,0.8321,0.7879,0.76,0.6842,0.7324
ce__hier_addone__s44,ce,hier_addone,44,ce,8,9.66790213248601e-05,9.567727288213006e-05,0.28927524535885374,0.8577723211208809,0.28927524535885374,0.8577723211208809,,,120,83,4,3,0,0.7276,0.8097,0.5152,0.94,0.85,0.6415
ce__hier_addone__s44,ce,hier_addone,44,ce,9,9.567727288213006e-05,9.455032620941841e-05,0.30978724194474794,0.831891229120951,0.30978724194474794,0.831891229120951,,,120,83,4,3,0,0.7427,0.8109,0.5455,0.94,0.8571,0.6667
ce__hier_addone__s44,ce,hier_addone,44,ce,10,9.455032620941841e-05,9.330127018922197e-05,0.23682465363448027,0.6248692328952272,0.23682465363448027,0.6248692328952272,,,120,83,4,3,0,0.7636,0.8194,0.7273,0.8,0.7059,0.7164
ce__hier_addone__s44,ce,hier_addone,44,ce,11,9.330127018922197e-05,9.193352839727123e-05,0.26578291206205135,0.655539117474027,0.26578291206205135,0.655539117474027,,,120,83,4,3,0,0.7236,0.8115,0.7273,0.72,0.6316,0.6761
ce__hier_addone__s44,ce,hier_addone,44,ce,12,9.193352839727123e-05,9.04508497187474e-05,0.29587698140401436,0.6972987138521473,0.29587698140401436,0.6972987138521473,,,120,83,4,3,0,0.7585,0.8012,0.697,0.82,0.7188,0.7077
ce__hier_addone__s44,ce,hier_addone,44,ce,13,9.04508497187474e-05,8.885729807284857e-05,0.19563700227299743,0.8693171306450932,0.19563700227299743,0.8693171306450932,,,120,83,4,3,0,0.7579,0.7952,0.5758,0.94,0.8636,0.6909
ce__hier_addone__s44,ce,hier_addone,44,ce,14,8.885729807284857e-05,8.715724127386973e-05,0.2642293898829675,0.7087806372525248,0.2642293898829675,0.7087806372525248,,,120,83,4,3,0,0.7882,0.8273,0.6364,0.94,0.875,0.7368
ce__hier_addone__s44,ce,hier_addone,44,ce,15,8.715724127386973e-05,8.53553390593274e-05,0.17235028926463744,0.5166268508866548,0.17235028926463744,0.5166268508866548,,,120,83,4,3,0,0.7739,0.8648,0.7879,0.76,0.6842,0.7324
ce__hier_addone__s44,ce,hier_addone,44,ce,16,8.53553390593274e-05,8.345653031794293e-05,0.1752664264899634,0.5250932532156433,0.1752664264899634,0.5250932532156433,,,120,83,4,3,0,0.7791,0.8788,0.8182,0.74,0.675,0.7397
ce__hier_addone__s44,ce,hier_addone,44,ce,17,8.345653031794293e-05,8.146601955249189e-05,0.2424918854127024,0.6302517990235991,0.2424918854127024,0.6302517990235991,,,120,83,4,3,0,0.7739,0.8576,0.7879,0.76,0.6842,0.7324
ce__hier_addone__s44,ce,hier_addone,44,ce,18,8.146601955249189e-05,7.938926261462367e-05,0.2245457878332076,0.6777091988796714,0.2245457878332076,0.6777091988796714,,,120,83,4,3,0,0.7385,0.8503,0.697,0.78,0.6765,0.6866
ce__hier_addone__s44,ce,hier_addone,44,ce,19,7.938926261462367e-05,7.723195175075138e-05,0.2068824783874305,0.5802844872755806,0.2068824783874305,0.5802844872755806,,,120,83,4,3,0,0.7639,0.8776,0.7879,0.74,0.6667,0.7222
ce__hier_addone__s44,ce,hier_addone,44,ce,20,7.723195175075138e-05,7.500000000000002e-05,0.1452376708473115,0.5424976062588917,0.1452376708473115,0.5424976062588917,,,120,83,4,3,0,0.7491,0.8897,0.8182,0.68,0.6279,0.7105
ce__hier_addone__s44,ce,hier_addone,44,ce,21,7.500000000000002e-05,7.269952498697736e-05,0.11957004399453083,0.5038676138128901,0.11957004399453083,0.5038676138128901,,,120,83,4,3,0,0.7939,0.8842,0.7879,0.8,0.7222,0.7536
ce__hier_addone__s44,ce,hier_addone,44,ce,22,7.269952498697736e-05,7.033683215379003e-05,0.21745871400734576,0.5120354571363745,0.21745871400734576,0.5120354571363745,,,120,83,4,3,0,0.7939,0.8806,0.7879,0.8,0.7222,0.7536
ce__hier_addone__s44,ce,hier_addone,44,ce,23,7.033683215379003e-05,6.791839747726505e-05,0.16819045298821605,0.5523635634697917,0.16819045298821605,0.5523635634697917,,,120,83,4,3,0,0.7939,0.8745,0.7879,0.8,0.7222,0.7536
ce__hier_addone__s44,ce,hier_addone,44,ce,24,6.791839747726505e-05,6.54508497187474e-05,0.13677595211648613,0.5994778225061688,0.13677595211648613,0.5994778225061688,,,120,83,4,3,0,0.7742,0.877,0.8485,0.7,0.6512,0.7368
ce__hier_addone__s44,ce,hier_addone,44,ce,25,6.54508497187474e-05,6.294095225512606e-05,0.1777649334631458,0.6699916649201921,0.1777649334631458,0.6699916649201921,,,120,83,4,3,0,0.7542,0.883,0.8485,0.66,0.6222,0.7179
ce__hier_addone__s44,ce,hier_addone,44,ce,26,6.294095225512606e-05,6.0395584540887984e-05,0.13163761292419743,0.7033156649795247,0.13163761292419743,0.7033156649795247,,,120,83,4,3,0,0.7494,0.8855,0.8788,0.62,0.6042,0.716
ce__hier_addone__s44,ce,hier_addone,44,ce,27,6.0395584540887984e-05,5.782172325201157e-05,0.17223906374983314,0.7325241092157947,0.17223906374983314,0.7325241092157947,,,120,83,4,3,0,0.7594,0.8848,0.8788,0.64,0.617,0.725
ce__hier_addone__s44,ce,hier_addone,44,ce,28,5.782172325201157e-05,5.52264231633827e-05,0.1655682690502489,0.6671402306316837,0.1655682690502489,0.6671402306316837,,,120,83,4,3,0,0.7694,0.8836,0.8788,0.66,0.6304,0.7342
ce__hier_addone__s44,ce,hier_addone,44,ce,29,5.52264231633827e-05,5.261679781214721e-05,0.16313051380413013,0.5982003279139404,0.16313051380413013,0.5982003279139404,,,120,83,4,3,0,0.7942,0.8788,0.8485,0.74,0.6829,0.7568
ce__hier_addone__s44,ce,hier_addone,44,ce,30,5.261679781214721e-05,5.0000000000000036e-05,0.15679114078425663,0.5930991261065909,0.15679114078425663,0.5930991261065909,,,120,83,4,3,0,0.7939,0.8788,0.7879,0.8,0.7222,0.7536
ce__hier_addone__s44,ce,hier_addone,44,ce,31,5.0000000000000036e-05,4.738320218785284e-05,0.12997262401598267,0.5988610449796622,0.12997262401598267,0.5988610449796622,,,120,83,4,3,0,0.8139,0.8709,0.7879,0.84,0.7647,0.7761
ce__hier_addone__s44,ce,hier_addone,44,ce,32,4.738320218785284e-05,4.477357683661736e-05,0.11330013770103176,0.5932456065731858,0.11330013770103176,0.5932456065731858,,,120,83,4,3,0,0.8139,0.8727,0.7879,0.84,0.7647,0.7761
ce__hier_addone__s44,ce,hier_addone,44,ce,33,4.477357683661736e-05,4.217827674798848e-05,0.17556276876957805,0.5851967221936472,0.17556276876957805,0.5851967221936472,,,120,83,4,3,0,0.7939,0.8782,0.7879,0.8,0.7222,0.7536
ce__hier_addone__s44,ce,hier_addone,44,ce,34,4.217827674798848e-05,3.9604415459112055e-05,0.08153589707070956,0.5852972162006078,0.08153589707070956,0.5852972162006078,,,120,83,4,3,0,0.7839,0.8818,0.7879,0.78,0.7027,0.7429
ce__hier_addone__s44,ce,hier_addone,44,ce,35,3.9604415459112055e-05,3.705904774487399e-05,0.07480440086259967,0.6009302696610932,0.07480440086259967,0.6009302696610932,,,120,83,4,3,0,0.7942,0.883,0.8485,0.74,0.6829,0.7568
ce__hier_addone__s44,ce,hier_addone,44,ce,36,3.705904774487399e-05,3.4549150281252656e-05,0.07782936976978187,0.6232027132978049,0.07782936976978187,0.6232027132978049,,,120,83,4,3,0,0.7894,0.88,0.8788,0.7,0.6591,0.7532
ce__hier_addone__s44,ce,hier_addone,44,ce,37,3.4549150281252656e-05,3.2081602522735006e-05,0.17847450833247555,0.6041554413962414,0.17847450833247555,0.6041554413962414,,,120,83,4,3,0,0.7791,0.8812,0.8182,0.74,0.675,0.7397
ce__hier_addone__s44,ce,hier_addone,44,ce,38,3.2081602522735006e-05,2.9663167846210008e-05,0.22129946530704103,0.5859807179223532,0.22129946530704103,0.5859807179223532,,,120,83,4,3,0,0.7991,0.8842,0.8182,0.78,0.7105,0.7606
ce__hier_addone__s44,ce,hier_addone,44,ce,39,2.9663167846210008e-05,2.7300475013022676e-05,0.0818975395542745,0.5926505430706298,0.0818975395542745,0.5926505430706298,,,120,83,4,3,0,0.7891,0.8855,0.8182,0.76,0.6923,0.75
ce__hier_addone__s44,ce,hier_addone,44,ce,40,2.7300475013022676e-05,2.5000000000000025e-05,0.2233797647174777,0.5781390461355814,0.2233797647174777,0.5781390461355814,,,120,83,4,3,0,0.7991,0.8885,0.8182,0.78,0.7105,0.7606
ce__hier_addone__s44,ce,hier_addone,44,ce,41,2.5000000000000025e-05,2.2768048249248675e-05,0.07006955925661723,0.5546748982690409,0.07006955925661723,0.5546748982690409,,,120,83,4,3,0,0.7839,0.8879,0.7879,0.78,0.7027,0.7429
ce__hier_addone__s44,ce,hier_addone,44,ce,42,2.2768048249248675e-05,2.0610737385376362e-05,0.06985760607953759,0.5396974585005954,0.06985760607953759,0.5396974585005954,,,120,83,4,3,0,0.7788,0.8879,0.7576,0.8,0.7143,0.7353
ce__hier_addone__s44,ce,hier_addone,44,ce,43,2.0610737385376362e-05,1.8533980447508148e-05,0.08853202771395606,0.5366027827615256,0.08853202771395606,0.5366027827615256,,,120,83,4,3,0,0.7891,0.8903,0.8182,0.76,0.6923,0.75
ce__hier_addone__s44,ce,hier_addone,44,ce,44,1.8533980447508148e-05,1.6543469682057116e-05,0.0835273787467853,0.5340197352677395,0.0835273787467853,0.5340197352677395,,,120,83,4,3,0,0.7891,0.8879,0.8182,0.76,0.6923,0.75
ce__hier_addone__s44,ce,hier_addone,44,ce,45,1.6543469682057116e-05,1.4644660940672637e-05,0.12844653116901997,0.5525401087036057,0.12844653116901997,0.5525401087036057,,,120,83,4,3,0,0.7891,0.8855,0.8182,0.76,0.6923,0.75
ce__hier_addone__s44,ce,hier_addone,44,ce,46,1.4644660940672637e-05,1.2842758726130304e-05,0.12427644488820584,0.5465139450679355,0.12427644488820584,0.5465139450679355,,,120,83,4,3,0,0.7739,0.8842,0.7879,0.76,0.6842,0.7324
ce__hier_addone__s44,ce,hier_addone,44,ce,47,1.2842758726130304e-05,1.1142701927151465e-05,0.09886322979254603,0.5602868926381368,0.09886322979254603,0.5602868926381368,,,120,83,4,3,0,0.7939,0.88,0.7879,0.8,0.7222,0.7536
