run_id,method,aug,seed,stage,epoch,lr_used,lr_next,train_loss,val_loss,train_base_loss,val_base_loss,train_aux_ce,val_aux_ce,n_train_units,n_val_units,train_batches,val_batches,skipped_batches,val_bacc,val_auc,val_recall_dead,val_recall_alive,val_precision_dead,val_f1_dead
selfcon__simclr__s42,selfcon,simclr,42,contrastive,1,0.0005,0.0004996573836886434,2.2186852411356464,1.9213056544719656,2.2186852411356464,1.9213056544719656,,,2298,1702,36,27,0,,,,,,
selfcon__simclr__s42,selfcon,simclr,42,contrastive,2,0.0004996573836886434,0.0004986304738420682,1.6459744211069078,1.951010440267211,1.6459744211069078,1.951010440267211,,,2298,1702,36,27,0,,,,,,
selfcon__simclr__s42,selfcon,simclr,42,contrastive,3,0.0004986304738420682,0.0004969220851487844,1.3392958724052622,1.690963734120796,1.3392958724052622,1.690963734120796,,,2298,1702,36,27,0,,,,,,
selfcon__simclr__s42,selfcon,simclr,42,contrastive,4,0.0004969220851487844,0.0004945369001834514,1.3201316361638957,1.3910126333791417,1.3201316361638957,1.3910126333791417,,,2298,1702,36,27,0,,,,,,
selfcon__simclr__s42,selfcon,simclr,42,contrastive,5,0.0004945369001834514,0.0004914814565722671,1.1947883295950628,1.370888413679726,1.1947883295950628,1.370888413679726,,,2298,1702,36,27,0,,,,,,
selfcon__simclr__s42,selfcon,simclr,42,contrastive,6,0.0004914814565722671,0.00048776412907378846,0.9840984038937289,1.203643202361433,0.9840984038937289,1.203643202361433,,,2298,1702,36,27,0,,,,,,
selfcon__simclr__s42,selfcon,simclr,42,contrastive,7,0.00048776412907378846,0.00048339510662430044,0.9253974578710511,1.1865097240891775,0.9253974578710511,1.1865097240891775,,,2298,1702,36,27,0,,,,,,
selfcon__simclr__s42,selfcon,simclr,42,contrastive,8,0.00048339510662430044,0.0004783863644106502,0.8233534250703451,1.0181730334437973,0.8233534250703451,1.0181730334437973,,,2298,1702,36,27,0,,,,,,
selfcon__simclr__s42,selfcon,simclr,42,contrastive,9,0.0004783863644106502,0.00047275163104709196,0.8257254633413801,1.0368514979908245,0.8257254633413801,1.0368514979908245,,,2298,1702,36,27,0,,,,,,
selfcon__simclr__s42,selfcon,simclr,42,contrastive,10,0.00047275163104709196,0.00046650635094610973,0.6955819365457414,1.0043359524915136,0.6955819365457414,1.0043359524915136,,,2298,1702,36,27,0,,,,,,
selfcon__simclr__s42,selfcon,simclr,42,contrastive,11,0.00046650635094610973,0.00045966764198635603,0.7802567765752163,0.9690316032648927,0.7802567765752163,0.9690316032648927,,,2298,1702,36,27,0,,,,,,
selfcon__simclr__s42,selfcon,simclr,42,contrastive,12,0.00045966764198635603,0.0004522542485937369,0.6523665118155217,0.9657514335896238,0.6523665118155217,0.9657514335896238,,,2298,1702,36,27,0,,,,,,
selfcon__simclr__s42,selfcon,simclr,42,contrastive,13,0.0004522542485937369,0.00044428649036424276,0.5916038323631486,0.7804126806390832,0.5916038323631486,0.7804126806390832,,,2298,1702,36,27,0,,,,,,
selfcon__simclr__s42,selfcon,simclr,42,contrastive,14,0.00044428649036424276,0.0004357862063693486,0.6303117680902374,0.897447582277372,0.6303117680902374,0.897447582277372,,,2298,1702,36,27,0,,,,,,
selfcon__simclr__s42,selfcon,simclr,42,contrastive,15,0.0004357862063693486,0.00042677669529663696,0.6464555850228193,0.9280144652454609,0.6464555850228193,0.9280144652454609,,,2298,1702,36,27,0,,,,,,
selfcon__simclr__s42,selfcon,simclr,42,contrastive,16,0.00042677669529663696,0.0004172826515897146,0.5434942579300535,0.8575256925982397,0.5434942579300535,0.8575256925982397,,,2298,1702,36,27,0,,,,,,
selfcon__simclr__s42,selfcon,simclr,42,contrastive,17,0.0004172826515897146,0.0004073300977624594,0.5546714736130883,0.7836539058231439,0.5546714736130883,0.7836539058231439,,,2298,1702,36,27,0,,,,,,
selfcon__simclr__s42,selfcon,simclr,42,contrastive,18,0.0004073300977624594,0.0003969463130731183,0.5119397029397382,0.8048853408085613,0.5119397029397382,0.8048853408085613,,,2298,1702,36,27,0,,,,,,
selfcon__simclr__s42,selfcon,simclr,42,contrastive,19,0.0003969463130731183,0.0003861597587537568,0.5302724400948606,0.7512124450275397,0.5302724400948606,0.7512124450275397,,,2298,1702,36,27,0,,,,,,
selfcon__simclr__s42,selfcon,simclr,42,contrastive,20,0.0003861597587537568,0.000375,0.47971954155839763,0.7752530050193661,0.47971954155839763,0.7752530050193661,,,2298,1702,36,27,0,,,,,,
selfcon__simclr__s42,selfcon,simclr,42,contrastive,21,0.000375,0.00036349762493488667,0.4789413220473639,0.7006838440754999,0.4789413220473639,0.7006838440754999,,,2298,1702,36,27,0,,,,,,
selfcon__simclr__s42,selfcon,simclr,42,contrastive,22,0.00036349762493488667,0.0003516841607689501,0.40975947598979406,0.7181017932544443,0.40975947598979406,0.7181017932544443,,,2298,1702,36,27,0,,,,,,
selfcon__simclr__s42,selfcon,simclr,42,contrastive,23,0.0003516841607689501,0.00033959198738632514,0.4450204853289432,0.7385415716050795,0.4450204853289432,0.7385415716050795,,,2298,1702,36,27,0,,,,,,
selfcon__simclr__s42,selfcon,simclr,42,contrastive,24,0.00033959198738632514,0.00032725424859373687,0.43543019595096377,0.6243144828655465,0.43543019595096377,0.6243144828655465,,,2298,1702,36,27,0,,,,,,
selfcon__simclr__s42,selfcon,simclr,42,contrastive,25,0.00032725424859373687,0.00031470476127563017,0.41578674971331087,0.6656965529666524,0.41578674971331087,0.6656965529666524,,,2298,1702,36,27,0,,,,,,
selfcon__simclr__s42,selfcon,simclr,42,contrastive,26,0.00031470476127563017,0.00030197792270443975,0.3838951719180722,0.5254836000510864,0.3838951719180722,0.5254836000510864,,,2298,1702,36,27,0,,,,,,
selfcon__simclr__s42,selfcon,simclr,42,contrastive,27,0.00030197792270443975,0.0002891086162600577,0.31887068636423616,0.5488323914248291,0.31887068636423616,0.5488323914248291,,,2298,1702,36,27,0,,,,,,
selfcon__simclr__s42,selfcon,simclr,42,contrastive,28,0.0002891086162600577,0.00027613211581691336,0.3742089400714745,0.5541110239248859,0.3742089400714745,0.5541110239248859,,,2298,1702,36,27,0,,,,,,
selfcon__simclr__s42,selfcon,simclr,42,contrastive,29,0.00027613211581691336,0.00026308398906073593,0.2865610289589232,0.49639449345624265,0.2865610289589232,0.49639449345624265,,,2298,1702,36,27,0,,,,,,
selfcon__simclr__s42,selfcon,simclr,42,contrastive,30,0.00026308398906073593,0.00025000000000000006,0.2792413117472663,0.5040018783858183,0.2792413117472663,0.5040018783858183,,,2298,1702,36,27,0,,,,,,
selfcon__simclr__s42,selfcon,simclr,42,contrastive,31,0.00025000000000000006,0.00023691601093926408,0.33521575237534373,0.5235800281359643,0.33521575237534373,0.5235800281359643,,,2298,1702,36,27,0,,,,,,
selfcon__simclr__s42,selfcon,simclr,42,contrastive,32,0.00023691601093926408,0.00022386788418308668,0.31529907569665305,0.48938712742087703,0.31529907569665305,0.48938712742087703,,,2298,1702,36,27,0,,,,,,
selfcon__simclr__s42,selfcon,simclr,42,contrastive,33,0.00022386788418308668,0.0002108913837399423,0.26702957635370933,0.4999127006103513,0.26702957635370933,0.4999127006103513,,,2298,1702,36,27,0,,,,,,
selfcon__simclr__s42,selfcon,simclr,42,contrastive,34,0.0002108913837399423,0.00019802207729556018,0.21695299560708312,0.48793536536701976,0.21695299560708312,0.48793536536701976,,,2298,1702,36,27,0,,,,,,
selfcon__simclr__s42,selfcon,simclr,42,contrastive,35,0.00019802207729556018,0.00018529523872436987,0.23498453811991205,0.42399520305292865,0.23498453811991205,0.42399520305292865,,,2298,1702,36,27,0,,,,,,
selfcon__simclr__s42,selfcon,simclr,42,contrastive,36,0.00018529523872436987,0.0001727457514062632,0.24860835863881986,0.4259989253222312,0.24860835863881986,0.4259989253222312,,,2298,1702,36,27,0,,,,,,
selfcon__simclr__s42,selfcon,simclr,42,contrastive,37,0.0001727457514062632,0.00016040801261367496,0.2580070147782019,0.42777336356432544,0.2580070147782019,0.42777336356432544,,,2298,1702,36,27,0,,,,,,
selfcon__simclr__s42,selfcon,simclr,42,contrastive,38,0.00016040801261367496,0.00014831583923105,0.2168063436569184,0.4258141837725208,0.2168063436569184,0.4258141837725208,,,2298,1702,36,27,0,,,,,,
selfcon__simclr__s42,selfcon,simclr,42,contrastive,39,0.00014831583923105,0.00013650237506511334,0.21192115602335584,0.4084060862747959,0.21192115602335584,0.4084060862747959,,,2298,1702,36,27,0,,,,,,
selfcon__simclr__s42,selfcon,simclr,42,contrastive,40,0.00013650237506511334,0.00012500000000000008,0.18223921313972655,0.4168611791260654,0.18223921313972655,0.4168611791260654,,,2298,1702,36,27,0,,,,,,
selfcon__simclr__s42,selfcon,simclr,42,contrastive,41,0.00012500000000000008,0.00011384024124624333,0.19827661748239536,0.40972146928555536,0.19827661748239536,0.40972146928555536,,,2298,1702,36,27,0,,,,,,
selfcon__simclr__s42,selfcon,simclr,42,contrastive,42,0.00011384024124624333,0.00010305368692688177,0.21942403860020576,0.38736854884970484,0.21942403860020576,0.38736854884970484,,,2298,1702,36,27,0,,,,,,
selfcon__simclr__s42,selfcon,simclr,42,contrastive,43,0.00010305368692688177,9.26699022375407e-05,0.18589211801947253,0.35834282164305414,0.18589211801947253,0.35834282164305414,,,2298,1702,36,27,0,,,,,,
selfcon__simclr__s42,selfcon,simclr,42,contrastive,44,9.26699022375407e-05,8.271734841028555e-05,0.17806127553301546,0.34687019631126514,0.17806127553301546,0.34687019631126514,,,2298,1702,36,27,0,,,,,,
selfcon__simclr__s42,selfcon,simclr,42,contrastive,45,8.271734841028555e-05,7.322330470336315e-05,0.20772034580859025,0.3523018478200312,0.20772034580859025,0.3523018478200312,,,2298,1702,36,27,0,,,,,,
selfcon__simclr__s42,selfcon,simclr,42,contrastive,46,7.322330470336315e-05,6.421379363065149e-05,0.1470073124797475,0.343988939296765,0.1470073124797475,0.343988939296765,,,2298,1702,36,27,0,,,,,,
selfcon__simclr__s42,selfcon,simclr,42,contrastive,47,6.421379363065149e-05,5.5713509635757295e-05,0.15295968709871807,0.3414026388130233,0.15295968709871807,0.3414026388130233,,,2298,1702,36,27,0,,,,,,
selfcon__simclr__s42,selfcon,simclr,42,contrastive,48,5.5713509635757295e-05,4.774575140626318e-05,0.16449231643382106,0.3337620689055404,0.16449231643382106,0.3337620689055404,,,2298,1702,36,27,0,,,,,,
selfcon__simclr__s42,selfcon,simclr,42,contrastive,49,4.774575140626318e-05,4.0332358013644026e-05,0.14618954651569988,0.3284838336545068,0.14618954651569988,0.3284838336545068,,,2298,1702,36,27,0,,,,,,
selfcon__simclr__s42,selfcon,simclr,42,contrastive,50,4.0332358013644026e-05,3.349364905389033e-05,0.18034785643570106,0.32733188389190915,0.18034785643570106,0.32733188389190915,,,2298,1702,36,27,0,,,,,,
selfcon__simclr__s42,selfcon,simclr,42,contrastive,51,3.349364905389033e-05,2.724836895290806e-05,0.15954380011019031,0.32075071397875504,0.15954380011019031,0.32075071397875504,,,2298,1702,36,27,0,,,,,,
selfcon__simclr__s42,selfcon,simclr,42,contrastive,52,2.724836895290806e-05,2.161363558934976e-05,0.1648828285779509,0.31721288770804956,0.1648828285779509,0.31721288770804956,,,2298,1702,36,27,0,,,,,,
selfcon__simclr__s42,selfcon,simclr,42,contrastive,53,2.161363558934976e-05,1.6604893375699568e-05,0.16916035024937182,0.3118932074774166,0.16916035024937182,0.3118932074774166,,,2298,1702,36,27,0,,,,,,
selfcon__simclr__s42,selfcon,simclr,42,contrastive,54,1.6604893375699568e-05,1.2235870926211619e-05,0.14579992305918607,0.311809449972088,0.14579992305918607,0.311809449972088,,,2298,1702,36,27,0,,,,,,
selfcon__simclr__s42,selfcon,simclr,42,contrastive,55,1.2235870926211619e-05,8.518543427732923e-06,0.1627583851935658,0.3114973235433236,0.1627583851935658,0.3114973235433236,,,2298,1702,36,27,0,,,,,,
selfcon__simclr__s42,selfcon,simclr,42,contrastive,56,8.518543427732923e-06,5.463099816548579e-06,0.13825196664524245,0.31100466778692293,0.13825196664524245,0.31100466778692293,,,2298,1702,36,27,0,,,,,,
selfcon__simclr__s42,selfcon,simclr,42,contrastive,57,5.463099816548579e-06,3.077914851215586e-06,0.1309795533708119,0.30860230843640524,0.1309795533708119,0.30860230843640524,,,2298,1702,36,27,0,,,,,,
selfcon__simclr__s42,selfcon,simclr,42,contrastive,58,3.077914851215586e-06,1.3695261579316502e-06,0.14004860321356485,0.3085972292372819,0.14004860321356485,0.3085972292372819,,,2298,1702,36,27,0,,,,,,
selfcon__simclr__s42,selfcon,simclr,42,contrastive,59,1.3695261579316502e-06,3.4261631135654184e-07,0.13446879801255293,0.3061978002894149,0.13446879801255293,0.3061978002894149,,,2298,1702,36,27,0,,,,,,
selfcon__simclr__s42,selfcon,simclr,42,contrastive,60,3.4261631135654184e-07,0.0,0.14679488774431176,0.30812446478881234,0.14679488774431176,0.30812446478881234,,,2298,1702,36,27,0,,,,,,
selfcon__simclr__s42,selfcon,simclr,42,selfcon_probe,1,0.001,0.000998458666866564,0.4643743576269188,0.3164922966304065,0.4643743576269188,0.3164922966304065,,,1149,851,36,27,0,0.8713,0.9428,0.8522,0.8904,0.709,0.774
selfcon__simclr__s42,selfcon,simclr,42,selfcon_probe,2,0.000998458666866564,0.0009938441702975688,0.2722653797981116,0.26980840428982256,0.2722653797981116,0.26980840428982256,,,1149,851,36,27,0,0.8921,0.9613,0.9261,0.858,0.6714,0.7785
selfcon__simclr__s42,selfcon,simclr,42,selfcon_probe,3,0.0009938441702975688,0.0009861849601988382,0.2332074124206561,0.24063607005331156,0.2332074124206561,0.24063607005331156,,,1149,851,36,27,0,0.9151,0.967,0.9212,0.909,0.7602,0.833
selfcon__simclr__s42,selfcon,simclr,42,selfcon_probe,4,0.0009861849601988382,0.0009755282581475767,0.21442850761809498,0.2310430624666452,0.21442850761809498,0.2310430624666452,,,1149,851,36,27,0,0.9125,0.9686,0.8867,0.9383,0.8182,0.8511
selfcon__simclr__s42,selfcon,simclr,42,selfcon_probe,5,0.0009755282581475767,0.0009619397662556432,0.21340362752634637,0.22678851411906367,0.21340362752634637,0.22678851411906367,,,1149,851,36,27,0,0.9192,0.9695,0.931,0.9074,0.759,0.8363
selfcon__simclr__s42,selfcon,simclr,42,selfcon_probe,6,0.0009619397662556432,0.0009455032620941838,0.19853856292580252,0.2204579242775015,0.19853856292580252,0.2204579242775015,,,1149,851,36,27,0,0.9149,0.9704,0.8916,0.9383,0.819,0.8538
selfcon__simclr__s42,selfcon,simclr,42,selfcon_probe,7,0.0009455032620941838,0.000926320082177046,0.1810464586757552,0.21928067298900364,0.1810464586757552,0.21928067298900364,,,1149,851,36,27,0,0.9135,0.9707,0.9212,0.9059,0.754,0.8293
selfcon__simclr__s42,selfcon,simclr,42,selfcon_probe,8,0.000926320082177046,0.0009045084971874736,0.17691626361061197,0.225255069520899,0.17691626361061197,0.225255069520899,,,1149,851,36,27,0,0.9174,0.9715,0.9458,0.8889,0.7273,0.8223
selfcon__simclr__s42,selfcon,simclr,42,selfcon_probe,9,0.0009045084971874736,0.0008802029828000154,0.16980929758441266,0.2139881278854465,0.16980929758441266,0.2139881278854465,,,1149,851,36,27,0,0.9172,0.9717,0.9163,0.9182,0.7782,0.8416
selfcon__simclr__s42,selfcon,simclr,42,selfcon_probe,10,0.0008802029828000154,0.0008535533905932736,0.1618132662437645,0.2099041759537341,0.1618132662437645,0.2099041759537341,,,1149,851,36,27,0,0.9203,0.9721,0.9163,0.9244,0.7915,0.8493
selfcon__simclr__s42,selfcon,simclr,42,selfcon_probe,11,0.0008535533905932736,0.0008247240241650918,0.1715582421679888,0.21183993468275825,0.1715582421679888,0.21183993468275825,,,1149,851,36,27,0,0.9159,0.9714,0.8966,0.9352,0.8125,0.8525
selfcon__simclr__s42,selfcon,simclr,42,selfcon_probe,12,0.0008247240241650918,0.0007938926261462365,0.162195186030494,0.20934332969872815,0.162195186030494,0.20934332969872815,,,1149,851,36,27,0,0.9242,0.9722,0.9163,0.9321,0.8087,0.8591
selfcon__simclr__s42,selfcon,simclr,42,selfcon_probe,13,0.0007938926261462365,0.0007612492823579742,0.15259114202599244,0.20886092482875557,0.15259114202599244,0.20886092482875557,,,1149,851,36,27,0,0.9179,0.9721,0.9113,0.9244,0.7906,0.8467
selfcon__simclr__s42,selfcon,simclr,42,selfcon_probe,14,0.0007612492823579742,0.0007269952498697732,0.15711066018809108,0.2053108272042603,0.15711066018809108,0.2053108272042603,,,1149,851,36,27,0,0.9176,0.9732,0.9015,0.9336,0.8097,0.8531
selfcon__simclr__s42,selfcon,simclr,42,selfcon_probe,15,0.0007269952498697732,0.0006913417161825447,0.15810392539978665,0.20553340526960354,0.15810392539978665,0.20553340526960354,,,1149,851,36,27,0,0.9191,0.9732,0.9015,0.9367,0.817,0.8571
selfcon__simclr__s42,selfcon,simclr,42,selfcon_probe,16,0.0006913417161825447,0.0006545084971874736,0.15349270939312398,0.20462545111458547,0.15349270939312398,0.20462545111458547,,,1149,851,36,27,0,0.9251,0.9734,0.9212,0.929,0.8026,0.8578
selfcon__simclr__s42,selfcon,simclr,42,selfcon_probe,17,0.0006545084971874736,0.0006167226819279527,0.15132450028999966,0.20563616123513054,0.15132450028999966,0.20563616123513054,,,1149,851,36,27,0,0.9276,0.9731,0.9261,0.929,0.8034,0.8604
selfcon__simclr__s42,selfcon,simclr,42,selfcon_probe,18,0.0006167226819279527,0.0005782172325201154,0.13922046409306324,0.2053840297315638,0.13922046409306324,0.2053840297315638,,,1149,851,36,27,0,0.923,0.9731,0.9015,0.9444,0.8356,0.8673
selfcon__simclr__s42,selfcon,simclr,42,selfcon_probe,19,0.0005782172325201154,0.0005392295478639224,0.1467980622318468,0.20318994446784244,0.1467980622318468,0.20318994446784244,,,1149,851,36,27,0,0.9265,0.9737,0.9163,0.9367,0.8194,0.8651
selfcon__simclr__s42,selfcon,simclr,42,selfcon_probe,20,0.0005392295478639224,0.0004999999999999999,0.1381481247985089,0.20275348721318104,0.1381481247985089,0.20275348721318104,,,1149,851,36,27,0,0.9228,0.9738,0.9212,0.9244,0.7924,0.8519
selfcon__simclr__s42,selfcon,simclr,42,selfcon_probe,21,0.0004999999999999999,0.0004607704521360775,0.13773669168528033,0.20490813338049396,0.13773669168528033,0.20490813338049396,,,1149,851,36,27,0,0.9211,0.974,0.8916,0.9506,0.8498,0.8702
selfcon__simclr__s42,selfcon,simclr,42,selfcon_probe,22,0.0004607704521360775,0.0004217827674798846,0.1418087555572887,0.20203615991250964,0.1418087555572887,0.20203615991250964,,,1149,851,36,27,0,0.927,0.974,0.9064,0.9475,0.844,0.8741
selfcon__simclr__s42,selfcon,simclr,42,selfcon_probe,23,0.0004217827674798846,0.0003832773180720472,0.13433146891191472,0.20389236629749968,0.13433146891191472,0.20389236629749968,,,1149,851,36,27,0,0.9214,0.9736,0.9015,0.9414,0.8281,0.8632
selfcon__simclr__s42,selfcon,simclr,42,selfcon_probe,24,0.0003832773180720472,0.0003454915028125262,0.13416384594561603,0.19996266340341579,0.13416384594561603,0.19996266340341579,,,1149,851,36,27,0,0.9231,0.9746,0.9064,0.9398,0.8251,0.8638
selfcon__simclr__s42,selfcon,simclr,42,selfcon_probe,25,0.0003454915028125262,0.00030865828381745506,0.13263403534337312,0.20015700216320786,0.13263403534337312,0.20015700216320786,,,1149,851,36,27,0,0.923,0.9746,0.9015,0.9444,0.8356,0.8673
selfcon__simclr__s42,selfcon,simclr,42,selfcon_probe,26,0.00030865828381745506,0.0002730047501302265,0.12870610176045827,0.20202377920190473,0.12870610176045827,0.20202377920190473,,,1149,851,36,27,0,0.9213,0.9742,0.8966,0.946,0.8387,0.8667
selfcon__simclr__s42,selfcon,simclr,42,selfcon_probe,27,0.0002730047501302265,0.0002387507176420255,0.12538018955712035,0.20112080875308427,0.12538018955712035,0.20112080875308427,,,1149,851,36,27,0,0.923,0.9745,0.9015,0.9444,0.8356,0.8673
selfcon__simclr__s42,selfcon,simclr,42,selfcon_probe,28,0.0002387507176420255,0.0002061073738537634,0.13367343755638006,0.1998813189781753,0.13367343755638006,0.1998813189781753,,,1149,851,36,27,0,0.9222,0.9747,0.9015,0.9429,0.8318,0.8652
selfcon__simclr__s42,selfcon,simclr,42,selfcon_probe,29,0.0002061073738537634,0.00017527597583490815,0.12811764806920697,0.20157476600880947,0.12811764806920697,0.20157476600880947,,,1149,851,36,27,0,0.9245,0.9747,0.9015,0.9475,0.8433,0.8714
selfcon__simclr__s42,selfcon,simclr,42,selfcon_probe,30,0.00017527597583490815,0.0001464466094067262,0.13078495722568148,0.20189508000448625,0.13078495722568148,0.20189508000448625,,,1149,851,36,27,0,0.922,0.9746,0.8966,0.9475,0.8426,0.8687
selfcon__simclr__s42,selfcon,simclr,42,selfcon_probe,31,0.0001464466094067262,0.00011979701719998447,0.13070711542513289,0.20207874595053288,0.13070711542513289,0.20207874595053288,,,1149,851,36,27,0,0.9213,0.9745,0.8966,0.946,0.8387,0.8667
selfcon__simclr__s42,selfcon,simclr,42,selfcon_probe,32,0.00011979701719998447,9.549150281252627e-05,0.12779730583975696,0.19970808874071988,0.12779730583975696,0.19970808874071988,,,1149,851,36,27,0,0.9222,0.9749,0.9015,0.9429,0.8318,0.8652
selfcon__simclr__s43,selfcon,simclr,43,contrastive,1,0.0005,0.0004996573836886434,2.269738999940293,1.8907213052767564,2.269738999940293,1.8907213052767564,,,2298,1702,36,27,0,,,,,,
selfcon__simclr__s43,selfcon,simclr,43,contrastive,2,0.0004996573836886434,0.0004986304738420682,1.4598552638079625,1.6103595273895353,1.4598552638079625,1.6103595273895353,,,2298,1702,36,27,0,,,,,,
selfcon__simclr__s43,selfcon,simclr,43,contrastive,3,0.0004986304738420682,0.0004969220851487844,1.2374537841873234,1.5054520819638226,1.2374537841873234,1.5054520819638226,,,2298,1702,36,27,0,,,,,,
selfcon__simclr__s43,selfcon,simclr,43,contrastive,4,0.0004969220851487844,0.0004945369001834514,1.1634078975134667,1.5471211593383627,1.1634078975134667,1.5471211593383627,,,2298,1702,36,27,0,,,,,,
selfcon__simclr__s43,selfcon,simclr,43,contrastive,5,0.0004945369001834514,0.0004914814565722671,1.034536576250307,1.169250666464818,1.034536576250307,1.169250666464818,,,2298,1702,36,27,0,,,,,,
selfcon__simclr__s43,selfcon,simclr,43,contrastive,6,0.0004914814565722671,0.00048776412907378846,0.8650867465374468,1.210427863197237,0.8650867465374468,1.210427863197237,,,2298,1702,36,27,0,,,,,,
selfcon__simclr__s43,selfcon,simclr,43,contrastive,7,0.00048776412907378846,0.00048339510662430044,0.8781740055383029,1.2464156968893372,0.8781740055383029,1.2464156968893372,,,2298,1702,36,27,0,,,,,,
selfcon__simclr__s43,selfcon,simclr,43,contrastive,8,0.00048339510662430044,0.0004783863644106502,0.8837193542713699,1.2320476675145635,0.8837193542713699,1.2320476675145635,,,2298,1702,36,27,0,,,,,,
selfcon__simclr__s43,selfcon,simclr,43,contrastive,9,0.0004783863644106502,0.00047275163104709196,0.8465770650573976,1.1141794403067207,0.8465770650573976,1.1141794403067207,,,2298,1702,36,27,0,,,,,,
selfcon__simclr__s43,selfcon,simclr,43,contrastive,10,0.00047275163104709196,0.00046650635094610973,0.8002622951052312,1.130822953585312,0.8002622951052312,1.130822953585312,,,2298,1702,36,27,0,,,,,,
selfcon__simclr__s43,selfcon,simclr,43,contrastive,11,0.00046650635094610973,0.00045966764198635603,0.7940325081815296,1.1560118375597774,0.7940325081815296,1.1560118375597774,,,2298,1702,36,27,0,,,,,,
selfcon__simclr__s43,selfcon,simclr,43,contrastive,12,0.00045966764198635603,0.0004522542485937369,0.7072644199984711,0.98296701950136,0.7072644199984711,0.98296701950136,,,2298,1702,36,27,0,,,,,,
selfcon__simclr__s43,selfcon,simclr,43,contrastive,13,0.0004522542485937369,0.00044428649036424276,0.625019513128943,0.8690615496680263,0.625019513128943,0.8690615496680263,,,2298,1702,36,27,0,,,,,,
selfcon__simclr__s43,selfcon,simclr,43,contrastive,14,0.00044428649036424276,0.0004357862063693486,0.6551527356561938,0.9099007819009863,0.6551527356561938,0.9099007819009863,,,2298,1702,36,27,0,,,,,,
selfcon__simclr__s43,selfcon,simclr,43,contrastive,15,0.0004357862063693486,0.00042677669529663696,0.5888411684384857,0.8057494828199527,0.5888411684384857,0.8057494828199527,,,2298,1702,36,27,0,,,,,,
selfcon__simclr__s43,selfcon,simclr,43,contrastive,16,0.00042677669529663696,0.0004172826515897146,0.5675377794407678,0.9637080255882721,0.5675377794407678,0.9637080255882721,,,2298,1702,36,27,0,,,,,,
selfcon__simclr__s43,selfcon,simclr,43,contrastive,17,0.0004172826515897146,0.0004073300977624594,0.5782534802240118,0.8182720774489199,0.5782534802240118,0.8182720774489199,,,2298,1702,36,27,0,,,,,,
selfcon__simclr__s43,selfcon,simclr,43,contrastive,18,0.0004073300977624594,0.0003969463130731183,0.5000063171845296,0.770073686552384,0.5000063171845296,0.770073686552384,,,2298,1702,36,27,0,,,,,,
selfcon__simclr__s43,selfcon,simclr,43,contrastive,19,0.0003969463130731183,0.0003861597587537568,0.5099267199103784,0.8338337652691663,0.5099267199103784,0.8338337652691663,,,2298,1702,36,27,0,,,,,,
selfcon__simclr__s43,selfcon,simclr,43,contrastive,20,0.0003861597587537568,0.000375,0.4963824984506486,0.7515378116370648,0.4963824984506486,0.7515378116370648,,,2298,1702,36,27,0,,,,,,
selfcon__simclr__s43,selfcon,simclr,43,contrastive,21,0.000375,0.00036349762493488667,0.4465672971114996,0.6913137791019489,0.4465672971114996,0.6913137791019489,,,2298,1702,36,27,0,,,,,,
selfcon__simclr__s43,selfcon,simclr,43,contrastive,22,0.00036349762493488667,0.0003516841607689501,0.4344215251965768,0.7510542979531787,0.4344215251965768,0.7510542979531787,,,2298,1702,36,27,0,,,,,,
selfcon__simclr__s43,selfcon,simclr,43,contrastive,23,0.0003516841607689501,0.00033959198738632514,0.4564184311086764,0.6886865825826777,0.4564184311086764,0.6886865825826777,,,2298,1702,36,27,0,,,,,,
selfcon__simclr__s43,selfcon,simclr,43,contrastive,24,0.00033959198738632514,0.00032725424859373687,0.39369629148403595,0.6889176073841987,0.39369629148403595,0.6889176073841987,,,2298,1702,36,27,0,,,,,,
selfcon__simclr__s43,selfcon,simclr,43,contrastive,25,0.00032725424859373687,0.00031470476127563017,0.3542449443339264,0.7383617194222788,0.3542449443339264,0.7383617194222788,,,2298,1702,36,27,0,,,,,,
selfcon__simclr__s43,selfcon,simclr,43,contrastive,26,0.00031470476127563017,0.00030197792270443975,0.3626581439253971,0.5861592483646582,0.3626581439253971,0.5861592483646582,,,2298,1702,36,27,0,,,,,,
selfcon__simclr__s43,selfcon,simclr,43,contrastive,27,0.00030197792270443975,0.0002891086162600577,0.32775560208151294,0.601831194044,0.32775560208151294,0.601831194044,,,2298,1702,36,27,0,,,,,,
selfcon__simclr__s43,selfcon,simclr,43,contrastive,28,0.0002891086162600577,0.00027613211581691336,0.28855165610944217,0.5599809629376431,0.28855165610944217,0.5599809629376431,,,2298,1702,36,27,0,,,,,,
selfcon__simclr__s43,selfcon,simclr,43,contrastive,29,0.00027613211581691336,0.00026308398906073593,0.34653582572418257,0.6187809140155515,0.34653582572418257,0.6187809140155515,,,2298,1702,36,27,0,,,,,,
selfcon__simclr__s43,selfcon,simclr,43,contrastive,30,0.00026308398906073593,0.00025000000000000006,0.2674608771260455,0.5774844193920826,0.2674608771260455,0.5774844193920826,,,2298,1702,36,27,0,,,,,,
selfcon__simclr__s43,selfcon,simclr,43,contrastive,31,0.00025000000000000006,0.00023691601093926408,0.26322307038867443,0.5870687786826796,0.26322307038867443,0.5870687786826796,,,2298,1702,36,27,0,,,,,,
selfcon__simclr__s43,selfcon,simclr,43,contrastive,32,0.00023691601093926408,0.00022386788418308668,0.30780144545490373,0.5451289131519517,0.30780144545490373,0.5451289131519517,,,2298,1702,36,27,0,,,,,,
selfcon__simclr__s43,selfcon,simclr,43,contrastive,33,0.00022386788418308668,0.0002108913837399423,0.3070566257359776,0.49433525400422296,0.3070566257359776,0.49433525400422296,,,2298,1702,36,27,0,,,,,,
selfcon__simclr__s43,selfcon,simclr,43,contrastive,34,0.0002108913837399423,0.00019802207729556018,0.241541194256956,0.49663265823407404,0.241541194256956,0.49663265823407404,,,2298,1702,36,27,0,,,,,,
selfcon__simclr__s43,selfcon,simclr,43,contrastive,35,0.00019802207729556018,0.00018529523872436987,0.24139494149969182,0.46381458472000864,0.24139494149969182,0.46381458472000864,,,2298,1702,36,27,0,,,,,,
selfcon__simclr__s43,selfcon,simclr,43,contrastive,36,0.00018529523872436987,0.0001727457514062632,0.2511110160535475,0.47160415740116784,0.2511110160535475,0.47160415740116784,,,2298,1702,36,27,0,,,,,,
selfcon__simclr__s43,selfcon,simclr,43,contrastive,37,0.0001727457514062632,0.00016040801261367496,0.19696400411187098,0.4384925231670241,0.19696400411187098,0.4384925231670241,,,2298,1702,36,27,0,,,,,,
selfcon__simclr__s43,selfcon,simclr,43,contrastive,38,0.00016040801261367496,0.00014831583923105,0.19923955313634417,0.42422517946758226,0.19923955313634417,0.42422517946758226,,,2298,1702,36,27,0,,,,,,
selfcon__simclr__s43,selfcon,simclr,43,contrastive,39,0.00014831583923105,0.00013650237506511334,0.2104263167935314,0.45453755467359663,0.2104263167935314,0.45453755467359663,,,2298,1702,36,27,0,,,,,,
selfcon__simclr__s43,selfcon,simclr,43,contrastive,40,0.00013650237506511334,0.00012500000000000008,0.18884089047022753,0.43373894416557496,0.18884089047022753,0.43373894416557496,,,2298,1702,36,27,0,,,,,,
selfcon__simclr__s43,selfcon,simclr,43,contrastive,41,0.00012500000000000008,0.00011384024124624333,0.19496822100395322,0.39854818763765126,0.19496822100395322,0.39854818763765126,,,2298,1702,36,27,0,,,,,,
selfcon__simclr__s43,selfcon,simclr,43,contrastive,42,0.00011384024124624333,0.00010305368692688177,0.19596798085097752,0.3756952584052478,0.19596798085097752,0.3756952584052478,,,2298,1702,36,27,0,,,,,,
selfcon__simclr__s43,selfcon,simclr,43,contrastive,43,0.00010305368692688177,9.26699022375407e-05,0.1720006577249088,0.3791613925497905,0.1720006577249088,0.3791613925497905,,,2298,1702,36,27,0,,,,,,
selfcon__simclr__s43,selfcon,simclr,43,contrastive,44,9.26699022375407e-05,8.271734841028555e-05,0.18250927985285137,0.3667028605079959,0.18250927985285137,0.3667028605079959,,,2298,1702,36,27,0,,,,,,
selfcon__simclr__s43,selfcon,simclr,43,contrastive,45,8.271734841028555e-05,7.322330470336315e-05,0.16680889806221422,0.3670083368251803,0.16680889806221422,0.3670083368251803,,,2298,1702,36,27,0,,,,,,
selfcon__simclr__s43,selfcon,simclr,43,contrastive,46,7.322330470336315e-05,6.421379363065149e-05,0.15434112361558527,0.38983328822566815,0.15434112361558527,0.38983328822566815,,,2298,1702,36,27,0,,,,,,
selfcon__simclr__s43,selfcon,simclr,43,contrastive,47,6.421379363065149e-05,5.5713509635757295e-05,0.1613711382483689,0.37643683341919465,0.1613711382483689,0.37643683341919465,,,2298,1702,36,27,0,,,,,,
selfcon__simclr__s43,selfcon,simclr,43,contrastive,48,5.5713509635757295e-05,4.774575140626318e-05,0.17238110030885362,0.3617440353811978,0.17238110030885362,0.3617440353811978,,,2298,1702,36,27,0,,,,,,
selfcon__simclr__s43,selfcon,simclr,43,contrastive,49,4.774575140626318e-05,4.0332358013644026e-05,0.14172299944182082,0.369496302891492,0.14172299944182082,0.369496302891492,,,2298,1702,36,27,0,,,,,,
selfcon__simclr__s43,selfcon,simclr,43,contrastive,50,4.0332358013644026e-05,3.349364905389033e-05,0.15148430818884762,0.3526782393017751,0.15148430818884762,0.3526782393017751,,,2298,1702,36,27,0,,,,,,
selfcon__simclr__s43,selfcon,simclr,43,contrastive,51,3.349364905389033e-05,2.724836895290806e-05,0.19317019256147952,0.34976499182742293,0.19317019256147952,0.34976499182742293,,,2298,1702,36,27,0,,,,,,
selfcon__simclr__s43,selfcon,simclr,43,contrastive,52,2.724836895290806e-05,2.161363558934976e-05,0.17139454840887516,0.3410502229713245,0.17139454840887516,0.3410502229713245,,,2298,1702,36,27,0,,,,,,
selfcon__simclr__s43,selfcon,simclr,43,contrastive,53,2.161363558934976e-05,1.6604893375699568e-05,0.13622158853980745,0.33613565559778036,0.13622158853980745,0.33613565559778036,,,2298,1702,36,27,0,,,,,,
selfcon__simclr__s43,selfcon,simclr,43,contrastive,54,1.6604893375699568e-05,1.2235870926211619e-05,0.15974243923379766,0.335537131389846,0.15974243923379766,0.335537131389846,,,2298,1702,36,27,0,,,,,,
selfcon__simclr__s43,selfcon,simclr,43,contrastive,55,1.2235870926211619e-05,8.518543427732923e-06,0.13192174010452132,0.3306657731287908,0.13192174010452132,0.3306657731287908,,,2298,1702,36,27,0,,,,,,
selfcon__simclr__s43,selfcon,simclr,43,contrastive,56,8.518543427732923e-06,5.463099816548579e-06,0.14511634392568193,0.32917429784315033,0.14511634392568193,0.32917429784315033,,,2298,1702,36,27,0,,,,,,
selfcon__simclr__s43,selfcon,simclr,43,contrastive,57,5.463099816548579e-06,3.077914851215586e-06,0.12580890321311378,0.32132957225225506,0.12580890321311378,0.32132957225225506,,,2298,1702,36,27,0,,,,,,
selfcon__simclr__s43,selfcon,simclr,43,contrastive,58,3.077914851215586e-06,1.3695261579316502e-06,0.16606254561814773,0.328094547078206,0.16606254561814773,0.328094547078206,,,2298,1702,36,27,0,,,,,,
selfcon__simclr__s43,selfcon,simclr,43,contrastive,59,1.3695261579316502e-06,3.4261631135654184e-07,0.15280194942384726,0.3264761190559413,0.15280194942384726,0.3264761190559413,,,2298,1702,36,27,0,,,,,,
selfcon__simclr__s43,selfcon,simclr,43,contrastive,60,3.4261631135654184e-07,0.0,0.14617791411355852,0.3255686165915953,0.14617791411355852,0.3255686165915953,,,2298,1702,36,27,0,,,,,,
selfcon__simclr__s43,selfcon,simclr,43,selfcon_probe,1,0.001,0.000998458666866564,0.37103874703836826,0.28254876910185395,0.37103874703836826,0.28254876910185395,,,1149,851,36,27,0,0.8898,0.9542,0.9015,0.8781,0.6985,0.7871
selfcon__simclr__s43,selfcon,simclr,43,selfcon_probe,2,0.000998458666866564,0.0009938441702975688,0.24902023783678845,0.261059800919519,0.24902023783678845,0.261059800919519,,,1149,851,36,27,0,0.9021,0.9611,0.9261,0.8781,0.7041,0.8
selfcon__simclr__s43,selfcon,simclr,43,selfcon_probe,3,0.0009938441702975688,0.0009861849601988382,0.23286428240058646,0.244664361220465,0.23286428240058646,0.244664361220465,,,1149,851,36,27,0,0.9162,0.9643,0.9064,0.9259,0.7931,0.846
selfcon__simclr__s43,selfcon,simclr,43,selfcon_probe,4,0.0009861849601988382,0.0009755282581475767,0.20697192481438387,0.23998335963310008,0.20697192481438387,0.23998335963310008,,,1149,851,36,27,0,0.9133,0.9663,0.8867,0.9398,0.8219,0.8531
selfcon__simclr__s43,selfcon,simclr,43,selfcon_probe,5,0.0009755282581475767,0.0009619397662556432,0.2094162678217959,0.25247841439966495,0.2094162678217959,0.25247841439966495,,,1149,851,36,27,0,0.8962,0.9655,0.936,0.8565,0.6714,0.7819
selfcon__simclr__s43,selfcon,simclr,43,selfcon_probe,6,0.0009619397662556432,0.0009455032620941838,0.19822093641674726,0.22975929819898058,0.19822093641674726,0.22975929819898058,,,1149,851,36,27,0,0.9208,0.9677,0.9064,0.9352,0.8142,0.8578
selfcon__simclr__s43,selfcon,simclr,43,selfcon_probe,7,0.0009455032620941838,0.000926320082177046,0.19162466012324947,0.22286464137821665,0.19162466012324947,0.22286464137821665,,,1149,851,36,27,0,0.9246,0.9689,0.931,0.9182,0.781,0.8494
selfcon__simclr__s43,selfcon,simclr,43,selfcon_probe,8,0.000926320082177046,0.0009045084971874736,0.1790824660223077,0.22747237460693595,0.1790824660223077,0.22747237460693595,,,1149,851,36,27,0,0.9285,0.9681,0.9064,0.9506,0.8519,0.8783
selfcon__simclr__s43,selfcon,simclr,43,selfcon_probe,9,0.0009045084971874736,0.0008802029828000154,0.17170285255799927,0.2231875300550333,0.17170285255799927,0.2231875300550333,,,1149,851,36,27,0,0.9287,0.9683,0.9113,0.946,0.8409,0.8747
selfcon__simclr__s43,selfcon,simclr,43,selfcon_probe,10,0.0008802029828000154,0.0008535533905932736,0.16661282850891868,0.22284641784414047,0.16661282850891868,0.22284641784414047,,,1149,851,36,27,0,0.9225,0.969,0.936,0.909,0.7631,0.8407
selfcon__simclr__s43,selfcon,simclr,43,selfcon_probe,11,0.0008535533905932736,0.0008247240241650918,0.15794468306035783,0.22524566703611665,0.15794468306035783,0.22524566703611665,,,1149,851,36,27,0,0.9161,0.9684,0.931,0.9012,0.747,0.8289
selfcon__simclr__s43,selfcon,simclr,43,selfcon_probe,12,0.0008247240241650918,0.0007938926261462365,0.1548193449708982,0.22073339089174024,0.1548193449708982,0.22073339089174024,,,1149,851,36,27,0,0.9246,0.9689,0.931,0.9182,0.781,0.8494
selfcon__simclr__s43,selfcon,simclr,43,selfcon_probe,13,0.0007938926261462365,0.0007612492823579742,0.15367730551623696,0.21609503156766408,0.15367730551623696,0.21609503156766408,,,1149,851,36,27,0,0.9302,0.9695,0.9113,0.9491,0.8486,0.8789
selfcon__simclr__s43,selfcon,simclr,43,selfcon_probe,14,0.0007612492823579742,0.0007269952498697732,0.15609991082734723,0.21738747891579893,0.15609991082734723,0.21738747891579893,,,1149,851,36,27,0,0.93,0.969,0.931,0.929,0.8043,0.863
selfcon__simclr__s43,selfcon,simclr,43,selfcon_probe,15,0.0007269952498697732,0.0006913417161825447,0.14859107456333615,0.21194114682185494,0.14859107456333615,0.21194114682185494,,,1149,851,36,27,0,0.9291,0.9701,0.9261,0.9321,0.8103,0.8644
selfcon__simclr__s43,selfcon,simclr,43,selfcon_probe,16,0.0006913417161825447,0.0006545084971874736,0.15265709568542435,0.2194062686441372,0.15265709568542435,0.2194062686441372,,,1149,851,36,27,0,0.926,0.9698,0.9507,0.9012,0.751,0.8391
selfcon__simclr__s43,selfcon,simclr,43,selfcon_probe,17,0.0006545084971874736,0.0006167226819279527,0.14449490092241357,0.2164434607428384,0.14449490092241357,0.2164434607428384,,,1149,851,36,27,0,0.9316,0.9698,0.9064,0.9568,0.8679,0.8867
selfcon__simclr__s43,selfcon,simclr,43,selfcon_probe,18,0.0006167226819279527,0.0005782172325201154,0.1506112417255666,0.21581313734313304,0.1506112417255666,0.21581313734313304,,,1149,851,36,27,0,0.9269,0.9691,0.931,0.9228,0.7908,0.8552
selfcon__simclr__s43,selfcon,simclr,43,selfcon_probe,19,0.0005782172325201154,0.0005392295478639224,0.13511029352465634,0.21705883460470782,0.13511029352465634,0.21705883460470782,,,1149,851,36,27,0,0.9334,0.9692,0.9163,0.9506,0.8532,0.8836
selfcon__simclr__s43,selfcon,simclr,43,selfcon_probe,20,0.0005392295478639224,0.0004999999999999999,0.13736527852238395,0.21274155749207452,0.13736527852238395,0.21274155749207452,,,1149,851,36,27,0,0.9325,0.9696,0.936,0.929,0.8051,0.8656
selfcon__simclr__s43,selfcon,simclr,43,selfcon_probe,21,0.0004999999999999999,0.0004607704521360775,0.13590663472853756,0.21364865723676493,0.13590663472853756,0.21364865723676493,,,1149,851,36,27,0,0.9337,0.9693,0.9261,0.9414,0.8319,0.8765
selfcon__simclr__s43,selfcon,simclr,43,selfcon_probe,22,0.0004607704521360775,0.0004217827674798846,0.13536621662200765,0.2134256777871629,0.13536621662200765,0.2134256777871629,,,1149,851,36,27,0,0.9309,0.9695,0.936,0.9259,0.7983,0.8617
selfcon__simclr__s43,selfcon,simclr,43,selfcon_probe,23,0.0004217827674798846,0.0003832773180720472,0.1323227810723806,0.21127197296624364,0.1323227810723806,0.21127197296624364,,,1149,851,36,27,0,0.9317,0.97,0.936,0.9275,0.8017,0.8636
selfcon__simclr__s43,selfcon,simclr,43,selfcon_probe,24,0.0003832773180720472,0.0003454915028125262,0.12815085261696918,0.22162960035788443,0.12815085261696918,0.22162960035788443,,,1149,851,36,27,0,0.9314,0.9698,0.9015,0.9614,0.8798,0.8905
selfcon__simclr__s43,selfcon,simclr,43,selfcon_probe,25,0.0003454915028125262,0.00030865828381745506,0.12816486016911993,0.21121068803958343,0.12816486016911993,0.21121068803958343,,,1149,851,36,27,0,0.9266,0.9697,0.9212,0.9321,0.8095,0.8618
selfcon__simclr__s43,selfcon,simclr,43,selfcon_probe,26,0.00030865828381745506,0.0002730047501302265,0.13114397215049833,0.2102033553616243,0.13114397215049833,0.2102033553616243,,,1149,851,36,27,0,0.9305,0.97,0.9212,0.9398,0.8274,0.8718
selfcon__simclr__s43,selfcon,simclr,43,selfcon_probe,27,0.0002730047501302265,0.0002387507176420255,0.12821636568614825,0.21203939140194908,0.12821636568614825,0.21203939140194908,,,1149,851,36,27,0,0.9351,0.97,0.9212,0.9491,0.85,0.8842
selfcon__simclr__s43,selfcon,simclr,43,selfcon_probe,28,0.0002387507176420255,0.0002061073738537634,0.1299771009368759,0.21162372721273942,0.1299771009368759,0.21162372721273942,,,1149,851,36,27,0,0.9302,0.97,0.936,0.9244,0.795,0.8597
selfcon__simclr__s43,selfcon,simclr,43,selfcon_probe,29,0.0002061073738537634,0.00017527597583490815,0.1322335956613267,0.21075468751033896,0.1322335956613267,0.21075468751033896,,,1149,851,36,27,0,0.9274,0.9699,0.9212,0.9336,0.813,0.8637
selfcon__simclr__s43,selfcon,simclr,43,selfcon_probe,30,0.00017527597583490815,0.0001464466094067262,0.12697993067834232,0.21066554947236601,0.12697993067834232,0.21066554947236601,,,1149,851,36,27,0,0.9328,0.97,0.9212,0.9444,0.8386,0.8779
selfcon__simclr__s43,selfcon,simclr,43,selfcon_probe,31,0.0001464466094067262,0.00011979701719998447,0.12765018775049258,0.2099029742379595,0.12765018775049258,0.2099029742379595,,,1149,851,36,27,0,0.929,0.97,0.9212,0.9367,0.8202,0.8677
selfcon__simclr__s43,selfcon,simclr,43,selfcon_probe,32,0.00011979701719998447,9.549150281252627e-05,0.12600696276912762,0.21018697852431492,0.12600696276912762,0.21018697852431492,,,1149,851,36,27,0,0.9305,0.9699,0.9212,0.9398,0.8274,0.8718
selfcon__simclr__s43,selfcon,simclr,43,selfcon_probe,33,9.549150281252627e-05,7.367991782295387e-05,0.1285081543399846,0.21003795683058948,0.1285081543399846,0.21003795683058948,,,1149,851,36,27,0,0.9313,0.9701,0.9212,0.9414,0.8311,0.8738
selfcon__simclr__s43,selfcon,simclr,43,selfcon_probe,34,7.367991782295387e-05,5.4496737905816076e-05,0.12853538455872202,0.20995960238645422,0.12853538455872202,0.20995960238645422,,,1149,851,36,27,0,0.9305,0.97,0.9212,0.9398,0.8274,0.8718
selfcon__simclr__s43,selfcon,simclr,43,selfcon_probe,35,5.4496737905816076e-05,3.806023374435661e-05,0.12270005439766082,0.21031734877733216,0.12270005439766082,0.21031734877733216,,,1149,851,36,27,0,0.9313,0.97,0.9212,0.9414,0.8311,0.8738
selfcon__simclr__s43,selfcon,simclr,43,selfcon_probe,36,3.806023374435661e-05,2.447174185242322e-05,0.12376006758310969,0.2101452071023214,0.12376006758310969,0.2101452071023214,,,1149,851,36,27,0,0.9297,0.97,0.9212,0.9383,0.8238,0.8698
selfcon__simclr__s43,selfcon,simclr,43,selfcon_probe,37,2.447174185242322e-05,1.3815039801161714e-05,0.11770138662390879,0.2101677508387895,0.11770138662390879,0.2101677508387895,,,1149,851,36,27,0,0.9313,0.97,0.9212,0.9414,0.8311,0.8738
selfcon__simclr__s43,selfcon,simclr,43,selfcon_probe,38,1.3815039801161714e-05,6.155829702431168e-06,0.12353104981499248,0.210166373605015,0.12353104981499248,0.210166373605015,,,1149,851,36,27,0,0.9313,0.97,0.9212,0.9414,0.8311,0.8738
selfcon__simclr__s43,selfcon,simclr,43,selfcon_probe,39,6.155829702431168e-06,1.5413331334360176e-06,0.12286828847198893,0.2101663472818845,0.12286828847198893,0.2101663472818845,,,1149,851,36,27,0,0.9313,0.9701,0.9212,0.9414,0.8311,0.8738
selfcon__simclr__s43,selfcon,simclr,43,selfcon_probe,40,1.5413331334360176e-06,0.0,0.12319116427793142,0.21016028069997272,0.12319116427793142,0.21016028069997272,,,1149,851,36,27,0,0.9313,0.97,0.9212,0.9414,0.8311,0.8738
selfcon__simclr__s44,selfcon,simclr,44,contrastive,1,0.0005,0.0004996573836886434,2.309846549992773,2.0085513411061324,2.309846549992773,2.0085513411061324,,,2298,1702,36,27,0,,,,,,
selfcon__simclr__s44,selfcon,simclr,44,contrastive,2,0.0004996573836886434,0.0004986304738420682,1.548181363143954,2.0826005981895817,1.548181363143954,2.0826005981895817,,,2298,1702,36,27,0,,,,,,
selfcon__simclr__s44,selfcon,simclr,44,contrastive,3,0.0004986304738420682,0.0004969220851487844,1.4013290269879075,1.9132532980971555,1.4013290269879075,1.9132532980971555,,,2298,1702,36,27,0,,,,,,
selfcon__simclr__s44,selfcon,simclr,44,contrastive,4,0.0004969220851487844,0.0004945369001834514,1.2516900345592317,1.4231359429140908,1.2516900345592317,1.4231359429140908,,,2298,1702,36,27,0,,,,,,
selfcon__simclr__s44,selfcon,simclr,44,contrastive,5,0.0004945369001834514,0.0004914814565722671,1.205235045095233,1.498457248986958,1.205235045095233,1.498457248986958,,,2298,1702,36,27,0,,,,,,
selfcon__simclr__s44,selfcon,simclr,44,contrastive,6,0.0004914814565722671,0.00048776412907378846,1.0563260071997647,1.2042696613262458,1.0563260071997647,1.2042696613262458,,,2298,1702,36,27,0,,,,,,
selfcon__simclr__s44,selfcon,simclr,44,contrastive,7,0.00048776412907378846,0.00048339510662430044,0.9075082318745457,1.2822338251613703,0.9075082318745457,1.2822338251613703,,,2298,1702,36,27,0,,,,,,
selfcon__simclr__s44,selfcon,simclr,44,contrastive,8,0.00048339510662430044,0.0004783863644106502,0.89930652021013,1.2123667294494413,0.89930652021013,1.2123667294494413,,,2298,1702,36,27,0,,,,,,
selfcon__simclr__s44,selfcon,simclr,44,contrastive,9,0.0004783863644106502,0.00047275163104709196,0.8780405199766367,1.069021530002881,0.8780405199766367,1.069021530002881,,,2298,1702,36,27,0,,,,,,
selfcon__simclr__s44,selfcon,simclr,44,contrastive,10,0.00047275163104709196,0.00046650635094610973,0.8282274300892318,1.1042669460299992,0.8282274300892318,1.1042669460299992,,,2298,1702,36,27,0,,,,,,
selfcon__simclr__s44,selfcon,simclr,44,contrastive,11,0.00046650635094610973,0.00045966764198635603,0.7862189891444173,1.1122956633847974,0.7862189891444173,1.1122956633847974,,,2298,1702,36,27,0,,,,,,
selfcon__simclr__s44,selfcon,simclr,44,contrastive,12,0.00045966764198635603,0.0004522542485937369,0.6497839896236948,1.0026735253675845,0.6497839896236948,1.0026735253675845,,,2298,1702,36,27,0,,,,,,
selfcon__simclr__s44,selfcon,simclr,44,contrastive,13,0.0004522542485937369,0.00044428649036424276,0.683908135969811,0.9885793917327594,0.683908135969811,0.9885793917327594,,,2298,1702,36,27,0,,,,,,
selfcon__simclr__s44,selfcon,simclr,44,contrastive,14,0.00044428649036424276,0.0004357862063693486,0.7082758803695466,0.9420653091334288,0.7082758803695466,0.9420653091334288,,,2298,1702,36,27,0,,,,,,
selfcon__simclr__s44,selfcon,simclr,44,contrastive,15,0.0004357862063693486,0.00042677669529663696,0.6191865732817156,0.9118292181108029,0.6191865732817156,0.9118292181108029,,,2298,1702,36,27,0,,,,,,
selfcon__simclr__s44,selfcon,simclr,44,contrastive,16,0.00042677669529663696,0.0004172826515897146,0.5897519028477299,0.8860166933645793,0.5897519028477299,0.8860166933645793,,,2298,1702,36,27,0,,,,,,
selfcon__simclr__s44,selfcon,simclr,44,contrastive,17,0.0004172826515897146,0.0004073300977624594,0.5780000827746147,0.9074985052247725,0.5780000827746147,0.9074985052247725,,,2298,1702,36,27,0,,,,,,
selfcon__simclr__s44,selfcon,simclr,44,contrastive,18,0.0004073300977624594,0.0003969463130731183,0.5719497650991429,0.8501634821208187,0.5719497650991429,0.8501634821208187,,,2298,1702,36,27,0,,,,,,
selfcon__simclr__s44,selfcon,simclr,44,contrastive,19,0.0003969463130731183,0.0003861597587537568,0.5380966780079874,0.8550971786367907,0.5380966780079874,0.8550971786367907,,,2298,1702,36,27,0,,,,,,
selfcon__simclr__s44,selfcon,simclr,44,contrastive,20,0.0003861597587537568,0.000375,0.48519955898389494,0.6769163245039737,0.48519955898389494,0.6769163245039737,,,2298,1702,36,27,0,,,,,,
selfcon__simclr__s44,selfcon,simclr,44,contrastive,21,0.000375,0.00036349762493488667,0.40146138753135685,0.7239380319166128,0.40146138753135685,0.7239380319166128,,,2298,1702,36,27,0,,,,,,
selfcon__simclr__s44,selfcon,simclr,44,contrastive,22,0.00036349762493488667,0.0003516841607689501,0.41079823898428725,0.7391896414560661,0.41079823898428725,0.7391896414560661,,,2298,1702,36,27,0,,,,,,
selfcon__simclr__s44,selfcon,simclr,44,contrastive,23,0.0003516841607689501,0.00033959198738632514,0.42537993586924516,0.7413682362587836,0.42537993586924516,0.7413682362587836,,,2298,1702,36,27,0,,,,,,
selfcon__simclr__s44,selfcon,simclr,44,contrastive,24,0.00033959198738632514,0.00032725424859373687,0.45770886646757136,0.7502630481148439,0.45770886646757136,0.7502630481148439,,,2298,1702,36,27,0,,,,,,
selfcon__simclr__s44,selfcon,simclr,44,contrastive,25,0.00032725424859373687,0.00031470476127563017,0.42217321740584957,0.6259211738157217,0.42217321740584957,0.6259211738157217,,,2298,1702,36,27,0,,,,,,
selfcon__simclr__s44,selfcon,simclr,44,contrastive,26,0.00031470476127563017,0.00030197792270443975,0.41848427612331246,0.7188809846739092,0.41848427612331246,0.7188809846739092,,,2298,1702,36,27,0,,,,,,
selfcon__simclr__s44,selfcon,simclr,44,contrastive,27,0.00030197792270443975,0.0002891086162600577,0.3764582453757602,0.5775809148643888,0.3764582453757602,0.5775809148643888,,,2298,1702,36,27,0,,,,,,
selfcon__simclr__s44,selfcon,simclr,44,contrastive,28,0.0002891086162600577,0.00027613211581691336,0.3247064463178213,0.5705667289387606,0.3247064463178213,0.5705667289387606,,,2298,1702,36,27,0,,,,,,
selfcon__simclr__s44,selfcon,simclr,44,contrastive,29,0.00027613211581691336,0.00026308398906073593,0.3420398406768696,0.5493559808624617,0.3420398406768696,0.5493559808624617,,,2298,1702,36,27,0,,,,,,
selfcon__simclr__s44,selfcon,simclr,44,contrastive,30,0.00026308398906073593,0.00025000000000000006,0.2879884413810685,0.511388735471405,0.2879884413810685,0.511388735471405,,,2298,1702,36,27,0,,,,,,
selfcon__simclr__s44,selfcon,simclr,44,contrastive,31,0.00025000000000000006,0.00023691601093926408,0.3115587754286923,0.5240610398781146,0.3115587754286923,0.5240610398781146,,,2298,1702,36,27,0,,,,,,
selfcon__simclr__s44,selfcon,simclr,44,contrastive,32,0.00023691601093926408,0.00022386788418308668,0.2791872911083895,0.5181443142134491,0.2791872911083895,0.5181443142134491,,,2298,1702,36,27,0,,,,,,
selfcon__simclr__s44,selfcon,simclr,44,contrastive,33,0.00022386788418308668,0.0002108913837399423,0.298940719782113,0.4877859014321718,0.298940719782113,0.4877859014321718,,,2298,1702,36,27,0,,,,,,
selfcon__simclr__s44,selfcon,simclr,44,contrastive,34,0.0002108913837399423,0.00019802207729556018,0.29275970167445553,0.48654954473364365,0.29275970167445553,0.48654954473364365,,,2298,1702,36,27,0,,,,,,
selfcon__simclr__s44,selfcon,simclr,44,contrastive,35,0.00019802207729556018,0.00018529523872436987,0.2380933891608987,0.49102617619880917,0.2380933891608987,0.49102617619880917,,,2298,1702,36,27,0,,,,,,
selfcon__simclr__s44,selfcon,simclr,44,contrastive,36,0.00018529523872436987,0.0001727457514062632,0.25459187330631095,0.4676178146753412,0.25459187330631095,0.4676178146753412,,,2298,1702,36,27,0,,,,,,
selfcon__simclr__s44,selfcon,simclr,44,contrastive,37,0.0001727457514062632,0.00016040801261367496,0.19749946958402428,0.44252716423341726,0.19749946958402428,0.44252716423341726,,,2298,1702,36,27,0,,,,,,
selfcon__simclr__s44,selfcon,simclr,44,contrastive,38,0.00016040801261367496,0.00014831583923105,0.27566852569061323,0.45331443879495076,0.27566852569061323,0.45331443879495076,,,2298,1702,36,27,0,,,,,,
selfcon__simclr__s44,selfcon,simclr,44,contrastive,39,0.00014831583923105,0.00013650237506511334,0.18392111917388657,0.4221435744319763,0.18392111917388657,0.4221435744319763,,,2298,1702,36,27,0,,,,,,
selfcon__simclr__s44,selfcon,simclr,44,contrastive,40,0.00013650237506511334,0.00012500000000000008,0.2005546976422309,0.41673898949045973,0.2005546976422309,0.41673898949045973,,,2298,1702,36,27,0,,,,,,
selfcon__simclr__s44,selfcon,simclr,44,contrastive,41,0.00012500000000000008,0.00011384024124624333,0.19574597970727634,0.37874575195665505,0.19574597970727634,0.37874575195665505,,,2298,1702,36,27,0,,,,,,
selfcon__simclr__s44,selfcon,simclr,44,contrastive,42,0.00011384024124624333,0.00010305368692688177,0.18368862643254333,0.3785302816210566,0.18368862643254333,0.3785302816210566,,,2298,1702,36,27,0,,,,,,
selfcon__simclr__s44,selfcon,simclr,44,contrastive,43,0.00010305368692688177,9.26699022375407e-05,0.1928719655651959,0.38536931544577335,0.1928719655651959,0.38536931544577335,,,2298,1702,36,27,0,,,,,,
selfcon__simclr__s44,selfcon,simclr,44,contrastive,44,9.26699022375407e-05,8.271734841028555e-05,0.18851489137316704,0.3648907563941319,0.18851489137316704,0.3648907563941319,,,2298,1702,36,27,0,,,,,,
selfcon__simclr__s44,selfcon,simclr,44,contrastive,45,8.271734841028555e-05,7.322330470336315e-05,0.1711641486192704,0.35594146123503967,0.1711641486192704,0.35594146123503967,,,2298,1702,36,27,0,,,,,,
selfcon__simclr__s44,selfcon,simclr,44,contrastive,46,7.322330470336315e-05,6.421379363065149e-05,0.1661482388631897,0.3507560293696882,0.1661482388631897,0.3507560293696882,,,2298,1702,36,27,0,,,,,,
selfcon__simclr__s44,selfcon,simclr,44,contrastive,47,6.421379363065149e-05,5.5713509635757295e-05,0.2102541483231894,0.3512351829843151,0.2102541483231894,0.3512351829843151,,,2298,1702,36,27,0,,,,,,
selfcon__simclr__s44,selfcon,simclr,44,contrastive,48,5.5713509635757295e-05,4.774575140626318e-05,0.13936480276085586,0.33872648723397214,0.13936480276085586,0.33872648723397214,,,2298,1702,36,27,0,,,,,,
selfcon__simclr__s44,selfcon,simclr,44,contrastive,49,4.774575140626318e-05,4.0332358013644026e-05,0.1853726277593118,0.33495940364345683,0.1853726277593118,0.33495940364345683,,,2298,1702,36,27,0,,,,,,
selfcon__simclr__s44,selfcon,simclr,44,contrastive,50,4.0332358013644026e-05,3.349364905389033e-05,0.1859671511372034,0.33052633809567056,0.1859671511372034,0.33052633809567056,,,2298,1702,36,27,0,,,,,,
selfcon__simclr__s44,selfcon,simclr,44,contrastive,51,3.349364905389033e-05,2.724836895290806e-05,0.1689455942992442,0.3259217201892974,0.1689455942992442,0.3259217201892974,,,2298,1702,36,27,0,,,,,,
selfcon__simclr__s44,selfcon,simclr,44,contrastive,52,2.724836895290806e-05,2.161363558934976e-05,0.14758018733004677,0.3289758952117835,0.14758018733004677,0.3289758952117835,,,2298,1702,36,27,0,,,,,,
selfcon__simclr__s44,selfcon,simclr,44,contrastive,53,2.161363558934976e-05,1.6604893375699568e-05,0.14034571620377123,0.3174273832914552,0.14034571620377123,0.3174273832914552,,,2298,1702,36,27,0,,,,,,
selfcon__simclr__s44,selfcon,simclr,44,contrastive,54,1.6604893375699568e-05,1.2235870926211619e-05,0.17138829376642553,0.31414220178309393,0.17138829376642553,0.31414220178309393,,,2298,1702,36,27,0,,,,,,
selfcon__simclr__s44,selfcon,simclr,44,contrastive,55,1.2235870926211619e-05,8.518543427732923e-06,0.14945994561345188,0.3107746596832253,0.14945994561345188,0.3107746596832253,,,2298,1702,36,27,0,,,,,,
selfcon__simclr__s44,selfcon,simclr,44,contrastive,56,8.518543427732923e-06,5.463099816548579e-06,0.1464655377275535,0.31670574821120284,0.1464655377275535,0.31670574821120284,,,2298,1702,36,27,0,,,,,,
selfcon__simclr__s44,selfcon,simclr,44,contrastive,57,5.463099816548579e-06,3.077914851215586e-06,0.1447374535168483,0.3083898571137116,0.1447374535168483,0.3083898571137116,,,2298,1702,36,27,0,,,,,,
selfcon__simclr__s44,selfcon,simclr,44,contrastive,58,3.077914851215586e-06,1.3695261579316502e-06,0.14640365167479602,0.30588079577467275,0.14640365167479602,0.30588079577467275,,,2298,1702,36,27,0,,,,,,
selfcon__simclr__s44,selfcon,simclr,44,contrastive,59,1.3695261579316502e-06,3.4261631135654184e-07,0.15776871217396904,0.3107125316817668,0.15776871217396904,0.3107125316817668,,,2298,1702,36,27,0,,,,,,
selfcon__simclr__s44,selfcon,simclr,44,contrastive,60,3.4261631135654184e-07,0.0,0.13050377435067925,0.3152234280431593,0.13050377435067925,0.3152234280431593,,,2298,1702,36,27,0,,,,,,
selfcon__simclr__s44,selfcon,simclr,44,selfcon_probe,1,0.001,0.000998458666866564,0.39112953929088046,0.2990748475659905,0.39112953929088046,0.2990748475659905,,,1149,851,36,27,0,0.8738,0.9498,0.8818,0.8657,0.6729,0.7633
selfcon__simclr__s44,selfcon,simclr,44,selfcon_probe,2,0.000998458666866564,0.0009938441702975688,0.2715036968267284,0.25986213241466755,0.2715036968267284,0.25986213241466755,,,1149,851,36,27,0,0.9089,0.9626,0.9212,0.8966,0.7362,0.8184
selfcon__simclr__s44,selfcon,simclr,44,selfcon_probe,3,0.0009938441702975688,0.0009861849601988382,0.2381302129163219,0.25208631349556426,0.2381302129163219,0.25208631349556426,,,1149,851,36,27,0,0.903,0.9653,0.931,0.875,0.7,0.7992
selfcon__simclr__s44,selfcon,simclr,44,selfcon_probe,4,0.0009861849601988382,0.0009755282581475767,0.21963845315747105,0.23942102997099363,0.21963845315747105,0.23942102997099363,,,1149,851,36,27,0,0.9149,0.9681,0.9409,0.8889,0.7262,0.8197
selfcon__simclr__s44,selfcon,simclr,44,selfcon_probe,5,0.0009755282581475767,0.0009619397662556432,0.20414725823565588,0.22831751902151912,0.20414725823565588,0.22831751902151912,,,1149,851,36,27,0,0.9128,0.9686,0.8966,0.929,0.7982,0.8445
selfcon__simclr__s44,selfcon,simclr,44,selfcon_probe,6,0.0009619397662556432,0.0009455032620941838,0.19649101746347591,0.22939272613121836,0.19649101746347591,0.22939272613121836,,,1149,851,36,27,0,0.9118,0.9697,0.9409,0.8827,0.7154,0.8128
selfcon__simclr__s44,selfcon,simclr,44,selfcon_probe,7,0.0009455032620941838,0.000926320082177046,0.18774940378445854,0.21768456045243947,0.18774940378445854,0.21768456045243947,,,1149,851,36,27,0,0.9137,0.9704,0.9015,0.9259,0.7922,0.8433
selfcon__simclr__s44,selfcon,simclr,44,selfcon_probe,8,0.000926320082177046,0.0009045084971874736,0.1776640905966941,0.2257240779697152,0.1776640905966941,0.2257240779697152,,,1149,851,36,27,0,0.9197,0.9698,0.9458,0.8935,0.7356,0.8276
selfcon__simclr__s44,selfcon,simclr,44,selfcon_probe,9,0.0009045084971874736,0.0008802029828000154,0.17523562767349013,0.22536042109559806,0.17523562767349013,0.22536042109559806,,,1149,851,36,27,0,0.9173,0.9701,0.8916,0.9429,0.8303,0.8599
selfcon__simclr__s44,selfcon,simclr,44,selfcon_probe,10,0.0008802029828000154,0.0008535533905932736,0.1689874223176761,0.2174875581616454,0.1689874223176761,0.2174875581616454,,,1149,851,36,27,0,0.9129,0.9704,0.9015,0.9244,0.7888,0.8414
selfcon__simclr__s44,selfcon,simclr,44,selfcon_probe,11,0.0008535533905932736,0.0008247240241650918,0.16394138059582838,0.22269579206441042,0.16394138059582838,0.22269579206441042,,,1149,851,36,27,0,0.9184,0.9693,0.931,0.9059,0.756,0.8344
selfcon__simclr__s44,selfcon,simclr,44,selfcon_probe,12,0.0008247240241650918,0.0007938926261462365,0.15721541262604424,0.21370137512322887,0.15721541262604424,0.21370137512322887,,,1149,851,36,27,0,0.9239,0.9714,0.931,0.9167,0.7778,0.8475
selfcon__simclr__s44,selfcon,simclr,44,selfcon_probe,13,0.0007938926261462365,0.0007612492823579742,0.1529447152274185,0.21124151497209848,0.1529447152274185,0.21124151497209848,,,1149,851,36,27,0,0.9234,0.9718,0.9163,0.9306,0.8052,0.8571
selfcon__simclr__s44,selfcon,simclr,44,selfcon_probe,14,0.0007612492823579742,0.0007269952498697732,0.1577812273210014,0.21158430698023933,0.1577812273210014,0.21158430698023933,,,1149,851,36,27,0,0.9237,0.9718,0.9261,0.9213,0.7866,0.8507
selfcon__simclr__s44,selfcon,simclr,44,selfcon_probe,15,0.0007269952498697732,0.0006913417161825447,0.15036048229614982,0.21511435607549426,0.15036048229614982,0.21511435607549426,,,1149,851,36,27,0,0.914,0.972,0.8867,0.9414,0.8257,0.8551
selfcon__simclr__s44,selfcon,simclr,44,selfcon_probe,16,0.0006913417161825447,0.0006545084971874736,0.15436233130424495,0.21292187669659096,0.15436233130424495,0.21292187669659096,,,1149,851,36,27,0,0.9251,0.9714,0.9212,0.929,0.8026,0.8578
selfcon__simclr__s44,selfcon,simclr,44,selfcon_probe,17,0.0006545084971874736,0.0006167226819279527,0.14245692194244544,0.22214897488809554,0.14245692194244544,0.22214897488809554,,,1149,851,36,27,0,0.9122,0.9723,0.8768,0.9475,0.8396,0.8578
selfcon__simclr__s44,selfcon,simclr,44,selfcon_probe,18,0.0006167226819279527,0.0005782172325201154,0.14681291315013076,0.21035037756195843,0.14681291315013076,0.21035037756195843,,,1149,851,36,27,0,0.9225,0.9722,0.9113,0.9336,0.8114,0.8585
selfcon__simclr__s44,selfcon,simclr,44,selfcon_probe,19,0.0005782172325201154,0.0005392295478639224,0.14739427801745203,0.21278842446553764,0.14739427801745203,0.21278842446553764,,,1149,851,36,27,0,0.9206,0.9714,0.9261,0.9151,0.7737,0.843
selfcon__simclr__s44,selfcon,simclr,44,selfcon_probe,20,0.0005392295478639224,0.0004999999999999999,0.13870644762289397,0.20943820644215805,0.13870644762289397,0.20943820644215805,,,1149,851,36,27,0,0.9252,0.9721,0.9261,0.9244,0.7932,0.8545
selfcon__simclr__s44,selfcon,simclr,44,selfcon_probe,21,0.0004999999999999999,0.0004607704521360775,0.13742430928590504,0.21331150398276735,0.13742430928590504,0.21331150398276735,,,1149,851,36,27,0,0.9291,0.9714,0.9261,0.9321,0.8103,0.8644
selfcon__simclr__s44,selfcon,simclr,44,selfcon_probe,22,0.0004607704521360775,0.0004217827674798846,0.1350168564910995,0.20970441480279667,0.1350168564910995,0.20970441480279667,,,1149,851,36,27,0,0.9266,0.9723,0.9212,0.9321,0.8095,0.8618
selfcon__simclr__s44,selfcon,simclr,44,selfcon_probe,23,0.0004217827674798846,0.0003832773180720472,0.13509779684328946,0.2110442216563587,0.13509779684328946,0.2110442216563587,,,1149,851,36,27,0,0.9266,0.9721,0.9212,0.9321,0.8095,0.8618
selfcon__simclr__s44,selfcon,simclr,44,selfcon_probe,24,0.0003832773180720472,0.0003454915028125262,0.13632470441057534,0.21433446186121274,0.13632470441057534,0.21433446186121274,,,1149,851,36,27,0,0.9194,0.9725,0.936,0.9028,0.751,0.8333
selfcon__simclr__s44,selfcon,simclr,44,selfcon_probe,25,0.0003454915028125262,0.00030865828381745506,0.132402325992894,0.21356230860552955,0.132402325992894,0.21356230860552955,,,1149,851,36,27,0,0.9222,0.9724,0.9015,0.9429,0.8318,0.8652
selfcon__simclr__s44,selfcon,simclr,44,selfcon_probe,26,0.00030865828381745506,0.0002730047501302265,0.13560177038961235,0.21165696646618695,0.13560177038961235,0.21165696646618695,,,1149,851,36,27,0,0.9233,0.9725,0.9113,0.9352,0.815,0.8605
selfcon__simclr__s44,selfcon,simclr,44,selfcon_probe,27,0.0002730047501302265,0.0002387507176420255,0.13534336221838458,0.20935383294698326,0.13534336221838458,0.20935383294698326,,,1149,851,36,27,0,0.9242,0.9729,0.9163,0.9321,0.8087,0.8591
selfcon__simclr__s44,selfcon,simclr,44,selfcon_probe,28,0.0002387507176420255,0.0002061073738537634,0.1348714878274125,0.2095627296530882,0.1348714878274125,0.2095627296530882,,,1149,851,36,27,0,0.9266,0.9724,0.9212,0.9321,0.8095,0.8618
selfcon__simclr__s44,selfcon,simclr,44,selfcon_probe,29,0.0002061073738537634,0.00017527597583490815,0.12247510550140889,0.208957404666511,0.12247510550140889,0.208957404666511,,,1149,851,36,27,0,0.9242,0.9728,0.9163,0.9321,0.8087,0.8591
selfcon__simclr__s44,selfcon,simclr,44,selfcon_probe,30,0.00017527597583490815,0.0001464466094067262,0.131838439392185,0.2079767796355519,0.131838439392185,0.2079767796355519,,,1149,851,36,27,0,0.9283,0.9728,0.9261,0.9306,0.8069,0.8624
selfcon__simclr__s44,selfcon,simclr,44,selfcon_probe,31,0.0001464466094067262,0.00011979701719998447,0.13068366641854975,0.211319764753146,0.13068366641854975,0.211319764753146,,,1149,851,36,27,0,0.9225,0.9727,0.9113,0.9336,0.8114,0.8585
selfcon__simclr__s44,selfcon,simclr,44,selfcon_probe,32,0.00011979701719998447,9.549150281252627e-05,0.12694323056874393,0.21001888751184825,0.12694323056874393,0.21001888751184825,,,1149,851,36,27,0,0.9242,0.9725,0.9163,0.9321,0.8087,0.8591
selfcon__simclr__s44,selfcon,simclr,44,selfcon_probe,33,9.549150281252627e-05,7.367991782295387e-05,0.12529397160947145,0.20981403233070803,0.12529397160947145,0.20981403233070803,,,1149,851,36,27,0,0.9242,0.9726,0.9163,0.9321,0.8087,0.8591
selfcon__simclr__s44,selfcon,simclr,44,selfcon_probe,34,7.367991782295387e-05,5.4496737905816076e-05,0.12170834847281278,0.20997455450133942,0.12170834847281278,0.20997455450133942,,,1149,851,36,27,0,0.9242,0.9725,0.9163,0.9321,0.8087,0.8591
selfcon__simclr__s44,selfcon,simclr,44,selfcon_probe,35,5.4496737905816076e-05,3.806023374435661e-05,0.12725605154109526,0.21020535894118508,0.12725605154109526,0.21020535894118508,,,1149,851,36,27,0,0.9242,0.9726,0.9163,0.9321,0.8087,0.8591
selfcon__simclr__s44,selfcon,simclr,44,selfcon_probe,36,3.806023374435661e-05,2.447174185242322e-05,0.12779129166679304,0.20992581588547943,0.12779129166679304,0.20992581588547943,,,1149,851,36,27,0,0.9242,0.9725,0.9163,0.9321,0.8087,0.8591
supcon__stacked_randaug__s42,supcon,stacked_randaug,42,contrastive,1,0.0005,0.0004996573836886434,4.126744060333756,4.027457686905015,4.126744060333756,4.027457686905015,,,2298,1702,36,27,0,,,,,,
supcon__stacked_randaug__s42,supcon,stacked_randaug,42,contrastive,2,0.0004996573836886434,0.0004986304738420682,3.9876160580142876,4.005456807610571,3.9876160580142876,4.005456807610571,,,2298,1702,36,27,0,,,,,,
supcon__stacked_randaug__s42,supcon,stacked_randaug,42,contrastive,3,0.0004986304738420682,0.0004969220851487844,3.965028529586327,4.05201004170643,3.965028529586327,4.05201004170643,,,2298,1702,36,27,0,,,,,,
supcon__stacked_randaug__s42,supcon,stacked_randaug,42,contrastive,4,0.0004969220851487844,0.0004945369001834514,3.9634635155879487,3.9276263276782637,3.9634635155879487,3.9276263276782637,,,2298,1702,36,27,0,,,,,,
supcon__stacked_randaug__s42,supcon,stacked_randaug,42,contrastive,5,0.0004945369001834514,0.0004914814565722671,3.9301440927440754,4.024663159205686,3.9301440927440754,4.024663159205686,,,2298,1702,36,27,0,,,,,,
supcon__stacked_randaug__s42,supcon,stacked_randaug,42,contrastive,6,0.0004914814565722671,0.00048776412907378846,3.91835762294507,4.086697186202196,3.91835762294507,4.086697186202196,,,2298,1702,36,27,0,,,,,,
supcon__stacked_randaug__s42,supcon,stacked_randaug,42,contrastive,7,0.00048776412907378846,0.00048339510662430044,3.917995150136989,4.009812142958232,3.917995150136989,4.009812142958232,,,2298,1702,36,27,0,,,,,,
supcon__stacked_randaug__s42,supcon,stacked_randaug,42,contrastive,8,0.00048339510662430044,0.0004783863644106502,3.883717143296988,3.9858961223015075,3.883717143296988,3.9858961223015075,,,2298,1702,36,27,0,,,,,,
supcon__stacked_randaug__s42,supcon,stacked_randaug,42,contrastive,9,0.0004783863644106502,0.00047275163104709196,3.915489550566445,3.999143725416495,3.915489550566445,3.999143725416495,,,2298,1702,36,27,0,,,,,,
supcon__stacked_randaug__s42,supcon,stacked_randaug,42,contrastive,10,0.00047275163104709196,0.00046650635094610973,3.9000297804517885,3.9183426712990927,3.9000297804517885,3.9183426712990927,,,2298,1702,36,27,0,,,,,,
supcon__stacked_randaug__s42,supcon,stacked_randaug,42,contrastive,11,0.00046650635094610973,0.00045966764198635603,3.8472686575432253,3.9866040571035706,3.8472686575432253,3.9866040571035706,,,2298,1702,36,27,0,,,,,,
supcon__stacked_randaug__s42,supcon,stacked_randaug,42,contrastive,12,0.00045966764198635603,0.0004522542485937369,3.8535897866656614,3.932592805207966,3.8535897866656614,3.932592805207966,,,2298,1702,36,27,0,,,,,,
supcon__stacked_randaug__s42,supcon,stacked_randaug,42,contrastive,13,0.0004522542485937369,0.00044428649036424276,3.8605779945798497,3.9304281113150537,3.8605779945798497,3.9304281113150537,,,2298,1702,36,27,0,,,,,,
supcon__stacked_randaug__s42,supcon,stacked_randaug,42,contrastive,14,0.00044428649036424276,0.0004357862063693486,3.839770316455134,3.953215987926084,3.839770316455134,3.953215987926084,,,2298,1702,36,27,0,,,,,,
supcon__stacked_randaug__s42,supcon,stacked_randaug,42,contrastive,15,0.0004357862063693486,0.00042677669529663696,3.8380563086898976,3.9147739239501056,3.8380563086898976,3.9147739239501056,,,2298,1702,36,27,0,,,,,,
supcon__stacked_randaug__s42,supcon,stacked_randaug,42,contrastive,16,0.00042677669529663696,0.0004172826515897146,3.8160585257361723,3.913878230454639,3.8160585257361723,3.913878230454639,,,2298,1702,36,27,0,,,,,,
supcon__stacked_randaug__s42,supcon,stacked_randaug,42,contrastive,17,0.0004172826515897146,0.0004073300977624594,3.825092994201899,3.922234481986345,3.825092994201899,3.922234481986345,,,2298,1702,36,27,0,,,,,,
supcon__stacked_randaug__s42,supcon,stacked_randaug,42,contrastive,18,0.0004073300977624594,0.0003969463130731183,3.8102137546522705,3.9104857489589238,3.8102137546522705,3.9104857489589238,,,2298,1702,36,27,0,,,,,,
supcon__stacked_randaug__s42,supcon,stacked_randaug,42,contrastive,19,0.0003969463130731183,0.0003861597587537568,3.78574957797795,3.9038499379410165,3.78574957797795,3.9038499379410165,,,2298,1702,36,27,0,,,,,,
supcon__stacked_randaug__s42,supcon,stacked_randaug,42,contrastive,20,0.0003861597587537568,0.000375,3.7871628407294904,3.8855827204909366,3.7871628407294904,3.8855827204909366,,,2298,1702,36,27,0,,,,,,
supcon__stacked_randaug__s42,supcon,stacked_randaug,42,contrastive,21,0.000375,0.00036349762493488667,3.808455372188691,3.9044471759213404,3.808455372188691,3.9044471759213404,,,2298,1702,36,27,0,,,,,,
supcon__stacked_randaug__s42,supcon,stacked_randaug,42,contrastive,22,0.00036349762493488667,0.0003516841607689501,3.783253494192975,3.8992411605619797,3.783253494192975,3.8992411605619797,,,2298,1702,36,27,0,,,,,,
supcon__stacked_randaug__s42,supcon,stacked_randaug,42,contrastive,23,0.0003516841607689501,0.00033959198738632514,3.7872803151036885,3.96188372086414,3.7872803151036885,3.96188372086414,,,2298,1702,36,27,0,,,,,,
supcon__stacked_randaug__s42,supcon,stacked_randaug,42,contrastive,24,0.00033959198738632514,0.00032725424859373687,3.772984089282827,3.8976725957648592,3.772984089282827,3.8976725957648592,,,2298,1702,36,27,0,,,,,,
supcon__stacked_randaug__s42,supcon,stacked_randaug,42,contrastive,25,0.00032725424859373687,0.00031470476127563017,3.7562242228638305,3.9215427918663877,3.7562242228638305,3.9215427918663877,,,2298,1702,36,27,0,,,,,,
supcon__stacked_randaug__s42,supcon,stacked_randaug,42,contrastive,26,0.00031470476127563017,0.00030197792270443975,3.7383436058997277,3.8761137064139235,3.7383436058997277,3.8761137064139235,,,2298,1702,36,27,0,,,,,,
supcon__stacked_randaug__s42,supcon,stacked_randaug,42,contrastive,27,0.00030197792270443975,0.0002891086162600577,3.7472707276970953,3.864406984084922,3.7472707276970953,3.864406984084922,,,2298,1702,36,27,0,,,,,,
supcon__stacked_randaug__s42,supcon,stacked_randaug,42,contrastive,28,0.0002891086162600577,0.00027613211581691336,3.7241561450161447,3.885698851631335,3.7241561450161447,3.885698851631335,,,2298,1702,36,27,0,,,,,,
supcon__stacked_randaug__s42,supcon,stacked_randaug,42,contrastive,29,0.00027613211581691336,0.00026308398906073593,3.764515220444549,3.865548127966678,3.764515220444549,3.865548127966678,,,2298,1702,36,27,0,,,,,,
supcon__stacked_randaug__s42,supcon,stacked_randaug,42,contrastive,30,0.00026308398906073593,0.00025000000000000006,3.7408913883361947,3.905152688155303,3.7408913883361947,3.905152688155303,,,2298,1702,36,27,0,,,,,,
supcon__stacked_randaug__s42,supcon,stacked_randaug,42,contrastive,31,0.00025000000000000006,0.00023691601093926408,3.7469139630323496,3.8888905813214922,3.7469139630323496,3.8888905813214922,,,2298,1702,36,27,0,,,,,,
supcon__stacked_randaug__s42,supcon,stacked_randaug,42,contrastive,32,0.00023691601093926408,0.00022386788418308668,3.716202496859797,3.878473776347769,3.716202496859797,3.878473776347769,,,2298,1702,36,27,0,,,,,,
supcon__stacked_randaug__s42,supcon,stacked_randaug,42,contrastive,33,0.00022386788418308668,0.0002108913837399423,3.733861176421893,3.886284798208611,3.733861176421893,3.886284798208611,,,2298,1702,36,27,0,,,,,,
supcon__stacked_randaug__s42,supcon,stacked_randaug,42,contrastive,34,0.0002108913837399423,0.00019802207729556018,3.6981388078345954,3.855021648485428,3.6981388078345954,3.855021648485428,,,2298,1702,36,27,0,,,,,,
supcon__stacked_randaug__s42,supcon,stacked_randaug,42,contrastive,35,0.00019802207729556018,0.00018529523872436987,3.685912144298238,3.9135319388150887,3.685912144298238,3.9135319388150887,,,2298,1702,36,27,0,,,,,,
supcon__stacked_randaug__s42,supcon,stacked_randaug,42,contrastive,36,0.00018529523872436987,0.0001727457514062632,3.71772152055752,3.880069359769272,3.71772152055752,3.880069359769272,,,2298,1702,36,27,0,,,,,,
supcon__stacked_randaug__s42,supcon,stacked_randaug,42,contrastive,37,0.0001727457514062632,0.00016040801261367496,3.682320191613273,3.8870942559001307,3.682320191613273,3.8870942559001307,,,2298,1702,36,27,0,,,,,,
supcon__stacked_randaug__s42,supcon,stacked_randaug,42,contrastive,38,0.00016040801261367496,0.00014831583923105,3.677116720649447,3.9026577674404015,3.677116720649447,3.9026577674404015,,,2298,1702,36,27,0,,,,,,
supcon__stacked_randaug__s42,supcon,stacked_randaug,42,contrastive,39,0.00014831583923105,0.00013650237506511334,3.70003828263677,3.872514591934258,3.70003828263677,3.872514591934258,,,2298,1702,36,27,0,,,,,,
supcon__stacked_randaug__s42,supcon,stacked_randaug,42,contrastive,40,0.00013650237506511334,0.00012500000000000008,3.6533762269480734,3.8781255451408594,3.6533762269480734,3.8781255451408594,,,2298,1702,36,27,0,,,,,,
supcon__stacked_randaug__s42,supcon,stacked_randaug,42,contrastive,41,0.00012500000000000008,0.00011384024124624333,3.66915758886578,3.882578882851696,3.66915758886578,3.882578882851696,,,2298,1702,36,27,0,,,,,,
supcon__stacked_randaug__s42,supcon,stacked_randaug,42,contrastive,42,0.00011384024124624333,0.00010305368692688177,3.6555280639774597,3.89300362567924,3.6555280639774597,3.89300362567924,,,2298,1702,36,27,0,,,,,,
supcon__stacked_randaug__s42,supcon,stacked_randaug,42,contrastive,43,0.00010305368692688177,9.26699022375407e-05,3.640141488159087,3.9044928463869732,3.640141488159087,3.9044928463869732,,,2298,1702,36,27,0,,,,,,
supcon__stacked_randaug__s42,supcon,stacked_randaug,42,contrastive,44,9.26699022375407e-05,8.271734841028555e-05,3.654049919832261,3.868439943613933,3.654049919832261,3.868439943613933,,,2298,1702,36,27,0,,,,,,
supcon__stacked_randaug__s42,supcon,stacked_randaug,42,contrastive,45,8.271734841028555e-05,7.322330470336315e-05,3.6812226832483623,3.8619818566968944,3.6812226832483623,3.8619818566968944,,,2298,1702,36,27,0,,,,,,
supcon__stacked_randaug__s42,supcon,stacked_randaug,42,contrastive,46,7.322330470336315e-05,6.421379363065149e-05,3.6211050007009216,3.880437583116471,3.6211050007009216,3.880437583116471,,,2298,1702,36,27,0,,,,,,
supcon__stacked_randaug__s42,supcon,stacked_randaug,42,contrastive,47,6.421379363065149e-05,5.5713509635757295e-05,3.6148943133308538,3.91305378040892,3.6148943133308538,3.91305378040892,,,2298,1702,36,27,0,,,,,,
supcon__stacked_randaug__s42,supcon,stacked_randaug,42,contrastive,48,5.5713509635757295e-05,4.774575140626318e-05,3.6490431257286104,3.8799108237413344,3.6490431257286104,3.8799108237413344,,,2298,1702,36,27,0,,,,,,
supcon__stacked_randaug__s42,supcon,stacked_randaug,42,contrastive,49,4.774575140626318e-05,4.0332358013644026e-05,3.6342266174479088,3.865340178217367,3.6342266174479088,3.865340178217367,,,2298,1702,36,27,0,,,,,,
supcon__stacked_randaug__s42,supcon,stacked_randaug,42,contrastive,50,4.0332358013644026e-05,3.349364905389033e-05,3.6412853130161293,3.887505490687423,3.6412853130161293,3.887505490687423,,,2298,1702,36,27,0,,,,,,
supcon__stacked_randaug__s42,supcon,stacked_randaug,42,contrastive,51,3.349364905389033e-05,2.724836895290806e-05,3.6465684056178294,3.863024050704741,3.6465684056178294,3.863024050704741,,,2298,1702,36,27,0,,,,,,
supcon__stacked_randaug__s42,supcon,stacked_randaug,42,contrastive,52,2.724836895290806e-05,2.161363558934976e-05,3.6146248102810614,3.883734772264187,3.6146248102810614,3.883734772264187,,,2298,1702,36,27,0,,,,,,
supcon__stacked_randaug__s42,supcon,stacked_randaug,42,contrastive,53,2.161363558934976e-05,1.6604893375699568e-05,3.6458948085990754,3.8588856628162462,3.6458948085990754,3.8588856628162462,,,2298,1702,36,27,0,,,,,,
supcon__stacked_randaug__s42,supcon,stacked_randaug,42,contrastive,54,1.6604893375699568e-05,1.2235870926211619e-05,3.6203649141562306,3.8597716380230267,3.6203649141562306,3.8597716380230267,,,2298,1702,36,27,0,,,,,,
supcon__stacked_randaug__s42,supcon,stacked_randaug,42,contrastive,55,1.2235870926211619e-05,8.518543427732923e-06,3.6282879084063366,3.8527310597770503,3.6282879084063366,3.8527310597770503,,,2298,1702,36,27,0,,,,,,
supcon__stacked_randaug__s42,supcon,stacked_randaug,42,contrastive,56,8.518543427732923e-06,5.463099816548579e-06,3.6218024638551958,3.8572454152740407,3.6218024638551958,3.8572454152740407,,,2298,1702,36,27,0,,,,,,
supcon__stacked_randaug__s42,supcon,stacked_randaug,42,contrastive,57,5.463099816548579e-06,3.077914851215586e-06,3.6485106581911197,3.85710365819875,3.6485106581911197,3.85710365819875,,,2298,1702,36,27,0,,,,,,
supcon__stacked_randaug__s42,supcon,stacked_randaug,42,contrastive,58,3.077914851215586e-06,1.3695261579316502e-06,3.6221748998208705,3.857520010720689,3.6221748998208705,3.857520010720689,,,2298,1702,36,27,0,,,,,,
supcon__stacked_randaug__s42,supcon,stacked_randaug,42,contrastive,59,1.3695261579316502e-06,3.4261631135654184e-07,3.635918864174653,3.857952375389574,3.635918864174653,3.857952375389574,,,2298,1702,36,27,0,,,,,,
supcon__stacked_randaug__s42,supcon,stacked_randaug,42,contrastive,60,3.4261631135654184e-07,0.0,3.617788437037389,3.856918692448725,3.617788437037389,3.856918692448725,,,2298,1702,36,27,0,,,,,,
supcon__stacked_randaug__s42,supcon,stacked_randaug,42,supcon_probe,1,0.001,0.000998458666866564,0.09795983467186796,0.2505527091044378,0.09795983467186796,0.2505527091044378,,,1149,851,36,27,0,0.9301,0.9743,0.8818,0.9784,0.9275,0.904
supcon__stacked_randaug__s42,supcon,stacked_randaug,42,supcon_probe,2,0.000998458666866564,0.0009938441702975688,0.003432972908056058,0.267227548428377,0.003432972908056058,0.267227548428377,,,1149,851,36,27,0,0.9276,0.9743,0.8768,0.9784,0.9271,0.9013
supcon__stacked_randaug__s42,supcon,stacked_randaug,42,supcon_probe,3,0.0009938441702975688,0.0009861849601988382,0.0030169881963948027,0.26308892874493567,0.0030169881963948027,0.26308892874493567,,,1149,851,36,27,0,0.9325,0.9744,0.8867,0.9784,0.9278,0.9068
supcon__stacked_randaug__s42,supcon,stacked_randaug,42,supcon_probe,4,0.0009861849601988382,0.0009755282581475767,0.0028442068974391826,0.26425053684196553,0.0028442068974391826,0.26425053684196553,,,1149,851,36,27,0,0.9325,0.9744,0.8867,0.9784,0.9278,0.9068
supcon__stacked_randaug__s42,supcon,stacked_randaug,42,supcon_probe,5,0.0009755282581475767,0.0009619397662556432,0.0018353039533067072,0.27952175261832224,0.0018353039533067072,0.27952175261832224,,,1149,851,36,27,0,0.9301,0.9744,0.8818,0.9784,0.9275,0.904
supcon__stacked_randaug__s42,supcon,stacked_randaug,42,supcon_probe,6,0.0009619397662556432,0.0009455032620941838,0.002361249198094289,0.2800817836675919,0.002361249198094289,0.2800817836675919,,,1149,851,36,27,0,0.9301,0.9744,0.8818,0.9784,0.9275,0.904
supcon__stacked_randaug__s42,supcon,stacked_randaug,42,supcon_probe,7,0.0009455032620941838,0.000926320082177046,0.0021916317562763097,0.2807649308247798,0.0021916317562763097,0.2807649308247798,,,1149,851,36,27,0,0.9301,0.9745,0.8818,0.9784,0.9275,0.904
supcon__stacked_randaug__s42,supcon,stacked_randaug,42,supcon_probe,8,0.000926320082177046,0.0009045084971874736,0.001597434806621942,0.2930679532879935,0.001597434806621942,0.2930679532879935,,,1149,851,36,27,0,0.9301,0.9745,0.8818,0.9784,0.9275,0.904
supcon__stacked_randaug__s42,supcon,stacked_randaug,42,supcon_probe,9,0.0009045084971874736,0.0008802029828000154,0.00153275239354367,0.28933553079138213,0.00153275239354367,0.28933553079138213,,,1149,851,36,27,0,0.9301,0.9745,0.8818,0.9784,0.9275,0.904
supcon__stacked_randaug__s42,supcon,stacked_randaug,42,supcon_probe,10,0.0008802029828000154,0.0008535533905932736,0.0014999360710474998,0.29646139446668923,0.0014999360710474998,0.29646139446668923,,,1149,851,36,27,0,0.9301,0.9745,0.8818,0.9784,0.9275,0.904
supcon__stacked_randaug__s42,supcon,stacked_randaug,42,supcon_probe,11,0.0008535533905932736,0.0008247240241650918,0.001134218346315878,0.2959990211037294,0.001134218346315878,0.2959990211037294,,,1149,851,36,27,0,0.9301,0.9746,0.8818,0.9784,0.9275,0.904
supcon__stacked_randaug__s42,supcon,stacked_randaug,42,supcon_probe,12,0.0008247240241650918,0.0007938926261462365,0.0011306174178984212,0.3010823521047302,0.0011306174178984212,0.3010823521047302,,,1149,851,36,27,0,0.9301,0.9746,0.8818,0.9784,0.9275,0.904
supcon__stacked_randaug__s42,supcon,stacked_randaug,42,supcon_probe,13,0.0007938926261462365,0.0007612492823579742,0.0010310578623365166,0.30418399780656563,0.0010310578623365166,0.30418399780656563,,,1149,851,36,27,0,0.9301,0.9746,0.8818,0.9784,0.9275,0.904
supcon__stacked_randaug__s42,supcon,stacked_randaug,42,supcon_probe,14,0.0007612492823579742,0.0007269952498697732,0.0006106374209547292,0.3161785781632268,0.0006106374209547292,0.3161785781632268,,,1149,851,36,27,0,0.9301,0.9746,0.8818,0.9784,0.9275,0.904
supcon__stacked_randaug__s42,supcon,stacked_randaug,42,supcon_probe,15,0.0007269952498697732,0.0006913417161825447,0.000784557162292287,0.32709856995471803,0.000784557162292287,0.32709856995471803,,,1149,851,36,27,0,0.9276,0.9746,0.8768,0.9784,0.9271,0.9013
supcon__stacked_randaug__s42,supcon,stacked_randaug,42,supcon_probe,16,0.0006913417161825447,0.0006545084971874736,0.0011478143264920964,0.32409945340338514,0.0011478143264920964,0.32409945340338514,,,1149,851,36,27,0,0.9301,0.9747,0.8818,0.9784,0.9275,0.904
supcon__stacked_randaug__s42,supcon,stacked_randaug,42,supcon_probe,17,0.0006545084971874736,0.0006167226819279527,0.0009510538441908572,0.3214121353312772,0.0009510538441908572,0.3214121353312772,,,1149,851,36,27,0,0.9301,0.9747,0.8818,0.9784,0.9275,0.904
supcon__stacked_randaug__s42,supcon,stacked_randaug,42,supcon_probe,18,0.0006167226819279527,0.0005782172325201154,0.00070391187017217,0.32381717954459666,0.00070391187017217,0.32381717954459666,,,1149,851,36,27,0,0.9301,0.9747,0.8818,0.9784,0.9275,0.904
supcon__stacked_randaug__s43,supcon,stacked_randaug,43,contrastive,1,0.0005,0.0004996573836886434,4.134621148321087,3.9968940864298514,4.134621148321087,3.9968940864298514,,,2298,1702,36,27,0,,,,,,
supcon__stacked_randaug__s43,supcon,stacked_randaug,43,contrastive,2,0.0004996573836886434,0.0004986304738420682,3.987426147344737,3.979480064853798,3.987426147344737,3.979480064853798,,,2298,1702,36,27,0,,,,,,
supcon__stacked_randaug__s43,supcon,stacked_randaug,43,contrastive,3,0.0004986304738420682,0.0004969220851487844,3.9705639159399286,3.957825255309933,3.9705639159399286,3.957825255309933,,,2298,1702,36,27,0,,,,,,
supcon__stacked_randaug__s43,supcon,stacked_randaug,43,contrastive,4,0.0004969220851487844,0.0004945369001834514,3.9195641155757523,3.9386829268077848,3.9195641155757523,3.9386829268077848,,,2298,1702,36,27,0,,,,,,
supcon__stacked_randaug__s43,supcon,stacked_randaug,43,contrastive,5,0.0004945369001834514,0.0004914814565722671,3.904104093969958,3.960571990590258,3.904104093969958,3.960571990590258,,,2298,1702,36,27,0,,,,,,
supcon__stacked_randaug__s43,supcon,stacked_randaug,43,contrastive,6,0.0004914814565722671,0.00048776412907378846,3.9165982706221008,4.040697861222067,3.9165982706221008,4.040697861222067,,,2298,1702,36,27,0,,,,,,
supcon__stacked_randaug__s43,supcon,stacked_randaug,43,contrastive,7,0.00048776412907378846,0.00048339510662430044,3.9230645767391197,3.981833212524127,3.9230645767391197,3.981833212524127,,,2298,1702,36,27,0,,,,,,
supcon__stacked_randaug__s43,supcon,stacked_randaug,43,contrastive,8,0.00048339510662430044,0.0004783863644106502,3.8855188791392883,3.9838998981704443,3.8855188791392883,3.9838998981704443,,,2298,1702,36,27,0,,,,,,
supcon__stacked_randaug__s43,supcon,stacked_randaug,43,contrastive,9,0.0004783863644106502,0.00047275163104709196,3.8797761578472727,3.9477189719046604,3.8797761578472727,3.9477189719046604,,,2298,1702,36,27,0,,,,,,
supcon__stacked_randaug__s43,supcon,stacked_randaug,43,contrastive,10,0.00047275163104709196,0.00046650635094610973,3.85343880794482,3.908598482398673,3.85343880794482,3.908598482398673,,,2298,1702,36,27,0,,,,,,
supcon__stacked_randaug__s43,supcon,stacked_randaug,43,contrastive,11,0.00046650635094610973,0.00045966764198635603,3.8634320342924617,3.9237103201667796,3.8634320342924617,3.9237103201667796,,,2298,1702,36,27,0,,,,,,
supcon__stacked_randaug__s43,supcon,stacked_randaug,43,contrastive,12,0.00045966764198635603,0.0004522542485937369,3.8812078755248414,3.935420692737458,3.8812078755248414,3.935420692737458,,,2298,1702,36,27,0,,,,,,
supcon__stacked_randaug__s43,supcon,stacked_randaug,43,contrastive,13,0.0004522542485937369,0.00044428649036424276,3.8247283542540096,3.911822033824988,3.8247283542540096,3.911822033824988,,,2298,1702,36,27,0,,,,,,
supcon__stacked_randaug__s43,supcon,stacked_randaug,43,contrastive,14,0.00044428649036424276,0.0004357862063693486,3.8632707533574915,3.9458156887148577,3.8632707533574915,3.9458156887148577,,,2298,1702,36,27,0,,,,,,
supcon__stacked_randaug__s43,supcon,stacked_randaug,43,contrastive,15,0.0004357862063693486,0.00042677669529663696,3.835749445633851,3.9155601844384162,3.835749445633851,3.9155601844384162,,,2298,1702,36,27,0,,,,,,
supcon__stacked_randaug__s43,supcon,stacked_randaug,43,contrastive,16,0.00042677669529663696,0.0004172826515897146,3.8136405206120876,3.9035061691678647,3.8136405206120876,3.9035061691678647,,,2298,1702,36,27,0,,,,,,
supcon__stacked_randaug__s43,supcon,stacked_randaug,43,contrastive,17,0.0004172826515897146,0.0004073300977624594,3.8171913445359005,3.8879712090228895,3.8171913445359005,3.8879712090228895,,,2298,1702,36,27,0,,,,,,
supcon__stacked_randaug__s43,supcon,stacked_randaug,43,contrastive,18,0.0004073300977624594,0.0003969463130731183,3.8060036413144607,3.8873751931128857,3.8060036413144607,3.8873751931128857,,,2298,1702,36,27,0,,,,,,
supcon__stacked_randaug__s43,supcon,stacked_randaug,43,contrastive,19,0.0003969463130731183,0.0003861597587537568,3.8103820802441257,3.8634089067595827,3.8103820802441257,3.8634089067595827,,,2298,1702,36,27,0,,,,,,
supcon__stacked_randaug__s43,supcon,stacked_randaug,43,contrastive,20,0.0003861597587537568,0.000375,3.7801286906548643,3.9085310811021494,3.7801286906548643,3.9085310811021494,,,2298,1702,36,27,0,,,,,,
supcon__stacked_randaug__s43,supcon,stacked_randaug,43,contrastive,21,0.000375,0.00036349762493488667,3.7858215058960014,3.879743538227821,3.7858215058960014,3.879743538227821,,,2298,1702,36,27,0,,,,,,
supcon__stacked_randaug__s43,supcon,stacked_randaug,43,contrastive,22,0.00036349762493488667,0.0003516841607689501,3.7634091400083403,3.863009467668455,3.7634091400083403,3.863009467668455,,,2298,1702,36,27,0,,,,,,
supcon__stacked_randaug__s43,supcon,stacked_randaug,43,contrastive,23,0.0003516841607689501,0.00033959198738632514,3.7426620102426713,3.9166488398116006,3.7426620102426713,3.9166488398116006,,,2298,1702,36,27,0,,,,,,
supcon__stacked_randaug__s43,supcon,stacked_randaug,43,contrastive,24,0.00033959198738632514,0.00032725424859373687,3.773867014909019,3.9149325022826322,3.773867014909019,3.9149325022826322,,,2298,1702,36,27,0,,,,,,
supcon__stacked_randaug__s43,supcon,stacked_randaug,43,contrastive,25,0.00032725424859373687,0.00031470476127563017,3.7830072364358927,3.8969941130816306,3.7830072364358927,3.8969941130816306,,,2298,1702,36,27,0,,,,,,
supcon__stacked_randaug__s43,supcon,stacked_randaug,43,contrastive,26,0.00031470476127563017,0.00030197792270443975,3.75497436855439,3.8659150608838235,3.75497436855439,3.8659150608838235,,,2298,1702,36,27,0,,,,,,
supcon__stacked_randaug__s43,supcon,stacked_randaug,43,contrastive,27,0.00030197792270443975,0.0002891086162600577,3.7659657706998555,3.870002566437323,3.7659657706998555,3.870002566437323,,,2298,1702,36,27,0,,,,,,
supcon__stacked_randaug__s43,supcon,stacked_randaug,43,contrastive,28,0.0002891086162600577,0.00027613211581691336,3.7445668765417484,3.8673320037918,3.7445668765417484,3.8673320037918,,,2298,1702,36,27,0,,,,,,
supcon__stacked_randaug__s43,supcon,stacked_randaug,43,contrastive,29,0.00027613211581691336,0.00026308398906073593,3.7439007126216373,3.9061818674784567,3.7439007126216373,3.9061818674784567,,,2298,1702,36,27,0,,,,,,
supcon__stacked_randaug__s43,supcon,stacked_randaug,43,contrastive,30,0.00026308398906073593,0.00025000000000000006,3.74369047163257,3.8618262130701444,3.74369047163257,3.8618262130701444,,,2298,1702,36,27,0,,,,,,
supcon__stacked_randaug__s43,supcon,stacked_randaug,43,contrastive,31,0.00025000000000000006,0.00023691601093926408,3.728498287259028,3.8351095644483557,3.728498287259028,3.8351095644483557,,,2298,1702,36,27,0,,,,,,
supcon__stacked_randaug__s43,supcon,stacked_randaug,43,contrastive,32,0.00023691601093926408,0.00022386788418308668,3.7197448781928983,3.8353724689797426,3.7197448781928983,3.8353724689797426,,,2298,1702,36,27,0,,,,,,
supcon__stacked_randaug__s43,supcon,stacked_randaug,43,contrastive,33,0.00022386788418308668,0.0002108913837399423,3.710860502004001,3.8645740056850375,3.710860502004001,3.8645740056850375,,,2298,1702,36,27,0,,,,,,
supcon__stacked_randaug__s43,supcon,stacked_randaug,43,contrastive,34,0.0002108913837399423,0.00019802207729556018,3.713087472425947,3.8580980522231965,3.713087472425947,3.8580980522231965,,,2298,1702,36,27,0,,,,,,
supcon__stacked_randaug__s43,supcon,stacked_randaug,43,contrastive,35,0.00019802207729556018,0.00018529523872436987,3.7103309869973735,3.879256538722826,3.7103309869973735,3.879256538722826,,,2298,1702,36,27,0,,,,,,
supcon__stacked_randaug__s43,supcon,stacked_randaug,43,contrastive,36,0.00018529523872436987,0.0001727457514062632,3.6828121466674006,3.8937624573847662,3.6828121466674006,3.8937624573847662,,,2298,1702,36,27,0,,,,,,
supcon__stacked_randaug__s43,supcon,stacked_randaug,43,contrastive,37,0.0001727457514062632,0.00016040801261367496,3.6642567847893486,3.8698887186240927,3.6642567847893486,3.8698887186240927,,,2298,1702,36,27,0,,,,,,
supcon__stacked_randaug__s43,supcon,stacked_randaug,43,contrastive,38,0.00016040801261367496,0.00014831583923105,3.666063548171904,3.8386721137547744,3.666063548171904,3.8386721137547744,,,2298,1702,36,27,0,,,,,,
supcon__stacked_randaug__s43,supcon,stacked_randaug,43,contrastive,39,0.00014831583923105,0.00013650237506511334,3.6665954444593094,3.854480954090661,3.6665954444593094,3.854480954090661,,,2298,1702,36,27,0,,,,,,
supcon__stacked_randaug__s43,supcon,stacked_randaug,43,contrastive,40,0.00013650237506511334,0.00012500000000000008,3.666038727324563,3.832743681135525,3.666038727324563,3.832743681135525,,,2298,1702,36,27,0,,,,,,
supcon__stacked_randaug__s43,supcon,stacked_randaug,43,contrastive,41,0.00012500000000000008,0.00011384024124624333,3.659243652569511,3.8814625485103083,3.659243652569511,3.8814625485103083,,,2298,1702,36,27,0,,,,,,
supcon__stacked_randaug__s43,supcon,stacked_randaug,43,contrastive,42,0.00011384024124624333,0.00010305368692688177,3.656754049038866,3.8556172043680443,3.656754049038866,3.8556172043680443,,,2298,1702,36,27,0,,,,,,
supcon__stacked_randaug__s43,supcon,stacked_randaug,43,contrastive,43,0.00010305368692688177,9.26699022375407e-05,3.6746820612924838,3.837144211512475,3.6746820612924838,3.837144211512475,,,2298,1702,36,27,0,,,,,,
supcon__stacked_randaug__s43,supcon,stacked_randaug,43,contrastive,44,9.26699022375407e-05,8.271734841028555e-05,3.6341966999624997,3.8391079779377275,3.6341966999624997,3.8391079779377275,,,2298,1702,36,27,0,,,,,,
supcon__stacked_randaug__s43,supcon,stacked_randaug,43,contrastive,45,8.271734841028555e-05,7.322330470336315e-05,3.6457155541402555,3.8395569559830194,3.6457155541402555,3.8395569559830194,,,2298,1702,36,27,0,,,,,,
supcon__stacked_randaug__s43,supcon,stacked_randaug,43,contrastive,46,7.322330470336315e-05,6.421379363065149e-05,3.6550801725777675,3.843692639739757,3.6550801725777675,3.843692639739757,,,2298,1702,36,27,0,,,,,,
supcon__stacked_randaug__s43,supcon,stacked_randaug,43,contrastive,47,6.421379363065149e-05,5.5713509635757295e-05,3.6197153108860745,3.840732347250825,3.6197153108860745,3.840732347250825,,,2298,1702,36,27,0,,,,,,
supcon__stacked_randaug__s43,supcon,stacked_randaug,43,contrastive,48,5.5713509635757295e-05,4.774575140626318e-05,3.6332534770533975,3.8404000491849404,3.6332534770533975,3.8404000491849404,,,2298,1702,36,27,0,,,,,,
supcon__stacked_randaug__s43,supcon,stacked_randaug,43,contrastive,49,4.774575140626318e-05,4.0332358013644026e-05,3.650234720621864,3.8322789030265585,3.650234720621864,3.8322789030265585,,,2298,1702,36,27,0,,,,,,
supcon__stacked_randaug__s43,supcon,stacked_randaug,43,contrastive,50,4.0332358013644026e-05,3.349364905389033e-05,3.6152596075292043,3.815160842956023,3.6152596075292043,3.815160842956023,,,2298,1702,36,27,0,,,,,,
supcon__stacked_randaug__s43,supcon,stacked_randaug,43,contrastive,51,3.349364905389033e-05,2.724836895290806e-05,3.6392565427187527,3.827231815642952,3.6392565427187527,3.827231815642952,,,2298,1702,36,27,0,,,,,,
supcon__stacked_randaug__s43,supcon,stacked_randaug,43,contrastive,52,2.724836895290806e-05,2.161363558934976e-05,3.6368121223101104,3.8302660509506206,3.6368121223101104,3.8302660509506206,,,2298,1702,36,27,0,,,,,,
supcon__stacked_randaug__s43,supcon,stacked_randaug,43,contrastive,53,2.161363558934976e-05,1.6604893375699568e-05,3.6450965477135826,3.826797758790497,3.6450965477135826,3.826797758790497,,,2298,1702,36,27,0,,,,,,
supcon__stacked_randaug__s43,supcon,stacked_randaug,43,contrastive,54,1.6604893375699568e-05,1.2235870926211619e-05,3.6063497701450675,3.8252053896772877,3.6063497701450675,3.8252053896772877,,,2298,1702,36,27,0,,,,,,
supcon__stacked_randaug__s43,supcon,stacked_randaug,43,contrastive,55,1.2235870926211619e-05,8.518543427732923e-06,3.62903856318136,3.827922573100806,3.62903856318136,3.827922573100806,,,2298,1702,36,27,0,,,,,,
supcon__stacked_randaug__s43,supcon,stacked_randaug,43,contrastive,56,8.518543427732923e-06,5.463099816548579e-06,3.641719802345163,3.8381898957890153,3.641719802345163,3.8381898957890153,,,2298,1702,36,27,0,,,,,,
supcon__stacked_randaug__s43,supcon,stacked_randaug,43,contrastive,57,5.463099816548579e-06,3.077914851215586e-06,3.62368277407813,3.8348976417097727,3.62368277407813,3.8348976417097727,,,2298,1702,36,27,0,,,,,,
supcon__stacked_randaug__s43,supcon,stacked_randaug,43,contrastive,58,3.077914851215586e-06,1.3695261579316502e-06,3.6140279137019595,3.8319117552245126,3.6140279137019595,3.8319117552245126,,,2298,1702,36,27,0,,,,,,
supcon__stacked_randaug__s43,supcon,stacked_randaug,43,contrastive,59,1.3695261579316502e-06,3.4261631135654184e-07,3.6363191917940676,3.848872897207527,3.6363191917940676,3.848872897207527,,,2298,1702,36,27,0,,,,,,
supcon__stacked_randaug__s43,supcon,stacked_randaug,43,contrastive,60,3.4261631135654184e-07,0.0,3.64494918780912,3.8304237778682686,3.64494918780912,3.8304237778682686,,,2298,1702,36,27,0,,,,,,
supcon__stacked_randaug__s43,supcon,stacked_randaug,43,supcon_probe,1,0.001,0.000998458666866564,0.04833294466447372,0.2212755419031028,0.04833294466447372,0.2212755419031028,,,1149,851,36,27,0,0.9415,0.9778,0.9015,0.9815,0.9385,0.9196
supcon__stacked_randaug__s43,supcon,stacked_randaug,43,supcon_probe,2,0.000998458666866564,0.0009938441702975688,0.002560628276827425,0.23416367179609016,0.002560628276827425,0.23416367179609016,,,1149,851,36,27,0,0.9415,0.9778,0.9015,0.9815,0.9385,0.9196
supcon__stacked_randaug__s43,supcon,stacked_randaug,43,supcon_probe,3,0.0009938441702975688,0.0009861849601988382,0.0020236631569208333,0.2409550150394484,0.0020236631569208333,0.2409550150394484,,,1149,851,36,27,0,0.9415,0.9778,0.9015,0.9815,0.9385,0.9196
supcon__stacked_randaug__s43,supcon,stacked_randaug,43,supcon_probe,4,0.0009861849601988382,0.0009755282581475767,0.0020153361804819965,0.24928401079775955,0.0020153361804819965,0.24928401079775955,,,1149,851,36,27,0,0.9415,0.9778,0.9015,0.9815,0.9385,0.9196
supcon__stacked_randaug__s43,supcon,stacked_randaug,43,supcon_probe,5,0.0009755282581475767,0.0009619397662556432,0.0013431573317599598,0.25331394607247093,0.0013431573317599598,0.25331394607247093,,,1149,851,36,27,0,0.9415,0.9779,0.9015,0.9815,0.9385,0.9196
supcon__stacked_randaug__s43,supcon,stacked_randaug,43,supcon_probe,6,0.0009619397662556432,0.0009455032620941838,0.0015803569736856015,0.2623096660275396,0.0015803569736856015,0.2623096660275396,,,1149,851,36,27,0,0.9415,0.978,0.9015,0.9815,0.9385,0.9196
supcon__stacked_randaug__s43,supcon,stacked_randaug,43,supcon_probe,7,0.0009455032620941838,0.000926320082177046,0.0013798765273159747,0.2672610569190908,0.0013798765273159747,0.2672610569190908,,,1149,851,36,27,0,0.9415,0.978,0.9015,0.9815,0.9385,0.9196
supcon__stacked_randaug__s43,supcon,stacked_randaug,43,supcon_probe,8,0.000926320082177046,0.0009045084971874736,0.0013931832164724668,0.26903466423682737,0.0013931832164724668,0.26903466423682737,,,1149,851,36,27,0,0.9415,0.9781,0.9015,0.9815,0.9385,0.9196
supcon__stacked_randaug__s43,supcon,stacked_randaug,43,supcon_probe,9,0.0009045084971874736,0.0008802029828000154,0.0012312485320117217,0.27812175854896154,0.0012312485320117217,0.27812175854896154,,,1149,851,36,27,0,0.9415,0.9781,0.9015,0.9815,0.9385,0.9196
supcon__stacked_randaug__s43,supcon,stacked_randaug,43,supcon_probe,10,0.0008802029828000154,0.0008535533905932736,0.0010469762371260536,0.2856070625901795,0.0010469762371260536,0.2856070625901795,,,1149,851,36,27,0,0.9415,0.9782,0.9015,0.9815,0.9385,0.9196
supcon__stacked_randaug__s43,supcon,stacked_randaug,43,supcon_probe,11,0.0008535533905932736,0.0008247240241650918,0.0009035997245986039,0.28407579648083053,0.0009035997245986039,0.28407579648083053,,,1149,851,36,27,0,0.9415,0.9783,0.9015,0.9815,0.9385,0.9196
supcon__stacked_randaug__s43,supcon,stacked_randaug,43,supcon_probe,12,0.0008247240241650918,0.0007938926261462365,0.0006906347079717615,0.29969495644229094,0.0006906347079717615,0.29969495644229094,,,1149,851,36,27,0,0.9415,0.9783,0.9015,0.9815,0.9385,0.9196
supcon__stacked_randaug__s43,supcon,stacked_randaug,43,supcon_probe,13,0.0007938926261462365,0.0007612492823579742,0.000767918876042837,0.29426196222318585,0.000767918876042837,0.29426196222318585,,,1149,851,36,27,0,0.9415,0.9782,0.9015,0.9815,0.9385,0.9196
supcon__stacked_randaug__s43,supcon,stacked_randaug,43,supcon_probe,14,0.0007612492823579742,0.0007269952498697732,0.00042605034399178864,0.2992677486710553,0.00042605034399178864,0.2992677486710553,,,1149,851,36,27,0,0.9415,0.9782,0.9015,0.9815,0.9385,0.9196
supcon__stacked_randaug__s43,supcon,stacked_randaug,43,supcon_probe,15,0.0007269952498697732,0.0006913417161825447,0.0004924837642017257,0.30963442784884987,0.0004924837642017257,0.30963442784884987,,,1149,851,36,27,0,0.9415,0.9782,0.9015,0.9815,0.9385,0.9196
supcon__stacked_randaug__s43,supcon,stacked_randaug,43,supcon_probe,16,0.0006913417161825447,0.0006545084971874736,0.0005718338634082169,0.3123582487227687,0.0005718338634082169,0.3123582487227687,,,1149,851,36,27,0,0.9415,0.9782,0.9015,0.9815,0.9385,0.9196
supcon__stacked_randaug__s43,supcon,stacked_randaug,43,supcon_probe,17,0.0006545084971874736,0.0006167226819279527,0.000470740573804753,0.31827267305662527,0.000470740573804753,0.31827267305662527,,,1149,851,36,27,0,0.9415,0.9782,0.9015,0.9815,0.9385,0.9196
supcon__stacked_randaug__s43,supcon,stacked_randaug,43,supcon_probe,18,0.0006167226819279527,0.0005782172325201154,0.00046452189048499387,0.3152412036870156,0.00046452189048499387,0.3152412036870156,,,1149,851,36,27,0,0.9415,0.9782,0.9015,0.9815,0.9385,0.9196
supcon__stacked_randaug__s43,supcon,stacked_randaug,43,supcon_probe,19,0.0005782172325201154,0.0005392295478639224,0.0004999027506300649,0.31685123201213183,0.0004999027506300649,0.31685123201213183,,,1149,851,36,27,0,0.9415,0.9782,0.9015,0.9815,0.9385,0.9196
supcon__stacked_randaug__s43,supcon,stacked_randaug,43,supcon_probe,20,0.0005392295478639224,0.0004999999999999999,0.0005806534749722303,0.31784483348426273,0.0005806534749722303,0.31784483348426273,,,1149,851,36,27,0,0.9415,0.9782,0.9015,0.9815,0.9385,0.9196
supcon__stacked_randaug__s43,supcon,stacked_randaug,43,supcon_probe,21,0.0004999999999999999,0.0004607704521360775,0.00047160705505082585,0.3165101268252409,0.00047160705505082585,0.3165101268252409,,,1149,851,36,27,0,0.9415,0.9782,0.9015,0.9815,0.9385,0.9196
supcon__stacked_randaug__s43,supcon,stacked_randaug,43,supcon_probe,22,0.0004607704521360775,0.0004217827674798846,0.0006107078445069136,0.31994761084149953,0.0006107078445069136,0.31994761084149953,,,1149,851,36,27,0,0.9415,0.9782,0.9015,0.9815,0.9385,0.9196
supcon__stacked_randaug__s43,supcon,stacked_randaug,43,supcon_probe,23,0.0004217827674798846,0.0003832773180720472,0.00041928659544462015,0.32094664853640076,0.00041928659544462015,0.32094664853640076,,,1149,851,36,27,0,0.9415,0.9782,0.9015,0.9815,0.9385,0.9196
supcon__stacked_randaug__s43,supcon,stacked_randaug,43,supcon_probe,24,0.0003832773180720472,0.0003454915028125262,0.0004952874540046026,0.323115702082284,0.0004952874540046026,0.323115702082284,,,1149,851,36,27,0,0.9415,0.9782,0.9015,0.9815,0.9385,0.9196
supcon__stacked_randaug__s43,supcon,stacked_randaug,43,supcon_probe,25,0.0003454915028125262,0.00030865828381745506,0.00047526293597640636,0.3240351103929319,0.00047526293597640636,0.3240351103929319,,,1149,851,36,27,0,0.9415,0.9782,0.9015,0.9815,0.9385,0.9196
supcon__stacked_randaug__s43,supcon,stacked_randaug,43,supcon_probe,26,0.00030865828381745506,0.0002730047501302265,0.0005485314585297334,0.32769036258457196,0.0005485314585297334,0.32769036258457196,,,1149,851,36,27,0,0.9415,0.9782,0.9015,0.9815,0.9385,0.9196
supcon__stacked_randaug__s44,supcon,stacked_randaug,44,contrastive,1,0.0005,0.0004996573836886434,4.124078397443753,4.0279161879654914,4.124078397443753,4.0279161879654914,,,2298,1702,36,27,0,,,,,,
supcon__stacked_randaug__s44,supcon,stacked_randaug,44,contrastive,2,0.0004996573836886434,0.0004986304738420682,4.011849637442407,3.9845724414014088,4.011849637442407,3.9845724414014088,,,2298,1702,36,27,0,,,,,,
supcon__stacked_randaug__s44,supcon,stacked_randaug,44,contrastive,3,0.0004986304738420682,0.0004969220851487844,3.9429714986819406,4.026360295213908,3.9429714986819406,4.026360295213908,,,2298,1702,36,27,0,,,,,,
supcon__stacked_randaug__s44,supcon,stacked_randaug,44,contrastive,4,0.0004969220851487844,0.0004945369001834514,3.9644404032419205,3.9953069017300455,3.9644404032419205,3.9953069017300455,,,2298,1702,36,27,0,,,,,,
supcon__stacked_randaug__s44,supcon,stacked_randaug,44,contrastive,5,0.0004945369001834514,0.0004914814565722671,3.9226442748717996,3.9399091939668396,3.9226442748717996,3.9399091939668396,,,2298,1702,36,27,0,,,,,,
supcon__stacked_randaug__s44,supcon,stacked_randaug,44,contrastive,6,0.0004914814565722671,0.00048776412907378846,3.9135046853927866,4.021926764735884,3.9135046853927866,4.021926764735884,,,2298,1702,36,27,0,,,,,,
supcon__stacked_randaug__s44,supcon,stacked_randaug,44,contrastive,7,0.00048776412907378846,0.00048339510662430044,3.9061823015735917,3.963884749227629,3.9061823015735917,3.963884749227629,,,2298,1702,36,27,0,,,,,,
supcon__stacked_randaug__s44,supcon,stacked_randaug,44,contrastive,8,0.00048339510662430044,0.0004783863644106502,3.9162170559141924,3.9548903663065964,3.9162170559141924,3.9548903663065964,,,2298,1702,36,27,0,,,,,,
supcon__stacked_randaug__s44,supcon,stacked_randaug,44,contrastive,9,0.0004783863644106502,0.00047275163104709196,3.888915650215846,3.9381724426525038,3.888915650215846,3.9381724426525038,,,2298,1702,36,27,0,,,,,,
supcon__stacked_randaug__s44,supcon,stacked_randaug,44,contrastive,10,0.00047275163104709196,0.00046650635094610973,3.8722827685615933,3.9476573262735766,3.8722827685615933,3.9476573262735766,,,2298,1702,36,27,0,,,,,,
supcon__stacked_randaug__s44,supcon,stacked_randaug,44,contrastive,11,0.00046650635094610973,0.00045966764198635603,3.8715100134840417,3.9543315106357166,3.8715100134840417,3.9543315106357166,,,2298,1702,36,27,0,,,,,,
supcon__stacked_randaug__s44,supcon,stacked_randaug,44,contrastive,12,0.00045966764198635603,0.0004522542485937369,3.877721242431561,3.903207173778924,3.877721242431561,3.903207173778924,,,2298,1702,36,27,0,,,,,,
supcon__stacked_randaug__s44,supcon,stacked_randaug,44,contrastive,13,0.0004522542485937369,0.00044428649036424276,3.836431818074823,3.911197611083715,3.836431818074823,3.911197611083715,,,2298,1702,36,27,0,,,,,,
supcon__stacked_randaug__s44,supcon,stacked_randaug,44,contrastive,14,0.00044428649036424276,0.0004357862063693486,3.8274990941671003,3.927106213485592,3.8274990941671003,3.927106213485592,,,2298,1702,36,27,0,,,,,,
supcon__stacked_randaug__s44,supcon,stacked_randaug,44,contrastive,15,0.0004357862063693486,0.00042677669529663696,3.825343428745386,3.935240265905647,3.825343428745386,3.935240265905647,,,2298,1702,36,27,0,,,,,,
supcon__stacked_randaug__s44,supcon,stacked_randaug,44,contrastive,16,0.00042677669529663696,0.0004172826515897146,3.8428020971147157,3.930460463959798,3.8428020971147157,3.930460463959798,,,2298,1702,36,27,0,,,,,,
supcon__stacked_randaug__s44,supcon,stacked_randaug,44,contrastive,17,0.0004172826515897146,0.0004073300977624594,3.7881827169755318,3.8851486605566903,3.7881827169755318,3.8851486605566903,,,2298,1702,36,27,0,,,,,,
supcon__stacked_randaug__s44,supcon,stacked_randaug,44,contrastive,18,0.0004073300977624594,0.0003969463130731183,3.83529090072094,3.928705019059949,3.83529090072094,3.928705019059949,,,2298,1702,36,27,0,,,,,,
supcon__stacked_randaug__s44,supcon,stacked_randaug,44,contrastive,19,0.0003969463130731183,0.0003861597587537568,3.8207179682476817,3.9119238237096337,3.8207179682476817,3.9119238237096337,,,2298,1702,36,27,0,,,,,,
supcon__stacked_randaug__s44,supcon,stacked_randaug,44,contrastive,20,0.0003861597587537568,0.000375,3.797300942780351,3.9010586436010555,3.797300942780351,3.9010586436010555,,,2298,1702,36,27,0,,,,,,
supcon__stacked_randaug__s44,supcon,stacked_randaug,44,contrastive,21,0.000375,0.00036349762493488667,3.7757007552811745,3.9091136763715015,3.7757007552811745,3.9091136763715015,,,2298,1702,36,27,0,,,,,,
supcon__stacked_randaug__s44,supcon,stacked_randaug,44,contrastive,22,0.00036349762493488667,0.0003516841607689501,3.7892548124929215,3.883326737496884,3.7892548124929215,3.883326737496884,,,2298,1702,36,27,0,,,,,,
supcon__stacked_randaug__s44,supcon,stacked_randaug,44,contrastive,23,0.0003516841607689501,0.00033959198738632514,3.7709291599645525,3.9199249691184344,3.7709291599645525,3.9199249691184344,,,2298,1702,36,27,0,,,,,,
supcon__stacked_randaug__s44,supcon,stacked_randaug,44,contrastive,24,0.00033959198738632514,0.00032725424859373687,3.752246706251272,3.8801856458397226,3.752246706251272,3.8801856458397226,,,2298,1702,36,27,0,,,,,,
supcon__stacked_randaug__s44,supcon,stacked_randaug,44,contrastive,25,0.00032725424859373687,0.00031470476127563017,3.778125507505797,3.9252182260663475,3.778125507505797,3.9252182260663475,,,2298,1702,36,27,0,,,,,,
supcon__stacked_randaug__s44,supcon,stacked_randaug,44,contrastive,26,0.00031470476127563017,0.00030197792270443975,3.7211631317570273,3.9303566616654537,3.7211631317570273,3.9303566616654537,,,2298,1702,36,27,0,,,,,,
supcon__stacked_randaug__s44,supcon,stacked_randaug,44,contrastive,27,0.00030197792270443975,0.0002891086162600577,3.76433194731504,3.9661156461605875,3.76433194731504,3.9661156461605875,,,2298,1702,36,27,0,,,,,,
supcon__stacked_randaug__s44,supcon,stacked_randaug,44,contrastive,28,0.0002891086162600577,0.00027613211581691336,3.730858322015734,3.89194218812622,3.730858322015734,3.89194218812622,,,2298,1702,36,27,0,,,,,,
supcon__stacked_randaug__s44,supcon,stacked_randaug,44,contrastive,29,0.00027613211581691336,0.00026308398906073593,3.72873317085213,3.8973981179866053,3.72873317085213,3.8973981179866053,,,2298,1702,36,27,0,,,,,,
supcon__stacked_randaug__s44,supcon,stacked_randaug,44,contrastive,30,0.00026308398906073593,0.00025000000000000006,3.755256288667883,3.914760040200275,3.755256288667883,3.914760040200275,,,2298,1702,36,27,0,,,,,,
supcon__stacked_randaug__s44,supcon,stacked_randaug,44,contrastive,31,0.00025000000000000006,0.00023691601093926408,3.705608374974954,3.899351510261957,3.705608374974954,3.899351510261957,,,2298,1702,36,27,0,,,,,,
supcon__stacked_randaug__s44,supcon,stacked_randaug,44,contrastive,32,0.00023691601093926408,0.00022386788418308668,3.7184624501785266,3.869288051170412,3.7184624501785266,3.869288051170412,,,2298,1702,36,27,0,,,,,,
supcon__stacked_randaug__s44,supcon,stacked_randaug,44,contrastive,33,0.00022386788418308668,0.0002108913837399423,3.6881430404304525,3.9197122860178966,3.6881430404304525,3.9197122860178966,,,2298,1702,36,27,0,,,,,,
supcon__stacked_randaug__s44,supcon,stacked_randaug,44,contrastive,34,0.0002108913837399423,0.00019802207729556018,3.7237617060658827,3.9289686321231647,3.7237617060658827,3.9289686321231647,,,2298,1702,36,27,0,,,,,,
supcon__stacked_randaug__s44,supcon,stacked_randaug,44,contrastive,35,0.00019802207729556018,0.00018529523872436987,3.6953894216356535,3.881365964051279,3.6953894216356535,3.881365964051279,,,2298,1702,36,27,0,,,,,,
supcon__stacked_randaug__s44,supcon,stacked_randaug,44,contrastive,36,0.00018529523872436987,0.0001727457514062632,3.68296877439381,3.8680466330849885,3.68296877439381,3.8680466330849885,,,2298,1702,36,27,0,,,,,,
supcon__stacked_randaug__s44,supcon,stacked_randaug,44,contrastive,37,0.0001727457514062632,0.00016040801261367496,3.6762409189454983,3.889963914028486,3.6762409189454983,3.889963914028486,,,2298,1702,36,27,0,,,,,,
supcon__stacked_randaug__s44,supcon,stacked_randaug,44,contrastive,38,0.00016040801261367496,0.00014831583923105,3.6799851816773312,3.8739241298581404,3.6799851816773312,3.8739241298581404,,,2298,1702,36,27,0,,,,,,
supcon__stacked_randaug__s44,supcon,stacked_randaug,44,contrastive,39,0.00014831583923105,0.00013650237506511334,3.687547624163051,3.8519960503180353,3.687547624163051,3.8519960503180353,,,2298,1702,36,27,0,,,,,,
supcon__stacked_randaug__s44,supcon,stacked_randaug,44,contrastive,40,0.00013650237506511334,0.00012500000000000008,3.654155727051153,3.892858116102835,3.654155727051153,3.892858116102835,,,2298,1702,36,27,0,,,,,,
supcon__stacked_randaug__s44,supcon,stacked_randaug,44,contrastive,41,0.00012500000000000008,0.00011384024124624333,3.6691831249688582,3.9171851936434465,3.6691831249688582,3.9171851936434465,,,2298,1702,36,27,0,,,,,,
supcon__stacked_randaug__s44,supcon,stacked_randaug,44,contrastive,42,0.00011384024124624333,0.00010305368692688177,3.665137375822474,3.8743694730707117,3.665137375822474,3.8743694730707117,,,2298,1702,36,27,0,,,,,,
supcon__stacked_randaug__s44,supcon,stacked_randaug,44,contrastive,43,0.00010305368692688177,9.26699022375407e-05,3.6688624073672647,3.8769070956457656,3.6688624073672647,3.8769070956457656,,,2298,1702,36,27,0,,,,,,
supcon__stacked_randaug__s44,supcon,stacked_randaug,44,contrastive,44,9.26699022375407e-05,8.271734841028555e-05,3.669387995418618,3.862976856153244,3.669387995418618,3.862976856153244,,,2298,1702,36,27,0,,,,,,
supcon__stacked_randaug__s44,supcon,stacked_randaug,44,contrastive,45,8.271734841028555e-05,7.322330470336315e-05,3.657332208698163,3.8989913197437827,3.657332208698163,3.8989913197437827,,,2298,1702,36,27,0,,,,,,
supcon__stacked_randaug__s44,supcon,stacked_randaug,44,contrastive,46,7.322330470336315e-05,6.421379363065149e-05,3.648656918340605,3.860452997418324,3.648656918340605,3.860452997418324,,,2298,1702,36,27,0,,,,,,
supcon__stacked_randaug__s44,supcon,stacked_randaug,44,contrastive,47,6.421379363065149e-05,5.5713509635757295e-05,3.6495617089632595,3.878464877255235,3.6495617089632595,3.878464877255235,,,2298,1702,36,27,0,,,,,,
supcon__stacked_randaug__s44,supcon,stacked_randaug,44,contrastive,48,5.5713509635757295e-05,4.774575140626318e-05,3.6360173289728124,3.871311829597213,3.6360173289728124,3.871311829597213,,,2298,1702,36,27,0,,,,,,
supcon__stacked_randaug__s44,supcon,stacked_randaug,44,contrastive,49,4.774575140626318e-05,4.0332358013644026e-05,3.6493843521005283,3.86891485633357,3.6493843521005283,3.86891485633357,,,2298,1702,36,27,0,,,,,,
supcon__stacked_randaug__s44,supcon,stacked_randaug,44,contrastive,50,4.0332358013644026e-05,3.349364905389033e-05,3.6261099791713547,3.8653439822684446,3.6261099791713547,3.8653439822684446,,,2298,1702,36,27,0,,,,,,
supcon__stacked_randaug__s44,supcon,stacked_randaug,44,contrastive,51,3.349364905389033e-05,2.724836895290806e-05,3.6322418095445093,3.860126976120766,3.6322418095445093,3.860126976120766,,,2298,1702,36,27,0,,,,,,
supcon__stacked_randaug__s44,supcon,stacked_randaug,44,contrastive,52,2.724836895290806e-05,2.161363558934976e-05,3.6282218969625633,3.876378461981212,3.6282218969625633,3.876378461981212,,,2298,1702,36,27,0,,,,,,
supcon__stacked_randaug__s44,supcon,stacked_randaug,44,contrastive,53,2.161363558934976e-05,1.6604893375699568e-05,3.622762641666037,3.865135460146446,3.622762641666037,3.865135460146446,,,2298,1702,36,27,0,,,,,,
supcon__stacked_randaug__s44,supcon,stacked_randaug,44,contrastive,54,1.6604893375699568e-05,1.2235870926211619e-05,3.629022852870254,3.873536313602703,3.629022852870254,3.873536313602703,,,2298,1702,36,27,0,,,,,,
supcon__stacked_randaug__s44,supcon,stacked_randaug,44,contrastive,55,1.2235870926211619e-05,8.518543427732923e-06,3.6477067617876204,3.861984727525543,3.6477067617876204,3.861984727525543,,,2298,1702,36,27,0,,,,,,
supcon__stacked_randaug__s44,supcon,stacked_randaug,44,contrastive,56,8.518543427732923e-06,5.463099816548579e-06,3.6234777882578477,3.8678541626128973,3.6234777882578477,3.8678541626128973,,,2298,1702,36,27,0,,,,,,
supcon__stacked_randaug__s44,supcon,stacked_randaug,44,contrastive,57,5.463099816548579e-06,3.077914851215586e-06,3.617684785960756,3.8613255631909666,3.617684785960756,3.8613255631909666,,,2298,1702,36,27,0,,,,,,
supcon__stacked_randaug__s44,supcon,stacked_randaug,44,contrastive,58,3.077914851215586e-06,1.3695261579316502e-06,3.645263504629243,3.8635437253219123,3.645263504629243,3.8635437253219123,,,2298,1702,36,27,0,,,,,,
supcon__stacked_randaug__s44,supcon,stacked_randaug,44,contrastive,59,1.3695261579316502e-06,3.4261631135654184e-07,3.634554389458931,3.8941274266405475,3.634554389458931,3.8941274266405475,,,2298,1702,36,27,0,,,,,,
supcon__stacked_randaug__s44,supcon,stacked_randaug,44,contrastive,60,3.4261631135654184e-07,0.0,3.6223599929411168,3.8664968103415536,3.6223599929411168,3.8664968103415536,,,2298,1702,36,27,0,,,,,,
supcon__stacked_randaug__s44,supcon,stacked_randaug,44,supcon_probe,1,0.001,0.000998458666866564,0.04984832732851002,0.19894764170628632,0.04984832732851002,0.19894764170628632,,,1149,851,36,27,0,0.9492,0.9802,0.9261,0.9722,0.9126,0.9193
supcon__stacked_randaug__s44,supcon,stacked_randaug,44,supcon_probe,2,0.000998458666866564,0.0009938441702975688,0.0048395835319615535,0.21241979411546977,0.0048395835319615535,0.21241979411546977,,,1149,851,36,27,0,0.9499,0.9804,0.9261,0.9738,0.9171,0.9216
supcon__stacked_randaug__s44,supcon,stacked_randaug,44,supcon_probe,3,0.0009938441702975688,0.0009861849601988382,0.003799176709428679,0.21333489846984724,0.003799176709428679,0.21333489846984724,,,1149,851,36,27,0,0.9484,0.9807,0.9261,0.9707,0.9082,0.9171
supcon__stacked_randaug__s44,supcon,stacked_randaug,44,supcon_probe,4,0.0009861849601988382,0.0009755282581475767,0.0027278964530584532,0.22432428062578583,0.0027278964530584532,0.22432428062578583,,,1149,851,36,27,0,0.9507,0.9807,0.9261,0.9753,0.9216,0.9238
supcon__stacked_randaug__s44,supcon,stacked_randaug,44,supcon_probe,5,0.0009755282581475767,0.0009619397662556432,0.003108294117185373,0.23002059278940057,0.003108294117185373,0.23002059278940057,,,1149,851,36,27,0,0.9499,0.9807,0.9261,0.9738,0.9171,0.9216
supcon__stacked_randaug__s44,supcon,stacked_randaug,44,supcon_probe,6,0.0009619397662556432,0.0009455032620941838,0.002799065052220104,0.2355328731895544,0.002799065052220104,0.2355328731895544,,,1149,851,36,27,0,0.9482,0.9808,0.9212,0.9753,0.9212,0.9212
supcon__stacked_randaug__s44,supcon,stacked_randaug,44,supcon_probe,7,0.0009455032620941838,0.000926320082177046,0.0016329188975282925,0.23235539013791487,0.0016329188975282925,0.23235539013791487,,,1149,851,36,27,0,0.9501,0.9808,0.931,0.9691,0.9043,0.9175
supcon__stacked_randaug__s44,supcon,stacked_randaug,44,supcon_probe,8,0.000926320082177046,0.0009045084971874736,0.0020395683877396987,0.24414697528078033,0.0020395683877396987,0.24414697528078033,,,1149,851,36,27,0,0.9499,0.9807,0.9261,0.9738,0.9171,0.9216
supcon__stacked_randaug__s44,supcon,stacked_randaug,44,supcon_probe,9,0.0009045084971874736,0.0008802029828000154,0.002473293507082403,0.24768140863531538,0.002473293507082403,0.24768140863531538,,,1149,851,36,27,0,0.9492,0.9807,0.9261,0.9722,0.9126,0.9193
supcon__stacked_randaug__s44,supcon,stacked_randaug,44,supcon_probe,10,0.0008802029828000154,0.0008535533905932736,0.0013633929220480472,0.25054622142279304,0.0013633929220480472,0.25054622142279304,,,1149,851,36,27,0,0.9516,0.9808,0.931,0.9722,0.913,0.922
supcon__stacked_randaug__s44,supcon,stacked_randaug,44,supcon_probe,11,0.0008535533905932736,0.0008247240241650918,0.001739389798742812,0.25750928836808734,0.001739389798742812,0.25750928836808734,,,1149,851,36,27,0,0.9475,0.9809,0.9212,0.9738,0.9167,0.9189
supcon__stacked_randaug__s44,supcon,stacked_randaug,44,supcon_probe,12,0.0008247240241650918,0.0007938926261462365,0.001302076682677955,0.25782356064501877,0.001302076682677955,0.25782356064501877,,,1149,851,36,27,0,0.9499,0.9809,0.9261,0.9738,0.9171,0.9216
supcon__stacked_randaug__s44,supcon,stacked_randaug,44,supcon_probe,13,0.0007938926261462365,0.0007612492823579742,0.0008990495851582658,0.2637161543373189,0.0008990495851582658,0.2637161543373189,,,1149,851,36,27,0,0.9475,0.9809,0.9212,0.9738,0.9167,0.9189
supcon__stacked_randaug__s44,supcon,stacked_randaug,44,supcon_probe,14,0.0007612492823579742,0.0007269952498697732,0.0012201145461854036,0.26576843686831453,0.0012201145461854036,0.26576843686831453,,,1149,851,36,27,0,0.9499,0.9809,0.9261,0.9738,0.9171,0.9216
supcon__stacked_randaug__s44,supcon,stacked_randaug,44,supcon_probe,15,0.0007269952498697732,0.0006913417161825447,0.0010618361532175118,0.26559293866572736,0.0010618361532175118,0.26559293866572736,,,1149,851,36,27,0,0.9516,0.9809,0.931,0.9722,0.913,0.922
supcon__stacked_randaug__s44,supcon,stacked_randaug,44,supcon_probe,16,0.0006913417161825447,0.0006545084971874736,0.0008231817352224696,0.26887460053873163,0.0008231817352224696,0.26887460053873163,,,1149,851,36,27,0,0.9499,0.9809,0.9261,0.9738,0.9171,0.9216
supcon__stacked_randaug__s44,supcon,stacked_randaug,44,supcon_probe,17,0.0006545084971874736,0.0006167226819279527,0.00045770882697978996,0.2721125362359704,0.00045770882697978996,0.2721125362359704,,,1149,851,36,27,0,0.9499,0.9809,0.9261,0.9738,0.9171,0.9216
supcon__stacked_randaug__s44,supcon,stacked_randaug,44,supcon_probe,18,0.0006167226819279527,0.0005782172325201154,0.0010222366501778854,0.2743890947649388,0.0010222366501778854,0.2743890947649388,,,1149,851,36,27,0,0.9524,0.9809,0.931,0.9738,0.9175,0.9242
supcon__stacked_randaug__s44,supcon,stacked_randaug,44,supcon_probe,19,0.0005782172325201154,0.0005392295478639224,0.000738712352692916,0.2807696622394481,0.000738712352692916,0.2807696622394481,,,1149,851,36,27,0,0.9475,0.9808,0.9212,0.9738,0.9167,0.9189
supcon__stacked_randaug__s44,supcon,stacked_randaug,44,supcon_probe,20,0.0005392295478639224,0.0004999999999999999,0.000703299376365535,0.28283195706994546,0.000703299376365535,0.28283195706994546,,,1149,851,36,27,0,0.9475,0.9809,0.9212,0.9738,0.9167,0.9189
supcon__stacked_randaug__s44,supcon,stacked_randaug,44,supcon_probe,21,0.0004999999999999999,0.0004607704521360775,0.0010961312722542113,0.2829632679398928,0.0010961312722542113,0.2829632679398928,,,1149,851,36,27,0,0.9499,0.9809,0.9261,0.9738,0.9171,0.9216
supcon__stacked_randaug__s44,supcon,stacked_randaug,44,supcon_probe,22,0.0004607704521360775,0.0004217827674798846,0.0008048676828313344,0.28513346432076914,0.0008048676828313344,0.28513346432076914,,,1149,851,36,27,0,0.9499,0.9808,0.9261,0.9738,0.9171,0.9216
supcon__stacked_randaug__s44,supcon,stacked_randaug,44,supcon_probe,23,0.0004217827674798846,0.0003832773180720472,0.0008974295733858188,0.28967400894183243,0.0008974295733858188,0.28967400894183243,,,1149,851,36,27,0,0.9482,0.9808,0.9212,0.9753,0.9212,0.9212
supcon__stacked_randaug__s44,supcon,stacked_randaug,44,supcon_probe,24,0.0003832773180720472,0.0003454915028125262,0.000742925132185095,0.2884404231452593,0.000742925132185095,0.2884404231452593,,,1149,851,36,27,0,0.9499,0.9809,0.9261,0.9738,0.9171,0.9216
supcon__stacked_randaug__s44,supcon,stacked_randaug,44,supcon_probe,25,0.0003454915028125262,0.00030865828381745506,0.000767642447023442,0.2943113705676978,0.000767642447023442,0.2943113705676978,,,1149,851,36,27,0,0.949,0.9808,0.9212,0.9769,0.9257,0.9235
supcon__stacked_randaug__s44,supcon,stacked_randaug,44,supcon_probe,26,0.00030865828381745506,0.0002730047501302265,0.0006224207616817045,0.2938608307974621,0.0006224207616817045,0.2938608307974621,,,1149,851,36,27,0,0.9482,0.9808,0.9212,0.9753,0.9212,0.9212
supcon__stacked_randaug__s44,supcon,stacked_randaug,44,supcon_probe,27,0.0002730047501302265,0.0002387507176420255,0.0007926363930642905,0.2948373790339497,0.0007926363930642905,0.2948373790339497,,,1149,851,36,27,0,0.9482,0.9808,0.9212,0.9753,0.9212,0.9212
supcon__stacked_randaug__s44,supcon,stacked_randaug,44,supcon_probe,28,0.0002387507176420255,0.0002061073738537634,0.0005929322642974921,0.2945542724489331,0.0005929322642974921,0.2945542724489331,,,1149,851,36,27,0,0.9507,0.9808,0.9261,0.9753,0.9216,0.9238
supcon__stacked_randaug__s44,supcon,stacked_randaug,44,supcon_probe,29,0.0002061073738537634,0.00017527597583490815,0.0007474703872794934,0.2965695790795247,0.0007474703872794934,0.2965695790795247,,,1149,851,36,27,0,0.9482,0.9808,0.9212,0.9753,0.9212,0.9212
supcon__stacked_randaug__s44,supcon,stacked_randaug,44,supcon_probe,30,0.00017527597583490815,0.0001464466094067262,0.0006182789841025591,0.298999947459497,0.0006182789841025591,0.298999947459497,,,1149,851,36,27,0,0.9482,0.9808,0.9212,0.9753,0.9212,0.9212
supcon__stacked_randaug__s44,supcon,stacked_randaug,44,supcon_probe,31,0.0001464466094067262,0.00011979701719998447,0.0007213546378331846,0.2976289003527933,0.0007213546378331846,0.2976289003527933,,,1149,851,36,27,0,0.9482,0.9809,0.9212,0.9753,0.9212,0.9212
supcon__stacked_randaug__s44,supcon,stacked_randaug,44,supcon_probe,32,0.00011979701719998447,9.549150281252627e-05,0.0003694134289981955,0.29733817058972006,0.0003694134289981955,0.29733817058972006,,,1149,851,36,27,0,0.9507,0.9809,0.9261,0.9753,0.9216,0.9238
supcon__stacked_randaug__s44,supcon,stacked_randaug,44,supcon_probe,33,9.549150281252627e-05,7.367991782295387e-05,0.0005769861562575182,0.29667591832520096,0.0005769861562575182,0.29667591832520096,,,1149,851,36,27,0,0.9499,0.9808,0.9261,0.9738,0.9171,0.9216
ce__hier_addone__s42,ce,hier_addone,42,ce,1,0.0001,9.99314767377287e-05,0.4335696841543938,0.2639981217160097,0.4335696841543938,0.2639981217160097,,,1149,851,36,27,0,0.8897,0.9668,0.9507,0.8287,0.6349,0.7613
ce__hier_addone__s42,ce,hier_addone,42,ce,2,9.99314767377287e-05,9.972609476841367e-05,0.26420976285946607,0.2555244018052817,0.26420976285946607,0.2555244018052817,,,1149,851,36,27,0,0.8977,0.9677,0.8325,0.963,0.8756,0.8535
ce__hier_addone__s42,ce,hier_addone,42,ce,3,9.972609476841367e-05,9.93844170297569e-05,0.2350991218505867,0.5969426602738132,0.2350991218505867,0.5969426602738132,,,1149,851,36,27,0,0.8089,0.9594,0.6256,0.9923,0.9621,0.7582
ce__hier_addone__s42,ce,hier_addone,42,ce,4,9.93844170297569e-05,9.89073800366903e-05,0.21839803977836494,0.4331185886510494,0.21839803977836494,0.4331185886510494,,,1149,851,36,27,0,0.851,0.9664,0.7143,0.9877,0.9477,0.8146
ce__hier_addone__s42,ce,hier_addone,42,ce,5,9.89073800366903e-05,9.829629131445343e-05,0.2011826741817719,0.18371826564716776,0.2011826741817719,0.18371826564716776,,,1149,851,36,27,0,0.9325,0.9799,0.936,0.929,0.8051,0.8656
ce__hier_addone__s42,ce,hier_addone,42,ce,6,9.829629131445343e-05,9.75528258147577e-05,0.17604234893883836,0.3440446604471652,0.17604234893883836,0.3440446604471652,,,1149,851,36,27,0,0.8799,0.9714,0.7783,0.9815,0.9294,0.8472
ce__hier_addone__s42,ce,hier_addone,42,ce,7,9.75528258147577e-05,9.66790213248601e-05,0.2124148889572918,0.18514930107753366,0.2124148889572918,0.18514930107753366,,,1149,851,36,27,0,0.9427,0.9822,0.9163,0.9691,0.9029,0.9095
ce__hier_addone__s42,ce,hier_addone,42,ce,8,9.66790213248601e-05,9.567727288213006e-05,0.20188574163340076,0.20729633717652873,0.20188574163340076,0.20729633717652873,,,1149,851,36,27,0,0.9314,0.9764,0.9507,0.912,0.772,0.8521
ce__hier_addone__s42,ce,hier_addone,42,ce,9,9.567727288213006e-05,9.455032620941841e-05,0.16255356187706438,0.19273994979832507,0.16255356187706438,0.19273994979832507,,,1149,851,36,27,0,0.9364,0.9801,0.9113,0.9614,0.881,0.8959
ce__hier_addone__s42,ce,hier_addone,42,ce,10,9.455032620941841e-05,9.330127018922197e-05,0.12551295700340367,0.16935363017881358,0.12551295700340367,0.16935363017881358,,,1149,851,36,27,0,0.9499,0.984,0.9261,0.9738,0.9171,0.9216
ce__hier_addone__s42,ce,hier_addone,42,ce,11,9.330127018922197e-05,9.193352839727123e-05,0.14893213366036245,0.18404387538251696,0.14893213366036245,0.18404387538251696,,,1149,851,36,27,0,0.9433,0.9835,0.9113,0.9753,0.9204,0.9158
ce__hier_addone__s42,ce,hier_addone,42,ce,12,9.193352839727123e-05,9.04508497187474e-05,0.11027766460807398,0.2355454300780876,0.11027766460807398,0.2355454300780876,,,1149,851,36,27,0,0.9268,0.9819,0.8768,0.9769,0.9223,0.899
ce__hier_addone__s42,ce,hier_addone,42,ce,13,9.04508497187474e-05,8.885729807284857e-05,0.10813063716226602,0.1566416689677869,0.10813063716226602,0.1566416689677869,,,1149,851,36,27,0,0.9516,0.9859,0.931,0.9722,0.913,0.922
ce__hier_addone__s42,ce,hier_addone,42,ce,14,8.885729807284857e-05,8.715724127386973e-05,0.1430493053231402,0.19085286628293102,0.1430493053231402,0.19085286628293102,,,1149,851,36,27,0,0.9407,0.9812,0.9261,0.9552,0.8664,0.8952
ce__hier_addone__s42,ce,hier_addone,42,ce,15,8.715724127386973e-05,8.53553390593274e-05,0.11523154369046355,0.14005765155702243,0.11523154369046355,0.14005765155702243,,,1149,851,36,27,0,0.9576,0.9871,0.9507,0.9645,0.8935,0.9212
ce__hier_addone__s42,ce,hier_addone,42,ce,16,8.53553390593274e-05,8.345653031794293e-05,0.13561722686894634,0.19382398176684312,0.13561722686894634,0.19382398176684312,,,1149,851,36,27,0,0.9175,0.9869,0.8473,0.9877,0.9556,0.8982
ce__hier_addone__s42,ce,hier_addone,42,ce,17,8.345653031794293e-05,8.146601955249189e-05,0.13436785081420866,0.1769523275627805,0.13436785081420866,0.1769523275627805,,,1149,851,36,27,0,0.948,0.9865,0.9655,0.9306,0.8133,0.8829
ce__hier_addone__s42,ce,hier_addone,42,ce,18,8.146601955249189e-05,7.938926261462367e-05,0.11067939637725535,0.17550452050231835,0.11067939637725535,0.17550452050231835,,,1149,851,36,27,0,0.9409,0.9859,0.9064,0.9753,0.92,0.9132
ce__hier_addone__s42,ce,hier_addone,42,ce,19,7.938926261462367e-05,7.723195175075138e-05,0.09987475330392308,0.3252411588549885,0.09987475330392308,0.3252411588549885,,,1149,851,36,27,0,0.8953,0.982,0.803,0.9877,0.9532,0.8717
ce__hier_addone__s42,ce,hier_addone,42,ce,20,7.723195175075138e-05,7.500000000000002e-05,0.11731707719889146,0.18468803240691814,0.11731707719889146,0.18468803240691814,,,1149,851,36,27,0,0.9416,0.9848,0.9064,0.9769,0.9246,0.9154
ce__hier_addone__s42,ce,hier_addone,42,ce,21,7.500000000000002e-05,7.269952498697736e-05,0.10523268432318957,0.12676998448101645,0.10523268432318957,0.12676998448101645,,,1149,851,36,27,0,0.9567,0.9913,0.9458,0.9676,0.9014,0.9231
ce__hier_addone__s42,ce,hier_addone,42,ce,22,7.269952498697736e-05,7.033683215379003e-05,0.08183229987300766,0.2085196094237983,0.08183229987300766,0.2085196094237983,,,1149,851,36,27,0,0.9258,0.9884,0.867,0.9846,0.9462,0.9049
ce__hier_addone__s42,ce,hier_addone,42,ce,23,7.033683215379003e-05,6.791839747726505e-05,0.0938072629858193,0.24763709597990904,0.0938072629858193,0.24763709597990904,,,1149,851,36,27,0,0.9118,0.9894,0.8374,0.9861,0.9497,0.8901
ce__hier_addone__s42,ce,hier_addone,42,ce,24,6.791839747726505e-05,6.54508497187474e-05,0.11428034158742592,0.162789438051671,0.11428034158742592,0.162789438051671,,,1149,851,36,27,0,0.9469,0.9894,0.9261,0.9676,0.8995,0.9126
ce__hier_addone__s42,ce,hier_addone,42,ce,25,6.54508497187474e-05,6.294095225512606e-05,0.06266241558739633,0.26630349412033627,0.06266241558739633,0.26630349412033627,,,1149,851,36,27,0,0.9159,0.9866,0.8473,0.9846,0.9451,0.8935
ce__hier_addone__s42,ce,hier_addone,42,ce,26,6.294095225512606e-05,6.0395584540887984e-05,0.09894542324029346,0.3782092843045199,0.09894542324029346,0.3782092843045199,,,1149,851,36,27,0,0.8896,0.9802,0.7931,0.9861,0.9471,0.8633
ce__hier_addone__s42,ce,hier_addone,42,ce,27,6.0395584540887984e-05,5.782172325201157e-05,0.08966232693258475,0.26428741091815167,0.08966232693258475,0.26428741091815167,,,1149,851,36,27,0,0.9275,0.9875,0.8719,0.983,0.9415,0.9054
ce__hier_addone__s42,ce,hier_addone,42,ce,28,5.782172325201157e-05,5.52264231633827e-05,0.08019214419809843,0.21039130511370768,0.08019214419809843,0.21039130511370768,,,1149,851,36,27,0,0.9347,0.9891,0.8818,0.9877,0.9572,0.9179
ce__hier_addone__s42,ce,hier_addone,42,ce,29,5.52264231633827e-05,5.261679781214721e-05,0.062176796416839375,0.19546095743730993,0.062176796416839375,0.19546095743730993,,,1149,851,36,27,0,0.9241,0.9911,0.8621,0.9861,0.9511,0.9044
ce__hier_addone__s42,ce,hier_addone,42,ce,30,5.261679781214721e-05,5.0000000000000036e-05,0.051512991507966344,0.18152931754233897,0.051512991507966344,0.18152931754233897,,,1149,851,36,27,0,0.9504,0.989,0.9163,0.9846,0.949,0.9323
ce__hier_addone__s43,ce,hier_addone,43,ce,1,0.0001,9.99314767377287e-05,0.4033336710267835,0.2747357544892741,0.4033336710267835,0.2747357544892741,,,1149,851,36,27,0,0.8771,0.9557,0.8128,0.9414,0.8128,0.8128
ce__hier_addone__s43,ce,hier_addone,43,ce,2,9.99314767377287e-05,9.972609476841367e-05,0.2390162263003777,0.40291927719847276,0.2390162263003777,0.40291927719847276,,,1149,851,36,27,0,0.8283,0.9372,0.7044,0.9522,0.8218,0.7586
ce__hier_addone__s43,ce,hier_addone,43,ce,3,9.972609476841367e-05,9.93844170297569e-05,0.26995582084385583,0.24586631878076834,0.26995582084385583,0.24586631878076834,,,1149,851,36,27,0,0.8979,0.9789,0.8128,0.983,0.9375,0.8707
ce__hier_addone__s43,ce,hier_addone,43,ce,4,9.93844170297569e-05,9.89073800366903e-05,0.2103209793081741,0.21925021429286676,0.2103209793081741,0.21925021429286676,,,1149,851,36,27,0,0.9255,0.9759,0.9606,0.8904,0.7331,0.8316
ce__hier_addone__s43,ce,hier_addone,43,ce,5,9.89073800366903e-05,9.829629131445343e-05,0.18415114623884854,0.15923122907498968,0.18415114623884854,0.15923122907498968,,,1149,851,36,27,0,0.9445,0.9864,0.9261,0.963,0.8868,0.906
ce__hier_addone__s43,ce,hier_addone,43,ce,6,9.829629131445343e-05,9.75528258147577e-05,0.15284466174427774,0.2382818353979241,0.15284466174427774,0.2382818353979241,,,1149,851,36,27,0,0.9159,0.9793,0.8473,0.9846,0.9451,0.8935
ce__hier_addone__s43,ce,hier_addone,43,ce,7,9.75528258147577e-05,9.66790213248601e-05,0.17493495863108008,0.23547099525581497,0.17493495863108008,0.23547099525581497,,,1149,851,36,27,0,0.9186,0.98,0.9606,0.8765,0.7091,0.8159
ce__hier_addone__s43,ce,hier_addone,43,ce,8,9.66790213248601e-05,9.567727288213006e-05,0.1487865022146181,0.2000546582715887,0.1487865022146181,0.2000546582715887,,,1149,851,36,27,0,0.9296,0.9814,0.8916,0.9676,0.896,0.8938
ce__hier_addone__s43,ce,hier_addone,43,ce,9,9.567727288213006e-05,9.455032620941841e-05,0.16634620774540168,0.17980770741597124,0.16634620774540168,0.17980770741597124,,,1149,851,36,27,0,0.9324,0.9822,0.9064,0.9583,0.872,0.8889
ce__hier_addone__s43,ce,hier_addone,43,ce,10,9.455032620941841e-05,9.330127018922197e-05,0.14079331479516022,0.19338118776104898,0.14079331479516022,0.19338118776104898,,,1149,851,36,27,0,0.9139,0.9821,0.8571,0.9707,0.9016,0.8788
ce__hier_addone__s43,ce,hier_addone,43,ce,11,9.330127018922197e-05,9.193352839727123e-05,0.16976575020199938,0.15568659745678265,0.16976575020199938,0.15568659745678265,,,1149,851,36,27,0,0.9479,0.984,0.936,0.9599,0.8796,0.9069
ce__hier_addone__s43,ce,hier_addone,43,ce,12,9.193352839727123e-05,9.04508497187474e-05,0.11945347101347958,0.18365152394018722,0.11945347101347958,0.18365152394018722,,,1149,851,36,27,0,0.9423,0.9845,0.9015,0.983,0.9433,0.9219
ce__hier_addone__s43,ce,hier_addone,43,ce,13,9.04508497187474e-05,8.885729807284857e-05,0.12627867247724367,0.46685250935870126,0.12627867247724367,0.46685250935870126,,,1149,851,36,27,0,0.8508,0.9763,0.7094,0.9923,0.9664,0.8182
ce__hier_addone__s43,ce,hier_addone,43,ce,14,8.885729807284857e-05,8.715724127386973e-05,0.10130172306217591,0.16944676815959153,0.10130172306217591,0.16944676815959153,,,1149,851,36,27,0,0.9349,0.9875,0.8867,0.983,0.9424,0.9137
ce__hier_addone__s43,ce,hier_addone,43,ce,15,8.715724127386973e-05,8.53553390593274e-05,0.12742185302657602,0.19032042362268653,0.12742185302657602,0.19032042362268653,,,1149,851,36,27,0,0.9438,0.9879,0.9015,0.9861,0.9531,0.9266
ce__hier_addone__s43,ce,hier_addone,43,ce,16,8.53553390593274e-05,8.345653031794293e-05,0.14500653512119724,0.317457600660322,0.14500653512119724,0.317457600660322,,,1149,851,36,27,0,0.8927,0.9876,0.7931,0.9923,0.9699,0.8726
ce__hier_addone__s43,ce,hier_addone,43,ce,17,8.345653031794293e-05,8.146601955249189e-05,0.09989455502646748,0.18502877070464607,0.09989455502646748,0.18502877070464607,,,1149,851,36,27,0,0.9355,0.9838,0.9064,0.9645,0.8889,0.8976
ce__hier_addone__s43,ce,hier_addone,43,ce,18,8.146601955249189e-05,7.938926261462367e-05,0.11947536247171986,0.17866932257628512,0.11947536247171986,0.17866932257628512,,,1149,851,36,27,0,0.9533,0.9825,0.936,0.9707,0.9091,0.9223
ce__hier_addone__s43,ce,hier_addone,43,ce,19,7.938926261462367e-05,7.723195175075138e-05,0.11094800802431189,0.2768341904866796,0.11094800802431189,0.2768341904866796,,,1149,851,36,27,0,0.9014,0.9782,0.8276,0.9753,0.913,0.8682
ce__hier_addone__s43,ce,hier_addone,43,ce,20,7.723195175075138e-05,7.500000000000002e-05,0.0959744051215256,0.31098815988690576,0.0959744051215256,0.31098815988690576,,,1149,851,36,27,0,0.9018,0.9849,0.8128,0.9907,0.9649,0.8824
ce__hier_addone__s43,ce,hier_addone,43,ce,21,7.500000000000002e-05,7.269952498697736e-05,0.087550398516463,0.16405598706820307,0.087550398516463,0.16405598706820307,,,1149,851,36,27,0,0.9484,0.9857,0.9261,0.9707,0.9082,0.9171
ce__hier_addone__s43,ce,hier_addone,43,ce,22,7.269952498697736e-05,7.033683215379003e-05,0.0802574831508564,0.18926056708833622,0.0802574831508564,0.18926056708833622,,,1149,851,36,27,0,0.9387,0.983,0.9113,0.966,0.8937,0.9024
ce__hier_addone__s43,ce,hier_addone,43,ce,23,7.033683215379003e-05,6.791839747726505e-05,0.0935388585285064,0.2522058851101126,0.0935388585285064,0.2522058851101126,,,1149,851,36,27,0,0.9127,0.9841,0.8424,0.983,0.9396,0.8883
ce__hier_addone__s43,ce,hier_addone,43,ce,24,6.791839747726505e-05,6.54508497187474e-05,0.07050845852531629,0.16046337849303463,0.07050845852531629,0.16046337849303463,,,1149,851,36,27,0,0.9398,0.9865,0.9212,0.9583,0.8738,0.8969
ce__hier_addone__s43,ce,hier_addone,43,ce,25,6.54508497187474e-05,6.294095225512606e-05,0.07460408418409395,0.1764046991486374,0.07460408418409395,0.1764046991486374,,,1149,851,36,27,0,0.9455,0.9858,0.931,0.9599,0.8791,0.9043
ce__hier_addone__s43,ce,hier_addone,43,ce,26,6.294095225512606e-05,6.0395584540887984e-05,0.07614546792946482,0.24983355983809474,0.07614546792946482,0.24983355983809474,,,1149,851,36,27,0,0.9327,0.9806,0.8916,0.9738,0.9141,0.9027
ce__hier_addone__s43,ce,hier_addone,43,ce,27,6.0395584540887984e-05,5.782172325201157e-05,0.0829163191681182,0.3207456038643714,0.0829163191681182,0.3207456038643714,,,1149,851,36,27,0,0.9099,0.9863,0.8276,0.9923,0.9711,0.8936
ce__hier_addone__s43,ce,hier_addone,43,ce,28,5.782172325201157e-05,5.52264231633827e-05,0.0685973423692958,0.23136533150251193,0.0685973423692958,0.23136533150251193,,,1149,851,36,27,0,0.9241,0.989,0.8621,0.9861,0.9511,0.9044
ce__hier_addone__s43,ce,hier_addone,43,ce,29,5.52264231633827e-05,5.261679781214721e-05,0.0904701260463843,0.2044716387177155,0.0904701260463843,0.2044716387177155,,,1149,851,36,27,0,0.9427,0.9836,0.9163,0.9691,0.9029,0.9095
ce__hier_addone__s43,ce,hier_addone,43,ce,30,5.261679781214721e-05,5.0000000000000036e-05,0.05662212421131683,0.34598507682094704,0.05662212421131683,0.34598507682094704,,,1149,851,36,27,0,0.901,0.9817,0.8128,0.9892,0.9593,0.88
ce__hier_addone__s43,ce,hier_addone,43,ce,31,5.0000000000000036e-05,4.738320218785284e-05,0.04735329971792654,0.22955537566572284,0.04735329971792654,0.22955537566572284,,,1149,851,36,27,0,0.9261,0.9839,0.8768,0.9753,0.9175,0.8967
ce__hier_addone__s43,ce,hier_addone,43,ce,32,4.738320218785284e-05,4.477357683661736e-05,0.05162309254635655,0.20920717138022685,0.05162309254635655,0.20920717138022685,,,1149,851,36,27,0,0.9318,0.9875,0.8867,0.9769,0.9231,0.9045
ce__hier_addone__s43,ce,hier_addone,43,ce,33,4.477357683661736e-05,4.217827674798848e-05,0.04144997371243422,0.29393480666242267,0.04144997371243422,0.29393480666242267,,,1149,851,36,27,0,0.9076,0.987,0.8276,0.9877,0.9545,0.8865
ce__hier_addone__s44,ce,hier_addone,44,ce,1,0.0001,9.99314767377287e-05,0.41606712576257593,0.2597400986627366,0.41606712576257593,0.2597400986627366,,,1149,851,36,27,0,0.9094,0.9643,0.8621,0.9568,0.8621,0.8621
ce__hier_addone__s44,ce,hier_addone,44,ce,2,9.99314767377287e-05,9.972609476841367e-05,0.2740477463931732,0.221320157909919,0.2740477463931732,0.221320157909919,,,1149,851,36,27,0,0.921,0.9701,0.8867,0.9552,0.8612,0.8738
ce__hier_addone__s44,ce,hier_addone,44,ce,3,9.972609476841367e-05,9.93844170297569e-05,0.25910616804690717,0.1880851633408793,0.25910616804690717,0.1880851633408793,,,1149,851,36,27,0,0.939,0.9781,0.9458,0.9321,0.8136,0.8747
ce__hier_addone__s44,ce,hier_addone,44,ce,4,9.93844170297569e-05,9.89073800366903e-05,0.24998782594447505,0.1816506371305092,0.24998782594447505,0.1816506371305092,,,1149,851,36,27,0,0.9284,0.9804,0.9015,0.9552,0.8632,0.8819
ce__hier_addone__s44,ce,hier_addone,44,ce,5,9.89073800366903e-05,9.829629131445343e-05,0.19453256873848881,0.3787688697078028,0.19453256873848881,0.3787688697078028,,,1149,851,36,27,0,0.8474,0.9839,0.6995,0.9954,0.9793,0.8161
ce__hier_addone__s44,ce,hier_addone,44,ce,6,9.829629131445343e-05,9.75528258147577e-05,0.2183513231960105,0.26498657008729903,0.2183513231960105,0.26498657008729903,,,1149,851,36,27,0,0.9105,0.9769,0.8473,0.9738,0.9101,0.8776
ce__hier_addone__s44,ce,hier_addone,44,ce,7,9.75528258147577e-05,9.66790213248601e-05,0.18222998235671478,0.17821048963287275,0.18222998235671478,0.17821048963287275,,,1149,851,36,27,0,0.9323,0.9814,0.931,0.9336,0.8147,0.869
ce__hier_addone__s44,ce,hier_addone,44,ce,8,9.66790213248601e-05,9.567727288213006e-05,0.1496625966544808,0.27937583700607455,0.1496625966544808,0.27937583700607455,,,1149,851,36,27,0,0.899,0.9767,0.8227,0.9753,0.9126,0.8653
ce__hier_addone__s44,ce,hier_addone,44,ce,9,9.567727288213006e-05,9.455032620941841e-05,0.1650306314968052,0.17188865037590376,0.1650306314968052,0.17188865037590376,,,1149,851,36,27,0,0.9372,0.985,0.9655,0.909,0.7686,0.8559
ce__hier_addone__s44,ce,hier_addone,44,ce,10,9.455032620941841e-05,9.330127018922197e-05,0.14226418231296692,0.20684776610155875,0.14226418231296692,0.20684776610155875,,,1149,851,36,27,0,0.9304,0.9823,0.9704,0.8904,0.7351,0.8365
ce__hier_addone__s44,ce,hier_addone,44,ce,11,9.330127018922197e-05,9.193352839727123e-05,0.1282538708442286,0.19984436455732865,0.1282538708442286,0.19984436455732865,,,1149,851,36,27,0,0.9359,0.9818,0.8966,0.9753,0.9192,0.9077
ce__hier_addone__s44,ce,hier_addone,44,ce,12,9.193352839727123e-05,9.04508497187474e-05,0.11084649021206147,0.18542677193078738,0.11084649021206147,0.18542677193078738,,,1149,851,36,27,0,0.9481,0.982,0.9409,0.9552,0.8682,0.9031
ce__hier_addone__s44,ce,hier_addone,44,ce,13,9.04508497187474e-05,8.885729807284857e-05,0.13235825086431025,0.2819845626775563,0.13235825086431025,0.2819845626775563,,,1149,851,36,27,0,0.897,0.9752,0.9606,0.8333,0.6436,0.7708
ce__hier_addone__s44,ce,hier_addone,44,ce,14,8.885729807284857e-05,8.715724127386973e-05,0.15024089680019084,0.2096386940534363,0.15024089680019084,0.2096386940534363,,,1149,851,36,27,0,0.9345,0.9817,0.9507,0.9182,0.7846,0.8597
ce__hier_addone__s44,ce,hier_addone,44,ce,15,8.715724127386973e-05,8.53553390593274e-05,0.12118883867590038,0.1693644235960029,0.12118883867590038,0.1693644235960029,,,1149,851,36,27,0,0.9461,0.9852,0.9261,0.966,0.8952,0.9104
ce__hier_addone__s44,ce,hier_addone,44,ce,16,8.53553390593274e-05,8.345653031794293e-05,0.12223621763019352,0.3026957238097622,0.12223621763019352,0.3026957238097622,,,1149,851,36,27,0,0.9002,0.9813,0.8128,0.9877,0.9538,0.8777
ce__hier_addone__s44,ce,hier_addone,44,ce,17,8.345653031794293e-05,8.146601955249189e-05,0.1263479089734174,0.21362841976877972,0.1263479089734174,0.21362841976877972,,,1149,851,36,27,0,0.9261,0.9818,0.8768,0.9753,0.9175,0.8967
ce__hier_addone__s44,ce,hier_addone,44,ce,18,8.146601955249189e-05,7.938926261462367e-05,0.09132196712163185,0.16740883595312533,0.09132196712163185,0.16740883595312533,,,1149,851,36,27,0,0.9428,0.985,0.9458,0.9398,0.8312,0.8848
ce__hier_addone__s44,ce,hier_addone,44,ce,19,7.938926261462367e-05,7.723195175075138e-05,0.13032145259614417,0.20435094906124152,0.13032145259614417,0.20435094906124152,,,1149,851,36,27,0,0.939,0.9845,0.8966,0.9815,0.9381,0.9169
ce__hier_addone__s44,ce,hier_addone,44,ce,20,7.723195175075138e-05,7.500000000000002e-05,0.0934924008988962,0.17390406190960928,0.0934924008988962,0.17390406190960928,,,1149,851,36,27,0,0.9453,0.9855,0.9261,0.9645,0.891,0.9082
ce__hier_addone__s44,ce,hier_addone,44,ce,21,7.500000000000002e-05,7.269952498697736e-05,0.09421224859236339,0.19213127515017644,0.09421224859236339,0.19213127515017644,,,1149,851,36,27,0,0.9322,0.9835,0.9015,0.963,0.8841,0.8927
ce__hier_addone__s44,ce,hier_addone,44,ce,22,7.269952498697736e-05,7.033683215379003e-05,0.10183453668663858,0.19112535398270836,0.10183453668663858,0.19112535398270836,,,1149,851,36,27,0,0.9488,0.9827,0.9655,0.9321,0.8167,0.8849
ce__hier_addone__s44,ce,hier_addone,44,ce,23,7.033683215379003e-05,6.791839747726505e-05,0.07381381644278781,0.18142145264114484,0.07381381644278781,0.18142145264114484,,,1149,851,36,27,0,0.9419,0.984,0.9409,0.9429,0.8377,0.8863
ce__hier_addone__s44,ce,hier_addone,44,ce,24,6.791839747726505e-05,6.54508497187474e-05,0.06475707388575774,0.25241930947021396,0.06475707388575774,0.25241930947021396,,,1149,851,36,27,0,0.9259,0.9856,0.8719,0.9799,0.9316,0.9008
ce__hier_addone__s44,ce,hier_addone,44,ce,25,6.54508497187474e-05,6.294095225512606e-05,0.09279490637554658,0.2891377980638114,0.09279490637554658,0.2891377980638114,,,1149,851,36,27,0,0.9112,0.9806,0.8424,0.9799,0.9293,0.8837
ce__hier_addone__s44,ce,hier_addone,44,ce,26,6.294095225512606e-05,6.0395584540887984e-05,0.09913305525336419,0.21403740028754092,0.09913305525336419,0.21403740028754092,,,1149,851,36,27,0,0.9342,0.9851,0.8916,0.9769,0.9235,0.9073
ce__hier_addone__s44,ce,hier_addone,44,ce,27,6.0395584540887984e-05,5.782172325201157e-05,0.07348266134107895,0.19737327258062504,0.07348266134107895,0.19737327258062504,,,1149,851,36,27,0,0.937,0.984,0.9064,0.9676,0.8976,0.902
ce__hier_addone__s44,ce,hier_addone,44,ce,28,5.782172325201157e-05,5.52264231633827e-05,0.05862923865231352,0.2436753571134815,0.05862923865231352,0.2436753571134815,,,1149,851,36,27,0,0.9255,0.9823,0.8818,0.9691,0.8995,0.8905
ce__hier_addone__s44,ce,hier_addone,44,ce,29,5.52264231633827e-05,5.261679781214721e-05,0.059145128708677414,0.2735572082128109,0.059145128708677414,0.2735572082128109,,,1149,851,36,27,0,0.9185,0.9834,0.8571,0.9799,0.9305,0.8923
ce__hier_addone__s44,ce,hier_addone,44,ce,30,5.261679781214721e-05,5.0000000000000036e-05,0.05699291457057298,0.22662393469091197,0.05699291457057298,0.22662393469091197,,,1149,851,36,27,0,0.9293,0.9832,0.8818,0.9769,0.9227,0.9018
ce__hier_addone__s44,ce,hier_addone,44,ce,31,5.0000000000000036e-05,4.738320218785284e-05,0.072750119012642,0.17653478127207317,0.072750119012642,0.17653478127207317,,,1149,851,36,27,0,0.9425,0.9874,0.9113,0.9738,0.9158,0.9136
ce__hier_addone__s44,ce,hier_addone,44,ce,32,4.738320218785284e-05,4.477357683661736e-05,0.05974129681840351,0.17617508972454815,0.05974129681840351,0.17617508972454815,,,1149,851,36,27,0,0.9421,0.987,0.9212,0.963,0.8863,0.9034
ce__hier_addone__s44,ce,hier_addone,44,ce,33,4.477357683661736e-05,4.217827674798848e-05,0.04897143157238399,0.2023835636314886,0.04897143157238399,0.2023835636314886,,,1149,851,36,27,0,0.9401,0.9856,0.9064,0.9738,0.9154,0.9109
ce__hier_addone__s44,ce,hier_addone,44,ce,34,4.217827674798848e-05,3.9604415459112055e-05,0.05538532685427543,0.17978391495585283,0.05538532685427543,0.17978391495585283,,,1149,851,36,27,0,0.9493,0.9866,0.931,0.9676,0.9,0.9153
ce__hier_addone__s44,ce,hier_addone,44,ce,35,3.9604415459112055e-05,3.705904774487399e-05,0.04956474251046626,0.20252460610275197,0.04956474251046626,0.20252460610275197,,,1149,851,36,27,0,0.931,0.9878,0.8867,0.9753,0.9184,0.9023
ce__hier_addone__s44,ce,hier_addone,44,ce,36,3.705904774487399e-05,3.4549150281252656e-05,0.058845478797627304,0.2056136316599873,0.058845478797627304,0.2056136316599873,,,1149,851,36,27,0,0.9302,0.9852,0.8867,0.9738,0.9137,0.9
ce__hier_addone__s44,ce,hier_addone,44,ce,37,3.4549150281252656e-05,3.2081602522735006e-05,0.05369219188021692,0.23752467215788495,0.05369219188021692,0.23752467215788495,,,1149,851,36,27,0,0.9185,0.9854,0.8571,0.9799,0.9305,0.8923
ce__hier_addone__s44,ce,hier_addone,44,ce,38,3.2081602522735006e-05,2.9663167846210008e-05,0.047235117978325976,0.1941084372503523,0.047235117978325976,0.1941084372503523,,,1149,851,36,27,0,0.9453,0.9842,0.9261,0.9645,0.891,0.9082
ce__hier_addone__s44,ce,hier_addone,44,ce,39,2.9663167846210008e-05,2.7300475013022676e-05,0.07042516980465172,0.23471369822403337,0.07042516980465172,0.23471369822403337,,,1149,851,36,27,0,0.9218,0.9845,0.8621,0.9815,0.9358,0.8974
ce__hier_addone__s44,ce,hier_addone,44,ce,40,2.7300475013022676e-05,2.5000000000000025e-05,0.05067380636114387,0.24696993397305836,0.05067380636114387,0.24696993397305836,,,1149,851,36,27,0,0.9193,0.9845,0.8571,0.9815,0.9355,0.8946
ce__hier_addone__s44,ce,hier_addone,44,ce,41,2.5000000000000025e-05,2.2768048249248675e-05,0.06026826068089097,0.20457686875254008,0.06026826068089097,0.20457686875254008,,,1149,851,36,27,0,0.9399,0.9855,0.9015,0.9784,0.9289,0.915
ce__hier_addone__s44,ce,hier_addone,44,ce,42,2.2768048249248675e-05,2.0610737385376362e-05,0.042713641893210176,0.1999117881138659,0.042713641893210176,0.1999117881138659,,,1149,851,36,27,0,0.9367,0.9858,0.8966,0.9769,0.9239,0.91
ce__hier_addone__s44,ce,hier_addone,44,ce,43,2.0610737385376362e-05,1.8533980447508148e-05,0.039223141347273005,0.23304214753748173,0.039223141347273005,0.23304214753748173,,,1149,851,36,27,0,0.9259,0.9843,0.8719,0.9799,0.9316,0.9008
ce__hier_addone__s44,ce,hier_addone,44,ce,44,1.8533980447508148e-05,1.6543469682057116e-05,0.042111114761724876,0.22982669697696453,0.042111114761724876,0.22982669697696453,,,1149,851,36,27,0,0.9225,0.9867,0.8621,0.983,0.9409,0.8997
ce__hier_addone__s44,ce,hier_addone,44,ce,45,1.6543469682057116e-05,1.4644660940672637e-05,0.04284246378757475,0.21521051915038056,0.04284246378757475,0.21521051915038056,,,1149,851,36,27,0,0.9349,0.9864,0.8867,0.983,0.9424,0.9137
ce__hier_addone__s44,ce,hier_addone,44,ce,46,1.4644660940672637e-05,1.2842758726130304e-05,0.05643360346088539,0.21208034065776657,0.05643360346088539,0.21208034065776657,,,1149,851,36,27,0,0.9358,0.9869,0.8916,0.9799,0.933,0.9118
ce__hier_addone__s44,ce,hier_addone,44,ce,47,1.2842758726130304e-05,1.1142701927151465e-05,0.028584349671340156,0.20271703952576298,0.028584349671340156,0.20271703952576298,,,1149,851,36,27,0,0.9333,0.9869,0.8867,0.9799,0.9326,0.9091
ce__hier_addone__s44,ce,hier_addone,44,ce,48,1.1142701927151465e-05,9.549150281252641e-06,0.04319714701295442,0.18482749614862728,0.04319714701295442,0.18482749614862728,,,1149,851,36,27,0,0.9342,0.9879,0.8916,0.9769,0.9235,0.9073
ce__hier_addone__s44,ce,hier_addone,44,ce,49,9.549150281252641e-06,8.06647160272881e-06,0.03283713928438152,0.20226324818031158,0.03283713928438152,0.20226324818031158,,,1149,851,36,27,0,0.9284,0.9879,0.8768,0.9799,0.9319,0.9036
